endpoint,sample,fold,attention_max,attention_entropy,n_events
HRD_Score,TCGA-A1-A0SJ,1,0.2514756917953491,2.801509380340576,42
HRD_Score,TCGA-A1-A0SO,1,0.0867852047085762,4.851746559143066,386
HRD_Score,TCGA-A1-A0SQ,1,0.13755278289318085,3.3085899353027344,40
HRD_Score,TCGA-A2-A04R,1,0.1309494525194168,3.88663911819458,109
HRD_Score,TCGA-A2-A04V,1,0.09781012684106827,3.312352180480957,44
HRD_Score,TCGA-A2-A0CP,1,0.13531002402305603,3.1434340476989746,52
HRD_Score,TCGA-A2-A0D3,1,0.1252562254667282,3.037698984146118,39
HRD_Score,TCGA-A2-A0T3,1,0.11487100273370743,3.253359317779541,48
HRD_Score,TCGA-A2-A0T5,1,0.311317503452301,2.054689884185791,17
HRD_Score,TCGA-A2-A0T7,1,0.16055287420749664,3.0000038146972656,33
HRD_Score,TCGA-A2-A0YC,1,0.4179809093475342,2.3216779232025146,35
HRD_Score,TCGA-A2-A0YG,1,0.128842294216156,3.5644161701202393,79
HRD_Score,TCGA-A2-A0YM,1,0.08796750009059906,3.9892520904541016,115
HRD_Score,TCGA-A2-A1FV,1,0.19009050726890564,3.2575526237487793,57
HRD_Score,TCGA-A2-A1FX,1,0.212131068110466,2.780410051345825,32
HRD_Score,TCGA-A2-A25D,1,0.1081734150648117,3.440277099609375,72
HRD_Score,TCGA-A2-A4S1,1,0.23440667986869812,3.121392011642456,106
HRD_Score,TCGA-A7-A0CH,1,0.22512945532798767,2.8767666816711426,80
HRD_Score,TCGA-A7-A13D,1,0.15327613055706024,3.958355188369751,158
HRD_Score,TCGA-A7-A13E,1,0.07595586031675339,3.9942355155944824,156
HRD_Score,TCGA-A8-A06Z,1,0.12333860993385315,3.7450428009033203,108
HRD_Score,TCGA-A8-A082,1,0.18671521544456482,2.792037010192871,28
HRD_Score,TCGA-A8-A08B,1,0.11204146593809128,3.4422683715820312,74
HRD_Score,TCGA-A8-A08O,1,0.2389036864042282,2.7533013820648193,33
HRD_Score,TCGA-A8-A090,1,0.1627272516489029,3.0424818992614746,50
HRD_Score,TCGA-A8-A096,1,0.1703788787126541,3.1229515075683594,40
HRD_Score,TCGA-A8-A097,1,0.17432788014411926,3.69921612739563,136
HRD_Score,TCGA-A8-A0A1,1,0.13870938122272491,3.2030816078186035,62
HRD_Score,TCGA-A8-A0A6,1,0.10325998067855835,3.3362085819244385,43
HRD_Score,TCGA-A8-A0A7,1,0.10394052416086197,4.735759735107422,304
HRD_Score,TCGA-A8-A0AD,1,0.27004918456077576,2.913994073867798,43
HRD_Score,TCGA-AC-A23E,1,0.23661164939403534,2.7200815677642822,28
HRD_Score,TCGA-AC-A6IW,1,0.16356909275054932,4.290063858032227,251
HRD_Score,TCGA-AN-A041,1,0.09095214307308197,3.391975164413452,43
HRD_Score,TCGA-AN-A0AT,1,0.09667431563138962,4.075630187988281,153
HRD_Score,TCGA-AN-A0FV,1,0.11405396461486816,3.7172815799713135,121
HRD_Score,TCGA-AN-A0FW,1,0.1735847294330597,3.783694267272949,160
HRD_Score,TCGA-AN-A0XR,1,0.12185729295015335,3.1145315170288086,42
HRD_Score,TCGA-AN-A0XT,1,0.3062500059604645,2.410109758377075,22
HRD_Score,TCGA-AN-A0XV,1,0.0873817503452301,3.3996505737304688,49
HRD_Score,TCGA-AO-A03L,1,0.3243635296821594,2.52542781829834,39
HRD_Score,TCGA-AO-A03O,1,0.09427617490291595,3.9249391555786133,103
HRD_Score,TCGA-AO-A0J7,1,0.32776781916618347,2.3127589225769043,28
HRD_Score,TCGA-AO-A0JG,1,0.17320768535137177,2.6893482208251953,22
HRD_Score,TCGA-AO-A12H,1,0.31514644622802734,2.5185837745666504,33
HRD_Score,TCGA-AQ-A1H3,1,0.0932808369398117,3.101872682571411,33
HRD_Score,TCGA-AR-A0TS,1,0.08342637866735458,3.7382564544677734,100
HRD_Score,TCGA-AR-A0TW,1,0.21652618050575256,3.4462502002716064,71
HRD_Score,TCGA-AR-A1AH,1,0.11872752755880356,3.992097854614258,131
HRD_Score,TCGA-AR-A1AJ,1,0.11119959503412247,3.3367905616760254,57
HRD_Score,TCGA-AR-A24X,1,0.11360126733779907,3.1922075748443604,38
HRD_Score,TCGA-AR-A24Z,1,0.09517922252416611,3.334901809692383,62
HRD_Score,TCGA-AR-A250,1,0.1044565886259079,4.07037353515625,165
HRD_Score,TCGA-AR-A2LK,1,0.16028597950935364,3.0368547439575195,53
HRD_Score,TCGA-B6-A0IC,1,0.20748409628868103,2.921152353286743,49
HRD_Score,TCGA-B6-A0IJ,1,0.17558588087558746,3.8474628925323486,177
HRD_Score,TCGA-B6-A0RG,1,0.20670807361602783,3.018101692199707,94
HRD_Score,TCGA-B6-A0RH,1,0.15009577572345734,3.1893210411071777,50
HRD_Score,TCGA-B6-A0WS,1,0.18984395265579224,2.5192227363586426,20
HRD_Score,TCGA-B6-A0WW,1,0.12508121132850647,3.3075616359710693,52
HRD_Score,TCGA-B6-A1KC,1,0.26098906993865967,2.7953555583953857,40
HRD_Score,TCGA-BH-A0BA,1,0.13000380992889404,3.799560546875,110
HRD_Score,TCGA-BH-A0DG,1,0.2498151808977127,2.9315249919891357,48
HRD_Score,TCGA-BH-A0DI,1,0.2449883073568344,3.402292013168335,64
HRD_Score,TCGA-BH-A0DK,1,0.040121570229530334,4.783637046813965,266
HRD_Score,TCGA-BH-A0DO,1,0.29667988419532776,2.553765296936035,35
HRD_Score,TCGA-BH-A0E0,1,0.08168154209852219,3.806922435760498,93
HRD_Score,TCGA-BH-A0E2,1,0.3509625494480133,2.6916871070861816,64
HRD_Score,TCGA-BH-A0E7,1,0.45395800471305847,1.933632493019104,52
HRD_Score,TCGA-BH-A0GY,1,0.11809548735618591,3.2601518630981445,48
HRD_Score,TCGA-BH-A0H7,1,0.0577838309109211,4.192541122436523,119
HRD_Score,TCGA-BH-A0HP,1,0.08861248940229416,4.737908363342285,364
HRD_Score,TCGA-BH-A0HW,1,0.21496330201625824,2.949370861053467,46
HRD_Score,TCGA-BH-A18G,1,0.041933391243219376,6.066702842712402,1922
HRD_Score,TCGA-BH-A18K,1,0.23986804485321045,3.224392890930176,77
HRD_Score,TCGA-BH-A18N,1,0.2541481554508209,2.9875099658966064,47
HRD_Score,TCGA-BH-A18P,1,0.06883858889341354,4.9702959060668945,446
HRD_Score,TCGA-BH-A18Q,1,0.1029941737651825,3.879725694656372,121
HRD_Score,TCGA-BH-A202,1,0.1396155208349228,2.9958395957946777,31
HRD_Score,TCGA-BH-A2L8,1,0.037044815719127655,5.320691108703613,637
HRD_Score,TCGA-C8-A12L,1,0.15382899343967438,3.7067654132843018,102
HRD_Score,TCGA-C8-A12M,1,0.13136157393455505,3.6633875370025635,89
HRD_Score,TCGA-C8-A12P,1,0.2554803490638733,3.87239933013916,210
HRD_Score,TCGA-C8-A133,1,0.17841854691505432,2.984557867050171,36
HRD_Score,TCGA-C8-A137,1,0.12914353609085083,3.4443044662475586,64
HRD_Score,TCGA-C8-A1HG,1,0.10027975589036942,3.585357666015625,75
HRD_Score,TCGA-C8-A26Z,1,0.11979901790618896,3.6422674655914307,62
HRD_Score,TCGA-D8-A145,1,0.13738319277763367,3.2216906547546387,54
HRD_Score,TCGA-D8-A1JD,1,0.11099952459335327,4.0658392906188965,137
HRD_Score,TCGA-D8-A1JI,1,0.143590047955513,3.015122652053833,44
HRD_Score,TCGA-D8-A1X8,1,0.23580990731716156,2.764486789703369,36
HRD_Score,TCGA-D8-A1XJ,1,0.11029550433158875,3.915797472000122,121
HRD_Score,TCGA-D8-A1Y2,1,0.22601740062236786,2.5097904205322266,24
HRD_Score,TCGA-D8-A27K,1,0.1698460876941681,2.9218497276306152,27
HRD_Score,TCGA-D8-A27M,1,0.08586497604846954,3.810905694961548,101
HRD_Score,TCGA-D8-A27P,1,0.21833916008472443,2.759730339050293,34
HRD_Score,TCGA-D8-A27R,1,0.20675992965698242,3.0011909008026123,44
HRD_Score,TCGA-D8-A27T,1,0.2327934056520462,2.661776542663574,34
HRD_Score,TCGA-D8-A3Z6,1,0.16807028651237488,2.7700815200805664,44
HRD_Score,TCGA-D8-A73X,1,0.14615856111049652,3.3653910160064697,58
HRD_Score,TCGA-E2-A10A,1,0.17591862380504608,3.1379637718200684,36
HRD_Score,TCGA-E2-A14R,1,0.1032399982213974,4.096517086029053,153
HRD_Score,TCGA-E2-A14T,1,0.13307799398899078,3.2539544105529785,50
HRD_Score,TCGA-E2-A14Y,1,0.05716955289244652,4.0952558517456055,114
HRD_Score,TCGA-E2-A153,1,0.08410724997520447,3.396606206893921,61
HRD_Score,TCGA-E2-A156,1,0.18719428777694702,2.6484322547912598,32
HRD_Score,TCGA-E2-A15D,1,0.3525083065032959,2.4296693801879883,40
HRD_Score,TCGA-E2-A15G,1,0.2548231780529022,2.9797470569610596,78
HRD_Score,TCGA-E2-A15J,1,0.23927424848079681,2.501169443130493,27
HRD_Score,TCGA-E2-A15T,1,0.24769410490989685,3.0067927837371826,42
HRD_Score,TCGA-E2-A1IF,1,0.18081772327423096,2.8244478702545166,26
HRD_Score,TCGA-E2-A1LK,1,0.12012369930744171,3.528895854949951,64
HRD_Score,TCGA-E2-A570,1,0.16886764764785767,3.014648914337158,39
HRD_Score,TCGA-E2-A9RU,1,0.08638928830623627,4.0352702140808105,115
HRD_Score,TCGA-E9-A1N3,1,0.25871047377586365,2.6629769802093506,32
HRD_Score,TCGA-E9-A1N8,1,0.16902007162570953,3.1986114978790283,43
HRD_Score,TCGA-E9-A1NE,1,0.10028975456953049,3.446159601211548,63
HRD_Score,TCGA-E9-A1R0,1,0.22634564340114594,2.9308464527130127,38
HRD_Score,TCGA-E9-A1R3,1,0.1281784027814865,2.780702590942383,28
HRD_Score,TCGA-E9-A1R6,1,0.2188558131456375,2.9601199626922607,39
HRD_Score,TCGA-E9-A1RB,1,0.3133680522441864,2.7267980575561523,43
HRD_Score,TCGA-E9-A226,1,0.08802277594804764,3.5023016929626465,87
HRD_Score,TCGA-E9-A22H,1,0.19100390374660492,2.6192479133605957,30
HRD_Score,TCGA-E9-A243,1,0.36373406648635864,2.9676403999328613,95
HRD_Score,TCGA-E9-A244,1,0.15434448421001434,3.5003654956817627,134
HRD_Score,TCGA-E9-A247,1,0.14004001021385193,3.28440260887146,53
HRD_Score,TCGA-E9-A248,1,0.1512129157781601,3.062161684036255,36
HRD_Score,TCGA-E9-A5FL,1,0.3988634943962097,3.0773658752441406,145
HRD_Score,TCGA-EW-A1IW,1,0.07353845238685608,4.079281330108643,131
HRD_Score,TCGA-EW-A1IZ,1,0.10533039271831512,4.88731575012207,534
HRD_Score,TCGA-EW-A1J1,1,0.24178265035152435,2.445521354675293,25
HRD_Score,TCGA-EW-A1J3,1,0.2317592352628708,2.8820810317993164,32
HRD_Score,TCGA-EW-A1P3,1,0.25197842717170715,2.5380923748016357,30
HRD_Score,TCGA-EW-A1P4,1,0.28119921684265137,3.1053457260131836,83
HRD_Score,TCGA-EW-A1PB,1,0.11439532041549683,4.196229934692383,192
HRD_Score,TCGA-EW-A2FV,1,0.04349095746874809,6.626653671264648,4232
HRD_Score,TCGA-EW-A6SC,1,0.12070377916097641,3.127429723739624,47
HRD_Score,TCGA-GM-A2DC,1,0.16209068894386292,2.9218366146087646,32
HRD_Score,TCGA-GM-A2DF,1,0.31268081068992615,2.8385066986083984,55
HRD_Score,TCGA-GM-A2DL,1,0.23170918226242065,3.014456272125244,56
HRD_Score,TCGA-GM-A2DN,1,0.20629234611988068,2.685727119445801,28
HRD_Score,TCGA-LL-A73Z,1,0.18653766810894012,3.2478182315826416,62
HRD_Score,TCGA-LL-A7T0,1,0.09243287891149521,3.7083544731140137,81
HRD_Score,TCGA-LL-A9Q3,1,0.13211841881275177,3.504490852355957,75
HRD_Score,TCGA-OL-A5D6,1,0.10258477181196213,3.395545482635498,62
HRD_Score,TCGA-OL-A5D7,1,0.19714027643203735,3.229365348815918,86
HRD_Score,TCGA-OL-A5S0,1,0.292110800743103,2.7476885318756104,53
HRD_Score,TCGA-OL-A66H,1,0.47333621978759766,2.1750121116638184,31
HRD_Score,TCGA-OL-A66L,1,0.14471672475337982,3.654172420501709,98
HRD_Score,TCGA-PL-A8LX,1,0.18548019230365753,3.1399693489074707,53
HRD_Score,TCGA-S3-AA0Z,1,0.13823935389518738,3.5795140266418457,80
HRD_Score,TCGA-S3-AA17,1,0.1190943494439125,4.110113143920898,161
HRD_Score,TCGA-UU-A93S,1,0.1581619530916214,4.13497257232666,241
HRD_Score,TCGA-V7-A7HQ,1,0.14081837236881256,3.0277063846588135,35
HRD_Score,TCGA-WT-AB41,1,0.14503826200962067,3.6678500175476074,66
HRD_Score,TCGA-3C-AALI,2,0.008772592060267925,6.507779121398926,824
HRD_Score,TCGA-A1-A0SB,2,0.20624762773513794,2.7328295707702637,19
HRD_Score,TCGA-A1-A0SE,2,0.06976758688688278,3.548449993133545,39
HRD_Score,TCGA-A1-A0SG,2,0.08364515751600266,3.4413154125213623,37
HRD_Score,TCGA-A1-A0SK,2,0.06434374302625656,4.217268943786621,88
HRD_Score,TCGA-A2-A04T,2,0.13056235015392303,4.444901466369629,127
HRD_Score,TCGA-A2-A0D4,2,0.0809355080127716,3.6827714443206787,48
HRD_Score,TCGA-A2-A0EM,2,0.21859848499298096,3.210232734680176,39
HRD_Score,TCGA-A2-A0EX,2,0.0733298733830452,3.4347498416900635,35
HRD_Score,TCGA-A2-A0SV,2,0.051422812044620514,3.796647787094116,51
HRD_Score,TCGA-A2-A0SW,2,0.09346571564674377,4.0244340896606445,71
HRD_Score,TCGA-A2-A0T2,2,0.0566127747297287,3.6446480751037598,43
HRD_Score,TCGA-A2-A0YF,2,0.14179536700248718,3.530794382095337,49
HRD_Score,TCGA-A2-A0YK,2,0.03110278956592083,5.933399200439453,489
HRD_Score,TCGA-A2-A0YL,2,0.1011999323964119,3.7197554111480713,50
HRD_Score,TCGA-A2-A1G0,2,0.09657387435436249,3.1483983993530273,26
HRD_Score,TCGA-A2-A1G4,2,0.06973062455654144,3.6710803508758545,45
HRD_Score,TCGA-A2-A3XU,2,0.0815553143620491,3.4972567558288574,38
HRD_Score,TCGA-A7-A0DB,2,0.12020165473222733,3.8083856105804443,60
HRD_Score,TCGA-A7-A26E,2,0.06675094366073608,4.062111854553223,71
HRD_Score,TCGA-A7-A26J,2,0.1824316382408142,3.596895933151245,52
HRD_Score,TCGA-A7-A5ZV,2,0.05299220234155655,5.285266876220703,280
HRD_Score,TCGA-A8-A06U,2,0.08482573181390762,4.277848243713379,98
HRD_Score,TCGA-A8-A07Z,2,0.23214437067508698,2.9446752071380615,26
HRD_Score,TCGA-A8-A08H,2,0.016253583133220673,5.026947021484375,178
HRD_Score,TCGA-A8-A08L,2,0.04869015887379646,5.226850509643555,284
HRD_Score,TCGA-A8-A08Z,2,0.3437439501285553,3.0649988651275635,47
HRD_Score,TCGA-A8-A09G,2,0.03643422946333885,5.622591018676758,363
HRD_Score,TCGA-A8-A09N,2,0.03341301530599594,4.50520658493042,106
HRD_Score,TCGA-A8-A09X,2,0.07765445113182068,4.028714179992676,74
HRD_Score,TCGA-A8-A0A4,2,0.10299774259328842,3.501490354537964,41
HRD_Score,TCGA-AC-A2B8,2,0.06638069450855255,4.632909774780273,133
HRD_Score,TCGA-AC-A2FO,2,0.12869815528392792,3.2799181938171387,32
HRD_Score,TCGA-AC-A2QH,2,0.10874170809984207,3.380614995956421,37
HRD_Score,TCGA-AC-A5EH,2,0.03780947998166084,5.107431411743164,214
HRD_Score,TCGA-AC-A6NO,2,0.07438510656356812,3.696155309677124,51
HRD_Score,TCGA-AC-A7VB,2,0.07576258480548859,3.6184804439544678,42
HRD_Score,TCGA-AN-A0AM,2,0.05050890892744064,4.653815269470215,128
HRD_Score,TCGA-AN-A0FJ,2,0.024515753611922264,4.679838180541992,129
HRD_Score,TCGA-AN-A0FK,2,0.049510978162288666,3.9278221130371094,60
HRD_Score,TCGA-AN-A0FT,2,0.06576580554246902,4.662771224975586,136
HRD_Score,TCGA-AN-A0FX,2,0.026776760816574097,4.933041572570801,164
HRD_Score,TCGA-AN-A0XW,2,0.03041950985789299,5.805330276489258,429
HRD_Score,TCGA-AO-A03P,2,0.05044896900653839,4.099569320678711,71
HRD_Score,TCGA-AO-A0J4,2,0.020579008385539055,4.878260135650635,151
HRD_Score,TCGA-AO-A0JA,2,0.17738211154937744,3.263181447982788,36
HRD_Score,TCGA-AO-A0JI,2,0.3066856563091278,2.6994481086730957,24
HRD_Score,TCGA-AO-A124,2,0.029974739998579025,5.045409679412842,194
HRD_Score,TCGA-AO-A12F,2,0.07124333083629608,3.696425437927246,46
HRD_Score,TCGA-AQ-A04J,2,0.0276965219527483,4.527882099151611,106
HRD_Score,TCGA-AR-A0TP,2,0.05450456589460373,4.239330768585205,83
HRD_Score,TCGA-AR-A0TT,2,0.04904523491859436,4.237057685852051,80
HRD_Score,TCGA-AR-A0TX,2,0.012571360915899277,5.82175350189209,414
HRD_Score,TCGA-AR-A0U0,2,0.05789642781019211,3.8050901889801025,55
HRD_Score,TCGA-AR-A1AI,2,0.0312529131770134,4.343660831451416,92
HRD_Score,TCGA-AR-A1AR,2,0.04671305790543556,4.110374450683594,71
HRD_Score,TCGA-AR-A1AU,2,0.08461271226406097,3.174166440963745,27
HRD_Score,TCGA-AR-A24L,2,0.049003779888153076,3.9620659351348877,61
HRD_Score,TCGA-AR-A24Q,2,0.05546645075082779,5.129090309143066,244
HRD_Score,TCGA-AR-A251,2,0.027387624606490135,5.196008682250977,219
HRD_Score,TCGA-AR-A254,2,0.17317800223827362,3.5216383934020996,47
HRD_Score,TCGA-AR-A5QM,2,0.17024745047092438,3.2932517528533936,38
HRD_Score,TCGA-B6-A0IE,2,0.19010187685489655,3.446993350982666,44
HRD_Score,TCGA-B6-A0RL,2,0.03385418280959129,4.216440200805664,76
HRD_Score,TCGA-B6-A0WT,2,0.12133139371871948,2.9733686447143555,23
HRD_Score,TCGA-B6-A0WY,2,0.2751479148864746,3.0896244049072266,39
HRD_Score,TCGA-BH-A0B5,2,0.049497779458761215,4.323117256164551,93
HRD_Score,TCGA-BH-A0BF,2,0.19915471971035004,3.255760669708252,37
HRD_Score,TCGA-BH-A0BJ,2,0.0700637474656105,4.082242965698242,75
HRD_Score,TCGA-BH-A0BR,2,0.046180181205272675,4.194508075714111,78
HRD_Score,TCGA-BH-A0DQ,2,0.03448081761598587,4.223284721374512,77
HRD_Score,TCGA-BH-A0DS,2,0.042931169271469116,4.027384281158447,62
HRD_Score,TCGA-BH-A0E1,2,0.04380502924323082,4.092700481414795,72
HRD_Score,TCGA-BH-A0E9,2,0.12295301258563995,3.3697404861450195,38
HRD_Score,TCGA-BH-A0HA,2,0.009289414621889591,6.028683662414551,470
HRD_Score,TCGA-BH-A0HB,2,0.06519471108913422,3.6877870559692383,45
HRD_Score,TCGA-BH-A0HI,2,0.09503567963838577,3.4943301677703857,39
HRD_Score,TCGA-BH-A0HK,2,0.011011481285095215,5.517961025238037,289
HRD_Score,TCGA-BH-A0HO,2,0.07836492359638214,3.2483904361724854,29
HRD_Score,TCGA-BH-A0HQ,2,0.05789932608604431,3.709940195083618,49
HRD_Score,TCGA-BH-A18H,2,0.060040656477212906,3.905925750732422,59
HRD_Score,TCGA-BH-A18R,2,0.048020604997873306,3.67692494392395,45
HRD_Score,TCGA-BH-A18U,2,0.035531457513570786,5.0501556396484375,188
HRD_Score,TCGA-BH-A1EV,2,0.08108760416507721,4.588708400726318,131
HRD_Score,TCGA-BH-A1FE,2,0.3092898428440094,2.8330986499786377,29
HRD_Score,TCGA-BH-A201,2,0.3220285475254059,2.7770040035247803,28
HRD_Score,TCGA-BH-A209,2,0.026790374889969826,4.716396331787109,133
HRD_Score,TCGA-BH-A5IZ,2,0.01939282938838005,5.174290657043457,207
HRD_Score,TCGA-BH-A6R8,2,0.06865674257278442,3.6043906211853027,44
HRD_Score,TCGA-BH-A6R9,2,0.23603756725788116,2.9569787979125977,32
HRD_Score,TCGA-C8-A12N,2,0.1711404025554657,3.1113364696502686,33
HRD_Score,TCGA-C8-A12W,2,0.03963528946042061,4.287498950958252,83
HRD_Score,TCGA-C8-A12Y,2,0.11710560321807861,3.7465898990631104,52
HRD_Score,TCGA-C8-A132,2,0.17405566573143005,3.9734320640563965,88
HRD_Score,TCGA-C8-A275,2,0.027118107303977013,4.757711410522461,146
HRD_Score,TCGA-C8-A27B,2,0.06556233018636703,4.747347831726074,169
HRD_Score,TCGA-D8-A13Z,2,0.06074076518416405,4.36924934387207,112
HRD_Score,TCGA-D8-A141,2,0.22603470087051392,2.6374170780181885,25
HRD_Score,TCGA-D8-A147,2,0.021786192432045937,5.202908515930176,215
HRD_Score,TCGA-D8-A1J8,2,0.009192172437906265,6.75106143951416,1045
HRD_Score,TCGA-D8-A1J9,2,0.017212679609656334,5.453120231628418,280
HRD_Score,TCGA-D8-A1JT,2,0.055599164217710495,3.733200788497925,47
HRD_Score,TCGA-D8-A1X5,2,0.034079473465681076,4.182025909423828,73
HRD_Score,TCGA-D8-A1X9,2,0.029396651312708855,4.542287826538086,108
HRD_Score,TCGA-D8-A1XA,2,0.06180035322904587,3.4308760166168213,34
HRD_Score,TCGA-D8-A1XK,2,0.008999918587505817,7.100561618804932,1426
HRD_Score,TCGA-D8-A1XM,2,0.11511363834142685,3.801837921142578,68
HRD_Score,TCGA-D8-A1XQ,2,0.00557590601965785,6.920095443725586,1180
HRD_Score,TCGA-D8-A1Y0,2,0.10814745724201202,4.167287349700928,84
HRD_Score,TCGA-D8-A1Y1,2,0.027658775448799133,5.5104827880859375,292
HRD_Score,TCGA-D8-A27L,2,0.11049167811870575,3.79701828956604,58
HRD_Score,TCGA-D8-A27V,2,0.003612745087593794,7.940626621246338,3333
HRD_Score,TCGA-E2-A14X,2,0.05617625266313553,3.6310198307037354,44
HRD_Score,TCGA-E2-A152,2,0.042244408279657364,4.972919464111328,175
HRD_Score,TCGA-E2-A155,2,0.05183456093072891,4.296891212463379,86
HRD_Score,TCGA-E2-A15A,2,0.03674788773059845,4.496457576751709,109
HRD_Score,TCGA-E2-A15C,2,0.12459465861320496,3.7401978969573975,54
HRD_Score,TCGA-E2-A15H,2,0.13774392008781433,3.299933671951294,38
HRD_Score,TCGA-E2-A15I,2,0.03498697280883789,4.375324249267578,95
HRD_Score,TCGA-E2-A15O,2,0.06651296466588974,3.512206554412842,38
HRD_Score,TCGA-E2-A1B0,2,0.06106395646929741,4.0130157470703125,63
HRD_Score,TCGA-E2-A1IG,2,0.09489553421735764,3.9296071529388428,65
HRD_Score,TCGA-E2-A1IO,2,0.2687635123729706,2.5111987590789795,17
HRD_Score,TCGA-E2-A1LH,2,0.026548102498054504,5.282266139984131,243
HRD_Score,TCGA-E9-A1NC,2,0.10820616036653519,4.208740711212158,94
HRD_Score,TCGA-E9-A1ND,2,0.0290648452937603,4.554770469665527,113
HRD_Score,TCGA-E9-A1R7,2,0.22634278237819672,3.6290359497070312,65
HRD_Score,TCGA-E9-A1RG,2,0.05037948861718178,3.6723787784576416,45
HRD_Score,TCGA-E9-A228,2,0.07888167351484299,3.7883870601654053,56
HRD_Score,TCGA-E9-A3X8,2,0.2157699465751648,3.1826326847076416,44
HRD_Score,TCGA-E9-A5UO,2,0.08391335606575012,3.6026978492736816,46
HRD_Score,TCGA-EW-A1IY,2,0.08493980765342712,3.551495313644409,42
HRD_Score,TCGA-EW-A1OY,2,0.0653153508901596,4.146485805511475,85
HRD_Score,TCGA-EW-A1P5,2,0.19008834660053253,2.8608713150024414,24
HRD_Score,TCGA-EW-A1PH,2,0.059579961001873016,4.045948028564453,68
HRD_Score,TCGA-GM-A2DB,2,0.023933421820402145,4.9261016845703125,162
HRD_Score,TCGA-GM-A2DH,2,0.07196120172739029,5.091980934143066,242
HRD_Score,TCGA-GM-A2DK,2,0.08190470933914185,3.4471802711486816,38
HRD_Score,TCGA-HN-A2NL,2,0.08851571381092072,4.358972549438477,102
HRD_Score,TCGA-LD-A66U,2,0.10642366856336594,3.65366268157959,49
HRD_Score,TCGA-LD-A74U,2,0.022028539329767227,5.639354228973389,361
HRD_Score,TCGA-LL-A5YL,2,0.028209349140524864,4.453879356384277,97
HRD_Score,TCGA-LL-A7SZ,2,0.02202308177947998,4.70851469039917,130
HRD_Score,TCGA-OL-A5D8,2,0.18176236748695374,3.5111026763916016,46
HRD_Score,TCGA-OL-A5DA,2,0.02839934267103672,4.601555824279785,118
HRD_Score,TCGA-OL-A5RU,2,0.05096137896180153,3.841477394104004,50
HRD_Score,TCGA-OL-A5RW,2,0.015025398693978786,5.39695930480957,261
HRD_Score,TCGA-OL-A66I,2,0.05279354378581047,3.9400739669799805,60
HRD_Score,TCGA-OL-A66K,2,0.19695539772510529,3.565779685974121,54
HRD_Score,TCGA-OL-A66P,2,0.0230617243796587,4.841947555541992,143
HRD_Score,TCGA-OL-A6VO,2,0.061653271317481995,3.954604387283325,62
HRD_Score,TCGA-PE-A5DE,2,0.014506543055176735,6.3315749168396,704
HRD_Score,TCGA-S3-AA12,2,0.03552001342177391,4.139247894287109,72
HRD_Score,TCGA-S3-AA14,2,0.07802000641822815,3.1683764457702637,27
HRD_Score,TCGA-WT-AB44,2,0.03426874801516533,4.091442584991455,66
HRD_Score,TCGA-A2-A04W,3,0.16455674171447754,4.283307075500488,190
HRD_Score,TCGA-A2-A0D0,3,0.14855153858661652,3.813542366027832,114
HRD_Score,TCGA-A2-A0D1,3,0.11324773728847504,3.8594298362731934,79
HRD_Score,TCGA-A2-A0ES,3,0.32010555267333984,2.3168437480926514,22
HRD_Score,TCGA-A2-A0EW,3,0.2695022225379944,2.502411127090454,21
HRD_Score,TCGA-A2-A0SX,3,0.12196695059537888,3.299837589263916,42
HRD_Score,TCGA-A2-A0YD,3,0.1129264160990715,3.817189931869507,95
HRD_Score,TCGA-A2-A0YJ,3,0.07386695593595505,4.097204685211182,101
HRD_Score,TCGA-A2-A1FZ,3,0.1698373407125473,2.9825894832611084,36
HRD_Score,TCGA-A2-A259,3,0.24890361726284027,2.5723464488983154,31
HRD_Score,TCGA-A2-A25A,3,0.04592481628060341,5.130474090576172,412
HRD_Score,TCGA-A2-A3Y0,3,0.0960933268070221,4.625183582305908,252
HRD_Score,TCGA-A7-A0CE,3,0.09609688073396683,4.7253618240356445,285
HRD_Score,TCGA-A7-A0D9,3,0.08477216958999634,3.617799997329712,63
HRD_Score,TCGA-A7-A13F,3,0.15892088413238525,3.570025682449341,97
HRD_Score,TCGA-A7-A26H,3,0.13317756354808807,4.245092868804932,156
HRD_Score,TCGA-A7-A6VX,3,0.06369800865650177,4.700205326080322,200
HRD_Score,TCGA-A8-A06X,3,0.04806698113679886,4.928662300109863,275
HRD_Score,TCGA-A8-A07B,3,0.1404549777507782,3.801758289337158,93
HRD_Score,TCGA-A8-A081,3,0.10608978569507599,4.352213382720947,161
HRD_Score,TCGA-A8-A08G,3,0.16359224915504456,3.6093764305114746,62
HRD_Score,TCGA-A8-A08X,3,0.12355907261371613,3.4583137035369873,47
HRD_Score,TCGA-A8-A09A,3,0.1007738932967186,4.7701640129089355,301
HRD_Score,TCGA-A8-A09C,3,0.18791285157203674,2.9515645503997803,47
HRD_Score,TCGA-A8-A09D,3,0.13808514177799225,3.628032684326172,64
HRD_Score,TCGA-A8-A09M,3,0.09012527763843536,4.355592727661133,194
HRD_Score,TCGA-A8-A09T,3,0.2556242346763611,2.6440391540527344,27
HRD_Score,TCGA-A8-A09V,3,0.13142617046833038,3.312147855758667,49
HRD_Score,TCGA-A8-A09W,3,0.103357695043087,4.197810173034668,119
HRD_Score,TCGA-A8-A0A2,3,0.10860639810562134,3.503815174102783,57
HRD_Score,TCGA-AC-A23C,3,0.1076246127486229,4.170259475708008,153
HRD_Score,TCGA-AC-A2FB,3,0.25181207060813904,2.3540709018707275,17
HRD_Score,TCGA-AC-A2FG,3,0.08185319602489471,3.3764989376068115,42
HRD_Score,TCGA-AC-A4ZE,3,0.06668209284543991,4.0001115798950195,80
HRD_Score,TCGA-AC-A5XU,3,0.0887947529554367,4.0575175285339355,119
HRD_Score,TCGA-AC-A62Y,3,0.09757117182016373,3.9756598472595215,95
HRD_Score,TCGA-AC-A8OS,3,0.11509327590465546,3.6800568103790283,85
HRD_Score,TCGA-AN-A049,3,0.27645114064216614,2.6539371013641357,41
HRD_Score,TCGA-AN-A0XO,3,0.2387462556362152,3.225179672241211,46
HRD_Score,TCGA-AN-A0XP,3,0.2764480412006378,2.9186668395996094,39
HRD_Score,TCGA-AN-A0XS,3,0.17697452008724213,2.9497742652893066,35
HRD_Score,TCGA-AO-A03V,3,0.08832786232233047,3.8231711387634277,74
HRD_Score,TCGA-AO-A0JM,3,0.1164555624127388,3.5431528091430664,54
HRD_Score,TCGA-AO-A1KP,3,0.11684496700763702,3.009775161743164,27
HRD_Score,TCGA-AO-A1KR,3,0.15192820131778717,3.83343505859375,94
HRD_Score,TCGA-AO-A1KT,3,0.10003916174173355,3.6785731315612793,56
HRD_Score,TCGA-AQ-A1H2,3,0.1456374078989029,3.0427684783935547,39
HRD_Score,TCGA-AR-A0TQ,3,0.08604183793067932,3.541289806365967,52
HRD_Score,TCGA-AR-A0TV,3,0.21038471162319183,3.620520830154419,83
HRD_Score,TCGA-AR-A0TY,3,0.13290254771709442,3.9562761783599854,121
HRD_Score,TCGA-AR-A24P,3,0.15554216504096985,2.976065158843994,26
HRD_Score,TCGA-AR-A24R,3,0.21452836692333221,2.862534761428833,31
HRD_Score,TCGA-AR-A24U,3,0.08641946315765381,3.51124906539917,49
HRD_Score,TCGA-AR-A24V,3,0.13605353236198425,2.976680040359497,28
HRD_Score,TCGA-AR-A252,3,0.15030944347381592,2.452087879180908,19
HRD_Score,TCGA-AR-A2LO,3,0.1480056345462799,2.6465587615966797,20
HRD_Score,TCGA-AR-A2LQ,3,0.23322628438472748,2.3705453872680664,16
HRD_Score,TCGA-B6-A0I9,3,0.05681697279214859,4.197643280029297,118
HRD_Score,TCGA-B6-A0IH,3,0.11890092492103577,3.3762848377227783,48
HRD_Score,TCGA-B6-A0RN,3,0.20987658202648163,2.82039475440979,38
HRD_Score,TCGA-B6-A0WZ,3,0.16447754204273224,3.629490613937378,97
HRD_Score,TCGA-B6-A0X0,3,0.15495386719703674,2.916309356689453,28
HRD_Score,TCGA-B6-A0X5,3,0.08928261697292328,3.558088779449463,54
HRD_Score,TCGA-B6-A1KN,3,0.17462854087352753,3.6984734535217285,79
HRD_Score,TCGA-B6-A401,3,0.21451635658740997,2.78257155418396,33
HRD_Score,TCGA-BH-A0AV,3,0.06899114698171616,4.08632755279541,92
HRD_Score,TCGA-BH-A0AY,3,0.04151702672243118,4.601489543914795,162
HRD_Score,TCGA-BH-A0AZ,3,0.25643858313560486,3.423111915588379,80
HRD_Score,TCGA-BH-A0B3,3,0.05849191173911095,4.24617862701416,114
HRD_Score,TCGA-BH-A0B9,3,0.1846003383398056,3.1247153282165527,46
HRD_Score,TCGA-BH-A0BZ,3,0.044593553990125656,5.0610432624816895,331
HRD_Score,TCGA-BH-A0C3,3,0.14338462054729462,2.6516714096069336,20
HRD_Score,TCGA-BH-A0DT,3,0.4073783755302429,2.0361084938049316,20
HRD_Score,TCGA-BH-A0DV,3,0.26054152846336365,2.5281245708465576,21
HRD_Score,TCGA-BH-A0DX,3,0.16000396013259888,3.601118803024292,79
HRD_Score,TCGA-BH-A0DZ,3,0.06974666565656662,5.4807538986206055,779
HRD_Score,TCGA-BH-A0EA,3,0.10054158419370651,3.170785427093506,33
HRD_Score,TCGA-BH-A0H6,3,0.23978708684444427,2.47795033454895,30
HRD_Score,TCGA-BH-A0HU,3,0.09670042246580124,3.4844467639923096,50
HRD_Score,TCGA-BH-A0HY,3,0.1208733320236206,3.848578453063965,89
HRD_Score,TCGA-BH-A18I,3,0.10503876209259033,3.183600902557373,37
HRD_Score,TCGA-BH-A18M,3,0.19084486365318298,2.6455864906311035,22
HRD_Score,TCGA-BH-A18S,3,0.35976725816726685,2.6850476264953613,39
HRD_Score,TCGA-BH-A1EO,3,0.1488519012928009,3.329145669937134,53
HRD_Score,TCGA-BH-A1ET,3,0.0763338953256607,3.4150047302246094,38
HRD_Score,TCGA-BH-A1EU,3,0.26578423380851746,2.9682562351226807,38
HRD_Score,TCGA-BH-A1EX,3,0.14845381677150726,2.998663902282715,35
HRD_Score,TCGA-BH-A1F2,3,0.18052564561367035,3.540149211883545,75
HRD_Score,TCGA-BH-A1FM,3,0.0665208101272583,3.848480463027954,68
HRD_Score,TCGA-BH-A1FU,3,0.08483228087425232,4.229433059692383,119
HRD_Score,TCGA-BH-A203,3,0.049762457609176636,4.2373833656311035,106
HRD_Score,TCGA-BH-A42V,3,0.18197041749954224,3.2432799339294434,62
HRD_Score,TCGA-BH-A8FY,3,0.20649659633636475,3.2670845985412598,64
HRD_Score,TCGA-C8-A12O,3,0.12007264792919159,3.450042247772217,52
HRD_Score,TCGA-C8-A135,3,0.08677779883146286,3.8891870975494385,87
HRD_Score,TCGA-C8-A1HF,3,0.14311334490776062,3.287095785140991,43
HRD_Score,TCGA-C8-A26V,3,0.05762605369091034,4.143063068389893,99
HRD_Score,TCGA-C8-A26X,3,0.059328727424144745,3.980830669403076,90
HRD_Score,TCGA-C8-A8HQ,3,0.13022294640541077,4.87326717376709,379
HRD_Score,TCGA-C8-A8HR,3,0.12153907120227814,3.609987735748291,64
HRD_Score,TCGA-D8-A1JC,3,0.1867855191230774,4.0710320472717285,126
HRD_Score,TCGA-D8-A1JK,3,0.05498906970024109,4.841529846191406,283
HRD_Score,TCGA-D8-A1JM,3,0.29006820917129517,2.8746321201324463,58
HRD_Score,TCGA-D8-A1JN,3,0.06481774151325226,4.743467330932617,213
HRD_Score,TCGA-D8-A1JP,3,0.08878274261951447,4.2192792892456055,148
HRD_Score,TCGA-D8-A1X7,3,0.16795390844345093,2.922797679901123,32
HRD_Score,TCGA-D8-A1XC,3,0.10731033980846405,3.1842925548553467,36
HRD_Score,TCGA-D8-A1XO,3,0.14822669327259064,2.8068923950195312,31
HRD_Score,TCGA-D8-A1XT,3,0.13704751431941986,3.4445974826812744,48
HRD_Score,TCGA-D8-A27E,3,0.2527296543121338,2.1597375869750977,14
HRD_Score,TCGA-D8-A73U,3,0.11964607983827591,4.4082112312316895,216
HRD_Score,TCGA-E2-A14Q,3,0.11046695709228516,3.2397403717041016,44
HRD_Score,TCGA-E2-A14Z,3,0.21455666422843933,3.725738048553467,102
HRD_Score,TCGA-E2-A150,3,0.08282989263534546,4.036875247955322,96
HRD_Score,TCGA-E2-A158,3,0.055555712431669235,4.495673179626465,133
HRD_Score,TCGA-E2-A15E,3,0.08603481948375702,3.9252259731292725,84
HRD_Score,TCGA-E2-A15M,3,0.05513683706521988,4.692859649658203,226
HRD_Score,TCGA-E2-A15P,3,0.2370223104953766,3.2491073608398438,54
HRD_Score,TCGA-E2-A1BC,3,0.08826445788145065,3.923335552215576,97
HRD_Score,TCGA-E2-A1IH,3,0.10297788679599762,3.990701675415039,89
HRD_Score,TCGA-E2-A1IU,3,0.0829344168305397,3.3913261890411377,36
HRD_Score,TCGA-E2-A1L6,3,0.14286480844020844,3.0372207164764404,31
HRD_Score,TCGA-E2-A1L9,3,0.14111296832561493,2.922636032104492,33
HRD_Score,TCGA-E2-A56Z,3,0.10306265205144882,3.669044256210327,65
HRD_Score,TCGA-E2-A573,3,0.1285770833492279,3.8422718048095703,81
HRD_Score,TCGA-E2-A576,3,0.10713157802820206,3.797281265258789,79
HRD_Score,TCGA-E9-A1N9,3,0.14258970320224762,3.7273685932159424,74
HRD_Score,TCGA-E9-A1NG,3,0.1460029035806656,2.795626163482666,24
HRD_Score,TCGA-E9-A1NH,3,0.2728109061717987,2.7942447662353516,42
HRD_Score,TCGA-E9-A1R5,3,0.08582770079374313,3.714362144470215,58
HRD_Score,TCGA-E9-A1RC,3,0.10744048655033112,3.625174045562744,59
HRD_Score,TCGA-E9-A1RE,3,0.0728355348110199,3.7514147758483887,68
HRD_Score,TCGA-E9-A1RF,3,0.08762288838624954,4.346717834472656,181
HRD_Score,TCGA-E9-A1RH,3,0.07012968510389328,4.298783779144287,122
HRD_Score,TCGA-E9-A227,3,0.1437026709318161,2.75189471244812,23
HRD_Score,TCGA-E9-A229,3,0.12279816716909409,3.084713935852051,35
HRD_Score,TCGA-E9-A22G,3,0.06106872484087944,4.212978363037109,128
HRD_Score,TCGA-EW-A1OX,3,0.1540747880935669,2.841219902038574,24
HRD_Score,TCGA-EW-A1P0,3,0.1874668300151825,2.888519763946533,29
HRD_Score,TCGA-EW-A1P6,3,0.22437264025211334,2.669461965560913,29
HRD_Score,TCGA-EW-A1PA,3,0.10354180634021759,3.44486141204834,46
HRD_Score,TCGA-EW-A1PE,3,0.0796041190624237,3.4158265590667725,43
HRD_Score,TCGA-EW-A2FS,3,0.13022711873054504,3.235271692276001,50
HRD_Score,TCGA-GM-A5PX,3,0.0953855812549591,3.4132027626037598,44
HRD_Score,TCGA-LL-A50Y,3,0.14739155769348145,3.2992095947265625,50
HRD_Score,TCGA-LL-A6FQ,3,0.1724989116191864,3.615968942642212,73
HRD_Score,TCGA-LL-A6FR,3,0.18206466734409332,3.721583843231201,73
HRD_Score,TCGA-OL-A5RV,3,0.29601046442985535,2.296762704849243,18
HRD_Score,TCGA-OL-A66J,3,0.08030912280082703,3.6993658542633057,72
HRD_Score,TCGA-OL-A66O,3,0.14760400354862213,3.132354736328125,45
HRD_Score,TCGA-PL-A8LV,3,0.12490777671337128,4.410130500793457,167
HRD_Score,TCGA-PL-A8LY,3,0.2296837419271469,1.8774669170379639,8
HRD_Score,TCGA-S3-A6ZF,3,0.22081764042377472,3.3972344398498535,60
HRD_Score,TCGA-Z7-A8R6,3,0.11643386632204056,4.0951714515686035,117
HRD_Score,TCGA-3C-AALJ,4,0.09125348925590515,3.888709545135498,72
HRD_Score,TCGA-5T-A9QA,4,0.18396596610546112,3.779789447784424,93
HRD_Score,TCGA-A1-A0SD,4,0.28565657138824463,2.89044189453125,44
HRD_Score,TCGA-A2-A04N,4,0.1901949793100357,2.9745917320251465,57
HRD_Score,TCGA-A2-A04P,4,0.117963507771492,4.138698101043701,180
HRD_Score,TCGA-A2-A04U,4,0.12410503625869751,3.7615790367126465,71
HRD_Score,TCGA-A2-A04Y,4,0.10757612437009811,3.670079231262207,66
HRD_Score,TCGA-A2-A0CR,4,0.06202240288257599,4.75438928604126,221
HRD_Score,TCGA-A2-A0CS,4,0.2142115980386734,3.25512957572937,57
HRD_Score,TCGA-A2-A0CT,4,0.07356249541044235,4.313754081726074,126
HRD_Score,TCGA-A2-A0CU,4,0.1302255243062973,3.5662693977355957,64
HRD_Score,TCGA-A2-A0CX,4,0.052460432052612305,5.108811378479004,371
HRD_Score,TCGA-A2-A0EN,4,0.24059773981571198,2.7796401977539062,43
HRD_Score,TCGA-A2-A0EY,4,0.07719476521015167,4.899592399597168,299
HRD_Score,TCGA-A2-A0SY,4,0.07873706519603729,4.489307403564453,181
HRD_Score,TCGA-A2-A0T1,4,0.22242054343223572,2.719733238220215,35
HRD_Score,TCGA-A2-A0T4,4,0.1645769476890564,3.16316556930542,45
HRD_Score,TCGA-A2-A0T6,4,0.35436204075813293,2.5065178871154785,29
HRD_Score,TCGA-A2-A0YE,4,0.14737503230571747,3.1760659217834473,50
HRD_Score,TCGA-A2-A25C,4,0.2048128843307495,3.1214399337768555,46
HRD_Score,TCGA-A2-A3KD,4,0.23561841249465942,2.494981527328491,18
HRD_Score,TCGA-A7-A0DA,4,0.07103380560874939,4.556920051574707,210
HRD_Score,TCGA-A7-A4SE,4,0.07273904979228973,5.031919002532959,321
HRD_Score,TCGA-A7-A56D,4,0.05715721845626831,5.494025230407715,472
HRD_Score,TCGA-A8-A075,4,0.10288067907094955,4.082845211029053,111
HRD_Score,TCGA-A8-A076,4,0.3226846158504486,3.315849542617798,99
HRD_Score,TCGA-A8-A079,4,0.23891207575798035,3.6172144412994385,99
HRD_Score,TCGA-A8-A07L,4,0.09473646432161331,4.018621444702148,106
HRD_Score,TCGA-A8-A07U,4,0.20443247258663177,3.399172782897949,91
HRD_Score,TCGA-A8-A07W,4,0.1355324536561966,4.354000568389893,186
HRD_Score,TCGA-A8-A095,4,0.09432429075241089,4.51302433013916,214
HRD_Score,TCGA-A8-A099,4,0.1699536144733429,2.9060537815093994,36
HRD_Score,TCGA-A8-A09Q,4,0.10132871568202972,4.487013816833496,202
HRD_Score,TCGA-A8-A09Z,4,0.055114731192588806,6.429265022277832,1720
HRD_Score,TCGA-A8-A0AB,4,0.35778483748435974,2.637814521789551,43
HRD_Score,TCGA-AC-A23H,4,0.029091591015458107,7.573624134063721,5000
HRD_Score,TCGA-AC-A3OD,4,0.35903704166412354,2.7325258255004883,46
HRD_Score,TCGA-AC-A3QQ,4,0.2010350078344345,2.764894962310791,37
HRD_Score,TCGA-AC-A6IV,4,0.2648395895957947,2.847789764404297,33
HRD_Score,TCGA-AC-A8OP,4,0.06916125118732452,4.849923133850098,262
HRD_Score,TCGA-AC-A8OQ,4,0.1350664347410202,4.356505393981934,149
HRD_Score,TCGA-AC-A8OR,4,0.08607351779937744,3.986867666244507,94
HRD_Score,TCGA-AN-A03X,4,0.16646912693977356,3.0382823944091797,54
HRD_Score,TCGA-AN-A03Y,4,0.1287500113248825,3.1399097442626953,43
HRD_Score,TCGA-AN-A04D,4,0.07364426553249359,4.082284927368164,126
HRD_Score,TCGA-AN-A0AR,4,0.11563297361135483,4.332073211669922,162
HRD_Score,TCGA-AN-A0AS,4,0.21838025748729706,3.081040143966675,52
HRD_Score,TCGA-AN-A0FN,4,0.3097834885120392,3.0987963676452637,59
HRD_Score,TCGA-AN-A0FS,4,0.3485349416732788,3.230517864227295,96
HRD_Score,TCGA-AN-A0FY,4,0.16710509359836578,3.4771993160247803,65
HRD_Score,TCGA-AN-A0FZ,4,0.10441651195287704,3.81827712059021,97
HRD_Score,TCGA-AN-A0XU,4,0.10665827244520187,4.091397762298584,153
HRD_Score,TCGA-AO-A03R,4,0.19060459733009338,3.2564809322357178,59
HRD_Score,TCGA-AO-A0J2,4,0.09690886735916138,3.8718714714050293,91
HRD_Score,TCGA-AO-A0J3,4,0.33439141511917114,3.3649392127990723,108
HRD_Score,TCGA-AO-A0J9,4,0.1464911252260208,4.295478820800781,170
HRD_Score,TCGA-AO-A0JE,4,0.19677434861660004,3.3774471282958984,61
HRD_Score,TCGA-AO-A0JF,4,0.1638374924659729,2.9041390419006348,37
HRD_Score,TCGA-AO-A0JJ,4,0.33613285422325134,2.336008071899414,24
HRD_Score,TCGA-AO-A12A,4,0.2934079170227051,2.5195152759552,21
HRD_Score,TCGA-AO-A12D,4,0.16915561258792877,3.585344076156616,74
HRD_Score,TCGA-AR-A1AK,4,0.2381124198436737,3.682860851287842,84
HRD_Score,TCGA-AR-A1AN,4,0.12849780917167664,3.2179222106933594,35
HRD_Score,TCGA-AR-A1AP,4,0.10979345440864563,3.566028356552124,55
HRD_Score,TCGA-AR-A24O,4,0.3567761182785034,2.2661502361297607,27
HRD_Score,TCGA-AR-A24W,4,0.18625874817371368,2.4646482467651367,19
HRD_Score,TCGA-AR-A2LH,4,0.15332405269145966,3.8267602920532227,75
HRD_Score,TCGA-AR-A2LN,4,0.10021881759166718,3.5722596645355225,61
HRD_Score,TCGA-AR-A5QQ,4,0.2109241783618927,3.615983724594116,106
HRD_Score,TCGA-B6-A0I5,4,0.18274882435798645,2.9344751834869385,35
HRD_Score,TCGA-B6-A0IB,4,0.3122139573097229,3.31323504447937,99
HRD_Score,TCGA-B6-A0IN,4,0.13628217577934265,3.3082611560821533,52
HRD_Score,TCGA-B6-A0RI,4,0.2273833006620407,2.977346658706665,32
HRD_Score,TCGA-B6-A0RO,4,0.21694661676883698,3.0705487728118896,47
HRD_Score,TCGA-B6-A0RP,4,0.43712887167930603,2.444101333618164,31
HRD_Score,TCGA-B6-A0RV,4,0.12312525510787964,3.6097073554992676,68
HRD_Score,TCGA-B6-A0X4,4,0.33253154158592224,2.3399016857147217,24
HRD_Score,TCGA-B6-A1KF,4,0.1535463184118271,3.520477771759033,83
HRD_Score,TCGA-B6-A2IU,4,0.15835873782634735,3.328458309173584,56
HRD_Score,TCGA-BH-A0AU,4,0.25883421301841736,2.1916275024414062,25
HRD_Score,TCGA-BH-A0AW,4,0.08156486600637436,4.690379619598389,219
HRD_Score,TCGA-BH-A0B7,4,0.06800512969493866,3.969095230102539,97
HRD_Score,TCGA-BH-A0BC,4,0.09612902998924255,3.4674453735351562,92
HRD_Score,TCGA-BH-A0BT,4,0.17752289772033691,2.7437994480133057,50
HRD_Score,TCGA-BH-A0C1,4,0.24055896699428558,3.048161268234253,54
HRD_Score,TCGA-BH-A0C7,4,0.0738212913274765,3.6529300212860107,66
HRD_Score,TCGA-BH-A0DE,4,0.07654063403606415,3.8585495948791504,82
HRD_Score,TCGA-BH-A0DH,4,0.08123999834060669,3.957070827484131,105
HRD_Score,TCGA-BH-A0DL,4,0.07343491166830063,4.159821033477783,135
HRD_Score,TCGA-BH-A0EB,4,0.5069479942321777,2.5068156719207764,62
HRD_Score,TCGA-BH-A0HX,4,0.10933873802423477,3.68628191947937,92
HRD_Score,TCGA-BH-A0W3,4,0.1740870326757431,2.6456613540649414,24
HRD_Score,TCGA-BH-A18J,4,0.09079945087432861,4.109399795532227,113
HRD_Score,TCGA-BH-A18L,4,0.0808350145816803,3.8479244709014893,72
HRD_Score,TCGA-BH-A1F0,4,0.14564409852027893,3.4480435848236084,101
HRD_Score,TCGA-BH-A1FG,4,0.12284643203020096,2.898293972015381,27
HRD_Score,TCGA-BH-A1FJ,4,0.1067352369427681,3.386075019836426,48
HRD_Score,TCGA-BH-A1FL,4,0.37926509976387024,2.366366386413574,30
HRD_Score,TCGA-BH-A1FN,4,0.0553462840616703,4.536077976226807,158
HRD_Score,TCGA-BH-A208,4,0.2666451036930084,3.290508270263672,88
HRD_Score,TCGA-BH-A8FZ,4,0.09842691570520401,3.822676181793213,101
HRD_Score,TCGA-C8-A130,4,0.32993924617767334,3.011296272277832,58
HRD_Score,TCGA-C8-A1HE,4,0.12069427222013474,3.6197562217712402,58
HRD_Score,TCGA-C8-A1HL,4,0.20409226417541504,2.9186112880706787,38
HRD_Score,TCGA-C8-A26Y,4,0.05269848182797432,6.005896091461182,942
HRD_Score,TCGA-C8-A278,4,0.26776885986328125,3.041877508163452,57
HRD_Score,TCGA-D8-A140,4,0.07748110592365265,4.378356456756592,149
HRD_Score,TCGA-D8-A143,4,0.13945281505584717,3.488898754119873,70
HRD_Score,TCGA-D8-A1JA,4,0.03794655203819275,6.340622901916504,1201
HRD_Score,TCGA-D8-A1JH,4,0.3049459457397461,2.3965516090393066,27
HRD_Score,TCGA-D8-A1JL,4,0.10541249811649323,4.0421247482299805,136
HRD_Score,TCGA-D8-A1JS,4,0.30946967005729675,2.6039035320281982,33
HRD_Score,TCGA-D8-A1XR,4,0.17276768386363983,3.1313138008117676,37
HRD_Score,TCGA-D8-A1XV,4,0.12380719184875488,3.242910146713257,38
HRD_Score,TCGA-D8-A1XW,4,0.20153214037418365,3.6980364322662354,130
HRD_Score,TCGA-D8-A1XZ,4,0.13200119137763977,3.8145787715911865,105
HRD_Score,TCGA-D8-A27H,4,0.2094368189573288,4.026658058166504,172
HRD_Score,TCGA-D8-A27N,4,0.17496109008789062,3.47578501701355,64
HRD_Score,TCGA-D8-A27W,4,0.15306219458580017,3.5085439682006836,60
HRD_Score,TCGA-D8-A4Z1,4,0.14274905622005463,3.223684310913086,47
HRD_Score,TCGA-D8-A73W,4,0.1738467961549759,3.2833380699157715,58
HRD_Score,TCGA-E2-A10C,4,0.05078144371509552,5.564807891845703,523
HRD_Score,TCGA-E2-A154,4,0.20244045555591583,3.221104383468628,61
HRD_Score,TCGA-E2-A159,4,0.08252633363008499,4.633833408355713,203
HRD_Score,TCGA-E2-A15K,4,0.0560031495988369,4.774410247802734,214
HRD_Score,TCGA-E2-A1B4,4,0.15584173798561096,3.1225597858428955,44
HRD_Score,TCGA-E2-A1IJ,4,0.19783078134059906,2.6370716094970703,23
HRD_Score,TCGA-E2-A1LL,4,0.14107893407344818,3.4418952465057373,64
HRD_Score,TCGA-E9-A1NA,4,0.1497742384672165,3.936858892440796,124
HRD_Score,TCGA-E9-A1NI,4,0.08778441697359085,3.317473888397217,43
HRD_Score,TCGA-E9-A1RD,4,0.2495635598897934,2.503700017929077,27
HRD_Score,TCGA-E9-A22D,4,0.14345887303352356,3.157541036605835,44
HRD_Score,TCGA-E9-A24A,4,0.42070573568344116,2.1268539428710938,25
HRD_Score,TCGA-E9-A295,4,0.3665712773799896,2.966261386871338,119
HRD_Score,TCGA-E9-A2JT,4,0.27716681361198425,2.5058753490448,28
HRD_Score,TCGA-E9-A6HE,4,0.2151036262512207,2.659437417984009,28
HRD_Score,TCGA-EW-A1P1,4,0.8976233601570129,0.3906288146972656,3
HRD_Score,TCGA-EW-A1P7,4,0.17888374626636505,2.8655200004577637,29
HRD_Score,TCGA-EW-A1PG,4,0.2075626254081726,2.4110560417175293,15
HRD_Score,TCGA-GM-A2DA,4,0.13867151737213135,3.2757554054260254,49
HRD_Score,TCGA-GM-A2DD,4,0.11039645969867706,3.620979070663452,77
HRD_Score,TCGA-GM-A3NW,4,0.07772408425807953,3.8638429641723633,100
HRD_Score,TCGA-HN-A2OB,4,0.1648561954498291,2.797499656677246,26
HRD_Score,TCGA-LD-A7W5,4,0.09564745426177979,3.648078680038452,70
HRD_Score,TCGA-LD-A7W6,4,0.33628296852111816,2.9590487480163574,51
HRD_Score,TCGA-LL-A5YM,4,0.09890294820070267,3.380760431289673,46
HRD_Score,TCGA-LL-A73Y,4,0.07022486627101898,4.591733932495117,199
HRD_Score,TCGA-LL-A8F5,4,0.16599100828170776,4.437318325042725,217
HRD_Score,TCGA-OL-A5RY,4,0.3302542269229889,2.2023367881774902,17
HRD_Score,TCGA-OL-A66N,4,0.12917287647724152,3.445420742034912,62
HRD_Score,TCGA-OL-A6VQ,4,0.18818596005439758,3.9168763160705566,137
HRD_Score,TCGA-S3-A6ZG,4,0.09974105656147003,3.6300699710845947,65
HRD_Score,TCGA-S3-A6ZH,4,0.2635745406150818,3.1780762672424316,52
HRD_Score,TCGA-XX-A899,4,0.05804361402988434,4.2501959800720215,130
HRD_Score,TCGA-5L-AAT0,5,0.06063525378704071,5.188656806945801,282
HRD_Score,TCGA-A1-A0SF,5,0.04922862723469734,3.9798858165740967,67
HRD_Score,TCGA-A1-A0SI,5,0.03744634613394737,5.1506805419921875,279
HRD_Score,TCGA-A2-A04Q,5,0.05193885415792465,4.074395656585693,71
HRD_Score,TCGA-A2-A0CM,5,0.053103215992450714,4.057642936706543,76
HRD_Score,TCGA-A2-A0CV,5,0.14118382334709167,3.0027430057525635,27
HRD_Score,TCGA-A2-A0CW,5,0.12491142004728317,3.9450626373291016,93
HRD_Score,TCGA-A2-A0EU,5,0.1375415176153183,3.4583847522735596,57
HRD_Score,TCGA-A2-A0EV,5,0.10102957487106323,3.9847261905670166,83
HRD_Score,TCGA-A2-A0SU,5,0.09250204265117645,3.4936347007751465,43
HRD_Score,TCGA-A2-A0T0,5,0.049819216132164,5.068694114685059,239
HRD_Score,TCGA-A2-A0YH,5,0.14610938727855682,3.9845685958862305,104
HRD_Score,TCGA-A2-A0YT,5,0.05858738720417023,4.1830315589904785,87
HRD_Score,TCGA-A2-A1G1,5,0.11103147268295288,3.4807801246643066,46
HRD_Score,TCGA-A2-A25E,5,0.07616670429706573,3.888392448425293,69
HRD_Score,TCGA-A2-A4S3,5,0.14035138487815857,4.2036895751953125,115
HRD_Score,TCGA-A7-A0CG,5,0.08940746635198593,3.9273436069488525,78
HRD_Score,TCGA-A7-A0CJ,5,0.07778800278902054,4.089582920074463,77
HRD_Score,TCGA-A7-A26I,5,0.08226097375154495,3.6427016258239746,47
HRD_Score,TCGA-A7-A5ZW,5,0.15474429726600647,3.2933080196380615,42
HRD_Score,TCGA-A7-A5ZX,5,0.05582445487380028,4.255814552307129,96
HRD_Score,TCGA-A7-A6VW,5,0.048559434711933136,4.257315158843994,100
HRD_Score,TCGA-A7-A6VY,5,0.13162127137184143,4.37474250793457,154
HRD_Score,TCGA-A8-A06P,5,0.1434878557920456,3.463369607925415,48
HRD_Score,TCGA-A8-A06Q,5,0.027179742231965065,5.355016708374023,322
HRD_Score,TCGA-A8-A06R,5,0.11820465326309204,4.02031946182251,89
HRD_Score,TCGA-A8-A06Y,5,0.13307993113994598,3.416975975036621,45
HRD_Score,TCGA-A8-A07I,5,0.09351234883069992,3.721165657043457,60
HRD_Score,TCGA-A8-A07J,5,0.06069527938961983,3.7921130657196045,54
HRD_Score,TCGA-A8-A07O,5,0.11990361660718918,3.7398488521575928,58
HRD_Score,TCGA-A8-A07P,5,0.13023395836353302,3.742208957672119,69
HRD_Score,TCGA-A8-A083,5,0.13850751519203186,3.1904964447021484,32
HRD_Score,TCGA-A8-A08R,5,0.026613309979438782,5.508296489715576,347
HRD_Score,TCGA-A8-A08T,5,0.07522816956043243,3.8133342266082764,61
HRD_Score,TCGA-A8-A091,5,0.18881754577159882,3.021662950515747,29
HRD_Score,TCGA-A8-A092,5,0.09086593240499496,4.172950744628906,96
HRD_Score,TCGA-A8-A093,5,0.05005528777837753,4.695239067077637,144
HRD_Score,TCGA-A8-A094,5,0.02728140912950039,5.232693672180176,254
HRD_Score,TCGA-A8-A09B,5,0.09607743471860886,3.6522793769836426,60
HRD_Score,TCGA-AC-A3YI,5,0.12187626212835312,2.8730688095092773,21
HRD_Score,TCGA-AC-A5XS,5,0.00812541600316763,6.8623456954956055,1454
HRD_Score,TCGA-AC-A6IX,5,0.04223044961690903,4.631589889526367,142
HRD_Score,TCGA-AC-A7VC,5,0.09968288987874985,3.1806533336639404,29
HRD_Score,TCGA-AN-A046,5,0.012282385490834713,8.138197898864746,5000
HRD_Score,TCGA-AN-A04C,5,0.05870453640818596,4.23028039932251,102
HRD_Score,TCGA-AN-A0AJ,5,0.07607829570770264,4.382158279418945,119
HRD_Score,TCGA-AN-A0AL,5,0.04324408993124962,4.493365287780762,116
HRD_Score,TCGA-AN-A0XN,5,0.03832900896668434,4.911123275756836,193
HRD_Score,TCGA-AO-A03T,5,0.053153038024902344,4.548732757568359,131
HRD_Score,TCGA-AO-A0J6,5,0.038055967539548874,4.672211647033691,147
HRD_Score,TCGA-AO-A0J8,5,0.15224884450435638,3.3003270626068115,37
HRD_Score,TCGA-AO-A0JB,5,0.05834722891449928,4.566140174865723,141
HRD_Score,TCGA-AO-A0JD,5,0.12251532822847366,4.378936767578125,142
HRD_Score,TCGA-AO-A128,5,0.016776762902736664,6.742311000823975,1263
HRD_Score,TCGA-AQ-A04H,5,0.06044962629675865,4.049178600311279,87
HRD_Score,TCGA-AR-A0TR,5,0.11729417741298676,3.4457733631134033,46
HRD_Score,TCGA-AR-A0TZ,5,0.13133667409420013,3.840148448944092,70
HRD_Score,TCGA-AR-A1AO,5,0.11965867877006531,4.2881035804748535,126
HRD_Score,TCGA-AR-A1AQ,5,0.08982468396425247,3.596853733062744,52
HRD_Score,TCGA-AR-A1AW,5,0.12005593627691269,3.308401584625244,44
HRD_Score,TCGA-AR-A1AX,5,0.11056061089038849,3.3252241611480713,36
HRD_Score,TCGA-AR-A1AY,5,0.0872032418847084,4.04443883895874,79
HRD_Score,TCGA-AR-A24N,5,0.11926251649856567,3.5224156379699707,49
HRD_Score,TCGA-AR-A24S,5,0.09325090795755386,3.802382230758667,62
HRD_Score,TCGA-AR-A256,5,0.02632712572813034,5.175646781921387,245
HRD_Score,TCGA-AR-A5QN,5,0.09475042670965195,3.7269036769866943,59
HRD_Score,TCGA-AR-A5QP,5,0.15838150680065155,3.367811918258667,38
HRD_Score,TCGA-B6-A0I2,5,0.05617231875658035,4.145296096801758,80
HRD_Score,TCGA-B6-A0RE,5,0.09482821077108383,4.814599514007568,211
HRD_Score,TCGA-B6-A0RS,5,0.04370521008968353,4.940261363983154,205
HRD_Score,TCGA-B6-A0RU,5,0.11522210389375687,3.819523334503174,65
HRD_Score,TCGA-B6-A0X1,5,0.051469508558511734,4.360523223876953,99
HRD_Score,TCGA-B6-A409,5,0.07254472374916077,3.7941739559173584,58
HRD_Score,TCGA-B6-A40C,5,0.061039697378873825,3.747309446334839,57
HRD_Score,TCGA-BH-A0BL,5,0.0336436964571476,4.708272933959961,143
HRD_Score,TCGA-BH-A0BM,5,0.10805124044418335,3.902773141860962,77
HRD_Score,TCGA-BH-A0BO,5,0.08409995585680008,3.902150869369507,66
HRD_Score,TCGA-BH-A0BP,5,0.03965624049305916,4.985779762268066,206
HRD_Score,TCGA-BH-A0EE,5,0.03434475511312485,4.889100074768066,186
HRD_Score,TCGA-BH-A0H0,5,0.09780842810869217,3.1755573749542236,28
HRD_Score,TCGA-BH-A0W4,5,0.3517857789993286,2.870687961578369,43
HRD_Score,TCGA-BH-A0WA,5,0.07599545270204544,4.266702175140381,123
HRD_Score,TCGA-BH-A18F,5,0.10957270860671997,3.9141716957092285,72
HRD_Score,TCGA-BH-A18T,5,0.0849861204624176,4.222977638244629,111
HRD_Score,TCGA-BH-A1EW,5,0.256956547498703,2.784785509109497,22
HRD_Score,TCGA-BH-A1EY,5,0.14389212429523468,3.6706759929656982,58
HRD_Score,TCGA-BH-A1FC,5,0.11296498030424118,4.447338104248047,135
HRD_Score,TCGA-BH-A204,5,0.0787050649523735,3.7078468799591064,56
HRD_Score,TCGA-BH-A28Q,5,0.11385376751422882,3.1225314140319824,30
HRD_Score,TCGA-BH-A8G0,5,0.20256315171718597,2.6700868606567383,21
HRD_Score,TCGA-BH-AB28,5,0.05068669095635414,4.432832717895508,101
HRD_Score,TCGA-C8-A12Q,5,0.03876405954360962,4.660153388977051,146
HRD_Score,TCGA-C8-A12U,5,0.11329212784767151,3.7289135456085205,65
HRD_Score,TCGA-C8-A12Z,5,0.07082175463438034,3.8357176780700684,63
HRD_Score,TCGA-C8-A131,5,0.09791018813848495,4.035662651062012,84
HRD_Score,TCGA-C8-A138,5,0.07867956906557083,3.7742960453033447,59
HRD_Score,TCGA-C8-A1HJ,5,0.08353458344936371,4.293152809143066,135
HRD_Score,TCGA-C8-A1HK,5,0.051694680005311966,4.050417900085449,76
HRD_Score,TCGA-C8-A1HM,5,0.016509218141436577,5.75755500793457,462
HRD_Score,TCGA-C8-A26W,5,0.13015533983707428,3.885287046432495,73
HRD_Score,TCGA-C8-A273,5,0.15677039325237274,3.0809764862060547,28
HRD_Score,TCGA-C8-A27A,5,0.14576587080955505,3.386425495147705,41
HRD_Score,TCGA-C8-A8HP,5,0.023063812404870987,5.237963676452637,276
HRD_Score,TCGA-D8-A13Y,5,0.13203904032707214,3.8728725910186768,92
HRD_Score,TCGA-D8-A1JB,5,0.10854247957468033,3.8685431480407715,69
HRD_Score,TCGA-D8-A1JF,5,0.10079552233219147,3.6882097721099854,56
HRD_Score,TCGA-D8-A1JG,5,0.054279424250125885,4.801621437072754,185
HRD_Score,TCGA-D8-A1JJ,5,0.07155975699424744,4.251294136047363,102
HRD_Score,TCGA-D8-A1JU,5,0.18555136024951935,2.7304697036743164,21
HRD_Score,TCGA-D8-A1XB,5,0.12502649426460266,3.547484874725342,54
HRD_Score,TCGA-D8-A1XF,5,0.08430391550064087,3.7162699699401855,56
HRD_Score,TCGA-D8-A1XG,5,0.1205524355173111,3.3099944591522217,36
HRD_Score,TCGA-D8-A1XL,5,0.04958471655845642,4.445461750030518,118
HRD_Score,TCGA-D8-A1XY,5,0.1235518530011177,3.822258472442627,66
HRD_Score,TCGA-D8-A1Y3,5,0.09171086549758911,3.8546502590179443,71
HRD_Score,TCGA-D8-A27F,5,0.08907637745141983,4.128068923950195,84
HRD_Score,TCGA-E2-A14O,5,0.09039697051048279,3.372218370437622,40
HRD_Score,TCGA-E2-A15R,5,0.14020183682441711,3.4994378089904785,51
HRD_Score,TCGA-E2-A1AZ,5,0.0832778587937355,4.174576282501221,84
HRD_Score,TCGA-E2-A1B5,5,0.030489912256598473,4.416538715362549,101
HRD_Score,TCGA-E2-A1BD,5,0.10856509208679199,3.4446237087249756,48
HRD_Score,TCGA-E2-A1IE,5,0.17637811601161957,3.024338960647583,31
HRD_Score,TCGA-E2-A1IK,5,0.16132865846157074,2.881516933441162,22
HRD_Score,TCGA-E2-A1IL,5,0.20599231123924255,3.147937297821045,38
HRD_Score,TCGA-E2-A1L8,5,0.13736942410469055,3.3201136589050293,42
HRD_Score,TCGA-E2-A1LA,5,0.0797116756439209,4.357776165008545,115
HRD_Score,TCGA-E2-A1LG,5,0.051323745399713516,4.957821369171143,222
HRD_Score,TCGA-E9-A1N5,5,0.1246795803308487,3.401979446411133,43
HRD_Score,TCGA-E9-A1RA,5,0.13689987361431122,2.922457695007324,27
HRD_Score,TCGA-E9-A22A,5,0.11235658079385757,3.4197771549224854,39
HRD_Score,TCGA-E9-A22B,5,0.07053470611572266,3.988147497177124,78
HRD_Score,TCGA-E9-A22E,5,0.1000417172908783,4.484276294708252,158
HRD_Score,TCGA-E9-A245,5,0.09136002510786057,3.127413749694824,26
HRD_Score,TCGA-E9-A2JS,5,0.04625710844993591,4.301766872406006,98
HRD_Score,TCGA-EW-A1J6,5,0.07677605003118515,3.622661828994751,47
HRD_Score,TCGA-EW-A1OV,5,0.03686006739735603,4.665657997131348,144
HRD_Score,TCGA-EW-A1OZ,5,0.0599115826189518,4.045304298400879,79
HRD_Score,TCGA-EW-A1P8,5,0.15370023250579834,3.4322519302368164,42
HRD_Score,TCGA-EW-A6SB,5,0.0716310515999794,4.146219253540039,92
HRD_Score,TCGA-EW-A6SD,5,0.03871501237154007,4.218851566314697,80
HRD_Score,TCGA-GM-A2DM,5,0.1704099029302597,2.9696109294891357,28
HRD_Score,TCGA-LL-A5YN,5,0.14475330710411072,3.504871129989624,51
HRD_Score,TCGA-LL-A5YP,5,0.08156924694776535,4.3268585205078125,110
HRD_Score,TCGA-OK-A5Q2,5,0.20928922295570374,3.129768133163452,44
HRD_Score,TCGA-OL-A5RX,5,0.0749264657497406,3.471153974533081,39
HRD_Score,TCGA-OL-A5RZ,5,0.057854682207107544,4.5664191246032715,167
HRD_Score,TCGA-OL-A6VR,5,0.0719119980931282,3.4949822425842285,40
HRD_Score,TCGA-OL-A97C,5,0.15142250061035156,4.0362019538879395,96
HRD_Score,TCGA-PE-A5DD,5,0.08536151051521301,4.128840446472168,92
HRD_Score,TCGA-PL-A8LZ,5,0.1482515186071396,4.311744689941406,140
HRD_Score,TCGA-S3-AA10,5,0.12527713179588318,4.896943092346191,231
HRD_Score,TCGA-S3-AA11,5,0.054655324667692184,4.350139141082764,110
HRD_Score,TCGA-W8-A86G,5,0.21913395822048187,3.1363942623138428,39
HRD_Score,TCGA-XX-A89A,5,0.03519636020064354,5.208409309387207,271
hrd_binary_33,TCGA-A1-A0SB,1,0.20729990303516388,2.684843063354492,19
hrd_binary_33,TCGA-A2-A04R,1,0.08263882249593735,4.393080711364746,109
hrd_binary_33,TCGA-A2-A04W,1,0.032738327980041504,5.016601085662842,190
hrd_binary_33,TCGA-A2-A04Y,1,0.16259142756462097,3.795732021331787,66
hrd_binary_33,TCGA-A2-A0CM,1,0.05200289934873581,4.153078079223633,76
hrd_binary_33,TCGA-A2-A0CS,1,0.060534730553627014,3.820754289627075,57
hrd_binary_33,TCGA-A2-A0EN,1,0.09270761162042618,3.497511625289917,43
hrd_binary_33,TCGA-A2-A0EV,1,0.0788528174161911,4.091588497161865,83
hrd_binary_33,TCGA-A2-A0EW,1,0.16144521534442902,2.8036859035491943,21
hrd_binary_33,TCGA-A2-A0SX,1,0.12109945714473724,3.5563719272613525,42
hrd_binary_33,TCGA-A2-A0T2,1,0.07444038987159729,3.6189358234405518,43
hrd_binary_33,TCGA-A2-A0YF,1,0.07822226732969284,3.7271130084991455,49
hrd_binary_33,TCGA-A2-A0YK,1,0.01755840703845024,5.9247212409973145,489
hrd_binary_33,TCGA-A2-A0YT,1,0.048202261328697205,4.334648132324219,87
hrd_binary_33,TCGA-A2-A1G4,1,0.05172516405582428,3.71582293510437,45
hrd_binary_33,TCGA-A2-A25C,1,0.13544519245624542,3.4062371253967285,46
hrd_binary_33,TCGA-A2-A4S1,1,0.06755207479000092,4.41202449798584,106
hrd_binary_33,TCGA-A7-A13F,1,0.026764800772070885,4.4636993408203125,97
hrd_binary_33,TCGA-A7-A26J,1,0.0915146917104721,3.7114131450653076,52
hrd_binary_33,TCGA-A7-A5ZW,1,0.08945351839065552,3.5536208152770996,42
hrd_binary_33,TCGA-A7-A6VW,1,0.07615417242050171,4.292655944824219,100
hrd_binary_33,TCGA-A8-A06P,1,0.11515364050865173,3.5591750144958496,48
hrd_binary_33,TCGA-A8-A06R,1,0.04147423431277275,4.2796807289123535,89
hrd_binary_33,TCGA-A8-A06X,1,0.017413733527064323,5.425029754638672,275
hrd_binary_33,TCGA-A8-A079,1,0.04326228052377701,4.436517238616943,99
hrd_binary_33,TCGA-A8-A07I,1,0.05474979802966118,3.9503588676452637,60
hrd_binary_33,TCGA-A8-A07O,1,0.1259244829416275,3.779888868331909,58
hrd_binary_33,TCGA-A8-A07P,1,0.03860456869006157,4.114892959594727,69
hrd_binary_33,TCGA-A8-A08B,1,0.05886754393577576,4.0885748863220215,74
hrd_binary_33,TCGA-A8-A08X,1,0.05249043554067612,3.762531280517578,47
hrd_binary_33,TCGA-A8-A09D,1,0.06280401349067688,4.005910873413086,64
hrd_binary_33,TCGA-A8-A09X,1,0.04268869012594223,4.1313300132751465,74
hrd_binary_33,TCGA-AC-A23H,1,0.00219676923006773,8.2558012008667,5000
hrd_binary_33,TCGA-AC-A4ZE,1,0.046063803136348724,4.152355194091797,80
hrd_binary_33,TCGA-AC-A5EH,1,0.04087437316775322,5.137608528137207,214
hrd_binary_33,TCGA-AC-A5XS,1,0.010482016019523144,7.033697128295898,1454
hrd_binary_33,TCGA-AN-A03X,1,0.06533069163560867,3.778219699859619,54
hrd_binary_33,TCGA-AN-A049,1,0.09962519258260727,3.410102128982544,41
hrd_binary_33,TCGA-AN-A0AT,1,0.08881177008152008,4.700345993041992,153
hrd_binary_33,TCGA-AN-A0FS,1,0.05133819952607155,4.388658046722412,96
hrd_binary_33,TCGA-AN-A0FT,1,0.030778029933571815,4.7567949295043945,136
hrd_binary_33,TCGA-AN-A0FW,1,0.054630715399980545,4.789422035217285,160
hrd_binary_33,TCGA-AN-A0XR,1,0.055360861122608185,3.641171932220459,42
hrd_binary_33,TCGA-AN-A0XU,1,0.036317359656095505,4.83585262298584,153
hrd_binary_33,TCGA-AN-A0XW,1,0.017353637143969536,5.819663047790527,429
hrd_binary_33,TCGA-AO-A03R,1,0.07399667799472809,3.909123420715332,59
hrd_binary_33,TCGA-AO-A03V,1,0.03797800466418266,4.163297653198242,74
hrd_binary_33,TCGA-AO-A0J3,1,0.05069858953356743,4.476782321929932,108
hrd_binary_33,TCGA-AO-A12D,1,0.06398388743400574,4.127899169921875,74
hrd_binary_33,TCGA-AQ-A1H3,1,0.1470666527748108,3.291071653366089,33
hrd_binary_33,TCGA-AR-A0TP,1,0.058493562042713165,4.211759090423584,83
hrd_binary_33,TCGA-AR-A0TR,1,0.0975186675786972,3.6645848751068115,46
hrd_binary_33,TCGA-AR-A0TW,1,0.06648686528205872,4.079989910125732,71
hrd_binary_33,TCGA-AR-A0TZ,1,0.07314881682395935,4.023993015289307,70
hrd_binary_33,TCGA-AR-A1AH,1,0.035254962742328644,4.7126264572143555,131
hrd_binary_33,TCGA-AR-A1AP,1,0.10097245126962662,3.7957115173339844,55
hrd_binary_33,TCGA-AR-A24L,1,0.07043157517910004,3.850931167602539,61
hrd_binary_33,TCGA-AR-A24X,1,0.07466763257980347,3.5361428260803223,38
hrd_binary_33,TCGA-AR-A2LK,1,0.11221728473901749,3.697599172592163,53
hrd_binary_33,TCGA-AR-A2LN,1,0.08835775405168533,3.9009110927581787,61
hrd_binary_33,TCGA-AR-A5QM,1,0.12128625065088272,3.3678500652313232,38
hrd_binary_33,TCGA-B6-A0I9,1,0.05053120478987694,4.60532283782959,118
hrd_binary_33,TCGA-B6-A0IE,1,0.14819303154945374,3.391932725906372,44
hrd_binary_33,TCGA-B6-A0RE,1,0.033462755382061005,5.145928382873535,211
hrd_binary_33,TCGA-B6-A0RN,1,0.09113270789384842,3.475741386413574,38
hrd_binary_33,TCGA-B6-A0RP,1,0.13263602554798126,3.2406721115112305,31
hrd_binary_33,TCGA-B6-A1KC,1,0.088929183781147,3.530791759490967,40
hrd_binary_33,TCGA-B6-A1KN,1,0.04963858798146248,4.1976447105407715,79
hrd_binary_33,TCGA-B6-A409,1,0.07190034538507462,3.832965612411499,58
hrd_binary_33,TCGA-B6-A40C,1,0.06892016530036926,3.876960277557373,57
hrd_binary_33,TCGA-BH-A0AV,1,0.06900105625391006,4.277022838592529,92
hrd_binary_33,TCGA-BH-A0AY,1,0.020852474495768547,4.948905944824219,162
hrd_binary_33,TCGA-BH-A0BA,1,0.03577319532632828,4.518693923950195,110
hrd_binary_33,TCGA-BH-A0BF,1,0.10897160321474075,3.3832406997680664,37
hrd_binary_33,TCGA-BH-A0C1,1,0.06694420427083969,3.8580973148345947,54
hrd_binary_33,TCGA-BH-A0DI,1,0.07215605676174164,3.938784122467041,64
hrd_binary_33,TCGA-BH-A0DL,1,0.02866065502166748,4.758049011230469,135
hrd_binary_33,TCGA-BH-A0E2,1,0.0743582621216774,3.973031520843506,64
hrd_binary_33,TCGA-BH-A0EA,1,0.1178007498383522,3.3598687648773193,33
hrd_binary_33,TCGA-BH-A0EB,1,0.057060666382312775,3.9418954849243164,62
hrd_binary_33,TCGA-BH-A0HA,1,0.015199695713818073,6.013004779815674,470
hrd_binary_33,TCGA-BH-A0HO,1,0.07918708026409149,3.2303097248077393,29
hrd_binary_33,TCGA-BH-A18G,1,0.004416690208017826,7.366981506347656,1922
hrd_binary_33,TCGA-BH-A18I,1,0.1644037961959839,3.2883522510528564,37
hrd_binary_33,TCGA-BH-A18M,1,0.10117662698030472,2.9355602264404297,22
hrd_binary_33,TCGA-BH-A18P,1,0.019306441769003868,5.842111110687256,446
hrd_binary_33,TCGA-BH-A18Q,1,0.03580620139837265,4.578307628631592,121
hrd_binary_33,TCGA-BH-A1F0,1,0.03257516399025917,4.462304592132568,101
hrd_binary_33,TCGA-BH-A1FM,1,0.07231537997722626,3.9979724884033203,68
hrd_binary_33,TCGA-BH-A201,1,0.18249432742595673,2.9913418292999268,28
hrd_binary_33,TCGA-BH-A204,1,0.05344819277524948,3.9008753299713135,56
hrd_binary_33,TCGA-BH-A6R8,1,0.07649608701467514,3.584716320037842,44
hrd_binary_33,TCGA-BH-A8FY,1,0.07789216190576553,3.877140760421753,64
hrd_binary_33,TCGA-BH-AB28,1,0.03012855537235737,4.455019474029541,101
hrd_binary_33,TCGA-C8-A12L,1,0.05661424994468689,4.352744102478027,102
hrd_binary_33,TCGA-C8-A133,1,0.11170266568660736,3.3406126499176025,36
hrd_binary_33,TCGA-C8-A1HG,1,0.04905414581298828,4.109984874725342,75
hrd_binary_33,TCGA-C8-A1HM,1,0.023679831996560097,5.865910530090332,462
hrd_binary_33,TCGA-C8-A26W,1,0.05717941001057625,4.077795505523682,73
hrd_binary_33,TCGA-C8-A26X,1,0.08865142613649368,4.275383472442627,90
hrd_binary_33,TCGA-C8-A26Y,1,0.011930002830922604,6.647839546203613,942
hrd_binary_33,TCGA-C8-A278,1,0.07476264238357544,3.7524209022521973,57
hrd_binary_33,TCGA-D8-A13Y,1,0.07662113755941391,4.227324962615967,92
hrd_binary_33,TCGA-D8-A140,1,0.03529742360115051,4.787956237792969,149
hrd_binary_33,TCGA-D8-A143,1,0.16225622594356537,3.857527017593384,70
hrd_binary_33,TCGA-D8-A1J8,1,0.01001337356865406,6.7438063621521,1045
hrd_binary_33,TCGA-D8-A1JI,1,0.06930849701166153,3.6984527111053467,44
hrd_binary_33,TCGA-D8-A1JS,1,0.12692904472351074,3.139650821685791,33
hrd_binary_33,TCGA-D8-A1X5,1,0.08258306235074997,4.097759246826172,73
hrd_binary_33,TCGA-D8-A1XL,1,0.05503695085644722,4.532642364501953,118
hrd_binary_33,TCGA-D8-A27H,1,0.028194444254040718,4.966488838195801,172
hrd_binary_33,TCGA-D8-A4Z1,1,0.07615821808576584,3.668531894683838,47
hrd_binary_33,TCGA-D8-A73U,1,0.02357112243771553,5.185482978820801,216
hrd_binary_33,TCGA-E2-A152,1,0.029739143326878548,4.921655654907227,175
hrd_binary_33,TCGA-E2-A153,1,0.07589514553546906,3.843235731124878,61
hrd_binary_33,TCGA-E2-A158,1,0.0490834005177021,4.665574073791504,133
hrd_binary_33,TCGA-E2-A15C,1,0.09005409479141235,3.762274980545044,54
hrd_binary_33,TCGA-E2-A15G,1,0.06413426250219345,4.077359199523926,78
hrd_binary_33,TCGA-E2-A15T,1,0.07941465079784393,3.611431837081909,42
hrd_binary_33,TCGA-E2-A1B4,1,0.12277737259864807,3.4066014289855957,44
hrd_binary_33,TCGA-E2-A1IG,1,0.10937030613422394,3.881711483001709,65
hrd_binary_33,TCGA-E2-A1IH,1,0.08711493015289307,4.158979415893555,89
hrd_binary_33,TCGA-E2-A1L8,1,0.10134705156087875,3.512389659881592,42
hrd_binary_33,TCGA-E2-A1LL,1,0.05922296270728111,4.004158020019531,64
hrd_binary_33,TCGA-E9-A1N3,1,0.12494351714849472,3.2836833000183105,32
hrd_binary_33,TCGA-E9-A1N5,1,0.10055305063724518,3.5491816997528076,43
hrd_binary_33,TCGA-E9-A1ND,1,0.03548089414834976,4.589853763580322,113
hrd_binary_33,TCGA-E9-A1NG,1,0.15630601346492767,2.9397900104522705,24
hrd_binary_33,TCGA-E9-A1R3,1,0.12441553920507431,3.131812334060669,28
hrd_binary_33,TCGA-E9-A1R5,1,0.0858757346868515,3.8512704372406006,58
hrd_binary_33,TCGA-E9-A227,1,0.12542802095413208,2.967644453048706,23
hrd_binary_33,TCGA-E9-A22B,1,0.0458860844373703,4.196649551391602,78
hrd_binary_33,TCGA-E9-A244,1,0.03505560755729675,4.655323028564453,134
hrd_binary_33,TCGA-E9-A245,1,0.2377258688211441,2.933138608932495,26
hrd_binary_33,TCGA-EW-A1IW,1,0.03671660274267197,4.707595348358154,131
hrd_binary_33,TCGA-EW-A1J6,1,0.0734783411026001,3.6625189781188965,47
hrd_binary_33,TCGA-EW-A1P4,1,0.05214881896972656,4.1850481033325195,83
hrd_binary_33,TCGA-EW-A1P5,1,0.2003522515296936,2.939505100250244,24
hrd_binary_33,TCGA-GM-A2DA,1,0.06590370088815689,3.7622501850128174,49
hrd_binary_33,TCGA-LD-A7W6,1,0.07979822158813477,3.777710437774658,51
hrd_binary_33,TCGA-LL-A73Z,1,0.11318108439445496,3.911853790283203,62
hrd_binary_33,TCGA-LL-A7SZ,1,0.052936289459466934,4.636136054992676,130
hrd_binary_33,TCGA-LL-A7T0,1,0.05290348082780838,4.202330589294434,81
hrd_binary_33,TCGA-OL-A5RX,1,0.1400037705898285,3.390110492706299,39
hrd_binary_33,TCGA-OL-A5RY,1,0.24670647084712982,2.525836944580078,17
hrd_binary_33,TCGA-OL-A5RZ,1,0.0384242907166481,4.928513050079346,167
hrd_binary_33,TCGA-OL-A5S0,1,0.09506820887327194,3.737318277359009,53
hrd_binary_33,TCGA-OL-A66K,1,0.05902353301644325,3.8838937282562256,54
hrd_binary_33,TCGA-OL-A6VR,1,0.0652589499950409,3.581174612045288,40
hrd_binary_33,TCGA-PE-A5DE,1,0.01236092671751976,6.342684268951416,704
hrd_binary_33,TCGA-S3-AA0Z,1,0.05286528542637825,4.198108673095703,80
hrd_binary_33,TCGA-S3-AA10,1,0.024354157969355583,5.219738960266113,231
hrd_binary_33,TCGA-UU-A93S,1,0.022632207721471786,5.276053428649902,241
hrd_binary_33,TCGA-W8-A86G,1,0.07574035227298737,3.5281877517700195,39
hrd_binary_33,TCGA-WT-AB41,1,0.05424008518457413,4.034623146057129,66
hrd_binary_33,TCGA-5T-A9QA,2,0.09552893042564392,4.117136001586914,93
hrd_binary_33,TCGA-A1-A0SE,2,0.6421087384223938,1.8632625341415405,39
hrd_binary_33,TCGA-A2-A04T,2,0.07635407894849777,4.259661674499512,127
hrd_binary_33,TCGA-A2-A04U,2,0.11036916822195053,3.715829610824585,71
hrd_binary_33,TCGA-A2-A04V,2,0.20726999640464783,3.2130556106567383,44
hrd_binary_33,TCGA-A2-A0CP,2,0.17790135741233826,3.3698182106018066,52
hrd_binary_33,TCGA-A2-A0CV,2,0.42002299427986145,2.420339822769165,27
hrd_binary_33,TCGA-A2-A0D3,2,0.2601546049118042,2.972048044204712,39
hrd_binary_33,TCGA-A2-A0T1,2,0.1766408085823059,3.1040964126586914,35
hrd_binary_33,TCGA-A2-A0T4,2,0.2014314830303192,3.159935712814331,45
hrd_binary_33,TCGA-A2-A0T6,2,0.48805275559425354,2.1868040561676025,29
hrd_binary_33,TCGA-A2-A0T7,2,0.2325778603553772,3.0793888568878174,33
hrd_binary_33,TCGA-A2-A0YE,2,0.17740115523338318,3.333907127380371,50
hrd_binary_33,TCGA-A2-A0YH,2,0.43035227060317993,2.7089669704437256,104
hrd_binary_33,TCGA-A2-A1G0,2,0.23291386663913727,2.828514337539673,26
hrd_binary_33,TCGA-A2-A1G1,2,0.18218664824962616,3.216996669769287,46
hrd_binary_33,TCGA-A2-A25D,2,0.15439823269844055,3.703873634338379,72
hrd_binary_33,TCGA-A2-A3XU,2,0.1063518300652504,3.232546091079712,38
hrd_binary_33,TCGA-A2-A3Y0,2,0.11018874496221542,4.684108257293701,252
hrd_binary_33,TCGA-A2-A4S3,2,0.06837214529514313,4.31810188293457,115
hrd_binary_33,TCGA-A7-A0D9,2,0.11946380138397217,3.6909303665161133,63
hrd_binary_33,TCGA-A7-A0DA,2,0.08714357018470764,4.756978988647461,210
hrd_binary_33,TCGA-A7-A4SE,2,0.04704168811440468,5.1775383949279785,321
hrd_binary_33,TCGA-A7-A6VX,2,0.0955241471529007,4.800301551818848,200
hrd_binary_33,TCGA-A8-A075,2,0.28172218799591064,3.6272826194763184,111
hrd_binary_33,TCGA-A8-A07W,2,0.09005364775657654,4.725749969482422,186
hrd_binary_33,TCGA-A8-A07Z,2,0.4426616430282593,1.9734386205673218,26
hrd_binary_33,TCGA-A8-A08H,2,0.04953615367412567,4.872208595275879,178
hrd_binary_33,TCGA-A8-A093,2,0.049756452441215515,4.527888298034668,144
hrd_binary_33,TCGA-A8-A097,2,0.06484472751617432,4.508171081542969,136
hrd_binary_33,TCGA-A8-A09A,2,0.0777047649025917,5.050280570983887,301
hrd_binary_33,TCGA-A8-A09M,2,0.09673953056335449,4.510494232177734,194
hrd_binary_33,TCGA-A8-A09V,2,0.08966781944036484,3.4969723224639893,49
hrd_binary_33,TCGA-A8-A09Z,2,0.014836203306913376,7.062615394592285,1720
hrd_binary_33,TCGA-A8-A0A1,2,0.18674248456954956,3.4865782260894775,62
hrd_binary_33,TCGA-A8-A0A2,2,0.19682614505290985,3.3928122520446777,57
hrd_binary_33,TCGA-A8-A0A7,2,0.045997489243745804,5.3000874519348145,304
hrd_binary_33,TCGA-A8-A0AB,2,0.10994956642389297,3.3817355632781982,43
hrd_binary_33,TCGA-AC-A2FO,2,0.2159530371427536,3.0894365310668945,32
hrd_binary_33,TCGA-AC-A3YI,2,0.2414872795343399,2.596766710281372,21
hrd_binary_33,TCGA-AC-A6IW,2,0.045057352632284164,5.063095569610596,251
hrd_binary_33,TCGA-AC-A7VB,2,0.12113797664642334,3.418790817260742,42
hrd_binary_33,TCGA-AC-A8OQ,2,0.04712854325771332,4.579798698425293,149
hrd_binary_33,TCGA-AN-A0FK,2,0.12887829542160034,3.644930601119995,60
hrd_binary_33,TCGA-AN-A0FY,2,0.2049560248851776,3.377422332763672,65
hrd_binary_33,TCGA-AO-A0J4,2,0.10100262612104416,4.527524948120117,151
hrd_binary_33,TCGA-AO-A0J8,2,0.09164664894342422,3.3259851932525635,37
hrd_binary_33,TCGA-AO-A0JE,2,0.15284480154514313,3.525975465774536,61
hrd_binary_33,TCGA-AO-A0JF,2,0.31290069222450256,2.8995590209960938,37
hrd_binary_33,TCGA-AO-A0JG,2,0.19235636293888092,2.7143211364746094,22
hrd_binary_33,TCGA-AO-A0JI,2,0.15251970291137695,2.8759841918945312,24
hrd_binary_33,TCGA-AO-A0JJ,2,0.4958983361721039,1.9153369665145874,24
hrd_binary_33,TCGA-AO-A0JM,2,0.16548886895179749,3.489387273788452,54
hrd_binary_33,TCGA-AO-A128,2,0.020769786089658737,6.7039642333984375,1263
hrd_binary_33,TCGA-AO-A12A,2,0.36591851711273193,2.361973762512207,21
hrd_binary_33,TCGA-AR-A0TY,2,0.1437428742647171,4.227548599243164,121
hrd_binary_33,TCGA-AR-A1AK,2,0.0928032398223877,3.9974474906921387,84
hrd_binary_33,TCGA-AR-A1AW,2,0.1912839412689209,3.2066543102264404,44
hrd_binary_33,TCGA-AR-A1AX,2,0.2524070143699646,2.735884666442871,36
hrd_binary_33,TCGA-AR-A24Q,2,0.0421372726559639,4.997311592102051,244
hrd_binary_33,TCGA-AR-A24Z,2,0.26498833298683167,3.264734983444214,62
hrd_binary_33,TCGA-AR-A251,2,0.1393505036830902,4.467436790466309,219
hrd_binary_33,TCGA-AR-A2LH,2,0.08371211588382721,3.8614256381988525,75
hrd_binary_33,TCGA-AR-A5QN,2,0.26202592253685,3.1163907051086426,59
hrd_binary_33,TCGA-B6-A0I2,2,0.16391120851039886,3.4032773971557617,80
hrd_binary_33,TCGA-B6-A0I5,2,0.274651437997818,2.7865045070648193,35
hrd_binary_33,TCGA-B6-A0IJ,2,0.05751696601510048,4.661853790283203,177
hrd_binary_33,TCGA-B6-A0RL,2,0.0555301308631897,4.107325553894043,76
hrd_binary_33,TCGA-B6-A0RO,2,0.24574345350265503,2.926823377609253,47
hrd_binary_33,TCGA-B6-A0RV,2,0.3147470951080322,3.3242099285125732,68
hrd_binary_33,TCGA-B6-A0WS,2,0.4964287281036377,2.0563008785247803,20
hrd_binary_33,TCGA-B6-A0WY,2,0.24671556055545807,3.0382702350616455,39
hrd_binary_33,TCGA-B6-A0X0,2,0.735888659954071,1.32738196849823,28
hrd_binary_33,TCGA-B6-A0X5,2,0.3414764702320099,3.036428451538086,54
hrd_binary_33,TCGA-BH-A0B7,2,0.10283657908439636,4.039370059967041,97
hrd_binary_33,TCGA-BH-A0BZ,2,0.08570519834756851,4.997335910797119,331
hrd_binary_33,TCGA-BH-A0C7,2,0.42087236046791077,2.8945775032043457,66
hrd_binary_33,TCGA-BH-A0DK,2,0.04928049445152283,5.010169506072998,266
hrd_binary_33,TCGA-BH-A0DS,2,0.07015621662139893,3.7590553760528564,62
hrd_binary_33,TCGA-BH-A0E1,2,0.12741369009017944,3.7744696140289307,72
hrd_binary_33,TCGA-BH-A0GY,2,0.2755299210548401,3.121185064315796,48
hrd_binary_33,TCGA-BH-A0H6,2,0.3697149157524109,2.6281673908233643,30
hrd_binary_33,TCGA-BH-A0HB,2,0.26842397451400757,3.141458749771118,45
hrd_binary_33,TCGA-BH-A0HW,2,0.16398872435092926,3.3633666038513184,46
hrd_binary_33,TCGA-BH-A0WA,2,0.13613544404506683,4.15428352355957,123
hrd_binary_33,TCGA-BH-A18F,2,0.17958666384220123,3.7082672119140625,72
hrd_binary_33,TCGA-BH-A1EO,2,0.13121840357780457,3.4329724311828613,53
hrd_binary_33,TCGA-BH-A1EV,2,0.05522551015019417,4.5269999504089355,131
hrd_binary_33,TCGA-BH-A1EW,2,0.2728162407875061,2.713338613510132,22
hrd_binary_33,TCGA-BH-A1FJ,2,0.0793255940079689,3.5943093299865723,48
hrd_binary_33,TCGA-BH-A1FU,2,0.06477167457342148,4.366685390472412,119
hrd_binary_33,TCGA-BH-A202,2,0.33812984824180603,2.680629253387451,31
hrd_binary_33,TCGA-C8-A130,2,0.2890152335166931,2.746854066848755,58
hrd_binary_33,TCGA-C8-A132,2,0.06252647191286087,4.11372184753418,88
hrd_binary_33,TCGA-C8-A1HL,2,0.23289650678634644,3.0898613929748535,38
hrd_binary_33,TCGA-C8-A8HP,2,0.026360537856817245,5.307622909545898,276
hrd_binary_33,TCGA-C8-A8HQ,2,0.05225677788257599,5.471240997314453,379
hrd_binary_33,TCGA-D8-A145,2,0.15808618068695068,3.252228260040283,54
hrd_binary_33,TCGA-D8-A147,2,0.06622973829507828,4.659671783447266,215
hrd_binary_33,TCGA-D8-A1JC,2,0.25191912055015564,3.5722997188568115,126
hrd_binary_33,TCGA-D8-A1JF,2,0.2273469865322113,3.182356357574463,56
hrd_binary_33,TCGA-D8-A1JG,2,0.08045083284378052,4.637322902679443,185
hrd_binary_33,TCGA-D8-A1XC,2,0.23524118959903717,2.965325355529785,36
hrd_binary_33,TCGA-D8-A1XF,2,0.06459859758615494,3.7471375465393066,56
hrd_binary_33,TCGA-D8-A1XK,2,0.09755910187959671,6.41727876663208,1426
hrd_binary_33,TCGA-D8-A1XO,2,0.1360386162996292,3.0553572177886963,31
hrd_binary_33,TCGA-D8-A1XQ,2,0.04282500594854355,6.453016757965088,1180
hrd_binary_33,TCGA-D8-A1XT,2,0.2611674666404724,3.212050437927246,48
hrd_binary_33,TCGA-D8-A1XZ,2,0.14083810150623322,3.98447847366333,105
hrd_binary_33,TCGA-D8-A1Y3,2,0.05996231362223625,3.921206474304199,71
hrd_binary_33,TCGA-D8-A3Z6,2,0.5452763438224792,2.1881327629089355,44
hrd_binary_33,TCGA-E2-A14X,2,0.16661761701107025,3.296154022216797,44
hrd_binary_33,TCGA-E2-A14Y,2,0.1658400446176529,3.456256866455078,114
hrd_binary_33,TCGA-E2-A156,2,0.07475722581148148,3.2839581966400146,32
hrd_binary_33,TCGA-E2-A159,2,0.07939368486404419,4.667811393737793,203
hrd_binary_33,TCGA-E2-A15P,2,0.074712373316288,3.6731810569763184,54
hrd_binary_33,TCGA-E2-A1B5,2,0.054446663707494736,4.315939903259277,101
hrd_binary_33,TCGA-E2-A1BD,2,0.1877065896987915,3.3218917846679688,48
hrd_binary_33,TCGA-E2-A1IK,2,0.35675501823425293,2.3849966526031494,22
hrd_binary_33,TCGA-E2-A1IL,2,0.2692067623138428,2.9310264587402344,38
hrd_binary_33,TCGA-E2-A56Z,2,0.1368277221918106,3.707179307937622,65
hrd_binary_33,TCGA-E9-A1NI,2,0.13464564085006714,3.2772626876831055,43
hrd_binary_33,TCGA-E9-A1R6,2,0.10743221640586853,3.2954466342926025,39
hrd_binary_33,TCGA-E9-A1RA,2,0.2631816565990448,2.6507813930511475,27
hrd_binary_33,TCGA-E9-A1RB,2,0.1986331343650818,2.9705846309661865,43
hrd_binary_33,TCGA-E9-A1RF,2,0.07223507761955261,4.597877502441406,181
hrd_binary_33,TCGA-E9-A1RH,2,0.32866495847702026,3.482783794403076,122
hrd_binary_33,TCGA-E9-A22G,2,0.08499247580766678,4.372485160827637,128
hrd_binary_33,TCGA-E9-A243,2,0.08487477898597717,4.028383255004883,95
hrd_binary_33,TCGA-E9-A248,2,0.1352963000535965,3.269061326980591,36
hrd_binary_33,TCGA-E9-A3X8,2,0.6643316745758057,1.761698603630066,44
hrd_binary_33,TCGA-E9-A5FL,2,0.08541291952133179,4.357655048370361,145
hrd_binary_33,TCGA-EW-A1IZ,2,0.042378731071949005,5.873779296875,534
hrd_binary_33,TCGA-EW-A1J3,2,0.2141154408454895,2.804687023162842,32
hrd_binary_33,TCGA-EW-A1OY,2,0.09355032444000244,3.976093292236328,85
hrd_binary_33,TCGA-EW-A1OZ,2,0.14870263636112213,3.693913698196411,79
hrd_binary_33,TCGA-EW-A1PH,2,0.16190651059150696,3.542612314224243,68
hrd_binary_33,TCGA-EW-A2FS,2,0.10587237030267715,3.6330649852752686,50
hrd_binary_33,TCGA-EW-A6SB,2,0.09550724923610687,4.050442218780518,92
hrd_binary_33,TCGA-GM-A2DL,2,0.0967789813876152,3.6198859214782715,56
hrd_binary_33,TCGA-GM-A5PX,2,0.2235654592514038,3.044145107269287,44
hrd_binary_33,TCGA-LL-A5YL,2,0.04023617133498192,4.345614433288574,97
hrd_binary_33,TCGA-LL-A5YM,2,0.33256012201309204,2.732665777206421,46
hrd_binary_33,TCGA-LL-A5YN,2,0.2453157752752304,3.355546712875366,51
hrd_binary_33,TCGA-LL-A6FR,2,0.301723837852478,3.278770685195923,73
hrd_binary_33,TCGA-OL-A5D7,2,0.09178238362073898,4.095684051513672,86
hrd_binary_33,TCGA-OL-A66H,2,0.10760585963726044,3.1181154251098633,31
hrd_binary_33,TCGA-OL-A66J,2,0.3629487454891205,3.173604965209961,72
hrd_binary_33,TCGA-OL-A66O,2,0.21189570426940918,2.977104663848877,45
hrd_binary_33,TCGA-PE-A5DD,2,0.20616132020950317,3.735645055770874,92
hrd_binary_33,TCGA-PL-A8LV,2,0.08024080842733383,4.702743053436279,167
hrd_binary_33,TCGA-PL-A8LX,2,0.3181501626968384,3.1137099266052246,53
hrd_binary_33,TCGA-S3-A6ZH,2,0.09288181364536285,3.595663070678711,52
hrd_binary_33,TCGA-S3-AA14,2,0.17459458112716675,2.8137147426605225,27
hrd_binary_33,TCGA-S3-AA17,2,0.047232821583747864,4.698902606964111,161
hrd_binary_33,TCGA-5L-AAT0,3,0.43986982107162476,2.828338384628296,282
hrd_binary_33,TCGA-A1-A0SQ,3,0.3197341561317444,2.447021484375,40
hrd_binary_33,TCGA-A2-A04P,3,0.32714736461639404,2.594740867614746,180
hrd_binary_33,TCGA-A2-A04Q,3,0.43897145986557007,2.2226109504699707,71
hrd_binary_33,TCGA-A2-A0D0,3,0.2849961221218109,2.9277749061584473,114
hrd_binary_33,TCGA-A2-A0D1,3,0.22917614877223969,2.852403163909912,79
hrd_binary_33,TCGA-A2-A0EX,3,0.30378976464271545,2.502390146255493,35
hrd_binary_33,TCGA-A2-A0SV,3,0.24058784544467926,2.8182218074798584,51
hrd_binary_33,TCGA-A2-A0SY,3,0.20019659399986267,3.6766669750213623,181
hrd_binary_33,TCGA-A2-A0T0,3,0.19524262845516205,3.013367176055908,239
hrd_binary_33,TCGA-A2-A0T5,3,0.3822849690914154,1.890190839767456,17
hrd_binary_33,TCGA-A2-A0YC,3,0.16096900403499603,2.79137921333313,35
hrd_binary_33,TCGA-A2-A0YD,3,0.08775200694799423,3.5808372497558594,95
hrd_binary_33,TCGA-A2-A0YG,3,0.1782740205526352,2.962700128555298,79
hrd_binary_33,TCGA-A2-A1FX,3,0.25690728425979614,2.307875156402588,32
hrd_binary_33,TCGA-A2-A1FZ,3,0.3555319607257843,2.0661635398864746,36
hrd_binary_33,TCGA-A7-A0CG,3,0.23157361149787903,2.917032480239868,78
hrd_binary_33,TCGA-A7-A0CJ,3,0.4000459909439087,1.9980357885360718,77
hrd_binary_33,TCGA-A7-A0DB,3,0.20121216773986816,2.5831656455993652,60
hrd_binary_33,TCGA-A7-A13D,3,0.3811829686164856,2.0554568767547607,158
hrd_binary_33,TCGA-A7-A26E,3,0.21652285754680634,2.8785243034362793,71
hrd_binary_33,TCGA-A8-A06Y,3,0.26768437027931213,2.7063188552856445,45
hrd_binary_33,TCGA-A8-A076,3,0.21955230832099915,2.556187152862549,99
hrd_binary_33,TCGA-A8-A07J,3,0.25292158126831055,2.936174154281616,54
hrd_binary_33,TCGA-A8-A081,3,0.14481335878372192,3.5941357612609863,161
hrd_binary_33,TCGA-A8-A08L,3,0.1520216464996338,3.702903985977173,284
hrd_binary_33,TCGA-A8-A094,3,0.30172261595726013,3.3870983123779297,254
hrd_binary_33,TCGA-A8-A096,3,0.2481091469526291,2.3571438789367676,40
hrd_binary_33,TCGA-A8-A099,3,0.25725308060646057,2.378171920776367,36
hrd_binary_33,TCGA-A8-A09N,3,0.1366087645292282,3.4029548168182373,106
hrd_binary_33,TCGA-A8-A09Q,3,0.16251631081104279,3.4717609882354736,202
hrd_binary_33,TCGA-A8-A09T,3,0.24257922172546387,2.4513673782348633,27
hrd_binary_33,TCGA-A8-A0A6,3,0.2686502933502197,2.536550998687744,43
hrd_binary_33,TCGA-AC-A2FB,3,0.25610804557800293,1.9613144397735596,17
hrd_binary_33,TCGA-AC-A3QQ,3,0.32748425006866455,2.5426080226898193,37
hrd_binary_33,TCGA-AC-A62Y,3,0.4069958031177521,1.9227648973464966,95
hrd_binary_33,TCGA-AC-A8OR,3,0.3168177306652069,2.4752111434936523,94
hrd_binary_33,TCGA-AC-A8OS,3,0.4138428568840027,2.3701276779174805,85
hrd_binary_33,TCGA-AN-A041,3,0.1869831681251526,2.792391061782837,43
hrd_binary_33,TCGA-AN-A04C,3,0.3364225924015045,2.5166327953338623,102
hrd_binary_33,TCGA-AN-A0AJ,3,0.32790258526802063,2.592001438140869,119
hrd_binary_33,TCGA-AN-A0AL,3,0.2305370420217514,3.0885701179504395,116
hrd_binary_33,TCGA-AN-A0AR,3,0.42183181643486023,2.3947019577026367,162
hrd_binary_33,TCGA-AN-A0FJ,3,0.25539737939834595,2.606898307800293,129
hrd_binary_33,TCGA-AN-A0FV,3,0.33904558420181274,2.5211477279663086,121
hrd_binary_33,TCGA-AN-A0XO,3,0.22877763211727142,2.72243070602417,46
hrd_binary_33,TCGA-AN-A0XP,3,0.24028369784355164,2.5469882488250732,39
hrd_binary_33,TCGA-AO-A03P,3,0.2436179518699646,2.821359872817993,71
hrd_binary_33,TCGA-AO-A0J7,3,0.2642096281051636,1.9692507982254028,28
hrd_binary_33,TCGA-AO-A1KR,3,0.4288797378540039,2.426701307296753,94
hrd_binary_33,TCGA-AO-A1KT,3,0.10409487783908844,3.181339979171753,56
hrd_binary_33,TCGA-AQ-A04H,3,0.24995695054531097,2.9920616149902344,87
hrd_binary_33,TCGA-AQ-A04J,3,0.41211801767349243,2.062551259994507,106
hrd_binary_33,TCGA-AR-A0TQ,3,0.2735312581062317,2.6486563682556152,52
hrd_binary_33,TCGA-AR-A1AJ,3,0.23922614753246307,2.696925163269043,57
hrd_binary_33,TCGA-AR-A1AN,3,0.26526933908462524,2.430213212966919,35
hrd_binary_33,TCGA-AR-A1AQ,3,0.3414667844772339,1.9453941583633423,52
hrd_binary_33,TCGA-AR-A24O,3,0.5676647424697876,1.1185580492019653,27
hrd_binary_33,TCGA-AR-A250,3,0.11635752767324448,3.7283191680908203,165
hrd_binary_33,TCGA-AR-A256,3,0.2874721884727478,3.5118308067321777,245
hrd_binary_33,TCGA-AR-A2LQ,3,0.3129331171512604,1.7909170389175415,16
hrd_binary_33,TCGA-AR-A5QP,3,0.22511382400989532,2.8609426021575928,38
hrd_binary_33,TCGA-B6-A0RG,3,0.15734130144119263,3.017071485519409,94
hrd_binary_33,TCGA-B6-A0X4,3,0.21362538635730743,2.3173608779907227,24
hrd_binary_33,TCGA-BH-A0AU,3,0.2860287129878998,2.0820624828338623,25
hrd_binary_33,TCGA-BH-A0B5,3,0.14672261476516724,3.2310099601745605,93
hrd_binary_33,TCGA-BH-A0BC,3,0.22513149678707123,2.380542755126953,92
hrd_binary_33,TCGA-BH-A0BL,3,0.18494658172130585,3.145479202270508,143
hrd_binary_33,TCGA-BH-A0C3,3,0.3899591863155365,1.900679588317871,20
hrd_binary_33,TCGA-BH-A0DV,3,0.48039698600769043,1.7084168195724487,21
hrd_binary_33,TCGA-BH-A0DX,3,0.11343342810869217,3.3274476528167725,79
hrd_binary_33,TCGA-BH-A0E0,3,0.0990855023264885,3.375474452972412,93
hrd_binary_33,TCGA-BH-A0E7,3,0.3783259987831116,2.49053955078125,52
hrd_binary_33,TCGA-BH-A0EE,3,0.15270459651947021,3.671896457672119,186
hrd_binary_33,TCGA-BH-A0H7,3,0.28809019923210144,2.9182355403900146,119
hrd_binary_33,TCGA-BH-A0HI,3,0.34214890003204346,2.346066474914551,39
hrd_binary_33,TCGA-BH-A0HK,3,0.05241100490093231,4.4042558670043945,289
hrd_binary_33,TCGA-BH-A0W4,3,0.39130493998527527,2.344712972640991,43
hrd_binary_33,TCGA-BH-A18J,3,0.3028559684753418,2.660917282104492,113
hrd_binary_33,TCGA-BH-A18S,3,0.2272523194551468,2.639599323272705,39
hrd_binary_33,TCGA-BH-A18U,3,0.1606082171201706,2.791499376296997,188
hrd_binary_33,TCGA-BH-A1EY,3,0.35263592004776,2.283454179763794,58
hrd_binary_33,TCGA-BH-A1FE,3,0.3176667094230652,1.9476076364517212,29
hrd_binary_33,TCGA-BH-A203,3,0.28122448921203613,2.749131202697754,106
hrd_binary_33,TCGA-BH-A5IZ,3,0.17089034616947174,3.319446086883545,207
hrd_binary_33,TCGA-BH-A8FZ,3,0.33992040157318115,2.478907346725464,101
hrd_binary_33,TCGA-BH-A8G0,3,0.18546026945114136,2.2763671875,21
hrd_binary_33,TCGA-C8-A12M,3,0.22965046763420105,3.24746036529541,89
hrd_binary_33,TCGA-C8-A12Q,3,0.24054884910583496,3.0321712493896484,146
hrd_binary_33,TCGA-C8-A12U,3,0.2569425702095032,2.594193458557129,65
hrd_binary_33,TCGA-C8-A137,3,0.12186694145202637,3.21681547164917,64
hrd_binary_33,TCGA-C8-A1HE,3,0.40024927258491516,2.439519166946411,58
hrd_binary_33,TCGA-C8-A1HF,3,0.18394780158996582,2.5394792556762695,43
hrd_binary_33,TCGA-C8-A1HJ,3,0.22410622239112854,2.5195093154907227,135
hrd_binary_33,TCGA-C8-A26Z,3,0.2691481411457062,2.9159395694732666,62
hrd_binary_33,TCGA-C8-A8HR,3,0.19234931468963623,2.675265073776245,64
hrd_binary_33,TCGA-D8-A13Z,3,0.37609389424324036,2.766126871109009,112
hrd_binary_33,TCGA-D8-A141,3,0.43495655059814453,1.842890977859497,25
hrd_binary_33,TCGA-D8-A1JH,3,0.423124760389328,1.828668475151062,27
hrd_binary_33,TCGA-D8-A1JM,3,0.22224166989326477,2.3498458862304688,58
hrd_binary_33,TCGA-D8-A1X8,3,0.3567376434803009,1.9793814420700073,36
hrd_binary_33,TCGA-D8-A1XG,3,0.17343586683273315,2.90061354637146,36
hrd_binary_33,TCGA-D8-A1XM,3,0.18971209228038788,3.1394760608673096,68
hrd_binary_33,TCGA-D8-A1XR,3,0.2926067113876343,2.4437010288238525,37
hrd_binary_33,TCGA-D8-A1XY,3,0.2418159693479538,2.8223888874053955,66
hrd_binary_33,TCGA-D8-A27E,3,0.4683831036090851,1.7044590711593628,14
hrd_binary_33,TCGA-D8-A27F,3,0.1927497237920761,3.258922576904297,84
hrd_binary_33,TCGA-D8-A27K,3,0.31138333678245544,2.179513454437256,27
hrd_binary_33,TCGA-D8-A27T,3,0.45714807510375977,2.271648406982422,34
hrd_binary_33,TCGA-D8-A27V,3,0.22111232578754425,4.97278356552124,3333
hrd_binary_33,TCGA-E2-A10A,3,0.3241018056869507,2.499812602996826,36
hrd_binary_33,TCGA-E2-A10C,3,0.16219818592071533,3.9906840324401855,523
hrd_binary_33,TCGA-E2-A14R,3,0.12252621352672577,3.4106686115264893,153
hrd_binary_33,TCGA-E2-A14Z,3,0.244886115193367,2.922957181930542,102
hrd_binary_33,TCGA-E2-A150,3,0.42046359181404114,2.339648962020874,96
hrd_binary_33,TCGA-E2-A15K,3,0.10083473473787308,3.5317420959472656,214
hrd_binary_33,TCGA-E2-A15M,3,0.41203317046165466,2.7711334228515625,226
hrd_binary_33,TCGA-E2-A1IF,3,0.46335333585739136,1.7019970417022705,26
hrd_binary_33,TCGA-E2-A1L6,3,0.2701578140258789,2.2813711166381836,31
hrd_binary_33,TCGA-E2-A1LG,3,0.18363551795482635,3.811253547668457,222
hrd_binary_33,TCGA-E2-A1LK,3,0.29283881187438965,2.680556297302246,64
hrd_binary_33,TCGA-E2-A570,3,0.43201154470443726,2.1657373905181885,39
hrd_binary_33,TCGA-E2-A573,3,0.29699698090553284,2.618992805480957,81
hrd_binary_33,TCGA-E2-A576,3,0.44667062163352966,2.2111852169036865,79
hrd_binary_33,TCGA-E9-A1N8,3,0.26717740297317505,2.5203640460968018,43
hrd_binary_33,TCGA-E9-A1N9,3,0.32267382740974426,2.230379343032837,74
hrd_binary_33,TCGA-E9-A1NA,3,0.3769405782222748,2.582029104232788,124
hrd_binary_33,TCGA-E9-A1NH,3,0.16596966981887817,2.7553534507751465,42
hrd_binary_33,TCGA-E9-A1RC,3,0.3305354416370392,2.6497156620025635,59
hrd_binary_33,TCGA-E9-A1RE,3,0.37674784660339355,2.395127058029175,68
hrd_binary_33,TCGA-E9-A228,3,0.22108323872089386,2.844240427017212,56
hrd_binary_33,TCGA-E9-A22D,3,0.20642077922821045,2.834498882293701,44
hrd_binary_33,TCGA-E9-A5UO,3,0.4330748915672302,1.9236476421356201,46
hrd_binary_33,TCGA-EW-A1IY,3,0.13072995841503143,2.9100050926208496,42
hrd_binary_33,TCGA-EW-A1P1,3,0.718832790851593,0.7419357299804688,3
hrd_binary_33,TCGA-EW-A1P3,3,0.4630790650844574,1.6684726476669312,30
hrd_binary_33,TCGA-EW-A1P6,3,0.45164069533348083,1.595604419708252,29
hrd_binary_33,TCGA-EW-A1P7,3,0.2563258111476898,2.4909541606903076,29
hrd_binary_33,TCGA-GM-A2DH,3,0.3800617754459381,2.600721597671509,242
hrd_binary_33,TCGA-GM-A2DN,3,0.545255720615387,1.6740492582321167,28
hrd_binary_33,TCGA-GM-A3NW,3,0.19609348475933075,2.8524324893951416,100
hrd_binary_33,TCGA-HN-A2OB,3,0.5449197888374329,1.6969939470291138,26
hrd_binary_33,TCGA-LD-A66U,3,0.22379586100578308,2.67440128326416,49
hrd_binary_33,TCGA-LL-A50Y,3,0.4033159911632538,2.0679516792297363,50
hrd_binary_33,TCGA-LL-A5YP,3,0.4188733696937561,2.4447078704833984,110
hrd_binary_33,TCGA-LL-A6FQ,3,0.2582033574581146,2.4317119121551514,73
hrd_binary_33,TCGA-LL-A8F5,3,0.1399865597486496,3.4815430641174316,217
hrd_binary_33,TCGA-LL-A9Q3,3,0.2559213638305664,2.781207323074341,75
hrd_binary_33,TCGA-OL-A5D8,3,0.2298506498336792,2.8697757720947266,46
hrd_binary_33,TCGA-OL-A5RU,3,0.5532177090644836,1.9746885299682617,50
hrd_binary_33,TCGA-OL-A66P,3,0.19719304144382477,3.0612998008728027,143
hrd_binary_33,TCGA-S3-A6ZF,3,0.24321503937244415,2.8891682624816895,60
hrd_binary_33,TCGA-V7-A7HQ,3,0.2866222560405731,2.5319275856018066,35
hrd_binary_33,TCGA-XX-A89A,3,0.15226174890995026,3.745166301727295,271
hrd_binary_33,TCGA-3C-AALJ,4,0.12837402522563934,3.952284812927246,72
hrd_binary_33,TCGA-A1-A0SD,4,0.10922204703092575,3.534764528274536,44
hrd_binary_33,TCGA-A1-A0SF,4,0.1433459371328354,3.8837521076202393,67
hrd_binary_33,TCGA-A1-A0SI,4,0.07625659555196762,5.199383735656738,279
hrd_binary_33,TCGA-A1-A0SJ,4,0.08446066826581955,3.394155979156494,42
hrd_binary_33,TCGA-A2-A04N,4,0.08562946319580078,3.724144220352173,57
hrd_binary_33,TCGA-A2-A0CU,4,0.08989987522363663,3.86049222946167,64
hrd_binary_33,TCGA-A2-A0CX,4,0.03044773079454899,5.638260364532471,371
hrd_binary_33,TCGA-A2-A0D4,4,0.0882951021194458,3.604318857192993,48
hrd_binary_33,TCGA-A2-A0EU,4,0.05683000013232231,3.857452392578125,57
hrd_binary_33,TCGA-A2-A0SU,4,0.08119987696409225,3.5461771488189697,43
hrd_binary_33,TCGA-A2-A0T3,4,0.1958681344985962,3.426023483276367,48
hrd_binary_33,TCGA-A2-A0YL,4,0.17869821190834045,3.376116991043091,50
hrd_binary_33,TCGA-A2-A0YM,4,0.28517186641693115,3.7802886962890625,115
hrd_binary_33,TCGA-A2-A1FV,4,0.10207905620336533,3.62030291557312,57
hrd_binary_33,TCGA-A7-A0CE,4,0.030217833817005157,5.187246799468994,285
hrd_binary_33,TCGA-A7-A0CH,4,0.11884187161922455,3.7805209159851074,80
hrd_binary_33,TCGA-A7-A56D,4,0.02367827482521534,5.83141565322876,472
hrd_binary_33,TCGA-A7-A5ZV,4,0.13325844705104828,4.891660690307617,280
hrd_binary_33,TCGA-A7-A5ZX,4,0.05564354732632637,4.1612420082092285,96
hrd_binary_33,TCGA-A7-A6VY,4,0.07815058529376984,4.48956823348999,154
hrd_binary_33,TCGA-A8-A06Z,4,0.11905496567487717,4.187657833099365,108
hrd_binary_33,TCGA-A8-A08G,4,0.20812304317951202,3.512340545654297,62
hrd_binary_33,TCGA-A8-A08R,4,0.04888884350657463,5.300988674163818,347
hrd_binary_33,TCGA-A8-A08Z,4,0.09393203258514404,3.414824962615967,47
hrd_binary_33,TCGA-A8-A090,4,0.11414975672960281,3.5394208431243896,50
hrd_binary_33,TCGA-A8-A091,4,0.08971027284860611,3.2066028118133545,29
hrd_binary_33,TCGA-A8-A092,4,0.09840474277734756,4.1396613121032715,96
hrd_binary_33,TCGA-A8-A095,4,0.10875815898180008,4.760811805725098,214
hrd_binary_33,TCGA-A8-A09C,4,0.08556772768497467,3.5513339042663574,47
hrd_binary_33,TCGA-AC-A2B8,4,0.0836702510714531,4.567902565002441,133
hrd_binary_33,TCGA-AC-A2FG,4,0.11437608301639557,3.381408929824829,42
hrd_binary_33,TCGA-AC-A3OD,4,0.21389426290988922,3.361264228820801,46
hrd_binary_33,TCGA-AC-A5XU,4,0.09268178790807724,4.2840752601623535,119
hrd_binary_33,TCGA-AC-A6NO,4,0.10446765273809433,3.5837326049804688,51
hrd_binary_33,TCGA-AC-A7VC,4,0.2467401623725891,2.908151149749756,29
hrd_binary_33,TCGA-AC-A8OP,4,0.03222429379820824,5.303046226501465,262
hrd_binary_33,TCGA-AN-A046,4,0.008766627870500088,8.257225036621094,5000
hrd_binary_33,TCGA-AN-A0AM,4,0.06538884341716766,4.569572448730469,128
hrd_binary_33,TCGA-AN-A0AS,4,0.30313003063201904,3.164353609085083,52
hrd_binary_33,TCGA-AN-A0FX,4,0.05967000126838684,4.5756330490112305,164
hrd_binary_33,TCGA-AN-A0XT,4,0.2766454517841339,2.608154058456421,22
hrd_binary_33,TCGA-AN-A0XV,4,0.09284382313489914,3.6042163372039795,49
hrd_binary_33,TCGA-AO-A03L,4,0.33586156368255615,2.8503291606903076,39
hrd_binary_33,TCGA-AO-A0J6,4,0.14111341536045074,4.457529067993164,147
hrd_binary_33,TCGA-AO-A0J9,4,0.053489670157432556,4.844855785369873,170
hrd_binary_33,TCGA-AO-A0JA,4,0.1399250030517578,3.3293886184692383,36
hrd_binary_33,TCGA-AO-A0JB,4,0.0640791729092598,4.593756198883057,141
hrd_binary_33,TCGA-AO-A0JD,4,0.3188926875591278,3.6897735595703125,142
hrd_binary_33,TCGA-AO-A124,4,0.0528152771294117,4.901759624481201,194
hrd_binary_33,TCGA-AO-A12H,4,0.13753919303417206,3.2027297019958496,33
hrd_binary_33,TCGA-AR-A0TV,4,0.1782444715499878,3.7406725883483887,83
hrd_binary_33,TCGA-AR-A0TX,4,0.09993638843297958,5.542737007141113,414
hrd_binary_33,TCGA-AR-A1AI,4,0.10659223049879074,4.002115726470947,92
hrd_binary_33,TCGA-AR-A1AO,4,0.0577780120074749,4.519783973693848,126
hrd_binary_33,TCGA-AR-A1AR,4,0.10153916478157043,3.7737250328063965,71
hrd_binary_33,TCGA-AR-A1AU,4,0.17625392973423004,3.0105204582214355,27
hrd_binary_33,TCGA-AR-A24W,4,0.19252373278141022,2.613095998764038,19
hrd_binary_33,TCGA-AR-A252,4,0.17741045355796814,2.5307235717773438,19
hrd_binary_33,TCGA-AR-A5QQ,4,0.136918306350708,4.1173481941223145,106
hrd_binary_33,TCGA-B6-A0IH,4,0.16918902099132538,3.4918761253356934,48
hrd_binary_33,TCGA-B6-A0RH,4,0.16995751857757568,3.4644501209259033,50
hrd_binary_33,TCGA-B6-A0RU,4,0.09604420512914658,3.9026148319244385,65
hrd_binary_33,TCGA-B6-A0WZ,4,0.09625393897294998,4.28253698348999,97
hrd_binary_33,TCGA-B6-A0X1,4,0.1342872977256775,4.060891151428223,99
hrd_binary_33,TCGA-B6-A2IU,4,0.061396412551403046,3.8075270652770996,56
hrd_binary_33,TCGA-BH-A0AZ,4,0.08865909278392792,4.031702041625977,80
hrd_binary_33,TCGA-BH-A0B3,4,0.0698082447052002,4.32429313659668,114
hrd_binary_33,TCGA-BH-A0B9,4,0.19614820182323456,3.4079182147979736,46
hrd_binary_33,TCGA-BH-A0BJ,4,0.18956948816776276,3.1680219173431396,75
hrd_binary_33,TCGA-BH-A0BO,4,0.08747290819883347,3.7225148677825928,66
hrd_binary_33,TCGA-BH-A0BP,4,0.04214075580239296,4.990607738494873,206
hrd_binary_33,TCGA-BH-A0BT,4,0.5801408886909485,2.1507203578948975,50
hrd_binary_33,TCGA-BH-A0DG,4,0.0689426064491272,3.640744686126709,48
hrd_binary_33,TCGA-BH-A0DH,4,0.1181439533829689,3.9493906497955322,105
hrd_binary_33,TCGA-BH-A0DT,4,0.3098265826702118,2.428617238998413,20
hrd_binary_33,TCGA-BH-A0DZ,4,0.11008474230766296,5.741817474365234,779
hrd_binary_33,TCGA-BH-A0E9,4,0.2331605702638626,3.143536329269409,38
hrd_binary_33,TCGA-BH-A0HP,4,0.03445040434598923,5.612268924713135,364
hrd_binary_33,TCGA-BH-A0HY,4,0.0505581796169281,4.247551441192627,89
hrd_binary_33,TCGA-BH-A18L,4,0.10477039217948914,3.8138012886047363,72
hrd_binary_33,TCGA-BH-A18N,4,0.09285404533147812,3.563098669052124,47
hrd_binary_33,TCGA-BH-A18R,4,0.10939894616603851,3.4819703102111816,45
hrd_binary_33,TCGA-BH-A1EX,4,0.1743602454662323,3.069112539291382,35
hrd_binary_33,TCGA-BH-A1FC,4,0.11524374037981033,4.358778476715088,135
hrd_binary_33,TCGA-BH-A1FG,4,0.11382041126489639,3.0377373695373535,27
hrd_binary_33,TCGA-BH-A1FL,4,0.077303446829319,3.2282445430755615,30
hrd_binary_33,TCGA-BH-A1FN,4,0.0362529419362545,4.7753448486328125,158
hrd_binary_33,TCGA-C8-A12N,4,0.15269146859645844,3.226450204849243,33
hrd_binary_33,TCGA-C8-A12P,4,0.06275957077741623,4.992372989654541,210
hrd_binary_33,TCGA-C8-A12W,4,0.08281777799129486,4.0634918212890625,83
hrd_binary_33,TCGA-C8-A12Z,4,0.1183599978685379,3.696507453918457,63
hrd_binary_33,TCGA-C8-A135,4,0.12695884704589844,3.973254919052124,87
hrd_binary_33,TCGA-C8-A138,4,0.2080364227294922,3.5330824851989746,59
hrd_binary_33,TCGA-C8-A26V,4,0.33530545234680176,3.5756256580352783,99
hrd_binary_33,TCGA-C8-A273,4,0.13628946244716644,3.120295286178589,28
hrd_binary_33,TCGA-C8-A27A,4,0.17018653452396393,3.268986940383911,41
hrd_binary_33,TCGA-C8-A27B,4,0.074275903403759,4.723227500915527,169
hrd_binary_33,TCGA-D8-A1J9,4,0.15686024725437164,4.996942520141602,280
hrd_binary_33,TCGA-D8-A1JA,4,0.01629488915205002,6.799485206604004,1201
hrd_binary_33,TCGA-D8-A1JD,4,0.09267465025186539,4.5147881507873535,137
hrd_binary_33,TCGA-D8-A1JK,4,0.05642687901854515,5.089271545410156,283
hrd_binary_33,TCGA-D8-A1JL,4,0.34688740968704224,3.647493839263916,136
hrd_binary_33,TCGA-D8-A1JU,4,0.35981273651123047,2.255366325378418,21
hrd_binary_33,TCGA-D8-A1X7,4,0.10337971895933151,3.2251150608062744,32
hrd_binary_33,TCGA-D8-A1X9,4,0.06563562899827957,4.269567966461182,108
hrd_binary_33,TCGA-D8-A1XB,4,0.15867732465267181,3.451824426651001,54
hrd_binary_33,TCGA-D8-A1XW,4,0.0977744311094284,4.35694694519043,130
hrd_binary_33,TCGA-D8-A1Y0,4,0.13991418480873108,3.9938924312591553,84
hrd_binary_33,TCGA-D8-A27L,4,0.1003323644399643,3.7358920574188232,58
hrd_binary_33,TCGA-D8-A27P,4,0.1177850216627121,3.3242135047912598,34
hrd_binary_33,TCGA-D8-A27R,4,0.16604465246200562,3.22987699508667,44
hrd_binary_33,TCGA-D8-A73W,4,0.04655497521162033,3.9030849933624268,58
hrd_binary_33,TCGA-D8-A73X,4,0.09812479466199875,3.6909589767456055,58
hrd_binary_33,TCGA-E2-A14O,4,0.22006401419639587,3.1854355335235596,40
hrd_binary_33,TCGA-E2-A14Q,4,0.12343376874923706,3.4612350463867188,44
hrd_binary_33,TCGA-E2-A14T,4,0.11658293008804321,3.5810911655426025,50
hrd_binary_33,TCGA-E2-A15D,4,0.1275838166475296,3.413508892059326,40
hrd_binary_33,TCGA-E2-A15O,4,0.13924211263656616,3.260200023651123,38
hrd_binary_33,TCGA-E2-A15R,4,0.10386563092470169,3.6547083854675293,51
hrd_binary_33,TCGA-E2-A1IJ,4,0.20718365907669067,2.80515456199646,23
hrd_binary_33,TCGA-E2-A1L9,4,0.1043606549501419,3.240955352783203,33
hrd_binary_33,TCGA-E2-A1LH,4,0.0475429967045784,5.005136489868164,243
hrd_binary_33,TCGA-E2-A9RU,4,0.1511858105659485,4.24745512008667,115
hrd_binary_33,TCGA-E9-A1RD,4,0.37880319356918335,2.5824241638183594,27
hrd_binary_33,TCGA-E9-A226,4,0.2315109521150589,3.7437891960144043,87
hrd_binary_33,TCGA-E9-A229,4,0.28072649240493774,2.93556809425354,35
hrd_binary_33,TCGA-E9-A22H,4,0.12333261966705322,3.0349273681640625,30
hrd_binary_33,TCGA-E9-A247,4,0.07874255627393723,3.7089903354644775,53
hrd_binary_33,TCGA-E9-A24A,4,0.22668643295764923,2.7993369102478027,25
hrd_binary_33,TCGA-E9-A6HE,4,0.17356587946414948,2.932486057281494,28
hrd_binary_33,TCGA-EW-A1J1,4,0.14326520264148712,2.8475921154022217,25
hrd_binary_33,TCGA-EW-A1P0,4,0.4907134473323822,2.2042977809906006,29
hrd_binary_33,TCGA-EW-A1P8,4,0.09711401909589767,3.3296608924865723,42
hrd_binary_33,TCGA-EW-A1PA,4,0.17279741168022156,3.1543989181518555,46
hrd_binary_33,TCGA-EW-A1PE,4,0.2168627381324768,3.1987874507904053,43
hrd_binary_33,TCGA-EW-A6SC,4,0.07933447510004044,3.6198654174804688,47
hrd_binary_33,TCGA-GM-A2DK,4,0.07356620579957962,3.462050199508667,38
hrd_binary_33,TCGA-HN-A2NL,4,0.09098799526691437,4.254161834716797,102
hrd_binary_33,TCGA-LD-A74U,4,0.035507142543792725,5.460363388061523,361
hrd_binary_33,TCGA-LD-A7W5,4,0.13072453439235687,3.6655120849609375,70
hrd_binary_33,TCGA-LL-A73Y,4,0.06995663791894913,4.799129009246826,199
hrd_binary_33,TCGA-OK-A5Q2,4,0.07149899750947952,3.5443546772003174,44
hrd_binary_33,TCGA-OL-A5D6,4,0.2613273859024048,3.4203383922576904,62
hrd_binary_33,TCGA-OL-A5DA,4,0.048353780061006546,4.402822494506836,118
hrd_binary_33,TCGA-OL-A5RV,4,0.20595136284828186,2.5932998657226562,18
hrd_binary_33,TCGA-OL-A5RW,4,0.09697773307561874,4.904305458068848,261
hrd_binary_33,TCGA-OL-A66I,4,0.471382737159729,2.75399112701416,60
hrd_binary_33,TCGA-PL-A8LZ,4,0.09218446910381317,4.41474723815918,140
hrd_binary_33,TCGA-S3-A6ZG,4,0.08398424088954926,3.814701795578003,65
hrd_binary_33,TCGA-S3-AA11,4,0.05675816908478737,4.290688514709473,110
hrd_binary_33,TCGA-S3-AA12,4,0.09935598820447922,3.927032232284546,72
hrd_binary_33,TCGA-WT-AB44,4,0.06805641204118729,3.931527614593506,66
hrd_binary_33,TCGA-XX-A899,4,0.06944309175014496,4.41404914855957,130
hrd_binary_33,TCGA-3C-AALI,5,0.12872901558876038,4.645133018493652,824
hrd_binary_33,TCGA-A1-A0SG,5,0.17700961232185364,2.7531802654266357,37
hrd_binary_33,TCGA-A1-A0SK,5,0.29649075865745544,3.1538453102111816,88
hrd_binary_33,TCGA-A1-A0SO,5,0.1373521238565445,4.116884708404541,386
hrd_binary_33,TCGA-A2-A0CR,5,0.12532393634319305,3.7686400413513184,221
hrd_binary_33,TCGA-A2-A0CT,5,0.14968189597129822,3.362565755844116,126
hrd_binary_33,TCGA-A2-A0CW,5,0.23103459179401398,2.672506093978882,93
hrd_binary_33,TCGA-A2-A0EM,5,0.3141491115093231,2.20395565032959,39
hrd_binary_33,TCGA-A2-A0ES,5,0.34271252155303955,1.7463940382003784,22
hrd_binary_33,TCGA-A2-A0EY,5,0.13617150485515594,3.928297519683838,299
hrd_binary_33,TCGA-A2-A0SW,5,0.23311083018779755,3.0534186363220215,71
hrd_binary_33,TCGA-A2-A0YJ,5,0.2329634726047516,3.0202829837799072,101
hrd_binary_33,TCGA-A2-A259,5,0.33100542426109314,2.092150926589966,31
hrd_binary_33,TCGA-A2-A25A,5,0.12393181771039963,4.529694557189941,412
hrd_binary_33,TCGA-A2-A25E,5,0.1749611496925354,3.0713605880737305,69
hrd_binary_33,TCGA-A2-A3KD,5,0.40376797318458557,2.034860849380493,18
hrd_binary_33,TCGA-A7-A13E,5,0.1483982354402542,3.240281343460083,156
hrd_binary_33,TCGA-A7-A26H,5,0.09631339460611343,3.772805690765381,156
hrd_binary_33,TCGA-A7-A26I,5,0.31104397773742676,2.498694658279419,47
hrd_binary_33,TCGA-A8-A06Q,5,0.10873080790042877,3.9845049381256104,322
hrd_binary_33,TCGA-A8-A06U,5,0.16166333854198456,3.363751173019409,98
hrd_binary_33,TCGA-A8-A07B,5,0.1770709604024887,3.1799635887145996,93
hrd_binary_33,TCGA-A8-A07L,5,0.1529826819896698,3.360694408416748,106
hrd_binary_33,TCGA-A8-A07U,5,0.2177266776561737,3.221112012863159,91
hrd_binary_33,TCGA-A8-A082,5,0.27459102869033813,2.4592318534851074,28
hrd_binary_33,TCGA-A8-A083,5,0.26633256673812866,2.6665475368499756,32
hrd_binary_33,TCGA-A8-A08O,5,0.3133121430873871,2.496551752090454,33
hrd_binary_33,TCGA-A8-A08T,5,0.18551351130008698,2.7849419116973877,61
hrd_binary_33,TCGA-A8-A09B,5,0.16032274067401886,3.0758981704711914,60
hrd_binary_33,TCGA-A8-A09G,5,0.24169784784317017,4.003546714782715,363
hrd_binary_33,TCGA-A8-A09W,5,0.18178869783878326,3.608689785003662,119
hrd_binary_33,TCGA-A8-A0A4,5,0.28122442960739136,2.696525812149048,41
hrd_binary_33,TCGA-A8-A0AD,5,0.4194447696208954,2.4062581062316895,43
hrd_binary_33,TCGA-AC-A23C,5,0.2023666650056839,3.4683127403259277,153
hrd_binary_33,TCGA-AC-A23E,5,0.21678385138511658,2.446511745452881,28
hrd_binary_33,TCGA-AC-A2QH,5,0.2570872902870178,2.3752710819244385,37
hrd_binary_33,TCGA-AC-A6IV,5,0.27148953080177307,2.4880993366241455,33
hrd_binary_33,TCGA-AC-A6IX,5,0.11134893447160721,3.766385555267334,142
hrd_binary_33,TCGA-AN-A03Y,5,0.3612854480743408,1.8726845979690552,43
hrd_binary_33,TCGA-AN-A04D,5,0.18696114420890808,3.3789427280426025,126
hrd_binary_33,TCGA-AN-A0FN,5,0.12630179524421692,3.2077224254608154,59
hrd_binary_33,TCGA-AN-A0FZ,5,0.1702636033296585,3.275362968444824,97
hrd_binary_33,TCGA-AN-A0XN,5,0.43127837777137756,2.9404640197753906,193
hrd_binary_33,TCGA-AN-A0XS,5,0.22666434943675995,2.7891383171081543,35
hrd_binary_33,TCGA-AO-A03O,5,0.28190532326698303,3.003284215927124,103
hrd_binary_33,TCGA-AO-A03T,5,0.13704514503479004,3.7382540702819824,131
hrd_binary_33,TCGA-AO-A0J2,5,0.23422576487064362,3.1460163593292236,91
hrd_binary_33,TCGA-AO-A12F,5,0.3498940169811249,2.382838010787964,46
hrd_binary_33,TCGA-AO-A1KP,5,0.3195483088493347,2.1162872314453125,27
hrd_binary_33,TCGA-AQ-A1H2,5,0.2722656726837158,2.245033025741577,39
hrd_binary_33,TCGA-AR-A0TS,5,0.35176149010658264,2.6826508045196533,100
hrd_binary_33,TCGA-AR-A0TT,5,0.2968440651893616,2.724510431289673,80
hrd_binary_33,TCGA-AR-A0U0,5,0.3466690182685852,2.549787759780884,55
hrd_binary_33,TCGA-AR-A1AY,5,0.2500176429748535,2.9896044731140137,79
hrd_binary_33,TCGA-AR-A24N,5,0.26621899008750916,2.8362836837768555,49
hrd_binary_33,TCGA-AR-A24P,5,0.4241425096988678,1.7446688413619995,26
hrd_binary_33,TCGA-AR-A24R,5,0.33403095602989197,2.374324083328247,31
hrd_binary_33,TCGA-AR-A24S,5,0.23336637020111084,2.8098413944244385,62
hrd_binary_33,TCGA-AR-A24U,5,0.19885285198688507,2.7657744884490967,49
hrd_binary_33,TCGA-AR-A24V,5,0.6248534321784973,1.6249651908874512,28
hrd_binary_33,TCGA-AR-A254,5,0.4561774432659149,1.3030827045440674,47
hrd_binary_33,TCGA-AR-A2LO,5,0.23545370995998383,2.4145214557647705,20
hrd_binary_33,TCGA-B6-A0IB,5,0.08080020546913147,3.8768887519836426,99
hrd_binary_33,TCGA-B6-A0IC,5,0.20739074051380157,2.8079628944396973,49
hrd_binary_33,TCGA-B6-A0IN,5,0.3640170991420746,2.619840383529663,52
hrd_binary_33,TCGA-B6-A0RI,5,0.20735283195972443,2.723538875579834,32
hrd_binary_33,TCGA-B6-A0RS,5,0.2224774807691574,3.7608232498168945,205
hrd_binary_33,TCGA-B6-A0WT,5,0.4254434108734131,1.947134256362915,23
hrd_binary_33,TCGA-B6-A0WW,5,0.18240100145339966,3.0179312229156494,52
hrd_binary_33,TCGA-B6-A1KF,5,0.4061320126056671,2.4499635696411133,83
hrd_binary_33,TCGA-B6-A401,5,0.3609451651573181,2.152184009552002,33
hrd_binary_33,TCGA-BH-A0AW,5,0.1432165503501892,3.6020660400390625,219
hrd_binary_33,TCGA-BH-A0BM,5,0.14154477417469025,3.185706615447998,77
hrd_binary_33,TCGA-BH-A0BR,5,0.27399247884750366,2.8809494972229004,78
hrd_binary_33,TCGA-BH-A0DE,5,0.12733367085456848,3.464672803878784,82
hrd_binary_33,TCGA-BH-A0DO,5,0.3675668239593506,2.0615456104278564,35
hrd_binary_33,TCGA-BH-A0DQ,5,0.10537552088499069,3.3736302852630615,77
hrd_binary_33,TCGA-BH-A0H0,5,0.4912850856781006,1.7508509159088135,28
hrd_binary_33,TCGA-BH-A0HQ,5,0.2569946348667145,2.854804039001465,49
hrd_binary_33,TCGA-BH-A0HU,5,0.24589543044567108,2.8620095252990723,50
hrd_binary_33,TCGA-BH-A0HX,5,0.44560620188713074,2.3484065532684326,92
hrd_binary_33,TCGA-BH-A0W3,5,0.3756282925605774,2.0656566619873047,24
hrd_binary_33,TCGA-BH-A18H,5,0.19284994900226593,2.866168975830078,59
hrd_binary_33,TCGA-BH-A18K,5,0.14712277054786682,3.4893252849578857,77
hrd_binary_33,TCGA-BH-A18T,5,0.2753601372241974,2.819117307662964,111
hrd_binary_33,TCGA-BH-A1ET,5,0.14852087199687958,2.9376819133758545,38
hrd_binary_33,TCGA-BH-A1EU,5,0.4474360942840576,2.3515541553497314,38
hrd_binary_33,TCGA-BH-A1F2,5,0.28345784544944763,2.8598573207855225,75
hrd_binary_33,TCGA-BH-A208,5,0.3178054988384247,2.7727749347686768,88
hrd_binary_33,TCGA-BH-A209,5,0.24307501316070557,3.2316527366638184,133
hrd_binary_33,TCGA-BH-A28Q,5,0.2958942651748657,2.4640309810638428,30
hrd_binary_33,TCGA-BH-A2L8,5,0.1202315241098404,4.165131568908691,637
hrd_binary_33,TCGA-BH-A42V,5,0.12863890826702118,3.3228182792663574,62
hrd_binary_33,TCGA-BH-A6R9,5,0.17902442812919617,2.573127031326294,32
hrd_binary_33,TCGA-C8-A12O,5,0.4129176735877991,2.0178380012512207,52
hrd_binary_33,TCGA-C8-A12Y,5,0.37490543723106384,2.3628857135772705,52
hrd_binary_33,TCGA-C8-A131,5,0.24261288344860077,3.1401216983795166,84
hrd_binary_33,TCGA-C8-A1HK,5,0.3503182828426361,2.891144037246704,76
hrd_binary_33,TCGA-C8-A275,5,0.12380746006965637,3.8452553749084473,146
hrd_binary_33,TCGA-D8-A1JB,5,0.3175972104072571,2.7316863536834717,69
hrd_binary_33,TCGA-D8-A1JJ,5,0.2676049470901489,2.932452917098999,102
hrd_binary_33,TCGA-D8-A1JN,5,0.2596019208431244,3.7038209438323975,213
hrd_binary_33,TCGA-D8-A1JP,5,0.15829329192638397,3.5490832328796387,148
hrd_binary_33,TCGA-D8-A1JT,5,0.27187350392341614,2.583820343017578,47
hrd_binary_33,TCGA-D8-A1XA,5,0.4484601616859436,1.847769021987915,34
hrd_binary_33,TCGA-D8-A1XJ,5,0.4033326208591461,2.885021686553955,121
hrd_binary_33,TCGA-D8-A1XV,5,0.31734272837638855,2.177316665649414,38
hrd_binary_33,TCGA-D8-A1Y1,5,0.13134023547172546,3.9441893100738525,292
hrd_binary_33,TCGA-D8-A1Y2,5,0.15625478327274323,2.6527462005615234,24
hrd_binary_33,TCGA-D8-A27M,5,0.2643730938434601,2.7984132766723633,101
hrd_binary_33,TCGA-D8-A27N,5,0.3202934265136719,2.728691816329956,64
hrd_binary_33,TCGA-D8-A27W,5,0.19020108878612518,2.98307466506958,60
hrd_binary_33,TCGA-E2-A154,5,0.20331065356731415,2.8480911254882812,61
hrd_binary_33,TCGA-E2-A155,5,0.3877004086971283,2.7158823013305664,86
hrd_binary_33,TCGA-E2-A15A,5,0.16120567917823792,3.2466797828674316,109
hrd_binary_33,TCGA-E2-A15E,5,0.1385372132062912,3.114609479904175,84
hrd_binary_33,TCGA-E2-A15H,5,0.2980521619319916,2.3202571868896484,38
hrd_binary_33,TCGA-E2-A15I,5,0.18477623164653778,2.645848274230957,95
hrd_binary_33,TCGA-E2-A15J,5,0.2081104815006256,2.5805675983428955,27
hrd_binary_33,TCGA-E2-A1AZ,5,0.1689622700214386,3.092951774597168,84
hrd_binary_33,TCGA-E2-A1B0,5,0.20410089194774628,2.6237497329711914,63
hrd_binary_33,TCGA-E2-A1BC,5,0.0814080536365509,3.7379252910614014,97
hrd_binary_33,TCGA-E2-A1IE,5,0.3502134680747986,2.1594505310058594,31
hrd_binary_33,TCGA-E2-A1IO,5,0.49456915259361267,1.727161169052124,17
hrd_binary_33,TCGA-E2-A1IU,5,0.339238703250885,2.350849151611328,36
hrd_binary_33,TCGA-E2-A1LA,5,0.14642779529094696,3.2557127475738525,115
hrd_binary_33,TCGA-E9-A1NC,5,0.2030426412820816,2.8819658756256104,94
hrd_binary_33,TCGA-E9-A1NE,5,0.1267797201871872,3.1792495250701904,63
hrd_binary_33,TCGA-E9-A1R0,5,0.18233761191368103,2.82607364654541,38
hrd_binary_33,TCGA-E9-A1R7,5,0.12450595945119858,3.266555070877075,65
hrd_binary_33,TCGA-E9-A1RG,5,0.15185531973838806,3.0279042720794678,45
hrd_binary_33,TCGA-E9-A22A,5,0.362001895904541,1.9806578159332275,39
hrd_binary_33,TCGA-E9-A22E,5,0.20238164067268372,2.8996968269348145,158
hrd_binary_33,TCGA-E9-A295,5,0.23701928555965424,3.153360366821289,119
hrd_binary_33,TCGA-E9-A2JS,5,0.2814651429653168,3.106903314590454,98
hrd_binary_33,TCGA-E9-A2JT,5,0.19038702547550201,2.624053955078125,28
hrd_binary_33,TCGA-EW-A1OV,5,0.2570682764053345,3.2529823780059814,144
hrd_binary_33,TCGA-EW-A1OX,5,0.21201777458190918,2.5307204723358154,24
hrd_binary_33,TCGA-EW-A1PB,5,0.24909602105617523,3.2849512100219727,192
hrd_binary_33,TCGA-EW-A1PG,5,0.3863557279109955,1.7507132291793823,15
hrd_binary_33,TCGA-EW-A2FV,5,0.10267085582017899,5.468838214874268,4232
hrd_binary_33,TCGA-EW-A6SD,5,0.2253512144088745,3.3185784816741943,80
hrd_binary_33,TCGA-GM-A2DB,5,0.2092386931180954,3.523301124572754,162
hrd_binary_33,TCGA-GM-A2DC,5,0.30335134267807007,2.1342525482177734,32
hrd_binary_33,TCGA-GM-A2DD,5,0.2819824516773224,2.68316650390625,77
hrd_binary_33,TCGA-GM-A2DF,5,0.3397059738636017,2.647538661956787,55
hrd_binary_33,TCGA-GM-A2DM,5,0.21283340454101562,2.683523654937744,28
hrd_binary_33,TCGA-OL-A66L,5,0.12443376332521439,3.478959321975708,98
hrd_binary_33,TCGA-OL-A66N,5,0.2203730344772339,2.885068893432617,62
hrd_binary_33,TCGA-OL-A6VO,5,0.2075851857662201,3.0203020572662354,62
hrd_binary_33,TCGA-OL-A6VQ,5,0.3874109089374542,2.9348580837249756,137
hrd_binary_33,TCGA-OL-A97C,5,0.11266890913248062,3.51785945892334,96
hrd_binary_33,TCGA-PL-A8LY,5,0.4431668519973755,1.3010600805282593,8
hrd_binary_33,TCGA-Z7-A8R6,5,0.18895363807678223,3.2895047664642334,117
