sample,benchmark,endpoint,representation,learner,true_value,predicted_class,fold,pred_class_0,class_label_0,pred_class_1,class_label_1,pred_class_2,class_label_2,pred_class_3,class_label_3,pred_class_4,class_label_4,pred_class_5,class_label_5,pred_class_6,class_label_6,pred_class_7,class_label_7
MSM0.100_s1,kucab_wgs,damage_class,MuAt-compatible reimplementation,muat_compatible_qkv_attention,1,3,4,0.0005393028259277,Alkylating and aldehyde adduct stress,0.0,Aromatic and heterocyclic amines,0.0002808570861816,Environmental organ-specific DNA adducts,0.998046875,Nitroaromatic and nitro-PAH adducts,0.0,Oxidative and radiation-like stress,0.0,PAH bulky adducts,0.0008926391601562,Platinum and crosslinking therapy,2.980232238769531e-07,Replication stress and DNA repair inhibition
MSM0.100_s2,kucab_wgs,damage_class,MuAt-compatible reimplementation,muat_compatible_qkv_attention,1,0,4,0.47216796875,Alkylating and aldehyde adduct stress,0.045654296875,Aromatic and heterocyclic amines,0.447021484375,Environmental organ-specific DNA adducts,0.0006723403930664,Nitroaromatic and nitro-PAH adducts,5.960464477539064e-08,Oxidative and radiation-like stress,3.6954879760742183e-06,PAH bulky adducts,6.973743438720703e-06,Platinum and crosslinking therapy,0.03448486328125,Replication stress and DNA repair inhibition
MSM0.101_s1,kucab_wgs,damage_class,MuAt-compatible reimplementation,muat_compatible_qkv_attention,0,0,5,0.86572265625,Alkylating and aldehyde adduct stress,0.0147781372070312,Aromatic and heterocyclic amines,0.0301361083984375,Environmental organ-specific DNA adducts,0.000114619731903,Nitroaromatic and nitro-PAH adducts,0.007110595703125,Oxidative and radiation-like stress,1.0132789611816406e-06,PAH bulky adducts,0.0118408203125,Platinum and crosslinking therapy,0.07049560546875,Replication stress and DNA repair inhibition
MSM0.101_s2,kucab_wgs,damage_class,MuAt-compatible reimplementation,muat_compatible_qkv_attention,0,0,5,0.490478515625,Alkylating and aldehyde adduct stress,0.07379150390625,Aromatic and heterocyclic amines,0.12548828125,Environmental organ-specific DNA adducts,0.0005097389221191,Nitroaromatic and nitro-PAH adducts,0.047821044921875,Oxidative and radiation-like stress,1.0907649993896484e-05,PAH bulky adducts,0.03253173828125,Platinum and crosslinking therapy,0.2294921875,Replication stress and DNA repair inhibition
MSM0.102_s3,kucab_wgs,damage_class,MuAt-compatible reimplementation,muat_compatible_qkv_attention,4,1,1,0.13916015625,Alkylating and aldehyde adduct stress,0.1959228515625,Aromatic and heterocyclic amines,0.1917724609375,Environmental organ-specific DNA adducts,0.195068359375,Nitroaromatic and nitro-PAH adducts,0.083984375,Oxidative and radiation-like stress,0.10858154296875,PAH bulky adducts,0.039825439453125,Platinum and crosslinking therapy,0.04559326171875,Replication stress and DNA repair inhibition
MSM0.102_s4,kucab_wgs,damage_class,MuAt-compatible reimplementation,muat_compatible_qkv_attention,4,5,1,0.0709228515625,Alkylating and aldehyde adduct stress,0.10662841796875,Aromatic and heterocyclic amines,0.1658935546875,Environmental organ-specific DNA adducts,0.263671875,Nitroaromatic and nitro-PAH adducts,0.05914306640625,Oxidative and radiation-like stress,0.2734375,PAH bulky adducts,0.03179931640625,Platinum and crosslinking therapy,0.028472900390625,Replication stress and DNA repair inhibition
MSM0.102_s5,kucab_wgs,damage_class,MuAt-compatible reimplementation,muat_compatible_qkv_attention,4,3,1,0.1002197265625,Alkylating and aldehyde adduct stress,0.11273193359375,Aromatic and heterocyclic amines,0.16455078125,Environmental organ-specific DNA adducts,0.27099609375,Nitroaromatic and nitro-PAH adducts,0.06182861328125,Oxidative and radiation-like stress,0.223876953125,PAH bulky adducts,0.032867431640625,Platinum and crosslinking therapy,0.0330810546875,Replication stress and DNA repair inhibition
MSM0.103_s1,kucab_wgs,damage_class,MuAt-compatible reimplementation,muat_compatible_qkv_attention,5,5,4,0.0,Alkylating and aldehyde adduct stress,1.5914440155029297e-05,Aromatic and heterocyclic amines,0.0005884170532226,Environmental organ-specific DNA adducts,5.960464477539064e-08,Nitroaromatic and nitro-PAH adducts,2.54511833190918e-05,Oxidative and radiation-like stress,0.99951171875,PAH bulky adducts,3.5762786865234375e-07,Platinum and crosslinking therapy,0.0,Replication stress and DNA repair inhibition
MSM0.103_s5,kucab_wgs,damage_class,MuAt-compatible reimplementation,muat_compatible_qkv_attention,5,5,4,0.0,Alkylating and aldehyde adduct stress,0.0,Aromatic and heterocyclic amines,9.351968765258788e-05,Environmental organ-specific DNA adducts,1.788139343261719e-07,Nitroaromatic and nitro-PAH adducts,1.1920928955078125e-06,Oxidative and radiation-like stress,1.0,PAH bulky adducts,1.0132789611816406e-06,Platinum and crosslinking therapy,0.0,Replication stress and DNA repair inhibition
MSM0.103_s6,kucab_wgs,damage_class,MuAt-compatible reimplementation,muat_compatible_qkv_attention,5,5,4,0.0,Alkylating and aldehyde adduct stress,1.633167266845703e-05,Aromatic and heterocyclic amines,0.0018386840820312,Environmental organ-specific DNA adducts,2.866983413696289e-05,Nitroaromatic and nitro-PAH adducts,4.351139068603516e-06,Oxidative and radiation-like stress,0.998046875,PAH bulky adducts,6.157159805297852e-05,Platinum and crosslinking therapy,0.0,Replication stress and DNA repair inhibition
MSM0.104_s1,kucab_wgs,damage_class,MuAt-compatible reimplementation,muat_compatible_qkv_attention,0,1,5,0.0777587890625,Alkylating and aldehyde adduct stress,0.318115234375,Aromatic and heterocyclic amines,0.2237548828125,Environmental organ-specific DNA adducts,0.0177001953125,Nitroaromatic and nitro-PAH adducts,0.1534423828125,Oxidative and radiation-like stress,0.003305435180664,PAH bulky adducts,0.07196044921875,Platinum and crosslinking therapy,0.1339111328125,Replication stress and DNA repair inhibition
MSM0.104_s2,kucab_wgs,damage_class,MuAt-compatible reimplementation,muat_compatible_qkv_attention,0,5,5,0.0004339218139648,Alkylating and aldehyde adduct stress,0.0178070068359375,Aromatic and heterocyclic amines,0.0120620727539062,Environmental organ-specific DNA adducts,0.326904296875,Nitroaromatic and nitro-PAH adducts,0.0203857421875,Oxidative and radiation-like stress,0.60595703125,PAH bulky adducts,0.014678955078125,Platinum and crosslinking therapy,0.0014705657958984,Replication stress and DNA repair inhibition
MSM0.104_s3,kucab_wgs,damage_class,MuAt-compatible reimplementation,muat_compatible_qkv_attention,0,0,5,0.396484375,Alkylating and aldehyde adduct stress,0.124267578125,Aromatic and heterocyclic amines,0.1588134765625,Environmental organ-specific DNA adducts,0.0039634704589843,Nitroaromatic and nitro-PAH adducts,0.07403564453125,Oxidative and radiation-like stress,0.0001734495162963,PAH bulky adducts,0.06939697265625,Platinum and crosslinking therapy,0.1729736328125,Replication stress and DNA repair inhibition
MSM0.105_s1,kucab_wgs,damage_class,MuAt-compatible reimplementation,muat_compatible_qkv_attention,0,0,1,0.303466796875,Alkylating and aldehyde adduct stress,0.263671875,Aromatic and heterocyclic amines,0.156005859375,Environmental organ-specific DNA adducts,0.086669921875,Nitroaromatic and nitro-PAH adducts,0.07720947265625,Oxidative and radiation-like stress,0.0186004638671875,PAH bulky adducts,0.035186767578125,Platinum and crosslinking therapy,0.059417724609375,Replication stress and DNA repair inhibition
MSM0.105_s3,kucab_wgs,damage_class,MuAt-compatible reimplementation,muat_compatible_qkv_attention,0,1,1,0.2919921875,Alkylating and aldehyde adduct stress,0.304931640625,Aromatic and heterocyclic amines,0.1480712890625,Environmental organ-specific DNA adducts,0.07086181640625,Nitroaromatic and nitro-PAH adducts,0.07659912109375,Oxidative and radiation-like stress,0.013397216796875,PAH bulky adducts,0.032135009765625,Platinum and crosslinking therapy,0.06201171875,Replication stress and DNA repair inhibition
MSM0.106_s1,kucab_wgs,damage_class,MuAt-compatible reimplementation,muat_compatible_qkv_attention,0,4,4,1.788139343261719e-07,Alkylating and aldehyde adduct stress,0.0087814331054687,Aromatic and heterocyclic amines,0.0005059242248535,Environmental organ-specific DNA adducts,7.599592208862305e-05,Nitroaromatic and nitro-PAH adducts,0.98388671875,Oxidative and radiation-like stress,0.0004322528839111,PAH bulky adducts,0.0023784637451171,Platinum and crosslinking therapy,0.0037822723388671,Replication stress and DNA repair inhibition
MSM0.106_s2,kucab_wgs,damage_class,MuAt-compatible reimplementation,muat_compatible_qkv_attention,0,0,4,0.8671875,Alkylating and aldehyde adduct stress,1.138448715209961e-05,Aromatic and heterocyclic amines,0.0048141479492187,Environmental organ-specific DNA adducts,0.12060546875,Nitroaromatic and nitro-PAH adducts,8.940696716308594e-07,Oxidative and radiation-like stress,0.0,PAH bulky adducts,0.004241943359375,Platinum and crosslinking therapy,0.0033550262451171,Replication stress and DNA repair inhibition
MSM0.106_s3,kucab_wgs,damage_class,MuAt-compatible reimplementation,muat_compatible_qkv_attention,0,0,4,0.7314453125,Alkylating and aldehyde adduct stress,0.07708740234375,Aromatic and heterocyclic amines,0.0838623046875,Environmental organ-specific DNA adducts,0.008270263671875,Nitroaromatic and nitro-PAH adducts,1.8596649169921875e-05,Oxidative and radiation-like stress,6.794929504394531e-06,PAH bulky adducts,0.0008292198181152,Platinum and crosslinking therapy,0.09857177734375,Replication stress and DNA repair inhibition
MSM0.107_s1,kucab_wgs,damage_class,MuAt-compatible reimplementation,muat_compatible_qkv_attention,1,2,4,5.364418029785156e-07,Alkylating and aldehyde adduct stress,1.5497207641601562e-06,Aromatic and heterocyclic amines,0.875,Environmental organ-specific DNA adducts,0.039520263671875,Nitroaromatic and nitro-PAH adducts,2.384185791015625e-07,Oxidative and radiation-like stress,0.0853271484375,PAH bulky adducts,7.426738739013672e-05,Platinum and crosslinking therapy,2.443790435791016e-06,Replication stress and DNA repair inhibition
MSM0.107_s2,kucab_wgs,damage_class,MuAt-compatible reimplementation,muat_compatible_qkv_attention,1,2,4,2.86102294921875e-06,Alkylating and aldehyde adduct stress,0.03790283203125,Aromatic and heterocyclic amines,0.84033203125,Environmental organ-specific DNA adducts,0.0022487640380859,Nitroaromatic and nitro-PAH adducts,0.01873779296875,Oxidative and radiation-like stress,0.07891845703125,PAH bulky adducts,0.0009994506835937,Platinum and crosslinking therapy,0.020965576171875,Replication stress and DNA repair inhibition
MSM0.108_s2,kucab_wgs,damage_class,MuAt-compatible reimplementation,muat_compatible_qkv_attention,0,1,1,0.2396240234375,Alkylating and aldehyde adduct stress,0.29541015625,Aromatic and heterocyclic amines,0.1666259765625,Environmental organ-specific DNA adducts,0.0902099609375,Nitroaromatic and nitro-PAH adducts,0.0841064453125,Oxidative and radiation-like stress,0.02325439453125,PAH bulky adducts,0.037750244140625,Platinum and crosslinking therapy,0.06298828125,Replication stress and DNA repair inhibition
MSM0.108_s3,kucab_wgs,damage_class,MuAt-compatible reimplementation,muat_compatible_qkv_attention,0,1,1,0.1856689453125,Alkylating and aldehyde adduct stress,0.2235107421875,Aromatic and heterocyclic amines,0.1708984375,Environmental organ-specific DNA adducts,0.159912109375,Nitroaromatic and nitro-PAH adducts,0.0908203125,Oxidative and radiation-like stress,0.06939697265625,PAH bulky adducts,0.043731689453125,Platinum and crosslinking therapy,0.055938720703125,Replication stress and DNA repair inhibition
MSM0.109_s1,kucab_wgs,damage_class,MuAt-compatible reimplementation,muat_compatible_qkv_attention,4,2,5,0.06683349609375,Alkylating and aldehyde adduct stress,0.228271484375,Aromatic and heterocyclic amines,0.25146484375,Environmental organ-specific DNA adducts,0.0029945373535156,Nitroaromatic and nitro-PAH adducts,0.165283203125,Oxidative and radiation-like stress,0.0002641677856445,PAH bulky adducts,0.04608154296875,Platinum and crosslinking therapy,0.23876953125,Replication stress and DNA repair inhibition
MSM0.109_s2,kucab_wgs,damage_class,MuAt-compatible reimplementation,muat_compatible_qkv_attention,4,1,5,0.037261962890625,Alkylating and aldehyde adduct stress,0.315185546875,Aromatic and heterocyclic amines,0.23779296875,Environmental organ-specific DNA adducts,0.018341064453125,Nitroaromatic and nitro-PAH adducts,0.197509765625,Oxidative and radiation-like stress,0.0037670135498046,PAH bulky adducts,0.0660400390625,Platinum and crosslinking therapy,0.12408447265625,Replication stress and DNA repair inhibition
MSM0.10_s1,kucab_wgs,damage_class,MuAt-compatible reimplementation,muat_compatible_qkv_attention,0,2,2,0.236572265625,Alkylating and aldehyde adduct stress,0.181396484375,Aromatic and heterocyclic amines,0.3076171875,Environmental organ-specific DNA adducts,0.0098037719726562,Nitroaromatic and nitro-PAH adducts,0.0142440795898437,Oxidative and radiation-like stress,0.0001879930496215,PAH bulky adducts,0.0253448486328125,Platinum and crosslinking therapy,0.224853515625,Replication stress and DNA repair inhibition
MSM0.10_s2,kucab_wgs,damage_class,MuAt-compatible reimplementation,muat_compatible_qkv_attention,0,0,2,0.436767578125,Alkylating and aldehyde adduct stress,0.130859375,Aromatic and heterocyclic amines,0.2332763671875,Environmental organ-specific DNA adducts,0.0068359375,Nitroaromatic and nitro-PAH adducts,0.0057868957519531,Oxidative and radiation-like stress,0.0001020431518554,PAH bulky adducts,0.018310546875,Platinum and crosslinking therapy,0.168212890625,Replication stress and DNA repair inhibition
MSM0.10_s3,kucab_wgs,damage_class,MuAt-compatible reimplementation,muat_compatible_qkv_attention,0,1,2,0.0093231201171875,Alkylating and aldehyde adduct stress,0.55908203125,Aromatic and heterocyclic amines,0.2177734375,Environmental organ-specific DNA adducts,0.0294952392578125,Nitroaromatic and nitro-PAH adducts,0.0279388427734375,Oxidative and radiation-like stress,0.0011825561523437,PAH bulky adducts,0.0130386352539062,Platinum and crosslinking therapy,0.142333984375,Replication stress and DNA repair inhibition
MSM0.110_s1,kucab_wgs,damage_class,MuAt-compatible reimplementation,muat_compatible_qkv_attention,0,0,3,0.927734375,Alkylating and aldehyde adduct stress,0.0007972717285156,Aromatic and heterocyclic amines,0.0059165954589843,Environmental organ-specific DNA adducts,0.061065673828125,Nitroaromatic and nitro-PAH adducts,1.6033649444580078e-05,Oxidative and radiation-like stress,8.463859558105469e-06,PAH bulky adducts,0.003641128540039,Platinum and crosslinking therapy,0.0007801055908203,Replication stress and DNA repair inhibition
MSM0.110_s2,kucab_wgs,damage_class,MuAt-compatible reimplementation,muat_compatible_qkv_attention,0,0,3,0.9970703125,Alkylating and aldehyde adduct stress,0.0010614395141601,Aromatic and heterocyclic amines,0.000260591506958,Environmental organ-specific DNA adducts,0.0015459060668945,Nitroaromatic and nitro-PAH adducts,4.231929779052734e-06,Oxidative and radiation-like stress,0.0,PAH bulky adducts,0.0001329183578491,Platinum and crosslinking therapy,7.826089859008789e-05,Replication stress and DNA repair inhibition
MSM0.110_s3,kucab_wgs,damage_class,MuAt-compatible reimplementation,muat_compatible_qkv_attention,0,0,3,0.99609375,Alkylating and aldehyde adduct stress,0.0008559226989746,Aromatic and heterocyclic amines,0.0003042221069335,Environmental organ-specific DNA adducts,0.0024070739746093,Nitroaromatic and nitro-PAH adducts,3.457069396972656e-06,Oxidative and radiation-like stress,0.0,PAH bulky adducts,0.000165581703186,Platinum and crosslinking therapy,8.243322372436523e-05,Replication stress and DNA repair inhibition
MSM0.111_s1,kucab_wgs,damage_class,MuAt-compatible reimplementation,muat_compatible_qkv_attention,1,1,5,0.0245819091796875,Alkylating and aldehyde adduct stress,0.2578125,Aromatic and heterocyclic amines,0.1558837890625,Environmental organ-specific DNA adducts,0.1639404296875,Nitroaromatic and nitro-PAH adducts,0.1932373046875,Oxidative and radiation-like stress,0.06695556640625,PAH bulky adducts,0.0950927734375,Platinum and crosslinking therapy,0.042694091796875,Replication stress and DNA repair inhibition
MSM0.111_s2,kucab_wgs,damage_class,MuAt-compatible reimplementation,muat_compatible_qkv_attention,1,1,5,0.0023269653320312,Alkylating and aldehyde adduct stress,0.280029296875,Aromatic and heterocyclic amines,0.09515380859375,Environmental organ-specific DNA adducts,0.1832275390625,Nitroaromatic and nitro-PAH adducts,0.173095703125,Oxidative and radiation-like stress,0.2000732421875,PAH bulky adducts,0.04852294921875,Platinum and crosslinking therapy,0.0177001953125,Replication stress and DNA repair inhibition
MSM0.111_s3,kucab_wgs,damage_class,MuAt-compatible reimplementation,muat_compatible_qkv_attention,1,1,5,0.020721435546875,Alkylating and aldehyde adduct stress,0.29052734375,Aromatic and heterocyclic amines,0.16259765625,Environmental organ-specific DNA adducts,0.12286376953125,Nitroaromatic and nitro-PAH adducts,0.212890625,Oxidative and radiation-like stress,0.050872802734375,PAH bulky adducts,0.09271240234375,Platinum and crosslinking therapy,0.046844482421875,Replication stress and DNA repair inhibition
MSM0.112_s1,kucab_wgs,damage_class,MuAt-compatible reimplementation,muat_compatible_qkv_attention,1,0,5,0.6708984375,Alkylating and aldehyde adduct stress,0.049224853515625,Aromatic and heterocyclic amines,0.08447265625,Environmental organ-specific DNA adducts,0.0004529953002929,Nitroaromatic and nitro-PAH adducts,0.024566650390625,Oxidative and radiation-like stress,8.881092071533203e-06,PAH bulky adducts,0.0264739990234375,Platinum and crosslinking therapy,0.1436767578125,Replication stress and DNA repair inhibition
MSM0.112_s2,kucab_wgs,damage_class,MuAt-compatible reimplementation,muat_compatible_qkv_attention,1,0,5,0.2239990234375,Alkylating and aldehyde adduct stress,0.186767578125,Aromatic and heterocyclic amines,0.2041015625,Environmental organ-specific DNA adducts,0.0138626098632812,Nitroaromatic and nitro-PAH adducts,0.1383056640625,Oxidative and radiation-like stress,0.0011539459228515,PAH bulky adducts,0.09039306640625,Platinum and crosslinking therapy,0.1414794921875,Replication stress and DNA repair inhibition
MSM0.112_s3,kucab_wgs,damage_class,MuAt-compatible reimplementation,muat_compatible_qkv_attention,1,0,5,0.82275390625,Alkylating and aldehyde adduct stress,0.0225982666015625,Aromatic and heterocyclic amines,0.041534423828125,Environmental organ-specific DNA adducts,0.0002849102020263,Nitroaromatic and nitro-PAH adducts,0.0124664306640625,Oxidative and radiation-like stress,2.7418136596679688e-06,PAH bulky adducts,0.0186004638671875,Platinum and crosslinking therapy,0.0816650390625,Replication stress and DNA repair inhibition
MSM0.113_s1,kucab_wgs,damage_class,MuAt-compatible reimplementation,muat_compatible_qkv_attention,1,0,5,0.34130859375,Alkylating and aldehyde adduct stress,0.11395263671875,Aromatic and heterocyclic amines,0.179443359375,Environmental organ-specific DNA adducts,0.0017051696777343,Nitroaromatic and nitro-PAH adducts,0.07183837890625,Oxidative and radiation-like stress,5.894899368286133e-05,PAH bulky adducts,0.052001953125,Platinum and crosslinking therapy,0.2396240234375,Replication stress and DNA repair inhibition
MSM0.113_s2,kucab_wgs,damage_class,MuAt-compatible reimplementation,muat_compatible_qkv_attention,1,1,5,0.039337158203125,Alkylating and aldehyde adduct stress,0.242431640625,Aromatic and heterocyclic amines,0.2216796875,Environmental organ-specific DNA adducts,0.052520751953125,Nitroaromatic and nitro-PAH adducts,0.211181640625,Oxidative and radiation-like stress,0.0186767578125,PAH bulky adducts,0.1058349609375,Platinum and crosslinking therapy,0.10833740234375,Replication stress and DNA repair inhibition
MSM0.114_s1,kucab_wgs,damage_class,MuAt-compatible reimplementation,muat_compatible_qkv_attention,1,2,5,0.1639404296875,Alkylating and aldehyde adduct stress,0.1729736328125,Aromatic and heterocyclic amines,0.2056884765625,Environmental organ-specific DNA adducts,0.018463134765625,Nitroaromatic and nitro-PAH adducts,0.15966796875,Oxidative and radiation-like stress,0.0018739700317382,PAH bulky adducts,0.11944580078125,Platinum and crosslinking therapy,0.157958984375,Replication stress and DNA repair inhibition
MSM0.114_s2,kucab_wgs,damage_class,MuAt-compatible reimplementation,muat_compatible_qkv_attention,1,1,5,0.0280914306640625,Alkylating and aldehyde adduct stress,0.254150390625,Aromatic and heterocyclic amines,0.2261962890625,Environmental organ-specific DNA adducts,0.040771484375,Nitroaromatic and nitro-PAH adducts,0.2457275390625,Oxidative and radiation-like stress,0.0107879638671875,PAH bulky adducts,0.08477783203125,Platinum and crosslinking therapy,0.10943603515625,Replication stress and DNA repair inhibition
MSM0.114_s5,kucab_wgs,damage_class,MuAt-compatible reimplementation,muat_compatible_qkv_attention,1,1,5,0.07281494140625,Alkylating and aldehyde adduct stress,0.244384765625,Aromatic and heterocyclic amines,0.2401123046875,Environmental organ-specific DNA adducts,0.022369384765625,Nitroaromatic and nitro-PAH adducts,0.1746826171875,Oxidative and radiation-like stress,0.0040817260742187,PAH bulky adducts,0.0892333984375,Platinum and crosslinking therapy,0.15234375,Replication stress and DNA repair inhibition
MSM0.115_s1,kucab_wgs,damage_class,MuAt-compatible reimplementation,muat_compatible_qkv_attention,1,1,5,0.0169525146484375,Alkylating and aldehyde adduct stress,0.3974609375,Aromatic and heterocyclic amines,0.2156982421875,Environmental organ-specific DNA adducts,0.0159149169921875,Nitroaromatic and nitro-PAH adducts,0.1903076171875,Oxidative and radiation-like stress,0.0068397521972656,PAH bulky adducts,0.04931640625,Platinum and crosslinking therapy,0.10748291015625,Replication stress and DNA repair inhibition
MSM0.115_s2,kucab_wgs,damage_class,MuAt-compatible reimplementation,muat_compatible_qkv_attention,1,4,5,0.046783447265625,Alkylating and aldehyde adduct stress,0.24365234375,Aromatic and heterocyclic amines,0.2064208984375,Environmental organ-specific DNA adducts,0.036407470703125,Nitroaromatic and nitro-PAH adducts,0.2470703125,Oxidative and radiation-like stress,0.0074539184570312,PAH bulky adducts,0.1004638671875,Platinum and crosslinking therapy,0.1116943359375,Replication stress and DNA repair inhibition
MSM0.116_s1,kucab_wgs,damage_class,MuAt-compatible reimplementation,muat_compatible_qkv_attention,1,1,5,0.0236663818359375,Alkylating and aldehyde adduct stress,0.3857421875,Aromatic and heterocyclic amines,0.2410888671875,Environmental organ-specific DNA adducts,0.0058860778808593,Nitroaromatic and nitro-PAH adducts,0.1612548828125,Oxidative and radiation-like stress,0.0017375946044921,PAH bulky adducts,0.035064697265625,Platinum and crosslinking therapy,0.1455078125,Replication stress and DNA repair inhibition
MSM0.116_s2,kucab_wgs,damage_class,MuAt-compatible reimplementation,muat_compatible_qkv_attention,1,0,5,0.291015625,Alkylating and aldehyde adduct stress,0.1776123046875,Aromatic and heterocyclic amines,0.177001953125,Environmental organ-specific DNA adducts,0.0014266967773437,Nitroaromatic and nitro-PAH adducts,0.0711669921875,Oxidative and radiation-like stress,6.580352783203125e-05,PAH bulky adducts,0.04364013671875,Platinum and crosslinking therapy,0.238037109375,Replication stress and DNA repair inhibition
MSM0.116_s3,kucab_wgs,damage_class,MuAt-compatible reimplementation,muat_compatible_qkv_attention,1,0,5,0.25390625,Alkylating and aldehyde adduct stress,0.16162109375,Aromatic and heterocyclic amines,0.204345703125,Environmental organ-specific DNA adducts,0.0023021697998046,Nitroaromatic and nitro-PAH adducts,0.10223388671875,Oxidative and radiation-like stress,0.0001187920570373,PAH bulky adducts,0.053863525390625,Platinum and crosslinking therapy,0.2215576171875,Replication stress and DNA repair inhibition
MSM0.117_s1,kucab_wgs,damage_class,MuAt-compatible reimplementation,muat_compatible_qkv_attention,2,1,3,0.0111007690429687,Alkylating and aldehyde adduct stress,0.81005859375,Aromatic and heterocyclic amines,0.044677734375,Environmental organ-specific DNA adducts,0.002481460571289,Nitroaromatic and nitro-PAH adducts,0.0927734375,Oxidative and radiation-like stress,0.0002815723419189,PAH bulky adducts,0.00799560546875,Platinum and crosslinking therapy,0.0305023193359375,Replication stress and DNA repair inhibition
MSM0.117_s5,kucab_wgs,damage_class,MuAt-compatible reimplementation,muat_compatible_qkv_attention,2,1,3,0.025604248046875,Alkylating and aldehyde adduct stress,0.335205078125,Aromatic and heterocyclic amines,0.1767578125,Environmental organ-specific DNA adducts,0.08154296875,Nitroaromatic and nitro-PAH adducts,0.1507568359375,Oxidative and radiation-like stress,0.023834228515625,PAH bulky adducts,0.10614013671875,Platinum and crosslinking therapy,0.10015869140625,Replication stress and DNA repair inhibition
MSM0.11_s1,kucab_wgs,damage_class,MuAt-compatible reimplementation,muat_compatible_qkv_attention,0,0,3,0.95849609375,Alkylating and aldehyde adduct stress,0.0062408447265625,Aromatic and heterocyclic amines,0.0034198760986328,Environmental organ-specific DNA adducts,0.0284881591796875,Nitroaromatic and nitro-PAH adducts,9.429454803466796e-05,Oxidative and radiation-like stress,3.635883331298828e-06,PAH bulky adducts,0.00238037109375,Platinum and crosslinking therapy,0.0010700225830078,Replication stress and DNA repair inhibition
MSM0.11_s2,kucab_wgs,damage_class,MuAt-compatible reimplementation,muat_compatible_qkv_attention,0,0,3,0.98876953125,Alkylating and aldehyde adduct stress,0.0016613006591796,Aromatic and heterocyclic amines,0.0007848739624023,Environmental organ-specific DNA adducts,0.0081100463867187,Nitroaromatic and nitro-PAH adducts,1.4603137969970705e-05,Oxidative and radiation-like stress,2.384185791015625e-07,PAH bulky adducts,0.0005769729614257,Platinum and crosslinking therapy,0.0002359151840209,Replication stress and DNA repair inhibition
MSM0.11_s3,kucab_wgs,damage_class,MuAt-compatible reimplementation,muat_compatible_qkv_attention,0,0,3,0.96142578125,Alkylating and aldehyde adduct stress,0.0008859634399414,Aromatic and heterocyclic amines,0.0008230209350585,Environmental organ-specific DNA adducts,0.035919189453125,Nitroaromatic and nitro-PAH adducts,7.331371307373047e-06,Oxidative and radiation-like stress,8.344650268554688e-07,PAH bulky adducts,0.0008497238159179,Platinum and crosslinking therapy,0.0002025365829467,Replication stress and DNA repair inhibition
MSM0.121_s3,kucab_wgs,damage_class,MuAt-compatible reimplementation,muat_compatible_qkv_attention,1,0,5,0.89892578125,Alkylating and aldehyde adduct stress,0.0092010498046875,Aromatic and heterocyclic amines,0.02215576171875,Environmental organ-specific DNA adducts,0.0001012086868286,Nitroaromatic and nitro-PAH adducts,0.005615234375,Oxidative and radiation-like stress,7.748603820800781e-07,PAH bulky adducts,0.0118408203125,Platinum and crosslinking therapy,0.052032470703125,Replication stress and DNA repair inhibition
MSM0.121_s4,kucab_wgs,damage_class,MuAt-compatible reimplementation,muat_compatible_qkv_attention,1,1,5,0.14404296875,Alkylating and aldehyde adduct stress,0.2568359375,Aromatic and heterocyclic amines,0.2218017578125,Environmental organ-specific DNA adducts,0.0017099380493164,Nitroaromatic and nitro-PAH adducts,0.093017578125,Oxidative and radiation-like stress,0.0001641511917114,PAH bulky adducts,0.0399169921875,Platinum and crosslinking therapy,0.24267578125,Replication stress and DNA repair inhibition
MSM0.121_s5,kucab_wgs,damage_class,MuAt-compatible reimplementation,muat_compatible_qkv_attention,1,7,5,0.1722412109375,Alkylating and aldehyde adduct stress,0.2291259765625,Aromatic and heterocyclic amines,0.2137451171875,Environmental organ-specific DNA adducts,0.0014991760253906,Nitroaromatic and nitro-PAH adducts,0.08746337890625,Oxidative and radiation-like stress,0.0001008510589599,PAH bulky adducts,0.0406494140625,Platinum and crosslinking therapy,0.255126953125,Replication stress and DNA repair inhibition
MSM0.122_s1,kucab_wgs,damage_class,MuAt-compatible reimplementation,muat_compatible_qkv_attention,2,1,3,0.136962890625,Alkylating and aldehyde adduct stress,0.818359375,Aromatic and heterocyclic amines,0.0120849609375,Environmental organ-specific DNA adducts,0.0030155181884765,Nitroaromatic and nitro-PAH adducts,0.016387939453125,Oxidative and radiation-like stress,7.510185241699219e-06,PAH bulky adducts,0.002908706665039,Platinum and crosslinking therapy,0.0103912353515625,Replication stress and DNA repair inhibition
MSM0.122_s2,kucab_wgs,damage_class,MuAt-compatible reimplementation,muat_compatible_qkv_attention,2,1,3,0.05242919921875,Alkylating and aldehyde adduct stress,0.63623046875,Aromatic and heterocyclic amines,0.113525390625,Environmental organ-specific DNA adducts,0.034759521484375,Nitroaromatic and nitro-PAH adducts,0.06573486328125,Oxidative and radiation-like stress,0.0016727447509765,PAH bulky adducts,0.03802490234375,Platinum and crosslinking therapy,0.057373046875,Replication stress and DNA repair inhibition
MSM0.122_s4,kucab_wgs,damage_class,MuAt-compatible reimplementation,muat_compatible_qkv_attention,2,1,3,0.0269012451171875,Alkylating and aldehyde adduct stress,0.312744140625,Aromatic and heterocyclic amines,0.1571044921875,Environmental organ-specific DNA adducts,0.152099609375,Nitroaromatic and nitro-PAH adducts,0.113037109375,Oxidative and radiation-like stress,0.035919189453125,PAH bulky adducts,0.1199951171875,Platinum and crosslinking therapy,0.08221435546875,Replication stress and DNA repair inhibition
MSM0.123_s1,kucab_wgs,damage_class,MuAt-compatible reimplementation,muat_compatible_qkv_attention,0,1,4,0.0,Alkylating and aldehyde adduct stress,0.66845703125,Aromatic and heterocyclic amines,0.06805419921875,Environmental organ-specific DNA adducts,3.993511199951172e-06,Nitroaromatic and nitro-PAH adducts,0.0517578125,Oxidative and radiation-like stress,0.2047119140625,PAH bulky adducts,3.218650817871094e-05,Platinum and crosslinking therapy,0.0069618225097656,Replication stress and DNA repair inhibition
MSM0.123_s2,kucab_wgs,damage_class,MuAt-compatible reimplementation,muat_compatible_qkv_attention,0,2,4,4.76837158203125e-07,Alkylating and aldehyde adduct stress,0.011383056640625,Aromatic and heterocyclic amines,0.9697265625,Environmental organ-specific DNA adducts,3.802776336669922e-05,Nitroaromatic and nitro-PAH adducts,7.545948028564453e-05,Oxidative and radiation-like stress,0.0156707763671875,PAH bulky adducts,3.874301910400391e-06,Platinum and crosslinking therapy,0.0029716491699218,Replication stress and DNA repair inhibition
MSM0.123_s3,kucab_wgs,damage_class,MuAt-compatible reimplementation,muat_compatible_qkv_attention,0,0,4,0.9990234375,Alkylating and aldehyde adduct stress,1.6748905181884766e-05,Aromatic and heterocyclic amines,0.0001748800277709,Environmental organ-specific DNA adducts,0.0003540515899658,Nitroaromatic and nitro-PAH adducts,0.0,Oxidative and radiation-like stress,0.0,PAH bulky adducts,1.96695327758789e-06,Platinum and crosslinking therapy,0.0003941059112548,Replication stress and DNA repair inhibition
MSM0.124_s1,kucab_wgs,damage_class,MuAt-compatible reimplementation,muat_compatible_qkv_attention,2,2,5,0.1251220703125,Alkylating and aldehyde adduct stress,0.201904296875,Aromatic and heterocyclic amines,0.230224609375,Environmental organ-specific DNA adducts,0.0352783203125,Nitroaromatic and nitro-PAH adducts,0.1552734375,Oxidative and radiation-like stress,0.0049972534179687,PAH bulky adducts,0.114501953125,Platinum and crosslinking therapy,0.1326904296875,Replication stress and DNA repair inhibition
MSM0.124_s2,kucab_wgs,damage_class,MuAt-compatible reimplementation,muat_compatible_qkv_attention,2,1,5,0.0024967193603515,Alkylating and aldehyde adduct stress,0.357177734375,Aromatic and heterocyclic amines,0.1885986328125,Environmental organ-specific DNA adducts,0.066162109375,Nitroaromatic and nitro-PAH adducts,0.211181640625,Oxidative and radiation-like stress,0.08917236328125,PAH bulky adducts,0.039642333984375,Platinum and crosslinking therapy,0.04571533203125,Replication stress and DNA repair inhibition
MSM0.124_s3,kucab_wgs,damage_class,MuAt-compatible reimplementation,muat_compatible_qkv_attention,2,1,5,0.06494140625,Alkylating and aldehyde adduct stress,0.264892578125,Aromatic and heterocyclic amines,0.2578125,Environmental organ-specific DNA adducts,0.0066757202148437,Nitroaromatic and nitro-PAH adducts,0.163330078125,Oxidative and radiation-like stress,0.0008330345153808,PAH bulky adducts,0.056396484375,Platinum and crosslinking therapy,0.1851806640625,Replication stress and DNA repair inhibition
MSM0.125_s1,kucab_wgs,damage_class,MuAt-compatible reimplementation,muat_compatible_qkv_attention,2,0,5,0.3134765625,Alkylating and aldehyde adduct stress,0.12841796875,Aromatic and heterocyclic amines,0.18505859375,Environmental organ-specific DNA adducts,0.0008001327514648,Nitroaromatic and nitro-PAH adducts,0.063232421875,Oxidative and radiation-like stress,3.081560134887695e-05,PAH bulky adducts,0.038787841796875,Platinum and crosslinking therapy,0.270263671875,Replication stress and DNA repair inhibition
MSM0.125_s2,kucab_wgs,damage_class,MuAt-compatible reimplementation,muat_compatible_qkv_attention,2,1,5,0.058013916015625,Alkylating and aldehyde adduct stress,0.3037109375,Aromatic and heterocyclic amines,0.2454833984375,Environmental organ-specific DNA adducts,0.0044479370117187,Nitroaromatic and nitro-PAH adducts,0.140380859375,Oxidative and radiation-like stress,0.0006794929504394,PAH bulky adducts,0.05084228515625,Platinum and crosslinking therapy,0.1962890625,Replication stress and DNA repair inhibition
MSM0.125_s3,kucab_wgs,damage_class,MuAt-compatible reimplementation,muat_compatible_qkv_attention,2,1,5,0.04779052734375,Alkylating and aldehyde adduct stress,0.302734375,Aromatic and heterocyclic amines,0.2442626953125,Environmental organ-specific DNA adducts,0.0110626220703125,Nitroaromatic and nitro-PAH adducts,0.1715087890625,Oxidative and radiation-like stress,0.0025634765625,PAH bulky adducts,0.063720703125,Platinum and crosslinking therapy,0.15625,Replication stress and DNA repair inhibition
MSM0.126_s1,kucab_wgs,damage_class,MuAt-compatible reimplementation,muat_compatible_qkv_attention,1,0,4,0.93310546875,Alkylating and aldehyde adduct stress,3.159046173095703e-05,Aromatic and heterocyclic amines,0.0278472900390625,Environmental organ-specific DNA adducts,0.037628173828125,Nitroaromatic and nitro-PAH adducts,5.960464477539064e-08,Oxidative and radiation-like stress,5.960464477539064e-08,PAH bulky adducts,0.0002189874649047,Platinum and crosslinking therapy,0.0012435913085937,Replication stress and DNA repair inhibition
MSM0.126_s2,kucab_wgs,damage_class,MuAt-compatible reimplementation,muat_compatible_qkv_attention,1,2,4,0.0022640228271484,Alkylating and aldehyde adduct stress,0.2225341796875,Aromatic and heterocyclic amines,0.5830078125,Environmental organ-specific DNA adducts,0.0013599395751953,Nitroaromatic and nitro-PAH adducts,0.0005111694335937,Oxidative and radiation-like stress,0.0003783702850341,PAH bulky adducts,0.0002732276916503,Platinum and crosslinking therapy,0.189697265625,Replication stress and DNA repair inhibition
MSM0.12_s1,kucab_wgs,damage_class,MuAt-compatible reimplementation,muat_compatible_qkv_attention,5,0,1,0.2481689453125,Alkylating and aldehyde adduct stress,0.240478515625,Aromatic and heterocyclic amines,0.1689453125,Environmental organ-specific DNA adducts,0.1259765625,Nitroaromatic and nitro-PAH adducts,0.0853271484375,Oxidative and radiation-like stress,0.0369873046875,PAH bulky adducts,0.03863525390625,Platinum and crosslinking therapy,0.055389404296875,Replication stress and DNA repair inhibition
MSM0.12_s3,kucab_wgs,damage_class,MuAt-compatible reimplementation,muat_compatible_qkv_attention,5,3,1,0.140869140625,Alkylating and aldehyde adduct stress,0.09857177734375,Aromatic and heterocyclic amines,0.1497802734375,Environmental organ-specific DNA adducts,0.3134765625,Nitroaromatic and nitro-PAH adducts,0.0576171875,Oxidative and radiation-like stress,0.178466796875,PAH bulky adducts,0.031646728515625,Platinum and crosslinking therapy,0.029449462890625,Replication stress and DNA repair inhibition
MSM0.12_s4,kucab_wgs,damage_class,MuAt-compatible reimplementation,muat_compatible_qkv_attention,5,3,1,0.1873779296875,Alkylating and aldehyde adduct stress,0.173583984375,Aromatic and heterocyclic amines,0.1873779296875,Environmental organ-specific DNA adducts,0.2056884765625,Nitroaromatic and nitro-PAH adducts,0.07470703125,Oxidative and radiation-like stress,0.08685302734375,PAH bulky adducts,0.03802490234375,Platinum and crosslinking therapy,0.046295166015625,Replication stress and DNA repair inhibition
MSM0.130_s1,kucab_wgs,damage_class,MuAt-compatible reimplementation,muat_compatible_qkv_attention,5,0,3,0.470458984375,Alkylating and aldehyde adduct stress,0.4267578125,Aromatic and heterocyclic amines,0.036865234375,Environmental organ-specific DNA adducts,0.020599365234375,Nitroaromatic and nitro-PAH adducts,0.0112686157226562,Oxidative and radiation-like stress,3.0159950256347656e-05,PAH bulky adducts,0.0115737915039062,Platinum and crosslinking therapy,0.0224761962890625,Replication stress and DNA repair inhibition
MSM0.130_s2,kucab_wgs,damage_class,MuAt-compatible reimplementation,muat_compatible_qkv_attention,5,1,3,0.056793212890625,Alkylating and aldehyde adduct stress,0.63134765625,Aromatic and heterocyclic amines,0.120361328125,Environmental organ-specific DNA adducts,0.0175323486328125,Nitroaromatic and nitro-PAH adducts,0.076171875,Oxidative and radiation-like stress,0.0009055137634277,PAH bulky adducts,0.030975341796875,Platinum and crosslinking therapy,0.0660400390625,Replication stress and DNA repair inhibition
MSM0.130_s3,kucab_wgs,damage_class,MuAt-compatible reimplementation,muat_compatible_qkv_attention,5,0,3,0.78466796875,Alkylating and aldehyde adduct stress,0.2054443359375,Aromatic and heterocyclic amines,0.0050697326660156,Environmental organ-specific DNA adducts,0.0005884170532226,Nitroaromatic and nitro-PAH adducts,0.0008625984191894,Oxidative and radiation-like stress,5.960464477539064e-08,PAH bulky adducts,0.0005164146423339,Platinum and crosslinking therapy,0.0028743743896484,Replication stress and DNA repair inhibition
MSM0.132_s1,kucab_wgs,damage_class,MuAt-compatible reimplementation,muat_compatible_qkv_attention,5,3,1,0.25439453125,Alkylating and aldehyde adduct stress,0.07342529296875,Aromatic and heterocyclic amines,0.133056640625,Environmental organ-specific DNA adducts,0.32958984375,Nitroaromatic and nitro-PAH adducts,0.04345703125,Oxidative and radiation-like stress,0.11224365234375,PAH bulky adducts,0.0262298583984375,Platinum and crosslinking therapy,0.0274810791015625,Replication stress and DNA repair inhibition
MSM0.132_s2,kucab_wgs,damage_class,MuAt-compatible reimplementation,muat_compatible_qkv_attention,5,3,1,0.2484130859375,Alkylating and aldehyde adduct stress,0.1156005859375,Aromatic and heterocyclic amines,0.1580810546875,Environmental organ-specific DNA adducts,0.265869140625,Nitroaromatic and nitro-PAH adducts,0.0579833984375,Oxidative and radiation-like stress,0.08758544921875,PAH bulky adducts,0.03118896484375,Platinum and crosslinking therapy,0.03515625,Replication stress and DNA repair inhibition
MSM0.132_s3,kucab_wgs,damage_class,MuAt-compatible reimplementation,muat_compatible_qkv_attention,5,3,1,0.11065673828125,Alkylating and aldehyde adduct stress,0.04583740234375,Aromatic and heterocyclic amines,0.103271484375,Environmental organ-specific DNA adducts,0.39013671875,Nitroaromatic and nitro-PAH adducts,0.038177490234375,Oxidative and radiation-like stress,0.2685546875,PAH bulky adducts,0.024871826171875,Platinum and crosslinking therapy,0.0185394287109375,Replication stress and DNA repair inhibition
MSM0.13_s1,kucab_wgs,damage_class,MuAt-compatible reimplementation,muat_compatible_qkv_attention,5,3,2,0.034912109375,Alkylating and aldehyde adduct stress,0.05877685546875,Aromatic and heterocyclic amines,0.3037109375,Environmental organ-specific DNA adducts,0.330322265625,Nitroaromatic and nitro-PAH adducts,0.0810546875,Oxidative and radiation-like stress,0.032867431640625,PAH bulky adducts,0.127685546875,Platinum and crosslinking therapy,0.0307769775390625,Replication stress and DNA repair inhibition
MSM0.13_s2,kucab_wgs,damage_class,MuAt-compatible reimplementation,muat_compatible_qkv_attention,5,1,2,0.0001022219657897,Alkylating and aldehyde adduct stress,0.395263671875,Aromatic and heterocyclic amines,0.138427734375,Environmental organ-specific DNA adducts,0.19677734375,Nitroaromatic and nitro-PAH adducts,0.145263671875,Oxidative and radiation-like stress,0.0819091796875,PAH bulky adducts,0.02166748046875,Platinum and crosslinking therapy,0.020660400390625,Replication stress and DNA repair inhibition
MSM0.13_s3,kucab_wgs,damage_class,MuAt-compatible reimplementation,muat_compatible_qkv_attention,5,0,2,0.5517578125,Alkylating and aldehyde adduct stress,0.029388427734375,Aromatic and heterocyclic amines,0.244140625,Environmental organ-specific DNA adducts,0.0419921875,Nitroaromatic and nitro-PAH adducts,0.0131607055664062,Oxidative and radiation-like stress,0.0009474754333496,PAH bulky adducts,0.060638427734375,Platinum and crosslinking therapy,0.05780029296875,Replication stress and DNA repair inhibition
MSM0.14_s1,kucab_wgs,damage_class,MuAt-compatible reimplementation,muat_compatible_qkv_attention,5,5,4,0.0,Alkylating and aldehyde adduct stress,0.0021553039550781,Aromatic and heterocyclic amines,0.0003142356872558,Environmental organ-specific DNA adducts,0.0,Nitroaromatic and nitro-PAH adducts,0.0002349615097045,Oxidative and radiation-like stress,0.9970703125,PAH bulky adducts,5.960464477539062e-07,Platinum and crosslinking therapy,2.980232238769531e-07,Replication stress and DNA repair inhibition
MSM0.14_s2,kucab_wgs,damage_class,MuAt-compatible reimplementation,muat_compatible_qkv_attention,5,5,4,0.0,Alkylating and aldehyde adduct stress,5.960464477539064e-08,Aromatic and heterocyclic amines,2.6702880859375e-05,Environmental organ-specific DNA adducts,0.0,Nitroaromatic and nitro-PAH adducts,4.827976226806641e-06,Oxidative and radiation-like stress,1.0,PAH bulky adducts,1.1920928955078125e-07,Platinum and crosslinking therapy,0.0,Replication stress and DNA repair inhibition
MSM0.14_s3,kucab_wgs,damage_class,MuAt-compatible reimplementation,muat_compatible_qkv_attention,5,5,4,0.0,Alkylating and aldehyde adduct stress,2.9861927032470703e-05,Aromatic and heterocyclic amines,2.5570392608642575e-05,Environmental organ-specific DNA adducts,0.0,Nitroaromatic and nitro-PAH adducts,1.931190490722656e-05,Oxidative and radiation-like stress,1.0,PAH bulky adducts,1.1920928955078125e-06,Platinum and crosslinking therapy,0.0,Replication stress and DNA repair inhibition
MSM0.15_s1,kucab_wgs,damage_class,MuAt-compatible reimplementation,muat_compatible_qkv_attention,6,2,4,2.9385089874267575e-05,Alkylating and aldehyde adduct stress,0.0138931274414062,Aromatic and heterocyclic amines,0.90625,Environmental organ-specific DNA adducts,0.0136489868164062,Nitroaromatic and nitro-PAH adducts,0.0096893310546875,Oxidative and radiation-like stress,0.0106124877929687,PAH bulky adducts,0.0027980804443359,Platinum and crosslinking therapy,0.042938232421875,Replication stress and DNA repair inhibition
MSM0.15_s2,kucab_wgs,damage_class,MuAt-compatible reimplementation,muat_compatible_qkv_attention,6,2,4,0.0030689239501953,Alkylating and aldehyde adduct stress,0.01190185546875,Aromatic and heterocyclic amines,0.76416015625,Environmental organ-specific DNA adducts,0.11083984375,Nitroaromatic and nitro-PAH adducts,0.003753662109375,Oxidative and radiation-like stress,0.0009469985961914,PAH bulky adducts,0.0141372680664062,Platinum and crosslinking therapy,0.09100341796875,Replication stress and DNA repair inhibition
MSM0.15_s3,kucab_wgs,damage_class,MuAt-compatible reimplementation,muat_compatible_qkv_attention,6,0,4,0.50927734375,Alkylating and aldehyde adduct stress,0.060455322265625,Aromatic and heterocyclic amines,0.10101318359375,Environmental organ-specific DNA adducts,0.146240234375,Nitroaromatic and nitro-PAH adducts,0.0030403137207031,Oxidative and radiation-like stress,0.0001982450485229,PAH bulky adducts,0.0927734375,Platinum and crosslinking therapy,0.0869140625,Replication stress and DNA repair inhibition
MSM0.16_s1,kucab_wgs,damage_class,MuAt-compatible reimplementation,muat_compatible_qkv_attention,3,5,4,9.733438491821288e-05,Alkylating and aldehyde adduct stress,0.203369140625,Aromatic and heterocyclic amines,0.1993408203125,Environmental organ-specific DNA adducts,0.0013017654418945,Nitroaromatic and nitro-PAH adducts,0.0026435852050781,Oxidative and radiation-like stress,0.58154296875,PAH bulky adducts,0.0105133056640625,Platinum and crosslinking therapy,0.0012283325195312,Replication stress and DNA repair inhibition
MSM0.16_s2,kucab_wgs,damage_class,MuAt-compatible reimplementation,muat_compatible_qkv_attention,3,5,4,0.0,Alkylating and aldehyde adduct stress,5.08427619934082e-05,Aromatic and heterocyclic amines,5.304813385009766e-06,Environmental organ-specific DNA adducts,0.0,Nitroaromatic and nitro-PAH adducts,0.0005679130554199,Oxidative and radiation-like stress,0.99951171875,PAH bulky adducts,1.1920928955078123e-05,Platinum and crosslinking therapy,0.0,Replication stress and DNA repair inhibition
MSM0.16_s3,kucab_wgs,damage_class,MuAt-compatible reimplementation,muat_compatible_qkv_attention,3,2,4,0.0006890296936035,Alkylating and aldehyde adduct stress,0.01605224609375,Aromatic and heterocyclic amines,0.7353515625,Environmental organ-specific DNA adducts,0.1591796875,Nitroaromatic and nitro-PAH adducts,0.0093841552734375,Oxidative and radiation-like stress,0.0261383056640625,PAH bulky adducts,0.03887939453125,Platinum and crosslinking therapy,0.0141754150390625,Replication stress and DNA repair inhibition
MSM0.17_s1,kucab_wgs,damage_class,MuAt-compatible reimplementation,muat_compatible_qkv_attention,3,1,3,0.0941162109375,Alkylating and aldehyde adduct stress,0.7509765625,Aromatic and heterocyclic amines,0.061248779296875,Environmental organ-specific DNA adducts,0.0040435791015625,Nitroaromatic and nitro-PAH adducts,0.045074462890625,Oxidative and radiation-like stress,5.0008296966552734e-05,PAH bulky adducts,0.0094757080078125,Platinum and crosslinking therapy,0.03485107421875,Replication stress and DNA repair inhibition
MSM0.17_s2,kucab_wgs,damage_class,MuAt-compatible reimplementation,muat_compatible_qkv_attention,3,1,3,0.178955078125,Alkylating and aldehyde adduct stress,0.658203125,Aromatic and heterocyclic amines,0.07427978515625,Environmental organ-specific DNA adducts,0.0017881393432617,Nitroaromatic and nitro-PAH adducts,0.035797119140625,Oxidative and radiation-like stress,1.6033649444580078e-05,PAH bulky adducts,0.0099029541015625,Platinum and crosslinking therapy,0.04107666015625,Replication stress and DNA repair inhibition
MSM0.18_s1,kucab_wgs,damage_class,MuAt-compatible reimplementation,muat_compatible_qkv_attention,7,0,4,0.8740234375,Alkylating and aldehyde adduct stress,4.0531158447265625e-06,Aromatic and heterocyclic amines,1.5795230865478516e-05,Environmental organ-specific DNA adducts,0.081298828125,Nitroaromatic and nitro-PAH adducts,3.814697265625e-06,Oxidative and radiation-like stress,0.0,PAH bulky adducts,0.04437255859375,Platinum and crosslinking therapy,0.0003952980041503,Replication stress and DNA repair inhibition
MSM0.18_s2,kucab_wgs,damage_class,MuAt-compatible reimplementation,muat_compatible_qkv_attention,7,0,4,0.67041015625,Alkylating and aldehyde adduct stress,1.3530254364013672e-05,Aromatic and heterocyclic amines,0.234375,Environmental organ-specific DNA adducts,0.09429931640625,Nitroaromatic and nitro-PAH adducts,0.0,Oxidative and radiation-like stress,2.384185791015625e-07,PAH bulky adducts,2.2411346435546875e-05,Platinum and crosslinking therapy,0.0011539459228515,Replication stress and DNA repair inhibition
MSM0.19_s1,kucab_wgs,damage_class,MuAt-compatible reimplementation,muat_compatible_qkv_attention,4,1,3,0.09991455078125,Alkylating and aldehyde adduct stress,0.78271484375,Aromatic and heterocyclic amines,0.036163330078125,Environmental organ-specific DNA adducts,0.0038394927978515,Nitroaromatic and nitro-PAH adducts,0.04266357421875,Oxidative and radiation-like stress,4.029273986816406e-05,PAH bulky adducts,0.008270263671875,Platinum and crosslinking therapy,0.0264739990234375,Replication stress and DNA repair inhibition
MSM0.19_s2,kucab_wgs,damage_class,MuAt-compatible reimplementation,muat_compatible_qkv_attention,4,5,3,0.0010509490966796,Alkylating and aldehyde adduct stress,0.15185546875,Aromatic and heterocyclic amines,0.12359619140625,Environmental organ-specific DNA adducts,0.0692138671875,Nitroaromatic and nitro-PAH adducts,0.2135009765625,Oxidative and radiation-like stress,0.2457275390625,PAH bulky adducts,0.10675048828125,Platinum and crosslinking therapy,0.08837890625,Replication stress and DNA repair inhibition
MSM0.22_s1,kucab_wgs,damage_class,MuAt-compatible reimplementation,muat_compatible_qkv_attention,0,0,4,0.99267578125,Alkylating and aldehyde adduct stress,0.0,Aromatic and heterocyclic amines,3.796815872192383e-05,Environmental organ-specific DNA adducts,0.0073471069335937,Nitroaromatic and nitro-PAH adducts,0.0,Oxidative and radiation-like stress,0.0,PAH bulky adducts,5.185604095458984e-06,Platinum and crosslinking therapy,1.1920928955078125e-07,Replication stress and DNA repair inhibition
MSM0.22_s2,kucab_wgs,damage_class,MuAt-compatible reimplementation,muat_compatible_qkv_attention,0,0,4,1.0,Alkylating and aldehyde adduct stress,0.0,Aromatic and heterocyclic amines,0.0,Environmental organ-specific DNA adducts,0.0001609325408935,Nitroaromatic and nitro-PAH adducts,0.0,Oxidative and radiation-like stress,0.0,PAH bulky adducts,0.0,Platinum and crosslinking therapy,0.0,Replication stress and DNA repair inhibition
MSM0.22_s3,kucab_wgs,damage_class,MuAt-compatible reimplementation,muat_compatible_qkv_attention,0,0,4,1.0,Alkylating and aldehyde adduct stress,0.0,Aromatic and heterocyclic amines,1.788139343261719e-07,Environmental organ-specific DNA adducts,2.193450927734375e-05,Nitroaromatic and nitro-PAH adducts,0.0,Oxidative and radiation-like stress,0.0,PAH bulky adducts,0.0,Platinum and crosslinking therapy,0.0,Replication stress and DNA repair inhibition
MSM0.23_s1,kucab_wgs,damage_class,MuAt-compatible reimplementation,muat_compatible_qkv_attention,0,1,1,0.303466796875,Alkylating and aldehyde adduct stress,0.31787109375,Aromatic and heterocyclic amines,0.1383056640625,Environmental organ-specific DNA adducts,0.059478759765625,Nitroaromatic and nitro-PAH adducts,0.0750732421875,Oxidative and radiation-like stress,0.0098724365234375,PAH bulky adducts,0.032440185546875,Platinum and crosslinking therapy,0.0634765625,Replication stress and DNA repair inhibition
MSM0.23_s2,kucab_wgs,damage_class,MuAt-compatible reimplementation,muat_compatible_qkv_attention,0,0,1,0.2076416015625,Alkylating and aldehyde adduct stress,0.2003173828125,Aromatic and heterocyclic amines,0.1649169921875,Environmental organ-specific DNA adducts,0.1722412109375,Nitroaromatic and nitro-PAH adducts,0.08349609375,Oxidative and radiation-like stress,0.070068359375,PAH bulky adducts,0.044891357421875,Platinum and crosslinking therapy,0.0565185546875,Replication stress and DNA repair inhibition
MSM0.24_s1,kucab_wgs,damage_class,MuAt-compatible reimplementation,muat_compatible_qkv_attention,0,0,5,0.99755859375,Alkylating and aldehyde adduct stress,9.822845458984376e-05,Aromatic and heterocyclic amines,0.0003399848937988,Environmental organ-specific DNA adducts,2.1457672119140625e-05,Nitroaromatic and nitro-PAH adducts,6.985664367675781e-05,Oxidative and radiation-like stress,0.0,PAH bulky adducts,0.0011405944824218,Platinum and crosslinking therapy,0.0008521080017089,Replication stress and DNA repair inhibition
MSM0.24_s3,kucab_wgs,damage_class,MuAt-compatible reimplementation,muat_compatible_qkv_attention,0,3,5,0.074951171875,Alkylating and aldehyde adduct stress,0.0009832382202148,Aromatic and heterocyclic amines,0.0016241073608398,Environmental organ-specific DNA adducts,0.8232421875,Nitroaromatic and nitro-PAH adducts,0.0020694732666015,Oxidative and radiation-like stress,0.05419921875,PAH bulky adducts,0.0426025390625,Platinum and crosslinking therapy,0.0003671646118164,Replication stress and DNA repair inhibition
MSM0.24_s4,kucab_wgs,damage_class,MuAt-compatible reimplementation,muat_compatible_qkv_attention,0,0,5,0.80078125,Alkylating and aldehyde adduct stress,0.0081405639648437,Aromatic and heterocyclic amines,0.0139617919921875,Environmental organ-specific DNA adducts,0.07904052734375,Nitroaromatic and nitro-PAH adducts,0.0095596313476562,Oxidative and radiation-like stress,0.0017929077148437,PAH bulky adducts,0.078857421875,Platinum and crosslinking therapy,0.0079879760742187,Replication stress and DNA repair inhibition
MSM0.25_s1,kucab_wgs,damage_class,MuAt-compatible reimplementation,muat_compatible_qkv_attention,0,1,5,0.18994140625,Alkylating and aldehyde adduct stress,0.232666015625,Aromatic and heterocyclic amines,0.217041015625,Environmental organ-specific DNA adducts,0.002847671508789,Nitroaromatic and nitro-PAH adducts,0.0963134765625,Oxidative and radiation-like stress,0.0002260208129882,PAH bulky adducts,0.05303955078125,Platinum and crosslinking therapy,0.2078857421875,Replication stress and DNA repair inhibition
MSM0.25_s2,kucab_wgs,damage_class,MuAt-compatible reimplementation,muat_compatible_qkv_attention,0,1,5,0.061279296875,Alkylating and aldehyde adduct stress,0.25634765625,Aromatic and heterocyclic amines,0.251953125,Environmental organ-specific DNA adducts,0.0053863525390625,Nitroaromatic and nitro-PAH adducts,0.1690673828125,Oxidative and radiation-like stress,0.0007362365722656,PAH bulky adducts,0.058380126953125,Platinum and crosslinking therapy,0.1968994140625,Replication stress and DNA repair inhibition
MSM0.26_s1,kucab_wgs,damage_class,MuAt-compatible reimplementation,muat_compatible_qkv_attention,5,2,3,0.0049705505371093,Alkylating and aldehyde adduct stress,0.11956787109375,Aromatic and heterocyclic amines,0.23388671875,Environmental organ-specific DNA adducts,0.119873046875,Nitroaromatic and nitro-PAH adducts,0.104736328125,Oxidative and radiation-like stress,0.203125,PAH bulky adducts,0.136962890625,Platinum and crosslinking therapy,0.0770263671875,Replication stress and DNA repair inhibition
MSM0.26_s2,kucab_wgs,damage_class,MuAt-compatible reimplementation,muat_compatible_qkv_attention,5,1,3,0.0247650146484375,Alkylating and aldehyde adduct stress,0.393798828125,Aromatic and heterocyclic amines,0.1893310546875,Environmental organ-specific DNA adducts,0.10296630859375,Nitroaromatic and nitro-PAH adducts,0.10162353515625,Oxidative and radiation-like stress,0.0222930908203125,PAH bulky adducts,0.08734130859375,Platinum and crosslinking therapy,0.07781982421875,Replication stress and DNA repair inhibition
MSM0.26_s3,kucab_wgs,damage_class,MuAt-compatible reimplementation,muat_compatible_qkv_attention,5,1,3,0.0026569366455078,Alkylating and aldehyde adduct stress,0.265869140625,Aromatic and heterocyclic amines,0.180908203125,Environmental organ-specific DNA adducts,0.043792724609375,Nitroaromatic and nitro-PAH adducts,0.2186279296875,Oxidative and radiation-like stress,0.11309814453125,PAH bulky adducts,0.091064453125,Platinum and crosslinking therapy,0.08404541015625,Replication stress and DNA repair inhibition
MSM0.27_s1,kucab_wgs,damage_class,MuAt-compatible reimplementation,muat_compatible_qkv_attention,3,0,2,0.9931640625,Alkylating and aldehyde adduct stress,0.0001740455627441,Aromatic and heterocyclic amines,0.0036468505859375,Environmental organ-specific DNA adducts,0.0001502037048339,Nitroaromatic and nitro-PAH adducts,3.254413604736328e-05,Oxidative and radiation-like stress,3.5762786865234375e-07,PAH bulky adducts,0.0006461143493652,Platinum and crosslinking therapy,0.0020523071289062,Replication stress and DNA repair inhibition
MSM0.27_s2,kucab_wgs,damage_class,MuAt-compatible reimplementation,muat_compatible_qkv_attention,3,0,2,0.405029296875,Alkylating and aldehyde adduct stress,0.061126708984375,Aromatic and heterocyclic amines,0.2900390625,Environmental organ-specific DNA adducts,0.07305908203125,Nitroaromatic and nitro-PAH adducts,0.022247314453125,Oxidative and radiation-like stress,0.001906394958496,PAH bulky adducts,0.06939697265625,Platinum and crosslinking therapy,0.077392578125,Replication stress and DNA repair inhibition
MSM0.27_s3,kucab_wgs,damage_class,MuAt-compatible reimplementation,muat_compatible_qkv_attention,3,2,2,0.1331787109375,Alkylating and aldehyde adduct stress,0.12744140625,Aromatic and heterocyclic amines,0.392578125,Environmental organ-specific DNA adducts,0.11309814453125,Nitroaromatic and nitro-PAH adducts,0.048614501953125,Oxidative and radiation-like stress,0.0041351318359375,PAH bulky adducts,0.08447265625,Platinum and crosslinking therapy,0.096435546875,Replication stress and DNA repair inhibition
MSM0.29_s1,kucab_wgs,damage_class,MuAt-compatible reimplementation,muat_compatible_qkv_attention,3,1,5,0.08294677734375,Alkylating and aldehyde adduct stress,0.291748046875,Aromatic and heterocyclic amines,0.2467041015625,Environmental organ-specific DNA adducts,0.0053367614746093,Nitroaromatic and nitro-PAH adducts,0.129638671875,Oxidative and radiation-like stress,0.0006346702575683,PAH bulky adducts,0.05145263671875,Platinum and crosslinking therapy,0.19140625,Replication stress and DNA repair inhibition
MSM0.29_s2,kucab_wgs,damage_class,MuAt-compatible reimplementation,muat_compatible_qkv_attention,3,0,5,0.315185546875,Alkylating and aldehyde adduct stress,0.1572265625,Aromatic and heterocyclic amines,0.1722412109375,Environmental organ-specific DNA adducts,0.0030364990234375,Nitroaromatic and nitro-PAH adducts,0.099365234375,Oxidative and radiation-like stress,0.0001462697982788,PAH bulky adducts,0.06280517578125,Platinum and crosslinking therapy,0.18994140625,Replication stress and DNA repair inhibition
MSM0.2_s1,kucab_wgs,damage_class,MuAt-compatible reimplementation,muat_compatible_qkv_attention,5,5,3,9.202957153320312e-05,Alkylating and aldehyde adduct stress,0.0214691162109375,Aromatic and heterocyclic amines,0.0146255493164062,Environmental organ-specific DNA adducts,0.106201171875,Nitroaromatic and nitro-PAH adducts,0.031402587890625,Oxidative and radiation-like stress,0.78759765625,PAH bulky adducts,0.0297698974609375,Platinum and crosslinking therapy,0.0087890625,Replication stress and DNA repair inhibition
MSM0.2_s2,kucab_wgs,damage_class,MuAt-compatible reimplementation,muat_compatible_qkv_attention,5,3,3,0.0039710998535156,Alkylating and aldehyde adduct stress,0.298828125,Aromatic and heterocyclic amines,0.05487060546875,Environmental organ-specific DNA adducts,0.318359375,Nitroaromatic and nitro-PAH adducts,0.09063720703125,Oxidative and radiation-like stress,0.1243896484375,PAH bulky adducts,0.07135009765625,Platinum and crosslinking therapy,0.03765869140625,Replication stress and DNA repair inhibition
MSM0.2_s3,kucab_wgs,damage_class,MuAt-compatible reimplementation,muat_compatible_qkv_attention,5,5,3,5.4836273193359375e-06,Alkylating and aldehyde adduct stress,0.0106201171875,Aromatic and heterocyclic amines,0.0029983520507812,Environmental organ-specific DNA adducts,0.0291748046875,Nitroaromatic and nitro-PAH adducts,0.0279693603515625,Oxidative and radiation-like stress,0.91748046875,PAH bulky adducts,0.0090179443359375,Platinum and crosslinking therapy,0.0027942657470703,Replication stress and DNA repair inhibition
MSM0.31_s4,kucab_wgs,damage_class,MuAt-compatible reimplementation,muat_compatible_qkv_attention,0,0,2,0.9140625,Alkylating and aldehyde adduct stress,0.0030097961425781,Aromatic and heterocyclic amines,0.047607421875,Environmental organ-specific DNA adducts,0.0031986236572265,Nitroaromatic and nitro-PAH adducts,0.0022048950195312,Oxidative and radiation-like stress,2.7418136596679688e-05,PAH bulky adducts,0.0132293701171875,Platinum and crosslinking therapy,0.0166168212890625,Replication stress and DNA repair inhibition
MSM0.31_s5,kucab_wgs,damage_class,MuAt-compatible reimplementation,muat_compatible_qkv_attention,0,0,2,0.357666015625,Alkylating and aldehyde adduct stress,0.189208984375,Aromatic and heterocyclic amines,0.1590576171875,Environmental organ-specific DNA adducts,0.0010404586791992,Nitroaromatic and nitro-PAH adducts,0.0018157958984375,Oxidative and radiation-like stress,7.808208465576172e-06,PAH bulky adducts,0.0048980712890625,Platinum and crosslinking therapy,0.286376953125,Replication stress and DNA repair inhibition
MSM0.31_s6,kucab_wgs,damage_class,MuAt-compatible reimplementation,muat_compatible_qkv_attention,0,0,2,0.59521484375,Alkylating and aldehyde adduct stress,0.04595947265625,Aromatic and heterocyclic amines,0.20166015625,Environmental organ-specific DNA adducts,0.0137786865234375,Nitroaromatic and nitro-PAH adducts,0.0090484619140625,Oxidative and radiation-like stress,0.000186800956726,PAH bulky adducts,0.035125732421875,Platinum and crosslinking therapy,0.09906005859375,Replication stress and DNA repair inhibition
MSM0.33_s1,kucab_wgs,damage_class,MuAt-compatible reimplementation,muat_compatible_qkv_attention,7,1,3,0.19921875,Alkylating and aldehyde adduct stress,0.60546875,Aromatic and heterocyclic amines,0.10406494140625,Environmental organ-specific DNA adducts,0.0031986236572265,Nitroaromatic and nitro-PAH adducts,0.031768798828125,Oxidative and radiation-like stress,3.671646118164063e-05,PAH bulky adducts,0.0126495361328125,Platinum and crosslinking therapy,0.043731689453125,Replication stress and DNA repair inhibition
MSM0.33_s2,kucab_wgs,damage_class,MuAt-compatible reimplementation,muat_compatible_qkv_attention,7,1,3,0.0168304443359375,Alkylating and aldehyde adduct stress,0.66845703125,Aromatic and heterocyclic amines,0.07659912109375,Environmental organ-specific DNA adducts,0.0156097412109375,Nitroaromatic and nitro-PAH adducts,0.14453125,Oxidative and radiation-like stress,0.0021648406982421,PAH bulky adducts,0.026031494140625,Platinum and crosslinking therapy,0.04974365234375,Replication stress and DNA repair inhibition
MSM0.34_s1,kucab_wgs,damage_class,MuAt-compatible reimplementation,muat_compatible_qkv_attention,0,7,5,0.09375,Alkylating and aldehyde adduct stress,0.24462890625,Aromatic and heterocyclic amines,0.2408447265625,Environmental organ-specific DNA adducts,0.0013771057128906,Nitroaromatic and nitro-PAH adducts,0.120849609375,Oxidative and radiation-like stress,0.000117540359497,PAH bulky adducts,0.035980224609375,Platinum and crosslinking therapy,0.262451171875,Replication stress and DNA repair inhibition
MSM0.34_s2,kucab_wgs,damage_class,MuAt-compatible reimplementation,muat_compatible_qkv_attention,0,1,5,0.048675537109375,Alkylating and aldehyde adduct stress,0.30859375,Aromatic and heterocyclic amines,0.2403564453125,Environmental organ-specific DNA adducts,0.024169921875,Nitroaromatic and nitro-PAH adducts,0.1866455078125,Oxidative and radiation-like stress,0.0049629211425781,PAH bulky adducts,0.0654296875,Platinum and crosslinking therapy,0.12103271484375,Replication stress and DNA repair inhibition
MSM0.34_s3,kucab_wgs,damage_class,MuAt-compatible reimplementation,muat_compatible_qkv_attention,0,7,5,0.1953125,Alkylating and aldehyde adduct stress,0.21875,Aromatic and heterocyclic amines,0.201416015625,Environmental organ-specific DNA adducts,0.0008611679077148,Nitroaromatic and nitro-PAH adducts,0.0760498046875,Oxidative and radiation-like stress,3.999471664428711e-05,PAH bulky adducts,0.0311737060546875,Platinum and crosslinking therapy,0.2763671875,Replication stress and DNA repair inhibition
MSM0.35_s1,kucab_wgs,damage_class,MuAt-compatible reimplementation,muat_compatible_qkv_attention,4,5,1,0.060455322265625,Alkylating and aldehyde adduct stress,0.08245849609375,Aromatic and heterocyclic amines,0.1409912109375,Environmental organ-specific DNA adducts,0.28369140625,Nitroaromatic and nitro-PAH adducts,0.050323486328125,Oxidative and radiation-like stress,0.3291015625,PAH bulky adducts,0.029571533203125,Platinum and crosslinking therapy,0.0234832763671875,Replication stress and DNA repair inhibition
MSM0.35_s3,kucab_wgs,damage_class,MuAt-compatible reimplementation,muat_compatible_qkv_attention,4,5,1,0.0276336669921875,Alkylating and aldehyde adduct stress,0.032073974609375,Aromatic and heterocyclic amines,0.0833740234375,Environmental organ-specific DNA adducts,0.280517578125,Nitroaromatic and nitro-PAH adducts,0.027191162109375,Oxidative and radiation-like stress,0.521484375,PAH bulky adducts,0.0166778564453125,Platinum and crosslinking therapy,0.0110397338867187,Replication stress and DNA repair inhibition
MSM0.35_s4,kucab_wgs,damage_class,MuAt-compatible reimplementation,muat_compatible_qkv_attention,4,3,1,0.07635498046875,Alkylating and aldehyde adduct stress,0.10430908203125,Aromatic and heterocyclic amines,0.1634521484375,Environmental organ-specific DNA adducts,0.277099609375,Nitroaromatic and nitro-PAH adducts,0.054107666015625,Oxidative and radiation-like stress,0.26953125,PAH bulky adducts,0.0289154052734375,Platinum and crosslinking therapy,0.02618408203125,Replication stress and DNA repair inhibition
MSM0.38_s1,kucab_wgs,damage_class,MuAt-compatible reimplementation,muat_compatible_qkv_attention,4,7,4,0.0002710819244384,Alkylating and aldehyde adduct stress,0.017852783203125,Aromatic and heterocyclic amines,0.05096435546875,Environmental organ-specific DNA adducts,0.0009031295776367,Nitroaromatic and nitro-PAH adducts,0.0101165771484375,Oxidative and radiation-like stress,3.6954879760742183e-06,PAH bulky adducts,0.0003175735473632,Platinum and crosslinking therapy,0.91943359375,Replication stress and DNA repair inhibition
MSM0.38_s3,kucab_wgs,damage_class,MuAt-compatible reimplementation,muat_compatible_qkv_attention,4,7,4,3.9458274841308594e-05,Alkylating and aldehyde adduct stress,0.12353515625,Aromatic and heterocyclic amines,0.042724609375,Environmental organ-specific DNA adducts,0.002298355102539,Nitroaromatic and nitro-PAH adducts,0.181884765625,Oxidative and radiation-like stress,0.0001201033592224,PAH bulky adducts,0.0023231506347656,Platinum and crosslinking therapy,0.64697265625,Replication stress and DNA repair inhibition
MSM0.3_s1,kucab_wgs,damage_class,MuAt-compatible reimplementation,muat_compatible_qkv_attention,2,5,5,0.0,Alkylating and aldehyde adduct stress,1.3709068298339844e-06,Aromatic and heterocyclic amines,6.556510925292969e-07,Environmental organ-specific DNA adducts,0.08038330078125,Nitroaromatic and nitro-PAH adducts,4.947185516357422e-06,Oxidative and radiation-like stress,0.91943359375,PAH bulky adducts,1.5914440155029297e-05,Platinum and crosslinking therapy,0.0,Replication stress and DNA repair inhibition
MSM0.3_s2,kucab_wgs,damage_class,MuAt-compatible reimplementation,muat_compatible_qkv_attention,2,5,5,5.960464477539064e-08,Alkylating and aldehyde adduct stress,9.5367431640625e-07,Aromatic and heterocyclic amines,7.748603820800781e-07,Environmental organ-specific DNA adducts,0.12420654296875,Nitroaromatic and nitro-PAH adducts,4.470348358154297e-06,Oxidative and radiation-like stress,0.8759765625,PAH bulky adducts,2.3365020751953125e-05,Platinum and crosslinking therapy,0.0,Replication stress and DNA repair inhibition
MSM0.3_s3,kucab_wgs,damage_class,MuAt-compatible reimplementation,muat_compatible_qkv_attention,2,5,5,1.1920928955078125e-07,Alkylating and aldehyde adduct stress,3.2782554626464844e-06,Aromatic and heterocyclic amines,2.086162567138672e-06,Environmental organ-specific DNA adducts,0.132080078125,Nitroaromatic and nitro-PAH adducts,1.1205673217773438e-05,Oxidative and radiation-like stress,0.86767578125,PAH bulky adducts,4.422664642333984e-05,Platinum and crosslinking therapy,5.960464477539064e-08,Replication stress and DNA repair inhibition
MSM0.40_s1,kucab_wgs,damage_class,MuAt-compatible reimplementation,muat_compatible_qkv_attention,3,0,2,0.83349609375,Alkylating and aldehyde adduct stress,0.0029735565185546,Aromatic and heterocyclic amines,0.07611083984375,Environmental organ-specific DNA adducts,0.032073974609375,Nitroaromatic and nitro-PAH adducts,0.0050582885742187,Oxidative and radiation-like stress,0.0007481575012207,PAH bulky adducts,0.03936767578125,Platinum and crosslinking therapy,0.0104141235351562,Replication stress and DNA repair inhibition
MSM0.40_s2,kucab_wgs,damage_class,MuAt-compatible reimplementation,muat_compatible_qkv_attention,3,0,2,0.36669921875,Alkylating and aldehyde adduct stress,0.035919189453125,Aromatic and heterocyclic amines,0.280029296875,Environmental organ-specific DNA adducts,0.1265869140625,Nitroaromatic and nitro-PAH adducts,0.0301361083984375,Oxidative and radiation-like stress,0.0061874389648437,PAH bulky adducts,0.11053466796875,Platinum and crosslinking therapy,0.04376220703125,Replication stress and DNA repair inhibition
MSM0.40_s5,kucab_wgs,damage_class,MuAt-compatible reimplementation,muat_compatible_qkv_attention,3,2,2,0.2177734375,Alkylating and aldehyde adduct stress,0.03759765625,Aromatic and heterocyclic amines,0.29248046875,Environmental organ-specific DNA adducts,0.199951171875,Nitroaromatic and nitro-PAH adducts,0.04852294921875,Oxidative and radiation-like stress,0.0109710693359375,PAH bulky adducts,0.1552734375,Platinum and crosslinking therapy,0.03741455078125,Replication stress and DNA repair inhibition
MSM0.42_s1,kucab_wgs,damage_class,MuAt-compatible reimplementation,muat_compatible_qkv_attention,5,5,2,0.0,Alkylating and aldehyde adduct stress,0.020782470703125,Aromatic and heterocyclic amines,0.0022411346435546,Environmental organ-specific DNA adducts,0.1754150390625,Nitroaromatic and nitro-PAH adducts,0.038299560546875,Oxidative and radiation-like stress,0.76171875,PAH bulky adducts,0.0013866424560546,Platinum and crosslinking therapy,9.328126907348631e-05,Replication stress and DNA repair inhibition
MSM0.42_s2,kucab_wgs,damage_class,MuAt-compatible reimplementation,muat_compatible_qkv_attention,5,5,2,2.384185791015625e-07,Alkylating and aldehyde adduct stress,0.1329345703125,Aromatic and heterocyclic amines,0.0101242065429687,Environmental organ-specific DNA adducts,0.23876953125,Nitroaromatic and nitro-PAH adducts,0.068115234375,Oxidative and radiation-like stress,0.54638671875,PAH bulky adducts,0.0028495788574218,Platinum and crosslinking therapy,0.0008153915405273,Replication stress and DNA repair inhibition
MSM0.42_s3,kucab_wgs,damage_class,MuAt-compatible reimplementation,muat_compatible_qkv_attention,5,5,2,0.0,Alkylating and aldehyde adduct stress,0.02911376953125,Aromatic and heterocyclic amines,0.0014076232910156,Environmental organ-specific DNA adducts,0.138916015625,Nitroaromatic and nitro-PAH adducts,0.0643310546875,Oxidative and radiation-like stress,0.765625,PAH bulky adducts,0.0007495880126953,Platinum and crosslinking therapy,7.271766662597656e-05,Replication stress and DNA repair inhibition
MSM0.43_s1,kucab_wgs,damage_class,MuAt-compatible reimplementation,muat_compatible_qkv_attention,1,7,4,4.106760025024414e-05,Alkylating and aldehyde adduct stress,0.41748046875,Aromatic and heterocyclic amines,0.0760498046875,Environmental organ-specific DNA adducts,0.0001338720321655,Nitroaromatic and nitro-PAH adducts,0.0065231323242187,Oxidative and radiation-like stress,9.441375732421876e-05,PAH bulky adducts,4.011392593383789e-05,Platinum and crosslinking therapy,0.499755859375,Replication stress and DNA repair inhibition
MSM0.43_s2,kucab_wgs,damage_class,MuAt-compatible reimplementation,muat_compatible_qkv_attention,1,0,4,0.3955078125,Alkylating and aldehyde adduct stress,0.2218017578125,Aromatic and heterocyclic amines,0.004241943359375,Environmental organ-specific DNA adducts,0.0007305145263671,Nitroaromatic and nitro-PAH adducts,8.618831634521484e-05,Oxidative and radiation-like stress,1.788139343261719e-07,PAH bulky adducts,0.0002222061157226,Platinum and crosslinking therapy,0.37744140625,Replication stress and DNA repair inhibition
MSM0.44_s1,kucab_wgs,damage_class,MuAt-compatible reimplementation,muat_compatible_qkv_attention,1,5,1,0.0487060546875,Alkylating and aldehyde adduct stress,0.04351806640625,Aromatic and heterocyclic amines,0.09393310546875,Environmental organ-specific DNA adducts,0.3447265625,Nitroaromatic and nitro-PAH adducts,0.0367431640625,Oxidative and radiation-like stress,0.393310546875,PAH bulky adducts,0.02362060546875,Platinum and crosslinking therapy,0.015625,Replication stress and DNA repair inhibition
MSM0.44_s2,kucab_wgs,damage_class,MuAt-compatible reimplementation,muat_compatible_qkv_attention,1,5,1,0.0126419067382812,Alkylating and aldehyde adduct stress,0.0113906860351562,Aromatic and heterocyclic amines,0.044586181640625,Environmental organ-specific DNA adducts,0.267578125,Nitroaromatic and nitro-PAH adducts,0.0139007568359375,Oxidative and radiation-like stress,0.6357421875,PAH bulky adducts,0.0095443725585937,Platinum and crosslinking therapy,0.0048904418945312,Replication stress and DNA repair inhibition
MSM0.44_s3,kucab_wgs,damage_class,MuAt-compatible reimplementation,muat_compatible_qkv_attention,1,5,1,0.02764892578125,Alkylating and aldehyde adduct stress,0.0254364013671875,Aromatic and heterocyclic amines,0.0711669921875,Environmental organ-specific DNA adducts,0.324462890625,Nitroaromatic and nitro-PAH adducts,0.02691650390625,Oxidative and radiation-like stress,0.496337890625,PAH bulky adducts,0.018035888671875,Platinum and crosslinking therapy,0.0100784301757812,Replication stress and DNA repair inhibition
MSM0.44_s4,kucab_wgs,damage_class,MuAt-compatible reimplementation,muat_compatible_qkv_attention,1,5,1,0.0022335052490234,Alkylating and aldehyde adduct stress,0.0022354125976562,Aromatic and heterocyclic amines,0.0143890380859375,Environmental organ-specific DNA adducts,0.1624755859375,Nitroaromatic and nitro-PAH adducts,0.0039100646972656,Oxidative and radiation-like stress,0.810546875,PAH bulky adducts,0.0029754638671875,Platinum and crosslinking therapy,0.000990867614746,Replication stress and DNA repair inhibition
MSM0.47_s1,kucab_wgs,damage_class,MuAt-compatible reimplementation,muat_compatible_qkv_attention,0,0,1,0.36767578125,Alkylating and aldehyde adduct stress,0.1934814453125,Aromatic and heterocyclic amines,0.140625,Environmental organ-specific DNA adducts,0.1265869140625,Nitroaromatic and nitro-PAH adducts,0.0665283203125,Oxidative and radiation-like stress,0.0262298583984375,PAH bulky adducts,0.030548095703125,Platinum and crosslinking therapy,0.04827880859375,Replication stress and DNA repair inhibition
MSM0.47_s3,kucab_wgs,damage_class,MuAt-compatible reimplementation,muat_compatible_qkv_attention,0,0,1,0.31298828125,Alkylating and aldehyde adduct stress,0.1851806640625,Aromatic and heterocyclic amines,0.1422119140625,Environmental organ-specific DNA adducts,0.152099609375,Nitroaromatic and nitro-PAH adducts,0.076904296875,Oxidative and radiation-like stress,0.039581298828125,PAH bulky adducts,0.037933349609375,Platinum and crosslinking therapy,0.053070068359375,Replication stress and DNA repair inhibition
MSM0.48_s1,kucab_wgs,damage_class,MuAt-compatible reimplementation,muat_compatible_qkv_attention,7,1,3,0.260009765625,Alkylating and aldehyde adduct stress,0.6396484375,Aromatic and heterocyclic amines,0.035491943359375,Environmental organ-specific DNA adducts,0.0094833374023437,Nitroaromatic and nitro-PAH adducts,0.0217132568359375,Oxidative and radiation-like stress,2.664327621459961e-05,PAH bulky adducts,0.0096817016601562,Platinum and crosslinking therapy,0.02423095703125,Replication stress and DNA repair inhibition
MSM0.48_s2,kucab_wgs,damage_class,MuAt-compatible reimplementation,muat_compatible_qkv_attention,7,1,3,0.0024280548095703,Alkylating and aldehyde adduct stress,0.85302734375,Aromatic and heterocyclic amines,0.01416015625,Environmental organ-specific DNA adducts,0.0001331567764282,Nitroaromatic and nitro-PAH adducts,0.11126708984375,Oxidative and radiation-like stress,2.104043960571289e-05,PAH bulky adducts,0.0017671585083007,Platinum and crosslinking therapy,0.0169677734375,Replication stress and DNA repair inhibition
MSM0.49_s1,kucab_wgs,damage_class,MuAt-compatible reimplementation,muat_compatible_qkv_attention,2,1,4,0.0138473510742187,Alkylating and aldehyde adduct stress,0.92431640625,Aromatic and heterocyclic amines,0.009918212890625,Environmental organ-specific DNA adducts,0.0001184344291687,Nitroaromatic and nitro-PAH adducts,0.0002026557922363,Oxidative and radiation-like stress,2.7418136596679688e-05,PAH bulky adducts,0.0003244876861572,Platinum and crosslinking therapy,0.051055908203125,Replication stress and DNA repair inhibition
MSM0.49_s2,kucab_wgs,damage_class,MuAt-compatible reimplementation,muat_compatible_qkv_attention,2,1,4,0.14013671875,Alkylating and aldehyde adduct stress,0.81787109375,Aromatic and heterocyclic amines,0.0001686811447143,Environmental organ-specific DNA adducts,0.0001270771026611,Nitroaromatic and nitro-PAH adducts,0.0017499923706054,Oxidative and radiation-like stress,1.3113021850585938e-06,PAH bulky adducts,0.0061225891113281,Platinum and crosslinking therapy,0.033935546875,Replication stress and DNA repair inhibition
MSM0.50_s1,kucab_wgs,damage_class,MuAt-compatible reimplementation,muat_compatible_qkv_attention,3,1,5,0.0640869140625,Alkylating and aldehyde adduct stress,0.248291015625,Aromatic and heterocyclic amines,0.16943359375,Environmental organ-specific DNA adducts,0.1348876953125,Nitroaromatic and nitro-PAH adducts,0.164794921875,Oxidative and radiation-like stress,0.033416748046875,PAH bulky adducts,0.1224365234375,Platinum and crosslinking therapy,0.0626220703125,Replication stress and DNA repair inhibition
MSM0.50_s2,kucab_wgs,damage_class,MuAt-compatible reimplementation,muat_compatible_qkv_attention,3,3,5,0.0122222900390625,Alkylating and aldehyde adduct stress,0.1513671875,Aromatic and heterocyclic amines,0.08795166015625,Environmental organ-specific DNA adducts,0.302490234375,Nitroaromatic and nitro-PAH adducts,0.1668701171875,Oxidative and radiation-like stress,0.16845703125,PAH bulky adducts,0.09051513671875,Platinum and crosslinking therapy,0.02001953125,Replication stress and DNA repair inhibition
MSM0.50_s3,kucab_wgs,damage_class,MuAt-compatible reimplementation,muat_compatible_qkv_attention,3,0,5,0.33056640625,Alkylating and aldehyde adduct stress,0.1473388671875,Aromatic and heterocyclic amines,0.1776123046875,Environmental organ-specific DNA adducts,0.0145721435546875,Nitroaromatic and nitro-PAH adducts,0.09967041015625,Oxidative and radiation-like stress,0.0009212493896484,PAH bulky adducts,0.09271240234375,Platinum and crosslinking therapy,0.1365966796875,Replication stress and DNA repair inhibition
MSM0.51_s1,kucab_wgs,damage_class,MuAt-compatible reimplementation,muat_compatible_qkv_attention,4,1,2,0.0005245208740234,Alkylating and aldehyde adduct stress,0.68994140625,Aromatic and heterocyclic amines,0.13916015625,Environmental organ-specific DNA adducts,0.0406494140625,Nitroaromatic and nitro-PAH adducts,0.04949951171875,Oxidative and radiation-like stress,0.0053672790527343,PAH bulky adducts,0.0103607177734375,Platinum and crosslinking therapy,0.0645751953125,Replication stress and DNA repair inhibition
MSM0.51_s2,kucab_wgs,damage_class,MuAt-compatible reimplementation,muat_compatible_qkv_attention,4,1,2,0.0005455017089843,Alkylating and aldehyde adduct stress,0.67626953125,Aromatic and heterocyclic amines,0.154052734375,Environmental organ-specific DNA adducts,0.0306243896484375,Nitroaromatic and nitro-PAH adducts,0.049530029296875,Oxidative and radiation-like stress,0.0042762756347656,PAH bulky adducts,0.0101470947265625,Platinum and crosslinking therapy,0.0745849609375,Replication stress and DNA repair inhibition
MSM0.52_s1,kucab_wgs,damage_class,MuAt-compatible reimplementation,muat_compatible_qkv_attention,2,2,4,0.0073127746582031,Alkylating and aldehyde adduct stress,0.0046157836914062,Aromatic and heterocyclic amines,0.80517578125,Environmental organ-specific DNA adducts,0.036529541015625,Nitroaromatic and nitro-PAH adducts,0.0001001358032226,Oxidative and radiation-like stress,2.747774124145508e-05,PAH bulky adducts,0.000399112701416,Platinum and crosslinking therapy,0.14599609375,Replication stress and DNA repair inhibition
MSM0.52_s2,kucab_wgs,damage_class,MuAt-compatible reimplementation,muat_compatible_qkv_attention,2,1,4,0.0,Alkylating and aldehyde adduct stress,0.76123046875,Aromatic and heterocyclic amines,0.0017690658569335,Environmental organ-specific DNA adducts,0.0,Nitroaromatic and nitro-PAH adducts,0.0224456787109375,Oxidative and radiation-like stress,1.1265277862548828e-05,PAH bulky adducts,1.1920928955078125e-07,Platinum and crosslinking therapy,0.2147216796875,Replication stress and DNA repair inhibition
MSM0.53_s2,kucab_wgs,damage_class,MuAt-compatible reimplementation,muat_compatible_qkv_attention,0,3,2,0.0003054141998291,Alkylating and aldehyde adduct stress,0.07012939453125,Aromatic and heterocyclic amines,0.0679931640625,Environmental organ-specific DNA adducts,0.45068359375,Nitroaromatic and nitro-PAH adducts,0.1947021484375,Oxidative and radiation-like stress,0.146728515625,PAH bulky adducts,0.0634765625,Platinum and crosslinking therapy,0.0059623718261718,Replication stress and DNA repair inhibition
MSM0.53_s5,kucab_wgs,damage_class,MuAt-compatible reimplementation,muat_compatible_qkv_attention,0,0,2,0.6064453125,Alkylating and aldehyde adduct stress,0.0791015625,Aromatic and heterocyclic amines,0.153564453125,Environmental organ-specific DNA adducts,0.0026168823242187,Nitroaromatic and nitro-PAH adducts,0.0043487548828125,Oxidative and radiation-like stress,9.22083854675293e-05,PAH bulky adducts,0.022308349609375,Platinum and crosslinking therapy,0.1314697265625,Replication stress and DNA repair inhibition
MSM0.53_s6,kucab_wgs,damage_class,MuAt-compatible reimplementation,muat_compatible_qkv_attention,0,1,2,0.059906005859375,Alkylating and aldehyde adduct stress,0.406494140625,Aromatic and heterocyclic amines,0.2275390625,Environmental organ-specific DNA adducts,0.0061912536621093,Nitroaromatic and nitro-PAH adducts,0.0072212219238281,Oxidative and radiation-like stress,0.0001618862152099,PAH bulky adducts,0.007049560546875,Platinum and crosslinking therapy,0.285400390625,Replication stress and DNA repair inhibition
MSM0.54_s1,kucab_wgs,damage_class,MuAt-compatible reimplementation,muat_compatible_qkv_attention,5,5,5,5.960464477539064e-08,Alkylating and aldehyde adduct stress,0.0022468566894531,Aromatic and heterocyclic amines,0.0002132654190063,Environmental organ-specific DNA adducts,0.03594970703125,Nitroaromatic and nitro-PAH adducts,0.0012979507446289,Oxidative and radiation-like stress,0.9599609375,PAH bulky adducts,0.0001595020294189,Platinum and crosslinking therapy,8.404254913330078e-06,Replication stress and DNA repair inhibition
MSM0.54_s2,kucab_wgs,damage_class,MuAt-compatible reimplementation,muat_compatible_qkv_attention,5,5,5,5.960464477539064e-08,Alkylating and aldehyde adduct stress,0.0002555847167968,Aromatic and heterocyclic amines,4.839897155761719e-05,Environmental organ-specific DNA adducts,0.044647216796875,Nitroaromatic and nitro-PAH adducts,0.00030517578125,Oxidative and radiation-like stress,0.95458984375,PAH bulky adducts,6.896257400512695e-05,Platinum and crosslinking therapy,1.4901161193847656e-06,Replication stress and DNA repair inhibition
MSM0.54_s3,kucab_wgs,damage_class,MuAt-compatible reimplementation,muat_compatible_qkv_attention,5,5,5,1.0192394256591795e-05,Alkylating and aldehyde adduct stress,0.0086517333984375,Aromatic and heterocyclic amines,0.0017032623291015,Environmental organ-specific DNA adducts,0.1434326171875,Nitroaromatic and nitro-PAH adducts,0.0057907104492187,Oxidative and radiation-like stress,0.83837890625,PAH bulky adducts,0.0018558502197265,Platinum and crosslinking therapy,0.0001125335693359,Replication stress and DNA repair inhibition
MSM0.55_s1,kucab_wgs,damage_class,MuAt-compatible reimplementation,muat_compatible_qkv_attention,2,1,1,0.1900634765625,Alkylating and aldehyde adduct stress,0.2298583984375,Aromatic and heterocyclic amines,0.1800537109375,Environmental organ-specific DNA adducts,0.15625,Nitroaromatic and nitro-PAH adducts,0.0859375,Oxidative and radiation-like stress,0.0623779296875,PAH bulky adducts,0.04150390625,Platinum and crosslinking therapy,0.053863525390625,Replication stress and DNA repair inhibition
MSM0.55_s2,kucab_wgs,damage_class,MuAt-compatible reimplementation,muat_compatible_qkv_attention,2,1,1,0.1885986328125,Alkylating and aldehyde adduct stress,0.2001953125,Aromatic and heterocyclic amines,0.1766357421875,Environmental organ-specific DNA adducts,0.1834716796875,Nitroaromatic and nitro-PAH adducts,0.08367919921875,Oxidative and radiation-like stress,0.07952880859375,PAH bulky adducts,0.039031982421875,Platinum and crosslinking therapy,0.048797607421875,Replication stress and DNA repair inhibition
MSM0.55_s3,kucab_wgs,damage_class,MuAt-compatible reimplementation,muat_compatible_qkv_attention,2,3,1,0.1741943359375,Alkylating and aldehyde adduct stress,0.163330078125,Aromatic and heterocyclic amines,0.1700439453125,Environmental organ-specific DNA adducts,0.22314453125,Nitroaromatic and nitro-PAH adducts,0.076904296875,Oxidative and radiation-like stress,0.10906982421875,PAH bulky adducts,0.039276123046875,Platinum and crosslinking therapy,0.044097900390625,Replication stress and DNA repair inhibition
MSM0.56_s4,kucab_wgs,damage_class,MuAt-compatible reimplementation,muat_compatible_qkv_attention,4,0,3,0.462158203125,Alkylating and aldehyde adduct stress,0.11785888671875,Aromatic and heterocyclic amines,0.1478271484375,Environmental organ-specific DNA adducts,0.0826416015625,Nitroaromatic and nitro-PAH adducts,0.023651123046875,Oxidative and radiation-like stress,0.001596450805664,PAH bulky adducts,0.11578369140625,Platinum and crosslinking therapy,0.04852294921875,Replication stress and DNA repair inhibition
MSM0.56_s5,kucab_wgs,damage_class,MuAt-compatible reimplementation,muat_compatible_qkv_attention,4,0,3,0.7568359375,Alkylating and aldehyde adduct stress,0.05755615234375,Aromatic and heterocyclic amines,0.058837890625,Environmental organ-specific DNA adducts,0.0711669921875,Nitroaromatic and nitro-PAH adducts,0.0027999877929687,Oxidative and radiation-like stress,0.0001461505889892,PAH bulky adducts,0.03594970703125,Platinum and crosslinking therapy,0.0164794921875,Replication stress and DNA repair inhibition
MSM0.56_s6,kucab_wgs,damage_class,MuAt-compatible reimplementation,muat_compatible_qkv_attention,4,0,3,0.49365234375,Alkylating and aldehyde adduct stress,0.0482177734375,Aromatic and heterocyclic amines,0.1839599609375,Environmental organ-specific DNA adducts,0.10308837890625,Nitroaromatic and nitro-PAH adducts,0.0085296630859375,Oxidative and radiation-like stress,0.0013923645019531,PAH bulky adducts,0.11962890625,Platinum and crosslinking therapy,0.04144287109375,Replication stress and DNA repair inhibition
MSM0.57_s1,kucab_wgs,damage_class,MuAt-compatible reimplementation,muat_compatible_qkv_attention,0,1,5,0.01690673828125,Alkylating and aldehyde adduct stress,0.32421875,Aromatic and heterocyclic amines,0.200439453125,Environmental organ-specific DNA adducts,0.035491943359375,Nitroaromatic and nitro-PAH adducts,0.250244140625,Oxidative and radiation-like stress,0.0141448974609375,PAH bulky adducts,0.07098388671875,Platinum and crosslinking therapy,0.087646484375,Replication stress and DNA repair inhibition
MSM0.57_s2,kucab_wgs,damage_class,MuAt-compatible reimplementation,muat_compatible_qkv_attention,0,2,5,0.21142578125,Alkylating and aldehyde adduct stress,0.206787109375,Aromatic and heterocyclic amines,0.21923828125,Environmental organ-specific DNA adducts,0.0047492980957031,Nitroaromatic and nitro-PAH adducts,0.08795166015625,Oxidative and radiation-like stress,0.0003876686096191,PAH bulky adducts,0.058807373046875,Platinum and crosslinking therapy,0.210693359375,Replication stress and DNA repair inhibition
MSM0.58_s4,kucab_wgs,damage_class,MuAt-compatible reimplementation,muat_compatible_qkv_attention,2,0,3,0.42626953125,Alkylating and aldehyde adduct stress,0.398193359375,Aromatic and heterocyclic amines,0.0557861328125,Environmental organ-specific DNA adducts,0.050140380859375,Nitroaromatic and nitro-PAH adducts,0.01654052734375,Oxidative and radiation-like stress,0.0001759529113769,PAH bulky adducts,0.0242462158203125,Platinum and crosslinking therapy,0.028656005859375,Replication stress and DNA repair inhibition
MSM0.58_s5,kucab_wgs,damage_class,MuAt-compatible reimplementation,muat_compatible_qkv_attention,2,1,3,0.0137863159179687,Alkylating and aldehyde adduct stress,0.4833984375,Aromatic and heterocyclic amines,0.25146484375,Environmental organ-specific DNA adducts,0.010711669921875,Nitroaromatic and nitro-PAH adducts,0.09423828125,Oxidative and radiation-like stress,0.0037136077880859,PAH bulky adducts,0.042816162109375,Platinum and crosslinking therapy,0.09967041015625,Replication stress and DNA repair inhibition
MSM0.58_s6,kucab_wgs,damage_class,MuAt-compatible reimplementation,muat_compatible_qkv_attention,2,0,3,0.90576171875,Alkylating and aldehyde adduct stress,0.08355712890625,Aromatic and heterocyclic amines,0.0047569274902343,Environmental organ-specific DNA adducts,0.0026588439941406,Nitroaromatic and nitro-PAH adducts,0.0004997253417968,Oxidative and radiation-like stress,1.788139343261719e-07,PAH bulky adducts,0.0008268356323242,Platinum and crosslinking therapy,0.0020275115966796,Replication stress and DNA repair inhibition
MSM0.59_s2,kucab_wgs,damage_class,MuAt-compatible reimplementation,muat_compatible_qkv_attention,7,3,1,0.156982421875,Alkylating and aldehyde adduct stress,0.19091796875,Aromatic and heterocyclic amines,0.1771240234375,Environmental organ-specific DNA adducts,0.1917724609375,Nitroaromatic and nitro-PAH adducts,0.085693359375,Oxidative and radiation-like stress,0.10247802734375,PAH bulky adducts,0.0443115234375,Platinum and crosslinking therapy,0.050750732421875,Replication stress and DNA repair inhibition
MSM0.59_s3,kucab_wgs,damage_class,MuAt-compatible reimplementation,muat_compatible_qkv_attention,7,1,1,0.2255859375,Alkylating and aldehyde adduct stress,0.248779296875,Aromatic and heterocyclic amines,0.1707763671875,Environmental organ-specific DNA adducts,0.1171875,Nitroaromatic and nitro-PAH adducts,0.09228515625,Oxidative and radiation-like stress,0.03912353515625,PAH bulky adducts,0.04248046875,Platinum and crosslinking therapy,0.0638427734375,Replication stress and DNA repair inhibition
MSM0.5_s1,kucab_wgs,damage_class,MuAt-compatible reimplementation,muat_compatible_qkv_attention,3,3,3,0.231689453125,Alkylating and aldehyde adduct stress,0.1505126953125,Aromatic and heterocyclic amines,0.08795166015625,Environmental organ-specific DNA adducts,0.393798828125,Nitroaromatic and nitro-PAH adducts,0.0161590576171875,Oxidative and radiation-like stress,0.0044593811035156,PAH bulky adducts,0.080322265625,Platinum and crosslinking therapy,0.03515625,Replication stress and DNA repair inhibition
MSM0.5_s2,kucab_wgs,damage_class,MuAt-compatible reimplementation,muat_compatible_qkv_attention,3,3,3,0.02447509765625,Alkylating and aldehyde adduct stress,0.077392578125,Aromatic and heterocyclic amines,0.20068359375,Environmental organ-specific DNA adducts,0.34033203125,Nitroaromatic and nitro-PAH adducts,0.03631591796875,Oxidative and radiation-like stress,0.09283447265625,PAH bulky adducts,0.1634521484375,Platinum and crosslinking therapy,0.064453125,Replication stress and DNA repair inhibition
MSM0.5_s3,kucab_wgs,damage_class,MuAt-compatible reimplementation,muat_compatible_qkv_attention,3,5,3,0.0057563781738281,Alkylating and aldehyde adduct stress,0.0574951171875,Aromatic and heterocyclic amines,0.173828125,Environmental organ-specific DNA adducts,0.20361328125,Nitroaromatic and nitro-PAH adducts,0.0694580078125,Oxidative and radiation-like stress,0.261962890625,PAH bulky adducts,0.169189453125,Platinum and crosslinking therapy,0.05853271484375,Replication stress and DNA repair inhibition
MSM0.60_s1,kucab_wgs,damage_class,MuAt-compatible reimplementation,muat_compatible_qkv_attention,1,1,1,0.19677734375,Alkylating and aldehyde adduct stress,0.365478515625,Aromatic and heterocyclic amines,0.1737060546875,Environmental organ-specific DNA adducts,0.05865478515625,Nitroaromatic and nitro-PAH adducts,0.08587646484375,Oxidative and radiation-like stress,0.0148086547851562,PAH bulky adducts,0.036376953125,Platinum and crosslinking therapy,0.06829833984375,Replication stress and DNA repair inhibition
MSM0.60_s5,kucab_wgs,damage_class,MuAt-compatible reimplementation,muat_compatible_qkv_attention,1,0,1,0.2406005859375,Alkylating and aldehyde adduct stress,0.20458984375,Aromatic and heterocyclic amines,0.159423828125,Environmental organ-specific DNA adducts,0.161865234375,Nitroaromatic and nitro-PAH adducts,0.0809326171875,Oxidative and radiation-like stress,0.056976318359375,PAH bulky adducts,0.04071044921875,Platinum and crosslinking therapy,0.0548095703125,Replication stress and DNA repair inhibition
MSM0.61_s1,kucab_wgs,damage_class,MuAt-compatible reimplementation,muat_compatible_qkv_attention,1,1,1,0.2783203125,Alkylating and aldehyde adduct stress,0.289306640625,Aromatic and heterocyclic amines,0.15185546875,Environmental organ-specific DNA adducts,0.08050537109375,Nitroaromatic and nitro-PAH adducts,0.08001708984375,Oxidative and radiation-like stress,0.01800537109375,PAH bulky adducts,0.035888671875,Platinum and crosslinking therapy,0.06597900390625,Replication stress and DNA repair inhibition
MSM0.61_s2,kucab_wgs,damage_class,MuAt-compatible reimplementation,muat_compatible_qkv_attention,1,1,1,0.1617431640625,Alkylating and aldehyde adduct stress,0.22216796875,Aromatic and heterocyclic amines,0.1910400390625,Environmental organ-specific DNA adducts,0.1689453125,Nitroaromatic and nitro-PAH adducts,0.0833740234375,Oxidative and radiation-like stress,0.07855224609375,PAH bulky adducts,0.041229248046875,Platinum and crosslinking therapy,0.052978515625,Replication stress and DNA repair inhibition
MSM0.62_s1,kucab_wgs,damage_class,MuAt-compatible reimplementation,muat_compatible_qkv_attention,1,0,4,0.916015625,Alkylating and aldehyde adduct stress,0.0033626556396484,Aromatic and heterocyclic amines,0.0063247680664062,Environmental organ-specific DNA adducts,0.0151290893554687,Nitroaromatic and nitro-PAH adducts,1.424551010131836e-05,Oxidative and radiation-like stress,5.960464477539064e-08,PAH bulky adducts,0.0008511543273925,Platinum and crosslinking therapy,0.058319091796875,Replication stress and DNA repair inhibition
MSM0.62_s2,kucab_wgs,damage_class,MuAt-compatible reimplementation,muat_compatible_qkv_attention,1,0,4,0.99169921875,Alkylating and aldehyde adduct stress,0.0028514862060546,Aromatic and heterocyclic amines,2.5153160095214844e-05,Environmental organ-specific DNA adducts,3.457069396972656e-06,Nitroaromatic and nitro-PAH adducts,5.960464477539064e-08,Oxidative and radiation-like stress,0.0,PAH bulky adducts,3.457069396972656e-06,Platinum and crosslinking therapy,0.0054969787597656,Replication stress and DNA repair inhibition
MSM0.63_s1,kucab_wgs,damage_class,MuAt-compatible reimplementation,muat_compatible_qkv_attention,0,3,5,0.0472412109375,Alkylating and aldehyde adduct stress,0.0170135498046875,Aromatic and heterocyclic amines,0.01727294921875,Environmental organ-specific DNA adducts,0.68310546875,Nitroaromatic and nitro-PAH adducts,0.0265655517578125,Oxidative and radiation-like stress,0.11444091796875,PAH bulky adducts,0.09039306640625,Platinum and crosslinking therapy,0.0041656494140625,Replication stress and DNA repair inhibition
MSM0.63_s2,kucab_wgs,damage_class,MuAt-compatible reimplementation,muat_compatible_qkv_attention,0,3,5,0.12066650390625,Alkylating and aldehyde adduct stress,0.09405517578125,Aromatic and heterocyclic amines,0.09149169921875,Environmental organ-specific DNA adducts,0.3369140625,Nitroaromatic and nitro-PAH adducts,0.10467529296875,Oxidative and radiation-like stress,0.04913330078125,PAH bulky adducts,0.1728515625,Platinum and crosslinking therapy,0.0302581787109375,Replication stress and DNA repair inhibition
MSM0.63_s3,kucab_wgs,damage_class,MuAt-compatible reimplementation,muat_compatible_qkv_attention,0,0,5,0.6259765625,Alkylating and aldehyde adduct stress,0.03533935546875,Aromatic and heterocyclic amines,0.049224853515625,Environmental organ-specific DNA adducts,0.08038330078125,Nitroaromatic and nitro-PAH adducts,0.038909912109375,Oxidative and radiation-like stress,0.0032596588134765,PAH bulky adducts,0.138916015625,Platinum and crosslinking therapy,0.027923583984375,Replication stress and DNA repair inhibition
MSM0.64_s1,kucab_wgs,damage_class,MuAt-compatible reimplementation,muat_compatible_qkv_attention,2,0,2,0.591796875,Alkylating and aldehyde adduct stress,0.04718017578125,Aromatic and heterocyclic amines,0.205322265625,Environmental organ-specific DNA adducts,0.0122451782226562,Nitroaromatic and nitro-PAH adducts,0.0109024047851562,Oxidative and radiation-like stress,0.0001835823059082,PAH bulky adducts,0.034454345703125,Platinum and crosslinking therapy,0.09783935546875,Replication stress and DNA repair inhibition
MSM0.64_s2,kucab_wgs,damage_class,MuAt-compatible reimplementation,muat_compatible_qkv_attention,2,1,2,0.0650634765625,Alkylating and aldehyde adduct stress,0.3505859375,Aromatic and heterocyclic amines,0.2900390625,Environmental organ-specific DNA adducts,0.0360107421875,Nitroaromatic and nitro-PAH adducts,0.03662109375,Oxidative and radiation-like stress,0.0008869171142578,PAH bulky adducts,0.0266265869140625,Platinum and crosslinking therapy,0.1943359375,Replication stress and DNA repair inhibition
MSM0.64_s3,kucab_wgs,damage_class,MuAt-compatible reimplementation,muat_compatible_qkv_attention,2,2,2,0.061492919921875,Alkylating and aldehyde adduct stress,0.2265625,Aromatic and heterocyclic amines,0.328125,Environmental organ-specific DNA adducts,0.042327880859375,Nitroaromatic and nitro-PAH adducts,0.11309814453125,Oxidative and radiation-like stress,0.0019950866699218,PAH bulky adducts,0.0989990234375,Platinum and crosslinking therapy,0.1273193359375,Replication stress and DNA repair inhibition
MSM0.65_s1,kucab_wgs,damage_class,MuAt-compatible reimplementation,muat_compatible_qkv_attention,1,2,2,0.0086822509765625,Alkylating and aldehyde adduct stress,0.183837890625,Aromatic and heterocyclic amines,0.24560546875,Environmental organ-specific DNA adducts,0.2197265625,Nitroaromatic and nitro-PAH adducts,0.16552734375,Oxidative and radiation-like stress,0.025543212890625,PAH bulky adducts,0.1016845703125,Platinum and crosslinking therapy,0.04937744140625,Replication stress and DNA repair inhibition
MSM0.65_s3,kucab_wgs,damage_class,MuAt-compatible reimplementation,muat_compatible_qkv_attention,1,2,2,0.26416015625,Alkylating and aldehyde adduct stress,0.176513671875,Aromatic and heterocyclic amines,0.28564453125,Environmental organ-specific DNA adducts,0.0169219970703125,Nitroaromatic and nitro-PAH adducts,0.0180511474609375,Oxidative and radiation-like stress,0.0002887248992919,PAH bulky adducts,0.0272979736328125,Platinum and crosslinking therapy,0.2110595703125,Replication stress and DNA repair inhibition
MSM0.65_s4,kucab_wgs,damage_class,MuAt-compatible reimplementation,muat_compatible_qkv_attention,1,2,2,0.260009765625,Alkylating and aldehyde adduct stress,0.0709228515625,Aromatic and heterocyclic amines,0.3212890625,Environmental organ-specific DNA adducts,0.06903076171875,Nitroaromatic and nitro-PAH adducts,0.07470703125,Oxidative and radiation-like stress,0.0023517608642578,PAH bulky adducts,0.11224365234375,Platinum and crosslinking therapy,0.0894775390625,Replication stress and DNA repair inhibition
MSM0.66_s1,kucab_wgs,damage_class,MuAt-compatible reimplementation,muat_compatible_qkv_attention,0,1,2,0.006805419921875,Alkylating and aldehyde adduct stress,0.52587890625,Aromatic and heterocyclic amines,0.2177734375,Environmental organ-specific DNA adducts,0.0594482421875,Nitroaromatic and nitro-PAH adducts,0.061126708984375,Oxidative and radiation-like stress,0.0038089752197265,PAH bulky adducts,0.0236968994140625,Platinum and crosslinking therapy,0.10137939453125,Replication stress and DNA repair inhibition
MSM0.66_s2,kucab_wgs,damage_class,MuAt-compatible reimplementation,muat_compatible_qkv_attention,0,0,2,0.90283203125,Alkylating and aldehyde adduct stress,0.0036773681640625,Aromatic and heterocyclic amines,0.048370361328125,Environmental organ-specific DNA adducts,0.0041007995605468,Nitroaromatic and nitro-PAH adducts,0.0039291381835937,Oxidative and radiation-like stress,3.11732292175293e-05,PAH bulky adducts,0.0179901123046875,Platinum and crosslinking therapy,0.0188751220703125,Replication stress and DNA repair inhibition
MSM0.66_s3,kucab_wgs,damage_class,MuAt-compatible reimplementation,muat_compatible_qkv_attention,0,0,2,0.7822265625,Alkylating and aldehyde adduct stress,0.0274505615234375,Aromatic and heterocyclic amines,0.10101318359375,Environmental organ-specific DNA adducts,0.0027313232421875,Nitroaromatic and nitro-PAH adducts,0.0022392272949218,Oxidative and radiation-like stress,2.8014183044433597e-05,PAH bulky adducts,0.0107803344726562,Platinum and crosslinking therapy,0.07342529296875,Replication stress and DNA repair inhibition
MSM0.67_s1,kucab_wgs,damage_class,MuAt-compatible reimplementation,muat_compatible_qkv_attention,0,0,4,0.99951171875,Alkylating and aldehyde adduct stress,7.331371307373047e-06,Aromatic and heterocyclic amines,6.097555160522461e-05,Environmental organ-specific DNA adducts,0.0004563331604003,Nitroaromatic and nitro-PAH adducts,0.0,Oxidative and radiation-like stress,0.0,PAH bulky adducts,1.633167266845703e-05,Platinum and crosslinking therapy,0.000166893005371,Replication stress and DNA repair inhibition
MSM0.67_s2,kucab_wgs,damage_class,MuAt-compatible reimplementation,muat_compatible_qkv_attention,0,0,4,1.0,Alkylating and aldehyde adduct stress,3.5762786865234375e-07,Aromatic and heterocyclic amines,1.4901161193847656e-06,Environmental organ-specific DNA adducts,6.556510925292969e-05,Nitroaromatic and nitro-PAH adducts,0.0,Oxidative and radiation-like stress,0.0,PAH bulky adducts,7.569789886474609e-06,Platinum and crosslinking therapy,6.377696990966797e-06,Replication stress and DNA repair inhibition
MSM0.67_s3,kucab_wgs,damage_class,MuAt-compatible reimplementation,muat_compatible_qkv_attention,0,0,4,0.99560546875,Alkylating and aldehyde adduct stress,4.8279762268066406e-05,Aromatic and heterocyclic amines,0.0007872581481933,Environmental organ-specific DNA adducts,0.0026168823242187,Nitroaromatic and nitro-PAH adducts,5.960464477539064e-08,Oxidative and radiation-like stress,0.0,PAH bulky adducts,0.000176191329956,Platinum and crosslinking therapy,0.0005369186401367,Replication stress and DNA repair inhibition
MSM0.68_s1,kucab_wgs,damage_class,MuAt-compatible reimplementation,muat_compatible_qkv_attention,0,0,1,0.278564453125,Alkylating and aldehyde adduct stress,0.12408447265625,Aromatic and heterocyclic amines,0.14404296875,Environmental organ-specific DNA adducts,0.2391357421875,Nitroaromatic and nitro-PAH adducts,0.0625,Oxidative and radiation-like stress,0.0794677734375,PAH bulky adducts,0.033416748046875,Platinum and crosslinking therapy,0.038818359375,Replication stress and DNA repair inhibition
MSM0.68_s2,kucab_wgs,damage_class,MuAt-compatible reimplementation,muat_compatible_qkv_attention,0,0,1,0.236083984375,Alkylating and aldehyde adduct stress,0.17041015625,Aromatic and heterocyclic amines,0.1651611328125,Environmental organ-specific DNA adducts,0.2025146484375,Nitroaromatic and nitro-PAH adducts,0.074951171875,Oxidative and radiation-like stress,0.07281494140625,PAH bulky adducts,0.03515625,Platinum and crosslinking therapy,0.0428466796875,Replication stress and DNA repair inhibition
MSM0.68_s3,kucab_wgs,damage_class,MuAt-compatible reimplementation,muat_compatible_qkv_attention,0,0,1,0.358154296875,Alkylating and aldehyde adduct stress,0.193115234375,Aromatic and heterocyclic amines,0.149658203125,Environmental organ-specific DNA adducts,0.131103515625,Nitroaromatic and nitro-PAH adducts,0.06488037109375,Oxidative and radiation-like stress,0.026763916015625,PAH bulky adducts,0.030364990234375,Platinum and crosslinking therapy,0.046112060546875,Replication stress and DNA repair inhibition
MSM0.69_s1,kucab_wgs,damage_class,MuAt-compatible reimplementation,muat_compatible_qkv_attention,1,1,2,0.07379150390625,Alkylating and aldehyde adduct stress,0.355224609375,Aromatic and heterocyclic amines,0.276123046875,Environmental organ-specific DNA adducts,0.01397705078125,Nitroaromatic and nitro-PAH adducts,0.0132064819335937,Oxidative and radiation-like stress,0.0003089904785156,PAH bulky adducts,0.0161285400390625,Platinum and crosslinking therapy,0.25146484375,Replication stress and DNA repair inhibition
MSM0.69_s3,kucab_wgs,damage_class,MuAt-compatible reimplementation,muat_compatible_qkv_attention,1,1,2,2.6226043701171875e-05,Alkylating and aldehyde adduct stress,0.91259765625,Aromatic and heterocyclic amines,0.03143310546875,Environmental organ-specific DNA adducts,0.0019798278808593,Nitroaromatic and nitro-PAH adducts,0.0103912353515625,Oxidative and radiation-like stress,0.0002311468124389,PAH bulky adducts,0.0007491111755371,Platinum and crosslinking therapy,0.0423583984375,Replication stress and DNA repair inhibition
MSM0.70_s1,kucab_wgs,damage_class,MuAt-compatible reimplementation,muat_compatible_qkv_attention,2,1,4,0.0,Alkylating and aldehyde adduct stress,0.92919921875,Aromatic and heterocyclic amines,0.0062980651855468,Environmental organ-specific DNA adducts,0.0,Nitroaromatic and nitro-PAH adducts,0.0093994140625,Oxidative and radiation-like stress,0.0002758502960205,PAH bulky adducts,3.5762786865234375e-07,Platinum and crosslinking therapy,0.054931640625,Replication stress and DNA repair inhibition
MSM0.70_s2,kucab_wgs,damage_class,MuAt-compatible reimplementation,muat_compatible_qkv_attention,2,0,4,0.94189453125,Alkylating and aldehyde adduct stress,0.0075721740722656,Aromatic and heterocyclic amines,0.018798828125,Environmental organ-specific DNA adducts,0.0038414001464843,Nitroaromatic and nitro-PAH adducts,2.205371856689453e-06,Oxidative and radiation-like stress,2.980232238769531e-07,PAH bulky adducts,0.0003626346588134,Platinum and crosslinking therapy,0.02777099609375,Replication stress and DNA repair inhibition
MSM0.71_s1,kucab_wgs,damage_class,MuAt-compatible reimplementation,muat_compatible_qkv_attention,4,1,3,0.255126953125,Alkylating and aldehyde adduct stress,0.420166015625,Aromatic and heterocyclic amines,0.1370849609375,Environmental organ-specific DNA adducts,0.03399658203125,Nitroaromatic and nitro-PAH adducts,0.043304443359375,Oxidative and radiation-like stress,0.0004045963287353,PAH bulky adducts,0.045501708984375,Platinum and crosslinking therapy,0.06463623046875,Replication stress and DNA repair inhibition
MSM0.71_s2,kucab_wgs,damage_class,MuAt-compatible reimplementation,muat_compatible_qkv_attention,4,0,3,0.3994140625,Alkylating and aldehyde adduct stress,0.360107421875,Aromatic and heterocyclic amines,0.08929443359375,Environmental organ-specific DNA adducts,0.0517578125,Nitroaromatic and nitro-PAH adducts,0.020233154296875,Oxidative and radiation-like stress,0.0002251863479614,PAH bulky adducts,0.03350830078125,Platinum and crosslinking therapy,0.045623779296875,Replication stress and DNA repair inhibition
MSM0.72_s1,kucab_wgs,damage_class,MuAt-compatible reimplementation,muat_compatible_qkv_attention,6,0,2,0.927734375,Alkylating and aldehyde adduct stress,0.0036354064941406,Aromatic and heterocyclic amines,0.038299560546875,Environmental organ-specific DNA adducts,0.0010547637939453,Nitroaromatic and nitro-PAH adducts,0.0009355545043945,Oxidative and radiation-like stress,1.0013580322265623e-05,PAH bulky adducts,0.0121917724609375,Platinum and crosslinking therapy,0.0163116455078125,Replication stress and DNA repair inhibition
MSM0.72_s2,kucab_wgs,damage_class,MuAt-compatible reimplementation,muat_compatible_qkv_attention,6,2,2,0.041595458984375,Alkylating and aldehyde adduct stress,0.2379150390625,Aromatic and heterocyclic amines,0.36376953125,Environmental organ-specific DNA adducts,0.0634765625,Nitroaromatic and nitro-PAH adducts,0.08172607421875,Oxidative and radiation-like stress,0.0038261413574218,PAH bulky adducts,0.10565185546875,Platinum and crosslinking therapy,0.10205078125,Replication stress and DNA repair inhibition
MSM0.72_s3,kucab_wgs,damage_class,MuAt-compatible reimplementation,muat_compatible_qkv_attention,6,1,2,0.01666259765625,Alkylating and aldehyde adduct stress,0.426513671875,Aromatic and heterocyclic amines,0.26904296875,Environmental organ-specific DNA adducts,0.0323486328125,Nitroaromatic and nitro-PAH adducts,0.08026123046875,Oxidative and radiation-like stress,0.0023918151855468,PAH bulky adducts,0.061279296875,Platinum and crosslinking therapy,0.1114501953125,Replication stress and DNA repair inhibition
MSM0.74_s1,kucab_wgs,damage_class,MuAt-compatible reimplementation,muat_compatible_qkv_attention,5,1,2,7.748603820800781e-07,Alkylating and aldehyde adduct stress,0.755859375,Aromatic and heterocyclic amines,0.02899169921875,Environmental organ-specific DNA adducts,0.07781982421875,Nitroaromatic and nitro-PAH adducts,0.06597900390625,Oxidative and radiation-like stress,0.062225341796875,PAH bulky adducts,0.0024299621582031,Platinum and crosslinking therapy,0.0067062377929687,Replication stress and DNA repair inhibition
MSM0.74_s2,kucab_wgs,damage_class,MuAt-compatible reimplementation,muat_compatible_qkv_attention,5,3,2,0.0002703666687011,Alkylating and aldehyde adduct stress,0.2039794921875,Aromatic and heterocyclic amines,0.12030029296875,Environmental organ-specific DNA adducts,0.3310546875,Nitroaromatic and nitro-PAH adducts,0.1793212890625,Oxidative and radiation-like stress,0.1092529296875,PAH bulky adducts,0.040496826171875,Platinum and crosslinking therapy,0.01531982421875,Replication stress and DNA repair inhibition
MSM0.74_s3,kucab_wgs,damage_class,MuAt-compatible reimplementation,muat_compatible_qkv_attention,5,1,2,0.0003166198730468,Alkylating and aldehyde adduct stress,0.4365234375,Aromatic and heterocyclic amines,0.16357421875,Environmental organ-specific DNA adducts,0.16943359375,Nitroaromatic and nitro-PAH adducts,0.1273193359375,Oxidative and radiation-like stress,0.045745849609375,PAH bulky adducts,0.0269317626953125,Platinum and crosslinking therapy,0.030181884765625,Replication stress and DNA repair inhibition
MSM0.75_s1,kucab_wgs,damage_class,MuAt-compatible reimplementation,muat_compatible_qkv_attention,0,0,3,0.97265625,Alkylating and aldehyde adduct stress,0.0164337158203125,Aromatic and heterocyclic amines,0.0033035278320312,Environmental organ-specific DNA adducts,0.004974365234375,Nitroaromatic and nitro-PAH adducts,0.0001837015151977,Oxidative and radiation-like stress,5.364418029785156e-07,PAH bulky adducts,0.0013294219970703,Platinum and crosslinking therapy,0.001265525817871,Replication stress and DNA repair inhibition
MSM0.75_s2,kucab_wgs,damage_class,MuAt-compatible reimplementation,muat_compatible_qkv_attention,0,0,3,0.83154296875,Alkylating and aldehyde adduct stress,0.0121078491210937,Aromatic and heterocyclic amines,0.017608642578125,Environmental organ-specific DNA adducts,0.1204833984375,Nitroaromatic and nitro-PAH adducts,0.0003688335418701,Oxidative and radiation-like stress,8.147954940795898e-05,PAH bulky adducts,0.0133438110351562,Platinum and crosslinking therapy,0.0043525695800781,Replication stress and DNA repair inhibition
MSM0.7_s4,kucab_wgs,damage_class,MuAt-compatible reimplementation,muat_compatible_qkv_attention,6,0,1,0.2578125,Alkylating and aldehyde adduct stress,0.1634521484375,Aromatic and heterocyclic amines,0.15673828125,Environmental organ-specific DNA adducts,0.19091796875,Nitroaromatic and nitro-PAH adducts,0.080078125,Oxidative and radiation-like stress,0.06689453125,PAH bulky adducts,0.038665771484375,Platinum and crosslinking therapy,0.045379638671875,Replication stress and DNA repair inhibition
MSM0.7_s5,kucab_wgs,damage_class,MuAt-compatible reimplementation,muat_compatible_qkv_attention,6,0,1,0.285400390625,Alkylating and aldehyde adduct stress,0.122314453125,Aromatic and heterocyclic amines,0.1505126953125,Environmental organ-specific DNA adducts,0.2340087890625,Nitroaromatic and nitro-PAH adducts,0.06488037109375,Oxidative and radiation-like stress,0.072998046875,PAH bulky adducts,0.03289794921875,Platinum and crosslinking therapy,0.03717041015625,Replication stress and DNA repair inhibition
MSM0.7_s6,kucab_wgs,damage_class,MuAt-compatible reimplementation,muat_compatible_qkv_attention,6,3,1,0.1737060546875,Alkylating and aldehyde adduct stress,0.113525390625,Aromatic and heterocyclic amines,0.154052734375,Environmental organ-specific DNA adducts,0.2724609375,Nitroaromatic and nitro-PAH adducts,0.06927490234375,Oxidative and radiation-like stress,0.1436767578125,PAH bulky adducts,0.03741455078125,Platinum and crosslinking therapy,0.03607177734375,Replication stress and DNA repair inhibition
MSM0.80_s1,kucab_wgs,damage_class,MuAt-compatible reimplementation,muat_compatible_qkv_attention,1,1,1,0.225830078125,Alkylating and aldehyde adduct stress,0.3330078125,Aromatic and heterocyclic amines,0.1622314453125,Environmental organ-specific DNA adducts,0.0731201171875,Nitroaromatic and nitro-PAH adducts,0.0859375,Oxidative and radiation-like stress,0.01739501953125,PAH bulky adducts,0.036346435546875,Platinum and crosslinking therapy,0.06610107421875,Replication stress and DNA repair inhibition
MSM0.80_s2,kucab_wgs,damage_class,MuAt-compatible reimplementation,muat_compatible_qkv_attention,1,1,1,0.1522216796875,Alkylating and aldehyde adduct stress,0.216552734375,Aromatic and heterocyclic amines,0.188720703125,Environmental organ-specific DNA adducts,0.1688232421875,Nitroaromatic and nitro-PAH adducts,0.09271240234375,Oxidative and radiation-like stress,0.083251953125,PAH bulky adducts,0.04351806640625,Platinum and crosslinking therapy,0.05426025390625,Replication stress and DNA repair inhibition
MSM0.81_s1,kucab_wgs,damage_class,MuAt-compatible reimplementation,muat_compatible_qkv_attention,3,0,5,0.2252197265625,Alkylating and aldehyde adduct stress,0.1800537109375,Aromatic and heterocyclic amines,0.21484375,Environmental organ-specific DNA adducts,0.0056419372558593,Nitroaromatic and nitro-PAH adducts,0.11090087890625,Oxidative and radiation-like stress,0.0003962516784667,PAH bulky adducts,0.06964111328125,Platinum and crosslinking therapy,0.193359375,Replication stress and DNA repair inhibition
MSM0.81_s2,kucab_wgs,damage_class,MuAt-compatible reimplementation,muat_compatible_qkv_attention,3,1,5,0.102783203125,Alkylating and aldehyde adduct stress,0.269287109375,Aromatic and heterocyclic amines,0.239013671875,Environmental organ-specific DNA adducts,0.0106277465820312,Nitroaromatic and nitro-PAH adducts,0.1351318359375,Oxidative and radiation-like stress,0.0017108917236328,PAH bulky adducts,0.07196044921875,Platinum and crosslinking therapy,0.1695556640625,Replication stress and DNA repair inhibition
MSM0.82_s1,kucab_wgs,damage_class,MuAt-compatible reimplementation,muat_compatible_qkv_attention,5,1,3,0.001983642578125,Alkylating and aldehyde adduct stress,0.64697265625,Aromatic and heterocyclic amines,0.050933837890625,Environmental organ-specific DNA adducts,0.0012493133544921,Nitroaromatic and nitro-PAH adducts,0.25,Oxidative and radiation-like stress,0.0006914138793945,PAH bulky adducts,0.0100173950195312,Platinum and crosslinking therapy,0.037994384765625,Replication stress and DNA repair inhibition
MSM0.82_s2,kucab_wgs,damage_class,MuAt-compatible reimplementation,muat_compatible_qkv_attention,5,1,3,0.06396484375,Alkylating and aldehyde adduct stress,0.66943359375,Aromatic and heterocyclic amines,0.1103515625,Environmental organ-specific DNA adducts,0.0049247741699218,Nitroaromatic and nitro-PAH adducts,0.07098388671875,Oxidative and radiation-like stress,0.000212550163269,PAH bulky adducts,0.0204620361328125,Platinum and crosslinking therapy,0.059722900390625,Replication stress and DNA repair inhibition
MSM0.83_s1,kucab_wgs,damage_class,MuAt-compatible reimplementation,muat_compatible_qkv_attention,6,3,1,0.153564453125,Alkylating and aldehyde adduct stress,0.06988525390625,Aromatic and heterocyclic amines,0.1280517578125,Environmental organ-specific DNA adducts,0.336669921875,Nitroaromatic and nitro-PAH adducts,0.056732177734375,Oxidative and radiation-like stress,0.20068359375,PAH bulky adducts,0.0302581787109375,Platinum and crosslinking therapy,0.0241546630859375,Replication stress and DNA repair inhibition
MSM0.83_s2,kucab_wgs,damage_class,MuAt-compatible reimplementation,muat_compatible_qkv_attention,6,0,1,0.25146484375,Alkylating and aldehyde adduct stress,0.134033203125,Aromatic and heterocyclic amines,0.158447265625,Environmental organ-specific DNA adducts,0.22998046875,Nitroaromatic and nitro-PAH adducts,0.07171630859375,Oxidative and radiation-like stress,0.0799560546875,PAH bulky adducts,0.035675048828125,Platinum and crosslinking therapy,0.038909912109375,Replication stress and DNA repair inhibition
MSM0.83_s3,kucab_wgs,damage_class,MuAt-compatible reimplementation,muat_compatible_qkv_attention,6,3,1,0.1473388671875,Alkylating and aldehyde adduct stress,0.0694580078125,Aromatic and heterocyclic amines,0.1298828125,Environmental organ-specific DNA adducts,0.335205078125,Nitroaromatic and nitro-PAH adducts,0.057830810546875,Oxidative and radiation-like stress,0.2069091796875,PAH bulky adducts,0.029296875,Platinum and crosslinking therapy,0.0239410400390625,Replication stress and DNA repair inhibition
MSM0.84_s1,kucab_wgs,damage_class,MuAt-compatible reimplementation,muat_compatible_qkv_attention,7,3,4,0.0081558227539062,Alkylating and aldehyde adduct stress,2.6524066925048828e-05,Aromatic and heterocyclic amines,0.48828125,Environmental organ-specific DNA adducts,0.4921875,Nitroaromatic and nitro-PAH adducts,3.159046173095703e-06,Oxidative and radiation-like stress,0.000401496887207,PAH bulky adducts,0.0106201171875,Platinum and crosslinking therapy,0.0003979206085205,Replication stress and DNA repair inhibition
MSM0.84_s2,kucab_wgs,damage_class,MuAt-compatible reimplementation,muat_compatible_qkv_attention,7,3,4,0.0579833984375,Alkylating and aldehyde adduct stress,6.198883056640625e-06,Aromatic and heterocyclic amines,0.0034713745117187,Environmental organ-specific DNA adducts,0.82275390625,Nitroaromatic and nitro-PAH adducts,2.586841583251953e-05,Oxidative and radiation-like stress,7.152557373046875e-07,PAH bulky adducts,0.11529541015625,Platinum and crosslinking therapy,0.0006647109985351,Replication stress and DNA repair inhibition
MSM0.85_s1,kucab_wgs,damage_class,MuAt-compatible reimplementation,muat_compatible_qkv_attention,7,0,1,0.292236328125,Alkylating and aldehyde adduct stress,0.273193359375,Aromatic and heterocyclic amines,0.1553955078125,Environmental organ-specific DNA adducts,0.09014892578125,Nitroaromatic and nitro-PAH adducts,0.07720947265625,Oxidative and radiation-like stress,0.018707275390625,PAH bulky adducts,0.034027099609375,Platinum and crosslinking therapy,0.05902099609375,Replication stress and DNA repair inhibition
MSM0.85_s2,kucab_wgs,damage_class,MuAt-compatible reimplementation,muat_compatible_qkv_attention,7,1,1,0.251708984375,Alkylating and aldehyde adduct stress,0.349609375,Aromatic and heterocyclic amines,0.15234375,Environmental organ-specific DNA adducts,0.04901123046875,Nitroaromatic and nitro-PAH adducts,0.0806884765625,Oxidative and radiation-like stress,0.00885009765625,PAH bulky adducts,0.03472900390625,Platinum and crosslinking therapy,0.072998046875,Replication stress and DNA repair inhibition
MSM0.87_s2,kucab_wgs,damage_class,MuAt-compatible reimplementation,muat_compatible_qkv_attention,3,3,3,0.03436279296875,Alkylating and aldehyde adduct stress,0.006866455078125,Aromatic and heterocyclic amines,0.0142898559570312,Environmental organ-specific DNA adducts,0.88623046875,Nitroaromatic and nitro-PAH adducts,0.0013990402221679,Oxidative and radiation-like stress,0.0129470825195312,PAH bulky adducts,0.0386962890625,Platinum and crosslinking therapy,0.0053977966308593,Replication stress and DNA repair inhibition
MSM0.87_s3,kucab_wgs,damage_class,MuAt-compatible reimplementation,muat_compatible_qkv_attention,3,1,3,0.08551025390625,Alkylating and aldehyde adduct stress,0.260498046875,Aromatic and heterocyclic amines,0.164306640625,Environmental organ-specific DNA adducts,0.245849609375,Nitroaromatic and nitro-PAH adducts,0.0462646484375,Oxidative and radiation-like stress,0.0149154663085937,PAH bulky adducts,0.11529541015625,Platinum and crosslinking therapy,0.06732177734375,Replication stress and DNA repair inhibition
MSM0.87_s4,kucab_wgs,damage_class,MuAt-compatible reimplementation,muat_compatible_qkv_attention,3,1,3,0.0279388427734375,Alkylating and aldehyde adduct stress,0.58935546875,Aromatic and heterocyclic amines,0.0736083984375,Environmental organ-specific DNA adducts,0.08172607421875,Nitroaromatic and nitro-PAH adducts,0.1268310546875,Oxidative and radiation-like stress,0.0063705444335937,PAH bulky adducts,0.0482177734375,Platinum and crosslinking therapy,0.045989990234375,Replication stress and DNA repair inhibition
MSM0.90_s3,kucab_wgs,damage_class,MuAt-compatible reimplementation,muat_compatible_qkv_attention,1,5,1,0.02545166015625,Alkylating and aldehyde adduct stress,0.0238037109375,Aromatic and heterocyclic amines,0.0716552734375,Environmental organ-specific DNA adducts,0.30517578125,Nitroaromatic and nitro-PAH adducts,0.0244293212890625,Oxidative and radiation-like stress,0.525390625,PAH bulky adducts,0.0155105590820312,Platinum and crosslinking therapy,0.0085678100585937,Replication stress and DNA repair inhibition
MSM0.90_s4,kucab_wgs,damage_class,MuAt-compatible reimplementation,muat_compatible_qkv_attention,1,5,1,0.001779556274414,Alkylating and aldehyde adduct stress,0.0012245178222656,Aromatic and heterocyclic amines,0.0094528198242187,Environmental organ-specific DNA adducts,0.159423828125,Nitroaromatic and nitro-PAH adducts,0.00274658203125,Oxidative and radiation-like stress,0.82275390625,PAH bulky adducts,0.002166748046875,Platinum and crosslinking therapy,0.0006594657897949,Replication stress and DNA repair inhibition
MSM0.90_s5,kucab_wgs,damage_class,MuAt-compatible reimplementation,muat_compatible_qkv_attention,1,5,1,0.0095291137695312,Alkylating and aldehyde adduct stress,0.0100326538085937,Aromatic and heterocyclic amines,0.04205322265625,Environmental organ-specific DNA adducts,0.252197265625,Nitroaromatic and nitro-PAH adducts,0.0128250122070312,Oxidative and radiation-like stress,0.66064453125,PAH bulky adducts,0.008575439453125,Platinum and crosslinking therapy,0.003997802734375,Replication stress and DNA repair inhibition
MSM0.91_s1,kucab_wgs,damage_class,MuAt-compatible reimplementation,muat_compatible_qkv_attention,3,7,5,0.2724609375,Alkylating and aldehyde adduct stress,0.1470947265625,Aromatic and heterocyclic amines,0.19091796875,Environmental organ-specific DNA adducts,0.0007562637329101,Nitroaromatic and nitro-PAH adducts,0.07122802734375,Oxidative and radiation-like stress,3.0100345611572266e-05,PAH bulky adducts,0.036651611328125,Platinum and crosslinking therapy,0.281005859375,Replication stress and DNA repair inhibition
MSM0.91_s2,kucab_wgs,damage_class,MuAt-compatible reimplementation,muat_compatible_qkv_attention,3,0,5,0.787109375,Alkylating and aldehyde adduct stress,0.0225830078125,Aromatic and heterocyclic amines,0.045196533203125,Environmental organ-specific DNA adducts,6.914138793945312e-05,Nitroaromatic and nitro-PAH adducts,0.0104141235351562,Oxidative and radiation-like stress,6.556510925292969e-07,PAH bulky adducts,0.0123214721679687,Platinum and crosslinking therapy,0.12237548828125,Replication stress and DNA repair inhibition
MSM0.92_s1,kucab_wgs,damage_class,MuAt-compatible reimplementation,muat_compatible_qkv_attention,5,5,3,0.0002005100250244,Alkylating and aldehyde adduct stress,0.09466552734375,Aromatic and heterocyclic amines,0.032135009765625,Environmental organ-specific DNA adducts,0.06732177734375,Nitroaromatic and nitro-PAH adducts,0.1781005859375,Oxidative and radiation-like stress,0.5537109375,PAH bulky adducts,0.048583984375,Platinum and crosslinking therapy,0.02520751953125,Replication stress and DNA repair inhibition
MSM0.92_s2,kucab_wgs,damage_class,MuAt-compatible reimplementation,muat_compatible_qkv_attention,5,5,3,0.0002011060714721,Alkylating and aldehyde adduct stress,0.0038967132568359,Aromatic and heterocyclic amines,0.0218048095703125,Environmental organ-specific DNA adducts,0.1668701171875,Nitroaromatic and nitro-PAH adducts,0.0091629028320312,Oxidative and radiation-like stress,0.74169921875,PAH bulky adducts,0.048126220703125,Platinum and crosslinking therapy,0.0081253051757812,Replication stress and DNA repair inhibition
MSM0.92_s3,kucab_wgs,damage_class,MuAt-compatible reimplementation,muat_compatible_qkv_attention,5,1,3,0.01605224609375,Alkylating and aldehyde adduct stress,0.48095703125,Aromatic and heterocyclic amines,0.1063232421875,Environmental organ-specific DNA adducts,0.10650634765625,Nitroaromatic and nitro-PAH adducts,0.12744140625,Oxidative and radiation-like stress,0.0257110595703125,PAH bulky adducts,0.07415771484375,Platinum and crosslinking therapy,0.06280517578125,Replication stress and DNA repair inhibition
MSM0.93_s1,kucab_wgs,damage_class,MuAt-compatible reimplementation,muat_compatible_qkv_attention,3,2,2,0.0253753662109375,Alkylating and aldehyde adduct stress,0.0892333984375,Aromatic and heterocyclic amines,0.3232421875,Environmental organ-specific DNA adducts,0.298095703125,Nitroaromatic and nitro-PAH adducts,0.0743408203125,Oxidative and radiation-like stress,0.044586181640625,PAH bulky adducts,0.11285400390625,Platinum and crosslinking therapy,0.0322265625,Replication stress and DNA repair inhibition
MSM0.93_s2,kucab_wgs,damage_class,MuAt-compatible reimplementation,muat_compatible_qkv_attention,3,0,2,0.5869140625,Alkylating and aldehyde adduct stress,0.0122146606445312,Aromatic and heterocyclic amines,0.19091796875,Environmental organ-specific DNA adducts,0.09527587890625,Nitroaromatic and nitro-PAH adducts,0.0122756958007812,Oxidative and radiation-like stress,0.003265380859375,PAH bulky adducts,0.0758056640625,Platinum and crosslinking therapy,0.0235137939453125,Replication stress and DNA repair inhibition
MSM0.94_s1,kucab_wgs,damage_class,MuAt-compatible reimplementation,muat_compatible_qkv_attention,3,0,2,0.72705078125,Alkylating and aldehyde adduct stress,0.0122604370117187,Aromatic and heterocyclic amines,0.1368408203125,Environmental organ-specific DNA adducts,0.0418701171875,Nitroaromatic and nitro-PAH adducts,0.0073776245117187,Oxidative and radiation-like stress,0.001143455505371,PAH bulky adducts,0.04876708984375,Platinum and crosslinking therapy,0.0246124267578125,Replication stress and DNA repair inhibition
MSM0.94_s2,kucab_wgs,damage_class,MuAt-compatible reimplementation,muat_compatible_qkv_attention,3,0,2,0.298828125,Alkylating and aldehyde adduct stress,0.019561767578125,Aromatic and heterocyclic amines,0.244873046875,Environmental organ-specific DNA adducts,0.243896484375,Nitroaromatic and nitro-PAH adducts,0.031890869140625,Oxidative and radiation-like stress,0.0122146606445312,PAH bulky adducts,0.1241455078125,Platinum and crosslinking therapy,0.0245819091796875,Replication stress and DNA repair inhibition
MSM0.95_s1,kucab_wgs,damage_class,MuAt-compatible reimplementation,muat_compatible_qkv_attention,3,5,4,0.0,Alkylating and aldehyde adduct stress,0.0002340078353881,Aromatic and heterocyclic amines,0.000288963317871,Environmental organ-specific DNA adducts,0.0,Nitroaromatic and nitro-PAH adducts,1.0967254638671877e-05,Oxidative and radiation-like stress,0.99951171875,PAH bulky adducts,2.980232238769531e-07,Platinum and crosslinking therapy,0.0,Replication stress and DNA repair inhibition
MSM0.95_s2,kucab_wgs,damage_class,MuAt-compatible reimplementation,muat_compatible_qkv_attention,3,6,4,7.683038711547852e-05,Alkylating and aldehyde adduct stress,0.0006346702575683,Aromatic and heterocyclic amines,0.10406494140625,Environmental organ-specific DNA adducts,0.326904296875,Nitroaromatic and nitro-PAH adducts,0.0072364807128906,Oxidative and radiation-like stress,0.169921875,PAH bulky adducts,0.39111328125,Platinum and crosslinking therapy,0.0002146959304809,Replication stress and DNA repair inhibition
MSM0.95_s3,kucab_wgs,damage_class,MuAt-compatible reimplementation,muat_compatible_qkv_attention,3,6,4,0.0021839141845703,Alkylating and aldehyde adduct stress,0.016357421875,Aromatic and heterocyclic amines,0.0075225830078125,Environmental organ-specific DNA adducts,0.036285400390625,Nitroaromatic and nitro-PAH adducts,0.0056877136230468,Oxidative and radiation-like stress,0.03643798828125,PAH bulky adducts,0.89501953125,Platinum and crosslinking therapy,0.0002944469451904,Replication stress and DNA repair inhibition
MSM0.96_s1,kucab_wgs,damage_class,MuAt-compatible reimplementation,muat_compatible_qkv_attention,5,2,2,0.167724609375,Alkylating and aldehyde adduct stress,0.0870361328125,Aromatic and heterocyclic amines,0.41455078125,Environmental organ-specific DNA adducts,0.11993408203125,Nitroaromatic and nitro-PAH adducts,0.0380859375,Oxidative and radiation-like stress,0.006500244140625,PAH bulky adducts,0.0919189453125,Platinum and crosslinking therapy,0.0740966796875,Replication stress and DNA repair inhibition
MSM0.96_s2,kucab_wgs,damage_class,MuAt-compatible reimplementation,muat_compatible_qkv_attention,5,2,2,0.0028877258300781,Alkylating and aldehyde adduct stress,0.2021484375,Aromatic and heterocyclic amines,0.2578125,Environmental organ-specific DNA adducts,0.23291015625,Nitroaromatic and nitro-PAH adducts,0.154296875,Oxidative and radiation-like stress,0.04266357421875,PAH bulky adducts,0.07220458984375,Platinum and crosslinking therapy,0.035247802734375,Replication stress and DNA repair inhibition
MSM0.96_s3,kucab_wgs,damage_class,MuAt-compatible reimplementation,muat_compatible_qkv_attention,5,3,2,0.0004217624664306,Alkylating and aldehyde adduct stress,0.055633544921875,Aromatic and heterocyclic amines,0.1435546875,Environmental organ-specific DNA adducts,0.44482421875,Nitroaromatic and nitro-PAH adducts,0.08795166015625,Oxidative and radiation-like stress,0.2088623046875,PAH bulky adducts,0.051513671875,Platinum and crosslinking therapy,0.0073432922363281,Replication stress and DNA repair inhibition
MSM0.97_s1,kucab_wgs,damage_class,MuAt-compatible reimplementation,muat_compatible_qkv_attention,3,0,3,0.47119140625,Alkylating and aldehyde adduct stress,0.38671875,Aromatic and heterocyclic amines,0.055206298828125,Environmental organ-specific DNA adducts,0.0244598388671875,Nitroaromatic and nitro-PAH adducts,0.0133590698242187,Oxidative and radiation-like stress,7.2479248046875e-05,PAH bulky adducts,0.0178680419921875,Platinum and crosslinking therapy,0.031158447265625,Replication stress and DNA repair inhibition
MSM0.97_s2,kucab_wgs,damage_class,MuAt-compatible reimplementation,muat_compatible_qkv_attention,3,1,3,0.0022182464599609,Alkylating and aldehyde adduct stress,0.759765625,Aromatic and heterocyclic amines,0.0310516357421875,Environmental organ-specific DNA adducts,0.0001528263092041,Nitroaromatic and nitro-PAH adducts,0.171875,Oxidative and radiation-like stress,5.322694778442383e-05,PAH bulky adducts,0.0036296844482421,Platinum and crosslinking therapy,0.0313720703125,Replication stress and DNA repair inhibition
MSM0.97_s3,kucab_wgs,damage_class,MuAt-compatible reimplementation,muat_compatible_qkv_attention,3,1,3,0.130615234375,Alkylating and aldehyde adduct stress,0.422607421875,Aromatic and heterocyclic amines,0.1453857421875,Environmental organ-specific DNA adducts,0.09075927734375,Nitroaromatic and nitro-PAH adducts,0.06573486328125,Oxidative and radiation-like stress,0.0038890838623046,PAH bulky adducts,0.07049560546875,Platinum and crosslinking therapy,0.0703125,Replication stress and DNA repair inhibition
MSM0.99_s1,kucab_wgs,damage_class,MuAt-compatible reimplementation,muat_compatible_qkv_attention,0,0,3,0.55126953125,Alkylating and aldehyde adduct stress,0.369384765625,Aromatic and heterocyclic amines,0.032928466796875,Environmental organ-specific DNA adducts,0.0109786987304687,Nitroaromatic and nitro-PAH adducts,0.0088882446289062,Oxidative and radiation-like stress,1.5854835510253906e-05,PAH bulky adducts,0.0085830688476562,Platinum and crosslinking therapy,0.0181427001953125,Replication stress and DNA repair inhibition
MSM0.99_s3,kucab_wgs,damage_class,MuAt-compatible reimplementation,muat_compatible_qkv_attention,0,1,3,0.0948486328125,Alkylating and aldehyde adduct stress,0.75927734375,Aromatic and heterocyclic amines,0.052581787109375,Environmental organ-specific DNA adducts,0.0053520202636718,Nitroaromatic and nitro-PAH adducts,0.044769287109375,Oxidative and radiation-like stress,6.669759750366211e-05,PAH bulky adducts,0.0106277465820312,Platinum and crosslinking therapy,0.03253173828125,Replication stress and DNA repair inhibition
