sample,benchmark,endpoint,representation,learner,true_value,pred_value,pred_value_z,fold,predicted_class,pred_class_0,class_label_0,pred_class_1,class_label_1
TCGA-3C-AALI,tcga_mc3_wes,HRD_Score,MuAt-compatible reimplementation,muat_compatible_qkv_attention,32.0,23.972067316734734,-0.1290283203125,3,,,,,
TCGA-3C-AALJ,tcga_mc3_wes,HRD_Score,MuAt-compatible reimplementation,muat_compatible_qkv_attention,31.0,28.595839268764994,0.1234130859375,4,,,,,
TCGA-5L-AAT0,tcga_mc3_wes,HRD_Score,MuAt-compatible reimplementation,muat_compatible_qkv_attention,9.0,22.450568435272,-0.1802978515625,4,,,,,
TCGA-5T-A9QA,tcga_mc3_wes,HRD_Score,MuAt-compatible reimplementation,muat_compatible_qkv_attention,15.0,37.9617726811891,0.59619140625,1,,,,,
TCGA-A1-A0SB,tcga_mc3_wes,HRD_Score,MuAt-compatible reimplementation,muat_compatible_qkv_attention,0.0,23.891537451997895,-0.08209228515625,5,,,,,
TCGA-A1-A0SD,tcga_mc3_wes,HRD_Score,MuAt-compatible reimplementation,muat_compatible_qkv_attention,25.0,19.541867640477662,-0.302978515625,5,,,,,
TCGA-A1-A0SE,tcga_mc3_wes,HRD_Score,MuAt-compatible reimplementation,muat_compatible_qkv_attention,15.0,17.641548213081144,-0.41796875,4,,,,,
TCGA-A1-A0SF,tcga_mc3_wes,HRD_Score,MuAt-compatible reimplementation,muat_compatible_qkv_attention,23.0,18.318235490515264,-0.37890625,1,,,,,
TCGA-A1-A0SG,tcga_mc3_wes,HRD_Score,MuAt-compatible reimplementation,muat_compatible_qkv_attention,12.0,14.598552366271106,-0.568359375,4,,,,,
TCGA-A1-A0SI,tcga_mc3_wes,HRD_Score,MuAt-compatible reimplementation,muat_compatible_qkv_attention,13.0,33.58763683889737,0.3701171875,4,,,,,
TCGA-A1-A0SJ,tcga_mc3_wes,HRD_Score,MuAt-compatible reimplementation,muat_compatible_qkv_attention,22.0,21.00563940086951,-0.251708984375,4,,,,,
TCGA-A1-A0SK,tcga_mc3_wes,HRD_Score,MuAt-compatible reimplementation,muat_compatible_qkv_attention,33.0,36.63277210990202,0.556640625,2,,,,,
TCGA-A1-A0SO,tcga_mc3_wes,HRD_Score,MuAt-compatible reimplementation,muat_compatible_qkv_attention,82.0,61.462037712987076,1.802734375,2,,,,,
TCGA-A1-A0SQ,tcga_mc3_wes,HRD_Score,MuAt-compatible reimplementation,muat_compatible_qkv_attention,8.0,9.14487149796221,-0.837890625,4,,,,,
TCGA-A2-A04N,tcga_mc3_wes,HRD_Score,MuAt-compatible reimplementation,muat_compatible_qkv_attention,7.0,11.355957048454151,-0.7119140625,2,,,,,
TCGA-A2-A04P,tcga_mc3_wes,HRD_Score,MuAt-compatible reimplementation,muat_compatible_qkv_attention,83.0,52.33445983100488,1.3623046875,5,,,,,
TCGA-A2-A04Q,tcga_mc3_wes,HRD_Score,MuAt-compatible reimplementation,muat_compatible_qkv_attention,16.0,26.70878993400289,0.03759765625,1,,,,,
TCGA-A2-A04R,tcga_mc3_wes,HRD_Score,MuAt-compatible reimplementation,muat_compatible_qkv_attention,36.0,28.08867851636397,0.074951171875,3,,,,,
TCGA-A2-A04T,tcga_mc3_wes,HRD_Score,MuAt-compatible reimplementation,muat_compatible_qkv_attention,77.0,43.509571867738956,0.87158203125,1,,,,,
TCGA-A2-A04U,tcga_mc3_wes,HRD_Score,MuAt-compatible reimplementation,muat_compatible_qkv_attention,59.0,57.92007862003599,1.5869140625,1,,,,,
TCGA-A2-A04V,tcga_mc3_wes,HRD_Score,MuAt-compatible reimplementation,muat_compatible_qkv_attention,10.0,21.45677106609353,-0.253662109375,3,,,,,
TCGA-A2-A04W,tcga_mc3_wes,HRD_Score,MuAt-compatible reimplementation,muat_compatible_qkv_attention,22.0,32.62163160273009,0.299560546875,3,,,,,
TCGA-A2-A04Y,tcga_mc3_wes,HRD_Score,MuAt-compatible reimplementation,muat_compatible_qkv_attention,20.0,28.01416270876194,0.09466552734375,4,,,,,
TCGA-A2-A0CM,tcga_mc3_wes,HRD_Score,MuAt-compatible reimplementation,muat_compatible_qkv_attention,40.0,34.858349554670525,0.442138671875,1,,,,,
TCGA-A2-A0CP,tcga_mc3_wes,HRD_Score,MuAt-compatible reimplementation,muat_compatible_qkv_attention,5.0,7.316158515641025,-0.923828125,5,,,,,
TCGA-A2-A0CR,tcga_mc3_wes,HRD_Score,MuAt-compatible reimplementation,muat_compatible_qkv_attention,2.0,9.653323239465168,-0.79736328125,2,,,,,
TCGA-A2-A0CS,tcga_mc3_wes,HRD_Score,MuAt-compatible reimplementation,muat_compatible_qkv_attention,3.0,17.198423347299205,-0.418701171875,2,,,,,
TCGA-A2-A0CT,tcga_mc3_wes,HRD_Score,MuAt-compatible reimplementation,muat_compatible_qkv_attention,30.0,33.61850008936546,0.411865234375,5,,,,,
TCGA-A2-A0CU,tcga_mc3_wes,HRD_Score,MuAt-compatible reimplementation,muat_compatible_qkv_attention,21.0,23.215753948520387,-0.16650390625,3,,,,,
TCGA-A2-A0CV,tcga_mc3_wes,HRD_Score,MuAt-compatible reimplementation,muat_compatible_qkv_attention,3.0,19.833060091098023,-0.3037109375,1,,,,,
TCGA-A2-A0CW,tcga_mc3_wes,HRD_Score,MuAt-compatible reimplementation,muat_compatible_qkv_attention,44.0,27.385455700710054,0.0953369140625,5,,,,,
TCGA-A2-A0CX,tcga_mc3_wes,HRD_Score,MuAt-compatible reimplementation,muat_compatible_qkv_attention,21.0,24.6673627803583,-0.042694091796875,5,,,,,
TCGA-A2-A0D0,tcga_mc3_wes,HRD_Score,MuAt-compatible reimplementation,muat_compatible_qkv_attention,62.0,69.05091983305226,2.18359375,2,,,,,
TCGA-A2-A0D1,tcga_mc3_wes,HRD_Score,MuAt-compatible reimplementation,muat_compatible_qkv_attention,30.0,21.967585664646457,-0.19775390625,1,,,,,
TCGA-A2-A0D3,tcga_mc3_wes,HRD_Score,MuAt-compatible reimplementation,muat_compatible_qkv_attention,4.0,13.778524264695674,-0.60888671875,4,,,,,
TCGA-A2-A0D4,tcga_mc3_wes,HRD_Score,MuAt-compatible reimplementation,muat_compatible_qkv_attention,31.0,40.13278867141565,0.74267578125,5,,,,,
TCGA-A2-A0EM,tcga_mc3_wes,HRD_Score,MuAt-compatible reimplementation,muat_compatible_qkv_attention,8.0,6.84501439679164,-0.94775390625,5,,,,,
TCGA-A2-A0EN,tcga_mc3_wes,HRD_Score,MuAt-compatible reimplementation,muat_compatible_qkv_attention,7.0,15.30825933611056,-0.5283203125,1,,,,,
TCGA-A2-A0ES,tcga_mc3_wes,HRD_Score,MuAt-compatible reimplementation,muat_compatible_qkv_attention,1.0,28.203234124253115,0.08062744140625,3,,,,,
TCGA-A2-A0EU,tcga_mc3_wes,HRD_Score,MuAt-compatible reimplementation,muat_compatible_qkv_attention,3.0,7.370126637918801,-0.95166015625,3,,,,,
TCGA-A2-A0EV,tcga_mc3_wes,HRD_Score,MuAt-compatible reimplementation,muat_compatible_qkv_attention,25.0,30.749324893144085,0.206787109375,3,,,,,
TCGA-A2-A0EW,tcga_mc3_wes,HRD_Score,MuAt-compatible reimplementation,muat_compatible_qkv_attention,8.0,19.256904774618288,-0.338134765625,4,,,,,
TCGA-A2-A0EX,tcga_mc3_wes,HRD_Score,MuAt-compatible reimplementation,muat_compatible_qkv_attention,10.0,12.632293916439476,-0.69091796875,3,,,,,
TCGA-A2-A0EY,tcga_mc3_wes,HRD_Score,MuAt-compatible reimplementation,muat_compatible_qkv_attention,49.0,31.164735025327502,0.2587890625,1,,,,,
TCGA-A2-A0SU,tcga_mc3_wes,HRD_Score,MuAt-compatible reimplementation,muat_compatible_qkv_attention,18.0,25.110232711246226,-0.0726318359375,3,,,,,
TCGA-A2-A0SV,tcga_mc3_wes,HRD_Score,MuAt-compatible reimplementation,muat_compatible_qkv_attention,35.0,38.103984404533605,0.6396484375,5,,,,,
TCGA-A2-A0SW,tcga_mc3_wes,HRD_Score,MuAt-compatible reimplementation,muat_compatible_qkv_attention,32.0,20.48896347122592,-0.2548828125,5,,,,,
TCGA-A2-A0SX,tcga_mc3_wes,HRD_Score,MuAt-compatible reimplementation,muat_compatible_qkv_attention,36.0,42.84541166165369,0.80615234375,3,,,,,
TCGA-A2-A0SY,tcga_mc3_wes,HRD_Score,MuAt-compatible reimplementation,muat_compatible_qkv_attention,10.0,20.564961817580194,-0.2978515625,3,,,,,
TCGA-A2-A0T0,tcga_mc3_wes,HRD_Score,MuAt-compatible reimplementation,muat_compatible_qkv_attention,70.0,74.38259598920061,2.451171875,2,,,,,
TCGA-A2-A0T1,tcga_mc3_wes,HRD_Score,MuAt-compatible reimplementation,muat_compatible_qkv_attention,31.0,27.98825702826367,0.122802734375,2,,,,,
TCGA-A2-A0T2,tcga_mc3_wes,HRD_Score,MuAt-compatible reimplementation,muat_compatible_qkv_attention,26.0,10.032767345468427,-0.7783203125,2,,,,,
TCGA-A2-A0T3,tcga_mc3_wes,HRD_Score,MuAt-compatible reimplementation,muat_compatible_qkv_attention,39.0,12.922380152724015,-0.63330078125,2,,,,,
TCGA-A2-A0T4,tcga_mc3_wes,HRD_Score,MuAt-compatible reimplementation,muat_compatible_qkv_attention,15.0,13.01967351323767,-0.62841796875,2,,,,,
TCGA-A2-A0T5,tcga_mc3_wes,HRD_Score,MuAt-compatible reimplementation,muat_compatible_qkv_attention,3.0,10.353835435163491,-0.76220703125,2,,,,,
TCGA-A2-A0T6,tcga_mc3_wes,HRD_Score,MuAt-compatible reimplementation,muat_compatible_qkv_attention,4.0,2.541178585916903,-1.154296875,2,,,,,
TCGA-A2-A0T7,tcga_mc3_wes,HRD_Score,MuAt-compatible reimplementation,muat_compatible_qkv_attention,23.0,11.31843995996938,-0.73046875,4,,,,,
TCGA-A2-A0YC,tcga_mc3_wes,HRD_Score,MuAt-compatible reimplementation,muat_compatible_qkv_attention,6.0,28.730195488676635,0.137939453125,1,,,,,
TCGA-A2-A0YD,tcga_mc3_wes,HRD_Score,MuAt-compatible reimplementation,muat_compatible_qkv_attention,8.0,15.963029010334585,-0.52587890625,3,,,,,
TCGA-A2-A0YE,tcga_mc3_wes,HRD_Score,MuAt-compatible reimplementation,muat_compatible_qkv_attention,40.0,28.31460237585442,0.1173095703125,1,,,,,
TCGA-A2-A0YF,tcga_mc3_wes,HRD_Score,MuAt-compatible reimplementation,muat_compatible_qkv_attention,14.0,17.265727488811656,-0.43115234375,1,,,,,
TCGA-A2-A0YG,tcga_mc3_wes,HRD_Score,MuAt-compatible reimplementation,muat_compatible_qkv_attention,29.0,34.657716891474806,0.45751953125,2,,,,,
TCGA-A2-A0YH,tcga_mc3_wes,HRD_Score,MuAt-compatible reimplementation,muat_compatible_qkv_attention,21.0,43.43357800980659,0.89794921875,2,,,,,
TCGA-A2-A0YJ,tcga_mc3_wes,HRD_Score,MuAt-compatible reimplementation,muat_compatible_qkv_attention,25.0,35.92069407975454,0.494873046875,1,,,,,
TCGA-A2-A0YK,tcga_mc3_wes,HRD_Score,MuAt-compatible reimplementation,muat_compatible_qkv_attention,6.0,17.465801500923355,-0.451416015625,3,,,,,
TCGA-A2-A0YL,tcga_mc3_wes,HRD_Score,MuAt-compatible reimplementation,muat_compatible_qkv_attention,8.0,20.04185731762395,-0.277587890625,5,,,,,
TCGA-A2-A0YM,tcga_mc3_wes,HRD_Score,MuAt-compatible reimplementation,muat_compatible_qkv_attention,36.0,40.95207578883299,0.74462890625,1,,,,,
TCGA-A2-A0YT,tcga_mc3_wes,HRD_Score,MuAt-compatible reimplementation,muat_compatible_qkv_attention,44.0,15.30990204474618,-0.533203125,4,,,,,
TCGA-A2-A1FV,tcga_mc3_wes,HRD_Score,MuAt-compatible reimplementation,muat_compatible_qkv_attention,34.0,17.69853451754959,-0.40966796875,1,,,,,
TCGA-A2-A1FX,tcga_mc3_wes,HRD_Score,MuAt-compatible reimplementation,muat_compatible_qkv_attention,17.0,17.29081330216635,-0.435302734375,4,,,,,
TCGA-A2-A1FZ,tcga_mc3_wes,HRD_Score,MuAt-compatible reimplementation,muat_compatible_qkv_attention,4.0,21.42411774787894,-0.2247314453125,1,,,,,
TCGA-A2-A1G0,tcga_mc3_wes,HRD_Score,MuAt-compatible reimplementation,muat_compatible_qkv_attention,10.0,11.506157236233635,-0.72119140625,4,,,,,
TCGA-A2-A1G1,tcga_mc3_wes,HRD_Score,MuAt-compatible reimplementation,muat_compatible_qkv_attention,17.0,34.64478149996449,0.42236328125,4,,,,,
TCGA-A2-A1G4,tcga_mc3_wes,HRD_Score,MuAt-compatible reimplementation,muat_compatible_qkv_attention,11.0,16.623658659441155,-0.451171875,5,,,,,
TCGA-A2-A259,tcga_mc3_wes,HRD_Score,MuAt-compatible reimplementation,muat_compatible_qkv_attention,8.0,12.681565145639107,-0.6884765625,3,,,,,
TCGA-A2-A25A,tcga_mc3_wes,HRD_Score,MuAt-compatible reimplementation,muat_compatible_qkv_attention,6.0,38.489835000406245,0.59033203125,3,,,,,
TCGA-A2-A25C,tcga_mc3_wes,HRD_Score,MuAt-compatible reimplementation,muat_compatible_qkv_attention,14.0,22.356713370950274,-0.1600341796875,5,,,,,
TCGA-A2-A25D,tcga_mc3_wes,HRD_Score,MuAt-compatible reimplementation,muat_compatible_qkv_attention,33.0,33.320880709469215,0.35693359375,4,,,,,
TCGA-A2-A25E,tcga_mc3_wes,HRD_Score,MuAt-compatible reimplementation,muat_compatible_qkv_attention,53.0,44.552243346062156,0.92333984375,1,,,,,
TCGA-A2-A3KD,tcga_mc3_wes,HRD_Score,MuAt-compatible reimplementation,muat_compatible_qkv_attention,13.0,12.858941570757782,-0.6796875,3,,,,,
TCGA-A2-A3XU,tcga_mc3_wes,HRD_Score,MuAt-compatible reimplementation,muat_compatible_qkv_attention,10.0,-1.389473178834809,-1.3515625,2,,,,,
TCGA-A2-A3Y0,tcga_mc3_wes,HRD_Score,MuAt-compatible reimplementation,muat_compatible_qkv_attention,55.0,43.472495354012054,0.89990234375,2,,,,,
TCGA-A2-A4S1,tcga_mc3_wes,HRD_Score,MuAt-compatible reimplementation,muat_compatible_qkv_attention,29.0,42.27016992180761,0.81005859375,1,,,,,
TCGA-A2-A4S3,tcga_mc3_wes,HRD_Score,MuAt-compatible reimplementation,muat_compatible_qkv_attention,65.0,45.853824400301065,1.033203125,5,,,,,
TCGA-A7-A0CE,tcga_mc3_wes,HRD_Score,MuAt-compatible reimplementation,muat_compatible_qkv_attention,50.0,38.517685304995446,0.61376953125,4,,,,,
TCGA-A7-A0CG,tcga_mc3_wes,HRD_Score,MuAt-compatible reimplementation,muat_compatible_qkv_attention,11.0,19.04121995897522,-0.343017578125,1,,,,,
TCGA-A7-A0CH,tcga_mc3_wes,HRD_Score,MuAt-compatible reimplementation,muat_compatible_qkv_attention,4.0,27.421669251073954,0.041900634765625,3,,,,,
TCGA-A7-A0CJ,tcga_mc3_wes,HRD_Score,MuAt-compatible reimplementation,muat_compatible_qkv_attention,54.0,12.912196825239864,-0.6396484375,5,,,,,
TCGA-A7-A0D9,tcga_mc3_wes,HRD_Score,MuAt-compatible reimplementation,muat_compatible_qkv_attention,16.0,22.68362467316436,-0.19287109375,3,,,,,
TCGA-A7-A0DA,tcga_mc3_wes,HRD_Score,MuAt-compatible reimplementation,muat_compatible_qkv_attention,74.0,68.62282904679216,2.162109375,2,,,,,
TCGA-A7-A0DB,tcga_mc3_wes,HRD_Score,MuAt-compatible reimplementation,muat_compatible_qkv_attention,4.0,10.353835435163491,-0.76220703125,2,,,,,
TCGA-A7-A13D,tcga_mc3_wes,HRD_Score,MuAt-compatible reimplementation,muat_compatible_qkv_attention,46.0,57.99877080707925,1.5908203125,1,,,,,
TCGA-A7-A13E,tcga_mc3_wes,HRD_Score,MuAt-compatible reimplementation,muat_compatible_qkv_attention,31.0,30.575293689042383,0.25732421875,5,,,,,
TCGA-A7-A13F,tcga_mc3_wes,HRD_Score,MuAt-compatible reimplementation,muat_compatible_qkv_attention,9.0,32.996092944647295,0.318115234375,3,,,,,
TCGA-A7-A26E,tcga_mc3_wes,HRD_Score,MuAt-compatible reimplementation,muat_compatible_qkv_attention,4.0,20.85605852266041,-0.2529296875,1,,,,,
TCGA-A7-A26H,tcga_mc3_wes,HRD_Score,MuAt-compatible reimplementation,muat_compatible_qkv_attention,18.0,28.23639967046864,0.1385498046875,5,,,,,
TCGA-A7-A26I,tcga_mc3_wes,HRD_Score,MuAt-compatible reimplementation,muat_compatible_qkv_attention,38.0,36.604332454692866,0.52880859375,1,,,,,
TCGA-A7-A26J,tcga_mc3_wes,HRD_Score,MuAt-compatible reimplementation,muat_compatible_qkv_attention,15.0,46.0283330679499,0.9638671875,3,,,,,
TCGA-A7-A4SE,tcga_mc3_wes,HRD_Score,MuAt-compatible reimplementation,muat_compatible_qkv_attention,60.0,65.55322076323223,1.9658203125,1,,,,,
TCGA-A7-A56D,tcga_mc3_wes,HRD_Score,MuAt-compatible reimplementation,muat_compatible_qkv_attention,34.0,32.570774308456876,0.352783203125,2,,,,,
TCGA-A7-A5ZV,tcga_mc3_wes,HRD_Score,MuAt-compatible reimplementation,muat_compatible_qkv_attention,55.0,53.28105800613571,1.3232421875,3,,,,,
TCGA-A7-A5ZW,tcga_mc3_wes,HRD_Score,MuAt-compatible reimplementation,muat_compatible_qkv_attention,4.0,12.017551899947012,-0.6787109375,2,,,,,
TCGA-A7-A5ZX,tcga_mc3_wes,HRD_Score,MuAt-compatible reimplementation,muat_compatible_qkv_attention,6.0,32.377354399825194,0.310302734375,4,,,,,
TCGA-A7-A6VW,tcga_mc3_wes,HRD_Score,MuAt-compatible reimplementation,muat_compatible_qkv_attention,48.0,41.29829506478525,0.7294921875,3,,,,,
TCGA-A7-A6VX,tcga_mc3_wes,HRD_Score,MuAt-compatible reimplementation,muat_compatible_qkv_attention,68.0,22.841438257091262,-0.135498046875,2,,,,,
TCGA-A7-A6VY,tcga_mc3_wes,HRD_Score,MuAt-compatible reimplementation,muat_compatible_qkv_attention,76.0,38.991918423978824,0.63720703125,4,,,,,
TCGA-A8-A06P,tcga_mc3_wes,HRD_Score,MuAt-compatible reimplementation,muat_compatible_qkv_attention,8.0,11.141911655324106,-0.72265625,2,,,,,
TCGA-A8-A06Q,tcga_mc3_wes,HRD_Score,MuAt-compatible reimplementation,muat_compatible_qkv_attention,38.0,14.469344584891148,-0.5556640625,2,,,,,
TCGA-A8-A06R,tcga_mc3_wes,HRD_Score,MuAt-compatible reimplementation,muat_compatible_qkv_attention,63.0,21.60090076376011,-0.2222900390625,4,,,,,
TCGA-A8-A06U,tcga_mc3_wes,HRD_Score,MuAt-compatible reimplementation,muat_compatible_qkv_attention,67.0,31.25316430901956,0.291748046875,5,,,,,
TCGA-A8-A06X,tcga_mc3_wes,HRD_Score,MuAt-compatible reimplementation,muat_compatible_qkv_attention,59.0,51.44764623572783,1.265625,1,,,,,
TCGA-A8-A06Y,tcga_mc3_wes,HRD_Score,MuAt-compatible reimplementation,muat_compatible_qkv_attention,4.0,22.66637974294449,-0.1937255859375,3,,,,,
TCGA-A8-A06Z,tcga_mc3_wes,HRD_Score,MuAt-compatible reimplementation,muat_compatible_qkv_attention,31.0,46.04612812228041,1.04296875,5,,,,,
TCGA-A8-A075,tcga_mc3_wes,HRD_Score,MuAt-compatible reimplementation,muat_compatible_qkv_attention,55.0,28.889765003968236,0.137939453125,4,,,,,
TCGA-A8-A076,tcga_mc3_wes,HRD_Score,MuAt-compatible reimplementation,muat_compatible_qkv_attention,21.0,23.698611994676778,-0.142578125,3,,,,,
TCGA-A8-A079,tcga_mc3_wes,HRD_Score,MuAt-compatible reimplementation,muat_compatible_qkv_attention,31.0,38.44051591799745,0.65673828125,5,,,,,
TCGA-A8-A07B,tcga_mc3_wes,HRD_Score,MuAt-compatible reimplementation,muat_compatible_qkv_attention,29.0,37.193784514500166,0.54833984375,4,,,,,
TCGA-A8-A07I,tcga_mc3_wes,HRD_Score,MuAt-compatible reimplementation,muat_compatible_qkv_attention,25.0,22.436038656266753,-0.156005859375,5,,,,,
TCGA-A8-A07J,tcga_mc3_wes,HRD_Score,MuAt-compatible reimplementation,muat_compatible_qkv_attention,13.0,17.767865805218236,-0.39306640625,5,,,,,
TCGA-A8-A07L,tcga_mc3_wes,HRD_Score,MuAt-compatible reimplementation,muat_compatible_qkv_attention,71.0,43.18080266478822,0.8974609375,5,,,,,
TCGA-A8-A07O,tcga_mc3_wes,HRD_Score,MuAt-compatible reimplementation,muat_compatible_qkv_attention,23.0,26.969457803583687,0.050537109375,1,,,,,
TCGA-A8-A07P,tcga_mc3_wes,HRD_Score,MuAt-compatible reimplementation,muat_compatible_qkv_attention,23.0,16.40250937916491,-0.46240234375,5,,,,,
TCGA-A8-A07U,tcga_mc3_wes,HRD_Score,MuAt-compatible reimplementation,muat_compatible_qkv_attention,33.0,35.271483536647644,0.462646484375,1,,,,,
TCGA-A8-A07W,tcga_mc3_wes,HRD_Score,MuAt-compatible reimplementation,muat_compatible_qkv_attention,24.0,70.880035010709,2.275390625,2,,,,,
TCGA-A8-A07Z,tcga_mc3_wes,HRD_Score,MuAt-compatible reimplementation,muat_compatible_qkv_attention,11.0,16.987870577686927,-0.47509765625,3,,,,,
TCGA-A8-A081,tcga_mc3_wes,HRD_Score,MuAt-compatible reimplementation,muat_compatible_qkv_attention,33.0,23.943285564908418,-0.0802001953125,2,,,,,
TCGA-A8-A082,tcga_mc3_wes,HRD_Score,MuAt-compatible reimplementation,muat_compatible_qkv_attention,12.0,4.581375065219639,-1.08984375,3,,,,,
TCGA-A8-A083,tcga_mc3_wes,HRD_Score,MuAt-compatible reimplementation,muat_compatible_qkv_attention,8.0,25.67016671962012,-0.02117919921875,4,,,,,
TCGA-A8-A08B,tcga_mc3_wes,HRD_Score,MuAt-compatible reimplementation,muat_compatible_qkv_attention,26.0,22.683629698315155,-0.1434326171875,5,,,,,
TCGA-A8-A08G,tcga_mc3_wes,HRD_Score,MuAt-compatible reimplementation,muat_compatible_qkv_attention,24.0,30.436452587726425,0.1912841796875,3,,,,,
TCGA-A8-A08H,tcga_mc3_wes,HRD_Score,MuAt-compatible reimplementation,muat_compatible_qkv_attention,0.0,7.16261321031557,-0.92236328125,2,,,,,
TCGA-A8-A08L,tcga_mc3_wes,HRD_Score,MuAt-compatible reimplementation,muat_compatible_qkv_attention,79.0,43.38493132954976,0.8955078125,2,,,,,
TCGA-A8-A08O,tcga_mc3_wes,HRD_Score,MuAt-compatible reimplementation,muat_compatible_qkv_attention,25.0,17.325567244665752,-0.41552734375,5,,,,,
TCGA-A8-A08R,tcga_mc3_wes,HRD_Score,MuAt-compatible reimplementation,muat_compatible_qkv_attention,85.0,70.62254379124025,2.291015625,5,,,,,
TCGA-A8-A08T,tcga_mc3_wes,HRD_Score,MuAt-compatible reimplementation,muat_compatible_qkv_attention,12.0,14.998692208715719,-0.53369140625,5,,,,,
TCGA-A8-A08X,tcga_mc3_wes,HRD_Score,MuAt-compatible reimplementation,muat_compatible_qkv_attention,35.0,26.05996363009054,0.005390167236328125,1,,,,,
TCGA-A8-A08Z,tcga_mc3_wes,HRD_Score,MuAt-compatible reimplementation,muat_compatible_qkv_attention,13.0,16.150259681293186,-0.5166015625,3,,,,,
TCGA-A8-A090,tcga_mc3_wes,HRD_Score,MuAt-compatible reimplementation,muat_compatible_qkv_attention,13.0,24.18393360229315,-0.1185302734375,3,,,,,
TCGA-A8-A091,tcga_mc3_wes,HRD_Score,MuAt-compatible reimplementation,muat_compatible_qkv_attention,11.0,14.96023146431985,-0.53564453125,5,,,,,
TCGA-A8-A092,tcga_mc3_wes,HRD_Score,MuAt-compatible reimplementation,muat_compatible_qkv_attention,13.0,11.72570329916625,-0.73583984375,3,,,,,
TCGA-A8-A093,tcga_mc3_wes,HRD_Score,MuAt-compatible reimplementation,muat_compatible_qkv_attention,7.0,11.921832657046256,-0.68994140625,5,,,,,
TCGA-A8-A094,tcga_mc3_wes,HRD_Score,MuAt-compatible reimplementation,muat_compatible_qkv_attention,39.0,33.01891968253432,0.350830078125,1,,,,,
TCGA-A8-A095,tcga_mc3_wes,HRD_Score,MuAt-compatible reimplementation,muat_compatible_qkv_attention,6.0,21.462582770723287,-0.2291259765625,4,,,,,
TCGA-A8-A096,tcga_mc3_wes,HRD_Score,MuAt-compatible reimplementation,muat_compatible_qkv_attention,6.0,17.426384517563648,-0.453369140625,3,,,,,
TCGA-A8-A097,tcga_mc3_wes,HRD_Score,MuAt-compatible reimplementation,muat_compatible_qkv_attention,51.0,42.252271116989576,0.79833984375,4,,,,,
TCGA-A8-A099,tcga_mc3_wes,HRD_Score,MuAt-compatible reimplementation,muat_compatible_qkv_attention,12.0,22.85070262941423,-0.1605224609375,4,,,,,
TCGA-A8-A09A,tcga_mc3_wes,HRD_Score,MuAt-compatible reimplementation,muat_compatible_qkv_attention,70.0,55.46901049926814,1.521484375,5,,,,,
TCGA-A8-A09B,tcga_mc3_wes,HRD_Score,MuAt-compatible reimplementation,muat_compatible_qkv_attention,13.0,16.70504565612843,-0.458984375,1,,,,,
TCGA-A8-A09C,tcga_mc3_wes,HRD_Score,MuAt-compatible reimplementation,muat_compatible_qkv_attention,24.0,19.679404040397436,-0.294189453125,2,,,,,
TCGA-A8-A09D,tcga_mc3_wes,HRD_Score,MuAt-compatible reimplementation,muat_compatible_qkv_attention,24.0,31.78935425998338,0.289794921875,1,,,,,
TCGA-A8-A09G,tcga_mc3_wes,HRD_Score,MuAt-compatible reimplementation,muat_compatible_qkv_attention,10.0,34.33850594395439,0.4072265625,4,,,,,
TCGA-A8-A09M,tcga_mc3_wes,HRD_Score,MuAt-compatible reimplementation,muat_compatible_qkv_attention,51.0,45.88051938035101,0.95654296875,3,,,,,
TCGA-A8-A09N,tcga_mc3_wes,HRD_Score,MuAt-compatible reimplementation,muat_compatible_qkv_attention,22.0,20.384780904121442,-0.2587890625,2,,,,,
TCGA-A8-A09Q,tcga_mc3_wes,HRD_Score,MuAt-compatible reimplementation,muat_compatible_qkv_attention,46.0,33.94060882368086,0.42822265625,5,,,,,
TCGA-A8-A09T,tcga_mc3_wes,HRD_Score,MuAt-compatible reimplementation,muat_compatible_qkv_attention,10.0,10.518171571684922,-0.77001953125,4,,,,,
TCGA-A8-A09V,tcga_mc3_wes,HRD_Score,MuAt-compatible reimplementation,muat_compatible_qkv_attention,4.0,21.38107395339802,-0.233154296875,4,,,,,
TCGA-A8-A09W,tcga_mc3_wes,HRD_Score,MuAt-compatible reimplementation,muat_compatible_qkv_attention,56.0,33.35336147746818,0.367431640625,1,,,,,
TCGA-A8-A09X,tcga_mc3_wes,HRD_Score,MuAt-compatible reimplementation,muat_compatible_qkv_attention,26.0,18.170687639809152,-0.38623046875,1,,,,,
TCGA-A8-A09Z,tcga_mc3_wes,HRD_Score,MuAt-compatible reimplementation,muat_compatible_qkv_attention,10.0,38.93558849584945,0.64453125,1,,,,,
TCGA-A8-A0A1,tcga_mc3_wes,HRD_Score,MuAt-compatible reimplementation,muat_compatible_qkv_attention,18.0,25.40022493305305,-0.0273590087890625,1,,,,,
TCGA-A8-A0A2,tcga_mc3_wes,HRD_Score,MuAt-compatible reimplementation,muat_compatible_qkv_attention,14.0,22.609717829364914,-0.196533203125,3,,,,,
TCGA-A8-A0A4,tcga_mc3_wes,HRD_Score,MuAt-compatible reimplementation,muat_compatible_qkv_attention,28.0,9.925744648903404,-0.78369140625,2,,,,,
TCGA-A8-A0A6,tcga_mc3_wes,HRD_Score,MuAt-compatible reimplementation,muat_compatible_qkv_attention,14.0,12.247978328682347,-0.7099609375,3,,,,,
TCGA-A8-A0A7,tcga_mc3_wes,HRD_Score,MuAt-compatible reimplementation,muat_compatible_qkv_attention,21.0,22.76245863988377,-0.18896484375,3,,,,,
TCGA-A8-A0AB,tcga_mc3_wes,HRD_Score,MuAt-compatible reimplementation,muat_compatible_qkv_attention,18.0,47.43071492053166,1.11328125,5,,,,,
TCGA-A8-A0AD,tcga_mc3_wes,HRD_Score,MuAt-compatible reimplementation,muat_compatible_qkv_attention,8.0,17.642868385931664,-0.3994140625,5,,,,,
TCGA-AC-A23C,tcga_mc3_wes,HRD_Score,MuAt-compatible reimplementation,muat_compatible_qkv_attention,26.0,5.090264631374694,-1.0263671875,2,,,,,
TCGA-AC-A23E,tcga_mc3_wes,HRD_Score,MuAt-compatible reimplementation,muat_compatible_qkv_attention,8.0,17.391894657123906,-0.455078125,3,,,,,
TCGA-AC-A23H,tcga_mc3_wes,HRD_Score,MuAt-compatible reimplementation,muat_compatible_qkv_attention,21.0,49.970031403920444,1.1591796875,3,,,,,
TCGA-AC-A2B8,tcga_mc3_wes,HRD_Score,MuAt-compatible reimplementation,muat_compatible_qkv_attention,19.0,24.57440809370023,-0.09918212890625,3,,,,,
TCGA-AC-A2FB,tcga_mc3_wes,HRD_Score,MuAt-compatible reimplementation,muat_compatible_qkv_attention,8.0,19.287133043485404,-0.330810546875,1,,,,,
TCGA-AC-A2FG,tcga_mc3_wes,HRD_Score,MuAt-compatible reimplementation,muat_compatible_qkv_attention,10.0,18.115781332064522,-0.39453125,4,,,,,
TCGA-AC-A2FO,tcga_mc3_wes,HRD_Score,MuAt-compatible reimplementation,muat_compatible_qkv_attention,22.0,18.308398967134856,-0.37939453125,1,,,,,
TCGA-AC-A2QH,tcga_mc3_wes,HRD_Score,MuAt-compatible reimplementation,muat_compatible_qkv_attention,40.0,33.3444672855449,0.39794921875,5,,,,,
TCGA-AC-A3OD,tcga_mc3_wes,HRD_Score,MuAt-compatible reimplementation,muat_compatible_qkv_attention,25.0,11.051683830541227,-0.74365234375,4,,,,,
TCGA-AC-A3QQ,tcga_mc3_wes,HRD_Score,MuAt-compatible reimplementation,muat_compatible_qkv_attention,14.0,19.138346494872444,-0.343994140625,4,,,,,
TCGA-AC-A3YI,tcga_mc3_wes,HRD_Score,MuAt-compatible reimplementation,muat_compatible_qkv_attention,3.0,25.637434863682287,-0.0465087890625,3,,,,,
TCGA-AC-A4ZE,tcga_mc3_wes,HRD_Score,MuAt-compatible reimplementation,muat_compatible_qkv_attention,13.0,41.137454701684305,0.78271484375,2,,,,,
TCGA-AC-A5EH,tcga_mc3_wes,HRD_Score,MuAt-compatible reimplementation,muat_compatible_qkv_attention,37.0,29.9049362303827,0.218994140625,2,,,,,
TCGA-AC-A5XS,tcga_mc3_wes,HRD_Score,MuAt-compatible reimplementation,muat_compatible_qkv_attention,25.0,28.774459843888472,0.14013671875,1,,,,,
TCGA-AC-A5XU,tcga_mc3_wes,HRD_Score,MuAt-compatible reimplementation,muat_compatible_qkv_attention,23.0,28.936762479665195,0.148193359375,1,,,,,
TCGA-AC-A62Y,tcga_mc3_wes,HRD_Score,MuAt-compatible reimplementation,muat_compatible_qkv_attention,15.0,29.309658911401442,0.15869140625,4,,,,,
TCGA-AC-A6IV,tcga_mc3_wes,HRD_Score,MuAt-compatible reimplementation,muat_compatible_qkv_attention,12.0,4.4092111077791,-1.060546875,2,,,,,
TCGA-AC-A6IW,tcga_mc3_wes,HRD_Score,MuAt-compatible reimplementation,muat_compatible_qkv_attention,31.0,38.87336014423298,0.63134765625,4,,,,,
TCGA-AC-A6IX,tcga_mc3_wes,HRD_Score,MuAt-compatible reimplementation,muat_compatible_qkv_attention,24.0,2.4633438975059754,-1.158203125,2,,,,,
TCGA-AC-A6NO,tcga_mc3_wes,HRD_Score,MuAt-compatible reimplementation,muat_compatible_qkv_attention,6.0,17.29575323048909,-0.43505859375,4,,,,,
TCGA-AC-A7VB,tcga_mc3_wes,HRD_Score,MuAt-compatible reimplementation,muat_compatible_qkv_attention,24.0,5.816189484202162,-1.0,5,,,,,
TCGA-AC-A7VC,tcga_mc3_wes,HRD_Score,MuAt-compatible reimplementation,muat_compatible_qkv_attention,8.0,22.424950719866295,-0.2056884765625,3,,,,,
TCGA-AC-A8OP,tcga_mc3_wes,HRD_Score,MuAt-compatible reimplementation,muat_compatible_qkv_attention,36.0,40.45640117808871,0.74853515625,2,,,,,
TCGA-AC-A8OQ,tcga_mc3_wes,HRD_Score,MuAt-compatible reimplementation,muat_compatible_qkv_attention,71.0,27.507820055680725,0.06964111328125,4,,,,,
TCGA-AC-A8OR,tcga_mc3_wes,HRD_Score,MuAt-compatible reimplementation,muat_compatible_qkv_attention,4.0,38.0824431815555,0.62939453125,2,,,,,
TCGA-AC-A8OS,tcga_mc3_wes,HRD_Score,MuAt-compatible reimplementation,muat_compatible_qkv_attention,7.0,16.799520569193213,-0.438720703125,2,,,,,
TCGA-AN-A03X,tcga_mc3_wes,HRD_Score,MuAt-compatible reimplementation,muat_compatible_qkv_attention,12.0,26.50375989979252,0.0274200439453125,1,,,,,
TCGA-AN-A03Y,tcga_mc3_wes,HRD_Score,MuAt-compatible reimplementation,muat_compatible_qkv_attention,10.0,7.084778521904646,-0.92626953125,2,,,,,
TCGA-AN-A041,tcga_mc3_wes,HRD_Score,MuAt-compatible reimplementation,muat_compatible_qkv_attention,17.0,21.580287093458683,-0.199462890625,5,,,,,
TCGA-AN-A046,tcga_mc3_wes,HRD_Score,MuAt-compatible reimplementation,muat_compatible_qkv_attention,8.0,51.428459788229546,1.2314453125,3,,,,,
TCGA-AN-A049,tcga_mc3_wes,HRD_Score,MuAt-compatible reimplementation,muat_compatible_qkv_attention,40.0,6.588582383284997,-0.951171875,2,,,,,
TCGA-AN-A04C,tcga_mc3_wes,HRD_Score,MuAt-compatible reimplementation,muat_compatible_qkv_attention,35.0,23.932401992918503,-0.08001708984375,5,,,,,
TCGA-AN-A04D,tcga_mc3_wes,HRD_Score,MuAt-compatible reimplementation,muat_compatible_qkv_attention,61.0,41.29829506478525,0.7294921875,3,,,,,
TCGA-AN-A0AJ,tcga_mc3_wes,HRD_Score,MuAt-compatible reimplementation,muat_compatible_qkv_attention,40.0,26.1575542769209,-0.0207366943359375,3,,,,,
TCGA-AN-A0AL,tcga_mc3_wes,HRD_Score,MuAt-compatible reimplementation,muat_compatible_qkv_attention,66.0,43.60581147742131,0.865234375,4,,,,,
TCGA-AN-A0AM,tcga_mc3_wes,HRD_Score,MuAt-compatible reimplementation,muat_compatible_qkv_attention,44.0,55.55931300873818,1.4697265625,1,,,,,
TCGA-AN-A0AR,tcga_mc3_wes,HRD_Score,MuAt-compatible reimplementation,muat_compatible_qkv_attention,75.0,63.777619693212095,1.9189453125,2,,,,,
TCGA-AN-A0AS,tcga_mc3_wes,HRD_Score,MuAt-compatible reimplementation,muat_compatible_qkv_attention,21.0,23.08272162968138,-0.173095703125,3,,,,,
TCGA-AN-A0AT,tcga_mc3_wes,HRD_Score,MuAt-compatible reimplementation,muat_compatible_qkv_attention,67.0,59.12699706065933,1.685546875,2,,,,,
TCGA-AN-A0FJ,tcga_mc3_wes,HRD_Score,MuAt-compatible reimplementation,muat_compatible_qkv_attention,27.0,48.98837506856433,1.1923828125,5,,,,,
TCGA-AN-A0FK,tcga_mc3_wes,HRD_Score,MuAt-compatible reimplementation,muat_compatible_qkv_attention,9.0,12.93210948877538,-0.6328125,2,,,,,
TCGA-AN-A0FN,tcga_mc3_wes,HRD_Score,MuAt-compatible reimplementation,muat_compatible_qkv_attention,3.0,30.216135758624883,0.2034912109375,4,,,,,
TCGA-AN-A0FS,tcga_mc3_wes,HRD_Score,MuAt-compatible reimplementation,muat_compatible_qkv_attention,12.0,14.527720601199341,-0.552734375,2,,,,,
TCGA-AN-A0FT,tcga_mc3_wes,HRD_Score,MuAt-compatible reimplementation,muat_compatible_qkv_attention,57.0,35.52362780004634,0.5009765625,2,,,,,
TCGA-AN-A0FV,tcga_mc3_wes,HRD_Score,MuAt-compatible reimplementation,muat_compatible_qkv_attention,35.0,29.01282594796023,0.177978515625,5,,,,,
TCGA-AN-A0FW,tcga_mc3_wes,HRD_Score,MuAt-compatible reimplementation,muat_compatible_qkv_attention,23.0,32.99978536849088,0.341064453125,4,,,,,
TCGA-AN-A0FX,tcga_mc3_wes,HRD_Score,MuAt-compatible reimplementation,muat_compatible_qkv_attention,59.0,38.30032845879472,0.60302734375,4,,,,,
TCGA-AN-A0FY,tcga_mc3_wes,HRD_Score,MuAt-compatible reimplementation,muat_compatible_qkv_attention,42.0,21.57373115798502,-0.2236328125,4,,,,,
TCGA-AN-A0FZ,tcga_mc3_wes,HRD_Score,MuAt-compatible reimplementation,muat_compatible_qkv_attention,28.0,19.963852821344688,-0.32763671875,3,,,,,
TCGA-AN-A0XN,tcga_mc3_wes,HRD_Score,MuAt-compatible reimplementation,muat_compatible_qkv_attention,71.0,38.25092917556729,0.6005859375,4,,,,,
TCGA-AN-A0XO,tcga_mc3_wes,HRD_Score,MuAt-compatible reimplementation,muat_compatible_qkv_attention,23.0,16.885739179701375,-0.455322265625,4,,,,,
TCGA-AN-A0XP,tcga_mc3_wes,HRD_Score,MuAt-compatible reimplementation,muat_compatible_qkv_attention,5.0,34.809166937768495,0.439697265625,1,,,,,
TCGA-AN-A0XR,tcga_mc3_wes,HRD_Score,MuAt-compatible reimplementation,muat_compatible_qkv_attention,10.0,18.937936463480938,-0.34814453125,1,,,,,
TCGA-AN-A0XS,tcga_mc3_wes,HRD_Score,MuAt-compatible reimplementation,muat_compatible_qkv_attention,9.0,10.992404690668305,-0.74658203125,4,,,,,
TCGA-AN-A0XT,tcga_mc3_wes,HRD_Score,MuAt-compatible reimplementation,muat_compatible_qkv_attention,35.0,18.307567657154884,-0.363037109375,2,,,,,
TCGA-AN-A0XU,tcga_mc3_wes,HRD_Score,MuAt-compatible reimplementation,muat_compatible_qkv_attention,84.0,40.959694675926826,0.78466796875,5,,,,,
TCGA-AN-A0XV,tcga_mc3_wes,HRD_Score,MuAt-compatible reimplementation,muat_compatible_qkv_attention,7.0,28.626911993182357,0.1328125,1,,,,,
TCGA-AN-A0XW,tcga_mc3_wes,HRD_Score,MuAt-compatible reimplementation,muat_compatible_qkv_attention,26.0,30.098944667708945,0.174560546875,3,,,,,
TCGA-AO-A03L,tcga_mc3_wes,HRD_Score,MuAt-compatible reimplementation,muat_compatible_qkv_attention,32.0,23.26108848917005,-0.133544921875,1,,,,,
TCGA-AO-A03O,tcga_mc3_wes,HRD_Score,MuAt-compatible reimplementation,muat_compatible_qkv_attention,46.0,23.13818300665791,-0.12060546875,2,,,,,
TCGA-AO-A03P,tcga_mc3_wes,HRD_Score,MuAt-compatible reimplementation,muat_compatible_qkv_attention,25.0,37.351908231603836,0.56591796875,1,,,,,
TCGA-AO-A03R,tcga_mc3_wes,HRD_Score,MuAt-compatible reimplementation,muat_compatible_qkv_attention,13.0,40.5684513769971,0.7255859375,1,,,,,
TCGA-AO-A03T,tcga_mc3_wes,HRD_Score,MuAt-compatible reimplementation,muat_compatible_qkv_attention,43.0,49.46913437351269,1.216796875,5,,,,,
TCGA-AO-A03V,tcga_mc3_wes,HRD_Score,MuAt-compatible reimplementation,muat_compatible_qkv_attention,41.0,34.927205218333384,0.445556640625,1,,,,,
TCGA-AO-A0J2,tcga_mc3_wes,HRD_Score,MuAt-compatible reimplementation,muat_compatible_qkv_attention,83.0,58.87403432332382,1.6728515625,2,,,,,
TCGA-AO-A0J3,tcga_mc3_wes,HRD_Score,MuAt-compatible reimplementation,muat_compatible_qkv_attention,39.0,28.13766091683053,0.10076904296875,4,,,,,
TCGA-AO-A0J4,tcga_mc3_wes,HRD_Score,MuAt-compatible reimplementation,muat_compatible_qkv_attention,52.0,69.12257475980138,2.21484375,5,,,,,
TCGA-AO-A0J6,tcga_mc3_wes,HRD_Score,MuAt-compatible reimplementation,muat_compatible_qkv_attention,73.0,56.68067667410464,1.525390625,1,,,,,
TCGA-AO-A0J7,tcga_mc3_wes,HRD_Score,MuAt-compatible reimplementation,muat_compatible_qkv_attention,4.0,-2.6451742828888634,-1.4296875,5,,,,,
TCGA-AO-A0J8,tcga_mc3_wes,HRD_Score,MuAt-compatible reimplementation,muat_compatible_qkv_attention,4.0,48.065317203063486,1.1455078125,5,,,,,
TCGA-AO-A0J9,tcga_mc3_wes,HRD_Score,MuAt-compatible reimplementation,muat_compatible_qkv_attention,9.0,22.513512712259075,-0.170654296875,1,,,,,
TCGA-AO-A0JA,tcga_mc3_wes,HRD_Score,MuAt-compatible reimplementation,muat_compatible_qkv_attention,37.0,1.198530210828448,-1.2216796875,2,,,,,
TCGA-AO-A0JB,tcga_mc3_wes,HRD_Score,MuAt-compatible reimplementation,muat_compatible_qkv_attention,68.0,58.872786378302486,1.6943359375,5,,,,,
TCGA-AO-A0JD,tcga_mc3_wes,HRD_Score,MuAt-compatible reimplementation,muat_compatible_qkv_attention,51.0,39.94875040403143,0.69482421875,1,,,,,
TCGA-AO-A0JE,tcga_mc3_wes,HRD_Score,MuAt-compatible reimplementation,muat_compatible_qkv_attention,34.0,28.64421162558982,0.10247802734375,3,,,,,
TCGA-AO-A0JF,tcga_mc3_wes,HRD_Score,MuAt-compatible reimplementation,muat_compatible_qkv_attention,4.0,12.760599780585009,-0.65478515625,1,,,,,
TCGA-AO-A0JG,tcga_mc3_wes,HRD_Score,MuAt-compatible reimplementation,muat_compatible_qkv_attention,16.0,52.007543503639994,1.345703125,5,,,,,
TCGA-AO-A0JI,tcga_mc3_wes,HRD_Score,MuAt-compatible reimplementation,muat_compatible_qkv_attention,14.0,27.410583224504038,0.041351318359375,3,,,,,
TCGA-AO-A0JJ,tcga_mc3_wes,HRD_Score,MuAt-compatible reimplementation,muat_compatible_qkv_attention,10.0,27.7219872141739,0.1124267578125,5,,,,,
TCGA-AO-A0JM,tcga_mc3_wes,HRD_Score,MuAt-compatible reimplementation,muat_compatible_qkv_attention,36.0,32.06477691463479,0.303466796875,1,,,,,
TCGA-AO-A124,tcga_mc3_wes,HRD_Score,MuAt-compatible reimplementation,muat_compatible_qkv_attention,89.0,67.02869927029336,2.0390625,1,,,,,
TCGA-AO-A128,tcga_mc3_wes,HRD_Score,MuAt-compatible reimplementation,muat_compatible_qkv_attention,15.0,34.42421282624203,0.44580078125,2,,,,,
TCGA-AO-A12A,tcga_mc3_wes,HRD_Score,MuAt-compatible reimplementation,muat_compatible_qkv_attention,7.0,3.7307100562352637,-1.10546875,4,,,,,
TCGA-AO-A12D,tcga_mc3_wes,HRD_Score,MuAt-compatible reimplementation,muat_compatible_qkv_attention,26.0,11.921832657046256,-0.68994140625,5,,,,,
TCGA-AO-A12F,tcga_mc3_wes,HRD_Score,MuAt-compatible reimplementation,muat_compatible_qkv_attention,56.0,17.898424485863806,-0.4052734375,4,,,,,
TCGA-AO-A12H,tcga_mc3_wes,HRD_Score,MuAt-compatible reimplementation,muat_compatible_qkv_attention,0.0,26.943433244807274,0.041748046875,4,,,,,
TCGA-AO-A1KP,tcga_mc3_wes,HRD_Score,MuAt-compatible reimplementation,muat_compatible_qkv_attention,16.0,20.946360260996585,-0.254638671875,4,,,,,
TCGA-AO-A1KR,tcga_mc3_wes,HRD_Score,MuAt-compatible reimplementation,muat_compatible_qkv_attention,40.0,73.09832363042035,2.38671875,2,,,,,
TCGA-AO-A1KT,tcga_mc3_wes,HRD_Score,MuAt-compatible reimplementation,muat_compatible_qkv_attention,29.0,30.09952295141001,0.228759765625,2,,,,,
TCGA-AQ-A04H,tcga_mc3_wes,HRD_Score,MuAt-compatible reimplementation,muat_compatible_qkv_attention,25.0,29.818097783748726,0.2188720703125,5,,,,,
TCGA-AQ-A04J,tcga_mc3_wes,HRD_Score,MuAt-compatible reimplementation,muat_compatible_qkv_attention,59.0,36.72592499505942,0.5029296875,3,,,,,
TCGA-AQ-A1H2,tcga_mc3_wes,HRD_Score,MuAt-compatible reimplementation,muat_compatible_qkv_attention,27.0,27.32603177612346,0.0682373046875,1,,,,,
TCGA-AQ-A1H3,tcga_mc3_wes,HRD_Score,MuAt-compatible reimplementation,muat_compatible_qkv_attention,9.0,27.718267952838275,0.1092529296875,2,,,,,
TCGA-AR-A0TP,tcga_mc3_wes,HRD_Score,MuAt-compatible reimplementation,muat_compatible_qkv_attention,70.0,46.06775005130961,0.9658203125,3,,,,,
TCGA-AR-A0TQ,tcga_mc3_wes,HRD_Score,MuAt-compatible reimplementation,muat_compatible_qkv_attention,10.0,13.873715435136571,-0.5908203125,5,,,,,
TCGA-AR-A0TR,tcga_mc3_wes,HRD_Score,MuAt-compatible reimplementation,muat_compatible_qkv_attention,16.0,16.367053089771566,-0.505859375,3,,,,,
TCGA-AR-A0TS,tcga_mc3_wes,HRD_Score,MuAt-compatible reimplementation,muat_compatible_qkv_attention,49.0,57.065131391696674,1.6025390625,5,,,,,
TCGA-AR-A0TT,tcga_mc3_wes,HRD_Score,MuAt-compatible reimplementation,muat_compatible_qkv_attention,38.0,29.800853731051173,0.1597900390625,3,,,,,
TCGA-AR-A0TV,tcga_mc3_wes,HRD_Score,MuAt-compatible reimplementation,muat_compatible_qkv_attention,36.0,35.88134798623291,0.492919921875,1,,,,,
TCGA-AR-A0TW,tcga_mc3_wes,HRD_Score,MuAt-compatible reimplementation,muat_compatible_qkv_attention,58.0,29.506033452276707,0.198974609375,2,,,,,
TCGA-AR-A0TX,tcga_mc3_wes,HRD_Score,MuAt-compatible reimplementation,muat_compatible_qkv_attention,22.0,29.263797332775187,0.1331787109375,3,,,,,
TCGA-AR-A0TY,tcga_mc3_wes,HRD_Score,MuAt-compatible reimplementation,muat_compatible_qkv_attention,35.0,34.710731720794485,0.403076171875,3,,,,,
TCGA-AR-A0TZ,tcga_mc3_wes,HRD_Score,MuAt-compatible reimplementation,muat_compatible_qkv_attention,26.0,19.10160631035113,-0.370361328125,3,,,,,
TCGA-AR-A0U0,tcga_mc3_wes,HRD_Score,MuAt-compatible reimplementation,muat_compatible_qkv_attention,32.0,36.68093686188647,0.5673828125,5,,,,,
TCGA-AR-A1AH,tcga_mc3_wes,HRD_Score,MuAt-compatible reimplementation,muat_compatible_qkv_attention,27.0,64.61434259362954,1.9609375,2,,,,,
TCGA-AR-A1AI,tcga_mc3_wes,HRD_Score,MuAt-compatible reimplementation,muat_compatible_qkv_attention,47.0,37.402075819309005,0.60400390625,5,,,,,
TCGA-AR-A1AJ,tcga_mc3_wes,HRD_Score,MuAt-compatible reimplementation,muat_compatible_qkv_attention,12.0,19.864515958315746,-0.30810546875,4,,,,,
TCGA-AR-A1AK,tcga_mc3_wes,HRD_Score,MuAt-compatible reimplementation,muat_compatible_qkv_attention,18.0,32.67582995484969,0.30224609375,3,,,,,
TCGA-AR-A1AN,tcga_mc3_wes,HRD_Score,MuAt-compatible reimplementation,muat_compatible_qkv_attention,30.0,22.7725701697306,-0.138916015625,5,,,,,
TCGA-AR-A1AO,tcga_mc3_wes,HRD_Score,MuAt-compatible reimplementation,muat_compatible_qkv_attention,0.0,28.1314860064271,0.1004638671875,4,,,,,
TCGA-AR-A1AP,tcga_mc3_wes,HRD_Score,MuAt-compatible reimplementation,muat_compatible_qkv_attention,19.0,30.983939098248484,0.278076171875,5,,,,,
TCGA-AR-A1AQ,tcga_mc3_wes,HRD_Score,MuAt-compatible reimplementation,muat_compatible_qkv_attention,31.0,31.246964308060367,0.2314453125,3,,,,,
TCGA-AR-A1AR,tcga_mc3_wes,HRD_Score,MuAt-compatible reimplementation,muat_compatible_qkv_attention,26.0,32.478345615968905,0.34814453125,2,,,,,
TCGA-AR-A1AU,tcga_mc3_wes,HRD_Score,MuAt-compatible reimplementation,muat_compatible_qkv_attention,22.0,15.22945667509093,-0.52197265625,5,,,,,
TCGA-AR-A1AW,tcga_mc3_wes,HRD_Score,MuAt-compatible reimplementation,muat_compatible_qkv_attention,16.0,33.09761186957758,0.354736328125,1,,,,,
TCGA-AR-A1AX,tcga_mc3_wes,HRD_Score,MuAt-compatible reimplementation,muat_compatible_qkv_attention,6.0,17.41431151023494,-0.42919921875,4,,,,,
TCGA-AR-A1AY,tcga_mc3_wes,HRD_Score,MuAt-compatible reimplementation,muat_compatible_qkv_attention,33.0,27.711753612986787,0.0562744140625,3,,,,,
TCGA-AR-A24L,tcga_mc3_wes,HRD_Score,MuAt-compatible reimplementation,muat_compatible_qkv_attention,50.0,39.89209968710951,0.72021484375,2,,,,,
TCGA-AR-A24N,tcga_mc3_wes,HRD_Score,MuAt-compatible reimplementation,muat_compatible_qkv_attention,9.0,9.02563993902643,-0.86962890625,3,,,,,
TCGA-AR-A24O,tcga_mc3_wes,HRD_Score,MuAt-compatible reimplementation,muat_compatible_qkv_attention,4.0,14.42069790463432,-0.55810546875,2,,,,,
TCGA-AR-A24P,tcga_mc3_wes,HRD_Score,MuAt-compatible reimplementation,muat_compatible_qkv_attention,6.0,17.491967526561034,-0.419921875,1,,,,,
TCGA-AR-A24Q,tcga_mc3_wes,HRD_Score,MuAt-compatible reimplementation,muat_compatible_qkv_attention,72.0,59.67097978174853,1.673828125,1,,,,,
TCGA-AR-A24R,tcga_mc3_wes,HRD_Score,MuAt-compatible reimplementation,muat_compatible_qkv_attention,14.0,25.806188823691027,-0.03814697265625,3,,,,,
TCGA-AR-A24S,tcga_mc3_wes,HRD_Score,MuAt-compatible reimplementation,muat_compatible_qkv_attention,28.0,20.20965285519686,-0.267578125,2,,,,,
TCGA-AR-A24U,tcga_mc3_wes,HRD_Score,MuAt-compatible reimplementation,muat_compatible_qkv_attention,23.0,17.745286707858757,-0.412841796875,4,,,,,
TCGA-AR-A24V,tcga_mc3_wes,HRD_Score,MuAt-compatible reimplementation,muat_compatible_qkv_attention,18.0,21.141435199215888,-0.269287109375,3,,,,,
TCGA-AR-A24W,tcga_mc3_wes,HRD_Score,MuAt-compatible reimplementation,muat_compatible_qkv_attention,8.0,8.51805677801191,-0.86279296875,5,,,,,
TCGA-AR-A24X,tcga_mc3_wes,HRD_Score,MuAt-compatible reimplementation,muat_compatible_qkv_attention,4.0,5.143126457274466,-1.0341796875,5,,,,,
TCGA-AR-A24Z,tcga_mc3_wes,HRD_Score,MuAt-compatible reimplementation,muat_compatible_qkv_attention,33.0,27.832620342901116,0.085693359375,4,,,,,
TCGA-AR-A250,tcga_mc3_wes,HRD_Score,MuAt-compatible reimplementation,muat_compatible_qkv_attention,30.0,31.44370794682666,0.26416015625,4,,,,,
TCGA-AR-A251,tcga_mc3_wes,HRD_Score,MuAt-compatible reimplementation,muat_compatible_qkv_attention,79.0,38.55881472128573,0.59375,3,,,,,
TCGA-AR-A252,tcga_mc3_wes,HRD_Score,MuAt-compatible reimplementation,muat_compatible_qkv_attention,3.0,18.623167715307897,-0.36376953125,1,,,,,
TCGA-AR-A254,tcga_mc3_wes,HRD_Score,MuAt-compatible reimplementation,muat_compatible_qkv_attention,21.0,20.151031801034872,-0.2939453125,4,,,,,
TCGA-AR-A256,tcga_mc3_wes,HRD_Score,MuAt-compatible reimplementation,muat_compatible_qkv_attention,63.0,68.7379673158427,2.1953125,5,,,,,
TCGA-AR-A2LH,tcga_mc3_wes,HRD_Score,MuAt-compatible reimplementation,muat_compatible_qkv_attention,0.0,18.525132928715436,-0.39892578125,3,,,,,
TCGA-AR-A2LK,tcga_mc3_wes,HRD_Score,MuAt-compatible reimplementation,muat_compatible_qkv_attention,8.0,23.07911280663251,-0.142578125,1,,,,,
TCGA-AR-A2LN,tcga_mc3_wes,HRD_Score,MuAt-compatible reimplementation,muat_compatible_qkv_attention,8.0,35.3300032149816,0.498779296875,5,,,,,
TCGA-AR-A2LO,tcga_mc3_wes,HRD_Score,MuAt-compatible reimplementation,muat_compatible_qkv_attention,20.0,22.921605554264588,-0.13134765625,5,,,,,
TCGA-AR-A2LQ,tcga_mc3_wes,HRD_Score,MuAt-compatible reimplementation,muat_compatible_qkv_attention,2.0,18.594771809729405,-0.35107421875,5,,,,,
TCGA-AR-A5QM,tcga_mc3_wes,HRD_Score,MuAt-compatible reimplementation,muat_compatible_qkv_attention,13.0,14.815909212471823,-0.5576171875,4,,,,,
TCGA-AR-A5QN,tcga_mc3_wes,HRD_Score,MuAt-compatible reimplementation,muat_compatible_qkv_attention,17.0,23.32912122666596,-0.11102294921875,2,,,,,
TCGA-AR-A5QP,tcga_mc3_wes,HRD_Score,MuAt-compatible reimplementation,muat_compatible_qkv_attention,15.0,11.24928096345097,-0.73388671875,4,,,,,
TCGA-AR-A5QQ,tcga_mc3_wes,HRD_Score,MuAt-compatible reimplementation,muat_compatible_qkv_attention,13.0,31.503159147592704,0.304443359375,5,,,,,
TCGA-B6-A0I2,tcga_mc3_wes,HRD_Score,MuAt-compatible reimplementation,muat_compatible_qkv_attention,40.0,24.89692534847114,-0.031036376953125,5,,,,,
TCGA-B6-A0I5,tcga_mc3_wes,HRD_Score,MuAt-compatible reimplementation,muat_compatible_qkv_attention,4.0,21.17359696384279,-0.243408203125,4,,,,,
TCGA-B6-A0I9,tcga_mc3_wes,HRD_Score,MuAt-compatible reimplementation,muat_compatible_qkv_attention,33.0,30.173705294751443,0.2095947265625,1,,,,,
TCGA-B6-A0IB,tcga_mc3_wes,HRD_Score,MuAt-compatible reimplementation,muat_compatible_qkv_attention,22.0,23.728024004771953,-0.09100341796875,2,,,,,
TCGA-B6-A0IC,tcga_mc3_wes,HRD_Score,MuAt-compatible reimplementation,muat_compatible_qkv_attention,5.0,14.983866775445104,-0.54931640625,4,,,,,
TCGA-B6-A0IE,tcga_mc3_wes,HRD_Score,MuAt-compatible reimplementation,muat_compatible_qkv_attention,21.0,16.14040543545326,-0.51708984375,3,,,,,
TCGA-B6-A0IH,tcga_mc3_wes,HRD_Score,MuAt-compatible reimplementation,muat_compatible_qkv_attention,16.0,14.361435806779415,-0.580078125,4,,,,,
TCGA-B6-A0IJ,tcga_mc3_wes,HRD_Score,MuAt-compatible reimplementation,muat_compatible_qkv_attention,73.0,41.452002728705125,0.7587890625,4,,,,,
TCGA-B6-A0IN,tcga_mc3_wes,HRD_Score,MuAt-compatible reimplementation,muat_compatible_qkv_attention,21.0,16.1428993544928,-0.4755859375,5,,,,,
TCGA-B6-A0RE,tcga_mc3_wes,HRD_Score,MuAt-compatible reimplementation,muat_compatible_qkv_attention,39.0,40.41461778092897,0.70751953125,4,,,,,
TCGA-B6-A0RG,tcga_mc3_wes,HRD_Score,MuAt-compatible reimplementation,muat_compatible_qkv_attention,30.0,38.122491039175955,0.59423828125,4,,,,,
TCGA-B6-A0RH,tcga_mc3_wes,HRD_Score,MuAt-compatible reimplementation,muat_compatible_qkv_attention,24.0,7.3766586034456125,-0.91162109375,2,,,,,
TCGA-B6-A0RI,tcga_mc3_wes,HRD_Score,MuAt-compatible reimplementation,muat_compatible_qkv_attention,13.0,16.862430030214952,-0.451171875,1,,,,,
TCGA-B6-A0RL,tcga_mc3_wes,HRD_Score,MuAt-compatible reimplementation,muat_compatible_qkv_attention,20.0,20.564961817580194,-0.2978515625,3,,,,,
TCGA-B6-A0RN,tcga_mc3_wes,HRD_Score,MuAt-compatible reimplementation,muat_compatible_qkv_attention,4.0,9.950719506758006,-0.7900390625,5,,,,,
TCGA-B6-A0RO,tcga_mc3_wes,HRD_Score,MuAt-compatible reimplementation,muat_compatible_qkv_attention,18.0,25.81818036657842,0.0157470703125,5,,,,,
TCGA-B6-A0RP,tcga_mc3_wes,HRD_Score,MuAt-compatible reimplementation,muat_compatible_qkv_attention,4.0,12.835275336448127,-0.6435546875,5,,,,,
TCGA-B6-A0RS,tcga_mc3_wes,HRD_Score,MuAt-compatible reimplementation,muat_compatible_qkv_attention,77.0,39.41613410935932,0.63623046875,3,,,,,
TCGA-B6-A0RU,tcga_mc3_wes,HRD_Score,MuAt-compatible reimplementation,muat_compatible_qkv_attention,32.0,26.010784563123355,0.0255279541015625,5,,,,,
TCGA-B6-A0RV,tcga_mc3_wes,HRD_Score,MuAt-compatible reimplementation,muat_compatible_qkv_attention,18.0,22.591356392470193,-0.17333984375,4,,,,,
TCGA-B6-A0WS,tcga_mc3_wes,HRD_Score,MuAt-compatible reimplementation,muat_compatible_qkv_attention,20.0,12.998015589702192,-0.6474609375,4,,,,,
TCGA-B6-A0WT,tcga_mc3_wes,HRD_Score,MuAt-compatible reimplementation,muat_compatible_qkv_attention,28.0,20.31013147504779,-0.280029296875,1,,,,,
TCGA-B6-A0WW,tcga_mc3_wes,HRD_Score,MuAt-compatible reimplementation,muat_compatible_qkv_attention,27.0,27.449156308615713,0.09857177734375,5,,,,,
TCGA-B6-A0WY,tcga_mc3_wes,HRD_Score,MuAt-compatible reimplementation,muat_compatible_qkv_attention,29.0,21.774570494431156,-0.2379150390625,3,,,,,
TCGA-B6-A0WZ,tcga_mc3_wes,HRD_Score,MuAt-compatible reimplementation,muat_compatible_qkv_attention,6.0,25.478435751593636,-0.0306549072265625,4,,,,,
TCGA-B6-A0X0,tcga_mc3_wes,HRD_Score,MuAt-compatible reimplementation,muat_compatible_qkv_attention,6.0,22.070869160140738,-0.192626953125,1,,,,,
TCGA-B6-A0X1,tcga_mc3_wes,HRD_Score,MuAt-compatible reimplementation,muat_compatible_qkv_attention,78.0,46.10381923887421,1.0458984375,5,,,,,
TCGA-B6-A0X4,tcga_mc3_wes,HRD_Score,MuAt-compatible reimplementation,muat_compatible_qkv_attention,1.0,13.045858958616828,-0.640625,1,,,,,
TCGA-B6-A0X5,tcga_mc3_wes,HRD_Score,MuAt-compatible reimplementation,muat_compatible_qkv_attention,5.0,26.182189891520718,-0.0195159912109375,3,,,,,
TCGA-B6-A1KC,tcga_mc3_wes,HRD_Score,MuAt-compatible reimplementation,muat_compatible_qkv_attention,13.0,25.939696762197276,-0.000579833984375,1,,,,,
TCGA-B6-A1KF,tcga_mc3_wes,HRD_Score,MuAt-compatible reimplementation,muat_compatible_qkv_attention,21.0,32.33968033820284,0.346923828125,5,,,,,
TCGA-B6-A1KN,tcga_mc3_wes,HRD_Score,MuAt-compatible reimplementation,muat_compatible_qkv_attention,33.0,33.44061914653457,0.40283203125,5,,,,,
TCGA-B6-A2IU,tcga_mc3_wes,HRD_Score,MuAt-compatible reimplementation,muat_compatible_qkv_attention,10.0,14.849499230422907,-0.5810546875,3,,,,,
TCGA-B6-A401,tcga_mc3_wes,HRD_Score,MuAt-compatible reimplementation,muat_compatible_qkv_attention,27.0,4.600137441038132,-1.0625,4,,,,,
TCGA-B6-A409,tcga_mc3_wes,HRD_Score,MuAt-compatible reimplementation,muat_compatible_qkv_attention,51.0,21.55150148053267,-0.2247314453125,4,,,,,
TCGA-B6-A40C,tcga_mc3_wes,HRD_Score,MuAt-compatible reimplementation,muat_compatible_qkv_attention,12.0,21.95283087957585,-0.198486328125,1,,,,,
TCGA-BH-A0AU,tcga_mc3_wes,HRD_Score,MuAt-compatible reimplementation,muat_compatible_qkv_attention,32.0,25.656636845641483,0.005786895751953125,2,,,,,
TCGA-BH-A0AV,tcga_mc3_wes,HRD_Score,MuAt-compatible reimplementation,muat_compatible_qkv_attention,68.0,41.80767756794266,0.7763671875,4,,,,,
TCGA-BH-A0AW,tcga_mc3_wes,HRD_Score,MuAt-compatible reimplementation,muat_compatible_qkv_attention,41.0,32.14517776865625,0.298828125,4,,,,,
TCGA-BH-A0AY,tcga_mc3_wes,HRD_Score,MuAt-compatible reimplementation,muat_compatible_qkv_attention,17.0,13.165613554008155,-0.62109375,2,,,,,
TCGA-BH-A0AZ,tcga_mc3_wes,HRD_Score,MuAt-compatible reimplementation,muat_compatible_qkv_attention,42.0,51.449862709899904,1.3173828125,5,,,,,
TCGA-BH-A0B3,tcga_mc3_wes,HRD_Score,MuAt-compatible reimplementation,muat_compatible_qkv_attention,37.0,29.13541957072206,0.1842041015625,5,,,,,
TCGA-BH-A0B5,tcga_mc3_wes,HRD_Score,MuAt-compatible reimplementation,muat_compatible_qkv_attention,10.0,25.992497042679137,-0.0052490234375,4,,,,,
TCGA-BH-A0B7,tcga_mc3_wes,HRD_Score,MuAt-compatible reimplementation,muat_compatible_qkv_attention,27.0,25.39745841085231,-0.027496337890625,1,,,,,
TCGA-BH-A0B9,tcga_mc3_wes,HRD_Score,MuAt-compatible reimplementation,muat_compatible_qkv_attention,37.0,31.16213203243028,0.250244140625,4,,,,,
TCGA-BH-A0BA,tcga_mc3_wes,HRD_Score,MuAt-compatible reimplementation,muat_compatible_qkv_attention,23.0,23.505772008257686,-0.12139892578125,1,,,,,
TCGA-BH-A0BC,tcga_mc3_wes,HRD_Score,MuAt-compatible reimplementation,muat_compatible_qkv_attention,14.0,11.161370327426837,-0.7216796875,2,,,,,
TCGA-BH-A0BF,tcga_mc3_wes,HRD_Score,MuAt-compatible reimplementation,muat_compatible_qkv_attention,26.0,9.76803097087763,-0.79931640625,5,,,,,
TCGA-BH-A0BJ,tcga_mc3_wes,HRD_Score,MuAt-compatible reimplementation,muat_compatible_qkv_attention,7.0,9.579585190363645,-0.81640625,4,,,,,
TCGA-BH-A0BL,tcga_mc3_wes,HRD_Score,MuAt-compatible reimplementation,muat_compatible_qkv_attention,41.0,41.798016799548044,0.78662109375,1,,,,,
TCGA-BH-A0BM,tcga_mc3_wes,HRD_Score,MuAt-compatible reimplementation,muat_compatible_qkv_attention,8.0,12.69174003369209,-0.66259765625,4,,,,,
TCGA-BH-A0BO,tcga_mc3_wes,HRD_Score,MuAt-compatible reimplementation,muat_compatible_qkv_attention,5.0,32.2253828786334,0.33544921875,2,,,,,
TCGA-BH-A0BP,tcga_mc3_wes,HRD_Score,MuAt-compatible reimplementation,muat_compatible_qkv_attention,62.0,36.902086142162716,0.57861328125,5,,,,,
TCGA-BH-A0BR,tcga_mc3_wes,HRD_Score,MuAt-compatible reimplementation,muat_compatible_qkv_attention,37.0,21.102319437909657,-0.2227783203125,2,,,,,
TCGA-BH-A0BT,tcga_mc3_wes,HRD_Score,MuAt-compatible reimplementation,muat_compatible_qkv_attention,16.0,5.401603385018394,-1.0107421875,2,,,,,
TCGA-BH-A0BZ,tcga_mc3_wes,HRD_Score,MuAt-compatible reimplementation,muat_compatible_qkv_attention,22.0,49.60374697889822,1.2236328125,5,,,,,
TCGA-BH-A0C1,tcga_mc3_wes,HRD_Score,MuAt-compatible reimplementation,muat_compatible_qkv_attention,11.0,16.810494152568253,-0.48388671875,3,,,,,
TCGA-BH-A0C3,tcga_mc3_wes,HRD_Score,MuAt-compatible reimplementation,muat_compatible_qkv_attention,14.0,31.208667261265692,0.284423828125,2,,,,,
TCGA-BH-A0C7,tcga_mc3_wes,HRD_Score,MuAt-compatible reimplementation,muat_compatible_qkv_attention,39.0,17.23247602347898,-0.4169921875,2,,,,,
TCGA-BH-A0DE,tcga_mc3_wes,HRD_Score,MuAt-compatible reimplementation,muat_compatible_qkv_attention,18.0,22.102837861127064,-0.1910400390625,1,,,,,
TCGA-BH-A0DG,tcga_mc3_wes,HRD_Score,MuAt-compatible reimplementation,muat_compatible_qkv_attention,19.0,30.48355578123428,0.2249755859375,1,,,,,
TCGA-BH-A0DH,tcga_mc3_wes,HRD_Score,MuAt-compatible reimplementation,muat_compatible_qkv_attention,26.0,18.357610749436688,-0.4072265625,3,,,,,
TCGA-BH-A0DI,tcga_mc3_wes,HRD_Score,MuAt-compatible reimplementation,muat_compatible_qkv_attention,29.0,44.260571574172666,0.939453125,2,,,,,
TCGA-BH-A0DK,tcga_mc3_wes,HRD_Score,MuAt-compatible reimplementation,muat_compatible_qkv_attention,16.0,37.35186222082796,0.55615234375,4,,,,,
TCGA-BH-A0DL,tcga_mc3_wes,HRD_Score,MuAt-compatible reimplementation,muat_compatible_qkv_attention,18.0,20.017653736320796,-0.300537109375,4,,,,,
TCGA-BH-A0DO,tcga_mc3_wes,HRD_Score,MuAt-compatible reimplementation,muat_compatible_qkv_attention,4.0,20.318605671582034,-0.31005859375,3,,,,,
TCGA-BH-A0DQ,tcga_mc3_wes,HRD_Score,MuAt-compatible reimplementation,muat_compatible_qkv_attention,26.0,17.97190556338277,-0.3798828125,2,,,,,
TCGA-BH-A0DS,tcga_mc3_wes,HRD_Score,MuAt-compatible reimplementation,muat_compatible_qkv_attention,12.0,14.944347348863156,-0.55126953125,4,,,,,
TCGA-BH-A0DT,tcga_mc3_wes,HRD_Score,MuAt-compatible reimplementation,muat_compatible_qkv_attention,4.0,8.414676696950995,-0.89990234375,3,,,,,
TCGA-BH-A0DV,tcga_mc3_wes,HRD_Score,MuAt-compatible reimplementation,muat_compatible_qkv_attention,5.0,8.502680816005547,-0.86962890625,4,,,,,
TCGA-BH-A0DX,tcga_mc3_wes,HRD_Score,MuAt-compatible reimplementation,muat_compatible_qkv_attention,27.0,3.450853703856261,-1.1201171875,5,,,,,
TCGA-BH-A0DZ,tcga_mc3_wes,HRD_Score,MuAt-compatible reimplementation,muat_compatible_qkv_attention,22.0,36.710606798312945,0.560546875,2,,,,,
TCGA-BH-A0E0,tcga_mc3_wes,HRD_Score,MuAt-compatible reimplementation,muat_compatible_qkv_attention,27.0,22.290020764782835,-0.188232421875,4,,,,,
TCGA-BH-A0E1,tcga_mc3_wes,HRD_Score,MuAt-compatible reimplementation,muat_compatible_qkv_attention,4.0,22.562910161625265,-0.1988525390625,3,,,,,
TCGA-BH-A0E2,tcga_mc3_wes,HRD_Score,MuAt-compatible reimplementation,muat_compatible_qkv_attention,28.0,26.357897365802074,0.01280975341796875,4,,,,,
TCGA-BH-A0E7,tcga_mc3_wes,HRD_Score,MuAt-compatible reimplementation,muat_compatible_qkv_attention,4.0,0.06630819701985047,-1.2919921875,5,,,,,
TCGA-BH-A0E9,tcga_mc3_wes,HRD_Score,MuAt-compatible reimplementation,muat_compatible_qkv_attention,10.0,19.008224811984988,-0.330078125,5,,,,,
TCGA-BH-A0EA,tcga_mc3_wes,HRD_Score,MuAt-compatible reimplementation,muat_compatible_qkv_attention,4.0,17.22941538367608,-0.42041015625,5,,,,,
TCGA-BH-A0EB,tcga_mc3_wes,HRD_Score,MuAt-compatible reimplementation,muat_compatible_qkv_attention,8.0,22.413347470831173,-0.156982421875,2,,,,,
TCGA-BH-A0EE,tcga_mc3_wes,HRD_Score,MuAt-compatible reimplementation,muat_compatible_qkv_attention,21.0,33.82551459972774,0.390869140625,1,,,,,
TCGA-BH-A0GY,tcga_mc3_wes,HRD_Score,MuAt-compatible reimplementation,muat_compatible_qkv_attention,22.0,30.92865846419772,0.2470703125,1,,,,,
TCGA-BH-A0H0,tcga_mc3_wes,HRD_Score,MuAt-compatible reimplementation,muat_compatible_qkv_attention,17.0,38.38474318654663,0.6171875,1,,,,,
TCGA-BH-A0H6,tcga_mc3_wes,HRD_Score,MuAt-compatible reimplementation,muat_compatible_qkv_attention,9.0,37.25354299779976,0.56103515625,1,,,,,
TCGA-BH-A0H7,tcga_mc3_wes,HRD_Score,MuAt-compatible reimplementation,muat_compatible_qkv_attention,39.0,12.387266669898906,-0.66015625,2,,,,,
TCGA-BH-A0HA,tcga_mc3_wes,HRD_Score,MuAt-compatible reimplementation,muat_compatible_qkv_attention,7.0,26.564167020548254,-0.0005888938903808594,3,,,,,
TCGA-BH-A0HB,tcga_mc3_wes,HRD_Score,MuAt-compatible reimplementation,muat_compatible_qkv_attention,27.0,15.329661758037155,-0.5322265625,4,,,,,
TCGA-BH-A0HI,tcga_mc3_wes,HRD_Score,MuAt-compatible reimplementation,muat_compatible_qkv_attention,7.0,11.29211648220949,-0.75732421875,3,,,,,
TCGA-BH-A0HK,tcga_mc3_wes,HRD_Score,MuAt-compatible reimplementation,muat_compatible_qkv_attention,10.0,14.984999395613526,-0.52978515625,2,,,,,
TCGA-BH-A0HO,tcga_mc3_wes,HRD_Score,MuAt-compatible reimplementation,muat_compatible_qkv_attention,3.0,16.895619036346865,-0.454833984375,4,,,,,
TCGA-BH-A0HP,tcga_mc3_wes,HRD_Score,MuAt-compatible reimplementation,muat_compatible_qkv_attention,12.0,31.04110378852306,0.2442626953125,4,,,,,
TCGA-BH-A0HQ,tcga_mc3_wes,HRD_Score,MuAt-compatible reimplementation,muat_compatible_qkv_attention,4.0,16.370603861194574,-0.4755859375,1,,,,,
TCGA-BH-A0HU,tcga_mc3_wes,HRD_Score,MuAt-compatible reimplementation,muat_compatible_qkv_attention,33.0,15.777940283799824,-0.489990234375,2,,,,,
TCGA-BH-A0HW,tcga_mc3_wes,HRD_Score,MuAt-compatible reimplementation,muat_compatible_qkv_attention,21.0,23.791779896221108,-0.087158203125,5,,,,,
TCGA-BH-A0HX,tcga_mc3_wes,HRD_Score,MuAt-compatible reimplementation,muat_compatible_qkv_attention,44.0,43.86348087781488,0.93212890625,5,,,,,
TCGA-BH-A0HY,tcga_mc3_wes,HRD_Score,MuAt-compatible reimplementation,muat_compatible_qkv_attention,49.0,24.836553815157142,-0.0623779296875,4,,,,,
TCGA-BH-A0W3,tcga_mc3_wes,HRD_Score,MuAt-compatible reimplementation,muat_compatible_qkv_attention,6.0,15.844778060255468,-0.53173828125,3,,,,,
TCGA-BH-A0W4,tcga_mc3_wes,HRD_Score,MuAt-compatible reimplementation,muat_compatible_qkv_attention,4.0,29.473200056873623,0.1435546875,3,,,,,
TCGA-BH-A0WA,tcga_mc3_wes,HRD_Score,MuAt-compatible reimplementation,muat_compatible_qkv_attention,63.0,35.193113543789025,0.449462890625,4,,,,,
TCGA-BH-A18F,tcga_mc3_wes,HRD_Score,MuAt-compatible reimplementation,muat_compatible_qkv_attention,7.0,14.509633656461721,-0.57275390625,4,,,,,
TCGA-BH-A18G,tcga_mc3_wes,HRD_Score,MuAt-compatible reimplementation,muat_compatible_qkv_attention,6.0,32.39430044787844,0.31982421875,1,,,,,
TCGA-BH-A18H,tcga_mc3_wes,HRD_Score,MuAt-compatible reimplementation,muat_compatible_qkv_attention,30.0,12.192679948871593,-0.669921875,2,,,,,
TCGA-BH-A18I,tcga_mc3_wes,HRD_Score,MuAt-compatible reimplementation,muat_compatible_qkv_attention,12.0,10.671858464180536,-0.75341796875,5,,,,,
TCGA-BH-A18J,tcga_mc3_wes,HRD_Score,MuAt-compatible reimplementation,muat_compatible_qkv_attention,25.0,4.585445663534376,-1.0625,5,,,,,
TCGA-BH-A18K,tcga_mc3_wes,HRD_Score,MuAt-compatible reimplementation,muat_compatible_qkv_attention,30.0,24.00812158344787,-0.076171875,5,,,,,
TCGA-BH-A18L,tcga_mc3_wes,HRD_Score,MuAt-compatible reimplementation,muat_compatible_qkv_attention,26.0,22.390460859426554,-0.2073974609375,3,,,,,
TCGA-BH-A18M,tcga_mc3_wes,HRD_Score,MuAt-compatible reimplementation,muat_compatible_qkv_attention,10.0,11.124594302930744,-0.765625,3,,,,,
TCGA-BH-A18N,tcga_mc3_wes,HRD_Score,MuAt-compatible reimplementation,muat_compatible_qkv_attention,4.0,32.27889422691591,0.338134765625,2,,,,,
TCGA-BH-A18P,tcga_mc3_wes,HRD_Score,MuAt-compatible reimplementation,muat_compatible_qkv_attention,8.0,18.95534128844067,-0.332763671875,5,,,,,
TCGA-BH-A18Q,tcga_mc3_wes,HRD_Score,MuAt-compatible reimplementation,muat_compatible_qkv_attention,62.0,75.76353203209524,2.47265625,1,,,,,
TCGA-BH-A18R,tcga_mc3_wes,HRD_Score,MuAt-compatible reimplementation,muat_compatible_qkv_attention,27.0,11.132182319272742,-0.72314453125,2,,,,,
TCGA-BH-A18S,tcga_mc3_wes,HRD_Score,MuAt-compatible reimplementation,muat_compatible_qkv_attention,10.0,14.954144494415889,-0.5458984375,1,,,,,
TCGA-BH-A18T,tcga_mc3_wes,HRD_Score,MuAt-compatible reimplementation,muat_compatible_qkv_attention,53.0,41.2346458825044,0.748046875,4,,,,,
TCGA-BH-A18U,tcga_mc3_wes,HRD_Score,MuAt-compatible reimplementation,muat_compatible_qkv_attention,54.0,14.138547159144716,-0.572265625,2,,,,,
TCGA-BH-A1EO,tcga_mc3_wes,HRD_Score,MuAt-compatible reimplementation,muat_compatible_qkv_attention,21.0,42.545592576459015,0.82373046875,1,,,,,
TCGA-BH-A1ET,tcga_mc3_wes,HRD_Score,MuAt-compatible reimplementation,muat_compatible_qkv_attention,3.0,23.76512815409628,-0.1392822265625,3,,,,,
TCGA-BH-A1EU,tcga_mc3_wes,HRD_Score,MuAt-compatible reimplementation,muat_compatible_qkv_attention,17.0,4.83544050210752,-1.0498046875,5,,,,,
TCGA-BH-A1EV,tcga_mc3_wes,HRD_Score,MuAt-compatible reimplementation,muat_compatible_qkv_attention,26.0,26.56768994675859,0.0231781005859375,4,,,,,
TCGA-BH-A1EW,tcga_mc3_wes,HRD_Score,MuAt-compatible reimplementation,muat_compatible_qkv_attention,26.0,8.864203477574726,-0.84521484375,5,,,,,
TCGA-BH-A1EX,tcga_mc3_wes,HRD_Score,MuAt-compatible reimplementation,muat_compatible_qkv_attention,2.0,15.101692345122002,-0.53857421875,1,,,,,
TCGA-BH-A1EY,tcga_mc3_wes,HRD_Score,MuAt-compatible reimplementation,muat_compatible_qkv_attention,35.0,29.818098661271044,0.16064453125,3,,,,,
TCGA-BH-A1F0,tcga_mc3_wes,HRD_Score,MuAt-compatible reimplementation,muat_compatible_qkv_attention,42.0,46.59987932666563,0.9921875,3,,,,,
TCGA-BH-A1F2,tcga_mc3_wes,HRD_Score,MuAt-compatible reimplementation,muat_compatible_qkv_attention,39.0,24.854194652717524,-0.03448486328125,2,,,,,
TCGA-BH-A1FC,tcga_mc3_wes,HRD_Score,MuAt-compatible reimplementation,muat_compatible_qkv_attention,40.0,36.1321793324333,0.50537109375,1,,,,,
TCGA-BH-A1FE,tcga_mc3_wes,HRD_Score,MuAt-compatible reimplementation,muat_compatible_qkv_attention,26.0,19.573060187273875,-0.322509765625,4,,,,,
TCGA-BH-A1FG,tcga_mc3_wes,HRD_Score,MuAt-compatible reimplementation,muat_compatible_qkv_attention,8.0,25.21347530332307,-0.01496124267578125,5,,,,,
TCGA-BH-A1FJ,tcga_mc3_wes,HRD_Score,MuAt-compatible reimplementation,muat_compatible_qkv_attention,4.0,15.578488894746828,-0.5,2,,,,,
TCGA-BH-A1FL,tcga_mc3_wes,HRD_Score,MuAt-compatible reimplementation,muat_compatible_qkv_attention,10.0,8.339862872530809,-0.86328125,2,,,,,
TCGA-BH-A1FM,tcga_mc3_wes,HRD_Score,MuAt-compatible reimplementation,muat_compatible_qkv_attention,33.0,30.094658283384327,0.228515625,2,,,,,
TCGA-BH-A1FN,tcga_mc3_wes,HRD_Score,MuAt-compatible reimplementation,muat_compatible_qkv_attention,64.0,31.695134063833972,0.308837890625,2,,,,,
TCGA-BH-A1FU,tcga_mc3_wes,HRD_Score,MuAt-compatible reimplementation,muat_compatible_qkv_attention,20.0,30.925015472938586,0.238525390625,4,,,,,
TCGA-BH-A201,tcga_mc3_wes,HRD_Score,MuAt-compatible reimplementation,muat_compatible_qkv_attention,10.0,22.481544011272753,-0.1722412109375,1,,,,,
TCGA-BH-A202,tcga_mc3_wes,HRD_Score,MuAt-compatible reimplementation,muat_compatible_qkv_attention,13.0,29.915496556015743,0.19677734375,1,,,,,
TCGA-BH-A203,tcga_mc3_wes,HRD_Score,MuAt-compatible reimplementation,muat_compatible_qkv_attention,49.0,17.46245795641981,-0.42138671875,1,,,,,
TCGA-BH-A204,tcga_mc3_wes,HRD_Score,MuAt-compatible reimplementation,muat_compatible_qkv_attention,28.0,31.154898501947095,0.25830078125,1,,,,,
TCGA-BH-A208,tcga_mc3_wes,HRD_Score,MuAt-compatible reimplementation,muat_compatible_qkv_attention,26.0,26.898356398862237,0.039520263671875,4,,,,,
TCGA-BH-A209,tcga_mc3_wes,HRD_Score,MuAt-compatible reimplementation,muat_compatible_qkv_attention,29.0,25.157040378985876,-0.0703125,3,,,,,
TCGA-BH-A28Q,tcga_mc3_wes,HRD_Score,MuAt-compatible reimplementation,muat_compatible_qkv_attention,11.0,9.254420461359178,-0.8173828125,2,,,,,
TCGA-BH-A2L8,tcga_mc3_wes,HRD_Score,MuAt-compatible reimplementation,muat_compatible_qkv_attention,3.0,23.508917762258193,-0.1519775390625,3,,,,,
TCGA-BH-A42V,tcga_mc3_wes,HRD_Score,MuAt-compatible reimplementation,muat_compatible_qkv_attention,11.0,21.57658386027526,-0.2171630859375,1,,,,,
TCGA-BH-A5IZ,tcga_mc3_wes,HRD_Score,MuAt-compatible reimplementation,muat_compatible_qkv_attention,55.0,40.05666008895453,0.66796875,3,,,,,
TCGA-BH-A6R8,tcga_mc3_wes,HRD_Score,MuAt-compatible reimplementation,muat_compatible_qkv_attention,13.0,24.081979763858065,-0.09967041015625,4,,,,,
TCGA-BH-A6R9,tcga_mc3_wes,HRD_Score,MuAt-compatible reimplementation,muat_compatible_qkv_attention,0.0,32.79454903763828,0.364013671875,2,,,,,
TCGA-BH-A8FY,tcga_mc3_wes,HRD_Score,MuAt-compatible reimplementation,muat_compatible_qkv_attention,8.0,21.429036009569145,-0.2244873046875,1,,,,,
TCGA-BH-A8FZ,tcga_mc3_wes,HRD_Score,MuAt-compatible reimplementation,muat_compatible_qkv_attention,43.0,33.913422683545335,0.420166015625,2,,,,,
TCGA-BH-A8G0,tcga_mc3_wes,HRD_Score,MuAt-compatible reimplementation,muat_compatible_qkv_attention,3.0,18.28867882336055,-0.385986328125,4,,,,,
TCGA-BH-AB28,tcga_mc3_wes,HRD_Score,MuAt-compatible reimplementation,muat_compatible_qkv_attention,13.0,26.36389683297735,0.020477294921875,1,,,,,
TCGA-C8-A12L,tcga_mc3_wes,HRD_Score,MuAt-compatible reimplementation,muat_compatible_qkv_attention,76.0,37.12323542243896,0.58984375,5,,,,,
TCGA-C8-A12M,tcga_mc3_wes,HRD_Score,MuAt-compatible reimplementation,muat_compatible_qkv_attention,25.0,27.58669964570426,0.0811767578125,1,,,,,
TCGA-C8-A12N,tcga_mc3_wes,HRD_Score,MuAt-compatible reimplementation,muat_compatible_qkv_attention,8.0,13.274651575775831,-0.6337890625,4,,,,,
TCGA-C8-A12O,tcga_mc3_wes,HRD_Score,MuAt-compatible reimplementation,muat_compatible_qkv_attention,28.0,18.555665726464706,-0.3505859375,2,,,,,
TCGA-C8-A12P,tcga_mc3_wes,HRD_Score,MuAt-compatible reimplementation,muat_compatible_qkv_attention,51.0,33.948251606457646,0.387939453125,4,,,,,
TCGA-C8-A12Q,tcga_mc3_wes,HRD_Score,MuAt-compatible reimplementation,muat_compatible_qkv_attention,41.0,26.052509389716324,0.0050201416015625,1,,,,,
TCGA-C8-A12U,tcga_mc3_wes,HRD_Score,MuAt-compatible reimplementation,muat_compatible_qkv_attention,44.0,13.700642085355165,-0.599609375,5,,,,,
TCGA-C8-A12W,tcga_mc3_wes,HRD_Score,MuAt-compatible reimplementation,muat_compatible_qkv_attention,28.0,27.062609015593463,0.047637939453125,4,,,,,
TCGA-C8-A12Y,tcga_mc3_wes,HRD_Score,MuAt-compatible reimplementation,muat_compatible_qkv_attention,17.0,17.3111444655173,-0.416259765625,5,,,,,
TCGA-C8-A12Z,tcga_mc3_wes,HRD_Score,MuAt-compatible reimplementation,muat_compatible_qkv_attention,29.0,28.387146735784924,0.12091064453125,1,,,,,
TCGA-C8-A130,tcga_mc3_wes,HRD_Score,MuAt-compatible reimplementation,muat_compatible_qkv_attention,53.0,23.675195764771132,-0.09307861328125,5,,,,,
TCGA-C8-A131,tcga_mc3_wes,HRD_Score,MuAt-compatible reimplementation,muat_compatible_qkv_attention,15.0,28.594565352655163,0.15673828125,5,,,,,
TCGA-C8-A132,tcga_mc3_wes,HRD_Score,MuAt-compatible reimplementation,muat_compatible_qkv_attention,36.0,51.11312392135191,1.2158203125,3,,,,,
TCGA-C8-A133,tcga_mc3_wes,HRD_Score,MuAt-compatible reimplementation,muat_compatible_qkv_attention,0.0,7.16261321031557,-0.92236328125,2,,,,,
TCGA-C8-A135,tcga_mc3_wes,HRD_Score,MuAt-compatible reimplementation,muat_compatible_qkv_attention,29.0,41.837362893069674,0.78857421875,1,,,,,
TCGA-C8-A137,tcga_mc3_wes,HRD_Score,MuAt-compatible reimplementation,muat_compatible_qkv_attention,34.0,23.110048866358266,-0.147705078125,4,,,,,
TCGA-C8-A138,tcga_mc3_wes,HRD_Score,MuAt-compatible reimplementation,muat_compatible_qkv_attention,33.0,13.515869651857317,-0.603515625,2,,,,,
TCGA-C8-A1HE,tcga_mc3_wes,HRD_Score,MuAt-compatible reimplementation,muat_compatible_qkv_attention,16.0,18.298558680006035,-0.385498046875,4,,,,,
TCGA-C8-A1HF,tcga_mc3_wes,HRD_Score,MuAt-compatible reimplementation,muat_compatible_qkv_attention,26.0,15.873053873538947,-0.50537109375,4,,,,,
TCGA-C8-A1HG,tcga_mc3_wes,HRD_Score,MuAt-compatible reimplementation,muat_compatible_qkv_attention,39.0,22.019227412393597,-0.1951904296875,1,,,,,
TCGA-C8-A1HJ,tcga_mc3_wes,HRD_Score,MuAt-compatible reimplementation,muat_compatible_qkv_attention,72.0,44.234860325083304,0.875,3,,,,,
TCGA-C8-A1HK,tcga_mc3_wes,HRD_Score,MuAt-compatible reimplementation,muat_compatible_qkv_attention,22.0,34.071749814526235,0.39404296875,4,,,,,
TCGA-C8-A1HL,tcga_mc3_wes,HRD_Score,MuAt-compatible reimplementation,muat_compatible_qkv_attention,17.0,21.558911373016787,-0.224365234375,4,,,,,
TCGA-C8-A1HM,tcga_mc3_wes,HRD_Score,MuAt-compatible reimplementation,muat_compatible_qkv_attention,60.0,20.654825431433103,-0.2464599609375,5,,,,,
TCGA-C8-A26V,tcga_mc3_wes,HRD_Score,MuAt-compatible reimplementation,muat_compatible_qkv_attention,28.0,30.084928947332962,0.22802734375,2,,,,,
TCGA-C8-A26W,tcga_mc3_wes,HRD_Score,MuAt-compatible reimplementation,muat_compatible_qkv_attention,32.0,21.1068898688608,-0.240478515625,1,,,,,
TCGA-C8-A26X,tcga_mc3_wes,HRD_Score,MuAt-compatible reimplementation,muat_compatible_qkv_attention,31.0,19.12969655349528,-0.32177734375,2,,,,,
TCGA-C8-A26Y,tcga_mc3_wes,HRD_Score,MuAt-compatible reimplementation,muat_compatible_qkv_attention,42.0,40.375098354347024,0.70556640625,4,,,,,
TCGA-C8-A26Z,tcga_mc3_wes,HRD_Score,MuAt-compatible reimplementation,muat_compatible_qkv_attention,22.0,34.774739105937066,0.43798828125,1,,,,,
TCGA-C8-A273,tcga_mc3_wes,HRD_Score,MuAt-compatible reimplementation,muat_compatible_qkv_attention,17.0,17.599600048486312,-0.401611328125,5,,,,,
TCGA-C8-A275,tcga_mc3_wes,HRD_Score,MuAt-compatible reimplementation,muat_compatible_qkv_attention,17.0,27.1743892695283,0.0296478271484375,3,,,,,
TCGA-C8-A278,tcga_mc3_wes,HRD_Score,MuAt-compatible reimplementation,muat_compatible_qkv_attention,29.0,26.949169974111598,0.049530029296875,1,,,,,
TCGA-C8-A27A,tcga_mc3_wes,HRD_Score,MuAt-compatible reimplementation,muat_compatible_qkv_attention,42.0,17.04381688602917,-0.447509765625,4,,,,,
TCGA-C8-A27B,tcga_mc3_wes,HRD_Score,MuAt-compatible reimplementation,muat_compatible_qkv_attention,67.0,55.13365622404186,1.4150390625,3,,,,,
TCGA-C8-A8HP,tcga_mc3_wes,HRD_Score,MuAt-compatible reimplementation,muat_compatible_qkv_attention,32.0,37.652224104012504,0.548828125,3,,,,,
TCGA-C8-A8HQ,tcga_mc3_wes,HRD_Score,MuAt-compatible reimplementation,muat_compatible_qkv_attention,23.0,16.021173685083966,-0.477783203125,2,,,,,
TCGA-C8-A8HR,tcga_mc3_wes,HRD_Score,MuAt-compatible reimplementation,muat_compatible_qkv_attention,35.0,43.24025678153829,0.84716796875,4,,,,,
TCGA-D8-A13Y,tcga_mc3_wes,HRD_Score,MuAt-compatible reimplementation,muat_compatible_qkv_attention,58.0,27.446920756038764,0.04315185546875,3,,,,,
TCGA-D8-A13Z,tcga_mc3_wes,HRD_Score,MuAt-compatible reimplementation,muat_compatible_qkv_attention,37.0,38.87336014423298,0.63134765625,4,,,,,
TCGA-D8-A140,tcga_mc3_wes,HRD_Score,MuAt-compatible reimplementation,muat_compatible_qkv_attention,20.0,23.129533953654754,-0.12078857421875,5,,,,,
TCGA-D8-A141,tcga_mc3_wes,HRD_Score,MuAt-compatible reimplementation,muat_compatible_qkv_attention,4.0,38.805170867283884,0.60595703125,3,,,,,
TCGA-D8-A143,tcga_mc3_wes,HRD_Score,MuAt-compatible reimplementation,muat_compatible_qkv_attention,34.0,20.56003469466023,-0.298095703125,3,,,,,
TCGA-D8-A145,tcga_mc3_wes,HRD_Score,MuAt-compatible reimplementation,muat_compatible_qkv_attention,6.0,21.41242695981386,-0.255859375,3,,,,,
TCGA-D8-A147,tcga_mc3_wes,HRD_Score,MuAt-compatible reimplementation,muat_compatible_qkv_attention,69.0,57.8621833739818,1.6220703125,2,,,,,
TCGA-D8-A1J8,tcga_mc3_wes,HRD_Score,MuAt-compatible reimplementation,muat_compatible_qkv_attention,7.0,37.00184387857736,0.5166015625,3,,,,,
TCGA-D8-A1J9,tcga_mc3_wes,HRD_Score,MuAt-compatible reimplementation,muat_compatible_qkv_attention,31.0,41.29312407850615,0.79052734375,2,,,,,
TCGA-D8-A1JA,tcga_mc3_wes,HRD_Score,MuAt-compatible reimplementation,muat_compatible_qkv_attention,28.0,25.742611013331853,0.01190948486328125,5,,,,,
TCGA-D8-A1JB,tcga_mc3_wes,HRD_Score,MuAt-compatible reimplementation,muat_compatible_qkv_attention,41.0,32.574951532734936,0.320068359375,4,,,,,
TCGA-D8-A1JC,tcga_mc3_wes,HRD_Score,MuAt-compatible reimplementation,muat_compatible_qkv_attention,33.0,24.98918919043022,-0.0277099609375,2,,,,,
TCGA-D8-A1JD,tcga_mc3_wes,HRD_Score,MuAt-compatible reimplementation,muat_compatible_qkv_attention,40.0,32.19756998027029,0.31005859375,1,,,,,
TCGA-D8-A1JF,tcga_mc3_wes,HRD_Score,MuAt-compatible reimplementation,muat_compatible_qkv_attention,23.0,9.229580549335473,-0.82666015625,5,,,,,
TCGA-D8-A1JG,tcga_mc3_wes,HRD_Score,MuAt-compatible reimplementation,muat_compatible_qkv_attention,27.0,28.607258203690094,0.10064697265625,3,,,,,
TCGA-D8-A1JH,tcga_mc3_wes,HRD_Score,MuAt-compatible reimplementation,muat_compatible_qkv_attention,0.0,12.011476428524116,-0.7216796875,3,,,,,
TCGA-D8-A1JI,tcga_mc3_wes,HRD_Score,MuAt-compatible reimplementation,muat_compatible_qkv_attention,17.0,23.381585900580042,-0.1275634765625,1,,,,,
TCGA-D8-A1JJ,tcga_mc3_wes,HRD_Score,MuAt-compatible reimplementation,muat_compatible_qkv_attention,25.0,22.17146248503699,-0.194091796875,4,,,,,
TCGA-D8-A1JK,tcga_mc3_wes,HRD_Score,MuAt-compatible reimplementation,muat_compatible_qkv_attention,53.0,46.43101931171999,1.0166015625,1,,,,,
TCGA-D8-A1JL,tcga_mc3_wes,HRD_Score,MuAt-compatible reimplementation,muat_compatible_qkv_attention,51.0,49.88412781186199,1.2216796875,2,,,,,
TCGA-D8-A1JM,tcga_mc3_wes,HRD_Score,MuAt-compatible reimplementation,muat_compatible_qkv_attention,42.0,37.74822251887182,0.62158203125,5,,,,,
TCGA-D8-A1JN,tcga_mc3_wes,HRD_Score,MuAt-compatible reimplementation,muat_compatible_qkv_attention,6.0,17.43679208055766,-0.40673828125,2,,,,,
TCGA-D8-A1JP,tcga_mc3_wes,HRD_Score,MuAt-compatible reimplementation,muat_compatible_qkv_attention,69.0,35.90309546742557,0.462158203125,3,,,,,
TCGA-D8-A1JS,tcga_mc3_wes,HRD_Score,MuAt-compatible reimplementation,muat_compatible_qkv_attention,6.0,15.539296439217752,-0.546875,3,,,,,
TCGA-D8-A1JT,tcga_mc3_wes,HRD_Score,MuAt-compatible reimplementation,muat_compatible_qkv_attention,13.0,26.84565778721201,0.01335906982421875,3,,,,,
TCGA-D8-A1JU,tcga_mc3_wes,HRD_Score,MuAt-compatible reimplementation,muat_compatible_qkv_attention,6.0,12.19991794790178,-0.6826171875,1,,,,,
TCGA-D8-A1X5,tcga_mc3_wes,HRD_Score,MuAt-compatible reimplementation,muat_compatible_qkv_attention,37.0,22.9389423484617,-0.1495361328125,1,,,,,
TCGA-D8-A1X7,tcga_mc3_wes,HRD_Score,MuAt-compatible reimplementation,muat_compatible_qkv_attention,4.0,34.93986763696441,0.4716796875,2,,,,,
TCGA-D8-A1X8,tcga_mc3_wes,HRD_Score,MuAt-compatible reimplementation,muat_compatible_qkv_attention,15.0,10.519234148036707,-0.75390625,2,,,,,
TCGA-D8-A1X9,tcga_mc3_wes,HRD_Score,MuAt-compatible reimplementation,muat_compatible_qkv_attention,55.0,33.97789117639411,0.389404296875,4,,,,,
TCGA-D8-A1XA,tcga_mc3_wes,HRD_Score,MuAt-compatible reimplementation,muat_compatible_qkv_attention,12.0,13.301608566507424,-0.6279296875,1,,,,,
TCGA-D8-A1XB,tcga_mc3_wes,HRD_Score,MuAt-compatible reimplementation,muat_compatible_qkv_attention,8.0,10.838821173572878,-0.77978515625,3,,,,,
TCGA-D8-A1XC,tcga_mc3_wes,HRD_Score,MuAt-compatible reimplementation,muat_compatible_qkv_attention,3.0,37.06664905357202,0.5517578125,1,,,,,
TCGA-D8-A1XF,tcga_mc3_wes,HRD_Score,MuAt-compatible reimplementation,muat_compatible_qkv_attention,27.0,26.831646281408364,0.012664794921875,3,,,,,
TCGA-D8-A1XG,tcga_mc3_wes,HRD_Score,MuAt-compatible reimplementation,muat_compatible_qkv_attention,8.0,32.84170766216309,0.333251953125,4,,,,,
TCGA-D8-A1XJ,tcga_mc3_wes,HRD_Score,MuAt-compatible reimplementation,muat_compatible_qkv_attention,40.0,18.935809433639957,-0.35400390625,4,,,,,
TCGA-D8-A1XK,tcga_mc3_wes,HRD_Score,MuAt-compatible reimplementation,muat_compatible_qkv_attention,72.0,30.916632795555714,0.274658203125,5,,,,,
TCGA-D8-A1XL,tcga_mc3_wes,HRD_Score,MuAt-compatible reimplementation,muat_compatible_qkv_attention,47.0,79.50141091665012,2.658203125,1,,,,,
TCGA-D8-A1XM,tcga_mc3_wes,HRD_Score,MuAt-compatible reimplementation,muat_compatible_qkv_attention,16.0,25.0408762882031,-0.025115966796875,2,,,,,
TCGA-D8-A1XO,tcga_mc3_wes,HRD_Score,MuAt-compatible reimplementation,muat_compatible_qkv_attention,12.0,15.008307394814686,-0.533203125,5,,,,,
TCGA-D8-A1XQ,tcga_mc3_wes,HRD_Score,MuAt-compatible reimplementation,muat_compatible_qkv_attention,72.0,34.032081590716295,0.401123046875,1,,,,,
TCGA-D8-A1XR,tcga_mc3_wes,HRD_Score,MuAt-compatible reimplementation,muat_compatible_qkv_attention,13.0,19.533046127995593,-0.318603515625,1,,,,,
TCGA-D8-A1XT,tcga_mc3_wes,HRD_Score,MuAt-compatible reimplementation,muat_compatible_qkv_attention,36.0,20.645024633309227,-0.26953125,4,,,,,
TCGA-D8-A1XV,tcga_mc3_wes,HRD_Score,MuAt-compatible reimplementation,muat_compatible_qkv_attention,2.0,19.594751164021982,-0.30029296875,5,,,,,
TCGA-D8-A1XW,tcga_mc3_wes,HRD_Score,MuAt-compatible reimplementation,muat_compatible_qkv_attention,50.0,49.342630232320616,1.1611328125,1,,,,,
TCGA-D8-A1XY,tcga_mc3_wes,HRD_Score,MuAt-compatible reimplementation,muat_compatible_qkv_attention,25.0,13.447764299497758,-0.60693359375,2,,,,,
TCGA-D8-A1XZ,tcga_mc3_wes,HRD_Score,MuAt-compatible reimplementation,muat_compatible_qkv_attention,26.0,30.270011530400176,0.2418212890625,5,,,,,
TCGA-D8-A1Y0,tcga_mc3_wes,HRD_Score,MuAt-compatible reimplementation,muat_compatible_qkv_attention,44.0,38.0928514692395,0.5927734375,4,,,,,
TCGA-D8-A1Y1,tcga_mc3_wes,HRD_Score,MuAt-compatible reimplementation,muat_compatible_qkv_attention,10.0,20.58909696120012,-0.24853515625,2,,,,,
TCGA-D8-A1Y2,tcga_mc3_wes,HRD_Score,MuAt-compatible reimplementation,muat_compatible_qkv_attention,12.0,-3.010551354649614,-1.4482421875,5,,,,,
TCGA-D8-A1Y3,tcga_mc3_wes,HRD_Score,MuAt-compatible reimplementation,muat_compatible_qkv_attention,35.0,8.855517683253186,-0.83740234375,2,,,,,
TCGA-D8-A27E,tcga_mc3_wes,HRD_Score,MuAt-compatible reimplementation,muat_compatible_qkv_attention,0.0,54.08720098605194,1.4326171875,2,,,,,
TCGA-D8-A27F,tcga_mc3_wes,HRD_Score,MuAt-compatible reimplementation,muat_compatible_qkv_attention,77.0,60.989073914723136,1.7392578125,1,,,,,
TCGA-D8-A27H,tcga_mc3_wes,HRD_Score,MuAt-compatible reimplementation,muat_compatible_qkv_attention,75.0,74.34367864499515,2.44921875,2,,,,,
TCGA-D8-A27K,tcga_mc3_wes,HRD_Score,MuAt-compatible reimplementation,muat_compatible_qkv_attention,4.0,22.311863982960723,-0.1806640625,1,,,,,
TCGA-D8-A27L,tcga_mc3_wes,HRD_Score,MuAt-compatible reimplementation,muat_compatible_qkv_attention,9.0,11.101083113768663,-0.7412109375,4,,,,,
TCGA-D8-A27M,tcga_mc3_wes,HRD_Score,MuAt-compatible reimplementation,muat_compatible_qkv_attention,48.0,37.322222650891504,0.5546875,4,,,,,
TCGA-D8-A27N,tcga_mc3_wes,HRD_Score,MuAt-compatible reimplementation,muat_compatible_qkv_attention,22.0,38.35523361640541,0.61572265625,1,,,,,
TCGA-D8-A27P,tcga_mc3_wes,HRD_Score,MuAt-compatible reimplementation,muat_compatible_qkv_attention,4.0,25.179825331060794,-0.038299560546875,1,,,,,
TCGA-D8-A27R,tcga_mc3_wes,HRD_Score,MuAt-compatible reimplementation,muat_compatible_qkv_attention,37.0,26.30508189137742,0.038330078125,2,,,,,
TCGA-D8-A27T,tcga_mc3_wes,HRD_Score,MuAt-compatible reimplementation,muat_compatible_qkv_attention,10.0,7.3766586034456125,-0.91162109375,2,,,,,
TCGA-D8-A27V,tcga_mc3_wes,HRD_Score,MuAt-compatible reimplementation,muat_compatible_qkv_attention,18.0,35.89334256999824,0.51953125,2,,,,,
TCGA-D8-A27W,tcga_mc3_wes,HRD_Score,MuAt-compatible reimplementation,muat_compatible_qkv_attention,21.0,12.73083637483874,-0.68603515625,3,,,,,
TCGA-D8-A3Z6,tcga_mc3_wes,HRD_Score,MuAt-compatible reimplementation,muat_compatible_qkv_attention,11.0,16.758271264826696,-0.4443359375,5,,,,,
TCGA-D8-A4Z1,tcga_mc3_wes,HRD_Score,MuAt-compatible reimplementation,muat_compatible_qkv_attention,6.0,17.94444760205978,-0.3974609375,1,,,,,
TCGA-D8-A73U,tcga_mc3_wes,HRD_Score,MuAt-compatible reimplementation,muat_compatible_qkv_attention,13.0,26.970602850582363,0.0430908203125,4,,,,,
TCGA-D8-A73W,tcga_mc3_wes,HRD_Score,MuAt-compatible reimplementation,muat_compatible_qkv_attention,15.0,31.0079770634959,0.279296875,5,,,,,
TCGA-D8-A73X,tcga_mc3_wes,HRD_Score,MuAt-compatible reimplementation,muat_compatible_qkv_attention,4.0,13.854485062938638,-0.591796875,5,,,,,
TCGA-E2-A10A,tcga_mc3_wes,HRD_Score,MuAt-compatible reimplementation,muat_compatible_qkv_attention,18.0,14.82626969047059,-0.55224609375,1,,,,,
TCGA-E2-A10C,tcga_mc3_wes,HRD_Score,MuAt-compatible reimplementation,muat_compatible_qkv_attention,22.0,32.66387024254432,0.324462890625,4,,,,,
TCGA-E2-A14O,tcga_mc3_wes,HRD_Score,MuAt-compatible reimplementation,muat_compatible_qkv_attention,10.0,14.748697370142576,-0.54638671875,5,,,,,
TCGA-E2-A14Q,tcga_mc3_wes,HRD_Score,MuAt-compatible reimplementation,muat_compatible_qkv_attention,18.0,22.188752234166593,-0.1932373046875,4,,,,,
TCGA-E2-A14R,tcga_mc3_wes,HRD_Score,MuAt-compatible reimplementation,muat_compatible_qkv_attention,85.0,61.25735253084632,1.8154296875,5,,,,,
TCGA-E2-A14T,tcga_mc3_wes,HRD_Score,MuAt-compatible reimplementation,muat_compatible_qkv_attention,30.0,22.203662225776238,-0.18603515625,1,,,,,
TCGA-E2-A14X,tcga_mc3_wes,HRD_Score,MuAt-compatible reimplementation,muat_compatible_qkv_attention,12.0,19.11007562263807,-0.339599609375,1,,,,,
TCGA-E2-A14Y,tcga_mc3_wes,HRD_Score,MuAt-compatible reimplementation,muat_compatible_qkv_attention,19.0,26.558118835633277,0.022705078125,4,,,,,
TCGA-E2-A14Z,tcga_mc3_wes,HRD_Score,MuAt-compatible reimplementation,muat_compatible_qkv_attention,44.0,14.9071647072026,-0.53369140625,2,,,,,
TCGA-E2-A150,tcga_mc3_wes,HRD_Score,MuAt-compatible reimplementation,muat_compatible_qkv_attention,49.0,37.402075819309005,0.60400390625,5,,,,,
TCGA-E2-A152,tcga_mc3_wes,HRD_Score,MuAt-compatible reimplementation,muat_compatible_qkv_attention,18.0,26.344630975288254,-0.01146697998046875,3,,,,,
TCGA-E2-A153,tcga_mc3_wes,HRD_Score,MuAt-compatible reimplementation,muat_compatible_qkv_attention,8.0,8.503364909510331,-0.8955078125,3,,,,,
TCGA-E2-A154,tcga_mc3_wes,HRD_Score,MuAt-compatible reimplementation,muat_compatible_qkv_attention,8.0,17.291914093319367,-0.417236328125,5,,,,,
TCGA-E2-A155,tcga_mc3_wes,HRD_Score,MuAt-compatible reimplementation,muat_compatible_qkv_attention,26.0,22.27220990934744,-0.2132568359375,3,,,,,
TCGA-E2-A156,tcga_mc3_wes,HRD_Score,MuAt-compatible reimplementation,muat_compatible_qkv_attention,6.0,1.7628317018076523,-1.193359375,2,,,,,
TCGA-E2-A158,tcga_mc3_wes,HRD_Score,MuAt-compatible reimplementation,muat_compatible_qkv_attention,76.0,38.48804573505898,0.6123046875,4,,,,,
TCGA-E2-A159,tcga_mc3_wes,HRD_Score,MuAt-compatible reimplementation,muat_compatible_qkv_attention,26.0,18.50342754178922,-0.355712890625,5,,,,,
TCGA-E2-A15A,tcga_mc3_wes,HRD_Score,MuAt-compatible reimplementation,muat_compatible_qkv_attention,58.0,27.83015805778728,0.117919921875,5,,,,,
TCGA-E2-A15C,tcga_mc3_wes,HRD_Score,MuAt-compatible reimplementation,muat_compatible_qkv_attention,5.0,27.913089037890874,0.12213134765625,5,,,,,
TCGA-E2-A15D,tcga_mc3_wes,HRD_Score,MuAt-compatible reimplementation,muat_compatible_qkv_attention,6.0,9.770075272081554,-0.79150390625,2,,,,,
TCGA-E2-A15E,tcga_mc3_wes,HRD_Score,MuAt-compatible reimplementation,muat_compatible_qkv_attention,33.0,19.124831885469597,-0.322021484375,2,,,,,
TCGA-E2-A15G,tcga_mc3_wes,HRD_Score,MuAt-compatible reimplementation,muat_compatible_qkv_attention,5.0,19.93429008382491,-0.3291015625,3,,,,,
TCGA-E2-A15H,tcga_mc3_wes,HRD_Score,MuAt-compatible reimplementation,muat_compatible_qkv_attention,15.0,15.02687565554158,-0.572265625,3,,,,,
TCGA-E2-A15I,tcga_mc3_wes,HRD_Score,MuAt-compatible reimplementation,muat_compatible_qkv_attention,7.0,39.42741466486983,0.6689453125,1,,,,,
TCGA-E2-A15J,tcga_mc3_wes,HRD_Score,MuAt-compatible reimplementation,muat_compatible_qkv_attention,6.0,36.9427184035378,0.513671875,3,,,,,
TCGA-E2-A15K,tcga_mc3_wes,HRD_Score,MuAt-compatible reimplementation,muat_compatible_qkv_attention,11.0,34.76827970803308,0.428466796875,4,,,,,
TCGA-E2-A15M,tcga_mc3_wes,HRD_Score,MuAt-compatible reimplementation,muat_compatible_qkv_attention,39.0,33.56484673014694,0.3779296875,1,,,,,
TCGA-E2-A15O,tcga_mc3_wes,HRD_Score,MuAt-compatible reimplementation,muat_compatible_qkv_attention,21.0,15.02687565554158,-0.572265625,3,,,,,
TCGA-E2-A15P,tcga_mc3_wes,HRD_Score,MuAt-compatible reimplementation,muat_compatible_qkv_attention,17.0,31.7675767653143,0.31787109375,5,,,,,
TCGA-E2-A15R,tcga_mc3_wes,HRD_Score,MuAt-compatible reimplementation,muat_compatible_qkv_attention,27.0,26.264302033750724,0.015533447265625,1,,,,,
TCGA-E2-A15T,tcga_mc3_wes,HRD_Score,MuAt-compatible reimplementation,muat_compatible_qkv_attention,19.0,17.893484557541065,-0.405517578125,4,,,,,
TCGA-E2-A1AZ,tcga_mc3_wes,HRD_Score,MuAt-compatible reimplementation,muat_compatible_qkv_attention,42.0,21.25096696956906,-0.2161865234375,5,,,,,
TCGA-E2-A1B0,tcga_mc3_wes,HRD_Score,MuAt-compatible reimplementation,muat_compatible_qkv_attention,35.0,44.43077685765394,0.9609375,5,,,,,
TCGA-E2-A1B4,tcga_mc3_wes,HRD_Score,MuAt-compatible reimplementation,muat_compatible_qkv_attention,3.0,34.59740789363533,0.3974609375,3,,,,,
TCGA-E2-A1B5,tcga_mc3_wes,HRD_Score,MuAt-compatible reimplementation,muat_compatible_qkv_attention,18.0,10.052226017571158,-0.77734375,2,,,,,
TCGA-E2-A1BC,tcga_mc3_wes,HRD_Score,MuAt-compatible reimplementation,muat_compatible_qkv_attention,11.0,35.453459219185184,0.4716796875,1,,,,,
TCGA-E2-A1BD,tcga_mc3_wes,HRD_Score,MuAt-compatible reimplementation,muat_compatible_qkv_attention,7.0,11.796835237759684,-0.6962890625,5,,,,,
TCGA-E2-A1IE,tcga_mc3_wes,HRD_Score,MuAt-compatible reimplementation,muat_compatible_qkv_attention,32.0,10.114177670440444,-0.78173828125,5,,,,,
TCGA-E2-A1IF,tcga_mc3_wes,HRD_Score,MuAt-compatible reimplementation,muat_compatible_qkv_attention,6.0,27.563939925387892,0.0489501953125,3,,,,,
TCGA-E2-A1IG,tcga_mc3_wes,HRD_Score,MuAt-compatible reimplementation,muat_compatible_qkv_attention,12.0,15.490924870284537,-0.50439453125,2,,,,,
TCGA-E2-A1IH,tcga_mc3_wes,HRD_Score,MuAt-compatible reimplementation,muat_compatible_qkv_attention,28.0,22.49853736591004,-0.15283203125,5,,,,,
TCGA-E2-A1IJ,tcga_mc3_wes,HRD_Score,MuAt-compatible reimplementation,muat_compatible_qkv_attention,7.0,20.93966897139387,-0.248779296875,1,,,,,
TCGA-E2-A1IK,tcga_mc3_wes,HRD_Score,MuAt-compatible reimplementation,muat_compatible_qkv_attention,0.0,20.956882887309586,-0.2479248046875,1,,,,,
TCGA-E2-A1IL,tcga_mc3_wes,HRD_Score,MuAt-compatible reimplementation,muat_compatible_qkv_attention,13.0,30.488757014151677,0.2529296875,5,,,,,
TCGA-E2-A1IO,tcga_mc3_wes,HRD_Score,MuAt-compatible reimplementation,muat_compatible_qkv_attention,30.0,11.893225478444998,-0.7275390625,3,,,,,
TCGA-E2-A1IU,tcga_mc3_wes,HRD_Score,MuAt-compatible reimplementation,muat_compatible_qkv_attention,5.0,14.017943226621078,-0.58349609375,5,,,,,
TCGA-E2-A1L6,tcga_mc3_wes,HRD_Score,MuAt-compatible reimplementation,muat_compatible_qkv_attention,9.0,26.44579096773875,-0.0064544677734375,3,,,,,
TCGA-E2-A1L8,tcga_mc3_wes,HRD_Score,MuAt-compatible reimplementation,muat_compatible_qkv_attention,14.0,21.828137466606314,-0.2110595703125,4,,,,,
TCGA-E2-A1L9,tcga_mc3_wes,HRD_Score,MuAt-compatible reimplementation,muat_compatible_qkv_attention,6.0,10.819112681893026,-0.78076171875,3,,,,,
TCGA-E2-A1LA,tcga_mc3_wes,HRD_Score,MuAt-compatible reimplementation,muat_compatible_qkv_attention,58.0,51.56641922998852,1.23828125,3,,,,,
TCGA-E2-A1LG,tcga_mc3_wes,HRD_Score,MuAt-compatible reimplementation,muat_compatible_qkv_attention,15.0,26.439324118906296,-0.00677490234375,3,,,,,
TCGA-E2-A1LH,tcga_mc3_wes,HRD_Score,MuAt-compatible reimplementation,muat_compatible_qkv_attention,74.0,74.54553971961882,2.490234375,5,,,,,
TCGA-E2-A1LK,tcga_mc3_wes,HRD_Score,MuAt-compatible reimplementation,muat_compatible_qkv_attention,24.0,35.6059253315815,0.479248046875,1,,,,,
TCGA-E2-A1LL,tcga_mc3_wes,HRD_Score,MuAt-compatible reimplementation,muat_compatible_qkv_attention,52.0,28.843315507551324,0.1435546875,1,,,,,
TCGA-E2-A56Z,tcga_mc3_wes,HRD_Score,MuAt-compatible reimplementation,muat_compatible_qkv_attention,31.0,19.604366350120948,-0.2998046875,5,,,,,
TCGA-E2-A570,tcga_mc3_wes,HRD_Score,MuAt-compatible reimplementation,muat_compatible_qkv_attention,5.0,18.889740024792715,-0.380859375,3,,,,,
TCGA-E2-A573,tcga_mc3_wes,HRD_Score,MuAt-compatible reimplementation,muat_compatible_qkv_attention,43.0,38.25757123048008,0.63818359375,2,,,,,
TCGA-E2-A576,tcga_mc3_wes,HRD_Score,MuAt-compatible reimplementation,muat_compatible_qkv_attention,23.0,21.16344987829814,-0.2376708984375,1,,,,,
TCGA-E2-A9RU,tcga_mc3_wes,HRD_Score,MuAt-compatible reimplementation,muat_compatible_qkv_attention,54.0,20.5107634654606,-0.300537109375,3,,,,,
TCGA-E9-A1N3,tcga_mc3_wes,HRD_Score,MuAt-compatible reimplementation,muat_compatible_qkv_attention,4.0,31.111373900752035,0.279541015625,2,,,,,
TCGA-E9-A1N5,tcga_mc3_wes,HRD_Score,MuAt-compatible reimplementation,muat_compatible_qkv_attention,14.0,15.219841488991962,-0.5224609375,5,,,,,
TCGA-E9-A1N8,tcga_mc3_wes,HRD_Score,MuAt-compatible reimplementation,muat_compatible_qkv_attention,28.0,33.28630121121001,0.355224609375,4,,,,,
TCGA-E9-A1N9,tcga_mc3_wes,HRD_Score,MuAt-compatible reimplementation,muat_compatible_qkv_attention,50.0,29.467736617729233,0.16650390625,4,,,,,
TCGA-E9-A1NA,tcga_mc3_wes,HRD_Score,MuAt-compatible reimplementation,muat_compatible_qkv_attention,42.0,43.83248078791258,0.91796875,2,,,,,
TCGA-E9-A1NC,tcga_mc3_wes,HRD_Score,MuAt-compatible reimplementation,muat_compatible_qkv_attention,75.0,54.59312646072295,1.4580078125,2,,,,,
TCGA-E9-A1ND,tcga_mc3_wes,HRD_Score,MuAt-compatible reimplementation,muat_compatible_qkv_attention,42.0,24.507891934280728,-0.10247802734375,3,,,,,
TCGA-E9-A1NE,tcga_mc3_wes,HRD_Score,MuAt-compatible reimplementation,muat_compatible_qkv_attention,6.0,21.52082366405305,-0.25048828125,3,,,,,
TCGA-E9-A1NG,tcga_mc3_wes,HRD_Score,MuAt-compatible reimplementation,muat_compatible_qkv_attention,14.0,6.098928924568298,-1.0146484375,3,,,,,
TCGA-E9-A1NH,tcga_mc3_wes,HRD_Score,MuAt-compatible reimplementation,muat_compatible_qkv_attention,13.0,4.564880484600948,-1.052734375,2,,,,,
TCGA-E9-A1NI,tcga_mc3_wes,HRD_Score,MuAt-compatible reimplementation,muat_compatible_qkv_attention,23.0,10.027640995549742,-0.7861328125,5,,,,,
TCGA-E9-A1R0,tcga_mc3_wes,HRD_Score,MuAt-compatible reimplementation,muat_compatible_qkv_attention,7.0,12.795898784056261,-0.6396484375,2,,,,,
TCGA-E9-A1R3,tcga_mc3_wes,HRD_Score,MuAt-compatible reimplementation,muat_compatible_qkv_attention,9.0,6.520477030925438,-0.95458984375,2,,,,,
TCGA-E9-A1R5,tcga_mc3_wes,HRD_Score,MuAt-compatible reimplementation,muat_compatible_qkv_attention,13.0,23.84720837140118,-0.08502197265625,2,,,,,
TCGA-E9-A1R6,tcga_mc3_wes,HRD_Score,MuAt-compatible reimplementation,muat_compatible_qkv_attention,13.0,14.262637240324544,-0.5849609375,4,,,,,
TCGA-E9-A1R7,tcga_mc3_wes,HRD_Score,MuAt-compatible reimplementation,muat_compatible_qkv_attention,37.0,24.26153578828257,-0.11468505859375,3,,,,,
TCGA-E9-A1RA,tcga_mc3_wes,HRD_Score,MuAt-compatible reimplementation,muat_compatible_qkv_attention,4.0,8.295203826450319,-0.8798828125,4,,,,,
TCGA-E9-A1RB,tcga_mc3_wes,HRD_Score,MuAt-compatible reimplementation,muat_compatible_qkv_attention,30.0,31.076206314903832,0.25439453125,1,,,,,
TCGA-E9-A1RC,tcga_mc3_wes,HRD_Score,MuAt-compatible reimplementation,muat_compatible_qkv_attention,16.0,20.08880969898862,-0.291015625,1,,,,,
TCGA-E9-A1RD,tcga_mc3_wes,HRD_Score,MuAt-compatible reimplementation,muat_compatible_qkv_attention,3.0,6.0950298810722074,-0.98583984375,5,,,,,
TCGA-E9-A1RE,tcga_mc3_wes,HRD_Score,MuAt-compatible reimplementation,muat_compatible_qkv_attention,42.0,18.259068291037426,-0.412109375,3,,,,,
TCGA-E9-A1RF,tcga_mc3_wes,HRD_Score,MuAt-compatible reimplementation,muat_compatible_qkv_attention,49.0,48.49668922160557,1.119140625,1,,,,,
TCGA-E9-A1RG,tcga_mc3_wes,HRD_Score,MuAt-compatible reimplementation,muat_compatible_qkv_attention,47.0,41.32586367728848,0.76318359375,1,,,,,
TCGA-E9-A1RH,tcga_mc3_wes,HRD_Score,MuAt-compatible reimplementation,muat_compatible_qkv_attention,39.0,31.062727220495205,0.277099609375,2,,,,,
TCGA-E9-A226,tcga_mc3_wes,HRD_Score,MuAt-compatible reimplementation,muat_compatible_qkv_attention,22.0,15.344838908278534,-0.51611328125,5,,,,,
TCGA-E9-A227,tcga_mc3_wes,HRD_Score,MuAt-compatible reimplementation,muat_compatible_qkv_attention,3.0,49.06529655735606,1.1962890625,5,,,,,
TCGA-E9-A228,tcga_mc3_wes,HRD_Score,MuAt-compatible reimplementation,muat_compatible_qkv_attention,26.0,12.260785301231152,-0.66650390625,2,,,,,
TCGA-E9-A229,tcga_mc3_wes,HRD_Score,MuAt-compatible reimplementation,muat_compatible_qkv_attention,23.0,8.437156233044465,-0.8583984375,2,,,,,
TCGA-E9-A22A,tcga_mc3_wes,HRD_Score,MuAt-compatible reimplementation,muat_compatible_qkv_attention,26.0,25.501591665606494,-0.029510498046875,4,,,,,
TCGA-E9-A22B,tcga_mc3_wes,HRD_Score,MuAt-compatible reimplementation,muat_compatible_qkv_attention,22.0,20.091958017263728,-0.3212890625,3,,,,,
TCGA-E9-A22D,tcga_mc3_wes,HRD_Score,MuAt-compatible reimplementation,muat_compatible_qkv_attention,35.0,19.771695027466123,-0.337158203125,3,,,,,
TCGA-E9-A22E,tcga_mc3_wes,HRD_Score,MuAt-compatible reimplementation,muat_compatible_qkv_attention,67.0,58.87403432332382,1.6728515625,2,,,,,
TCGA-E9-A22G,tcga_mc3_wes,HRD_Score,MuAt-compatible reimplementation,muat_compatible_qkv_attention,79.0,78.16364373691468,2.591796875,1,,,,,
TCGA-E9-A22H,tcga_mc3_wes,HRD_Score,MuAt-compatible reimplementation,muat_compatible_qkv_attention,9.0,35.08950785411011,0.45361328125,1,,,,,
TCGA-E9-A243,tcga_mc3_wes,HRD_Score,MuAt-compatible reimplementation,muat_compatible_qkv_attention,42.0,45.289264629955426,0.92724609375,3,,,,,
TCGA-E9-A244,tcga_mc3_wes,HRD_Score,MuAt-compatible reimplementation,muat_compatible_qkv_attention,77.0,46.04613606885664,0.98583984375,4,,,,,
TCGA-E9-A245,tcga_mc3_wes,HRD_Score,MuAt-compatible reimplementation,muat_compatible_qkv_attention,2.0,25.877798081935435,-0.01091766357421875,4,,,,,
TCGA-E9-A247,tcga_mc3_wes,HRD_Score,MuAt-compatible reimplementation,muat_compatible_qkv_attention,44.0,16.11017043303064,-0.49365234375,4,,,,,
TCGA-E9-A248,tcga_mc3_wes,HRD_Score,MuAt-compatible reimplementation,muat_compatible_qkv_attention,14.0,15.922453156766382,-0.5029296875,4,,,,,
TCGA-E9-A24A,tcga_mc3_wes,HRD_Score,MuAt-compatible reimplementation,muat_compatible_qkv_attention,6.0,25.628881390255007,0.006134033203125,5,,,,,
TCGA-E9-A295,tcga_mc3_wes,HRD_Score,MuAt-compatible reimplementation,muat_compatible_qkv_attention,21.0,13.10723753769996,-0.6240234375,2,,,,,
TCGA-E9-A2JS,tcga_mc3_wes,HRD_Score,MuAt-compatible reimplementation,muat_compatible_qkv_attention,61.0,20.017653736320796,-0.300537109375,4,,,,,
TCGA-E9-A2JT,tcga_mc3_wes,HRD_Score,MuAt-compatible reimplementation,muat_compatible_qkv_attention,0.0,41.341770758762976,0.79296875,2,,,,,
TCGA-E9-A3X8,tcga_mc3_wes,HRD_Score,MuAt-compatible reimplementation,muat_compatible_qkv_attention,5.0,22.29191840102729,-0.2122802734375,3,,,,,
TCGA-E9-A5FL,tcga_mc3_wes,HRD_Score,MuAt-compatible reimplementation,muat_compatible_qkv_attention,65.0,56.35360762037311,1.56640625,5,,,,,
TCGA-E9-A5UO,tcga_mc3_wes,HRD_Score,MuAt-compatible reimplementation,muat_compatible_qkv_attention,20.0,23.189087719522163,-0.143798828125,4,,,,,
TCGA-E9-A6HE,tcga_mc3_wes,HRD_Score,MuAt-compatible reimplementation,muat_compatible_qkv_attention,12.0,12.498743822984279,-0.66064453125,5,,,,,
TCGA-EW-A1IW,tcga_mc3_wes,HRD_Score,MuAt-compatible reimplementation,muat_compatible_qkv_attention,20.0,31.784563001095968,0.281005859375,4,,,,,
TCGA-EW-A1IY,tcga_mc3_wes,HRD_Score,MuAt-compatible reimplementation,muat_compatible_qkv_attention,1.0,15.122184768481924,-0.54248046875,4,,,,,
TCGA-EW-A1IZ,tcga_mc3_wes,HRD_Score,MuAt-compatible reimplementation,muat_compatible_qkv_attention,6.0,25.8402855012346,-0.0127716064453125,4,,,,,
TCGA-EW-A1J1,tcga_mc3_wes,HRD_Score,MuAt-compatible reimplementation,muat_compatible_qkv_attention,19.0,23.82422945269838,-0.1055908203125,1,,,,,
TCGA-EW-A1J3,tcga_mc3_wes,HRD_Score,MuAt-compatible reimplementation,muat_compatible_qkv_attention,13.0,10.898678254039966,-0.73486328125,2,,,,,
TCGA-EW-A1J6,tcga_mc3_wes,HRD_Score,MuAt-compatible reimplementation,muat_compatible_qkv_attention,37.0,35.17880839819098,0.42626953125,3,,,,,
TCGA-EW-A1OV,tcga_mc3_wes,HRD_Score,MuAt-compatible reimplementation,muat_compatible_qkv_attention,36.0,23.585693760723498,-0.117431640625,1,,,,,
TCGA-EW-A1OX,tcga_mc3_wes,HRD_Score,MuAt-compatible reimplementation,muat_compatible_qkv_attention,10.0,31.641806409277265,0.282470703125,1,,,,,
TCGA-EW-A1OY,tcga_mc3_wes,HRD_Score,MuAt-compatible reimplementation,muat_compatible_qkv_attention,40.0,34.60726213947525,0.39794921875,3,,,,,
TCGA-EW-A1OZ,tcga_mc3_wes,HRD_Score,MuAt-compatible reimplementation,muat_compatible_qkv_attention,51.0,33.409971269924206,0.338623046875,3,,,,,
TCGA-EW-A1P0,tcga_mc3_wes,HRD_Score,MuAt-compatible reimplementation,muat_compatible_qkv_attention,21.0,14.566637945404803,-0.55078125,2,,,,,
TCGA-EW-A1P1,tcga_mc3_wes,HRD_Score,MuAt-compatible reimplementation,muat_compatible_qkv_attention,0.0,39.968423450792244,0.69580078125,1,,,,,
TCGA-EW-A1P3,tcga_mc3_wes,HRD_Score,MuAt-compatible reimplementation,muat_compatible_qkv_attention,9.0,12.056469244152474,-0.6767578125,2,,,,,
TCGA-EW-A1P4,tcga_mc3_wes,HRD_Score,MuAt-compatible reimplementation,muat_compatible_qkv_attention,67.0,54.378930203089276,1.4111328125,1,,,,,
TCGA-EW-A1P5,tcga_mc3_wes,HRD_Score,MuAt-compatible reimplementation,muat_compatible_qkv_attention,16.0,15.918123785695826,-0.498046875,1,,,,,
TCGA-EW-A1P6,tcga_mc3_wes,HRD_Score,MuAt-compatible reimplementation,muat_compatible_qkv_attention,5.0,9.194270781189648,-0.83544921875,4,,,,,
TCGA-EW-A1P7,tcga_mc3_wes,HRD_Score,MuAt-compatible reimplementation,muat_compatible_qkv_attention,14.0,38.53229103725274,0.62451171875,1,,,,,
TCGA-EW-A1P8,tcga_mc3_wes,HRD_Score,MuAt-compatible reimplementation,muat_compatible_qkv_attention,39.0,22.06065903896917,-0.1746826171875,2,,,,,
TCGA-EW-A1PA,tcga_mc3_wes,HRD_Score,MuAt-compatible reimplementation,muat_compatible_qkv_attention,26.0,45.60460049683307,0.94287109375,3,,,,,
TCGA-EW-A1PB,tcga_mc3_wes,HRD_Score,MuAt-compatible reimplementation,muat_compatible_qkv_attention,72.0,30.603974767005173,0.1995849609375,3,,,,,
TCGA-EW-A1PE,tcga_mc3_wes,HRD_Score,MuAt-compatible reimplementation,muat_compatible_qkv_attention,6.0,10.42494284829597,-0.80029296875,3,,,,,
TCGA-EW-A1PG,tcga_mc3_wes,HRD_Score,MuAt-compatible reimplementation,muat_compatible_qkv_attention,0.0,7.05034188911894,-0.94140625,4,,,,,
TCGA-EW-A1PH,tcga_mc3_wes,HRD_Score,MuAt-compatible reimplementation,muat_compatible_qkv_attention,38.0,33.55285783460314,0.345703125,3,,,,,
TCGA-EW-A2FS,tcga_mc3_wes,HRD_Score,MuAt-compatible reimplementation,muat_compatible_qkv_attention,23.0,26.501300768947416,0.0272979736328125,1,,,,,
TCGA-EW-A2FV,tcga_mc3_wes,HRD_Score,MuAt-compatible reimplementation,muat_compatible_qkv_attention,16.0,57.04241651528381,1.529296875,4,,,,,
TCGA-EW-A6SB,tcga_mc3_wes,HRD_Score,MuAt-compatible reimplementation,muat_compatible_qkv_attention,32.0,48.59985545308173,1.1572265625,2,,,,,
TCGA-EW-A6SC,tcga_mc3_wes,HRD_Score,MuAt-compatible reimplementation,muat_compatible_qkv_attention,17.0,5.508503529035217,-1.015625,5,,,,,
TCGA-EW-A6SD,tcga_mc3_wes,HRD_Score,MuAt-compatible reimplementation,muat_compatible_qkv_attention,45.0,26.38028141601451,0.013916015625,4,,,,,
TCGA-GM-A2DA,tcga_mc3_wes,HRD_Score,MuAt-compatible reimplementation,muat_compatible_qkv_attention,13.0,36.06332366877045,0.501953125,1,,,,,
TCGA-GM-A2DB,tcga_mc3_wes,HRD_Score,MuAt-compatible reimplementation,muat_compatible_qkv_attention,32.0,55.25747640509086,1.5107421875,5,,,,,
TCGA-GM-A2DC,tcga_mc3_wes,HRD_Score,MuAt-compatible reimplementation,muat_compatible_qkv_attention,21.0,15.325526157411321,-0.5126953125,2,,,,,
TCGA-GM-A2DD,tcga_mc3_wes,HRD_Score,MuAt-compatible reimplementation,muat_compatible_qkv_attention,32.0,20.383905400400845,-0.2763671875,1,,,,,
TCGA-GM-A2DF,tcga_mc3_wes,HRD_Score,MuAt-compatible reimplementation,muat_compatible_qkv_attention,48.0,20.86881537267688,-0.2344970703125,2,,,,,
TCGA-GM-A2DH,tcga_mc3_wes,HRD_Score,MuAt-compatible reimplementation,muat_compatible_qkv_attention,42.0,41.54608681584166,0.80322265625,2,,,,,
TCGA-GM-A2DK,tcga_mc3_wes,HRD_Score,MuAt-compatible reimplementation,muat_compatible_qkv_attention,18.0,13.506140315805952,-0.60400390625,2,,,,,
TCGA-GM-A2DL,tcga_mc3_wes,HRD_Score,MuAt-compatible reimplementation,muat_compatible_qkv_attention,18.0,39.073299823175155,0.6513671875,1,,,,,
TCGA-GM-A2DM,tcga_mc3_wes,HRD_Score,MuAt-compatible reimplementation,muat_compatible_qkv_attention,3.0,18.443778361874003,-0.356201171875,2,,,,,
TCGA-GM-A2DN,tcga_mc3_wes,HRD_Score,MuAt-compatible reimplementation,muat_compatible_qkv_attention,4.0,11.171848141326823,-0.72802734375,5,,,,,
TCGA-GM-A3NW,tcga_mc3_wes,HRD_Score,MuAt-compatible reimplementation,muat_compatible_qkv_attention,14.0,34.47915694355621,0.3916015625,3,,,,,
TCGA-GM-A5PX,tcga_mc3_wes,HRD_Score,MuAt-compatible reimplementation,muat_compatible_qkv_attention,12.0,4.973512598758305,-1.0322265625,2,,,,,
TCGA-HN-A2NL,tcga_mc3_wes,HRD_Score,MuAt-compatible reimplementation,muat_compatible_qkv_attention,68.0,60.69145087776033,1.6904296875,3,,,,,
TCGA-HN-A2OB,tcga_mc3_wes,HRD_Score,MuAt-compatible reimplementation,muat_compatible_qkv_attention,7.0,-2.741326143878535,-1.4345703125,5,,,,,
TCGA-LD-A66U,tcga_mc3_wes,HRD_Score,MuAt-compatible reimplementation,muat_compatible_qkv_attention,12.0,13.086934299511576,-0.64306640625,4,,,,,
TCGA-LD-A74U,tcga_mc3_wes,HRD_Score,MuAt-compatible reimplementation,muat_compatible_qkv_attention,7.0,22.980747572828434,-0.1474609375,1,,,,,
TCGA-LD-A7W5,tcga_mc3_wes,HRD_Score,MuAt-compatible reimplementation,muat_compatible_qkv_attention,41.0,32.6777970050219,0.358154296875,2,,,,,
TCGA-LD-A7W6,tcga_mc3_wes,HRD_Score,MuAt-compatible reimplementation,muat_compatible_qkv_attention,14.0,19.73469485729395,-0.30859375,1,,,,,
TCGA-LL-A50Y,tcga_mc3_wes,HRD_Score,MuAt-compatible reimplementation,muat_compatible_qkv_attention,9.0,1.4124342508752434,-1.2236328125,5,,,,,
TCGA-LL-A5YL,tcga_mc3_wes,HRD_Score,MuAt-compatible reimplementation,muat_compatible_qkv_attention,27.0,28.158890017973444,0.07843017578125,3,,,,,
TCGA-LL-A5YM,tcga_mc3_wes,HRD_Score,MuAt-compatible reimplementation,muat_compatible_qkv_attention,28.0,28.79837632999748,0.1334228515625,4,,,,,
TCGA-LL-A5YN,tcga_mc3_wes,HRD_Score,MuAt-compatible reimplementation,muat_compatible_qkv_attention,34.0,21.46730865679582,-0.2052001953125,5,,,,,
TCGA-LL-A5YP,tcga_mc3_wes,HRD_Score,MuAt-compatible reimplementation,muat_compatible_qkv_attention,79.0,51.31525010451436,1.310546875,5,,,,,
TCGA-LL-A6FQ,tcga_mc3_wes,HRD_Score,MuAt-compatible reimplementation,muat_compatible_qkv_attention,8.0,17.06851652764289,-0.4462890625,4,,,,,
TCGA-LL-A6FR,tcga_mc3_wes,HRD_Score,MuAt-compatible reimplementation,muat_compatible_qkv_attention,50.0,9.993850001262963,-0.7802734375,2,,,,,
TCGA-LL-A73Y,tcga_mc3_wes,HRD_Score,MuAt-compatible reimplementation,muat_compatible_qkv_attention,29.0,38.68089557047163,0.6689453125,5,,,,,
TCGA-LL-A73Z,tcga_mc3_wes,HRD_Score,MuAt-compatible reimplementation,muat_compatible_qkv_attention,32.0,19.064247570031288,-0.34765625,4,,,,,
TCGA-LL-A7SZ,tcga_mc3_wes,HRD_Score,MuAt-compatible reimplementation,muat_compatible_qkv_attention,53.0,27.49692555766971,0.09814453125,2,,,,,
TCGA-LL-A7T0,tcga_mc3_wes,HRD_Score,MuAt-compatible reimplementation,muat_compatible_qkv_attention,34.0,15.963029010334585,-0.52587890625,3,,,,,
TCGA-LL-A8F5,tcga_mc3_wes,HRD_Score,MuAt-compatible reimplementation,muat_compatible_qkv_attention,85.0,63.50722390010746,1.8642578125,1,,,,,
TCGA-LL-A9Q3,tcga_mc3_wes,HRD_Score,MuAt-compatible reimplementation,muat_compatible_qkv_attention,14.0,13.583975004216876,-0.60009765625,2,,,,,
TCGA-OK-A5Q2,tcga_mc3_wes,HRD_Score,MuAt-compatible reimplementation,muat_compatible_qkv_attention,11.0,22.052952939409074,-0.22412109375,3,,,,,
TCGA-OL-A5D6,tcga_mc3_wes,HRD_Score,MuAt-compatible reimplementation,muat_compatible_qkv_attention,19.0,28.046557113738313,0.10400390625,1,,,,,
TCGA-OL-A5D7,tcga_mc3_wes,HRD_Score,MuAt-compatible reimplementation,muat_compatible_qkv_attention,43.0,32.03155941723315,0.293212890625,4,,,,,
TCGA-OL-A5D8,tcga_mc3_wes,HRD_Score,MuAt-compatible reimplementation,muat_compatible_qkv_attention,20.0,19.622459470501312,-0.320068359375,4,,,,,
TCGA-OL-A5DA,tcga_mc3_wes,HRD_Score,MuAt-compatible reimplementation,muat_compatible_qkv_attention,18.0,27.60900877751104,0.106689453125,5,,,,,
TCGA-OL-A5RU,tcga_mc3_wes,HRD_Score,MuAt-compatible reimplementation,muat_compatible_qkv_attention,2.0,25.308929700428642,-0.031890869140625,1,,,,,
TCGA-OL-A5RV,tcga_mc3_wes,HRD_Score,MuAt-compatible reimplementation,muat_compatible_qkv_attention,4.0,12.356375032921537,-0.70458984375,3,,,,,
TCGA-OL-A5RW,tcga_mc3_wes,HRD_Score,MuAt-compatible reimplementation,muat_compatible_qkv_attention,76.0,52.10369536462966,1.3505859375,5,,,,,
TCGA-OL-A5RX,tcga_mc3_wes,HRD_Score,MuAt-compatible reimplementation,muat_compatible_qkv_attention,6.0,5.316199807055874,-1.025390625,5,,,,,
TCGA-OL-A5RY,tcga_mc3_wes,HRD_Score,MuAt-compatible reimplementation,muat_compatible_qkv_attention,2.0,24.60931711231094,-0.0736083984375,4,,,,,
TCGA-OL-A5RZ,tcga_mc3_wes,HRD_Score,MuAt-compatible reimplementation,muat_compatible_qkv_attention,26.0,41.0913559021468,0.71923828125,3,,,,,
TCGA-OL-A5S0,tcga_mc3_wes,HRD_Score,MuAt-compatible reimplementation,muat_compatible_qkv_attention,53.0,15.73902293959436,-0.491943359375,2,,,,,
TCGA-OL-A66H,tcga_mc3_wes,HRD_Score,MuAt-compatible reimplementation,muat_compatible_qkv_attention,0.0,30.336007930528165,0.2176513671875,1,,,,,
TCGA-OL-A66I,tcga_mc3_wes,HRD_Score,MuAt-compatible reimplementation,muat_compatible_qkv_attention,51.0,30.695126541024493,0.2041015625,3,,,,,
TCGA-OL-A66J,tcga_mc3_wes,HRD_Score,MuAt-compatible reimplementation,muat_compatible_qkv_attention,9.0,30.381673696899615,0.242919921875,2,,,,,
TCGA-OL-A66K,tcga_mc3_wes,HRD_Score,MuAt-compatible reimplementation,muat_compatible_qkv_attention,8.0,15.033646075870353,-0.52734375,2,,,,,
TCGA-OL-A66L,tcga_mc3_wes,HRD_Score,MuAt-compatible reimplementation,muat_compatible_qkv_attention,9.0,19.2470249179728,-0.338623046875,4,,,,,
TCGA-OL-A66N,tcga_mc3_wes,HRD_Score,MuAt-compatible reimplementation,muat_compatible_qkv_attention,6.0,22.59820485580712,-0.147705078125,2,,,,,
TCGA-OL-A66O,tcga_mc3_wes,HRD_Score,MuAt-compatible reimplementation,muat_compatible_qkv_attention,10.0,9.06956307638323,-0.82666015625,2,,,,,
TCGA-OL-A66P,tcga_mc3_wes,HRD_Score,MuAt-compatible reimplementation,muat_compatible_qkv_attention,28.0,35.31574789185948,0.46484375,1,,,,,
TCGA-OL-A6VO,tcga_mc3_wes,HRD_Score,MuAt-compatible reimplementation,muat_compatible_qkv_attention,42.0,25.549755966753246,-0.027130126953125,4,,,,,
TCGA-OL-A6VQ,tcga_mc3_wes,HRD_Score,MuAt-compatible reimplementation,muat_compatible_qkv_attention,6.0,18.052129128398974,-0.42236328125,3,,,,,
TCGA-OL-A6VR,tcga_mc3_wes,HRD_Score,MuAt-compatible reimplementation,muat_compatible_qkv_attention,13.0,26.339527007351872,0.01190185546875,4,,,,,
TCGA-OL-A97C,tcga_mc3_wes,HRD_Score,MuAt-compatible reimplementation,muat_compatible_qkv_attention,10.0,28.79079353245872,0.1097412109375,3,,,,,
TCGA-PE-A5DD,tcga_mc3_wes,HRD_Score,MuAt-compatible reimplementation,muat_compatible_qkv_attention,21.0,18.267855482364524,-0.36767578125,5,,,,,
TCGA-PE-A5DE,tcga_mc3_wes,HRD_Score,MuAt-compatible reimplementation,muat_compatible_qkv_attention,16.0,13.210267594307844,-0.62451171875,5,,,,,
TCGA-PL-A8LV,tcga_mc3_wes,HRD_Score,MuAt-compatible reimplementation,muat_compatible_qkv_attention,55.0,53.832895773171586,1.3505859375,3,,,,,
TCGA-PL-A8LX,tcga_mc3_wes,HRD_Score,MuAt-compatible reimplementation,muat_compatible_qkv_attention,12.0,18.21987025671119,-0.3837890625,1,,,,,
TCGA-PL-A8LY,tcga_mc3_wes,HRD_Score,MuAt-compatible reimplementation,muat_compatible_qkv_attention,0.0,24.23320483149278,-0.1160888671875,3,,,,,
TCGA-PL-A8LZ,tcga_mc3_wes,HRD_Score,MuAt-compatible reimplementation,muat_compatible_qkv_attention,64.0,29.27982638908246,0.1876220703125,2,,,,,
TCGA-S3-A6ZF,tcga_mc3_wes,HRD_Score,MuAt-compatible reimplementation,muat_compatible_qkv_attention,38.0,21.219071470526046,-0.2169189453125,2,,,,,
TCGA-S3-A6ZG,tcga_mc3_wes,HRD_Score,MuAt-compatible reimplementation,muat_compatible_qkv_attention,20.0,28.721966568466478,0.1632080078125,5,,,,,
TCGA-S3-A6ZH,tcga_mc3_wes,HRD_Score,MuAt-compatible reimplementation,muat_compatible_qkv_attention,19.0,20.604378800939898,-0.2958984375,3,,,,,
TCGA-S3-AA0Z,tcga_mc3_wes,HRD_Score,MuAt-compatible reimplementation,muat_compatible_qkv_attention,35.0,31.499176820261358,0.275390625,1,,,,,
TCGA-S3-AA10,tcga_mc3_wes,HRD_Score,MuAt-compatible reimplementation,muat_compatible_qkv_attention,64.0,44.89019284133464,0.9287109375,4,,,,,
TCGA-S3-AA11,tcga_mc3_wes,HRD_Score,MuAt-compatible reimplementation,muat_compatible_qkv_attention,5.0,12.171827495619398,-0.67724609375,5,,,,,
TCGA-S3-AA12,tcga_mc3_wes,HRD_Score,MuAt-compatible reimplementation,muat_compatible_qkv_attention,19.0,29.61593446741154,0.173828125,4,,,,,
TCGA-S3-AA14,tcga_mc3_wes,HRD_Score,MuAt-compatible reimplementation,muat_compatible_qkv_attention,21.0,9.593239252093785,-0.81201171875,1,,,,,
TCGA-S3-AA17,tcga_mc3_wes,HRD_Score,MuAt-compatible reimplementation,muat_compatible_qkv_attention,72.0,48.5313115112912,1.087890625,3,,,,,
TCGA-UU-A93S,tcga_mc3_wes,HRD_Score,MuAt-compatible reimplementation,muat_compatible_qkv_attention,48.0,35.533561248428335,0.44384765625,3,,,,,
TCGA-V7-A7HQ,tcga_mc3_wes,HRD_Score,MuAt-compatible reimplementation,muat_compatible_qkv_attention,9.0,21.727429279209897,-0.19140625,2,,,,,
TCGA-W8-A86G,tcga_mc3_wes,HRD_Score,MuAt-compatible reimplementation,muat_compatible_qkv_attention,11.0,21.02318424913677,-0.275146484375,3,,,,,
TCGA-WT-AB41,tcga_mc3_wes,HRD_Score,MuAt-compatible reimplementation,muat_compatible_qkv_attention,28.0,8.806512360980921,-0.84814453125,5,,,,,
TCGA-WT-AB44,tcga_mc3_wes,HRD_Score,MuAt-compatible reimplementation,muat_compatible_qkv_attention,11.0,17.589984862387347,-0.402099609375,5,,,,,
TCGA-XX-A899,tcga_mc3_wes,HRD_Score,MuAt-compatible reimplementation,muat_compatible_qkv_attention,14.0,21.282275386943148,-0.238037109375,4,,,,,
TCGA-XX-A89A,tcga_mc3_wes,HRD_Score,MuAt-compatible reimplementation,muat_compatible_qkv_attention,12.0,30.855258035923296,0.2120361328125,3,,,,,
TCGA-Z7-A8R6,tcga_mc3_wes,HRD_Score,MuAt-compatible reimplementation,muat_compatible_qkv_attention,18.0,23.128295423534546,-0.14013671875,1,,,,,
TCGA-3C-AALI,tcga_mc3_wes,hrd_binary_33,MuAt-compatible reimplementation,muat_compatible_qkv_attention,0.0,,,3,0.0,0.6806640625,0,0.319091796875,1
TCGA-3C-AALJ,tcga_mc3_wes,hrd_binary_33,MuAt-compatible reimplementation,muat_compatible_qkv_attention,0.0,,,4,1.0,0.02264404296875,0,0.9775390625,1
TCGA-5L-AAT0,tcga_mc3_wes,hrd_binary_33,MuAt-compatible reimplementation,muat_compatible_qkv_attention,0.0,,,2,0.0,0.93603515625,0,0.06378173828125,1
TCGA-5T-A9QA,tcga_mc3_wes,hrd_binary_33,MuAt-compatible reimplementation,muat_compatible_qkv_attention,0.0,,,1,1.0,0.0115966796875,0,0.98828125,1
TCGA-A1-A0SB,tcga_mc3_wes,hrd_binary_33,MuAt-compatible reimplementation,muat_compatible_qkv_attention,0.0,,,1,0.0,0.970703125,0,0.02947998046875,1
TCGA-A1-A0SD,tcga_mc3_wes,hrd_binary_33,MuAt-compatible reimplementation,muat_compatible_qkv_attention,0.0,,,5,0.0,0.84912109375,0,0.151123046875,1
TCGA-A1-A0SE,tcga_mc3_wes,hrd_binary_33,MuAt-compatible reimplementation,muat_compatible_qkv_attention,0.0,,,3,0.0,0.697265625,0,0.302734375,1
TCGA-A1-A0SF,tcga_mc3_wes,hrd_binary_33,MuAt-compatible reimplementation,muat_compatible_qkv_attention,0.0,,,2,0.0,0.97265625,0,0.0272674560546875,1
TCGA-A1-A0SG,tcga_mc3_wes,hrd_binary_33,MuAt-compatible reimplementation,muat_compatible_qkv_attention,0.0,,,4,0.0,1.0,0,3.039836883544922e-06,1
TCGA-A1-A0SI,tcga_mc3_wes,hrd_binary_33,MuAt-compatible reimplementation,muat_compatible_qkv_attention,0.0,,,5,0.0,0.87744140625,0,0.12249755859375,1
TCGA-A1-A0SJ,tcga_mc3_wes,hrd_binary_33,MuAt-compatible reimplementation,muat_compatible_qkv_attention,0.0,,,3,0.0,0.6953125,0,0.3046875,1
TCGA-A1-A0SK,tcga_mc3_wes,hrd_binary_33,MuAt-compatible reimplementation,muat_compatible_qkv_attention,1.0,,,1,1.0,0.24462890625,0,0.75537109375,1
TCGA-A1-A0SO,tcga_mc3_wes,hrd_binary_33,MuAt-compatible reimplementation,muat_compatible_qkv_attention,1.0,,,5,1.0,0.143798828125,0,0.85595703125,1
TCGA-A1-A0SQ,tcga_mc3_wes,hrd_binary_33,MuAt-compatible reimplementation,muat_compatible_qkv_attention,0.0,,,2,0.0,0.955078125,0,0.0447998046875,1
TCGA-A2-A04N,tcga_mc3_wes,hrd_binary_33,MuAt-compatible reimplementation,muat_compatible_qkv_attention,0.0,,,5,0.0,0.8740234375,0,0.125732421875,1
TCGA-A2-A04P,tcga_mc3_wes,hrd_binary_33,MuAt-compatible reimplementation,muat_compatible_qkv_attention,1.0,,,1,0.0,0.60595703125,0,0.394287109375,1
TCGA-A2-A04Q,tcga_mc3_wes,hrd_binary_33,MuAt-compatible reimplementation,muat_compatible_qkv_attention,0.0,,,4,1.0,0.09759521484375,0,0.90234375,1
TCGA-A2-A04R,tcga_mc3_wes,hrd_binary_33,MuAt-compatible reimplementation,muat_compatible_qkv_attention,1.0,,,4,0.0,0.98046875,0,0.0194244384765625,1
TCGA-A2-A04T,tcga_mc3_wes,hrd_binary_33,MuAt-compatible reimplementation,muat_compatible_qkv_attention,1.0,,,4,1.0,0.0005388259887695312,0,0.99951171875,1
TCGA-A2-A04U,tcga_mc3_wes,hrd_binary_33,MuAt-compatible reimplementation,muat_compatible_qkv_attention,1.0,,,5,1.0,0.1549072265625,0,0.84521484375,1
TCGA-A2-A04V,tcga_mc3_wes,hrd_binary_33,MuAt-compatible reimplementation,muat_compatible_qkv_attention,0.0,,,4,1.0,0.13623046875,0,0.86376953125,1
TCGA-A2-A04W,tcga_mc3_wes,hrd_binary_33,MuAt-compatible reimplementation,muat_compatible_qkv_attention,0.0,,,1,0.0,0.9765625,0,0.02362060546875,1
TCGA-A2-A04Y,tcga_mc3_wes,hrd_binary_33,MuAt-compatible reimplementation,muat_compatible_qkv_attention,0.0,,,4,0.0,0.83740234375,0,0.16259765625,1
TCGA-A2-A0CM,tcga_mc3_wes,hrd_binary_33,MuAt-compatible reimplementation,muat_compatible_qkv_attention,1.0,,,4,0.0,0.958984375,0,0.0411376953125,1
TCGA-A2-A0CP,tcga_mc3_wes,hrd_binary_33,MuAt-compatible reimplementation,muat_compatible_qkv_attention,0.0,,,4,0.0,0.99951171875,0,0.00037550926208496094,1
TCGA-A2-A0CR,tcga_mc3_wes,hrd_binary_33,MuAt-compatible reimplementation,muat_compatible_qkv_attention,0.0,,,4,0.0,1.0,0,3.6954879760742188e-06,1
TCGA-A2-A0CS,tcga_mc3_wes,hrd_binary_33,MuAt-compatible reimplementation,muat_compatible_qkv_attention,0.0,,,3,0.0,0.6337890625,0,0.3662109375,1
TCGA-A2-A0CT,tcga_mc3_wes,hrd_binary_33,MuAt-compatible reimplementation,muat_compatible_qkv_attention,0.0,,,4,0.0,1.0,0,6.252527236938477e-05,1
TCGA-A2-A0CU,tcga_mc3_wes,hrd_binary_33,MuAt-compatible reimplementation,muat_compatible_qkv_attention,0.0,,,1,1.0,0.307373046875,0,0.6923828125,1
TCGA-A2-A0CV,tcga_mc3_wes,hrd_binary_33,MuAt-compatible reimplementation,muat_compatible_qkv_attention,0.0,,,5,0.0,0.935546875,0,0.0643310546875,1
TCGA-A2-A0CW,tcga_mc3_wes,hrd_binary_33,MuAt-compatible reimplementation,muat_compatible_qkv_attention,1.0,,,5,0.0,0.64404296875,0,0.356201171875,1
TCGA-A2-A0CX,tcga_mc3_wes,hrd_binary_33,MuAt-compatible reimplementation,muat_compatible_qkv_attention,0.0,,,2,0.0,0.916015625,0,0.08416748046875,1
TCGA-A2-A0D0,tcga_mc3_wes,hrd_binary_33,MuAt-compatible reimplementation,muat_compatible_qkv_attention,1.0,,,5,1.0,0.353759765625,0,0.64599609375,1
TCGA-A2-A0D1,tcga_mc3_wes,hrd_binary_33,MuAt-compatible reimplementation,muat_compatible_qkv_attention,0.0,,,5,0.0,0.90673828125,0,0.09307861328125,1
TCGA-A2-A0D3,tcga_mc3_wes,hrd_binary_33,MuAt-compatible reimplementation,muat_compatible_qkv_attention,0.0,,,2,0.0,0.97119140625,0,0.0289459228515625,1
TCGA-A2-A0D4,tcga_mc3_wes,hrd_binary_33,MuAt-compatible reimplementation,muat_compatible_qkv_attention,0.0,,,3,0.0,0.67431640625,0,0.32568359375,1
TCGA-A2-A0EM,tcga_mc3_wes,hrd_binary_33,MuAt-compatible reimplementation,muat_compatible_qkv_attention,0.0,,,1,0.0,0.9892578125,0,0.0108795166015625,1
TCGA-A2-A0EN,tcga_mc3_wes,hrd_binary_33,MuAt-compatible reimplementation,muat_compatible_qkv_attention,0.0,,,4,0.0,0.99951171875,0,0.00045752525329589844,1
TCGA-A2-A0ES,tcga_mc3_wes,hrd_binary_33,MuAt-compatible reimplementation,muat_compatible_qkv_attention,0.0,,,1,0.0,0.99951171875,0,0.0006361007690429688,1
TCGA-A2-A0EU,tcga_mc3_wes,hrd_binary_33,MuAt-compatible reimplementation,muat_compatible_qkv_attention,0.0,,,1,0.0,0.939453125,0,0.060394287109375,1
TCGA-A2-A0EV,tcga_mc3_wes,hrd_binary_33,MuAt-compatible reimplementation,muat_compatible_qkv_attention,0.0,,,5,0.0,0.73876953125,0,0.26123046875,1
TCGA-A2-A0EW,tcga_mc3_wes,hrd_binary_33,MuAt-compatible reimplementation,muat_compatible_qkv_attention,0.0,,,4,1.0,0.004665374755859375,0,0.9951171875,1
TCGA-A2-A0EX,tcga_mc3_wes,hrd_binary_33,MuAt-compatible reimplementation,muat_compatible_qkv_attention,0.0,,,2,0.0,0.994140625,0,0.005706787109375,1
TCGA-A2-A0EY,tcga_mc3_wes,hrd_binary_33,MuAt-compatible reimplementation,muat_compatible_qkv_attention,1.0,,,1,0.0,0.984375,0,0.01560211181640625,1
TCGA-A2-A0SU,tcga_mc3_wes,hrd_binary_33,MuAt-compatible reimplementation,muat_compatible_qkv_attention,0.0,,,3,0.0,0.61669921875,0,0.383544921875,1
TCGA-A2-A0SV,tcga_mc3_wes,hrd_binary_33,MuAt-compatible reimplementation,muat_compatible_qkv_attention,1.0,,,4,0.0,0.97705078125,0,0.0230865478515625,1
TCGA-A2-A0SW,tcga_mc3_wes,hrd_binary_33,MuAt-compatible reimplementation,muat_compatible_qkv_attention,0.0,,,1,0.0,0.65576171875,0,0.34423828125,1
TCGA-A2-A0SX,tcga_mc3_wes,hrd_binary_33,MuAt-compatible reimplementation,muat_compatible_qkv_attention,1.0,,,2,0.0,0.763671875,0,0.2362060546875,1
TCGA-A2-A0SY,tcga_mc3_wes,hrd_binary_33,MuAt-compatible reimplementation,muat_compatible_qkv_attention,0.0,,,4,0.0,1.0,0,1.1026859283447266e-05,1
TCGA-A2-A0T0,tcga_mc3_wes,hrd_binary_33,MuAt-compatible reimplementation,muat_compatible_qkv_attention,1.0,,,3,0.0,0.6181640625,0,0.3818359375,1
TCGA-A2-A0T1,tcga_mc3_wes,hrd_binary_33,MuAt-compatible reimplementation,muat_compatible_qkv_attention,0.0,,,1,0.0,0.99658203125,0,0.0033969879150390625,1
TCGA-A2-A0T2,tcga_mc3_wes,hrd_binary_33,MuAt-compatible reimplementation,muat_compatible_qkv_attention,0.0,,,4,1.0,0.0009126663208007812,0,0.9990234375,1
TCGA-A2-A0T3,tcga_mc3_wes,hrd_binary_33,MuAt-compatible reimplementation,muat_compatible_qkv_attention,1.0,,,5,0.0,0.7265625,0,0.2734375,1
TCGA-A2-A0T4,tcga_mc3_wes,hrd_binary_33,MuAt-compatible reimplementation,muat_compatible_qkv_attention,0.0,,,5,0.0,0.845703125,0,0.1541748046875,1
TCGA-A2-A0T5,tcga_mc3_wes,hrd_binary_33,MuAt-compatible reimplementation,muat_compatible_qkv_attention,0.0,,,3,0.0,0.7177734375,0,0.2822265625,1
TCGA-A2-A0T6,tcga_mc3_wes,hrd_binary_33,MuAt-compatible reimplementation,muat_compatible_qkv_attention,0.0,,,3,0.0,0.71435546875,0,0.285888671875,1
TCGA-A2-A0T7,tcga_mc3_wes,hrd_binary_33,MuAt-compatible reimplementation,muat_compatible_qkv_attention,0.0,,,5,0.0,0.97412109375,0,0.025909423828125,1
TCGA-A2-A0YC,tcga_mc3_wes,hrd_binary_33,MuAt-compatible reimplementation,muat_compatible_qkv_attention,0.0,,,1,0.0,0.998046875,0,0.0020198822021484375,1
TCGA-A2-A0YD,tcga_mc3_wes,hrd_binary_33,MuAt-compatible reimplementation,muat_compatible_qkv_attention,0.0,,,4,0.0,1.0,0,7.516145706176758e-05,1
TCGA-A2-A0YE,tcga_mc3_wes,hrd_binary_33,MuAt-compatible reimplementation,muat_compatible_qkv_attention,1.0,,,1,0.0,0.9951171875,0,0.004756927490234375,1
TCGA-A2-A0YF,tcga_mc3_wes,hrd_binary_33,MuAt-compatible reimplementation,muat_compatible_qkv_attention,0.0,,,2,0.0,0.8720703125,0,0.1280517578125,1
TCGA-A2-A0YG,tcga_mc3_wes,hrd_binary_33,MuAt-compatible reimplementation,muat_compatible_qkv_attention,0.0,,,1,1.0,0.07354736328125,0,0.92626953125,1
TCGA-A2-A0YH,tcga_mc3_wes,hrd_binary_33,MuAt-compatible reimplementation,muat_compatible_qkv_attention,0.0,,,5,0.0,0.95947265625,0,0.040679931640625,1
TCGA-A2-A0YJ,tcga_mc3_wes,hrd_binary_33,MuAt-compatible reimplementation,muat_compatible_qkv_attention,0.0,,,2,0.0,0.7978515625,0,0.202392578125,1
TCGA-A2-A0YK,tcga_mc3_wes,hrd_binary_33,MuAt-compatible reimplementation,muat_compatible_qkv_attention,0.0,,,5,0.0,0.87109375,0,0.128662109375,1
TCGA-A2-A0YL,tcga_mc3_wes,hrd_binary_33,MuAt-compatible reimplementation,muat_compatible_qkv_attention,0.0,,,5,0.0,0.951171875,0,0.048980712890625,1
TCGA-A2-A0YM,tcga_mc3_wes,hrd_binary_33,MuAt-compatible reimplementation,muat_compatible_qkv_attention,1.0,,,1,0.0,0.85205078125,0,0.1480712890625,1
TCGA-A2-A0YT,tcga_mc3_wes,hrd_binary_33,MuAt-compatible reimplementation,muat_compatible_qkv_attention,1.0,,,2,0.0,0.9814453125,0,0.0183563232421875,1
TCGA-A2-A1FV,tcga_mc3_wes,hrd_binary_33,MuAt-compatible reimplementation,muat_compatible_qkv_attention,1.0,,,5,0.0,0.912109375,0,0.08795166015625,1
TCGA-A2-A1FX,tcga_mc3_wes,hrd_binary_33,MuAt-compatible reimplementation,muat_compatible_qkv_attention,0.0,,,1,0.0,0.99462890625,0,0.005523681640625,1
TCGA-A2-A1FZ,tcga_mc3_wes,hrd_binary_33,MuAt-compatible reimplementation,muat_compatible_qkv_attention,0.0,,,4,0.0,0.73388671875,0,0.265869140625,1
TCGA-A2-A1G0,tcga_mc3_wes,hrd_binary_33,MuAt-compatible reimplementation,muat_compatible_qkv_attention,0.0,,,2,0.0,0.9970703125,0,0.0029296875,1
TCGA-A2-A1G1,tcga_mc3_wes,hrd_binary_33,MuAt-compatible reimplementation,muat_compatible_qkv_attention,0.0,,,4,0.0,0.9384765625,0,0.0615234375,1
TCGA-A2-A1G4,tcga_mc3_wes,hrd_binary_33,MuAt-compatible reimplementation,muat_compatible_qkv_attention,0.0,,,1,0.0,0.99853515625,0,0.0013408660888671875,1
TCGA-A2-A259,tcga_mc3_wes,hrd_binary_33,MuAt-compatible reimplementation,muat_compatible_qkv_attention,0.0,,,2,0.0,0.93994140625,0,0.060150146484375,1
TCGA-A2-A25A,tcga_mc3_wes,hrd_binary_33,MuAt-compatible reimplementation,muat_compatible_qkv_attention,0.0,,,1,0.0,0.89892578125,0,0.10113525390625,1
TCGA-A2-A25C,tcga_mc3_wes,hrd_binary_33,MuAt-compatible reimplementation,muat_compatible_qkv_attention,0.0,,,2,0.0,0.79443359375,0,0.205322265625,1
TCGA-A2-A25D,tcga_mc3_wes,hrd_binary_33,MuAt-compatible reimplementation,muat_compatible_qkv_attention,1.0,,,2,0.0,0.8671875,0,0.1329345703125,1
TCGA-A2-A25E,tcga_mc3_wes,hrd_binary_33,MuAt-compatible reimplementation,muat_compatible_qkv_attention,1.0,,,1,0.0,0.6396484375,0,0.360595703125,1
TCGA-A2-A3KD,tcga_mc3_wes,hrd_binary_33,MuAt-compatible reimplementation,muat_compatible_qkv_attention,0.0,,,2,0.0,0.8974609375,0,0.10247802734375,1
TCGA-A2-A3XU,tcga_mc3_wes,hrd_binary_33,MuAt-compatible reimplementation,muat_compatible_qkv_attention,0.0,,,2,0.0,0.91357421875,0,0.08660888671875,1
TCGA-A2-A3Y0,tcga_mc3_wes,hrd_binary_33,MuAt-compatible reimplementation,muat_compatible_qkv_attention,1.0,,,5,1.0,0.1654052734375,0,0.83447265625,1
TCGA-A2-A4S1,tcga_mc3_wes,hrd_binary_33,MuAt-compatible reimplementation,muat_compatible_qkv_attention,0.0,,,1,0.0,0.98388671875,0,0.0161590576171875,1
TCGA-A2-A4S3,tcga_mc3_wes,hrd_binary_33,MuAt-compatible reimplementation,muat_compatible_qkv_attention,1.0,,,3,0.0,0.6376953125,0,0.362060546875,1
TCGA-A7-A0CE,tcga_mc3_wes,hrd_binary_33,MuAt-compatible reimplementation,muat_compatible_qkv_attention,1.0,,,2,0.0,0.66650390625,0,0.333740234375,1
TCGA-A7-A0CG,tcga_mc3_wes,hrd_binary_33,MuAt-compatible reimplementation,muat_compatible_qkv_attention,0.0,,,1,0.0,0.99169921875,0,0.00846099853515625,1
TCGA-A7-A0CH,tcga_mc3_wes,hrd_binary_33,MuAt-compatible reimplementation,muat_compatible_qkv_attention,0.0,,,5,0.0,0.9140625,0,0.08612060546875,1
TCGA-A7-A0CJ,tcga_mc3_wes,hrd_binary_33,MuAt-compatible reimplementation,muat_compatible_qkv_attention,1.0,,,2,0.0,0.91064453125,0,0.0892333984375,1
TCGA-A7-A0D9,tcga_mc3_wes,hrd_binary_33,MuAt-compatible reimplementation,muat_compatible_qkv_attention,0.0,,,3,0.0,0.697265625,0,0.302734375,1
TCGA-A7-A0DA,tcga_mc3_wes,hrd_binary_33,MuAt-compatible reimplementation,muat_compatible_qkv_attention,1.0,,,4,1.0,0.00258636474609375,0,0.99755859375,1
TCGA-A7-A0DB,tcga_mc3_wes,hrd_binary_33,MuAt-compatible reimplementation,muat_compatible_qkv_attention,0.0,,,4,0.0,0.8544921875,0,0.1453857421875,1
TCGA-A7-A13D,tcga_mc3_wes,hrd_binary_33,MuAt-compatible reimplementation,muat_compatible_qkv_attention,1.0,,,2,0.0,0.67333984375,0,0.326904296875,1
TCGA-A7-A13E,tcga_mc3_wes,hrd_binary_33,MuAt-compatible reimplementation,muat_compatible_qkv_attention,0.0,,,2,0.0,0.80859375,0,0.1915283203125,1
TCGA-A7-A13F,tcga_mc3_wes,hrd_binary_33,MuAt-compatible reimplementation,muat_compatible_qkv_attention,0.0,,,4,0.0,1.0,0,3.2067298889160156e-05,1
TCGA-A7-A26E,tcga_mc3_wes,hrd_binary_33,MuAt-compatible reimplementation,muat_compatible_qkv_attention,0.0,,,2,0.0,0.9912109375,0,0.00894927978515625,1
TCGA-A7-A26H,tcga_mc3_wes,hrd_binary_33,MuAt-compatible reimplementation,muat_compatible_qkv_attention,0.0,,,4,0.0,1.0,0,6.198883056640625e-06,1
TCGA-A7-A26I,tcga_mc3_wes,hrd_binary_33,MuAt-compatible reimplementation,muat_compatible_qkv_attention,1.0,,,2,0.0,0.88427734375,0,0.1156005859375,1
TCGA-A7-A26J,tcga_mc3_wes,hrd_binary_33,MuAt-compatible reimplementation,muat_compatible_qkv_attention,0.0,,,2,0.0,0.72216796875,0,0.27783203125,1
TCGA-A7-A4SE,tcga_mc3_wes,hrd_binary_33,MuAt-compatible reimplementation,muat_compatible_qkv_attention,1.0,,,3,0.0,0.6201171875,0,0.3798828125,1
TCGA-A7-A56D,tcga_mc3_wes,hrd_binary_33,MuAt-compatible reimplementation,muat_compatible_qkv_attention,1.0,,,1,1.0,0.1942138671875,0,0.8056640625,1
TCGA-A7-A5ZV,tcga_mc3_wes,hrd_binary_33,MuAt-compatible reimplementation,muat_compatible_qkv_attention,1.0,,,4,1.0,2.4497509002685547e-05,0,1.0,1
TCGA-A7-A5ZW,tcga_mc3_wes,hrd_binary_33,MuAt-compatible reimplementation,muat_compatible_qkv_attention,0.0,,,5,0.0,0.81982421875,0,0.1800537109375,1
TCGA-A7-A5ZX,tcga_mc3_wes,hrd_binary_33,MuAt-compatible reimplementation,muat_compatible_qkv_attention,0.0,,,3,0.0,0.66552734375,0,0.33447265625,1
TCGA-A7-A6VW,tcga_mc3_wes,hrd_binary_33,MuAt-compatible reimplementation,muat_compatible_qkv_attention,1.0,,,2,0.0,0.69140625,0,0.30859375,1
TCGA-A7-A6VX,tcga_mc3_wes,hrd_binary_33,MuAt-compatible reimplementation,muat_compatible_qkv_attention,1.0,,,1,0.0,0.8642578125,0,0.1357421875,1
TCGA-A7-A6VY,tcga_mc3_wes,hrd_binary_33,MuAt-compatible reimplementation,muat_compatible_qkv_attention,1.0,,,4,1.0,0.00010311603546142578,0,1.0,1
TCGA-A8-A06P,tcga_mc3_wes,hrd_binary_33,MuAt-compatible reimplementation,muat_compatible_qkv_attention,0.0,,,2,0.0,0.98876953125,0,0.0112457275390625,1
TCGA-A8-A06Q,tcga_mc3_wes,hrd_binary_33,MuAt-compatible reimplementation,muat_compatible_qkv_attention,1.0,,,4,0.0,1.0,0,0.00013875961303710938,1
TCGA-A8-A06R,tcga_mc3_wes,hrd_binary_33,MuAt-compatible reimplementation,muat_compatible_qkv_attention,1.0,,,5,0.0,0.5380859375,0,0.462158203125,1
TCGA-A8-A06U,tcga_mc3_wes,hrd_binary_33,MuAt-compatible reimplementation,muat_compatible_qkv_attention,1.0,,,3,0.0,0.67822265625,0,0.322021484375,1
TCGA-A8-A06X,tcga_mc3_wes,hrd_binary_33,MuAt-compatible reimplementation,muat_compatible_qkv_attention,1.0,,,5,1.0,0.09912109375,0,0.90087890625,1
TCGA-A8-A06Y,tcga_mc3_wes,hrd_binary_33,MuAt-compatible reimplementation,muat_compatible_qkv_attention,0.0,,,1,0.0,1.0,0,7.092952728271484e-06,1
TCGA-A8-A06Z,tcga_mc3_wes,hrd_binary_33,MuAt-compatible reimplementation,muat_compatible_qkv_attention,0.0,,,3,0.0,0.6103515625,0,0.389892578125,1
TCGA-A8-A075,tcga_mc3_wes,hrd_binary_33,MuAt-compatible reimplementation,muat_compatible_qkv_attention,1.0,,,2,0.0,0.9521484375,0,0.047943115234375,1
TCGA-A8-A076,tcga_mc3_wes,hrd_binary_33,MuAt-compatible reimplementation,muat_compatible_qkv_attention,0.0,,,4,1.0,5.08427619934082e-05,0,1.0,1
TCGA-A8-A079,tcga_mc3_wes,hrd_binary_33,MuAt-compatible reimplementation,muat_compatible_qkv_attention,0.0,,,4,1.0,0.023468017578125,0,0.9765625,1
TCGA-A8-A07B,tcga_mc3_wes,hrd_binary_33,MuAt-compatible reimplementation,muat_compatible_qkv_attention,0.0,,,3,0.0,0.6787109375,0,0.321044921875,1
TCGA-A8-A07I,tcga_mc3_wes,hrd_binary_33,MuAt-compatible reimplementation,muat_compatible_qkv_attention,0.0,,,5,0.0,0.62451171875,0,0.375732421875,1
TCGA-A8-A07J,tcga_mc3_wes,hrd_binary_33,MuAt-compatible reimplementation,muat_compatible_qkv_attention,0.0,,,3,0.0,0.66748046875,0,0.332275390625,1
TCGA-A8-A07L,tcga_mc3_wes,hrd_binary_33,MuAt-compatible reimplementation,muat_compatible_qkv_attention,1.0,,,5,0.0,0.5693359375,0,0.4306640625,1
TCGA-A8-A07O,tcga_mc3_wes,hrd_binary_33,MuAt-compatible reimplementation,muat_compatible_qkv_attention,0.0,,,4,0.0,0.99755859375,0,0.0022220611572265625,1
TCGA-A8-A07P,tcga_mc3_wes,hrd_binary_33,MuAt-compatible reimplementation,muat_compatible_qkv_attention,0.0,,,1,0.0,0.99853515625,0,0.0016040802001953125,1
TCGA-A8-A07U,tcga_mc3_wes,hrd_binary_33,MuAt-compatible reimplementation,muat_compatible_qkv_attention,1.0,,,3,0.0,0.6669921875,0,0.332763671875,1
TCGA-A8-A07W,tcga_mc3_wes,hrd_binary_33,MuAt-compatible reimplementation,muat_compatible_qkv_attention,0.0,,,5,1.0,0.2254638671875,0,0.7744140625,1
TCGA-A8-A07Z,tcga_mc3_wes,hrd_binary_33,MuAt-compatible reimplementation,muat_compatible_qkv_attention,0.0,,,2,0.0,0.96435546875,0,0.0355224609375,1
TCGA-A8-A081,tcga_mc3_wes,hrd_binary_33,MuAt-compatible reimplementation,muat_compatible_qkv_attention,1.0,,,5,0.0,0.71630859375,0,0.283935546875,1
TCGA-A8-A082,tcga_mc3_wes,hrd_binary_33,MuAt-compatible reimplementation,muat_compatible_qkv_attention,0.0,,,4,1.0,0.1529541015625,0,0.84716796875,1
TCGA-A8-A083,tcga_mc3_wes,hrd_binary_33,MuAt-compatible reimplementation,muat_compatible_qkv_attention,0.0,,,5,0.0,0.75,0,0.25,1
TCGA-A8-A08B,tcga_mc3_wes,hrd_binary_33,MuAt-compatible reimplementation,muat_compatible_qkv_attention,0.0,,,3,0.0,0.71484375,0,0.285400390625,1
TCGA-A8-A08G,tcga_mc3_wes,hrd_binary_33,MuAt-compatible reimplementation,muat_compatible_qkv_attention,0.0,,,5,0.0,0.7392578125,0,0.2607421875,1
TCGA-A8-A08H,tcga_mc3_wes,hrd_binary_33,MuAt-compatible reimplementation,muat_compatible_qkv_attention,0.0,,,3,0.0,0.76220703125,0,0.2376708984375,1
TCGA-A8-A08L,tcga_mc3_wes,hrd_binary_33,MuAt-compatible reimplementation,muat_compatible_qkv_attention,1.0,,,5,1.0,0.07196044921875,0,0.92822265625,1
TCGA-A8-A08O,tcga_mc3_wes,hrd_binary_33,MuAt-compatible reimplementation,muat_compatible_qkv_attention,0.0,,,3,0.0,0.6533203125,0,0.346923828125,1
TCGA-A8-A08R,tcga_mc3_wes,hrd_binary_33,MuAt-compatible reimplementation,muat_compatible_qkv_attention,1.0,,,3,0.0,0.591796875,0,0.408447265625,1
TCGA-A8-A08T,tcga_mc3_wes,hrd_binary_33,MuAt-compatible reimplementation,muat_compatible_qkv_attention,0.0,,,4,0.0,1.0,0,0.00015056133270263672,1
TCGA-A8-A08X,tcga_mc3_wes,hrd_binary_33,MuAt-compatible reimplementation,muat_compatible_qkv_attention,1.0,,,4,0.0,0.99951171875,0,0.000415802001953125,1
TCGA-A8-A08Z,tcga_mc3_wes,hrd_binary_33,MuAt-compatible reimplementation,muat_compatible_qkv_attention,0.0,,,3,0.0,0.71923828125,0,0.28076171875,1
TCGA-A8-A090,tcga_mc3_wes,hrd_binary_33,MuAt-compatible reimplementation,muat_compatible_qkv_attention,0.0,,,1,0.0,0.97998046875,0,0.0201568603515625,1
TCGA-A8-A091,tcga_mc3_wes,hrd_binary_33,MuAt-compatible reimplementation,muat_compatible_qkv_attention,0.0,,,5,0.0,0.99169921875,0,0.00836181640625,1
TCGA-A8-A092,tcga_mc3_wes,hrd_binary_33,MuAt-compatible reimplementation,muat_compatible_qkv_attention,0.0,,,3,0.0,0.71630859375,0,0.283447265625,1
TCGA-A8-A093,tcga_mc3_wes,hrd_binary_33,MuAt-compatible reimplementation,muat_compatible_qkv_attention,0.0,,,1,0.0,0.8759765625,0,0.12396240234375,1
TCGA-A8-A094,tcga_mc3_wes,hrd_binary_33,MuAt-compatible reimplementation,muat_compatible_qkv_attention,1.0,,,3,0.0,0.6796875,0,0.3203125,1
TCGA-A8-A095,tcga_mc3_wes,hrd_binary_33,MuAt-compatible reimplementation,muat_compatible_qkv_attention,0.0,,,5,0.0,0.7880859375,0,0.211669921875,1
TCGA-A8-A096,tcga_mc3_wes,hrd_binary_33,MuAt-compatible reimplementation,muat_compatible_qkv_attention,0.0,,,2,0.0,0.9462890625,0,0.053863525390625,1
TCGA-A8-A097,tcga_mc3_wes,hrd_binary_33,MuAt-compatible reimplementation,muat_compatible_qkv_attention,1.0,,,5,1.0,0.181884765625,0,0.818359375,1
TCGA-A8-A099,tcga_mc3_wes,hrd_binary_33,MuAt-compatible reimplementation,muat_compatible_qkv_attention,0.0,,,2,0.0,0.87060546875,0,0.129150390625,1
TCGA-A8-A09A,tcga_mc3_wes,hrd_binary_33,MuAt-compatible reimplementation,muat_compatible_qkv_attention,1.0,,,4,1.0,0.000255584716796875,0,0.99951171875,1
TCGA-A8-A09B,tcga_mc3_wes,hrd_binary_33,MuAt-compatible reimplementation,muat_compatible_qkv_attention,0.0,,,1,0.0,0.99951171875,0,0.000537872314453125,1
TCGA-A8-A09C,tcga_mc3_wes,hrd_binary_33,MuAt-compatible reimplementation,muat_compatible_qkv_attention,0.0,,,2,0.0,0.9072265625,0,0.0927734375,1
TCGA-A8-A09D,tcga_mc3_wes,hrd_binary_33,MuAt-compatible reimplementation,muat_compatible_qkv_attention,0.0,,,2,0.0,0.92236328125,0,0.0775146484375,1
TCGA-A8-A09G,tcga_mc3_wes,hrd_binary_33,MuAt-compatible reimplementation,muat_compatible_qkv_attention,0.0,,,4,0.0,1.0,0,2.5391578674316406e-05,1
TCGA-A8-A09M,tcga_mc3_wes,hrd_binary_33,MuAt-compatible reimplementation,muat_compatible_qkv_attention,1.0,,,1,0.0,0.98876953125,0,0.01111602783203125,1
TCGA-A8-A09N,tcga_mc3_wes,hrd_binary_33,MuAt-compatible reimplementation,muat_compatible_qkv_attention,0.0,,,3,0.0,0.6904296875,0,0.309326171875,1
TCGA-A8-A09Q,tcga_mc3_wes,hrd_binary_33,MuAt-compatible reimplementation,muat_compatible_qkv_attention,1.0,,,4,1.0,0.00815582275390625,0,0.99169921875,1
TCGA-A8-A09T,tcga_mc3_wes,hrd_binary_33,MuAt-compatible reimplementation,muat_compatible_qkv_attention,0.0,,,2,0.0,0.81201171875,0,0.188232421875,1
TCGA-A8-A09V,tcga_mc3_wes,hrd_binary_33,MuAt-compatible reimplementation,muat_compatible_qkv_attention,0.0,,,5,0.0,0.859375,0,0.140625,1
TCGA-A8-A09W,tcga_mc3_wes,hrd_binary_33,MuAt-compatible reimplementation,muat_compatible_qkv_attention,1.0,,,5,0.0,0.64599609375,0,0.354248046875,1
TCGA-A8-A09X,tcga_mc3_wes,hrd_binary_33,MuAt-compatible reimplementation,muat_compatible_qkv_attention,0.0,,,5,0.0,0.9111328125,0,0.08880615234375,1
TCGA-A8-A09Z,tcga_mc3_wes,hrd_binary_33,MuAt-compatible reimplementation,muat_compatible_qkv_attention,0.0,,,3,0.0,0.615234375,0,0.384765625,1
TCGA-A8-A0A1,tcga_mc3_wes,hrd_binary_33,MuAt-compatible reimplementation,muat_compatible_qkv_attention,0.0,,,4,0.0,1.0,0,2.9206275939941406e-06,1
TCGA-A8-A0A2,tcga_mc3_wes,hrd_binary_33,MuAt-compatible reimplementation,muat_compatible_qkv_attention,0.0,,,5,0.0,0.93359375,0,0.06658935546875,1
TCGA-A8-A0A4,tcga_mc3_wes,hrd_binary_33,MuAt-compatible reimplementation,muat_compatible_qkv_attention,0.0,,,1,0.0,0.97607421875,0,0.0238037109375,1
TCGA-A8-A0A6,tcga_mc3_wes,hrd_binary_33,MuAt-compatible reimplementation,muat_compatible_qkv_attention,0.0,,,1,0.0,0.9990234375,0,0.0010042190551757812,1
TCGA-A8-A0A7,tcga_mc3_wes,hrd_binary_33,MuAt-compatible reimplementation,muat_compatible_qkv_attention,0.0,,,3,0.0,0.74267578125,0,0.257080078125,1
TCGA-A8-A0AB,tcga_mc3_wes,hrd_binary_33,MuAt-compatible reimplementation,muat_compatible_qkv_attention,0.0,,,1,0.0,0.9990234375,0,0.0009365081787109375,1
TCGA-A8-A0AD,tcga_mc3_wes,hrd_binary_33,MuAt-compatible reimplementation,muat_compatible_qkv_attention,0.0,,,5,0.0,0.9296875,0,0.0701904296875,1
TCGA-AC-A23C,tcga_mc3_wes,hrd_binary_33,MuAt-compatible reimplementation,muat_compatible_qkv_attention,0.0,,,2,0.0,0.86376953125,0,0.136474609375,1
TCGA-AC-A23E,tcga_mc3_wes,hrd_binary_33,MuAt-compatible reimplementation,muat_compatible_qkv_attention,0.0,,,4,0.0,0.80224609375,0,0.1978759765625,1
TCGA-AC-A23H,tcga_mc3_wes,hrd_binary_33,MuAt-compatible reimplementation,muat_compatible_qkv_attention,0.0,,,5,1.0,0.41796875,0,0.58203125,1
TCGA-AC-A2B8,tcga_mc3_wes,hrd_binary_33,MuAt-compatible reimplementation,muat_compatible_qkv_attention,0.0,,,2,0.0,0.974609375,0,0.0252532958984375,1
TCGA-AC-A2FB,tcga_mc3_wes,hrd_binary_33,MuAt-compatible reimplementation,muat_compatible_qkv_attention,0.0,,,1,0.0,1.0,0,9.721517562866211e-05,1
TCGA-AC-A2FG,tcga_mc3_wes,hrd_binary_33,MuAt-compatible reimplementation,muat_compatible_qkv_attention,0.0,,,4,0.0,1.0,0,3.3974647521972656e-06,1
TCGA-AC-A2FO,tcga_mc3_wes,hrd_binary_33,MuAt-compatible reimplementation,muat_compatible_qkv_attention,0.0,,,5,0.0,0.5888671875,0,0.411376953125,1
TCGA-AC-A2QH,tcga_mc3_wes,hrd_binary_33,MuAt-compatible reimplementation,muat_compatible_qkv_attention,1.0,,,5,0.0,0.80126953125,0,0.198974609375,1
TCGA-AC-A3OD,tcga_mc3_wes,hrd_binary_33,MuAt-compatible reimplementation,muat_compatible_qkv_attention,0.0,,,2,0.0,0.99365234375,0,0.00647735595703125,1
TCGA-AC-A3QQ,tcga_mc3_wes,hrd_binary_33,MuAt-compatible reimplementation,muat_compatible_qkv_attention,0.0,,,3,0.0,0.6572265625,0,0.3427734375,1
TCGA-AC-A3YI,tcga_mc3_wes,hrd_binary_33,MuAt-compatible reimplementation,muat_compatible_qkv_attention,0.0,,,5,0.0,0.91552734375,0,0.08465576171875,1
TCGA-AC-A4ZE,tcga_mc3_wes,hrd_binary_33,MuAt-compatible reimplementation,muat_compatible_qkv_attention,0.0,,,4,0.0,0.984375,0,0.01549530029296875,1
TCGA-AC-A5EH,tcga_mc3_wes,hrd_binary_33,MuAt-compatible reimplementation,muat_compatible_qkv_attention,1.0,,,2,0.0,0.68994140625,0,0.31005859375,1
TCGA-AC-A5XS,tcga_mc3_wes,hrd_binary_33,MuAt-compatible reimplementation,muat_compatible_qkv_attention,0.0,,,5,1.0,0.456787109375,0,0.54296875,1
TCGA-AC-A5XU,tcga_mc3_wes,hrd_binary_33,MuAt-compatible reimplementation,muat_compatible_qkv_attention,0.0,,,2,0.0,0.85595703125,0,0.1439208984375,1
TCGA-AC-A62Y,tcga_mc3_wes,hrd_binary_33,MuAt-compatible reimplementation,muat_compatible_qkv_attention,0.0,,,4,0.0,1.0,0,1.811981201171875e-05,1
TCGA-AC-A6IV,tcga_mc3_wes,hrd_binary_33,MuAt-compatible reimplementation,muat_compatible_qkv_attention,0.0,,,5,0.0,0.931640625,0,0.06854248046875,1
TCGA-AC-A6IW,tcga_mc3_wes,hrd_binary_33,MuAt-compatible reimplementation,muat_compatible_qkv_attention,0.0,,,3,0.0,0.642578125,0,0.357421875,1
TCGA-AC-A6IX,tcga_mc3_wes,hrd_binary_33,MuAt-compatible reimplementation,muat_compatible_qkv_attention,0.0,,,5,0.0,0.94873046875,0,0.05133056640625,1
TCGA-AC-A6NO,tcga_mc3_wes,hrd_binary_33,MuAt-compatible reimplementation,muat_compatible_qkv_attention,0.0,,,3,0.0,0.68212890625,0,0.31787109375,1
TCGA-AC-A7VB,tcga_mc3_wes,hrd_binary_33,MuAt-compatible reimplementation,muat_compatible_qkv_attention,0.0,,,3,0.0,0.638671875,0,0.361328125,1
TCGA-AC-A7VC,tcga_mc3_wes,hrd_binary_33,MuAt-compatible reimplementation,muat_compatible_qkv_attention,0.0,,,5,0.0,0.81396484375,0,0.18603515625,1
TCGA-AC-A8OP,tcga_mc3_wes,hrd_binary_33,MuAt-compatible reimplementation,muat_compatible_qkv_attention,1.0,,,5,0.0,0.55224609375,0,0.447509765625,1
TCGA-AC-A8OQ,tcga_mc3_wes,hrd_binary_33,MuAt-compatible reimplementation,muat_compatible_qkv_attention,1.0,,,1,1.0,0.025054931640625,0,0.97509765625,1
TCGA-AC-A8OR,tcga_mc3_wes,hrd_binary_33,MuAt-compatible reimplementation,muat_compatible_qkv_attention,0.0,,,3,0.0,0.611328125,0,0.388671875,1
TCGA-AC-A8OS,tcga_mc3_wes,hrd_binary_33,MuAt-compatible reimplementation,muat_compatible_qkv_attention,0.0,,,4,1.0,0.002941131591796875,0,0.9970703125,1
TCGA-AN-A03X,tcga_mc3_wes,hrd_binary_33,MuAt-compatible reimplementation,muat_compatible_qkv_attention,0.0,,,5,0.0,0.9326171875,0,0.06719970703125,1
TCGA-AN-A03Y,tcga_mc3_wes,hrd_binary_33,MuAt-compatible reimplementation,muat_compatible_qkv_attention,0.0,,,1,0.0,0.99365234375,0,0.006237030029296875,1
TCGA-AN-A041,tcga_mc3_wes,hrd_binary_33,MuAt-compatible reimplementation,muat_compatible_qkv_attention,0.0,,,4,0.0,1.0,0,3.8683414459228516e-05,1
TCGA-AN-A046,tcga_mc3_wes,hrd_binary_33,MuAt-compatible reimplementation,muat_compatible_qkv_attention,0.0,,,3,0.0,0.615234375,0,0.384765625,1
TCGA-AN-A049,tcga_mc3_wes,hrd_binary_33,MuAt-compatible reimplementation,muat_compatible_qkv_attention,1.0,,,3,0.0,0.67578125,0,0.324462890625,1
TCGA-AN-A04C,tcga_mc3_wes,hrd_binary_33,MuAt-compatible reimplementation,muat_compatible_qkv_attention,1.0,,,4,1.0,0.001209259033203125,0,0.9990234375,1
TCGA-AN-A04D,tcga_mc3_wes,hrd_binary_33,MuAt-compatible reimplementation,muat_compatible_qkv_attention,1.0,,,2,0.0,0.62255859375,0,0.37744140625,1
TCGA-AN-A0AJ,tcga_mc3_wes,hrd_binary_33,MuAt-compatible reimplementation,muat_compatible_qkv_attention,1.0,,,4,1.0,0.37451171875,0,0.62548828125,1
TCGA-AN-A0AL,tcga_mc3_wes,hrd_binary_33,MuAt-compatible reimplementation,muat_compatible_qkv_attention,1.0,,,4,1.0,0.01393890380859375,0,0.98583984375,1
TCGA-AN-A0AM,tcga_mc3_wes,hrd_binary_33,MuAt-compatible reimplementation,muat_compatible_qkv_attention,1.0,,,5,0.0,0.71875,0,0.281494140625,1
TCGA-AN-A0AR,tcga_mc3_wes,hrd_binary_33,MuAt-compatible reimplementation,muat_compatible_qkv_attention,1.0,,,1,1.0,0.07501220703125,0,0.9248046875,1
TCGA-AN-A0AS,tcga_mc3_wes,hrd_binary_33,MuAt-compatible reimplementation,muat_compatible_qkv_attention,0.0,,,3,0.0,0.7021484375,0,0.297607421875,1
TCGA-AN-A0AT,tcga_mc3_wes,hrd_binary_33,MuAt-compatible reimplementation,muat_compatible_qkv_attention,1.0,,,3,0.0,0.6220703125,0,0.378173828125,1
TCGA-AN-A0FJ,tcga_mc3_wes,hrd_binary_33,MuAt-compatible reimplementation,muat_compatible_qkv_attention,0.0,,,5,0.0,0.7529296875,0,0.2470703125,1
TCGA-AN-A0FK,tcga_mc3_wes,hrd_binary_33,MuAt-compatible reimplementation,muat_compatible_qkv_attention,0.0,,,3,0.0,0.67626953125,0,0.323974609375,1
TCGA-AN-A0FN,tcga_mc3_wes,hrd_binary_33,MuAt-compatible reimplementation,muat_compatible_qkv_attention,0.0,,,1,0.0,0.6123046875,0,0.3876953125,1
TCGA-AN-A0FS,tcga_mc3_wes,hrd_binary_33,MuAt-compatible reimplementation,muat_compatible_qkv_attention,0.0,,,2,0.0,0.98193359375,0,0.0181732177734375,1
TCGA-AN-A0FT,tcga_mc3_wes,hrd_binary_33,MuAt-compatible reimplementation,muat_compatible_qkv_attention,1.0,,,3,0.0,0.67138671875,0,0.32861328125,1
TCGA-AN-A0FV,tcga_mc3_wes,hrd_binary_33,MuAt-compatible reimplementation,muat_compatible_qkv_attention,1.0,,,4,1.0,0.00390625,0,0.99609375,1
TCGA-AN-A0FW,tcga_mc3_wes,hrd_binary_33,MuAt-compatible reimplementation,muat_compatible_qkv_attention,0.0,,,5,1.0,0.31884765625,0,0.68115234375,1
TCGA-AN-A0FX,tcga_mc3_wes,hrd_binary_33,MuAt-compatible reimplementation,muat_compatible_qkv_attention,1.0,,,4,1.0,0.0004982948303222656,0,0.99951171875,1
TCGA-AN-A0FY,tcga_mc3_wes,hrd_binary_33,MuAt-compatible reimplementation,muat_compatible_qkv_attention,1.0,,,2,0.0,0.8720703125,0,0.1280517578125,1
TCGA-AN-A0FZ,tcga_mc3_wes,hrd_binary_33,MuAt-compatible reimplementation,muat_compatible_qkv_attention,0.0,,,2,0.0,0.87109375,0,0.1287841796875,1
TCGA-AN-A0XN,tcga_mc3_wes,hrd_binary_33,MuAt-compatible reimplementation,muat_compatible_qkv_attention,1.0,,,5,1.0,0.262939453125,0,0.73681640625,1
TCGA-AN-A0XO,tcga_mc3_wes,hrd_binary_33,MuAt-compatible reimplementation,muat_compatible_qkv_attention,0.0,,,3,0.0,0.6953125,0,0.304443359375,1
TCGA-AN-A0XP,tcga_mc3_wes,hrd_binary_33,MuAt-compatible reimplementation,muat_compatible_qkv_attention,0.0,,,4,0.0,0.94189453125,0,0.057861328125,1
TCGA-AN-A0XR,tcga_mc3_wes,hrd_binary_33,MuAt-compatible reimplementation,muat_compatible_qkv_attention,0.0,,,1,0.0,1.0,0,0.00012481212615966797,1
TCGA-AN-A0XS,tcga_mc3_wes,hrd_binary_33,MuAt-compatible reimplementation,muat_compatible_qkv_attention,0.0,,,3,0.0,0.71435546875,0,0.28564453125,1
TCGA-AN-A0XT,tcga_mc3_wes,hrd_binary_33,MuAt-compatible reimplementation,muat_compatible_qkv_attention,1.0,,,5,0.0,0.94091796875,0,0.058929443359375,1
TCGA-AN-A0XU,tcga_mc3_wes,hrd_binary_33,MuAt-compatible reimplementation,muat_compatible_qkv_attention,1.0,,,2,0.0,0.65185546875,0,0.347900390625,1
TCGA-AN-A0XV,tcga_mc3_wes,hrd_binary_33,MuAt-compatible reimplementation,muat_compatible_qkv_attention,0.0,,,1,0.0,0.99609375,0,0.0038967132568359375,1
TCGA-AN-A0XW,tcga_mc3_wes,hrd_binary_33,MuAt-compatible reimplementation,muat_compatible_qkv_attention,0.0,,,4,0.0,1.0,0,0.00011593103408813477,1
TCGA-AO-A03L,tcga_mc3_wes,hrd_binary_33,MuAt-compatible reimplementation,muat_compatible_qkv_attention,0.0,,,4,1.0,0.0352783203125,0,0.96484375,1
TCGA-AO-A03O,tcga_mc3_wes,hrd_binary_33,MuAt-compatible reimplementation,muat_compatible_qkv_attention,1.0,,,4,1.0,0.238525390625,0,0.76123046875,1
TCGA-AO-A03P,tcga_mc3_wes,hrd_binary_33,MuAt-compatible reimplementation,muat_compatible_qkv_attention,0.0,,,1,0.0,0.91796875,0,0.0821533203125,1
TCGA-AO-A03R,tcga_mc3_wes,hrd_binary_33,MuAt-compatible reimplementation,muat_compatible_qkv_attention,0.0,,,3,0.0,0.64892578125,0,0.35107421875,1
TCGA-AO-A03T,tcga_mc3_wes,hrd_binary_33,MuAt-compatible reimplementation,muat_compatible_qkv_attention,1.0,,,3,0.0,0.61181640625,0,0.38818359375,1
TCGA-AO-A03V,tcga_mc3_wes,hrd_binary_33,MuAt-compatible reimplementation,muat_compatible_qkv_attention,1.0,,,2,0.0,0.875,0,0.1251220703125,1
TCGA-AO-A0J2,tcga_mc3_wes,hrd_binary_33,MuAt-compatible reimplementation,muat_compatible_qkv_attention,1.0,,,1,1.0,0.111572265625,0,0.88818359375,1
TCGA-AO-A0J3,tcga_mc3_wes,hrd_binary_33,MuAt-compatible reimplementation,muat_compatible_qkv_attention,1.0,,,5,0.0,0.904296875,0,0.09588623046875,1
TCGA-AO-A0J4,tcga_mc3_wes,hrd_binary_33,MuAt-compatible reimplementation,muat_compatible_qkv_attention,1.0,,,2,0.0,0.66064453125,0,0.339599609375,1
TCGA-AO-A0J6,tcga_mc3_wes,hrd_binary_33,MuAt-compatible reimplementation,muat_compatible_qkv_attention,1.0,,,1,1.0,0.3310546875,0,0.6689453125,1
TCGA-AO-A0J7,tcga_mc3_wes,hrd_binary_33,MuAt-compatible reimplementation,muat_compatible_qkv_attention,0.0,,,5,0.0,0.97265625,0,0.027557373046875,1
TCGA-AO-A0J8,tcga_mc3_wes,hrd_binary_33,MuAt-compatible reimplementation,muat_compatible_qkv_attention,0.0,,,1,1.0,0.1697998046875,0,0.830078125,1
TCGA-AO-A0J9,tcga_mc3_wes,hrd_binary_33,MuAt-compatible reimplementation,muat_compatible_qkv_attention,0.0,,,5,0.0,0.84375,0,0.15625,1
TCGA-AO-A0JA,tcga_mc3_wes,hrd_binary_33,MuAt-compatible reimplementation,muat_compatible_qkv_attention,1.0,,,2,0.0,0.99560546875,0,0.004390716552734375,1
TCGA-AO-A0JB,tcga_mc3_wes,hrd_binary_33,MuAt-compatible reimplementation,muat_compatible_qkv_attention,1.0,,,2,0.0,0.73779296875,0,0.261962890625,1
TCGA-AO-A0JD,tcga_mc3_wes,hrd_binary_33,MuAt-compatible reimplementation,muat_compatible_qkv_attention,1.0,,,1,0.0,0.90869140625,0,0.09112548828125,1
TCGA-AO-A0JE,tcga_mc3_wes,hrd_binary_33,MuAt-compatible reimplementation,muat_compatible_qkv_attention,1.0,,,1,0.0,0.99755859375,0,0.0025463104248046875,1
TCGA-AO-A0JF,tcga_mc3_wes,hrd_binary_33,MuAt-compatible reimplementation,muat_compatible_qkv_attention,0.0,,,2,0.0,0.99365234375,0,0.006488800048828125,1
TCGA-AO-A0JG,tcga_mc3_wes,hrd_binary_33,MuAt-compatible reimplementation,muat_compatible_qkv_attention,0.0,,,3,0.0,0.64501953125,0,0.355224609375,1
TCGA-AO-A0JI,tcga_mc3_wes,hrd_binary_33,MuAt-compatible reimplementation,muat_compatible_qkv_attention,0.0,,,4,0.0,0.9990234375,0,0.0008358955383300781,1
TCGA-AO-A0JJ,tcga_mc3_wes,hrd_binary_33,MuAt-compatible reimplementation,muat_compatible_qkv_attention,0.0,,,2,0.0,0.923828125,0,0.0760498046875,1
TCGA-AO-A0JM,tcga_mc3_wes,hrd_binary_33,MuAt-compatible reimplementation,muat_compatible_qkv_attention,1.0,,,2,0.0,0.91943359375,0,0.0804443359375,1
TCGA-AO-A124,tcga_mc3_wes,hrd_binary_33,MuAt-compatible reimplementation,muat_compatible_qkv_attention,1.0,,,5,1.0,0.09332275390625,0,0.90673828125,1
TCGA-AO-A128,tcga_mc3_wes,hrd_binary_33,MuAt-compatible reimplementation,muat_compatible_qkv_attention,0.0,,,3,0.0,0.63720703125,0,0.36279296875,1
TCGA-AO-A12A,tcga_mc3_wes,hrd_binary_33,MuAt-compatible reimplementation,muat_compatible_qkv_attention,0.0,,,2,0.0,0.99658203125,0,0.0035800933837890625,1
TCGA-AO-A12D,tcga_mc3_wes,hrd_binary_33,MuAt-compatible reimplementation,muat_compatible_qkv_attention,0.0,,,5,0.0,0.90576171875,0,0.09442138671875,1
TCGA-AO-A12F,tcga_mc3_wes,hrd_binary_33,MuAt-compatible reimplementation,muat_compatible_qkv_attention,1.0,,,4,0.0,0.98583984375,0,0.0142974853515625,1
TCGA-AO-A12H,tcga_mc3_wes,hrd_binary_33,MuAt-compatible reimplementation,muat_compatible_qkv_attention,0.0,,,1,0.0,0.80517578125,0,0.194580078125,1
TCGA-AO-A1KP,tcga_mc3_wes,hrd_binary_33,MuAt-compatible reimplementation,muat_compatible_qkv_attention,0.0,,,4,0.0,0.9990234375,0,0.0009326934814453125,1
TCGA-AO-A1KR,tcga_mc3_wes,hrd_binary_33,MuAt-compatible reimplementation,muat_compatible_qkv_attention,1.0,,,1,1.0,0.0174102783203125,0,0.982421875,1
TCGA-AO-A1KT,tcga_mc3_wes,hrd_binary_33,MuAt-compatible reimplementation,muat_compatible_qkv_attention,0.0,,,5,0.0,0.55517578125,0,0.444580078125,1
TCGA-AQ-A04H,tcga_mc3_wes,hrd_binary_33,MuAt-compatible reimplementation,muat_compatible_qkv_attention,0.0,,,2,0.0,0.8857421875,0,0.11444091796875,1
TCGA-AQ-A04J,tcga_mc3_wes,hrd_binary_33,MuAt-compatible reimplementation,muat_compatible_qkv_attention,1.0,,,2,0.0,0.7216796875,0,0.278076171875,1
TCGA-AQ-A1H2,tcga_mc3_wes,hrd_binary_33,MuAt-compatible reimplementation,muat_compatible_qkv_attention,0.0,,,2,0.0,0.892578125,0,0.107421875,1
TCGA-AQ-A1H3,tcga_mc3_wes,hrd_binary_33,MuAt-compatible reimplementation,muat_compatible_qkv_attention,0.0,,,5,0.0,0.9521484375,0,0.04803466796875,1
TCGA-AR-A0TP,tcga_mc3_wes,hrd_binary_33,MuAt-compatible reimplementation,muat_compatible_qkv_attention,1.0,,,5,1.0,0.461669921875,0,0.53857421875,1
TCGA-AR-A0TQ,tcga_mc3_wes,hrd_binary_33,MuAt-compatible reimplementation,muat_compatible_qkv_attention,0.0,,,4,0.0,0.9990234375,0,0.0011272430419921875,1
TCGA-AR-A0TR,tcga_mc3_wes,hrd_binary_33,MuAt-compatible reimplementation,muat_compatible_qkv_attention,0.0,,,4,0.0,1.0,0,8.165836334228516e-06,1
TCGA-AR-A0TS,tcga_mc3_wes,hrd_binary_33,MuAt-compatible reimplementation,muat_compatible_qkv_attention,1.0,,,5,1.0,0.1865234375,0,0.8134765625,1
TCGA-AR-A0TT,tcga_mc3_wes,hrd_binary_33,MuAt-compatible reimplementation,muat_compatible_qkv_attention,1.0,,,1,1.0,0.3095703125,0,0.6904296875,1
TCGA-AR-A0TV,tcga_mc3_wes,hrd_binary_33,MuAt-compatible reimplementation,muat_compatible_qkv_attention,1.0,,,3,0.0,0.65869140625,0,0.34130859375,1
TCGA-AR-A0TW,tcga_mc3_wes,hrd_binary_33,MuAt-compatible reimplementation,muat_compatible_qkv_attention,1.0,,,2,0.0,0.81884765625,0,0.18115234375,1
TCGA-AR-A0TX,tcga_mc3_wes,hrd_binary_33,MuAt-compatible reimplementation,muat_compatible_qkv_attention,0.0,,,2,0.0,0.896484375,0,0.10357666015625,1
TCGA-AR-A0TY,tcga_mc3_wes,hrd_binary_33,MuAt-compatible reimplementation,muat_compatible_qkv_attention,1.0,,,3,0.0,0.6396484375,0,0.3603515625,1
TCGA-AR-A0TZ,tcga_mc3_wes,hrd_binary_33,MuAt-compatible reimplementation,muat_compatible_qkv_attention,0.0,,,5,0.0,0.8759765625,0,0.124267578125,1
TCGA-AR-A0U0,tcga_mc3_wes,hrd_binary_33,MuAt-compatible reimplementation,muat_compatible_qkv_attention,0.0,,,3,0.0,0.6435546875,0,0.3564453125,1
TCGA-AR-A1AH,tcga_mc3_wes,hrd_binary_33,MuAt-compatible reimplementation,muat_compatible_qkv_attention,0.0,,,4,1.0,1.9609928131103516e-05,0,1.0,1
TCGA-AR-A1AI,tcga_mc3_wes,hrd_binary_33,MuAt-compatible reimplementation,muat_compatible_qkv_attention,1.0,,,1,0.0,0.55078125,0,0.448974609375,1
TCGA-AR-A1AJ,tcga_mc3_wes,hrd_binary_33,MuAt-compatible reimplementation,muat_compatible_qkv_attention,0.0,,,5,0.0,0.9794921875,0,0.0203857421875,1
TCGA-AR-A1AK,tcga_mc3_wes,hrd_binary_33,MuAt-compatible reimplementation,muat_compatible_qkv_attention,0.0,,,5,0.0,0.9541015625,0,0.045867919921875,1
TCGA-AR-A1AN,tcga_mc3_wes,hrd_binary_33,MuAt-compatible reimplementation,muat_compatible_qkv_attention,0.0,,,3,0.0,0.650390625,0,0.349609375,1
TCGA-AR-A1AO,tcga_mc3_wes,hrd_binary_33,MuAt-compatible reimplementation,muat_compatible_qkv_attention,0.0,,,3,0.0,0.6572265625,0,0.3427734375,1
TCGA-AR-A1AP,tcga_mc3_wes,hrd_binary_33,MuAt-compatible reimplementation,muat_compatible_qkv_attention,0.0,,,3,0.0,0.65380859375,0,0.346435546875,1
TCGA-AR-A1AQ,tcga_mc3_wes,hrd_binary_33,MuAt-compatible reimplementation,muat_compatible_qkv_attention,0.0,,,1,0.0,0.84130859375,0,0.1588134765625,1
TCGA-AR-A1AR,tcga_mc3_wes,hrd_binary_33,MuAt-compatible reimplementation,muat_compatible_qkv_attention,0.0,,,3,0.0,0.64794921875,0,0.35205078125,1
TCGA-AR-A1AU,tcga_mc3_wes,hrd_binary_33,MuAt-compatible reimplementation,muat_compatible_qkv_attention,0.0,,,3,0.0,0.67529296875,0,0.32470703125,1
TCGA-AR-A1AW,tcga_mc3_wes,hrd_binary_33,MuAt-compatible reimplementation,muat_compatible_qkv_attention,0.0,,,1,0.0,0.896484375,0,0.103271484375,1
TCGA-AR-A1AX,tcga_mc3_wes,hrd_binary_33,MuAt-compatible reimplementation,muat_compatible_qkv_attention,0.0,,,5,0.0,0.54541015625,0,0.454833984375,1
TCGA-AR-A1AY,tcga_mc3_wes,hrd_binary_33,MuAt-compatible reimplementation,muat_compatible_qkv_attention,1.0,,,2,0.0,0.86181640625,0,0.1380615234375,1
TCGA-AR-A24L,tcga_mc3_wes,hrd_binary_33,MuAt-compatible reimplementation,muat_compatible_qkv_attention,1.0,,,5,1.0,0.1939697265625,0,0.80615234375,1
TCGA-AR-A24N,tcga_mc3_wes,hrd_binary_33,MuAt-compatible reimplementation,muat_compatible_qkv_attention,0.0,,,3,0.0,0.72216796875,0,0.27783203125,1
TCGA-AR-A24O,tcga_mc3_wes,hrd_binary_33,MuAt-compatible reimplementation,muat_compatible_qkv_attention,0.0,,,3,0.0,0.64990234375,0,0.349853515625,1
TCGA-AR-A24P,tcga_mc3_wes,hrd_binary_33,MuAt-compatible reimplementation,muat_compatible_qkv_attention,0.0,,,3,0.0,0.65673828125,0,0.34326171875,1
TCGA-AR-A24Q,tcga_mc3_wes,hrd_binary_33,MuAt-compatible reimplementation,muat_compatible_qkv_attention,1.0,,,3,0.0,0.61572265625,0,0.384521484375,1
TCGA-AR-A24R,tcga_mc3_wes,hrd_binary_33,MuAt-compatible reimplementation,muat_compatible_qkv_attention,0.0,,,5,0.0,0.798828125,0,0.2010498046875,1
TCGA-AR-A24S,tcga_mc3_wes,hrd_binary_33,MuAt-compatible reimplementation,muat_compatible_qkv_attention,0.0,,,3,0.0,0.68994140625,0,0.310302734375,1
TCGA-AR-A24U,tcga_mc3_wes,hrd_binary_33,MuAt-compatible reimplementation,muat_compatible_qkv_attention,0.0,,,3,0.0,0.673828125,0,0.325927734375,1
TCGA-AR-A24V,tcga_mc3_wes,hrd_binary_33,MuAt-compatible reimplementation,muat_compatible_qkv_attention,0.0,,,2,0.0,0.9443359375,0,0.0556640625,1
TCGA-AR-A24W,tcga_mc3_wes,hrd_binary_33,MuAt-compatible reimplementation,muat_compatible_qkv_attention,0.0,,,3,0.0,0.67724609375,0,0.32275390625,1
TCGA-AR-A24X,tcga_mc3_wes,hrd_binary_33,MuAt-compatible reimplementation,muat_compatible_qkv_attention,0.0,,,4,0.0,1.0,0,2.384185791015625e-05,1
TCGA-AR-A24Z,tcga_mc3_wes,hrd_binary_33,MuAt-compatible reimplementation,muat_compatible_qkv_attention,1.0,,,2,0.0,0.95263671875,0,0.047149658203125,1
TCGA-AR-A250,tcga_mc3_wes,hrd_binary_33,MuAt-compatible reimplementation,muat_compatible_qkv_attention,0.0,,,2,0.0,0.8564453125,0,0.143310546875,1
TCGA-AR-A251,tcga_mc3_wes,hrd_binary_33,MuAt-compatible reimplementation,muat_compatible_qkv_attention,1.0,,,3,0.0,0.6015625,0,0.3984375,1
TCGA-AR-A252,tcga_mc3_wes,hrd_binary_33,MuAt-compatible reimplementation,muat_compatible_qkv_attention,0.0,,,5,0.0,0.82861328125,0,0.1715087890625,1
TCGA-AR-A254,tcga_mc3_wes,hrd_binary_33,MuAt-compatible reimplementation,muat_compatible_qkv_attention,0.0,,,2,0.0,0.9375,0,0.062286376953125,1
TCGA-AR-A256,tcga_mc3_wes,hrd_binary_33,MuAt-compatible reimplementation,muat_compatible_qkv_attention,1.0,,,5,1.0,0.164306640625,0,0.8359375,1
TCGA-AR-A2LH,tcga_mc3_wes,hrd_binary_33,MuAt-compatible reimplementation,muat_compatible_qkv_attention,0.0,,,4,0.0,1.0,0,1.7344951629638672e-05,1
TCGA-AR-A2LK,tcga_mc3_wes,hrd_binary_33,MuAt-compatible reimplementation,muat_compatible_qkv_attention,0.0,,,1,0.0,0.69140625,0,0.308837890625,1
TCGA-AR-A2LN,tcga_mc3_wes,hrd_binary_33,MuAt-compatible reimplementation,muat_compatible_qkv_attention,0.0,,,1,0.0,0.77783203125,0,0.2222900390625,1
TCGA-AR-A2LO,tcga_mc3_wes,hrd_binary_33,MuAt-compatible reimplementation,muat_compatible_qkv_attention,0.0,,,4,0.0,1.0,0,9.459257125854492e-05,1
TCGA-AR-A2LQ,tcga_mc3_wes,hrd_binary_33,MuAt-compatible reimplementation,muat_compatible_qkv_attention,0.0,,,1,0.0,1.0,0,0.00023186206817626953,1
TCGA-AR-A5QM,tcga_mc3_wes,hrd_binary_33,MuAt-compatible reimplementation,muat_compatible_qkv_attention,0.0,,,5,1.0,0.466552734375,0,0.53369140625,1
TCGA-AR-A5QN,tcga_mc3_wes,hrd_binary_33,MuAt-compatible reimplementation,muat_compatible_qkv_attention,0.0,,,2,0.0,0.91455078125,0,0.08538818359375,1
TCGA-AR-A5QP,tcga_mc3_wes,hrd_binary_33,MuAt-compatible reimplementation,muat_compatible_qkv_attention,0.0,,,4,0.0,1.0,0,6.4373016357421875e-06,1
TCGA-AR-A5QQ,tcga_mc3_wes,hrd_binary_33,MuAt-compatible reimplementation,muat_compatible_qkv_attention,0.0,,,2,0.0,0.80615234375,0,0.1939697265625,1
TCGA-B6-A0I2,tcga_mc3_wes,hrd_binary_33,MuAt-compatible reimplementation,muat_compatible_qkv_attention,1.0,,,3,0.0,0.67431640625,0,0.325927734375,1
TCGA-B6-A0I5,tcga_mc3_wes,hrd_binary_33,MuAt-compatible reimplementation,muat_compatible_qkv_attention,0.0,,,3,0.0,0.64697265625,0,0.35302734375,1
TCGA-B6-A0I9,tcga_mc3_wes,hrd_binary_33,MuAt-compatible reimplementation,muat_compatible_qkv_attention,1.0,,,1,0.0,0.99853515625,0,0.001239776611328125,1
TCGA-B6-A0IB,tcga_mc3_wes,hrd_binary_33,MuAt-compatible reimplementation,muat_compatible_qkv_attention,0.0,,,4,0.0,0.984375,0,0.0157318115234375,1
TCGA-B6-A0IC,tcga_mc3_wes,hrd_binary_33,MuAt-compatible reimplementation,muat_compatible_qkv_attention,0.0,,,4,0.0,1.0,0,7.62939453125e-06,1
TCGA-B6-A0IE,tcga_mc3_wes,hrd_binary_33,MuAt-compatible reimplementation,muat_compatible_qkv_attention,0.0,,,4,0.0,0.99853515625,0,0.0013828277587890625,1
TCGA-B6-A0IH,tcga_mc3_wes,hrd_binary_33,MuAt-compatible reimplementation,muat_compatible_qkv_attention,0.0,,,5,0.0,0.93798828125,0,0.062225341796875,1
TCGA-B6-A0IJ,tcga_mc3_wes,hrd_binary_33,MuAt-compatible reimplementation,muat_compatible_qkv_attention,1.0,,,2,0.0,0.60205078125,0,0.39794921875,1
TCGA-B6-A0IN,tcga_mc3_wes,hrd_binary_33,MuAt-compatible reimplementation,muat_compatible_qkv_attention,0.0,,,4,0.0,0.91943359375,0,0.08056640625,1
TCGA-B6-A0RE,tcga_mc3_wes,hrd_binary_33,MuAt-compatible reimplementation,muat_compatible_qkv_attention,1.0,,,1,0.0,0.9443359375,0,0.055816650390625,1
TCGA-B6-A0RG,tcga_mc3_wes,hrd_binary_33,MuAt-compatible reimplementation,muat_compatible_qkv_attention,0.0,,,1,0.0,0.9990234375,0,0.0009870529174804688,1
TCGA-B6-A0RH,tcga_mc3_wes,hrd_binary_33,MuAt-compatible reimplementation,muat_compatible_qkv_attention,0.0,,,2,0.0,0.99365234375,0,0.006526947021484375,1
TCGA-B6-A0RI,tcga_mc3_wes,hrd_binary_33,MuAt-compatible reimplementation,muat_compatible_qkv_attention,0.0,,,4,0.0,1.0,0,2.2649765014648438e-06,1
TCGA-B6-A0RL,tcga_mc3_wes,hrd_binary_33,MuAt-compatible reimplementation,muat_compatible_qkv_attention,0.0,,,3,0.0,0.72509765625,0,0.275146484375,1
TCGA-B6-A0RN,tcga_mc3_wes,hrd_binary_33,MuAt-compatible reimplementation,muat_compatible_qkv_attention,0.0,,,4,0.0,0.99853515625,0,0.0014781951904296875,1
TCGA-B6-A0RO,tcga_mc3_wes,hrd_binary_33,MuAt-compatible reimplementation,muat_compatible_qkv_attention,0.0,,,2,0.0,0.9111328125,0,0.08905029296875,1
TCGA-B6-A0RP,tcga_mc3_wes,hrd_binary_33,MuAt-compatible reimplementation,muat_compatible_qkv_attention,0.0,,,5,0.0,0.994140625,0,0.00579833984375,1
TCGA-B6-A0RS,tcga_mc3_wes,hrd_binary_33,MuAt-compatible reimplementation,muat_compatible_qkv_attention,1.0,,,3,0.0,0.6220703125,0,0.3779296875,1
TCGA-B6-A0RU,tcga_mc3_wes,hrd_binary_33,MuAt-compatible reimplementation,muat_compatible_qkv_attention,0.0,,,3,0.0,0.65185546875,0,0.347900390625,1
TCGA-B6-A0RV,tcga_mc3_wes,hrd_binary_33,MuAt-compatible reimplementation,muat_compatible_qkv_attention,0.0,,,5,0.0,0.9169921875,0,0.08294677734375,1
TCGA-B6-A0WS,tcga_mc3_wes,hrd_binary_33,MuAt-compatible reimplementation,muat_compatible_qkv_attention,0.0,,,3,0.0,0.66845703125,0,0.331298828125,1
TCGA-B6-A0WT,tcga_mc3_wes,hrd_binary_33,MuAt-compatible reimplementation,muat_compatible_qkv_attention,0.0,,,3,0.0,0.67041015625,0,0.329833984375,1
TCGA-B6-A0WW,tcga_mc3_wes,hrd_binary_33,MuAt-compatible reimplementation,muat_compatible_qkv_attention,0.0,,,4,1.0,0.161865234375,0,0.83837890625,1
TCGA-B6-A0WY,tcga_mc3_wes,hrd_binary_33,MuAt-compatible reimplementation,muat_compatible_qkv_attention,0.0,,,4,0.0,1.0,0,4.827976226806641e-06,1
TCGA-B6-A0WZ,tcga_mc3_wes,hrd_binary_33,MuAt-compatible reimplementation,muat_compatible_qkv_attention,0.0,,,3,0.0,0.73876953125,0,0.261474609375,1
TCGA-B6-A0X0,tcga_mc3_wes,hrd_binary_33,MuAt-compatible reimplementation,muat_compatible_qkv_attention,0.0,,,3,0.0,0.6650390625,0,0.3349609375,1
TCGA-B6-A0X1,tcga_mc3_wes,hrd_binary_33,MuAt-compatible reimplementation,muat_compatible_qkv_attention,1.0,,,1,1.0,0.031585693359375,0,0.96826171875,1
TCGA-B6-A0X4,tcga_mc3_wes,hrd_binary_33,MuAt-compatible reimplementation,muat_compatible_qkv_attention,0.0,,,3,0.0,0.69189453125,0,0.307861328125,1
TCGA-B6-A0X5,tcga_mc3_wes,hrd_binary_33,MuAt-compatible reimplementation,muat_compatible_qkv_attention,0.0,,,2,0.0,0.93994140625,0,0.060150146484375,1
TCGA-B6-A1KC,tcga_mc3_wes,hrd_binary_33,MuAt-compatible reimplementation,muat_compatible_qkv_attention,0.0,,,5,0.0,0.95556640625,0,0.044342041015625,1
TCGA-B6-A1KF,tcga_mc3_wes,hrd_binary_33,MuAt-compatible reimplementation,muat_compatible_qkv_attention,0.0,,,3,0.0,0.67236328125,0,0.32763671875,1
TCGA-B6-A1KN,tcga_mc3_wes,hrd_binary_33,MuAt-compatible reimplementation,muat_compatible_qkv_attention,1.0,,,5,1.0,0.1890869140625,0,0.81103515625,1
TCGA-B6-A2IU,tcga_mc3_wes,hrd_binary_33,MuAt-compatible reimplementation,muat_compatible_qkv_attention,0.0,,,3,0.0,0.7392578125,0,0.2607421875,1
TCGA-B6-A401,tcga_mc3_wes,hrd_binary_33,MuAt-compatible reimplementation,muat_compatible_qkv_attention,0.0,,,2,0.0,0.970703125,0,0.029388427734375,1
TCGA-B6-A409,tcga_mc3_wes,hrd_binary_33,MuAt-compatible reimplementation,muat_compatible_qkv_attention,1.0,,,2,0.0,0.88720703125,0,0.112548828125,1
TCGA-B6-A40C,tcga_mc3_wes,hrd_binary_33,MuAt-compatible reimplementation,muat_compatible_qkv_attention,0.0,,,1,0.0,0.998046875,0,0.001953125,1
TCGA-BH-A0AU,tcga_mc3_wes,hrd_binary_33,MuAt-compatible reimplementation,muat_compatible_qkv_attention,0.0,,,3,0.0,0.68212890625,0,0.317626953125,1
TCGA-BH-A0AV,tcga_mc3_wes,hrd_binary_33,MuAt-compatible reimplementation,muat_compatible_qkv_attention,1.0,,,4,1.0,0.0003662109375,0,0.99951171875,1
TCGA-BH-A0AW,tcga_mc3_wes,hrd_binary_33,MuAt-compatible reimplementation,muat_compatible_qkv_attention,1.0,,,5,0.0,0.677734375,0,0.322265625,1
TCGA-BH-A0AY,tcga_mc3_wes,hrd_binary_33,MuAt-compatible reimplementation,muat_compatible_qkv_attention,0.0,,,4,1.0,0.202880859375,0,0.796875,1
TCGA-BH-A0AZ,tcga_mc3_wes,hrd_binary_33,MuAt-compatible reimplementation,muat_compatible_qkv_attention,1.0,,,3,0.0,0.6640625,0,0.336181640625,1
TCGA-BH-A0B3,tcga_mc3_wes,hrd_binary_33,MuAt-compatible reimplementation,muat_compatible_qkv_attention,1.0,,,3,0.0,0.63427734375,0,0.36572265625,1
TCGA-BH-A0B5,tcga_mc3_wes,hrd_binary_33,MuAt-compatible reimplementation,muat_compatible_qkv_attention,0.0,,,2,0.0,0.92333984375,0,0.07647705078125,1
TCGA-BH-A0B7,tcga_mc3_wes,hrd_binary_33,MuAt-compatible reimplementation,muat_compatible_qkv_attention,0.0,,,2,0.0,0.84423828125,0,0.1556396484375,1
TCGA-BH-A0B9,tcga_mc3_wes,hrd_binary_33,MuAt-compatible reimplementation,muat_compatible_qkv_attention,1.0,,,2,0.0,0.8134765625,0,0.186767578125,1
TCGA-BH-A0BA,tcga_mc3_wes,hrd_binary_33,MuAt-compatible reimplementation,muat_compatible_qkv_attention,0.0,,,1,0.0,1.0,0,0.00015723705291748047,1
TCGA-BH-A0BC,tcga_mc3_wes,hrd_binary_33,MuAt-compatible reimplementation,muat_compatible_qkv_attention,0.0,,,5,0.0,0.98486328125,0,0.015045166015625,1
TCGA-BH-A0BF,tcga_mc3_wes,hrd_binary_33,MuAt-compatible reimplementation,muat_compatible_qkv_attention,0.0,,,2,0.0,0.9697265625,0,0.0304412841796875,1
TCGA-BH-A0BJ,tcga_mc3_wes,hrd_binary_33,MuAt-compatible reimplementation,muat_compatible_qkv_attention,0.0,,,2,0.0,0.94873046875,0,0.051025390625,1
TCGA-BH-A0BL,tcga_mc3_wes,hrd_binary_33,MuAt-compatible reimplementation,muat_compatible_qkv_attention,1.0,,,3,0.0,0.6005859375,0,0.3994140625,1
TCGA-BH-A0BM,tcga_mc3_wes,hrd_binary_33,MuAt-compatible reimplementation,muat_compatible_qkv_attention,0.0,,,1,0.0,1.0,0,0.00011795759201049805,1
TCGA-BH-A0BO,tcga_mc3_wes,hrd_binary_33,MuAt-compatible reimplementation,muat_compatible_qkv_attention,0.0,,,2,0.0,0.873046875,0,0.126953125,1
TCGA-BH-A0BP,tcga_mc3_wes,hrd_binary_33,MuAt-compatible reimplementation,muat_compatible_qkv_attention,1.0,,,3,0.0,0.6513671875,0,0.3486328125,1
TCGA-BH-A0BR,tcga_mc3_wes,hrd_binary_33,MuAt-compatible reimplementation,muat_compatible_qkv_attention,1.0,,,3,0.0,0.7255859375,0,0.274658203125,1
TCGA-BH-A0BT,tcga_mc3_wes,hrd_binary_33,MuAt-compatible reimplementation,muat_compatible_qkv_attention,0.0,,,1,0.0,0.99365234375,0,0.0065460205078125,1
TCGA-BH-A0BZ,tcga_mc3_wes,hrd_binary_33,MuAt-compatible reimplementation,muat_compatible_qkv_attention,0.0,,,5,1.0,0.304931640625,0,0.6953125,1
TCGA-BH-A0C1,tcga_mc3_wes,hrd_binary_33,MuAt-compatible reimplementation,muat_compatible_qkv_attention,0.0,,,1,0.0,0.9990234375,0,0.0007886886596679688,1
TCGA-BH-A0C3,tcga_mc3_wes,hrd_binary_33,MuAt-compatible reimplementation,muat_compatible_qkv_attention,0.0,,,1,0.0,0.689453125,0,0.310302734375,1
TCGA-BH-A0C7,tcga_mc3_wes,hrd_binary_33,MuAt-compatible reimplementation,muat_compatible_qkv_attention,1.0,,,3,0.0,0.681640625,0,0.318603515625,1
TCGA-BH-A0DE,tcga_mc3_wes,hrd_binary_33,MuAt-compatible reimplementation,muat_compatible_qkv_attention,0.0,,,5,0.0,0.97314453125,0,0.0269927978515625,1
TCGA-BH-A0DG,tcga_mc3_wes,hrd_binary_33,MuAt-compatible reimplementation,muat_compatible_qkv_attention,0.0,,,3,0.0,0.66064453125,0,0.33935546875,1
TCGA-BH-A0DH,tcga_mc3_wes,hrd_binary_33,MuAt-compatible reimplementation,muat_compatible_qkv_attention,0.0,,,1,0.0,0.99267578125,0,0.007114410400390625,1
TCGA-BH-A0DI,tcga_mc3_wes,hrd_binary_33,MuAt-compatible reimplementation,muat_compatible_qkv_attention,0.0,,,3,0.0,0.69091796875,0,0.308837890625,1
TCGA-BH-A0DK,tcga_mc3_wes,hrd_binary_33,MuAt-compatible reimplementation,muat_compatible_qkv_attention,0.0,,,1,0.0,0.9609375,0,0.038909912109375,1
TCGA-BH-A0DL,tcga_mc3_wes,hrd_binary_33,MuAt-compatible reimplementation,muat_compatible_qkv_attention,0.0,,,1,0.0,0.97802734375,0,0.0217437744140625,1
TCGA-BH-A0DO,tcga_mc3_wes,hrd_binary_33,MuAt-compatible reimplementation,muat_compatible_qkv_attention,0.0,,,1,0.0,1.0,0,6.949901580810547e-05,1
TCGA-BH-A0DQ,tcga_mc3_wes,hrd_binary_33,MuAt-compatible reimplementation,muat_compatible_qkv_attention,0.0,,,1,0.0,0.99755859375,0,0.002521514892578125,1
TCGA-BH-A0DS,tcga_mc3_wes,hrd_binary_33,MuAt-compatible reimplementation,muat_compatible_qkv_attention,0.0,,,4,0.0,1.0,0,1.0728836059570312e-05,1
TCGA-BH-A0DT,tcga_mc3_wes,hrd_binary_33,MuAt-compatible reimplementation,muat_compatible_qkv_attention,0.0,,,3,0.0,0.72802734375,0,0.271728515625,1
TCGA-BH-A0DV,tcga_mc3_wes,hrd_binary_33,MuAt-compatible reimplementation,muat_compatible_qkv_attention,0.0,,,5,0.0,0.8701171875,0,0.1298828125,1
TCGA-BH-A0DX,tcga_mc3_wes,hrd_binary_33,MuAt-compatible reimplementation,muat_compatible_qkv_attention,0.0,,,4,0.0,1.0,0,7.003545761108398e-05,1
TCGA-BH-A0DZ,tcga_mc3_wes,hrd_binary_33,MuAt-compatible reimplementation,muat_compatible_qkv_attention,0.0,,,3,0.0,0.68115234375,0,0.31884765625,1
TCGA-BH-A0E0,tcga_mc3_wes,hrd_binary_33,MuAt-compatible reimplementation,muat_compatible_qkv_attention,0.0,,,5,0.0,0.68603515625,0,0.313720703125,1
TCGA-BH-A0E1,tcga_mc3_wes,hrd_binary_33,MuAt-compatible reimplementation,muat_compatible_qkv_attention,0.0,,,1,1.0,0.060577392578125,0,0.939453125,1
TCGA-BH-A0E2,tcga_mc3_wes,hrd_binary_33,MuAt-compatible reimplementation,muat_compatible_qkv_attention,0.0,,,3,0.0,0.66748046875,0,0.33251953125,1
TCGA-BH-A0E7,tcga_mc3_wes,hrd_binary_33,MuAt-compatible reimplementation,muat_compatible_qkv_attention,0.0,,,4,1.0,0.05841064453125,0,0.94140625,1
TCGA-BH-A0E9,tcga_mc3_wes,hrd_binary_33,MuAt-compatible reimplementation,muat_compatible_qkv_attention,0.0,,,5,0.0,0.76953125,0,0.230712890625,1
TCGA-BH-A0EA,tcga_mc3_wes,hrd_binary_33,MuAt-compatible reimplementation,muat_compatible_qkv_attention,0.0,,,5,0.0,0.98779296875,0,0.0123748779296875,1
TCGA-BH-A0EB,tcga_mc3_wes,hrd_binary_33,MuAt-compatible reimplementation,muat_compatible_qkv_attention,0.0,,,1,1.0,0.403564453125,0,0.5966796875,1
TCGA-BH-A0EE,tcga_mc3_wes,hrd_binary_33,MuAt-compatible reimplementation,muat_compatible_qkv_attention,0.0,,,2,0.0,0.92333984375,0,0.0767822265625,1
TCGA-BH-A0GY,tcga_mc3_wes,hrd_binary_33,MuAt-compatible reimplementation,muat_compatible_qkv_attention,0.0,,,4,0.0,0.99951171875,0,0.0007252693176269531,1
TCGA-BH-A0H0,tcga_mc3_wes,hrd_binary_33,MuAt-compatible reimplementation,muat_compatible_qkv_attention,0.0,,,1,0.0,0.966796875,0,0.0330810546875,1
TCGA-BH-A0H6,tcga_mc3_wes,hrd_binary_33,MuAt-compatible reimplementation,muat_compatible_qkv_attention,0.0,,,5,0.0,0.9130859375,0,0.08673095703125,1
TCGA-BH-A0H7,tcga_mc3_wes,hrd_binary_33,MuAt-compatible reimplementation,muat_compatible_qkv_attention,1.0,,,3,0.0,0.69091796875,0,0.309326171875,1
TCGA-BH-A0HA,tcga_mc3_wes,hrd_binary_33,MuAt-compatible reimplementation,muat_compatible_qkv_attention,0.0,,,4,0.0,0.8779296875,0,0.12213134765625,1
TCGA-BH-A0HB,tcga_mc3_wes,hrd_binary_33,MuAt-compatible reimplementation,muat_compatible_qkv_attention,0.0,,,1,0.0,0.99951171875,0,0.00028014183044433594,1
TCGA-BH-A0HI,tcga_mc3_wes,hrd_binary_33,MuAt-compatible reimplementation,muat_compatible_qkv_attention,0.0,,,5,0.0,0.908203125,0,0.091796875,1
TCGA-BH-A0HK,tcga_mc3_wes,hrd_binary_33,MuAt-compatible reimplementation,muat_compatible_qkv_attention,0.0,,,5,0.0,0.94287109375,0,0.05706787109375,1
TCGA-BH-A0HO,tcga_mc3_wes,hrd_binary_33,MuAt-compatible reimplementation,muat_compatible_qkv_attention,0.0,,,5,0.0,0.859375,0,0.140380859375,1
TCGA-BH-A0HP,tcga_mc3_wes,hrd_binary_33,MuAt-compatible reimplementation,muat_compatible_qkv_attention,0.0,,,2,0.0,0.8916015625,0,0.10821533203125,1
TCGA-BH-A0HQ,tcga_mc3_wes,hrd_binary_33,MuAt-compatible reimplementation,muat_compatible_qkv_attention,0.0,,,1,0.0,0.98974609375,0,0.01003265380859375,1
TCGA-BH-A0HU,tcga_mc3_wes,hrd_binary_33,MuAt-compatible reimplementation,muat_compatible_qkv_attention,1.0,,,3,0.0,0.6435546875,0,0.356201171875,1
TCGA-BH-A0HW,tcga_mc3_wes,hrd_binary_33,MuAt-compatible reimplementation,muat_compatible_qkv_attention,0.0,,,1,0.0,0.99951171875,0,0.0005803108215332031,1
TCGA-BH-A0HX,tcga_mc3_wes,hrd_binary_33,MuAt-compatible reimplementation,muat_compatible_qkv_attention,1.0,,,2,0.0,0.74462890625,0,0.25537109375,1
TCGA-BH-A0HY,tcga_mc3_wes,hrd_binary_33,MuAt-compatible reimplementation,muat_compatible_qkv_attention,1.0,,,1,0.0,0.74365234375,0,0.256591796875,1
TCGA-BH-A0W3,tcga_mc3_wes,hrd_binary_33,MuAt-compatible reimplementation,muat_compatible_qkv_attention,0.0,,,4,0.0,0.99951171875,0,0.0006918907165527344,1
TCGA-BH-A0W4,tcga_mc3_wes,hrd_binary_33,MuAt-compatible reimplementation,muat_compatible_qkv_attention,0.0,,,5,0.0,0.83740234375,0,0.16259765625,1
TCGA-BH-A0WA,tcga_mc3_wes,hrd_binary_33,MuAt-compatible reimplementation,muat_compatible_qkv_attention,1.0,,,3,0.0,0.65283203125,0,0.34716796875,1
TCGA-BH-A18F,tcga_mc3_wes,hrd_binary_33,MuAt-compatible reimplementation,muat_compatible_qkv_attention,0.0,,,4,0.0,1.0,0,3.7550926208496094e-06,1
TCGA-BH-A18G,tcga_mc3_wes,hrd_binary_33,MuAt-compatible reimplementation,muat_compatible_qkv_attention,0.0,,,4,1.0,9.137392044067383e-05,0,1.0,1
TCGA-BH-A18H,tcga_mc3_wes,hrd_binary_33,MuAt-compatible reimplementation,muat_compatible_qkv_attention,0.0,,,1,0.0,0.92138671875,0,0.07843017578125,1
TCGA-BH-A18I,tcga_mc3_wes,hrd_binary_33,MuAt-compatible reimplementation,muat_compatible_qkv_attention,0.0,,,1,0.0,0.99951171875,0,0.0005998611450195312,1
TCGA-BH-A18J,tcga_mc3_wes,hrd_binary_33,MuAt-compatible reimplementation,muat_compatible_qkv_attention,0.0,,,4,0.0,0.9990234375,0,0.0010280609130859375,1
TCGA-BH-A18K,tcga_mc3_wes,hrd_binary_33,MuAt-compatible reimplementation,muat_compatible_qkv_attention,0.0,,,5,1.0,0.348388671875,0,0.6513671875,1
TCGA-BH-A18L,tcga_mc3_wes,hrd_binary_33,MuAt-compatible reimplementation,muat_compatible_qkv_attention,0.0,,,1,1.0,0.137939453125,0,0.8623046875,1
TCGA-BH-A18M,tcga_mc3_wes,hrd_binary_33,MuAt-compatible reimplementation,muat_compatible_qkv_attention,0.0,,,4,0.0,1.0,0,2.562999725341797e-06,1
TCGA-BH-A18N,tcga_mc3_wes,hrd_binary_33,MuAt-compatible reimplementation,muat_compatible_qkv_attention,0.0,,,2,0.0,0.87158203125,0,0.1285400390625,1
TCGA-BH-A18P,tcga_mc3_wes,hrd_binary_33,MuAt-compatible reimplementation,muat_compatible_qkv_attention,0.0,,,1,0.0,0.99560546875,0,0.004238128662109375,1
TCGA-BH-A18Q,tcga_mc3_wes,hrd_binary_33,MuAt-compatible reimplementation,muat_compatible_qkv_attention,1.0,,,2,0.0,0.54736328125,0,0.452392578125,1
TCGA-BH-A18R,tcga_mc3_wes,hrd_binary_33,MuAt-compatible reimplementation,muat_compatible_qkv_attention,0.0,,,5,0.0,0.75732421875,0,0.24267578125,1
TCGA-BH-A18S,tcga_mc3_wes,hrd_binary_33,MuAt-compatible reimplementation,muat_compatible_qkv_attention,0.0,,,3,0.0,0.61376953125,0,0.38623046875,1
TCGA-BH-A18T,tcga_mc3_wes,hrd_binary_33,MuAt-compatible reimplementation,muat_compatible_qkv_attention,1.0,,,1,0.0,0.92822265625,0,0.0716552734375,1
TCGA-BH-A18U,tcga_mc3_wes,hrd_binary_33,MuAt-compatible reimplementation,muat_compatible_qkv_attention,1.0,,,2,0.0,0.9091796875,0,0.0908203125,1
TCGA-BH-A1EO,tcga_mc3_wes,hrd_binary_33,MuAt-compatible reimplementation,muat_compatible_qkv_attention,0.0,,,5,0.0,0.986328125,0,0.01367950439453125,1
TCGA-BH-A1ET,tcga_mc3_wes,hrd_binary_33,MuAt-compatible reimplementation,muat_compatible_qkv_attention,0.0,,,2,0.0,0.99462890625,0,0.00530242919921875,1
TCGA-BH-A1EU,tcga_mc3_wes,hrd_binary_33,MuAt-compatible reimplementation,muat_compatible_qkv_attention,0.0,,,4,0.0,1.0,0,5.4836273193359375e-06,1
TCGA-BH-A1EV,tcga_mc3_wes,hrd_binary_33,MuAt-compatible reimplementation,muat_compatible_qkv_attention,0.0,,,2,0.0,0.89208984375,0,0.10772705078125,1
TCGA-BH-A1EW,tcga_mc3_wes,hrd_binary_33,MuAt-compatible reimplementation,muat_compatible_qkv_attention,0.0,,,2,0.0,0.8935546875,0,0.10650634765625,1
TCGA-BH-A1EX,tcga_mc3_wes,hrd_binary_33,MuAt-compatible reimplementation,muat_compatible_qkv_attention,0.0,,,2,0.0,0.92041015625,0,0.079345703125,1
TCGA-BH-A1EY,tcga_mc3_wes,hrd_binary_33,MuAt-compatible reimplementation,muat_compatible_qkv_attention,1.0,,,2,0.0,0.93212890625,0,0.06787109375,1
TCGA-BH-A1F0,tcga_mc3_wes,hrd_binary_33,MuAt-compatible reimplementation,muat_compatible_qkv_attention,1.0,,,2,0.0,0.78369140625,0,0.21630859375,1
TCGA-BH-A1F2,tcga_mc3_wes,hrd_binary_33,MuAt-compatible reimplementation,muat_compatible_qkv_attention,1.0,,,3,0.0,0.69677734375,0,0.30322265625,1
TCGA-BH-A1FC,tcga_mc3_wes,hrd_binary_33,MuAt-compatible reimplementation,muat_compatible_qkv_attention,1.0,,,2,0.0,0.791015625,0,0.2091064453125,1
TCGA-BH-A1FE,tcga_mc3_wes,hrd_binary_33,MuAt-compatible reimplementation,muat_compatible_qkv_attention,0.0,,,5,0.0,0.615234375,0,0.384765625,1
TCGA-BH-A1FG,tcga_mc3_wes,hrd_binary_33,MuAt-compatible reimplementation,muat_compatible_qkv_attention,0.0,,,2,0.0,0.8916015625,0,0.10821533203125,1
TCGA-BH-A1FJ,tcga_mc3_wes,hrd_binary_33,MuAt-compatible reimplementation,muat_compatible_qkv_attention,0.0,,,2,0.0,0.8544921875,0,0.1455078125,1
TCGA-BH-A1FL,tcga_mc3_wes,hrd_binary_33,MuAt-compatible reimplementation,muat_compatible_qkv_attention,0.0,,,5,0.0,0.69921875,0,0.30078125,1
TCGA-BH-A1FM,tcga_mc3_wes,hrd_binary_33,MuAt-compatible reimplementation,muat_compatible_qkv_attention,1.0,,,2,0.0,0.92626953125,0,0.07379150390625,1
TCGA-BH-A1FN,tcga_mc3_wes,hrd_binary_33,MuAt-compatible reimplementation,muat_compatible_qkv_attention,1.0,,,5,1.0,0.194580078125,0,0.8056640625,1
TCGA-BH-A1FU,tcga_mc3_wes,hrd_binary_33,MuAt-compatible reimplementation,muat_compatible_qkv_attention,0.0,,,2,0.0,0.80908203125,0,0.190673828125,1
TCGA-BH-A201,tcga_mc3_wes,hrd_binary_33,MuAt-compatible reimplementation,muat_compatible_qkv_attention,0.0,,,5,0.0,0.9384765625,0,0.061431884765625,1
TCGA-BH-A202,tcga_mc3_wes,hrd_binary_33,MuAt-compatible reimplementation,muat_compatible_qkv_attention,0.0,,,2,0.0,0.9580078125,0,0.042205810546875,1
TCGA-BH-A203,tcga_mc3_wes,hrd_binary_33,MuAt-compatible reimplementation,muat_compatible_qkv_attention,1.0,,,5,0.0,0.9560546875,0,0.044189453125,1
TCGA-BH-A204,tcga_mc3_wes,hrd_binary_33,MuAt-compatible reimplementation,muat_compatible_qkv_attention,0.0,,,1,0.0,0.99951171875,0,0.00029468536376953125,1
TCGA-BH-A208,tcga_mc3_wes,hrd_binary_33,MuAt-compatible reimplementation,muat_compatible_qkv_attention,0.0,,,4,0.0,0.95751953125,0,0.042510986328125,1
TCGA-BH-A209,tcga_mc3_wes,hrd_binary_33,MuAt-compatible reimplementation,muat_compatible_qkv_attention,0.0,,,3,0.0,0.681640625,0,0.318359375,1
TCGA-BH-A28Q,tcga_mc3_wes,hrd_binary_33,MuAt-compatible reimplementation,muat_compatible_qkv_attention,0.0,,,3,0.0,0.685546875,0,0.314697265625,1
TCGA-BH-A2L8,tcga_mc3_wes,hrd_binary_33,MuAt-compatible reimplementation,muat_compatible_qkv_attention,0.0,,,5,0.0,0.79931640625,0,0.2005615234375,1
TCGA-BH-A42V,tcga_mc3_wes,hrd_binary_33,MuAt-compatible reimplementation,muat_compatible_qkv_attention,0.0,,,1,0.0,1.0,0,0.0001119375228881836,1
TCGA-BH-A5IZ,tcga_mc3_wes,hrd_binary_33,MuAt-compatible reimplementation,muat_compatible_qkv_attention,1.0,,,4,1.0,0.12396240234375,0,0.8759765625,1
TCGA-BH-A6R8,tcga_mc3_wes,hrd_binary_33,MuAt-compatible reimplementation,muat_compatible_qkv_attention,0.0,,,4,0.0,1.0,0,0.0001329183578491211,1
TCGA-BH-A6R9,tcga_mc3_wes,hrd_binary_33,MuAt-compatible reimplementation,muat_compatible_qkv_attention,0.0,,,5,0.0,0.5263671875,0,0.4736328125,1
TCGA-BH-A8FY,tcga_mc3_wes,hrd_binary_33,MuAt-compatible reimplementation,muat_compatible_qkv_attention,0.0,,,4,0.0,0.9111328125,0,0.08868408203125,1
TCGA-BH-A8FZ,tcga_mc3_wes,hrd_binary_33,MuAt-compatible reimplementation,muat_compatible_qkv_attention,1.0,,,3,0.0,0.6484375,0,0.3515625,1
TCGA-BH-A8G0,tcga_mc3_wes,hrd_binary_33,MuAt-compatible reimplementation,muat_compatible_qkv_attention,0.0,,,2,0.0,0.9443359375,0,0.0556640625,1
TCGA-BH-AB28,tcga_mc3_wes,hrd_binary_33,MuAt-compatible reimplementation,muat_compatible_qkv_attention,0.0,,,3,0.0,0.69482421875,0,0.304931640625,1
TCGA-C8-A12L,tcga_mc3_wes,hrd_binary_33,MuAt-compatible reimplementation,muat_compatible_qkv_attention,1.0,,,1,0.0,0.947265625,0,0.052886962890625,1
TCGA-C8-A12M,tcga_mc3_wes,hrd_binary_33,MuAt-compatible reimplementation,muat_compatible_qkv_attention,0.0,,,4,1.0,0.01023101806640625,0,0.98974609375,1
TCGA-C8-A12N,tcga_mc3_wes,hrd_binary_33,MuAt-compatible reimplementation,muat_compatible_qkv_attention,0.0,,,4,1.0,0.0005369186401367188,0,0.99951171875,1
TCGA-C8-A12O,tcga_mc3_wes,hrd_binary_33,MuAt-compatible reimplementation,muat_compatible_qkv_attention,0.0,,,3,0.0,0.67822265625,0,0.321533203125,1
TCGA-C8-A12P,tcga_mc3_wes,hrd_binary_33,MuAt-compatible reimplementation,muat_compatible_qkv_attention,1.0,,,2,0.0,0.87744140625,0,0.12237548828125,1
TCGA-C8-A12Q,tcga_mc3_wes,hrd_binary_33,MuAt-compatible reimplementation,muat_compatible_qkv_attention,1.0,,,4,0.0,1.0,0,3.0338764190673828e-05,1
TCGA-C8-A12U,tcga_mc3_wes,hrd_binary_33,MuAt-compatible reimplementation,muat_compatible_qkv_attention,1.0,,,1,1.0,0.08978271484375,0,0.91015625,1
TCGA-C8-A12W,tcga_mc3_wes,hrd_binary_33,MuAt-compatible reimplementation,muat_compatible_qkv_attention,0.0,,,1,1.0,0.1021728515625,0,0.89794921875,1
TCGA-C8-A12Y,tcga_mc3_wes,hrd_binary_33,MuAt-compatible reimplementation,muat_compatible_qkv_attention,0.0,,,2,0.0,0.931640625,0,0.06842041015625,1
TCGA-C8-A12Z,tcga_mc3_wes,hrd_binary_33,MuAt-compatible reimplementation,muat_compatible_qkv_attention,0.0,,,1,0.0,0.99951171875,0,0.00031256675720214844,1
TCGA-C8-A130,tcga_mc3_wes,hrd_binary_33,MuAt-compatible reimplementation,muat_compatible_qkv_attention,1.0,,,2,0.0,0.9228515625,0,0.0771484375,1
TCGA-C8-A131,tcga_mc3_wes,hrd_binary_33,MuAt-compatible reimplementation,muat_compatible_qkv_attention,0.0,,,2,0.0,0.85595703125,0,0.1439208984375,1
TCGA-C8-A132,tcga_mc3_wes,hrd_binary_33,MuAt-compatible reimplementation,muat_compatible_qkv_attention,1.0,,,5,0.0,0.6982421875,0,0.301513671875,1
TCGA-C8-A133,tcga_mc3_wes,hrd_binary_33,MuAt-compatible reimplementation,muat_compatible_qkv_attention,0.0,,,1,0.0,1.0,0,0.0001266002655029297,1
TCGA-C8-A135,tcga_mc3_wes,hrd_binary_33,MuAt-compatible reimplementation,muat_compatible_qkv_attention,0.0,,,4,1.0,0.342529296875,0,0.65771484375,1
TCGA-C8-A137,tcga_mc3_wes,hrd_binary_33,MuAt-compatible reimplementation,muat_compatible_qkv_attention,1.0,,,4,0.0,1.0,0,8.153915405273438e-05,1
TCGA-C8-A138,tcga_mc3_wes,hrd_binary_33,MuAt-compatible reimplementation,muat_compatible_qkv_attention,1.0,,,4,1.0,0.0875244140625,0,0.91259765625,1
TCGA-C8-A1HE,tcga_mc3_wes,hrd_binary_33,MuAt-compatible reimplementation,muat_compatible_qkv_attention,0.0,,,4,0.0,1.0,0,6.657838821411133e-05,1
TCGA-C8-A1HF,tcga_mc3_wes,hrd_binary_33,MuAt-compatible reimplementation,muat_compatible_qkv_attention,0.0,,,2,0.0,0.94580078125,0,0.054046630859375,1
TCGA-C8-A1HG,tcga_mc3_wes,hrd_binary_33,MuAt-compatible reimplementation,muat_compatible_qkv_attention,1.0,,,4,0.0,0.63720703125,0,0.363037109375,1
TCGA-C8-A1HJ,tcga_mc3_wes,hrd_binary_33,MuAt-compatible reimplementation,muat_compatible_qkv_attention,1.0,,,5,1.0,0.185302734375,0,0.81494140625,1
TCGA-C8-A1HK,tcga_mc3_wes,hrd_binary_33,MuAt-compatible reimplementation,muat_compatible_qkv_attention,0.0,,,3,0.0,0.6513671875,0,0.3486328125,1
TCGA-C8-A1HL,tcga_mc3_wes,hrd_binary_33,MuAt-compatible reimplementation,muat_compatible_qkv_attention,0.0,,,4,0.0,1.0,0,8.380413055419922e-05,1
TCGA-C8-A1HM,tcga_mc3_wes,hrd_binary_33,MuAt-compatible reimplementation,muat_compatible_qkv_attention,1.0,,,1,0.0,0.970703125,0,0.029205322265625,1
TCGA-C8-A26V,tcga_mc3_wes,hrd_binary_33,MuAt-compatible reimplementation,muat_compatible_qkv_attention,0.0,,,3,0.0,0.6923828125,0,0.307373046875,1
TCGA-C8-A26W,tcga_mc3_wes,hrd_binary_33,MuAt-compatible reimplementation,muat_compatible_qkv_attention,0.0,,,1,0.0,0.99951171875,0,0.0003829002380371094,1
TCGA-C8-A26X,tcga_mc3_wes,hrd_binary_33,MuAt-compatible reimplementation,muat_compatible_qkv_attention,0.0,,,3,0.0,0.646484375,0,0.353271484375,1
TCGA-C8-A26Y,tcga_mc3_wes,hrd_binary_33,MuAt-compatible reimplementation,muat_compatible_qkv_attention,1.0,,,3,0.0,0.68017578125,0,0.31982421875,1
TCGA-C8-A26Z,tcga_mc3_wes,hrd_binary_33,MuAt-compatible reimplementation,muat_compatible_qkv_attention,0.0,,,1,1.0,0.0655517578125,0,0.9345703125,1
TCGA-C8-A273,tcga_mc3_wes,hrd_binary_33,MuAt-compatible reimplementation,muat_compatible_qkv_attention,0.0,,,2,0.0,0.8828125,0,0.1173095703125,1
TCGA-C8-A275,tcga_mc3_wes,hrd_binary_33,MuAt-compatible reimplementation,muat_compatible_qkv_attention,0.0,,,5,0.0,0.65771484375,0,0.342041015625,1
TCGA-C8-A278,tcga_mc3_wes,hrd_binary_33,MuAt-compatible reimplementation,muat_compatible_qkv_attention,0.0,,,5,0.0,0.80029296875,0,0.19970703125,1
TCGA-C8-A27A,tcga_mc3_wes,hrd_binary_33,MuAt-compatible reimplementation,muat_compatible_qkv_attention,1.0,,,4,0.0,0.99951171875,0,0.0005183219909667969,1
TCGA-C8-A27B,tcga_mc3_wes,hrd_binary_33,MuAt-compatible reimplementation,muat_compatible_qkv_attention,1.0,,,3,0.0,0.60986328125,0,0.39013671875,1
TCGA-C8-A8HP,tcga_mc3_wes,hrd_binary_33,MuAt-compatible reimplementation,muat_compatible_qkv_attention,0.0,,,2,0.0,0.87548828125,0,0.12469482421875,1
TCGA-C8-A8HQ,tcga_mc3_wes,hrd_binary_33,MuAt-compatible reimplementation,muat_compatible_qkv_attention,0.0,,,4,0.0,1.0,0,4.351139068603516e-06,1
TCGA-C8-A8HR,tcga_mc3_wes,hrd_binary_33,MuAt-compatible reimplementation,muat_compatible_qkv_attention,1.0,,,1,0.0,0.6767578125,0,0.323486328125,1
TCGA-D8-A13Y,tcga_mc3_wes,hrd_binary_33,MuAt-compatible reimplementation,muat_compatible_qkv_attention,1.0,,,2,0.0,0.81884765625,0,0.1810302734375,1
TCGA-D8-A13Z,tcga_mc3_wes,hrd_binary_33,MuAt-compatible reimplementation,muat_compatible_qkv_attention,1.0,,,2,0.0,0.751953125,0,0.247802734375,1
TCGA-D8-A140,tcga_mc3_wes,hrd_binary_33,MuAt-compatible reimplementation,muat_compatible_qkv_attention,0.0,,,2,0.0,0.82666015625,0,0.1732177734375,1
TCGA-D8-A141,tcga_mc3_wes,hrd_binary_33,MuAt-compatible reimplementation,muat_compatible_qkv_attention,0.0,,,5,0.0,0.71875,0,0.281005859375,1
TCGA-D8-A143,tcga_mc3_wes,hrd_binary_33,MuAt-compatible reimplementation,muat_compatible_qkv_attention,1.0,,,4,0.0,0.9833984375,0,0.0167388916015625,1
TCGA-D8-A145,tcga_mc3_wes,hrd_binary_33,MuAt-compatible reimplementation,muat_compatible_qkv_attention,0.0,,,2,0.0,0.8759765625,0,0.1240234375,1
TCGA-D8-A147,tcga_mc3_wes,hrd_binary_33,MuAt-compatible reimplementation,muat_compatible_qkv_attention,1.0,,,2,0.0,0.6318359375,0,0.3681640625,1
TCGA-D8-A1J8,tcga_mc3_wes,hrd_binary_33,MuAt-compatible reimplementation,muat_compatible_qkv_attention,0.0,,,1,0.0,0.9345703125,0,0.06561279296875,1
TCGA-D8-A1J9,tcga_mc3_wes,hrd_binary_33,MuAt-compatible reimplementation,muat_compatible_qkv_attention,0.0,,,1,1.0,0.1922607421875,0,0.8076171875,1
TCGA-D8-A1JA,tcga_mc3_wes,hrd_binary_33,MuAt-compatible reimplementation,muat_compatible_qkv_attention,0.0,,,2,0.0,0.75,0,0.249755859375,1
TCGA-D8-A1JB,tcga_mc3_wes,hrd_binary_33,MuAt-compatible reimplementation,muat_compatible_qkv_attention,1.0,,,1,0.0,0.99560546875,0,0.004161834716796875,1
TCGA-D8-A1JC,tcga_mc3_wes,hrd_binary_33,MuAt-compatible reimplementation,muat_compatible_qkv_attention,1.0,,,2,0.0,0.91357421875,0,0.0865478515625,1
TCGA-D8-A1JD,tcga_mc3_wes,hrd_binary_33,MuAt-compatible reimplementation,muat_compatible_qkv_attention,1.0,,,1,0.0,0.98486328125,0,0.0149688720703125,1
TCGA-D8-A1JF,tcga_mc3_wes,hrd_binary_33,MuAt-compatible reimplementation,muat_compatible_qkv_attention,0.0,,,5,0.0,0.61572265625,0,0.384521484375,1
TCGA-D8-A1JG,tcga_mc3_wes,hrd_binary_33,MuAt-compatible reimplementation,muat_compatible_qkv_attention,0.0,,,5,0.0,0.6787109375,0,0.3212890625,1
TCGA-D8-A1JH,tcga_mc3_wes,hrd_binary_33,MuAt-compatible reimplementation,muat_compatible_qkv_attention,0.0,,,1,0.0,0.7939453125,0,0.2059326171875,1
TCGA-D8-A1JI,tcga_mc3_wes,hrd_binary_33,MuAt-compatible reimplementation,muat_compatible_qkv_attention,0.0,,,2,0.0,0.82080078125,0,0.17919921875,1
TCGA-D8-A1JJ,tcga_mc3_wes,hrd_binary_33,MuAt-compatible reimplementation,muat_compatible_qkv_attention,0.0,,,5,0.0,0.94384765625,0,0.0562744140625,1
TCGA-D8-A1JK,tcga_mc3_wes,hrd_binary_33,MuAt-compatible reimplementation,muat_compatible_qkv_attention,1.0,,,5,1.0,0.450439453125,0,0.5498046875,1
TCGA-D8-A1JL,tcga_mc3_wes,hrd_binary_33,MuAt-compatible reimplementation,muat_compatible_qkv_attention,1.0,,,4,1.0,0.0032100677490234375,0,0.99658203125,1
TCGA-D8-A1JM,tcga_mc3_wes,hrd_binary_33,MuAt-compatible reimplementation,muat_compatible_qkv_attention,1.0,,,5,0.0,0.77490234375,0,0.225341796875,1
TCGA-D8-A1JN,tcga_mc3_wes,hrd_binary_33,MuAt-compatible reimplementation,muat_compatible_qkv_attention,0.0,,,2,0.0,0.96826171875,0,0.031768798828125,1
TCGA-D8-A1JP,tcga_mc3_wes,hrd_binary_33,MuAt-compatible reimplementation,muat_compatible_qkv_attention,1.0,,,5,1.0,0.321044921875,0,0.6787109375,1
TCGA-D8-A1JS,tcga_mc3_wes,hrd_binary_33,MuAt-compatible reimplementation,muat_compatible_qkv_attention,0.0,,,2,0.0,0.947265625,0,0.052825927734375,1
TCGA-D8-A1JT,tcga_mc3_wes,hrd_binary_33,MuAt-compatible reimplementation,muat_compatible_qkv_attention,0.0,,,1,0.0,0.99658203125,0,0.0036144256591796875,1
TCGA-D8-A1JU,tcga_mc3_wes,hrd_binary_33,MuAt-compatible reimplementation,muat_compatible_qkv_attention,0.0,,,2,0.0,0.9794921875,0,0.0206298828125,1
TCGA-D8-A1X5,tcga_mc3_wes,hrd_binary_33,MuAt-compatible reimplementation,muat_compatible_qkv_attention,1.0,,,4,0.0,0.97705078125,0,0.0228729248046875,1
TCGA-D8-A1X7,tcga_mc3_wes,hrd_binary_33,MuAt-compatible reimplementation,muat_compatible_qkv_attention,0.0,,,3,0.0,0.640625,0,0.359130859375,1
TCGA-D8-A1X8,tcga_mc3_wes,hrd_binary_33,MuAt-compatible reimplementation,muat_compatible_qkv_attention,0.0,,,5,0.0,0.654296875,0,0.345458984375,1
TCGA-D8-A1X9,tcga_mc3_wes,hrd_binary_33,MuAt-compatible reimplementation,muat_compatible_qkv_attention,1.0,,,5,1.0,0.42041015625,0,0.57958984375,1
TCGA-D8-A1XA,tcga_mc3_wes,hrd_binary_33,MuAt-compatible reimplementation,muat_compatible_qkv_attention,0.0,,,5,0.0,0.85791015625,0,0.1419677734375,1
TCGA-D8-A1XB,tcga_mc3_wes,hrd_binary_33,MuAt-compatible reimplementation,muat_compatible_qkv_attention,0.0,,,3,0.0,0.70556640625,0,0.29443359375,1
TCGA-D8-A1XC,tcga_mc3_wes,hrd_binary_33,MuAt-compatible reimplementation,muat_compatible_qkv_attention,0.0,,,4,0.0,0.9990234375,0,0.0010814666748046875,1
TCGA-D8-A1XF,tcga_mc3_wes,hrd_binary_33,MuAt-compatible reimplementation,muat_compatible_qkv_attention,0.0,,,5,0.0,0.79736328125,0,0.20263671875,1
TCGA-D8-A1XG,tcga_mc3_wes,hrd_binary_33,MuAt-compatible reimplementation,muat_compatible_qkv_attention,0.0,,,1,0.0,0.89599609375,0,0.1038818359375,1
TCGA-D8-A1XJ,tcga_mc3_wes,hrd_binary_33,MuAt-compatible reimplementation,muat_compatible_qkv_attention,1.0,,,3,0.0,0.72314453125,0,0.27685546875,1
TCGA-D8-A1XK,tcga_mc3_wes,hrd_binary_33,MuAt-compatible reimplementation,muat_compatible_qkv_attention,1.0,,,5,1.0,0.042816162109375,0,0.95703125,1
TCGA-D8-A1XL,tcga_mc3_wes,hrd_binary_33,MuAt-compatible reimplementation,muat_compatible_qkv_attention,1.0,,,1,1.0,0.217529296875,0,0.78271484375,1
TCGA-D8-A1XM,tcga_mc3_wes,hrd_binary_33,MuAt-compatible reimplementation,muat_compatible_qkv_attention,0.0,,,1,0.0,0.9765625,0,0.0234375,1
TCGA-D8-A1XO,tcga_mc3_wes,hrd_binary_33,MuAt-compatible reimplementation,muat_compatible_qkv_attention,0.0,,,1,0.0,1.0,0,0.0001373291015625,1
TCGA-D8-A1XQ,tcga_mc3_wes,hrd_binary_33,MuAt-compatible reimplementation,muat_compatible_qkv_attention,1.0,,,5,1.0,0.167724609375,0,0.83203125,1
TCGA-D8-A1XR,tcga_mc3_wes,hrd_binary_33,MuAt-compatible reimplementation,muat_compatible_qkv_attention,0.0,,,4,0.0,1.0,0,0.00015234947204589844,1
TCGA-D8-A1XT,tcga_mc3_wes,hrd_binary_33,MuAt-compatible reimplementation,muat_compatible_qkv_attention,1.0,,,4,0.0,1.0,0,5.066394805908203e-06,1
TCGA-D8-A1XV,tcga_mc3_wes,hrd_binary_33,MuAt-compatible reimplementation,muat_compatible_qkv_attention,0.0,,,5,1.0,0.43896484375,0,0.56103515625,1
TCGA-D8-A1XW,tcga_mc3_wes,hrd_binary_33,MuAt-compatible reimplementation,muat_compatible_qkv_attention,1.0,,,5,1.0,0.1590576171875,0,0.8408203125,1
TCGA-D8-A1XY,tcga_mc3_wes,hrd_binary_33,MuAt-compatible reimplementation,muat_compatible_qkv_attention,0.0,,,1,0.0,0.9951171875,0,0.004779815673828125,1
TCGA-D8-A1XZ,tcga_mc3_wes,hrd_binary_33,MuAt-compatible reimplementation,muat_compatible_qkv_attention,0.0,,,3,0.0,0.65869140625,0,0.341552734375,1
TCGA-D8-A1Y0,tcga_mc3_wes,hrd_binary_33,MuAt-compatible reimplementation,muat_compatible_qkv_attention,1.0,,,5,1.0,0.46240234375,0,0.53759765625,1
TCGA-D8-A1Y1,tcga_mc3_wes,hrd_binary_33,MuAt-compatible reimplementation,muat_compatible_qkv_attention,0.0,,,4,0.0,0.998046875,0,0.0020751953125,1
TCGA-D8-A1Y2,tcga_mc3_wes,hrd_binary_33,MuAt-compatible reimplementation,muat_compatible_qkv_attention,0.0,,,4,0.0,1.0,0,1.430511474609375e-06,1
TCGA-D8-A1Y3,tcga_mc3_wes,hrd_binary_33,MuAt-compatible reimplementation,muat_compatible_qkv_attention,1.0,,,3,0.0,0.681640625,0,0.318359375,1
TCGA-D8-A27E,tcga_mc3_wes,hrd_binary_33,MuAt-compatible reimplementation,muat_compatible_qkv_attention,0.0,,,5,0.0,0.52783203125,0,0.471923828125,1
TCGA-D8-A27F,tcga_mc3_wes,hrd_binary_33,MuAt-compatible reimplementation,muat_compatible_qkv_attention,1.0,,,2,0.0,0.59814453125,0,0.401611328125,1
TCGA-D8-A27H,tcga_mc3_wes,hrd_binary_33,MuAt-compatible reimplementation,muat_compatible_qkv_attention,1.0,,,3,0.0,0.634765625,0,0.365234375,1
TCGA-D8-A27K,tcga_mc3_wes,hrd_binary_33,MuAt-compatible reimplementation,muat_compatible_qkv_attention,0.0,,,4,0.0,1.0,0,8.64267349243164e-06,1
TCGA-D8-A27L,tcga_mc3_wes,hrd_binary_33,MuAt-compatible reimplementation,muat_compatible_qkv_attention,0.0,,,3,0.0,0.7109375,0,0.2890625,1
TCGA-D8-A27M,tcga_mc3_wes,hrd_binary_33,MuAt-compatible reimplementation,muat_compatible_qkv_attention,1.0,,,5,1.0,0.1585693359375,0,0.84130859375,1
TCGA-D8-A27N,tcga_mc3_wes,hrd_binary_33,MuAt-compatible reimplementation,muat_compatible_qkv_attention,0.0,,,4,0.0,0.99951171875,0,0.0002536773681640625,1
TCGA-D8-A27P,tcga_mc3_wes,hrd_binary_33,MuAt-compatible reimplementation,muat_compatible_qkv_attention,0.0,,,4,0.0,1.0,0,3.337860107421875e-06,1
TCGA-D8-A27R,tcga_mc3_wes,hrd_binary_33,MuAt-compatible reimplementation,muat_compatible_qkv_attention,1.0,,,2,0.0,0.80810546875,0,0.1920166015625,1
TCGA-D8-A27T,tcga_mc3_wes,hrd_binary_33,MuAt-compatible reimplementation,muat_compatible_qkv_attention,0.0,,,5,0.0,0.98291015625,0,0.017181396484375,1
TCGA-D8-A27V,tcga_mc3_wes,hrd_binary_33,MuAt-compatible reimplementation,muat_compatible_qkv_attention,0.0,,,3,0.0,0.5791015625,0,0.420654296875,1
TCGA-D8-A27W,tcga_mc3_wes,hrd_binary_33,MuAt-compatible reimplementation,muat_compatible_qkv_attention,0.0,,,1,0.0,0.99853515625,0,0.001369476318359375,1
TCGA-D8-A3Z6,tcga_mc3_wes,hrd_binary_33,MuAt-compatible reimplementation,muat_compatible_qkv_attention,0.0,,,4,0.0,1.0,0,1.6689300537109375e-06,1
TCGA-D8-A4Z1,tcga_mc3_wes,hrd_binary_33,MuAt-compatible reimplementation,muat_compatible_qkv_attention,0.0,,,4,0.0,1.0,0,1.6689300537109375e-06,1
TCGA-D8-A73U,tcga_mc3_wes,hrd_binary_33,MuAt-compatible reimplementation,muat_compatible_qkv_attention,0.0,,,1,0.0,0.99609375,0,0.003692626953125,1
TCGA-D8-A73W,tcga_mc3_wes,hrd_binary_33,MuAt-compatible reimplementation,muat_compatible_qkv_attention,0.0,,,2,0.0,0.892578125,0,0.107421875,1
TCGA-D8-A73X,tcga_mc3_wes,hrd_binary_33,MuAt-compatible reimplementation,muat_compatible_qkv_attention,0.0,,,1,1.0,0.0322265625,0,0.9677734375,1
TCGA-E2-A10A,tcga_mc3_wes,hrd_binary_33,MuAt-compatible reimplementation,muat_compatible_qkv_attention,0.0,,,3,0.0,0.71044921875,0,0.289306640625,1
TCGA-E2-A10C,tcga_mc3_wes,hrd_binary_33,MuAt-compatible reimplementation,muat_compatible_qkv_attention,0.0,,,1,0.0,0.90087890625,0,0.0989990234375,1
TCGA-E2-A14O,tcga_mc3_wes,hrd_binary_33,MuAt-compatible reimplementation,muat_compatible_qkv_attention,0.0,,,2,0.0,0.92919921875,0,0.07080078125,1
TCGA-E2-A14Q,tcga_mc3_wes,hrd_binary_33,MuAt-compatible reimplementation,muat_compatible_qkv_attention,0.0,,,4,0.0,0.99560546875,0,0.004581451416015625,1
TCGA-E2-A14R,tcga_mc3_wes,hrd_binary_33,MuAt-compatible reimplementation,muat_compatible_qkv_attention,1.0,,,1,1.0,0.319580078125,0,0.6806640625,1
TCGA-E2-A14T,tcga_mc3_wes,hrd_binary_33,MuAt-compatible reimplementation,muat_compatible_qkv_attention,0.0,,,1,0.0,0.86572265625,0,0.134033203125,1
TCGA-E2-A14X,tcga_mc3_wes,hrd_binary_33,MuAt-compatible reimplementation,muat_compatible_qkv_attention,0.0,,,3,0.0,0.7060546875,0,0.2939453125,1
TCGA-E2-A14Y,tcga_mc3_wes,hrd_binary_33,MuAt-compatible reimplementation,muat_compatible_qkv_attention,0.0,,,3,0.0,0.6826171875,0,0.3173828125,1
TCGA-E2-A14Z,tcga_mc3_wes,hrd_binary_33,MuAt-compatible reimplementation,muat_compatible_qkv_attention,1.0,,,4,0.0,1.0,0,1.895427703857422e-05,1
TCGA-E2-A150,tcga_mc3_wes,hrd_binary_33,MuAt-compatible reimplementation,muat_compatible_qkv_attention,1.0,,,1,0.0,0.89453125,0,0.10552978515625,1
TCGA-E2-A152,tcga_mc3_wes,hrd_binary_33,MuAt-compatible reimplementation,muat_compatible_qkv_attention,0.0,,,1,0.0,0.99609375,0,0.00412750244140625,1
TCGA-E2-A153,tcga_mc3_wes,hrd_binary_33,MuAt-compatible reimplementation,muat_compatible_qkv_attention,0.0,,,4,1.0,0.1505126953125,0,0.849609375,1
TCGA-E2-A154,tcga_mc3_wes,hrd_binary_33,MuAt-compatible reimplementation,muat_compatible_qkv_attention,0.0,,,4,0.0,0.87646484375,0,0.12359619140625,1
TCGA-E2-A155,tcga_mc3_wes,hrd_binary_33,MuAt-compatible reimplementation,muat_compatible_qkv_attention,0.0,,,1,0.0,0.51220703125,0,0.48779296875,1
TCGA-E2-A156,tcga_mc3_wes,hrd_binary_33,MuAt-compatible reimplementation,muat_compatible_qkv_attention,0.0,,,3,0.0,0.7236328125,0,0.276123046875,1
TCGA-E2-A158,tcga_mc3_wes,hrd_binary_33,MuAt-compatible reimplementation,muat_compatible_qkv_attention,1.0,,,3,0.0,0.60498046875,0,0.39501953125,1
TCGA-E2-A159,tcga_mc3_wes,hrd_binary_33,MuAt-compatible reimplementation,muat_compatible_qkv_attention,0.0,,,2,0.0,0.94287109375,0,0.057281494140625,1
TCGA-E2-A15A,tcga_mc3_wes,hrd_binary_33,MuAt-compatible reimplementation,muat_compatible_qkv_attention,1.0,,,1,0.0,0.962890625,0,0.037322998046875,1
TCGA-E2-A15C,tcga_mc3_wes,hrd_binary_33,MuAt-compatible reimplementation,muat_compatible_qkv_attention,0.0,,,3,0.0,0.6884765625,0,0.3115234375,1
TCGA-E2-A15D,tcga_mc3_wes,hrd_binary_33,MuAt-compatible reimplementation,muat_compatible_qkv_attention,0.0,,,3,0.0,0.67431640625,0,0.32568359375,1
TCGA-E2-A15E,tcga_mc3_wes,hrd_binary_33,MuAt-compatible reimplementation,muat_compatible_qkv_attention,1.0,,,5,0.0,0.85009765625,0,0.149658203125,1
TCGA-E2-A15G,tcga_mc3_wes,hrd_binary_33,MuAt-compatible reimplementation,muat_compatible_qkv_attention,0.0,,,1,0.0,0.99951171875,0,0.0006036758422851562,1
TCGA-E2-A15H,tcga_mc3_wes,hrd_binary_33,MuAt-compatible reimplementation,muat_compatible_qkv_attention,0.0,,,1,0.0,0.60888671875,0,0.390869140625,1
TCGA-E2-A15I,tcga_mc3_wes,hrd_binary_33,MuAt-compatible reimplementation,muat_compatible_qkv_attention,0.0,,,3,0.0,0.6748046875,0,0.3251953125,1
TCGA-E2-A15J,tcga_mc3_wes,hrd_binary_33,MuAt-compatible reimplementation,muat_compatible_qkv_attention,0.0,,,2,0.0,0.90966796875,0,0.09027099609375,1
TCGA-E2-A15K,tcga_mc3_wes,hrd_binary_33,MuAt-compatible reimplementation,muat_compatible_qkv_attention,0.0,,,5,0.0,0.71826171875,0,0.28173828125,1
TCGA-E2-A15M,tcga_mc3_wes,hrd_binary_33,MuAt-compatible reimplementation,muat_compatible_qkv_attention,1.0,,,1,0.0,0.990234375,0,0.00995635986328125,1
TCGA-E2-A15O,tcga_mc3_wes,hrd_binary_33,MuAt-compatible reimplementation,muat_compatible_qkv_attention,0.0,,,1,0.0,1.0,0,3.74913215637207e-05,1
TCGA-E2-A15P,tcga_mc3_wes,hrd_binary_33,MuAt-compatible reimplementation,muat_compatible_qkv_attention,0.0,,,3,0.0,0.65283203125,0,0.34716796875,1
TCGA-E2-A15R,tcga_mc3_wes,hrd_binary_33,MuAt-compatible reimplementation,muat_compatible_qkv_attention,0.0,,,4,1.0,0.3369140625,0,0.6630859375,1
TCGA-E2-A15T,tcga_mc3_wes,hrd_binary_33,MuAt-compatible reimplementation,muat_compatible_qkv_attention,0.0,,,5,0.0,0.9208984375,0,0.07891845703125,1
TCGA-E2-A1AZ,tcga_mc3_wes,hrd_binary_33,MuAt-compatible reimplementation,muat_compatible_qkv_attention,1.0,,,1,1.0,0.381103515625,0,0.61865234375,1
TCGA-E2-A1B0,tcga_mc3_wes,hrd_binary_33,MuAt-compatible reimplementation,muat_compatible_qkv_attention,1.0,,,2,0.0,0.86328125,0,0.136474609375,1
TCGA-E2-A1B4,tcga_mc3_wes,hrd_binary_33,MuAt-compatible reimplementation,muat_compatible_qkv_attention,0.0,,,3,0.0,0.68896484375,0,0.311279296875,1
TCGA-E2-A1B5,tcga_mc3_wes,hrd_binary_33,MuAt-compatible reimplementation,muat_compatible_qkv_attention,0.0,,,2,0.0,0.9287109375,0,0.071533203125,1
TCGA-E2-A1BC,tcga_mc3_wes,hrd_binary_33,MuAt-compatible reimplementation,muat_compatible_qkv_attention,0.0,,,3,0.0,0.6103515625,0,0.3896484375,1
TCGA-E2-A1BD,tcga_mc3_wes,hrd_binary_33,MuAt-compatible reimplementation,muat_compatible_qkv_attention,0.0,,,4,0.0,1.0,0,1.3947486877441406e-05,1
TCGA-E2-A1IE,tcga_mc3_wes,hrd_binary_33,MuAt-compatible reimplementation,muat_compatible_qkv_attention,0.0,,,5,0.0,0.560546875,0,0.439453125,1
TCGA-E2-A1IF,tcga_mc3_wes,hrd_binary_33,MuAt-compatible reimplementation,muat_compatible_qkv_attention,0.0,,,3,0.0,0.64111328125,0,0.35888671875,1
TCGA-E2-A1IG,tcga_mc3_wes,hrd_binary_33,MuAt-compatible reimplementation,muat_compatible_qkv_attention,0.0,,,4,1.0,0.294677734375,0,0.70556640625,1
TCGA-E2-A1IH,tcga_mc3_wes,hrd_binary_33,MuAt-compatible reimplementation,muat_compatible_qkv_attention,0.0,,,3,0.0,0.67431640625,0,0.32568359375,1
TCGA-E2-A1IJ,tcga_mc3_wes,hrd_binary_33,MuAt-compatible reimplementation,muat_compatible_qkv_attention,0.0,,,3,0.0,0.650390625,0,0.349853515625,1
TCGA-E2-A1IK,tcga_mc3_wes,hrd_binary_33,MuAt-compatible reimplementation,muat_compatible_qkv_attention,0.0,,,1,0.0,0.99951171875,0,0.0005769729614257812,1
TCGA-E2-A1IL,tcga_mc3_wes,hrd_binary_33,MuAt-compatible reimplementation,muat_compatible_qkv_attention,0.0,,,5,0.0,0.94970703125,0,0.050323486328125,1
TCGA-E2-A1IO,tcga_mc3_wes,hrd_binary_33,MuAt-compatible reimplementation,muat_compatible_qkv_attention,0.0,,,4,0.0,1.0,0,1.055002212524414e-05,1
TCGA-E2-A1IU,tcga_mc3_wes,hrd_binary_33,MuAt-compatible reimplementation,muat_compatible_qkv_attention,0.0,,,3,0.0,0.7041015625,0,0.2958984375,1
TCGA-E2-A1L6,tcga_mc3_wes,hrd_binary_33,MuAt-compatible reimplementation,muat_compatible_qkv_attention,0.0,,,2,0.0,0.9453125,0,0.054840087890625,1
TCGA-E2-A1L8,tcga_mc3_wes,hrd_binary_33,MuAt-compatible reimplementation,muat_compatible_qkv_attention,0.0,,,2,0.0,0.94091796875,0,0.058929443359375,1
TCGA-E2-A1L9,tcga_mc3_wes,hrd_binary_33,MuAt-compatible reimplementation,muat_compatible_qkv_attention,0.0,,,5,0.0,0.72802734375,0,0.272216796875,1
TCGA-E2-A1LA,tcga_mc3_wes,hrd_binary_33,MuAt-compatible reimplementation,muat_compatible_qkv_attention,1.0,,,4,1.0,0.001312255859375,0,0.99853515625,1
TCGA-E2-A1LG,tcga_mc3_wes,hrd_binary_33,MuAt-compatible reimplementation,muat_compatible_qkv_attention,0.0,,,2,0.0,0.861328125,0,0.138427734375,1
TCGA-E2-A1LH,tcga_mc3_wes,hrd_binary_33,MuAt-compatible reimplementation,muat_compatible_qkv_attention,1.0,,,1,1.0,0.08538818359375,0,0.91455078125,1
TCGA-E2-A1LK,tcga_mc3_wes,hrd_binary_33,MuAt-compatible reimplementation,muat_compatible_qkv_attention,0.0,,,3,0.0,0.6494140625,0,0.3505859375,1
TCGA-E2-A1LL,tcga_mc3_wes,hrd_binary_33,MuAt-compatible reimplementation,muat_compatible_qkv_attention,1.0,,,1,0.0,0.6142578125,0,0.3857421875,1
TCGA-E2-A56Z,tcga_mc3_wes,hrd_binary_33,MuAt-compatible reimplementation,muat_compatible_qkv_attention,0.0,,,2,0.0,0.81005859375,0,0.189697265625,1
TCGA-E2-A570,tcga_mc3_wes,hrd_binary_33,MuAt-compatible reimplementation,muat_compatible_qkv_attention,0.0,,,2,0.0,0.87158203125,0,0.12841796875,1
TCGA-E2-A573,tcga_mc3_wes,hrd_binary_33,MuAt-compatible reimplementation,muat_compatible_qkv_attention,1.0,,,4,1.0,0.0008692741394042969,0,0.9990234375,1
TCGA-E2-A576,tcga_mc3_wes,hrd_binary_33,MuAt-compatible reimplementation,muat_compatible_qkv_attention,0.0,,,5,0.0,0.77392578125,0,0.22607421875,1
TCGA-E2-A9RU,tcga_mc3_wes,hrd_binary_33,MuAt-compatible reimplementation,muat_compatible_qkv_attention,1.0,,,2,0.0,0.8759765625,0,0.1239013671875,1
TCGA-E9-A1N3,tcga_mc3_wes,hrd_binary_33,MuAt-compatible reimplementation,muat_compatible_qkv_attention,0.0,,,3,0.0,0.65087890625,0,0.349365234375,1
TCGA-E9-A1N5,tcga_mc3_wes,hrd_binary_33,MuAt-compatible reimplementation,muat_compatible_qkv_attention,0.0,,,3,0.0,0.70703125,0,0.29296875,1
TCGA-E9-A1N8,tcga_mc3_wes,hrd_binary_33,MuAt-compatible reimplementation,muat_compatible_qkv_attention,0.0,,,5,0.0,0.83056640625,0,0.16943359375,1
TCGA-E9-A1N9,tcga_mc3_wes,hrd_binary_33,MuAt-compatible reimplementation,muat_compatible_qkv_attention,1.0,,,4,1.0,0.036468505859375,0,0.96337890625,1
TCGA-E9-A1NA,tcga_mc3_wes,hrd_binary_33,MuAt-compatible reimplementation,muat_compatible_qkv_attention,1.0,,,3,0.0,0.634765625,0,0.365234375,1
TCGA-E9-A1NC,tcga_mc3_wes,hrd_binary_33,MuAt-compatible reimplementation,muat_compatible_qkv_attention,1.0,,,3,0.0,0.62646484375,0,0.37353515625,1
TCGA-E9-A1ND,tcga_mc3_wes,hrd_binary_33,MuAt-compatible reimplementation,muat_compatible_qkv_attention,1.0,,,4,0.0,0.99560546875,0,0.00415802001953125,1
TCGA-E9-A1NE,tcga_mc3_wes,hrd_binary_33,MuAt-compatible reimplementation,muat_compatible_qkv_attention,0.0,,,5,1.0,0.456298828125,0,0.54345703125,1
TCGA-E9-A1NG,tcga_mc3_wes,hrd_binary_33,MuAt-compatible reimplementation,muat_compatible_qkv_attention,0.0,,,2,0.0,0.998046875,0,0.0018892288208007812,1
TCGA-E9-A1NH,tcga_mc3_wes,hrd_binary_33,MuAt-compatible reimplementation,muat_compatible_qkv_attention,0.0,,,2,0.0,0.9287109375,0,0.0711669921875,1
TCGA-E9-A1NI,tcga_mc3_wes,hrd_binary_33,MuAt-compatible reimplementation,muat_compatible_qkv_attention,0.0,,,1,0.0,1.0,0,0.00010371208190917969,1
TCGA-E9-A1R0,tcga_mc3_wes,hrd_binary_33,MuAt-compatible reimplementation,muat_compatible_qkv_attention,0.0,,,3,0.0,0.70068359375,0,0.299560546875,1
TCGA-E9-A1R3,tcga_mc3_wes,hrd_binary_33,MuAt-compatible reimplementation,muat_compatible_qkv_attention,0.0,,,3,0.0,0.70068359375,0,0.29931640625,1
TCGA-E9-A1R5,tcga_mc3_wes,hrd_binary_33,MuAt-compatible reimplementation,muat_compatible_qkv_attention,0.0,,,4,0.0,0.57421875,0,0.42578125,1
TCGA-E9-A1R6,tcga_mc3_wes,hrd_binary_33,MuAt-compatible reimplementation,muat_compatible_qkv_attention,0.0,,,2,0.0,0.9140625,0,0.0858154296875,1
TCGA-E9-A1R7,tcga_mc3_wes,hrd_binary_33,MuAt-compatible reimplementation,muat_compatible_qkv_attention,1.0,,,4,0.0,1.0,0,0.0001550912857055664,1
TCGA-E9-A1RA,tcga_mc3_wes,hrd_binary_33,MuAt-compatible reimplementation,muat_compatible_qkv_attention,0.0,,,1,0.0,0.99951171875,0,0.0004546642303466797,1
TCGA-E9-A1RB,tcga_mc3_wes,hrd_binary_33,MuAt-compatible reimplementation,muat_compatible_qkv_attention,0.0,,,2,0.0,0.818359375,0,0.181396484375,1
TCGA-E9-A1RC,tcga_mc3_wes,hrd_binary_33,MuAt-compatible reimplementation,muat_compatible_qkv_attention,0.0,,,4,0.0,0.79736328125,0,0.2027587890625,1
TCGA-E9-A1RD,tcga_mc3_wes,hrd_binary_33,MuAt-compatible reimplementation,muat_compatible_qkv_attention,0.0,,,3,0.0,0.71337890625,0,0.286376953125,1
TCGA-E9-A1RE,tcga_mc3_wes,hrd_binary_33,MuAt-compatible reimplementation,muat_compatible_qkv_attention,1.0,,,5,0.0,0.955078125,0,0.044891357421875,1
TCGA-E9-A1RF,tcga_mc3_wes,hrd_binary_33,MuAt-compatible reimplementation,muat_compatible_qkv_attention,1.0,,,2,0.0,0.70849609375,0,0.29150390625,1
TCGA-E9-A1RG,tcga_mc3_wes,hrd_binary_33,MuAt-compatible reimplementation,muat_compatible_qkv_attention,1.0,,,2,0.0,0.83251953125,0,0.1676025390625,1
TCGA-E9-A1RH,tcga_mc3_wes,hrd_binary_33,MuAt-compatible reimplementation,muat_compatible_qkv_attention,1.0,,,3,0.0,0.63037109375,0,0.369384765625,1
TCGA-E9-A226,tcga_mc3_wes,hrd_binary_33,MuAt-compatible reimplementation,muat_compatible_qkv_attention,0.0,,,4,0.0,1.0,0,6.502866744995117e-05,1
TCGA-E9-A227,tcga_mc3_wes,hrd_binary_33,MuAt-compatible reimplementation,muat_compatible_qkv_attention,0.0,,,3,0.0,0.62939453125,0,0.37060546875,1
TCGA-E9-A228,tcga_mc3_wes,hrd_binary_33,MuAt-compatible reimplementation,muat_compatible_qkv_attention,0.0,,,3,0.0,0.68896484375,0,0.310791015625,1
TCGA-E9-A229,tcga_mc3_wes,hrd_binary_33,MuAt-compatible reimplementation,muat_compatible_qkv_attention,0.0,,,4,0.0,1.0,0,1.6450881958007812e-05,1
TCGA-E9-A22A,tcga_mc3_wes,hrd_binary_33,MuAt-compatible reimplementation,muat_compatible_qkv_attention,0.0,,,1,1.0,0.372802734375,0,0.626953125,1
TCGA-E9-A22B,tcga_mc3_wes,hrd_binary_33,MuAt-compatible reimplementation,muat_compatible_qkv_attention,0.0,,,5,0.0,0.7138671875,0,0.2861328125,1
TCGA-E9-A22D,tcga_mc3_wes,hrd_binary_33,MuAt-compatible reimplementation,muat_compatible_qkv_attention,1.0,,,3,0.0,0.7001953125,0,0.2998046875,1
TCGA-E9-A22E,tcga_mc3_wes,hrd_binary_33,MuAt-compatible reimplementation,muat_compatible_qkv_attention,1.0,,,4,0.0,0.72265625,0,0.27734375,1
TCGA-E9-A22G,tcga_mc3_wes,hrd_binary_33,MuAt-compatible reimplementation,muat_compatible_qkv_attention,1.0,,,4,1.0,0.0011310577392578125,0,0.9990234375,1
TCGA-E9-A22H,tcga_mc3_wes,hrd_binary_33,MuAt-compatible reimplementation,muat_compatible_qkv_attention,0.0,,,1,0.0,0.99755859375,0,0.002471923828125,1
TCGA-E9-A243,tcga_mc3_wes,hrd_binary_33,MuAt-compatible reimplementation,muat_compatible_qkv_attention,1.0,,,5,1.0,0.370361328125,0,0.6298828125,1
TCGA-E9-A244,tcga_mc3_wes,hrd_binary_33,MuAt-compatible reimplementation,muat_compatible_qkv_attention,1.0,,,3,0.0,0.6171875,0,0.3828125,1
TCGA-E9-A245,tcga_mc3_wes,hrd_binary_33,MuAt-compatible reimplementation,muat_compatible_qkv_attention,0.0,,,5,0.0,0.59619140625,0,0.403564453125,1
TCGA-E9-A247,tcga_mc3_wes,hrd_binary_33,MuAt-compatible reimplementation,muat_compatible_qkv_attention,1.0,,,4,1.0,0.00670623779296875,0,0.9931640625,1
TCGA-E9-A248,tcga_mc3_wes,hrd_binary_33,MuAt-compatible reimplementation,muat_compatible_qkv_attention,0.0,,,2,0.0,0.880859375,0,0.119140625,1
TCGA-E9-A24A,tcga_mc3_wes,hrd_binary_33,MuAt-compatible reimplementation,muat_compatible_qkv_attention,0.0,,,5,0.0,0.5,0,0.5,1
TCGA-E9-A295,tcga_mc3_wes,hrd_binary_33,MuAt-compatible reimplementation,muat_compatible_qkv_attention,0.0,,,5,0.0,0.958984375,0,0.040985107421875,1
TCGA-E9-A2JS,tcga_mc3_wes,hrd_binary_33,MuAt-compatible reimplementation,muat_compatible_qkv_attention,1.0,,,1,1.0,0.291015625,0,0.708984375,1
TCGA-E9-A2JT,tcga_mc3_wes,hrd_binary_33,MuAt-compatible reimplementation,muat_compatible_qkv_attention,0.0,,,1,0.0,1.0,0,8.958578109741211e-05,1
TCGA-E9-A3X8,tcga_mc3_wes,hrd_binary_33,MuAt-compatible reimplementation,muat_compatible_qkv_attention,0.0,,,2,0.0,0.9375,0,0.06231689453125,1
TCGA-E9-A5FL,tcga_mc3_wes,hrd_binary_33,MuAt-compatible reimplementation,muat_compatible_qkv_attention,1.0,,,2,0.0,0.7158203125,0,0.2841796875,1
TCGA-E9-A5UO,tcga_mc3_wes,hrd_binary_33,MuAt-compatible reimplementation,muat_compatible_qkv_attention,0.0,,,2,0.0,0.8662109375,0,0.1339111328125,1
TCGA-E9-A6HE,tcga_mc3_wes,hrd_binary_33,MuAt-compatible reimplementation,muat_compatible_qkv_attention,0.0,,,1,1.0,0.45166015625,0,0.54833984375,1
TCGA-EW-A1IW,tcga_mc3_wes,hrd_binary_33,MuAt-compatible reimplementation,muat_compatible_qkv_attention,0.0,,,2,0.0,0.91650390625,0,0.08343505859375,1
TCGA-EW-A1IY,tcga_mc3_wes,hrd_binary_33,MuAt-compatible reimplementation,muat_compatible_qkv_attention,0.0,,,1,0.0,1.0,0,0.00021278858184814453,1
TCGA-EW-A1IZ,tcga_mc3_wes,hrd_binary_33,MuAt-compatible reimplementation,muat_compatible_qkv_attention,0.0,,,4,0.0,0.99853515625,0,0.001354217529296875,1
TCGA-EW-A1J1,tcga_mc3_wes,hrd_binary_33,MuAt-compatible reimplementation,muat_compatible_qkv_attention,0.0,,,1,0.0,1.0,0,3.445148468017578e-05,1
TCGA-EW-A1J3,tcga_mc3_wes,hrd_binary_33,MuAt-compatible reimplementation,muat_compatible_qkv_attention,0.0,,,5,0.0,0.83447265625,0,0.165283203125,1
TCGA-EW-A1J6,tcga_mc3_wes,hrd_binary_33,MuAt-compatible reimplementation,muat_compatible_qkv_attention,1.0,,,4,0.0,0.857421875,0,0.142822265625,1
TCGA-EW-A1OV,tcga_mc3_wes,hrd_binary_33,MuAt-compatible reimplementation,muat_compatible_qkv_attention,1.0,,,5,0.0,0.96142578125,0,0.038787841796875,1
TCGA-EW-A1OX,tcga_mc3_wes,hrd_binary_33,MuAt-compatible reimplementation,muat_compatible_qkv_attention,0.0,,,2,0.0,0.92626953125,0,0.07354736328125,1
TCGA-EW-A1OY,tcga_mc3_wes,hrd_binary_33,MuAt-compatible reimplementation,muat_compatible_qkv_attention,1.0,,,4,1.0,0.024658203125,0,0.9755859375,1
TCGA-EW-A1OZ,tcga_mc3_wes,hrd_binary_33,MuAt-compatible reimplementation,muat_compatible_qkv_attention,1.0,,,1,0.0,0.8125,0,0.1876220703125,1
TCGA-EW-A1P0,tcga_mc3_wes,hrd_binary_33,MuAt-compatible reimplementation,muat_compatible_qkv_attention,0.0,,,4,0.0,0.99951171875,0,0.00026226043701171875,1
TCGA-EW-A1P1,tcga_mc3_wes,hrd_binary_33,MuAt-compatible reimplementation,muat_compatible_qkv_attention,0.0,,,4,0.0,0.98876953125,0,0.01117706298828125,1
TCGA-EW-A1P3,tcga_mc3_wes,hrd_binary_33,MuAt-compatible reimplementation,muat_compatible_qkv_attention,0.0,,,1,0.0,0.98388671875,0,0.0159912109375,1
TCGA-EW-A1P4,tcga_mc3_wes,hrd_binary_33,MuAt-compatible reimplementation,muat_compatible_qkv_attention,1.0,,,3,0.0,0.61474609375,0,0.38525390625,1
TCGA-EW-A1P5,tcga_mc3_wes,hrd_binary_33,MuAt-compatible reimplementation,muat_compatible_qkv_attention,0.0,,,1,0.0,1.0,0,0.00022518634796142578,1
TCGA-EW-A1P6,tcga_mc3_wes,hrd_binary_33,MuAt-compatible reimplementation,muat_compatible_qkv_attention,0.0,,,2,0.0,0.93310546875,0,0.06695556640625,1
TCGA-EW-A1P7,tcga_mc3_wes,hrd_binary_33,MuAt-compatible reimplementation,muat_compatible_qkv_attention,0.0,,,2,0.0,0.66748046875,0,0.33251953125,1
TCGA-EW-A1P8,tcga_mc3_wes,hrd_binary_33,MuAt-compatible reimplementation,muat_compatible_qkv_attention,1.0,,,1,1.0,0.08489990234375,0,0.9150390625,1
TCGA-EW-A1PA,tcga_mc3_wes,hrd_binary_33,MuAt-compatible reimplementation,muat_compatible_qkv_attention,0.0,,,2,0.0,0.86669921875,0,0.13330078125,1
TCGA-EW-A1PB,tcga_mc3_wes,hrd_binary_33,MuAt-compatible reimplementation,muat_compatible_qkv_attention,1.0,,,5,1.0,0.09490966796875,0,0.9052734375,1
TCGA-EW-A1PE,tcga_mc3_wes,hrd_binary_33,MuAt-compatible reimplementation,muat_compatible_qkv_attention,0.0,,,3,0.0,0.70263671875,0,0.29736328125,1
TCGA-EW-A1PG,tcga_mc3_wes,hrd_binary_33,MuAt-compatible reimplementation,muat_compatible_qkv_attention,0.0,,,4,0.0,1.0,0,6.020069122314453e-06,1
TCGA-EW-A1PH,tcga_mc3_wes,hrd_binary_33,MuAt-compatible reimplementation,muat_compatible_qkv_attention,1.0,,,1,0.0,0.974609375,0,0.0254974365234375,1
TCGA-EW-A2FS,tcga_mc3_wes,hrd_binary_33,MuAt-compatible reimplementation,muat_compatible_qkv_attention,0.0,,,1,0.0,0.92822265625,0,0.07196044921875,1
TCGA-EW-A2FV,tcga_mc3_wes,hrd_binary_33,MuAt-compatible reimplementation,muat_compatible_qkv_attention,0.0,,,2,1.0,0.282470703125,0,0.71728515625,1
TCGA-EW-A6SB,tcga_mc3_wes,hrd_binary_33,MuAt-compatible reimplementation,muat_compatible_qkv_attention,0.0,,,4,0.0,0.990234375,0,0.00971221923828125,1
TCGA-EW-A6SC,tcga_mc3_wes,hrd_binary_33,MuAt-compatible reimplementation,muat_compatible_qkv_attention,0.0,,,5,0.0,0.6640625,0,0.335693359375,1
TCGA-EW-A6SD,tcga_mc3_wes,hrd_binary_33,MuAt-compatible reimplementation,muat_compatible_qkv_attention,1.0,,,4,0.0,1.0,0,0.00011962652206420898,1
TCGA-GM-A2DA,tcga_mc3_wes,hrd_binary_33,MuAt-compatible reimplementation,muat_compatible_qkv_attention,0.0,,,4,1.0,0.0001729726791381836,0,1.0,1
TCGA-GM-A2DB,tcga_mc3_wes,hrd_binary_33,MuAt-compatible reimplementation,muat_compatible_qkv_attention,0.0,,,5,1.0,0.339599609375,0,0.66064453125,1
TCGA-GM-A2DC,tcga_mc3_wes,hrd_binary_33,MuAt-compatible reimplementation,muat_compatible_qkv_attention,0.0,,,3,0.0,0.6689453125,0,0.331298828125,1
TCGA-GM-A2DD,tcga_mc3_wes,hrd_binary_33,MuAt-compatible reimplementation,muat_compatible_qkv_attention,0.0,,,3,0.0,0.63525390625,0,0.36474609375,1
TCGA-GM-A2DF,tcga_mc3_wes,hrd_binary_33,MuAt-compatible reimplementation,muat_compatible_qkv_attention,1.0,,,4,1.0,0.096435546875,0,0.9033203125,1
TCGA-GM-A2DH,tcga_mc3_wes,hrd_binary_33,MuAt-compatible reimplementation,muat_compatible_qkv_attention,1.0,,,1,0.0,0.5419921875,0,0.457763671875,1
TCGA-GM-A2DK,tcga_mc3_wes,hrd_binary_33,MuAt-compatible reimplementation,muat_compatible_qkv_attention,0.0,,,2,0.0,0.93017578125,0,0.06988525390625,1
TCGA-GM-A2DL,tcga_mc3_wes,hrd_binary_33,MuAt-compatible reimplementation,muat_compatible_qkv_attention,0.0,,,1,0.0,0.7236328125,0,0.2763671875,1
TCGA-GM-A2DM,tcga_mc3_wes,hrd_binary_33,MuAt-compatible reimplementation,muat_compatible_qkv_attention,0.0,,,5,1.0,0.0860595703125,0,0.9140625,1
TCGA-GM-A2DN,tcga_mc3_wes,hrd_binary_33,MuAt-compatible reimplementation,muat_compatible_qkv_attention,0.0,,,4,0.0,1.0,0,7.31348991394043e-05,1
TCGA-GM-A3NW,tcga_mc3_wes,hrd_binary_33,MuAt-compatible reimplementation,muat_compatible_qkv_attention,0.0,,,4,0.0,0.998046875,0,0.0017719268798828125,1
TCGA-GM-A5PX,tcga_mc3_wes,hrd_binary_33,MuAt-compatible reimplementation,muat_compatible_qkv_attention,0.0,,,3,0.0,0.6865234375,0,0.313232421875,1
TCGA-HN-A2NL,tcga_mc3_wes,hrd_binary_33,MuAt-compatible reimplementation,muat_compatible_qkv_attention,1.0,,,1,0.0,0.7001953125,0,0.299560546875,1
TCGA-HN-A2OB,tcga_mc3_wes,hrd_binary_33,MuAt-compatible reimplementation,muat_compatible_qkv_attention,0.0,,,1,0.0,0.99951171875,0,0.0003859996795654297,1
TCGA-LD-A66U,tcga_mc3_wes,hrd_binary_33,MuAt-compatible reimplementation,muat_compatible_qkv_attention,0.0,,,3,0.0,0.6708984375,0,0.329345703125,1
TCGA-LD-A74U,tcga_mc3_wes,hrd_binary_33,MuAt-compatible reimplementation,muat_compatible_qkv_attention,0.0,,,5,0.0,0.8623046875,0,0.137939453125,1
TCGA-LD-A7W5,tcga_mc3_wes,hrd_binary_33,MuAt-compatible reimplementation,muat_compatible_qkv_attention,1.0,,,5,0.0,0.7294921875,0,0.270263671875,1
TCGA-LD-A7W6,tcga_mc3_wes,hrd_binary_33,MuAt-compatible reimplementation,muat_compatible_qkv_attention,0.0,,,5,0.0,0.748046875,0,0.251953125,1
TCGA-LL-A50Y,tcga_mc3_wes,hrd_binary_33,MuAt-compatible reimplementation,muat_compatible_qkv_attention,0.0,,,1,1.0,0.12298583984375,0,0.876953125,1
TCGA-LL-A5YL,tcga_mc3_wes,hrd_binary_33,MuAt-compatible reimplementation,muat_compatible_qkv_attention,0.0,,,4,0.0,1.0,0,1.6450881958007812e-05,1
TCGA-LL-A5YM,tcga_mc3_wes,hrd_binary_33,MuAt-compatible reimplementation,muat_compatible_qkv_attention,0.0,,,3,0.0,0.63037109375,0,0.36962890625,1
TCGA-LL-A5YN,tcga_mc3_wes,hrd_binary_33,MuAt-compatible reimplementation,muat_compatible_qkv_attention,1.0,,,3,0.0,0.63623046875,0,0.363525390625,1
TCGA-LL-A5YP,tcga_mc3_wes,hrd_binary_33,MuAt-compatible reimplementation,muat_compatible_qkv_attention,1.0,,,4,1.0,0.0009365081787109375,0,0.9990234375,1
TCGA-LL-A6FQ,tcga_mc3_wes,hrd_binary_33,MuAt-compatible reimplementation,muat_compatible_qkv_attention,0.0,,,4,0.0,0.50634765625,0,0.49365234375,1
TCGA-LL-A6FR,tcga_mc3_wes,hrd_binary_33,MuAt-compatible reimplementation,muat_compatible_qkv_attention,1.0,,,4,1.0,0.410888671875,0,0.58935546875,1
TCGA-LL-A73Y,tcga_mc3_wes,hrd_binary_33,MuAt-compatible reimplementation,muat_compatible_qkv_attention,0.0,,,4,1.0,0.00015473365783691406,0,1.0,1
TCGA-LL-A73Z,tcga_mc3_wes,hrd_binary_33,MuAt-compatible reimplementation,muat_compatible_qkv_attention,0.0,,,1,0.0,0.986328125,0,0.01375579833984375,1
TCGA-LL-A7SZ,tcga_mc3_wes,hrd_binary_33,MuAt-compatible reimplementation,muat_compatible_qkv_attention,1.0,,,4,1.0,0.0017480850219726562,0,0.998046875,1
TCGA-LL-A7T0,tcga_mc3_wes,hrd_binary_33,MuAt-compatible reimplementation,muat_compatible_qkv_attention,1.0,,,3,0.0,0.68310546875,0,0.31689453125,1
TCGA-LL-A8F5,tcga_mc3_wes,hrd_binary_33,MuAt-compatible reimplementation,muat_compatible_qkv_attention,1.0,,,1,1.0,0.032684326171875,0,0.96728515625,1
TCGA-LL-A9Q3,tcga_mc3_wes,hrd_binary_33,MuAt-compatible reimplementation,muat_compatible_qkv_attention,0.0,,,5,0.0,0.94873046875,0,0.051025390625,1
TCGA-OK-A5Q2,tcga_mc3_wes,hrd_binary_33,MuAt-compatible reimplementation,muat_compatible_qkv_attention,0.0,,,5,0.0,0.84423828125,0,0.1556396484375,1
TCGA-OL-A5D6,tcga_mc3_wes,hrd_binary_33,MuAt-compatible reimplementation,muat_compatible_qkv_attention,0.0,,,4,1.0,0.0012617111206054688,0,0.99853515625,1
TCGA-OL-A5D7,tcga_mc3_wes,hrd_binary_33,MuAt-compatible reimplementation,muat_compatible_qkv_attention,1.0,,,1,1.0,0.200927734375,0,0.798828125,1
TCGA-OL-A5D8,tcga_mc3_wes,hrd_binary_33,MuAt-compatible reimplementation,muat_compatible_qkv_attention,0.0,,,2,0.0,0.85400390625,0,0.1458740234375,1
TCGA-OL-A5DA,tcga_mc3_wes,hrd_binary_33,MuAt-compatible reimplementation,muat_compatible_qkv_attention,0.0,,,3,0.0,0.70361328125,0,0.296142578125,1
TCGA-OL-A5RU,tcga_mc3_wes,hrd_binary_33,MuAt-compatible reimplementation,muat_compatible_qkv_attention,0.0,,,4,1.0,0.01493072509765625,0,0.98486328125,1
TCGA-OL-A5RV,tcga_mc3_wes,hrd_binary_33,MuAt-compatible reimplementation,muat_compatible_qkv_attention,0.0,,,4,0.0,0.99951171875,0,0.000415802001953125,1
TCGA-OL-A5RW,tcga_mc3_wes,hrd_binary_33,MuAt-compatible reimplementation,muat_compatible_qkv_attention,1.0,,,3,0.0,0.6337890625,0,0.3662109375,1
TCGA-OL-A5RX,tcga_mc3_wes,hrd_binary_33,MuAt-compatible reimplementation,muat_compatible_qkv_attention,0.0,,,2,0.0,0.96484375,0,0.035247802734375,1
TCGA-OL-A5RY,tcga_mc3_wes,hrd_binary_33,MuAt-compatible reimplementation,muat_compatible_qkv_attention,0.0,,,5,1.0,0.16455078125,0,0.83544921875,1
TCGA-OL-A5RZ,tcga_mc3_wes,hrd_binary_33,MuAt-compatible reimplementation,muat_compatible_qkv_attention,0.0,,,2,0.0,0.84033203125,0,0.15966796875,1
TCGA-OL-A5S0,tcga_mc3_wes,hrd_binary_33,MuAt-compatible reimplementation,muat_compatible_qkv_attention,1.0,,,2,0.0,0.9931640625,0,0.00669097900390625,1
TCGA-OL-A66H,tcga_mc3_wes,hrd_binary_33,MuAt-compatible reimplementation,muat_compatible_qkv_attention,0.0,,,3,0.0,0.64111328125,0,0.358642578125,1
TCGA-OL-A66I,tcga_mc3_wes,hrd_binary_33,MuAt-compatible reimplementation,muat_compatible_qkv_attention,1.0,,,2,0.0,0.78173828125,0,0.2181396484375,1
TCGA-OL-A66J,tcga_mc3_wes,hrd_binary_33,MuAt-compatible reimplementation,muat_compatible_qkv_attention,0.0,,,2,0.0,0.869140625,0,0.131103515625,1
TCGA-OL-A66K,tcga_mc3_wes,hrd_binary_33,MuAt-compatible reimplementation,muat_compatible_qkv_attention,0.0,,,2,0.0,0.8935546875,0,0.1063232421875,1
TCGA-OL-A66L,tcga_mc3_wes,hrd_binary_33,MuAt-compatible reimplementation,muat_compatible_qkv_attention,0.0,,,2,0.0,0.9853515625,0,0.01458740234375,1
TCGA-OL-A66N,tcga_mc3_wes,hrd_binary_33,MuAt-compatible reimplementation,muat_compatible_qkv_attention,0.0,,,1,0.0,0.93359375,0,0.0665283203125,1
TCGA-OL-A66O,tcga_mc3_wes,hrd_binary_33,MuAt-compatible reimplementation,muat_compatible_qkv_attention,0.0,,,2,0.0,0.8251953125,0,0.1749267578125,1
TCGA-OL-A66P,tcga_mc3_wes,hrd_binary_33,MuAt-compatible reimplementation,muat_compatible_qkv_attention,0.0,,,5,0.0,0.61328125,0,0.38671875,1
TCGA-OL-A6VO,tcga_mc3_wes,hrd_binary_33,MuAt-compatible reimplementation,muat_compatible_qkv_attention,1.0,,,1,1.0,0.373046875,0,0.626953125,1
TCGA-OL-A6VQ,tcga_mc3_wes,hrd_binary_33,MuAt-compatible reimplementation,muat_compatible_qkv_attention,0.0,,,4,0.0,1.0,0,4.398822784423828e-05,1
TCGA-OL-A6VR,tcga_mc3_wes,hrd_binary_33,MuAt-compatible reimplementation,muat_compatible_qkv_attention,0.0,,,1,0.0,0.91943359375,0,0.08038330078125,1
TCGA-OL-A97C,tcga_mc3_wes,hrd_binary_33,MuAt-compatible reimplementation,muat_compatible_qkv_attention,0.0,,,2,0.0,0.66845703125,0,0.331787109375,1
TCGA-PE-A5DD,tcga_mc3_wes,hrd_binary_33,MuAt-compatible reimplementation,muat_compatible_qkv_attention,0.0,,,2,0.0,0.92578125,0,0.074462890625,1
TCGA-PE-A5DE,tcga_mc3_wes,hrd_binary_33,MuAt-compatible reimplementation,muat_compatible_qkv_attention,0.0,,,5,0.0,0.798828125,0,0.2012939453125,1
TCGA-PL-A8LV,tcga_mc3_wes,hrd_binary_33,MuAt-compatible reimplementation,muat_compatible_qkv_attention,1.0,,,3,0.0,0.61767578125,0,0.382568359375,1
TCGA-PL-A8LX,tcga_mc3_wes,hrd_binary_33,MuAt-compatible reimplementation,muat_compatible_qkv_attention,0.0,,,5,0.0,0.58203125,0,0.41796875,1
TCGA-PL-A8LY,tcga_mc3_wes,hrd_binary_33,MuAt-compatible reimplementation,muat_compatible_qkv_attention,0.0,,,5,0.0,0.6201171875,0,0.3798828125,1
TCGA-PL-A8LZ,tcga_mc3_wes,hrd_binary_33,MuAt-compatible reimplementation,muat_compatible_qkv_attention,1.0,,,3,0.0,0.6591796875,0,0.341064453125,1
TCGA-S3-A6ZF,tcga_mc3_wes,hrd_binary_33,MuAt-compatible reimplementation,muat_compatible_qkv_attention,1.0,,,1,0.0,0.9521484375,0,0.048095703125,1
TCGA-S3-A6ZG,tcga_mc3_wes,hrd_binary_33,MuAt-compatible reimplementation,muat_compatible_qkv_attention,0.0,,,1,1.0,0.48583984375,0,0.51416015625,1
TCGA-S3-A6ZH,tcga_mc3_wes,hrd_binary_33,MuAt-compatible reimplementation,muat_compatible_qkv_attention,0.0,,,1,0.0,0.80517578125,0,0.194580078125,1
TCGA-S3-AA0Z,tcga_mc3_wes,hrd_binary_33,MuAt-compatible reimplementation,muat_compatible_qkv_attention,1.0,,,5,1.0,0.201904296875,0,0.79833984375,1
TCGA-S3-AA10,tcga_mc3_wes,hrd_binary_33,MuAt-compatible reimplementation,muat_compatible_qkv_attention,1.0,,,3,0.0,0.6064453125,0,0.393310546875,1
TCGA-S3-AA11,tcga_mc3_wes,hrd_binary_33,MuAt-compatible reimplementation,muat_compatible_qkv_attention,0.0,,,3,0.0,0.6416015625,0,0.3583984375,1
TCGA-S3-AA12,tcga_mc3_wes,hrd_binary_33,MuAt-compatible reimplementation,muat_compatible_qkv_attention,0.0,,,3,0.0,0.6484375,0,0.3515625,1
TCGA-S3-AA14,tcga_mc3_wes,hrd_binary_33,MuAt-compatible reimplementation,muat_compatible_qkv_attention,0.0,,,1,0.0,0.9990234375,0,0.001201629638671875,1
TCGA-S3-AA17,tcga_mc3_wes,hrd_binary_33,MuAt-compatible reimplementation,muat_compatible_qkv_attention,1.0,,,4,1.0,0.047088623046875,0,0.953125,1
TCGA-UU-A93S,tcga_mc3_wes,hrd_binary_33,MuAt-compatible reimplementation,muat_compatible_qkv_attention,1.0,,,4,1.0,0.05084228515625,0,0.94921875,1
TCGA-V7-A7HQ,tcga_mc3_wes,hrd_binary_33,MuAt-compatible reimplementation,muat_compatible_qkv_attention,0.0,,,3,0.0,0.66943359375,0,0.33056640625,1
TCGA-W8-A86G,tcga_mc3_wes,hrd_binary_33,MuAt-compatible reimplementation,muat_compatible_qkv_attention,0.0,,,1,0.0,0.99853515625,0,0.0013484954833984375,1
TCGA-WT-AB41,tcga_mc3_wes,hrd_binary_33,MuAt-compatible reimplementation,muat_compatible_qkv_attention,0.0,,,5,0.0,0.9560546875,0,0.044189453125,1
TCGA-WT-AB44,tcga_mc3_wes,hrd_binary_33,MuAt-compatible reimplementation,muat_compatible_qkv_attention,0.0,,,1,1.0,0.3837890625,0,0.6162109375,1
TCGA-XX-A899,tcga_mc3_wes,hrd_binary_33,MuAt-compatible reimplementation,muat_compatible_qkv_attention,0.0,,,2,0.0,0.92919921875,0,0.0709228515625,1
TCGA-XX-A89A,tcga_mc3_wes,hrd_binary_33,MuAt-compatible reimplementation,muat_compatible_qkv_attention,0.0,,,2,0.0,0.9072265625,0,0.09271240234375,1
TCGA-Z7-A8R6,tcga_mc3_wes,hrd_binary_33,MuAt-compatible reimplementation,muat_compatible_qkv_attention,0.0,,,1,0.0,0.962890625,0,0.036956787109375,1
