endpoint,sample,fold,attention_max,attention_entropy,n_events
cancer_type_top20,TCGA-02-2466,1,0.7663503885269165,1.21187162399292,142
cancer_type_top20,TCGA-04-1353,1,0.4646165370941162,1.7573751211166382,29
cancer_type_top20,TCGA-04-1360,1,0.412900447845459,2.0362608432769775,176
cancer_type_top20,TCGA-04-1369,1,0.4223640561103821,1.3933913707733154,126
cancer_type_top20,TCGA-04-1655,1,0.5186883807182312,1.4972224235534668,117
cancer_type_top20,TCGA-05-4249,1,0.08363077044487,2.974588394165039,413
cancer_type_top20,TCGA-05-4397,1,0.08607031404972076,3.0236778259277344,1061
cancer_type_top20,TCGA-05-4398,1,0.047688283026218414,3.467320680618286,981
cancer_type_top20,TCGA-05-4417,1,0.08660545200109482,2.928046703338623,396
cancer_type_top20,TCGA-05-4430,1,0.1139960065484047,2.6622464656829834,367
cancer_type_top20,TCGA-05-4434,1,0.4049151539802551,2.1206791400909424,65
cancer_type_top20,TCGA-05-5715,1,0.14731264114379883,3.5854332447052,159
cancer_type_top20,TCGA-06-0129,1,0.5001893043518066,1.151168942451477,49
cancer_type_top20,TCGA-06-0142,1,0.4908377230167389,1.538967490196228,35
cancer_type_top20,TCGA-06-0155,1,0.8247997164726257,0.830832839012146,94
cancer_type_top20,TCGA-06-0210,1,0.16778816282749176,2.978156566619873,166
cancer_type_top20,TCGA-06-0211,1,0.07159062474966049,3.3845911026000977,159
cancer_type_top20,TCGA-06-0214,1,0.15908099710941315,3.170961856842041,103
cancer_type_top20,TCGA-06-0241,1,0.4022466242313385,1.4288610219955444,77
cancer_type_top20,TCGA-06-0646,1,0.5794653296470642,1.703050136566162,48
cancer_type_top20,TCGA-06-0650,1,0.30522099137306213,1.7453066110610962,45
cancer_type_top20,TCGA-06-0686,1,0.7688796520233154,1.0133603811264038,86
cancer_type_top20,TCGA-06-0745,1,0.1564674973487854,2.4375312328338623,66
cancer_type_top20,TCGA-06-1084,1,0.790738046169281,1.0850262641906738,122
cancer_type_top20,TCGA-06-2561,1,0.19331519305706024,2.2230536937713623,47
cancer_type_top20,TCGA-06-2564,1,0.8473828434944153,0.8320437669754028,81
cancer_type_top20,TCGA-06-2566,1,0.7930960059165955,0.6226553320884705,316
cancer_type_top20,TCGA-06-2567,1,0.8093293905258179,0.9246495962142944,77
cancer_type_top20,TCGA-06-2569,1,0.8020718097686768,0.7158867716789246,42
cancer_type_top20,TCGA-06-5417,1,0.2707767188549042,1.7708828449249268,73
cancer_type_top20,TCGA-06-6388,1,0.31315723061561584,1.9910634756088257,71
cancer_type_top20,TCGA-06-6389,1,0.48550522327423096,1.013736367225647,55
cancer_type_top20,TCGA-06-6694,1,0.5885729193687439,1.509750247001648,122
cancer_type_top20,TCGA-06-6697,1,0.9163529276847839,0.4303966164588928,79
cancer_type_top20,TCGA-06-6698,1,0.924749493598938,0.412936270236969,46
cancer_type_top20,TCGA-06-A5U0,1,0.564703643321991,1.1983345746994019,47
cancer_type_top20,TCGA-09-0364,1,0.5894448757171631,1.1299279928207397,5
cancer_type_top20,TCGA-09-2043,1,0.6258090138435364,0.9780710339546204,148
cancer_type_top20,TCGA-10-0934,1,0.5380462408065796,1.1199523210525513,21
cancer_type_top20,TCGA-10-0935,1,0.7775639891624451,0.9095778465270996,71
cancer_type_top20,TCGA-10-0937,1,0.9870525002479553,0.08429916203022003,5
cancer_type_top20,TCGA-12-0618,1,0.35225316882133484,2.25638484954834,59
cancer_type_top20,TCGA-12-0657,1,0.2518811523914337,2.316242218017578,92
cancer_type_top20,TCGA-12-0827,1,0.5302016735076904,1.0931339263916016,61
cancer_type_top20,TCGA-12-0829,1,0.2385224848985672,2.855196475982666,896
cancer_type_top20,TCGA-12-1092,1,0.5097822546958923,1.7213915586471558,70
cancer_type_top20,TCGA-12-1602,1,0.31207743287086487,2.1691994667053223,65
cancer_type_top20,TCGA-12-3649,1,0.4112507700920105,2.055875301361084,96
cancer_type_top20,TCGA-13-0717,1,0.9507778882980347,0.19621841609477997,2
cancer_type_top20,TCGA-13-0751,1,0.9650059938430786,0.22537998855113983,85
cancer_type_top20,TCGA-13-0755,1,0.6605124473571777,1.321242332458496,151
cancer_type_top20,TCGA-13-0765,1,0.46721982955932617,1.2242507934570312,49
cancer_type_top20,TCGA-13-0800,1,0.5625597834587097,1.3335399627685547,184
cancer_type_top20,TCGA-13-0805,1,0.4412732720375061,1.1842645406723022,37
cancer_type_top20,TCGA-13-0807,1,0.48925766348838806,1.882129430770874,454
cancer_type_top20,TCGA-13-0894,1,0.5221292972564697,1.2213373184204102,150
cancer_type_top20,TCGA-13-0910,1,0.5538557767868042,1.286349892616272,82
cancer_type_top20,TCGA-13-0913,1,0.7300722002983093,0.9142985939979553,54
cancer_type_top20,TCGA-13-0923,1,0.969403088092804,0.19435551762580872,64
cancer_type_top20,TCGA-13-1491,1,0.7353159189224243,0.8326952457427979,72
cancer_type_top20,TCGA-13-1492,1,0.5027421116828918,1.364908218383789,23
cancer_type_top20,TCGA-13-1498,1,0.7679101228713989,0.9575779438018799,192
cancer_type_top20,TCGA-13-1504,1,0.5786730647087097,0.8427687287330627,59
cancer_type_top20,TCGA-13-1507,1,0.5184435248374939,1.4022977352142334,122
cancer_type_top20,TCGA-13-1510,1,0.26393628120422363,2.192643880844116,62
cancer_type_top20,TCGA-13-1511,1,0.812947154045105,0.8696949481964111,32
cancer_type_top20,TCGA-13-1512,1,0.4244443476200104,1.5112806558609009,90
cancer_type_top20,TCGA-13-2061,1,0.3527081608772278,1.6880029439926147,154
cancer_type_top20,TCGA-13-2071,1,0.9178357720375061,0.32994991540908813,80
cancer_type_top20,TCGA-14-0736,1,0.19677229225635529,3.073500156402588,143
cancer_type_top20,TCGA-14-0787,1,0.3583107590675354,2.247223377227783,49
cancer_type_top20,TCGA-14-0812,1,0.44259539246559143,1.587020754814148,101
cancer_type_top20,TCGA-14-1034,1,0.3993368148803711,1.9093211889266968,221
cancer_type_top20,TCGA-14-1043,1,0.48030030727386475,1.235602855682373,31
cancer_type_top20,TCGA-14-1395,1,0.7515437006950378,1.2237567901611328,64
cancer_type_top20,TCGA-14-1450,1,0.5034762620925903,2.0907890796661377,74
cancer_type_top20,TCGA-14-1455,1,0.24949908256530762,2.242234945297241,89
cancer_type_top20,TCGA-14-1823,1,0.2690531015396118,2.0949294567108154,75
cancer_type_top20,TCGA-15-0742,1,0.8724343776702881,0.6337387561798096,87
cancer_type_top20,TCGA-16-0846,1,0.8570210933685303,0.7574143409729004,96
cancer_type_top20,TCGA-16-1045,1,0.673475980758667,1.327996015548706,106
cancer_type_top20,TCGA-18-3415,1,0.4514753818511963,1.4043793678283691,259
cancer_type_top20,TCGA-18-3421,1,0.02398734726011753,4.438358306884766,776
cancer_type_top20,TCGA-19-2619,1,0.37601253390312195,1.818862795829773,80
cancer_type_top20,TCGA-19-5950,1,0.8222751617431641,0.7969496250152588,79
cancer_type_top20,TCGA-19-5956,1,0.14263923466205597,3.3652656078338623,5000
cancer_type_top20,TCGA-19-5958,1,0.42137494683265686,1.5721774101257324,58
cancer_type_top20,TCGA-20-0987,1,0.9791473150253296,0.12598231434822083,50
cancer_type_top20,TCGA-20-1685,1,0.8487033247947693,0.7577674388885498,103
cancer_type_top20,TCGA-21-1075,1,0.3305884897708893,1.9069035053253174,254
cancer_type_top20,TCGA-21-1077,1,0.31146910786628723,1.9927940368652344,307
cancer_type_top20,TCGA-21-5786,1,0.10103661566972733,2.745701313018799,499
cancer_type_top20,TCGA-22-4601,1,0.3620724678039551,1.7830783128738403,246
cancer_type_top20,TCGA-22-5471,1,0.2979123592376709,1.89157235622406,308
cancer_type_top20,TCGA-22-5472,1,0.3059500455856323,1.625474452972412,522
cancer_type_top20,TCGA-22-5479,1,0.09429564327001572,2.927753448486328,682
cancer_type_top20,TCGA-23-1021,1,0.6841767430305481,0.9553541541099548,125
cancer_type_top20,TCGA-23-1118,1,0.960773766040802,0.28790444135665894,135
cancer_type_top20,TCGA-23-1124,1,0.38610175251960754,1.8149895668029785,216
cancer_type_top20,TCGA-23-2072,1,0.9537197351455688,0.2684873044490814,72
cancer_type_top20,TCGA-23-2084,1,0.8642119765281677,0.656191349029541,203
cancer_type_top20,TCGA-23-2647,1,0.4362746775150299,1.3593132495880127,77
cancer_type_top20,TCGA-24-1464,1,0.7908968925476074,0.9172235131263733,86
cancer_type_top20,TCGA-24-1467,1,0.5993378758430481,1.0266653299331665,12
cancer_type_top20,TCGA-24-1469,1,0.44881537556648254,1.6518415212631226,342
cancer_type_top20,TCGA-24-1471,1,0.5871226191520691,1.0025466680526733,62
cancer_type_top20,TCGA-24-1551,1,0.9093890190124512,0.3627365231513977,61
cancer_type_top20,TCGA-24-1564,1,0.8611375689506531,0.7004333138465881,69
cancer_type_top20,TCGA-24-1927,1,0.49361559748649597,1.492955207824707,171
cancer_type_top20,TCGA-24-2024,1,0.818956732749939,0.8969266414642334,146
cancer_type_top20,TCGA-24-2038,1,0.46294131875038147,1.3401107788085938,20
cancer_type_top20,TCGA-24-2281,1,0.7627991437911987,0.9707044959068298,129
cancer_type_top20,TCGA-24-2288,1,0.382804274559021,1.6636862754821777,263
cancer_type_top20,TCGA-25-2399,1,0.8346617817878723,0.7347279787063599,63
cancer_type_top20,TCGA-25-2404,1,0.37895792722702026,1.4852744340896606,75
cancer_type_top20,TCGA-26-1439,1,0.210320383310318,2.523746967315674,62
cancer_type_top20,TCGA-26-1442,1,0.4105979800224304,1.3409978151321411,58
cancer_type_top20,TCGA-26-5132,1,0.6353698372840881,1.2640751600265503,70
cancer_type_top20,TCGA-26-5133,1,0.8796738982200623,0.6134415864944458,55
cancer_type_top20,TCGA-26-A7UX,1,0.6827457547187805,1.0720840692520142,47
cancer_type_top20,TCGA-27-1834,1,0.5461492538452148,1.9252196550369263,75
cancer_type_top20,TCGA-27-2518,1,0.9273435473442078,0.44324159622192383,66
cancer_type_top20,TCGA-28-1749,1,0.3986768126487732,1.8246341943740845,67
cancer_type_top20,TCGA-28-1750,1,0.6481665372848511,1.2206207513809204,128
cancer_type_top20,TCGA-28-2499,1,0.2485881745815277,2.26129150390625,37
cancer_type_top20,TCGA-28-2509,1,0.4649077355861664,1.8847870826721191,82
cancer_type_top20,TCGA-28-5207,1,0.7077783346176147,0.9924813508987427,65
cancer_type_top20,TCGA-28-5211,1,0.07799873501062393,3.844938278198242,579
cancer_type_top20,TCGA-28-5219,1,0.7594208121299744,1.2214609384536743,67
cancer_type_top20,TCGA-29-1688,1,0.6106677055358887,1.0182981491088867,86
cancer_type_top20,TCGA-29-1691,1,0.6485009789466858,1.419748306274414,277
cancer_type_top20,TCGA-29-1699,1,0.9144715070724487,0.4941348135471344,100
cancer_type_top20,TCGA-29-1705,1,0.982503354549408,0.11259206384420395,66
cancer_type_top20,TCGA-29-1710,1,0.9644846320152283,0.23857678472995758,66
cancer_type_top20,TCGA-29-1762,1,0.44801875948905945,1.4858261346817017,104
cancer_type_top20,TCGA-29-1764,1,0.6652670502662659,1.2495867013931274,133
cancer_type_top20,TCGA-29-1778,1,0.9679011106491089,0.21023805439472198,82
cancer_type_top20,TCGA-29-2432,1,0.5023670196533203,1.0800118446350098,129
cancer_type_top20,TCGA-29-2436,1,0.8535400629043579,0.7260321974754333,14
cancer_type_top20,TCGA-2A-A8W1,1,0.6417166590690613,1.3935385942459106,29
cancer_type_top20,TCGA-2A-AAYO,1,0.608626127243042,1.0503172874450684,24
cancer_type_top20,TCGA-2A-AAYU,1,0.44065672159194946,1.455581784248352,31
cancer_type_top20,TCGA-2H-A9GF,1,0.2033001035451889,2.604674816131592,440
cancer_type_top20,TCGA-2H-A9GJ,1,0.5905290842056274,1.2072186470031738,177
cancer_type_top20,TCGA-2W-A8YY,1,0.09569133818149567,3.080996036529541,5000
cancer_type_top20,TCGA-2Y-A9GX,1,0.9356759786605835,0.35118958353996277,79
cancer_type_top20,TCGA-2Y-A9GY,1,0.4139630198478699,1.5951292514801025,112
cancer_type_top20,TCGA-2Y-A9H1,1,0.756157398223877,1.0726377964019775,181
cancer_type_top20,TCGA-2Y-A9H2,1,0.8184618353843689,0.683865487575531,75
cancer_type_top20,TCGA-2Y-A9H9,1,0.6507802605628967,1.4967644214630127,186
cancer_type_top20,TCGA-2Z-A9J2,1,0.5194465517997742,1.1265748739242554,118
cancer_type_top20,TCGA-2Z-A9JE,1,0.4061112701892853,2.1273202896118164,136
cancer_type_top20,TCGA-2Z-A9JI,1,0.983700692653656,0.11024178564548492,16
cancer_type_top20,TCGA-2Z-A9JK,1,0.46191614866256714,1.1868410110473633,114
cancer_type_top20,TCGA-2Z-A9JP,1,0.7685153484344482,0.9241816997528076,87
cancer_type_top20,TCGA-30-1714,1,0.7540446519851685,0.8290019035339355,95
cancer_type_top20,TCGA-30-1855,1,0.5263730883598328,1.6432580947875977,163
cancer_type_top20,TCGA-32-1970,1,0.33222177624702454,1.8113950490951538,98
cancer_type_top20,TCGA-32-1986,1,0.9297630786895752,0.3265102505683899,62
cancer_type_top20,TCGA-32-2494,1,0.939573347568512,0.3659436106681824,87
cancer_type_top20,TCGA-32-2495,1,0.23434874415397644,2.5821831226348877,93
cancer_type_top20,TCGA-32-2638,1,0.12045182287693024,3.0891947746276855,81
cancer_type_top20,TCGA-32-4210,1,0.5371211767196655,1.757104516029358,105
cancer_type_top20,TCGA-32-4719,1,0.9499767422676086,0.34657931327819824,67
cancer_type_top20,TCGA-33-4547,1,0.3548017740249634,1.7464572191238403,258
cancer_type_top20,TCGA-33-4587,1,0.21276681125164032,2.3394079208374023,303
cancer_type_top20,TCGA-33-A4WN,1,0.9120677709579468,0.4787338674068451,265
cancer_type_top20,TCGA-33-AAS8,1,0.36418113112449646,1.5260028839111328,298
cancer_type_top20,TCGA-34-2604,1,0.17564146220684052,2.5744028091430664,780
cancer_type_top20,TCGA-34-2608,1,0.24689336121082306,1.9919049739837646,197
cancer_type_top20,TCGA-34-5240,1,0.20698176324367523,2.006092071533203,228
cancer_type_top20,TCGA-34-8455,1,0.15299440920352936,2.508327007293701,636
cancer_type_top20,TCGA-35-4122,1,0.3782833218574524,1.7972383499145508,425
cancer_type_top20,TCGA-36-2537,1,0.5875508189201355,1.1723231077194214,63
cancer_type_top20,TCGA-36-2540,1,0.28046315908432007,1.6691020727157593,8
cancer_type_top20,TCGA-36-2544,1,0.5429720878601074,1.373023509979248,89
cancer_type_top20,TCGA-38-4627,1,0.6934989094734192,1.1182477474212646,37
cancer_type_top20,TCGA-38-4630,1,0.5120168328285217,1.4428642988204956,173
cancer_type_top20,TCGA-39-5011,1,0.04744468629360199,3.6221871376037598,814
cancer_type_top20,TCGA-39-5016,1,0.09083119034767151,2.9638798236846924,503
cancer_type_top20,TCGA-39-5031,1,0.2975369989871979,1.8832225799560547,853
cancer_type_top20,TCGA-39-5037,1,0.28945642709732056,1.922773838043213,310
cancer_type_top20,TCGA-3B-A9HI,1,0.9442558884620667,0.33181604743003845,60
cancer_type_top20,TCGA-3B-A9HU,1,0.5309694409370422,1.2908183336257935,54
cancer_type_top20,TCGA-3B-A9I3,1,0.7004765272140503,1.2919784784317017,79
cancer_type_top20,TCGA-3C-AALI,1,0.47479093074798584,1.8564062118530273,824
cancer_type_top20,TCGA-3C-AALJ,1,0.5378824472427368,1.8843587636947632,72
cancer_type_top20,TCGA-3L-AA1B,1,0.3533673882484436,2.583296775817871,185
cancer_type_top20,TCGA-3N-A9WD,1,0.2647473216056824,2.558403253555298,1273
cancer_type_top20,TCGA-3P-A9WA,1,0.21717920899391174,2.2372539043426514,207
cancer_type_top20,TCGA-41-6646,1,0.7682980895042419,1.1056935787200928,71
cancer_type_top20,TCGA-42-2587,1,0.4335792064666748,1.2242528200149536,199
cancer_type_top20,TCGA-43-6143,1,0.07256720215082169,3.3001444339752197,843
cancer_type_top20,TCGA-43-A475,1,0.24342116713523865,1.9085005521774292,319
cancer_type_top20,TCGA-44-3398,1,0.11796677857637405,2.6512861251831055,520
cancer_type_top20,TCGA-44-3918,1,0.021529896184802055,4.284722805023193,2421
cancer_type_top20,TCGA-44-5644,1,0.023267844691872597,4.519583702087402,2482
cancer_type_top20,TCGA-44-6147,1,0.09425359219312668,3.2035939693450928,340
cancer_type_top20,TCGA-44-7661,1,0.056493695825338364,3.2805182933807373,787
cancer_type_top20,TCGA-44-8117,1,0.049049295485019684,3.678332567214966,961
cancer_type_top20,TCGA-44-A47A,1,0.42237383127212524,1.5658279657363892,280
cancer_type_top20,TCGA-44-A4SS,1,0.10098547488451004,2.90147066116333,610
cancer_type_top20,TCGA-46-6026,1,0.2515254318714142,1.8932491540908813,278
cancer_type_top20,TCGA-49-4490,1,0.3104870319366455,2.0684142112731934,73
cancer_type_top20,TCGA-49-6767,1,0.06779102981090546,3.199079990386963,632
cancer_type_top20,TCGA-49-AARO,1,0.054289378225803375,3.3753833770751953,751
cancer_type_top20,TCGA-4A-A93W,1,0.5908843278884888,1.6819090843200684,143
cancer_type_top20,TCGA-4N-A93T,1,0.5138963460922241,1.5400068759918213,151
cancer_type_top20,TCGA-4R-AA8I,1,0.2511215806007385,2.089935302734375,1688
cancer_type_top20,TCGA-4W-AA9R,1,0.2885931134223938,1.943257451057434,102
cancer_type_top20,TCGA-4Z-AA7N,1,0.1272161900997162,3.0128180980682373,25
cancer_type_top20,TCGA-4Z-AA7O,1,0.36906173825263977,1.3882445096969604,260
cancer_type_top20,TCGA-4Z-AA7R,1,0.7769871950149536,0.8852037191390991,471
cancer_type_top20,TCGA-4Z-AA81,1,0.6506862044334412,1.1351914405822754,281
cancer_type_top20,TCGA-4Z-AA84,1,0.4416999816894531,1.910955786705017,684
cancer_type_top20,TCGA-50-5055,1,0.5039162039756775,1.4440758228302002,24
cancer_type_top20,TCGA-50-5932,1,0.3600873053073883,1.169598937034607,98
cancer_type_top20,TCGA-50-5936,1,0.6443777084350586,0.8109827041625977,151
cancer_type_top20,TCGA-50-6593,1,0.1499425619840622,2.532550811767578,398
cancer_type_top20,TCGA-50-6673,1,0.33712971210479736,2.0858798027038574,119
cancer_type_top20,TCGA-50-7109,1,0.11036902666091919,2.5131478309631348,329
cancer_type_top20,TCGA-50-8459,1,0.2008858621120453,1.98361337184906,124
cancer_type_top20,TCGA-51-4079,1,0.12627634406089783,2.498997449874878,539
cancer_type_top20,TCGA-51-4080,1,0.30746665596961975,1.8372828960418701,367
cancer_type_top20,TCGA-52-7622,1,0.21828609704971313,2.2683029174804688,353
cancer_type_top20,TCGA-52-7809,1,0.48209792375564575,1.6145451068878174,317
cancer_type_top20,TCGA-52-7812,1,0.09329730272293091,2.813615322113037,395
cancer_type_top20,TCGA-53-A4EZ,1,0.08180151879787445,3.337533950805664,692
cancer_type_top20,TCGA-55-1595,1,0.09491966664791107,2.621682643890381,434
cancer_type_top20,TCGA-55-1596,1,0.25971898436546326,2.4919424057006836,241
cancer_type_top20,TCGA-55-6968,1,0.18851138651371002,2.2694091796875,684
cancer_type_top20,TCGA-55-6972,1,0.16834533214569092,2.465056896209717,381
cancer_type_top20,TCGA-55-6978,1,0.27592939138412476,1.7802941799163818,81
cancer_type_top20,TCGA-55-6982,1,0.6210200190544128,1.0933414697647095,311
cancer_type_top20,TCGA-55-6985,1,0.09569855034351349,2.9171643257141113,628
cancer_type_top20,TCGA-55-7283,1,0.23313961923122406,1.9716179370880127,607
cancer_type_top20,TCGA-55-7570,1,0.08820252865552902,3.0931406021118164,998
cancer_type_top20,TCGA-55-7725,1,0.24314261972904205,1.7679132223129272,166
cancer_type_top20,TCGA-55-7816,1,0.6601723432540894,0.6409211158752441,2
cancer_type_top20,TCGA-55-7910,1,0.13375237584114075,2.654097080230713,377
cancer_type_top20,TCGA-55-7995,1,0.10350633412599564,2.8861305713653564,847
cancer_type_top20,TCGA-55-8090,1,0.3653269112110138,1.6028443574905396,119
cancer_type_top20,TCGA-55-8092,1,0.11677587032318115,2.7229225635528564,742
cancer_type_top20,TCGA-55-8205,1,0.1594884842634201,2.41583514213562,676
cancer_type_top20,TCGA-55-8207,1,0.08553823083639145,2.71797513961792,407
cancer_type_top20,TCGA-55-8208,1,0.3913828134536743,1.4814927577972412,451
cancer_type_top20,TCGA-55-8505,1,0.376655250787735,1.8625969886779785,48
cancer_type_top20,TCGA-55-8512,1,0.49462655186653137,0.8403963446617126,54
cancer_type_top20,TCGA-55-A490,1,0.022786088287830353,4.20865535736084,1700
cancer_type_top20,TCGA-56-7730,1,0.23612725734710693,2.011815309524536,485
cancer_type_top20,TCGA-56-8305,1,0.1492432802915573,2.5765438079833984,504
cancer_type_top20,TCGA-56-8309,1,0.6279681921005249,1.3342639207839966,164
cancer_type_top20,TCGA-56-8622,1,0.24207167327404022,1.9073922634124756,602
cancer_type_top20,TCGA-57-1992,1,0.27164945006370544,2.164381742477417,209
cancer_type_top20,TCGA-58-8391,1,0.14576691389083862,2.439596176147461,445
cancer_type_top20,TCGA-58-A46K,1,0.8406947255134583,0.5983331203460693,197
cancer_type_top20,TCGA-59-2348,1,0.8084771633148193,0.9475011825561523,150
cancer_type_top20,TCGA-5C-AAPD,1,0.7849921584129333,0.7887235879898071,97
cancer_type_top20,TCGA-5L-AAT0,1,0.38073965907096863,1.8820276260375977,282
cancer_type_top20,TCGA-5M-AAT4,1,0.23630984127521515,2.2713513374328613,268
cancer_type_top20,TCGA-5N-A9KM,1,0.5513138771057129,1.8605397939682007,286
cancer_type_top20,TCGA-5P-A9JV,1,0.3172690272331238,2.052708625793457,76
cancer_type_top20,TCGA-5P-A9JY,1,0.2433287501335144,2.860300064086914,160
cancer_type_top20,TCGA-5P-A9K3,1,0.619909405708313,1.2912023067474365,90
cancer_type_top20,TCGA-5P-A9K6,1,0.5213479399681091,0.9204722046852112,69
cancer_type_top20,TCGA-5S-A9Q8,1,0.34056493639945984,1.93863046169281,92
cancer_type_top20,TCGA-60-2704,1,0.4839968979358673,1.4334924221038818,260
cancer_type_top20,TCGA-60-2709,1,0.3301675021648407,1.7495404481887817,221
cancer_type_top20,TCGA-60-2713,1,0.7608552575111389,0.9556903839111328,330
cancer_type_top20,TCGA-60-2719,1,0.3404066264629364,2.129584312438965,289
cancer_type_top20,TCGA-60-2723,1,0.24226580560207367,1.8728587627410889,378
cancer_type_top20,TCGA-60-2724,1,0.11714035272598267,2.7689390182495117,456
cancer_type_top20,TCGA-61-1736,1,0.3853595554828644,1.1723377704620361,78
cancer_type_top20,TCGA-61-1895,1,0.9864256978034973,0.10487586259841919,101
cancer_type_top20,TCGA-61-1900,1,0.8071609139442444,0.5981144309043884,116
cancer_type_top20,TCGA-61-1906,1,0.8306705951690674,0.654958963394165,87
cancer_type_top20,TCGA-61-1911,1,0.7989662289619446,0.7287102341651917,64
cancer_type_top20,TCGA-61-2000,1,0.7594817280769348,0.9505864381790161,101
cancer_type_top20,TCGA-61-2002,1,0.9765622615814209,0.13811816275119781,62
cancer_type_top20,TCGA-61-2009,1,0.6231701374053955,0.9232151508331299,110
cancer_type_top20,TCGA-61-2092,1,0.47729188203811646,1.4505044221878052,91
cancer_type_top20,TCGA-61-2095,1,0.6059383749961853,1.393022060394287,306
cancer_type_top20,TCGA-61-2611,1,0.5605603456497192,1.7561339139938354,100
cancer_type_top20,TCGA-61-2613,1,0.5806669592857361,1.0564085245132446,114
cancer_type_top20,TCGA-62-A470,1,0.21589314937591553,1.877502679824829,154
cancer_type_top20,TCGA-63-A5M9,1,0.35734638571739197,1.6043425798416138,141
cancer_type_top20,TCGA-63-A5MN,1,0.6902547478675842,0.7633009552955627,50
cancer_type_top20,TCGA-63-A5MR,1,0.6437806487083435,1.3252649307250977,235
cancer_type_top20,TCGA-63-A5MT,1,0.2947101294994354,1.7598693370819092,305
cancer_type_top20,TCGA-63-A5MV,1,0.45614588260650635,1.3604962825775146,159
cancer_type_top20,TCGA-63-A5MY,1,0.14264921844005585,2.407451629638672,224
cancer_type_top20,TCGA-64-1681,1,0.4312683641910553,1.9051027297973633,110
cancer_type_top20,TCGA-66-2734,1,0.021175948902964592,4.494511604309082,715
cancer_type_top20,TCGA-66-2757,1,0.28946009278297424,1.677316665649414,332
cancer_type_top20,TCGA-66-2758,1,0.19067136943340302,2.107179641723633,450
cancer_type_top20,TCGA-66-2759,1,0.2536369860172272,2.109086751937866,566
cancer_type_top20,TCGA-66-2768,1,0.3578072786331177,1.4808692932128906,316
cancer_type_top20,TCGA-66-2773,1,0.3559446334838867,2.063157081604004,774
cancer_type_top20,TCGA-66-2778,1,0.5465769171714783,1.5978400707244873,190
cancer_type_top20,TCGA-66-2783,1,0.3589830994606018,1.6558712720870972,316
cancer_type_top20,TCGA-66-2785,1,0.18904393911361694,2.2700140476226807,1490
cancer_type_top20,TCGA-66-2786,1,0.3583410978317261,1.4214344024658203,293
cancer_type_top20,TCGA-66-2789,1,0.12994195520877838,2.8648719787597656,498
cancer_type_top20,TCGA-66-2793,1,0.27694767713546753,2.2877676486968994,397
cancer_type_top20,TCGA-66-2794,1,0.4622395634651184,1.400651454925537,207
cancer_type_top20,TCGA-67-3771,1,0.054837666451931,3.557300567626953,1382
cancer_type_top20,TCGA-67-4679,1,0.0805053561925888,2.9576056003570557,379
cancer_type_top20,TCGA-67-6215,1,0.21620327234268188,2.7064366340637207,138
cancer_type_top20,TCGA-69-7763,1,0.9800435304641724,0.15783418715000153,106
cancer_type_top20,TCGA-69-7974,1,0.07258789986371994,3.157067060470581,664
cancer_type_top20,TCGA-69-7980,1,0.04783056303858757,3.351026773452759,1011
cancer_type_top20,TCGA-70-6723,1,0.28542619943618774,1.7885966300964355,148
cancer_type_top20,TCGA-71-8520,1,0.5407589077949524,1.0264034271240234,112
cancer_type_top20,TCGA-73-4658,1,0.16874843835830688,2.439765691757202,455
cancer_type_top20,TCGA-73-4659,1,0.2715469002723694,1.7144944667816162,285
cancer_type_top20,TCGA-73-4676,1,0.3102022707462311,1.7554439306259155,120
cancer_type_top20,TCGA-73-7498,1,0.2569962739944458,1.994908332824707,149
cancer_type_top20,TCGA-74-6578,1,0.5856006741523743,1.5385122299194336,84
cancer_type_top20,TCGA-75-5122,1,0.43839797377586365,1.380995273590088,174
cancer_type_top20,TCGA-75-5126,1,0.07279549539089203,2.941591739654541,838
cancer_type_top20,TCGA-76-4926,1,0.22577449679374695,2.6964612007141113,80
cancer_type_top20,TCGA-76-4934,1,0.9082038998603821,0.46112996339797974,69
cancer_type_top20,TCGA-76-6191,1,0.31665077805519104,2.0683181285858154,73
cancer_type_top20,TCGA-76-6193,1,0.3115047216415405,1.826658844947815,59
cancer_type_top20,TCGA-76-6285,1,0.3267657458782196,2.3279285430908203,76
cancer_type_top20,TCGA-76-6664,1,0.7220027446746826,1.247309684753418,70
cancer_type_top20,TCGA-77-6842,1,0.06605619192123413,3.197674512863159,983
cancer_type_top20,TCGA-77-7141,1,0.22132828831672668,2.498117208480835,899
cancer_type_top20,TCGA-77-7337,1,0.19236323237419128,2.4616801738739014,450
cancer_type_top20,TCGA-77-8128,1,0.15390603244304657,2.3554768562316895,393
cancer_type_top20,TCGA-77-8130,1,0.35360607504844666,1.723707675933838,233
cancer_type_top20,TCGA-77-8136,1,0.22385507822036743,2.052957534790039,567
cancer_type_top20,TCGA-77-8138,1,0.8465325236320496,0.5671292543411255,131
cancer_type_top20,TCGA-77-8139,1,0.1940145045518875,2.404223918914795,273
cancer_type_top20,TCGA-77-8145,1,0.43238914012908936,1.4249088764190674,157
cancer_type_top20,TCGA-77-8150,1,0.3739488422870636,1.7410008907318115,164
cancer_type_top20,TCGA-77-8156,1,0.2732583284378052,2.2356927394866943,277
cancer_type_top20,TCGA-77-A5G6,1,0.13466967642307281,2.9389004707336426,642
cancer_type_top20,TCGA-78-7147,1,0.1820293366909027,2.3884427547454834,457
cancer_type_top20,TCGA-78-7160,1,0.270060658454895,1.8050097227096558,73
cancer_type_top20,TCGA-78-7162,1,0.653918981552124,0.9086357355117798,106
cancer_type_top20,TCGA-78-7166,1,0.14769598841667175,2.3460500240325928,285
cancer_type_top20,TCGA-78-8640,1,0.12567023932933807,2.602283000946045,937
cancer_type_top20,TCGA-78-8662,1,0.04440121725201607,3.7268319129943848,1474
cancer_type_top20,TCGA-83-5908,1,0.222782701253891,2.1711270809173584,302
cancer_type_top20,TCGA-85-8276,1,0.25550711154937744,1.7905912399291992,361
cancer_type_top20,TCGA-85-8352,1,0.21762503683567047,2.114529609680176,344
cancer_type_top20,TCGA-85-A4JB,1,0.12223076075315475,2.808992385864258,607
cancer_type_top20,TCGA-85-A4QQ,1,0.5114893317222595,1.2398557662963867,406
cancer_type_top20,TCGA-85-A512,1,0.4572908878326416,1.3994821310043335,211
cancer_type_top20,TCGA-85-A5B5,1,0.1573842316865921,2.552699327468872,484
cancer_type_top20,TCGA-86-8054,1,0.18440398573875427,2.0749168395996094,285
cancer_type_top20,TCGA-86-8056,1,0.25429898500442505,1.6751008033752441,348
cancer_type_top20,TCGA-86-8278,1,0.9798502326011658,0.16896238923072815,146
cancer_type_top20,TCGA-86-8359,1,0.3569881021976471,1.9805333614349365,211
cancer_type_top20,TCGA-86-8672,1,0.23459206521511078,2.35309100151062,394
cancer_type_top20,TCGA-86-A456,1,0.10296709090471268,2.708601474761963,462
cancer_type_top20,TCGA-86-A4P7,1,0.881901741027832,0.5635061264038086,89
cancer_type_top20,TCGA-90-A4EE,1,0.451885849237442,1.1750282049179077,463
cancer_type_top20,TCGA-91-8499,1,0.13259930908679962,2.6087656021118164,415
cancer_type_top20,TCGA-92-7340,1,0.11891039460897446,2.5776782035827637,1144
cancer_type_top20,TCGA-92-7341,1,0.22522881627082825,1.8555128574371338,437
cancer_type_top20,TCGA-92-8065,1,0.7507988810539246,0.9987914562225342,357
cancer_type_top20,TCGA-93-7347,1,0.18600787222385406,2.0306360721588135,151
cancer_type_top20,TCGA-94-7943,1,0.8815650343894958,0.48391565680503845,259
cancer_type_top20,TCGA-94-8490,1,0.10342740267515182,3.138733386993408,1265
cancer_type_top20,TCGA-95-7567,1,0.11744748800992966,3.0562448501586914,1206
cancer_type_top20,TCGA-95-7948,1,0.4799487590789795,1.3930401802062988,189
cancer_type_top20,TCGA-96-7545,1,0.5807368755340576,1.160886526107788,159
cancer_type_top20,TCGA-97-7554,1,0.07814937829971313,3.1291723251342773,595
cancer_type_top20,TCGA-97-7937,1,0.07022953778505325,3.2795629501342773,587
cancer_type_top20,TCGA-97-7941,1,0.5036033391952515,0.8577812314033508,127
cancer_type_top20,TCGA-97-8177,1,0.3962782025337219,1.585776686668396,50
cancer_type_top20,TCGA-97-8547,1,0.6202138662338257,0.9116945266723633,75
cancer_type_top20,TCGA-97-A4M2,1,0.6844421625137329,1.2684077024459839,32
cancer_type_top20,TCGA-97-A4M3,1,0.20585839450359344,1.834654688835144,258
cancer_type_top20,TCGA-97-A4M6,1,0.3863489031791687,1.8547919988632202,46
cancer_type_top20,TCGA-98-7454,1,0.07966555655002594,2.9653220176696777,532
cancer_type_top20,TCGA-98-8020,1,0.49987921118736267,0.7998810410499573,119
cancer_type_top20,TCGA-98-A538,1,0.1411348581314087,2.6490955352783203,871
cancer_type_top20,TCGA-98-A53A,1,0.15003609657287598,2.7205028533935547,434
cancer_type_top20,TCGA-98-A53I,1,0.19937147200107574,2.2866973876953125,510
cancer_type_top20,TCGA-A1-A0SJ,1,0.6713201999664307,1.0685783624649048,42
cancer_type_top20,TCGA-A2-A04Q,1,0.3945700526237488,1.5497366189956665,71
cancer_type_top20,TCGA-A2-A0CM,1,0.8870242238044739,0.5260763168334961,76
cancer_type_top20,TCGA-A2-A0CQ,1,0.6000148057937622,1.5507932901382446,51
cancer_type_top20,TCGA-A2-A0CT,1,0.4086858928203583,2.6285359859466553,126
cancer_type_top20,TCGA-A2-A0EO,1,0.4855474829673767,1.1863569021224976,45
cancer_type_top20,TCGA-A2-A0EQ,1,0.2857681214809418,1.5867342948913574,323
cancer_type_top20,TCGA-A2-A0ES,1,0.6583577990531921,1.0536383390426636,22
cancer_type_top20,TCGA-A2-A0EW,1,0.6952816247940063,0.71365886926651,21
cancer_type_top20,TCGA-A2-A0T1,1,0.6208535432815552,0.9289828538894653,35
cancer_type_top20,TCGA-A2-A0T3,1,0.8825873732566833,0.5770959258079529,48
cancer_type_top20,TCGA-A2-A0T7,1,0.4673458933830261,1.4252864122390747,33
cancer_type_top20,TCGA-A2-A1FX,1,0.9075275659561157,0.4705229103565216,32
cancer_type_top20,TCGA-A2-A1FZ,1,0.736050009727478,1.1035871505737305,36
cancer_type_top20,TCGA-A2-A1G0,1,0.6651191711425781,1.2718994617462158,26
cancer_type_top20,TCGA-A2-A3KD,1,0.38472986221313477,1.8917394876480103,18
cancer_type_top20,TCGA-A2-A3XV,1,0.8176507949829102,0.6516813039779663,56
cancer_type_top20,TCGA-A2-A4S1,1,0.6204066872596741,1.0590318441390991,106
cancer_type_top20,TCGA-A3-3311,1,0.7993402481079102,0.9596158266067505,71
cancer_type_top20,TCGA-A3-3323,1,0.5961815118789673,0.8766576647758484,62
cancer_type_top20,TCGA-A3-3331,1,0.4385863244533539,1.551891565322876,121
cancer_type_top20,TCGA-A3-3380,1,0.792444109916687,0.9169960618019104,40
cancer_type_top20,TCGA-A3-A8CQ,1,0.32105332612991333,2.0870118141174316,71
cancer_type_top20,TCGA-A4-7286,1,0.5592265129089355,1.4879690408706665,50
cancer_type_top20,TCGA-A4-7287,1,0.7193253636360168,1.4016011953353882,59
cancer_type_top20,TCGA-A4-7585,1,0.8149461150169373,1.0149163007736206,104
cancer_type_top20,TCGA-A4-8515,1,0.32614004611968994,2.2371559143066406,133
cancer_type_top20,TCGA-A4-A48D,1,0.2856079041957855,2.6151764392852783,137
cancer_type_top20,TCGA-A5-A0GA,1,0.18107455968856812,2.432197332382202,462
cancer_type_top20,TCGA-A5-A0GE,1,0.20159189403057098,2.2705249786376953,41
cancer_type_top20,TCGA-A5-A0R9,1,0.2560114562511444,2.2525455951690674,63
cancer_type_top20,TCGA-A5-A0VP,1,0.27032536268234253,2.3203413486480713,2275
cancer_type_top20,TCGA-A5-A1OJ,1,0.23184283077716827,2.24601411819458,93
cancer_type_top20,TCGA-A5-A1OK,1,0.8365057110786438,0.5456181168556213,94
cancer_type_top20,TCGA-A5-A2K5,1,0.1817684918642044,3.5800843238830566,5000
cancer_type_top20,TCGA-A5-A2K7,1,0.16176274418830872,3.6483535766601562,1256
cancer_type_top20,TCGA-A5-AB3J,1,0.6305604577064514,1.2750276327133179,67
cancer_type_top20,TCGA-A6-2674,1,0.14123672246932983,2.737388849258423,359
cancer_type_top20,TCGA-A6-2675,1,0.2675032615661621,2.718722105026245,300
cancer_type_top20,TCGA-A6-2677,1,0.25260239839553833,2.4938087463378906,405
cancer_type_top20,TCGA-A6-2681,1,0.07065058499574661,3.8216052055358887,375
cancer_type_top20,TCGA-A6-5666,1,0.18193894624710083,2.809934616088867,261
cancer_type_top20,TCGA-A6-6137,1,0.2249121516942978,2.535891532897949,174
cancer_type_top20,TCGA-A6-6138,1,0.5725192427635193,1.6950840950012207,163
cancer_type_top20,TCGA-A6-6652,1,0.3775406777858734,2.442596197128296,117
cancer_type_top20,TCGA-A6-6653,1,0.9088686108589172,0.43173158168792725,1686
cancer_type_top20,TCGA-A6-6654,1,0.665614664554596,1.6941721439361572,260
cancer_type_top20,TCGA-A6-6782,1,0.456333190202713,2.2695229053497314,198
cancer_type_top20,TCGA-A7-A0CG,1,0.826423704624176,0.8797715306282043,78
cancer_type_top20,TCGA-A7-A0CJ,1,0.641176700592041,1.2762950658798218,77
cancer_type_top20,TCGA-A7-A0DA,1,0.4500986933708191,1.8611035346984863,210
cancer_type_top20,TCGA-A7-A13E,1,0.2381884753704071,2.15506911277771,156
cancer_type_top20,TCGA-A7-A13G,1,0.673177182674408,0.9398034811019897,36
cancer_type_top20,TCGA-A7-A26H,1,0.8372851014137268,0.7582539319992065,156
cancer_type_top20,TCGA-A7-A26I,1,0.4800627827644348,1.1351209878921509,47
cancer_type_top20,TCGA-A7-A3RF,1,0.4095538258552551,1.2664175033569336,65
cancer_type_top20,TCGA-A7-A425,1,0.9670352339744568,0.1926950216293335,42
cancer_type_top20,TCGA-A7-A5ZX,1,0.32846829295158386,1.79320228099823,96
cancer_type_top20,TCGA-A7-A6VV,1,0.8992690443992615,0.5035750865936279,70
cancer_type_top20,TCGA-A7-A6VW,1,0.5470619201660156,1.5535911321640015,100
cancer_type_top20,TCGA-A7-A6VX,1,0.35695895552635193,1.9345605373382568,200
cancer_type_top20,TCGA-A8-A06R,1,0.5770569443702698,1.6374090909957886,89
cancer_type_top20,TCGA-A8-A06U,1,0.6495913863182068,0.6907467842102051,98
cancer_type_top20,TCGA-A8-A06Y,1,0.7306218147277832,1.1808329820632935,45
cancer_type_top20,TCGA-A8-A07G,1,0.9156420826911926,0.46996086835861206,84
cancer_type_top20,TCGA-A8-A07Z,1,0.9619721174240112,0.21427969634532928,26
cancer_type_top20,TCGA-A8-A082,1,0.45235705375671387,1.5016618967056274,28
cancer_type_top20,TCGA-A8-A08G,1,0.6709409356117249,1.001091480255127,62
cancer_type_top20,TCGA-A8-A08I,1,0.8597233891487122,0.6436229348182678,51
cancer_type_top20,TCGA-A8-A08O,1,0.816382110118866,0.8259186744689941,33
cancer_type_top20,TCGA-A8-A08S,1,0.4296905994415283,1.5784311294555664,72
cancer_type_top20,TCGA-A8-A08T,1,0.4849975109100342,1.2280458211898804,61
cancer_type_top20,TCGA-A8-A090,1,0.3411594033241272,1.675409197807312,50
cancer_type_top20,TCGA-A8-A092,1,0.5459458827972412,1.1838784217834473,96
cancer_type_top20,TCGA-A8-A09A,1,0.8006174564361572,0.8077728152275085,301
cancer_type_top20,TCGA-A8-A09V,1,0.4050386846065521,1.6669526100158691,49
cancer_type_top20,TCGA-A8-A09W,1,0.8335795998573303,0.8568310737609863,119
cancer_type_top20,TCGA-A8-A0A1,1,0.6608715057373047,1.2043547630310059,62
cancer_type_top20,TCGA-A8-A0AD,1,0.49558204412460327,1.8488779067993164,43
cancer_type_top20,TCGA-AA-3492,1,0.8576424717903137,0.6677166223526001,3175
cancer_type_top20,TCGA-AA-3534,1,0.3499916195869446,1.8717461824417114,35
cancer_type_top20,TCGA-AA-3558,1,0.20782136917114258,2.440289258956909,28
cancer_type_top20,TCGA-AA-3660,1,0.38180118799209595,2.02154803276062,187
cancer_type_top20,TCGA-AA-3664,1,0.9883013963699341,0.07871328294277191,222
cancer_type_top20,TCGA-AA-3672,1,0.22209779918193817,2.159045696258545,2601
cancer_type_top20,TCGA-AA-3673,1,0.31119319796562195,1.9149953126907349,101
cancer_type_top20,TCGA-AA-3675,1,0.6281930208206177,1.4947974681854248,137
cancer_type_top20,TCGA-AA-3684,1,0.9707358479499817,0.21289411187171936,189
cancer_type_top20,TCGA-AA-3692,1,0.3144930303096771,2.0897741317749023,89
cancer_type_top20,TCGA-AA-3712,1,0.5210353136062622,1.6250779628753662,204
cancer_type_top20,TCGA-AA-3814,1,0.23874635994434357,2.8271682262420654,163
cancer_type_top20,TCGA-AA-3833,1,0.9844148755073547,0.09554294496774673,908
cancer_type_top20,TCGA-AA-3841,1,0.41344502568244934,1.6538481712341309,112
cancer_type_top20,TCGA-AA-3845,1,0.560073971748352,1.4565272331237793,1401
cancer_type_top20,TCGA-AA-3851,1,0.47552600502967834,2.3050525188446045,148
cancer_type_top20,TCGA-AA-3852,1,0.7237387299537659,1.0826995372772217,214
cancer_type_top20,TCGA-AA-3858,1,0.6440685987472534,1.2683666944503784,98
cancer_type_top20,TCGA-AA-3860,1,0.49511975049972534,1.4002289772033691,80
cancer_type_top20,TCGA-AA-3862,1,0.205711230635643,2.280717611312866,127
cancer_type_top20,TCGA-AA-3864,1,0.566239595413208,2.0206916332244873,3840
cancer_type_top20,TCGA-AA-3949,1,0.8130449056625366,0.6617489457130432,1805
cancer_type_top20,TCGA-AA-3975,1,0.3161376714706421,2.350242853164673,214
cancer_type_top20,TCGA-AA-3982,1,0.5704076290130615,1.438408613204956,170
cancer_type_top20,TCGA-AA-3989,1,0.6066627502441406,1.8550455570220947,165
cancer_type_top20,TCGA-AA-A00N,1,0.21224424242973328,2.819465160369873,5000
cancer_type_top20,TCGA-AA-A010,1,0.20033283531665802,3.312103748321533,5000
cancer_type_top20,TCGA-AA-A01V,1,0.3979513645172119,2.168917179107666,166
cancer_type_top20,TCGA-AA-A024,1,0.13313329219818115,3.1065680980682373,123
cancer_type_top20,TCGA-AA-A02E,1,0.16882705688476562,2.3363494873046875,226
cancer_type_top20,TCGA-AA-A02K,1,0.6607450842857361,1.2636014223098755,183
cancer_type_top20,TCGA-AA-A02O,1,0.52164626121521,1.847117304801941,227
cancer_type_top20,TCGA-AA-A02R,1,0.8361238241195679,0.721947431564331,1726
cancer_type_top20,TCGA-AC-A2FB,1,0.40637674927711487,1.7653812170028687,17
cancer_type_top20,TCGA-AC-A62V,1,0.6989414691925049,1.1096712350845337,114
cancer_type_top20,TCGA-AC-A6IW,1,0.28471794724464417,1.8659603595733643,251
cancer_type_top20,TCGA-AC-A8OR,1,0.8339933156967163,0.9006908535957336,94
cancer_type_top20,TCGA-AD-6889,1,0.8118292689323425,0.7285662889480591,2638
cancer_type_top20,TCGA-AJ-A23N,1,0.3331650197505951,2.1641080379486084,70
cancer_type_top20,TCGA-AJ-A2QL,1,0.23130902647972107,2.0830235481262207,133
cancer_type_top20,TCGA-AJ-A3BK,1,0.5333670973777771,1.904093861579895,100
cancer_type_top20,TCGA-AJ-A3NF,1,0.2600722312927246,2.3785369396209717,86
cancer_type_top20,TCGA-AJ-A8CW,1,0.1353505551815033,3.426816940307617,1216
cancer_type_top20,TCGA-AL-3467,1,0.6873590350151062,1.377724051475525,23
cancer_type_top20,TCGA-AN-A03Y,1,0.8476245999336243,0.6009014248847961,43
cancer_type_top20,TCGA-AN-A041,1,0.8889233469963074,0.5543512105941772,43
cancer_type_top20,TCGA-AN-A046,1,0.1106942892074585,3.956866502761841,5000
cancer_type_top20,TCGA-AN-A049,1,0.9296475052833557,0.39789554476737976,41
cancer_type_top20,TCGA-AN-A0AL,1,0.7828813791275024,0.6752122640609741,116
cancer_type_top20,TCGA-AN-A0FK,1,0.21182985603809357,2.6017584800720215,60
cancer_type_top20,TCGA-AN-A0FT,1,0.3789687156677246,1.7325630187988281,136
cancer_type_top20,TCGA-AN-A0FX,1,0.6832900643348694,1.2407152652740479,164
cancer_type_top20,TCGA-AN-A0XO,1,0.7680268883705139,1.0383033752441406,46
cancer_type_top20,TCGA-AN-A0XP,1,0.5922297239303589,1.5630427598953247,39
cancer_type_top20,TCGA-AO-A0J4,1,0.622432291507721,0.9526145458221436,151
cancer_type_top20,TCGA-AO-A0J8,1,0.7490979433059692,0.889480471611023,37
cancer_type_top20,TCGA-AO-A0JE,1,0.5971070528030396,0.9332756996154785,61
cancer_type_top20,TCGA-AO-A0JF,1,0.4178699851036072,1.4357657432556152,37
cancer_type_top20,TCGA-AO-A125,1,0.49060919880867004,1.9023096561431885,49
cancer_type_top20,TCGA-AP-A056,1,0.12152542173862457,3.308619499206543,5000
cancer_type_top20,TCGA-AP-A05D,1,0.3939414322376251,1.5626448392868042,42
cancer_type_top20,TCGA-AP-A05P,1,0.4894941449165344,1.2590487003326416,74
cancer_type_top20,TCGA-AP-A1DH,1,0.24439474940299988,2.7131481170654297,1074
cancer_type_top20,TCGA-AP-A1DV,1,0.11726788431406021,3.3116469383239746,5000
cancer_type_top20,TCGA-AP-A1E0,1,0.09223312139511108,3.805051326751709,5000
cancer_type_top20,TCGA-AP-A1E3,1,0.3231734037399292,2.2891933917999268,67
cancer_type_top20,TCGA-AQ-A04H,1,0.4018801748752594,1.3672229051589966,87
cancer_type_top20,TCGA-AQ-A04J,1,0.8046744465827942,0.8504352569580078,106
cancer_type_top20,TCGA-AQ-A54O,1,0.3996678292751312,1.463197112083435,27
cancer_type_top20,TCGA-AR-A0TS,1,0.6006905436515808,1.0248448848724365,100
cancer_type_top20,TCGA-AR-A0TT,1,0.8503356575965881,0.5698378682136536,80
cancer_type_top20,TCGA-AR-A1AH,1,0.7448071837425232,0.7624762058258057,131
cancer_type_top20,TCGA-AR-A1AJ,1,0.5003367066383362,1.8081072568893433,57
cancer_type_top20,TCGA-AR-A1AK,1,0.20655855536460876,2.3390867710113525,84
cancer_type_top20,TCGA-AR-A1AR,1,0.575487494468689,0.9920312762260437,71
cancer_type_top20,TCGA-AR-A1AY,1,0.5917171239852905,1.274937391281128,79
cancer_type_top20,TCGA-AR-A24Q,1,0.2551523447036743,2.10870623588562,244
cancer_type_top20,TCGA-AR-A24X,1,0.5482288599014282,1.2052465677261353,38
cancer_type_top20,TCGA-AR-A24Z,1,0.8558099865913391,0.5626229643821716,62
cancer_type_top20,TCGA-AR-A251,1,0.791725754737854,1.0215752124786377,219
cancer_type_top20,TCGA-AR-A2LE,1,0.5527449250221252,1.673764705657959,401
cancer_type_top20,TCGA-AR-A2LO,1,0.5555353760719299,0.9246802926063538,20
cancer_type_top20,TCGA-AS-3777,1,0.6279615163803101,1.4884569644927979,31
cancer_type_top20,TCGA-AS-3778,1,0.419587105512619,1.5800535678863525,94
cancer_type_top20,TCGA-AX-A05W,1,0.43517425656318665,1.6620429754257202,100
cancer_type_top20,TCGA-AX-A064,1,0.20788784325122833,2.631174087524414,417
cancer_type_top20,TCGA-AX-A06J,1,0.30427810549736023,1.696138858795166,88
cancer_type_top20,TCGA-AX-A1CC,1,0.5348813533782959,0.8858904838562012,30
cancer_type_top20,TCGA-AX-A2H5,1,0.8518162965774536,0.45061495900154114,63
cancer_type_top20,TCGA-AX-A2HA,1,0.2002536803483963,3.569770336151123,2963
cancer_type_top20,TCGA-AX-A2HK,1,0.8395271897315979,0.8293105363845825,104
cancer_type_top20,TCGA-AX-A2IO,1,0.5812475681304932,1.6855807304382324,638
cancer_type_top20,TCGA-AX-A3FS,1,0.18542367219924927,3.6416611671447754,1552
cancer_type_top20,TCGA-AX-A3FZ,1,0.1956067532300949,2.261389970779419,61
cancer_type_top20,TCGA-AX-A3G9,1,0.10472422093153,3.399557590484619,1331
cancer_type_top20,TCGA-AX-A3GB,1,0.7270365357398987,1.1984336376190186,142
cancer_type_top20,TCGA-AY-5543,1,0.18817247450351715,2.86250638961792,171
cancer_type_top20,TCGA-AY-A69D,1,0.18817764520645142,2.7518460750579834,289
cancer_type_top20,TCGA-AY-A8YK,1,0.4298613965511322,1.659947156906128,98
cancer_type_top20,TCGA-AZ-4681,1,0.4161291718482971,1.7815427780151367,116
cancer_type_top20,TCGA-AZ-6603,1,0.14726731181144714,3.054508686065674,111
cancer_type_top20,TCGA-B0-4706,1,0.6845019459724426,0.9872137904167175,62
cancer_type_top20,TCGA-B0-4712,1,0.5998038053512573,1.5908294916152954,136
cancer_type_top20,TCGA-B0-4810,1,0.1805313676595688,2.8552844524383545,77
cancer_type_top20,TCGA-B0-4811,1,0.6839475035667419,1.2416975498199463,138
cancer_type_top20,TCGA-B0-4815,1,0.2771475315093994,1.9772391319274902,95
cancer_type_top20,TCGA-B0-4821,1,0.5321826934814453,1.192004919052124,92
cancer_type_top20,TCGA-B0-5077,1,0.5521050691604614,1.5488368272781372,70
cancer_type_top20,TCGA-B0-5084,1,0.9924694895744324,0.06516683101654053,67
cancer_type_top20,TCGA-B0-5109,1,0.33611083030700684,2.2821173667907715,62
cancer_type_top20,TCGA-B0-5115,1,0.5949139595031738,1.4703099727630615,64
cancer_type_top20,TCGA-B0-5116,1,0.3813159763813019,1.4904687404632568,80
cancer_type_top20,TCGA-B0-5120,1,0.5481114387512207,1.4626572132110596,82
cancer_type_top20,TCGA-B0-5400,1,0.9749776124954224,0.17630265653133392,50
cancer_type_top20,TCGA-B0-5402,1,0.17008402943611145,2.655208110809326,62
cancer_type_top20,TCGA-B0-5690,1,0.8457527160644531,0.7841678261756897,81
cancer_type_top20,TCGA-B0-5692,1,0.17411912977695465,3.2671403884887695,86
cancer_type_top20,TCGA-B0-5694,1,0.3447735011577606,1.827997088432312,81
cancer_type_top20,TCGA-B0-5700,1,0.3197343945503235,1.8925877809524536,91
cancer_type_top20,TCGA-B0-5703,1,0.7439982295036316,1.1301249265670776,98
cancer_type_top20,TCGA-B0-5711,1,0.4752943515777588,1.632167935371399,39
cancer_type_top20,TCGA-B0-5712,1,0.7093712687492371,1.276289939880371,132
cancer_type_top20,TCGA-B0-5812,1,0.4460500478744507,1.6737895011901855,60
cancer_type_top20,TCGA-B2-3923,1,0.1996510922908783,2.291759729385376,61
cancer_type_top20,TCGA-B2-4099,1,0.3979179859161377,1.5718750953674316,166
cancer_type_top20,TCGA-B2-4102,1,0.2854759693145752,2.3694007396698,92
cancer_type_top20,TCGA-B3-3925,1,0.285071462392807,1.894137978553772,200
cancer_type_top20,TCGA-B3-4103,1,0.2607414424419403,2.061077833175659,142
cancer_type_top20,TCGA-B4-5838,1,0.6255070567131042,1.6645920276641846,93
cancer_type_top20,TCGA-B5-A0JT,1,0.5877375602722168,1.707316517829895,87
cancer_type_top20,TCGA-B5-A0K8,1,0.45181015133857727,1.8758591413497925,71
cancer_type_top20,TCGA-B5-A11E,1,0.16299863159656525,3.1210808753967285,5000
cancer_type_top20,TCGA-B5-A11P,1,0.24585941433906555,2.0241143703460693,82
cancer_type_top20,TCGA-B5-A11Y,1,0.44637539982795715,2.253898859024048,1506
cancer_type_top20,TCGA-B5-A1MU,1,0.6166869401931763,1.1538878679275513,44
cancer_type_top20,TCGA-B5-A3FB,1,0.8425722122192383,0.8314540982246399,83
cancer_type_top20,TCGA-B5-A3FC,1,0.2857772409915924,2.8837883472442627,5000
cancer_type_top20,TCGA-B5-A3S1,1,0.5330997705459595,1.2373861074447632,152
cancer_type_top20,TCGA-B6-A0I5,1,0.6618916988372803,1.023607611656189,35
cancer_type_top20,TCGA-B6-A0I8,1,0.48182782530784607,1.507692813873291,174
cancer_type_top20,TCGA-B6-A0I9,1,0.6204004287719727,1.563564658164978,118
cancer_type_top20,TCGA-B6-A0IJ,1,0.5848180651664734,1.4144679307937622,177
cancer_type_top20,TCGA-B6-A0RM,1,0.3971087634563446,1.7045981884002686,40
cancer_type_top20,TCGA-B6-A0RO,1,0.4982515871524811,0.8802201151847839,47
cancer_type_top20,TCGA-B6-A0RS,1,0.729224681854248,1.2048933506011963,205
cancer_type_top20,TCGA-B6-A0RT,1,0.6847707033157349,1.2907350063323975,73
cancer_type_top20,TCGA-B6-A0WS,1,0.8794375658035278,0.5688340067863464,20
cancer_type_top20,TCGA-B6-A0WZ,1,0.1896856129169464,3.1612236499786377,97
cancer_type_top20,TCGA-B6-A0X7,1,0.5591915249824524,0.9664533138275146,26
cancer_type_top20,TCGA-B7-A5TI,1,0.6990876793861389,1.137630581855774,830
cancer_type_top20,TCGA-B8-4154,1,0.345085084438324,2.582301378250122,70
cancer_type_top20,TCGA-B8-5159,1,0.4486444294452667,1.2201087474822998,69
cancer_type_top20,TCGA-B8-5551,1,0.28741562366485596,2.4604270458221436,165
cancer_type_top20,TCGA-B8-A54H,1,0.6076747179031372,1.232617974281311,106
cancer_type_top20,TCGA-B9-4113,1,0.4748575687408447,1.3154969215393066,86
cancer_type_top20,TCGA-B9-4116,1,0.6687605381011963,1.2081594467163086,104
cancer_type_top20,TCGA-B9-7268,1,0.608782172203064,0.8974230289459229,74
cancer_type_top20,TCGA-B9-A5W7,1,0.9677996635437012,0.19378289580345154,25
cancer_type_top20,TCGA-B9-A5W8,1,0.24098938703536987,2.1633553504943848,60
cancer_type_top20,TCGA-BA-4076,1,0.15111875534057617,2.5718038082122803,433
cancer_type_top20,TCGA-BA-5555,1,0.21375945210456848,1.9894530773162842,173
cancer_type_top20,TCGA-BA-5556,1,0.421844482421875,1.8824470043182373,181
cancer_type_top20,TCGA-BA-6870,1,0.7044759392738342,1.2647002935409546,117
cancer_type_top20,TCGA-BA-A4II,1,0.6234556436538696,0.8896585702896118,133
cancer_type_top20,TCGA-BA-A8YP,1,0.38597923517227173,1.5383213758468628,203
cancer_type_top20,TCGA-BC-4073,1,0.8771926760673523,0.7631200551986694,204
cancer_type_top20,TCGA-BC-A10Q,1,0.7612025737762451,0.7420371770858765,53
cancer_type_top20,TCGA-BC-A3KF,1,0.49537914991378784,2.041423797607422,139
cancer_type_top20,TCGA-BC-A5W4,1,0.4558563232421875,1.5544928312301636,98
cancer_type_top20,TCGA-BF-A1PZ,1,0.023221252486109734,5.5680623054504395,2460
cancer_type_top20,TCGA-BF-A3DJ,1,0.9766139388084412,0.1442687213420868,200
cancer_type_top20,TCGA-BF-A3DM,1,0.9352909326553345,0.34473109245300293,659
cancer_type_top20,TCGA-BF-A5EQ,1,0.9816356897354126,0.15822890400886536,818
cancer_type_top20,TCGA-BF-AAP1,1,0.25488001108169556,2.9893171787261963,1228
cancer_type_top20,TCGA-BF-AAP6,1,0.9956236481666565,0.03728447109460831,93
cancer_type_top20,TCGA-BG-A0LX,1,0.5470815300941467,1.6945050954818726,724
cancer_type_top20,TCGA-BG-A0M2,1,0.19923654198646545,2.2165114879608154,44
cancer_type_top20,TCGA-BG-A0M9,1,0.28970474004745483,2.202854633331299,83
cancer_type_top20,TCGA-BG-A0MC,1,0.6267931461334229,1.6808974742889404,76
cancer_type_top20,TCGA-BG-A0W1,1,0.2724056541919708,2.529994487762451,94
cancer_type_top20,TCGA-BG-A18B,1,0.29643431305885315,2.410964012145996,553
cancer_type_top20,TCGA-BH-A0AZ,1,0.816904604434967,0.8515713810920715,80
cancer_type_top20,TCGA-BH-A0B3,1,0.4900813400745392,0.8321796655654907,114
cancer_type_top20,TCGA-BH-A0B4,1,0.37544289231300354,2.169755697250366,84
cancer_type_top20,TCGA-BH-A0BD,1,0.8492310643196106,0.793323278427124,42
cancer_type_top20,TCGA-BH-A0BL,1,0.4411054253578186,1.3491060733795166,143
cancer_type_top20,TCGA-BH-A0BP,1,0.8656052947044373,0.5934838056564331,206
cancer_type_top20,TCGA-BH-A0BT,1,0.44974616169929504,1.1574840545654297,50
cancer_type_top20,TCGA-BH-A0BW,1,0.6313364505767822,1.243553876876831,218
cancer_type_top20,TCGA-BH-A0DH,1,0.3079395294189453,1.9110246896743774,105
cancer_type_top20,TCGA-BH-A0DI,1,0.5588022470474243,1.6688557863235474,64
cancer_type_top20,TCGA-BH-A0DS,1,0.9862100481987,0.11045519262552261,62
cancer_type_top20,TCGA-BH-A0DX,1,0.9518771767616272,0.3149908185005188,79
cancer_type_top20,TCGA-BH-A0DZ,1,0.2792569100856781,1.7878773212432861,779
cancer_type_top20,TCGA-BH-A0E7,1,0.33492910861968994,2.3350813388824463,52
cancer_type_top20,TCGA-BH-A0E9,1,0.9189080595970154,0.38434597849845886,38
cancer_type_top20,TCGA-BH-A0EI,1,0.9763198494911194,0.13663092255592346,25
cancer_type_top20,TCGA-BH-A0HB,1,0.6167478561401367,1.3570681810379028,45
cancer_type_top20,TCGA-BH-A0HL,1,0.4336530566215515,1.3495590686798096,44
cancer_type_top20,TCGA-BH-A0HO,1,0.44349348545074463,1.51461923122406,29
cancer_type_top20,TCGA-BH-A0HQ,1,0.4157838225364685,2.11305832862854,49
cancer_type_top20,TCGA-BH-A0RX,1,0.9415251612663269,0.3444708585739136,55
cancer_type_top20,TCGA-BH-A18I,1,0.8458601236343384,0.7271552681922913,37
cancer_type_top20,TCGA-BH-A18J,1,0.5137187838554382,1.5270377397537231,113
cancer_type_top20,TCGA-BH-A18P,1,0.8010432720184326,0.8156960010528564,446
cancer_type_top20,TCGA-BH-A18V,1,0.3120727837085724,2.2191457748413086,565
cancer_type_top20,TCGA-BH-A1EO,1,0.28880441188812256,2.1809258460998535,53
cancer_type_top20,TCGA-BH-A1EY,1,0.588668167591095,1.0798383951187134,58
cancer_type_top20,TCGA-BH-A1F2,1,0.4991881251335144,1.3633548021316528,75
cancer_type_top20,TCGA-BH-A1FN,1,0.40065664052963257,1.6741442680358887,158
cancer_type_top20,TCGA-BH-A202,1,0.44835758209228516,1.172590970993042,31
cancer_type_top20,TCGA-BH-A8FY,1,0.48472774028778076,0.957166314125061,64
cancer_type_top20,TCGA-BI-A0VS,1,0.47490036487579346,1.314037799835205,165
cancer_type_top20,TCGA-BJ-A0YZ,1,0.2673192024230957,2.0287792682647705,24
cancer_type_top20,TCGA-BJ-A0Z3,1,0.7493602633476257,1.0201330184936523,8
cancer_type_top20,TCGA-BJ-A0ZE,1,0.4473194181919098,1.8702516555786133,21
cancer_type_top20,TCGA-BJ-A0ZJ,1,0.5977227687835693,1.0220487117767334,4
cancer_type_top20,TCGA-BJ-A18Y,1,0.5855299830436707,0.8446422219276428,13
cancer_type_top20,TCGA-BJ-A28X,1,0.2780389189720154,2.1736674308776855,16
cancer_type_top20,TCGA-BJ-A290,1,0.31462547183036804,2.112607002258301,127
cancer_type_top20,TCGA-BJ-A3EZ,1,0.8630917072296143,0.6626240611076355,28
cancer_type_top20,TCGA-BJ-A3PU,1,0.4411821961402893,1.3358430862426758,40
cancer_type_top20,TCGA-BJ-A45H,1,0.6607815027236938,1.2748169898986816,12
cancer_type_top20,TCGA-BJ-A45K,1,0.19628606736660004,2.3621468544006348,26
cancer_type_top20,TCGA-BK-A0C9,1,0.23050856590270996,2.9394848346710205,882
cancer_type_top20,TCGA-BK-A139,1,0.1584107130765915,3.0666263103485107,477
cancer_type_top20,TCGA-BK-A13B,1,0.10735152661800385,3.565373420715332,1225
cancer_type_top20,TCGA-BK-A26L,1,0.3055097162723541,2.0186078548431396,127
cancer_type_top20,TCGA-BK-A6W4,1,0.7819027304649353,0.8986026048660278,42
cancer_type_top20,TCGA-BL-A13J,1,0.2182547003030777,1.958160400390625,298
cancer_type_top20,TCGA-BP-4760,1,0.6601289510726929,1.3937997817993164,21
cancer_type_top20,TCGA-BP-4962,1,0.5803028345108032,1.1176246404647827,54
cancer_type_top20,TCGA-BP-4963,1,0.6803447604179382,1.1980334520339966,112
cancer_type_top20,TCGA-BP-4965,1,0.4353114366531372,1.8776428699493408,70
cancer_type_top20,TCGA-BP-4987,1,0.7177315950393677,0.6254573464393616,39
cancer_type_top20,TCGA-BP-4988,1,0.7046400308609009,0.9824702143669128,66
cancer_type_top20,TCGA-BP-4991,1,0.12607340514659882,2.6765193939208984,63
cancer_type_top20,TCGA-BP-4992,1,0.804376482963562,0.6555998921394348,53
cancer_type_top20,TCGA-BP-4995,1,0.4230446219444275,1.9145005941390991,57
cancer_type_top20,TCGA-BP-4999,1,0.2528073489665985,2.0096797943115234,58
cancer_type_top20,TCGA-BP-5000,1,0.42181283235549927,1.2755000591278076,54
cancer_type_top20,TCGA-BP-5004,1,0.9702837467193604,0.18843810260295868,61
cancer_type_top20,TCGA-BP-5009,1,0.6485850811004639,1.2276190519332886,64
cancer_type_top20,TCGA-BP-5010,1,0.5740485787391663,1.3087871074676514,88
cancer_type_top20,TCGA-BP-5168,1,0.38005736470222473,1.6801717281341553,149
cancer_type_top20,TCGA-BP-5177,1,0.6344254016876221,0.9819815754890442,58
cancer_type_top20,TCGA-BP-5182,1,0.4758017063140869,2.058475971221924,90
cancer_type_top20,TCGA-BP-5195,1,0.3611549735069275,1.522659182548523,88
cancer_type_top20,TCGA-BP-5202,1,0.6123219728469849,1.6282033920288086,52
cancer_type_top20,TCGA-BQ-5883,1,0.4514698088169098,1.9955514669418335,28
cancer_type_top20,TCGA-BQ-5885,1,0.5840226411819458,1.5043251514434814,133
cancer_type_top20,TCGA-BQ-5887,1,0.2267945557832718,2.347946882247925,25
cancer_type_top20,TCGA-BQ-5892,1,0.6221140623092651,1.5510101318359375,75
cancer_type_top20,TCGA-BQ-7045,1,0.4657730460166931,1.720115065574646,128
cancer_type_top20,TCGA-BQ-7053,1,0.11574996262788773,3.2422080039978027,203
cancer_type_top20,TCGA-BQ-7056,1,0.13823869824409485,3.330587148666382,201
cancer_type_top20,TCGA-BQ-7058,1,0.6925582885742188,0.8452950119972229,95
cancer_type_top20,TCGA-BQ-7059,1,0.12022878974676132,3.5750539302825928,307
cancer_type_top20,TCGA-BR-4187,1,0.9913301467895508,0.07202199101448059,45
cancer_type_top20,TCGA-BR-4253,1,0.3151076138019562,1.9942744970321655,136
cancer_type_top20,TCGA-BR-4280,1,0.17952363193035126,2.1457059383392334,1002
cancer_type_top20,TCGA-BR-4357,1,0.48372936248779297,1.7644891738891602,330
cancer_type_top20,TCGA-BR-4368,1,0.7922295331954956,1.0122220516204834,1740
cancer_type_top20,TCGA-BR-6705,1,0.30415862798690796,1.6515806913375854,117
cancer_type_top20,TCGA-BR-6803,1,0.3436053693294525,1.5200387239456177,36
cancer_type_top20,TCGA-BR-6852,1,0.1393408477306366,2.6896181106567383,2752
cancer_type_top20,TCGA-BR-7716,1,0.2657708525657654,1.9936074018478394,395
cancer_type_top20,TCGA-BR-7723,1,0.23042839765548706,2.2477993965148926,213
cancer_type_top20,TCGA-BR-7958,1,0.45276084542274475,1.8749746084213257,215
cancer_type_top20,TCGA-BR-8289,1,0.16499924659729004,2.712998867034912,251
cancer_type_top20,TCGA-BR-8361,1,0.3942355811595917,1.8802732229232788,2149
cancer_type_top20,TCGA-BR-8365,1,0.3891567289829254,1.8674523830413818,32
cancer_type_top20,TCGA-BR-8368,1,0.5069291591644287,1.1291788816452026,1373
cancer_type_top20,TCGA-BR-8371,1,0.806433916091919,0.6433716416358948,25
cancer_type_top20,TCGA-BR-8372,1,0.2554240822792053,2.328313112258911,1749
cancer_type_top20,TCGA-BR-8483,1,0.5784043669700623,1.373793363571167,163
cancer_type_top20,TCGA-BR-8588,1,0.6551582217216492,1.176760196685791,159
cancer_type_top20,TCGA-BR-8589,1,0.022436251863837242,5.125482559204102,1399
cancer_type_top20,TCGA-BR-8591,1,0.2556745409965515,2.2068371772766113,2027
cancer_type_top20,TCGA-BR-8683,1,0.485728919506073,1.1662644147872925,196
cancer_type_top20,TCGA-BR-8690,1,0.5439714193344116,1.4674596786499023,202
cancer_type_top20,TCGA-BR-A453,1,0.41487953066825867,1.3088912963867188,86
cancer_type_top20,TCGA-BR-A4IU,1,0.5222654938697815,0.9734130501747131,29
cancer_type_top20,TCGA-BR-A4IY,1,0.45840439200401306,1.7001593112945557,200
cancer_type_top20,TCGA-BR-A4IZ,1,0.8678051829338074,0.5528783202171326,21
cancer_type_top20,TCGA-BR-A4J9,1,0.5808131098747253,0.9717121720314026,52
cancer_type_top20,TCGA-BR-A4PE,1,0.34938573837280273,1.7243000268936157,269
cancer_type_top20,TCGA-BR-A4QM,1,0.6170063614845276,1.099722146987915,129
cancer_type_top20,TCGA-BS-A0TG,1,0.796113133430481,0.8951284289360046,61
cancer_type_top20,TCGA-BS-A0U5,1,0.5941234827041626,1.5040388107299805,78
cancer_type_top20,TCGA-BS-A0UA,1,0.38075414299964905,2.736760139465332,500
cancer_type_top20,TCGA-BS-A0UV,1,0.17901964485645294,3.4902896881103516,5000
cancer_type_top20,TCGA-BS-A0V7,1,0.3484329879283905,1.6184223890304565,77
cancer_type_top20,TCGA-BS-A0V8,1,0.5566115975379944,1.793034315109253,115
cancer_type_top20,TCGA-BS-A0VI,1,0.13642752170562744,3.0680007934570312,591
cancer_type_top20,TCGA-BT-A0YX,1,0.2736376225948334,1.9095420837402344,906
cancer_type_top20,TCGA-BT-A20J,1,0.49449509382247925,1.6140198707580566,640
cancer_type_top20,TCGA-BT-A20Q,1,0.6226163506507874,0.9457166194915771,128
cancer_type_top20,TCGA-BT-A42B,1,0.867709755897522,0.7415260076522827,91
cancer_type_top20,TCGA-BT-A42C,1,0.23478412628173828,2.0701308250427246,513
cancer_type_top20,TCGA-C5-A1BE,1,0.8113833665847778,0.8668040633201599,97
cancer_type_top20,TCGA-C5-A1BI,1,0.25544846057891846,3.2964210510253906,169
cancer_type_top20,TCGA-C5-A1BJ,1,0.4509260058403015,2.5002806186676025,195
cancer_type_top20,TCGA-C5-A1BL,1,0.44724172353744507,2.001087188720703,302
cancer_type_top20,TCGA-C5-A1MK,1,0.4190989136695862,1.6052954196929932,444
cancer_type_top20,TCGA-C5-A2LV,1,0.741386890411377,1.1057701110839844,116
cancer_type_top20,TCGA-C5-A7CK,1,0.24005472660064697,2.1042189598083496,214
cancer_type_top20,TCGA-C5-A7X5,1,0.38541993498802185,2.5851078033447266,369
cancer_type_top20,TCGA-C5-A8XI,1,0.33395904302597046,2.127729654312134,84
cancer_type_top20,TCGA-C8-A12U,1,0.4960021674633026,1.521282434463501,65
cancer_type_top20,TCGA-C8-A12Y,1,0.9139328598976135,0.45376694202423096,52
cancer_type_top20,TCGA-C8-A12Z,1,0.48449042439460754,1.6135133504867554,63
cancer_type_top20,TCGA-C8-A1HF,1,0.5459524989128113,1.2938274145126343,43
cancer_type_top20,TCGA-C8-A1HI,1,0.9539543390274048,0.3107133209705353,77
cancer_type_top20,TCGA-C8-A1HM,1,0.4628908932209015,1.2006142139434814,462
cancer_type_top20,TCGA-CA-5254,1,0.4765346646308899,1.6976902484893799,277
cancer_type_top20,TCGA-CC-5262,1,0.6236897706985474,1.1647287607192993,187
cancer_type_top20,TCGA-CC-A3M9,1,0.29388153553009033,2.053248643875122,189
cancer_type_top20,TCGA-CC-A3MC,1,0.29078418016433716,1.978798747062683,145
cancer_type_top20,TCGA-CC-A7IG,1,0.44747865200042725,1.8766307830810547,211
cancer_type_top20,TCGA-CC-A7II,1,0.3219316899776459,1.9030711650848389,233
cancer_type_top20,TCGA-CD-5803,1,0.5547890067100525,0.9129270315170288,47
cancer_type_top20,TCGA-CD-8527,1,0.7944531440734863,0.8043009042739868,328
cancer_type_top20,TCGA-CD-8529,1,0.4517385959625244,1.7616944313049316,524
cancer_type_top20,TCGA-CD-8530,1,0.25415781140327454,2.1497366428375244,118
cancer_type_top20,TCGA-CD-A487,1,0.17832505702972412,2.707909345626831,218
cancer_type_top20,TCGA-CD-A48C,1,0.16424205899238586,2.9683122634887695,280
cancer_type_top20,TCGA-CD-A4MJ,1,0.7632498741149902,0.8209917545318604,914
cancer_type_top20,TCGA-CE-A27D,1,0.4125980734825134,1.5970168113708496,8
cancer_type_top20,TCGA-CE-A3ME,1,0.7008794546127319,1.2618129253387451,16
cancer_type_top20,TCGA-CF-A3MF,1,0.8546298742294312,0.7370211482048035,31
cancer_type_top20,TCGA-CF-A47T,1,0.6957654356956482,1.265711784362793,40
cancer_type_top20,TCGA-CF-A47X,1,0.8366211652755737,0.6078423857688904,444
cancer_type_top20,TCGA-CF-A47Y,1,0.4284057319164276,1.3022634983062744,92
cancer_type_top20,TCGA-CF-A5UA,1,0.42011046409606934,1.4918391704559326,102
cancer_type_top20,TCGA-CF-A9FM,1,0.6315339207649231,0.9478222131729126,32
cancer_type_top20,TCGA-CG-4436,1,0.15052980184555054,2.9231455326080322,232
cancer_type_top20,TCGA-CG-4455,1,0.8019899725914001,0.8186593055725098,62
cancer_type_top20,TCGA-CG-4476,1,0.523170530796051,1.7881245613098145,153
cancer_type_top20,TCGA-CG-5723,1,0.3948346972465515,1.7592244148254395,2366
cancer_type_top20,TCGA-CG-5730,1,0.4724953770637512,1.210487723350525,213
cancer_type_top20,TCGA-CH-5748,1,0.5027502179145813,0.9343107342720032,52
cancer_type_top20,TCGA-CH-5751,1,0.2690347135066986,2.206249952316284,43
cancer_type_top20,TCGA-CH-5752,1,0.26858457922935486,2.5840208530426025,60
cancer_type_top20,TCGA-CH-5763,1,0.8037842512130737,0.8363102674484253,24
cancer_type_top20,TCGA-CH-5766,1,0.9577761888504028,0.26657265424728394,42
cancer_type_top20,TCGA-CH-5792,1,0.6708687543869019,1.1466556787490845,49
cancer_type_top20,TCGA-CJ-4634,1,0.26769039034843445,2.636650562286377,109
cancer_type_top20,TCGA-CJ-4637,1,0.5226625204086304,1.617540717124939,66
cancer_type_top20,TCGA-CJ-4643,1,0.6497088670730591,1.2889647483825684,123
cancer_type_top20,TCGA-CJ-4920,1,0.46750637888908386,1.5443246364593506,175
cancer_type_top20,TCGA-CJ-5675,1,0.4742126762866974,1.6291636228561401,94
cancer_type_top20,TCGA-CJ-5679,1,0.4347407817840576,1.7609058618545532,123
cancer_type_top20,TCGA-CJ-5682,1,0.8112215399742126,0.7729511857032776,101
cancer_type_top20,TCGA-CJ-6028,1,0.8940792083740234,0.5496958494186401,80
cancer_type_top20,TCGA-CJ-6031,1,0.25871461629867554,2.330113172531128,85
cancer_type_top20,TCGA-CJ-6033,1,0.5399619936943054,1.6179585456848145,93
cancer_type_top20,TCGA-CK-6747,1,0.3217518925666809,2.0185248851776123,244
cancer_type_top20,TCGA-CM-4744,1,0.6051307916641235,1.7947500944137573,217
cancer_type_top20,TCGA-CM-4747,1,0.8864866495132446,0.6162448525428772,146
cancer_type_top20,TCGA-CM-4748,1,0.5859834551811218,1.6821472644805908,99
cancer_type_top20,TCGA-CM-4750,1,0.5533010363578796,1.5005671977996826,123
cancer_type_top20,TCGA-CM-6167,1,0.3337477743625641,2.368922233581543,112
cancer_type_top20,TCGA-CM-6168,1,0.2369212657213211,2.2576074600219727,319
cancer_type_top20,TCGA-CM-6674,1,0.30088329315185547,2.3061561584472656,1306
cancer_type_top20,TCGA-CM-6680,1,0.3422059416770935,1.9929906129837036,133
cancer_type_top20,TCGA-CN-4725,1,0.657075822353363,1.0006849765777588,71
cancer_type_top20,TCGA-CN-4726,1,0.6484602093696594,1.1624679565429688,91
cancer_type_top20,TCGA-CN-4735,1,0.4788924753665924,1.1652779579162598,186
cancer_type_top20,TCGA-CN-4737,1,0.49229857325553894,1.1196762323379517,59
cancer_type_top20,TCGA-CN-4739,1,0.18637461960315704,2.230281114578247,287
cancer_type_top20,TCGA-CN-5355,1,0.24571995437145233,1.8360766172409058,138
cancer_type_top20,TCGA-CN-5373,1,0.6894717216491699,1.3671114444732666,203
cancer_type_top20,TCGA-CN-5374,1,0.5414140224456787,0.9208336472511292,218
cancer_type_top20,TCGA-CN-6010,1,0.02313135378062725,5.397557258605957,2453
cancer_type_top20,TCGA-CN-6012,1,0.460692822933197,1.6607997417449951,152
cancer_type_top20,TCGA-CN-6020,1,0.5891045331954956,1.1660232543945312,195
cancer_type_top20,TCGA-CN-6024,1,0.3704395890235901,1.822237491607666,216
cancer_type_top20,TCGA-CN-6988,1,0.11681434512138367,2.8429694175720215,268
cancer_type_top20,TCGA-CN-6989,1,0.8499080538749695,0.7049645781517029,134
cancer_type_top20,TCGA-CN-6994,1,0.47430577874183655,1.5774327516555786,158
cancer_type_top20,TCGA-CN-A63Y,1,0.8063111901283264,1.2712619304656982,216
cancer_type_top20,TCGA-CN-A641,1,0.18275292217731476,2.197615623474121,271
cancer_type_top20,TCGA-CN-A6V6,1,0.20644308626651764,2.8734822273254395,100
cancer_type_top20,TCGA-CN-A6V7,1,0.5208669304847717,0.7519497871398926,65
cancer_type_top20,TCGA-CQ-6218,1,0.357381135225296,1.663153886795044,187
cancer_type_top20,TCGA-CQ-6225,1,0.5053346157073975,1.5923337936401367,197
cancer_type_top20,TCGA-CQ-6228,1,0.4400884509086609,1.3050851821899414,142
cancer_type_top20,TCGA-CQ-7063,1,0.44407153129577637,1.6600537300109863,177
cancer_type_top20,TCGA-CQ-7068,1,0.7431800961494446,1.034814715385437,144
cancer_type_top20,TCGA-CQ-A4CB,1,0.8750375509262085,0.6358740925788879,114
cancer_type_top20,TCGA-CQ-A4CG,1,0.4783739745616913,1.4966201782226562,100
cancer_type_top20,TCGA-CR-6467,1,0.7422361969947815,1.2249741554260254,59
cancer_type_top20,TCGA-CR-6484,1,0.5681173205375671,1.3825044631958008,335
cancer_type_top20,TCGA-CR-7364,1,0.09901334345340729,3.043461799621582,597
cancer_type_top20,TCGA-CR-7368,1,0.5033947229385376,1.572935700416565,276
cancer_type_top20,TCGA-CR-7371,1,0.11806201934814453,2.7415921688079834,416
cancer_type_top20,TCGA-CR-7374,1,0.20958849787712097,2.191720485687256,453
cancer_type_top20,TCGA-CR-7376,1,0.7071435451507568,0.6916986703872681,69
cancer_type_top20,TCGA-CR-7377,1,0.4069558084011078,1.3260953426361084,159
cancer_type_top20,TCGA-CR-7391,1,0.5093297362327576,1.5752612352371216,46
cancer_type_top20,TCGA-CR-7395,1,0.25557973980903625,2.042325496673584,226
cancer_type_top20,TCGA-CR-7397,1,0.8451077938079834,0.4872743785381317,56
cancer_type_top20,TCGA-CR-7401,1,0.4251827895641327,1.2317901849746704,116
cancer_type_top20,TCGA-CS-4938,1,0.43808862566947937,1.2197450399398804,23
cancer_type_top20,TCGA-CS-4941,1,0.4230119585990906,2.3083183765411377,60
cancer_type_top20,TCGA-CS-5390,1,0.6574699878692627,1.2644246816635132,57
cancer_type_top20,TCGA-CS-6186,1,0.3799547255039215,1.997909426689148,73
cancer_type_top20,TCGA-CS-6667,1,0.25227436423301697,1.9402661323547363,33
cancer_type_top20,TCGA-CU-A0YN,1,0.2824603021144867,1.5642404556274414,213
cancer_type_top20,TCGA-CV-5430,1,0.1911754012107849,2.148479700088501,382
cancer_type_top20,TCGA-CV-5439,1,0.3712749183177948,1.5161960124969482,150
cancer_type_top20,TCGA-CV-5971,1,0.5381687879562378,1.553905725479126,30
cancer_type_top20,TCGA-CV-5976,1,0.5197908878326416,1.244309902191162,100
cancer_type_top20,TCGA-CV-5978,1,0.335246741771698,1.6863155364990234,226
cancer_type_top20,TCGA-CV-6003,1,0.727675199508667,0.9995498061180115,131
cancer_type_top20,TCGA-CV-6942,1,0.43414008617401123,1.6856086254119873,302
cancer_type_top20,TCGA-CV-6945,1,0.2815013527870178,1.6218302249908447,195
cancer_type_top20,TCGA-CV-6959,1,0.3311348855495453,1.4086976051330566,159
cancer_type_top20,TCGA-CV-7101,1,0.1432577669620514,2.810431480407715,543
cancer_type_top20,TCGA-CV-7238,1,0.055889829993247986,3.6317760944366455,405
cancer_type_top20,TCGA-CV-7247,1,0.3225991725921631,1.8103594779968262,232
cancer_type_top20,TCGA-CV-7250,1,0.055851224809885025,3.9770913124084473,725
cancer_type_top20,TCGA-CV-7407,1,0.2567600607872009,2.1880621910095215,159
cancer_type_top20,TCGA-CV-7410,1,0.9861358404159546,0.1053304523229599,52
cancer_type_top20,TCGA-CV-7416,1,0.4219604432582855,1.2799065113067627,203
cancer_type_top20,TCGA-CV-7427,1,0.2849907875061035,2.1758148670196533,582
cancer_type_top20,TCGA-CV-7430,1,0.15258120000362396,2.423471689224243,289
cancer_type_top20,TCGA-CV-7446,1,0.35142403841018677,1.4595575332641602,182
cancer_type_top20,TCGA-CV-A45P,1,0.5901274085044861,1.3328274488449097,217
cancer_type_top20,TCGA-CV-A465,1,0.8539019227027893,0.5526196956634521,45
cancer_type_top20,TCGA-CV-A6JM,1,0.5276833176612854,1.5292222499847412,390
cancer_type_top20,TCGA-CX-7085,1,0.27212750911712646,1.9865076541900635,199
cancer_type_top20,TCGA-CZ-4863,1,0.28508248925209045,2.007218837738037,62
cancer_type_top20,TCGA-CZ-5455,1,0.5300291776657104,1.1521669626235962,54
cancer_type_top20,TCGA-CZ-5458,1,0.31762582063674927,1.936936855316162,45
cancer_type_top20,TCGA-CZ-5985,1,0.2773210108280182,2.428889274597168,70
cancer_type_top20,TCGA-CZ-5989,1,0.8734219670295715,0.6621240377426147,52
cancer_type_top20,TCGA-D1-A0ZO,1,0.7941983342170715,0.9449175000190735,908
cancer_type_top20,TCGA-D1-A103,1,0.1588115394115448,3.174948215484619,5000
cancer_type_top20,TCGA-D1-A15V,1,0.5092461705207825,0.7617115378379822,63
cancer_type_top20,TCGA-D1-A15X,1,0.5194709897041321,2.159423828125,2409
cancer_type_top20,TCGA-D1-A160,1,0.26550787687301636,2.4092750549316406,750
cancer_type_top20,TCGA-D1-A163,1,0.43762505054473877,2.5541725158691406,886
cancer_type_top20,TCGA-D1-A16J,1,0.6622599363327026,1.2775702476501465,331
cancer_type_top20,TCGA-D1-A16N,1,0.30642983317375183,2.01385498046875,196
cancer_type_top20,TCGA-D1-A174,1,0.5649912357330322,1.4319429397583008,1221
cancer_type_top20,TCGA-D1-A17B,1,0.23380416631698608,2.7282826900482178,418
cancer_type_top20,TCGA-D1-A1O5,1,0.3483646810054779,1.7745451927185059,109
cancer_type_top20,TCGA-D1-A3JQ,1,0.5035290718078613,1.2155464887619019,54
cancer_type_top20,TCGA-D3-A1Q1,1,0.06201065331697464,4.063871383666992,715
cancer_type_top20,TCGA-D3-A1Q6,1,0.3080748915672302,3.7774524688720703,1635
cancer_type_top20,TCGA-D3-A1QA,1,0.017375368624925613,5.4791083335876465,1802
cancer_type_top20,TCGA-D3-A2J9,1,0.10856150090694427,3.384066104888916,331
cancer_type_top20,TCGA-D3-A2JC,1,0.012987539172172546,5.801217079162598,4461
cancer_type_top20,TCGA-D3-A2JF,1,0.2939704358577728,2.8422577381134033,1987
cancer_type_top20,TCGA-D3-A2JN,1,0.26012328267097473,4.022945404052734,1158
cancer_type_top20,TCGA-D3-A3C1,1,0.9986304044723511,0.013209310360252857,208
cancer_type_top20,TCGA-D3-A51H,1,0.20628216862678528,2.7302284240722656,40
cancer_type_top20,TCGA-D3-A51K,1,0.9958495497703552,0.036719903349876404,32
cancer_type_top20,TCGA-D3-A51N,1,0.9993457198143005,0.0069890557788312435,122
cancer_type_top20,TCGA-D3-A51T,1,0.28699737787246704,2.2887368202209473,1625
cancer_type_top20,TCGA-D3-A5GN,1,0.9762646555900574,0.18187224864959717,675
cancer_type_top20,TCGA-D3-A5GR,1,0.9749526977539062,0.16496017575263977,359
cancer_type_top20,TCGA-D3-A8GR,1,0.6450595259666443,1.0113881826400757,526
cancer_type_top20,TCGA-D5-6532,1,0.30124396085739136,2.3450329303741455,172
cancer_type_top20,TCGA-D5-6922,1,0.6748759150505066,1.197279930114746,157
cancer_type_top20,TCGA-D6-6515,1,0.6666523814201355,0.9320883750915527,62
cancer_type_top20,TCGA-D6-6824,1,0.5839284062385559,1.1305813789367676,65
cancer_type_top20,TCGA-D6-A6EN,1,0.3429166078567505,1.8986278772354126,128
cancer_type_top20,TCGA-D7-5577,1,0.43801644444465637,1.5213181972503662,153
cancer_type_top20,TCGA-D7-6519,1,0.5441058874130249,1.6431028842926025,71
cancer_type_top20,TCGA-D7-6524,1,0.48859667778015137,1.8820810317993164,129
cancer_type_top20,TCGA-D7-6815,1,0.43176838755607605,1.7950773239135742,190
cancer_type_top20,TCGA-D7-6818,1,0.08188267797231674,3.2073190212249756,204
cancer_type_top20,TCGA-D7-8570,1,0.46504276990890503,1.307769775390625,162
cancer_type_top20,TCGA-D7-8574,1,0.9958683848381042,0.03547900170087814,49
cancer_type_top20,TCGA-D7-8576,1,0.8199793696403503,0.8848462104797363,77
cancer_type_top20,TCGA-D7-A6ET,1,0.3497374951839447,2.029000759124756,35
cancer_type_top20,TCGA-D7-A6EY,1,0.25390222668647766,2.175075054168701,1860
cancer_type_top20,TCGA-D7-A74A,1,0.8022487163543701,1.0116153955459595,201
cancer_type_top20,TCGA-D8-A140,1,0.5106545090675354,1.4504823684692383,149
cancer_type_top20,TCGA-D8-A141,1,0.7375395894050598,1.111700415611267,25
cancer_type_top20,TCGA-D8-A143,1,0.5543540120124817,1.0876647233963013,70
cancer_type_top20,TCGA-D8-A1J8,1,0.3372079133987427,2.3111133575439453,1045
cancer_type_top20,TCGA-D8-A1JC,1,0.5271087884902954,1.8158622980117798,126
cancer_type_top20,TCGA-D8-A1JI,1,0.3425934314727783,1.6903266906738281,44
cancer_type_top20,TCGA-D8-A1JJ,1,0.2710190415382385,1.6344417333602905,102
cancer_type_top20,TCGA-D8-A1JK,1,0.31149208545684814,1.8157657384872437,283
cancer_type_top20,TCGA-D8-A1JU,1,0.6652210354804993,1.1239142417907715,21
cancer_type_top20,TCGA-D8-A1X7,1,0.9226579666137695,0.37780389189720154,32
cancer_type_top20,TCGA-D8-A1XC,1,0.39149022102355957,1.5209051370620728,36
cancer_type_top20,TCGA-D8-A1XK,1,0.24786704778671265,2.6507253646850586,1426
cancer_type_top20,TCGA-D8-A1XL,1,0.4976179003715515,1.1968156099319458,118
cancer_type_top20,TCGA-D8-A1XT,1,0.49984991550445557,1.1002552509307861,48
cancer_type_top20,TCGA-D8-A1XY,1,0.6799616813659668,0.9783257842063904,66
cancer_type_top20,TCGA-D8-A1Y0,1,0.7857351899147034,0.920100212097168,84
cancer_type_top20,TCGA-D8-A1Y2,1,0.9819121360778809,0.12323126196861267,24
cancer_type_top20,TCGA-D8-A27G,1,0.4473534822463989,1.6220145225524902,1188
cancer_type_top20,TCGA-D8-A27H,1,0.39419999718666077,2.081881284713745,172
cancer_type_top20,TCGA-D8-A73X,1,0.45619937777519226,1.5535074472427368,58
cancer_type_top20,TCGA-D9-A148,1,0.4447622299194336,3.2762110233306885,1294
cancer_type_top20,TCGA-D9-A6EC,1,0.04445129632949829,4.5760297775268555,5000
cancer_type_top20,TCGA-D9-A6EG,1,0.991641640663147,0.0653165951371193,108
cancer_type_top20,TCGA-DA-A1I7,1,0.20107786357402802,4.236930847167969,1355
cancer_type_top20,TCGA-DA-A3F5,1,0.9941656589508057,0.05531183257699013,465
cancer_type_top20,TCGA-DB-5274,1,0.74763023853302,1.0353010892868042,69
cancer_type_top20,TCGA-DB-A64O,1,0.7580654621124268,0.9777315855026245,32
cancer_type_top20,TCGA-DB-A64S,1,0.25378450751304626,2.1099448204040527,15
cancer_type_top20,TCGA-DB-A75L,1,0.7367233037948608,0.665279746055603,49
cancer_type_top20,TCGA-DD-A116,1,0.2392236292362213,2.3926033973693848,172
cancer_type_top20,TCGA-DD-A119,1,0.21889428794384003,2.0481739044189453,190
cancer_type_top20,TCGA-DD-A1EC,1,0.8550137877464294,0.7629004716873169,38
cancer_type_top20,TCGA-DD-A1ED,1,0.8565613031387329,0.5318199992179871,40
cancer_type_top20,TCGA-DD-A1EE,1,0.11876361817121506,3.01501727104187,748
cancer_type_top20,TCGA-DD-A3A5,1,0.5832823514938354,0.7273014187812805,97
cancer_type_top20,TCGA-DD-A3A8,1,0.40534132719039917,1.9556610584259033,185
cancer_type_top20,TCGA-DD-A4NE,1,0.5911360383033752,1.5508865118026733,80
cancer_type_top20,TCGA-DD-A4NH,1,0.30512839555740356,2.3023953437805176,139
cancer_type_top20,TCGA-DD-A4NJ,1,0.34838905930519104,1.9198652505874634,229
cancer_type_top20,TCGA-DD-A4NS,1,0.175493523478508,3.0128896236419678,165
cancer_type_top20,TCGA-DD-A73C,1,0.6864537000656128,0.8749748468399048,120
cancer_type_top20,TCGA-DD-A73E,1,0.23597639799118042,2.226775884628296,194
cancer_type_top20,TCGA-DD-AACA,1,0.2893293499946594,2.0640220642089844,364
cancer_type_top20,TCGA-DD-AACB,1,0.40083926916122437,1.6660377979278564,149
cancer_type_top20,TCGA-DD-AACC,1,0.48583030700683594,1.4470551013946533,133
cancer_type_top20,TCGA-DD-AACD,1,0.34299877285957336,1.9960548877716064,139
cancer_type_top20,TCGA-DD-AACF,1,0.5753800272941589,1.4456607103347778,186
cancer_type_top20,TCGA-DD-AACJ,1,0.3402383625507355,2.207401990890503,154
cancer_type_top20,TCGA-DD-AACM,1,0.5368971228599548,1.3765981197357178,85
cancer_type_top20,TCGA-DD-AACN,1,0.5289844870567322,1.0926814079284668,63
cancer_type_top20,TCGA-DD-AAD0,1,0.369517058134079,1.5548313856124878,155
cancer_type_top20,TCGA-DD-AAD1,1,0.3167756199836731,1.8963981866836548,191
cancer_type_top20,TCGA-DD-AADC,1,0.510974645614624,1.4566477537155151,124
cancer_type_top20,TCGA-DD-AADF,1,0.27303820848464966,2.528079032897949,326
cancer_type_top20,TCGA-DD-AADL,1,0.5494502186775208,1.423952579498291,180
cancer_type_top20,TCGA-DD-AADO,1,0.6238643527030945,1.696962833404541,329
cancer_type_top20,TCGA-DD-AADP,1,0.4896959662437439,1.3794506788253784,145
cancer_type_top20,TCGA-DD-AAEB,1,0.49951258301734924,1.7783468961715698,196
cancer_type_top20,TCGA-DD-AAEG,1,0.6054093837738037,1.1111701726913452,166
cancer_type_top20,TCGA-DD-AAEH,1,0.221449613571167,2.675806999206543,132
cancer_type_top20,TCGA-DD-AAEK,1,0.38696980476379395,2.389087200164795,123
cancer_type_top20,TCGA-DD-AAVP,1,0.6616753339767456,1.3641486167907715,126
cancer_type_top20,TCGA-DD-AAVS,1,0.5928525924682617,1.3090392351150513,73
cancer_type_top20,TCGA-DD-AAW3,1,0.2040529102087021,2.650827169418335,139
cancer_type_top20,TCGA-DE-A0XZ,1,0.7481929659843445,0.7769796252250671,30
cancer_type_top20,TCGA-DE-A3KN,1,0.4758813977241516,1.4819749593734741,13
cancer_type_top20,TCGA-DE-A4M9,1,0.5773354768753052,1.0016876459121704,13
cancer_type_top20,TCGA-DF-A2KN,1,0.19326432049274445,3.747284173965454,5000
cancer_type_top20,TCGA-DF-A2KS,1,0.17994344234466553,2.553546905517578,189
cancer_type_top20,TCGA-DG-A2KH,1,0.3693777322769165,2.3122589588165283,101
cancer_type_top20,TCGA-DH-A669,1,0.3971540331840515,1.5916017293930054,144
cancer_type_top20,TCGA-DH-A7US,1,0.9868863821029663,0.09402286261320114,43
cancer_type_top20,TCGA-DI-A1NN,1,0.5560547709465027,1.2715678215026855,76
cancer_type_top20,TCGA-DI-A2QT,1,0.7240933775901794,0.7210851907730103,38
cancer_type_top20,TCGA-DI-A2QU,1,0.5706977248191833,1.5935685634613037,104
cancer_type_top20,TCGA-DI-A2QY,1,0.39011886715888977,1.4524614810943604,161
cancer_type_top20,TCGA-DJ-A13M,1,0.9213263392448425,0.416870653629303,9
cancer_type_top20,TCGA-DJ-A1QE,1,0.8731153011322021,0.5882378220558167,21
cancer_type_top20,TCGA-DJ-A1QL,1,0.4501700699329376,1.73097825050354,20
cancer_type_top20,TCGA-DJ-A2PY,1,0.5977654457092285,1.568137288093567,15
cancer_type_top20,TCGA-DJ-A2Q9,1,0.7697380781173706,1.0312395095825195,18
cancer_type_top20,TCGA-DJ-A3UK,1,0.8720895051956177,0.5439640879631042,8
cancer_type_top20,TCGA-DJ-A3UP,1,0.49337509274482727,1.5219792127609253,14
cancer_type_top20,TCGA-DJ-A3US,1,0.5691748261451721,1.3181509971618652,8
cancer_type_top20,TCGA-DJ-A3V6,1,0.9917049407958984,0.05692856013774872,24
cancer_type_top20,TCGA-DJ-A3VI,1,0.5694577097892761,1.6444753408432007,23
cancer_type_top20,TCGA-DJ-A3VK,1,0.9665190577507019,0.20985542237758636,21
cancer_type_top20,TCGA-DJ-A4UP,1,0.818584144115448,0.7667080163955688,10
cancer_type_top20,TCGA-DJ-A4UR,1,0.7539584636688232,0.7538198828697205,20
cancer_type_top20,TCGA-DJ-A4UW,1,0.8304343223571777,0.7638673186302185,12
cancer_type_top20,TCGA-DJ-A4V0,1,0.6173349022865295,1.03937828540802,6
cancer_type_top20,TCGA-DJ-A4V2,1,0.5762575268745422,1.5629668235778809,12
cancer_type_top20,TCGA-DK-A1A6,1,0.5018759369850159,1.7477726936340332,369
cancer_type_top20,TCGA-DK-A1AF,1,0.2810918390750885,2.9590163230895996,142
cancer_type_top20,TCGA-DK-A2I2,1,0.09658033400774002,3.910402774810791,632
cancer_type_top20,TCGA-DK-A2I6,1,0.2819589078426361,1.967923879623413,391
cancer_type_top20,TCGA-DK-A3IS,1,0.5037131905555725,1.1253390312194824,466
cancer_type_top20,TCGA-DK-A3IT,1,0.7092532515525818,1.2218289375305176,559
cancer_type_top20,TCGA-DK-AA6R,1,0.09186408668756485,2.713118553161621,454
cancer_type_top20,TCGA-DK-AA6S,1,0.33867403864860535,1.7744746208190918,798
cancer_type_top20,TCGA-DK-AA77,1,0.2472664713859558,2.336520195007324,483
cancer_type_top20,TCGA-DM-A0XF,1,0.2508458197116852,2.170097827911377,181
cancer_type_top20,TCGA-DM-A1D9,1,0.4019332230091095,2.437798500061035,198
cancer_type_top20,TCGA-DM-A1DA,1,0.15683694183826447,2.485708713531494,383
cancer_type_top20,TCGA-DM-A282,1,0.3599061071872711,2.0587751865386963,149
cancer_type_top20,TCGA-DM-A28F,1,0.4093141555786133,2.138230562210083,353
cancer_type_top20,TCGA-DO-A2HM,1,0.8410261273384094,0.7216501832008362,97
cancer_type_top20,TCGA-DQ-5625,1,0.2535710632801056,1.8874825239181519,252
cancer_type_top20,TCGA-DQ-7591,1,0.8739264607429504,0.6558479070663452,50
cancer_type_top20,TCGA-DS-A1OB,1,0.6318529844284058,1.5511438846588135,892
cancer_type_top20,TCGA-DS-A1OC,1,0.25797751545906067,2.28202748298645,452
cancer_type_top20,TCGA-DS-A1OD,1,0.20391860604286194,3.0774173736572266,246
cancer_type_top20,TCGA-DU-5851,1,0.37186822295188904,1.105580449104309,33
cancer_type_top20,TCGA-DU-5855,1,0.42302072048187256,1.3725523948669434,74
cancer_type_top20,TCGA-DU-6396,1,0.4348536431789398,1.1550337076187134,54
cancer_type_top20,TCGA-DU-6399,1,0.43181562423706055,1.3916785717010498,74
cancer_type_top20,TCGA-DU-6400,1,0.7292734980583191,0.6344003677368164,57
cancer_type_top20,TCGA-DU-6401,1,0.429039865732193,1.31534743309021,32
cancer_type_top20,TCGA-DU-6405,1,0.4381219446659088,1.8468505144119263,65
cancer_type_top20,TCGA-DU-6408,1,0.2216322273015976,1.968729853630066,33
cancer_type_top20,TCGA-DU-7019,1,0.3916683495044708,1.5337339639663696,48
cancer_type_top20,TCGA-DU-7299,1,0.5490306615829468,1.215362548828125,40
cancer_type_top20,TCGA-DU-8165,1,0.8110268115997314,0.8268816471099854,92
cancer_type_top20,TCGA-DU-A5TT,1,0.46556445956230164,1.355194091796875,71
cancer_type_top20,TCGA-DU-A6S6,1,0.572324275970459,0.9701142311096191,19
cancer_type_top20,TCGA-DU-A7TD,1,0.607671856880188,1.5821120738983154,55
cancer_type_top20,TCGA-DV-A4VX,1,0.2826691269874573,2.2321841716766357,107
cancer_type_top20,TCGA-DW-5561,1,0.45576345920562744,1.9468711614608765,56
cancer_type_top20,TCGA-DW-7837,1,0.2349580079317093,2.250570774078369,122
cancer_type_top20,TCGA-DW-7838,1,0.8669337034225464,0.6867201924324036,115
cancer_type_top20,TCGA-DW-7963,1,0.3736124634742737,1.92207932472229,30
cancer_type_top20,TCGA-DX-A1KU,1,0.24066483974456787,2.269657850265503,78
cancer_type_top20,TCGA-DX-A2J0,1,0.5891939997673035,0.8930777907371521,59
cancer_type_top20,TCGA-DX-A2J1,1,0.5364769697189331,1.373161792755127,42
cancer_type_top20,TCGA-DX-A3U5,1,0.426260381937027,2.086078405380249,43
cancer_type_top20,TCGA-DX-A3UA,1,0.36841920018196106,1.9350512027740479,45
cancer_type_top20,TCGA-DX-A48J,1,0.58534836769104,0.976922869682312,29
cancer_type_top20,TCGA-DX-A48K,1,0.834247350692749,0.6371616125106812,37
cancer_type_top20,TCGA-DX-A6BF,1,0.5457746386528015,1.0991568565368652,121
cancer_type_top20,TCGA-DX-A6BH,1,0.9322032928466797,0.4006361663341522,25
cancer_type_top20,TCGA-DX-A6BK,1,0.31722506880760193,2.0656487941741943,91
cancer_type_top20,TCGA-DX-A6YT,1,0.5363332629203796,2.1944732666015625,833
cancer_type_top20,TCGA-DX-A6YX,1,0.8481892943382263,0.7561479806900024,89
cancer_type_top20,TCGA-DX-A6Z0,1,0.6912601590156555,1.1003457307815552,78
cancer_type_top20,TCGA-DX-A6Z2,1,0.5028625726699829,1.1365289688110352,93
cancer_type_top20,TCGA-DX-A7EI,1,0.3616160452365875,1.9029127359390259,56
cancer_type_top20,TCGA-DX-A7EM,1,0.38131242990493774,2.001981496810913,97
cancer_type_top20,TCGA-DX-A7EO,1,0.7961312532424927,0.6911946535110474,42
cancer_type_top20,TCGA-DX-A7ER,1,0.17279253900051117,2.4033896923065186,49
cancer_type_top20,TCGA-DX-A8BH,1,0.36121293902397156,1.5429530143737793,104
cancer_type_top20,TCGA-DX-A8BL,1,0.6682243943214417,0.7237175703048706,141
cancer_type_top20,TCGA-DX-A8BR,1,0.9822171926498413,0.1207449808716774,65
cancer_type_top20,TCGA-DX-A8BX,1,0.5101078748703003,1.43235445022583,118
cancer_type_top20,TCGA-DX-AB2H,1,0.6245725154876709,0.8601206541061401,69
cancer_type_top20,TCGA-DX-AB2W,1,0.6881076097488403,1.1068267822265625,206
cancer_type_top20,TCGA-DX-AB3A,1,0.518926739692688,1.247854232788086,68
cancer_type_top20,TCGA-E1-5307,1,0.34159213304519653,1.6058624982833862,89
cancer_type_top20,TCGA-E1-A7YI,1,0.3194425404071808,1.6826177835464478,54
cancer_type_top20,TCGA-E1-A7YM,1,0.35570573806762695,1.7914578914642334,53
cancer_type_top20,TCGA-E1-A7YN,1,0.24459949135780334,2.838667392730713,82
cancer_type_top20,TCGA-E1-A7YO,1,0.8892757892608643,0.43379083275794983,35
cancer_type_top20,TCGA-E1-A7YS,1,0.5033908486366272,1.738785982131958,75
cancer_type_top20,TCGA-E1-A7YV,1,0.30301812291145325,1.7039499282836914,62
cancer_type_top20,TCGA-E2-A105,1,0.5238932967185974,0.8011922836303711,76
cancer_type_top20,TCGA-E2-A14P,1,0.7003179788589478,0.9387802481651306,118
cancer_type_top20,TCGA-E2-A14V,1,0.715308427810669,0.9309045076370239,152
cancer_type_top20,TCGA-E2-A154,1,0.9270569682121277,0.40239185094833374,61
cancer_type_top20,TCGA-E2-A158,1,0.6325928568840027,1.4407578706741333,133
cancer_type_top20,TCGA-E2-A15C,1,0.906109094619751,0.46848246455192566,54
cancer_type_top20,TCGA-E2-A15D,1,0.9876165390014648,0.08965985476970673,40
cancer_type_top20,TCGA-E2-A15H,1,0.8810760378837585,0.6269542574882507,38
cancer_type_top20,TCGA-E2-A15J,1,0.8750644326210022,0.4669761657714844,27
cancer_type_top20,TCGA-E2-A15K,1,0.15032519400119781,2.5559234619140625,214
cancer_type_top20,TCGA-E2-A15L,1,0.562523365020752,1.5046968460083008,50
cancer_type_top20,TCGA-E2-A1IN,1,0.31795787811279297,1.7556246519088745,254
cancer_type_top20,TCGA-E2-A1LS,1,0.6575554609298706,1.1349436044692993,90
cancer_type_top20,TCGA-E2-A570,1,0.8533112406730652,0.6604641079902649,39
cancer_type_top20,TCGA-E7-A3X6,1,0.6106725335121155,1.4397048950195312,152
cancer_type_top20,TCGA-E7-A677,1,0.3717306852340698,1.9877729415893555,326
cancer_type_top20,TCGA-E7-A678,1,0.6541253328323364,1.340823769569397,66
cancer_type_top20,TCGA-E7-A6MD,1,0.3166889548301697,1.9870377779006958,620
cancer_type_top20,TCGA-E7-A8O7,1,0.689942479133606,0.7314349412918091,43
cancer_type_top20,TCGA-E7-A8O8,1,0.5631386637687683,1.373194932937622,161
cancer_type_top20,TCGA-E8-A2EA,1,0.23986303806304932,3.682608127593994,484
cancer_type_top20,TCGA-E8-A2JQ,1,0.3652021586894989,1.9091765880584717,44
cancer_type_top20,TCGA-E8-A417,1,0.9094016551971436,0.5338665843009949,30
cancer_type_top20,TCGA-E8-A44M,1,0.47521987557411194,1.5436131954193115,8
cancer_type_top20,TCGA-E9-A1N4,1,0.27034854888916016,2.2140791416168213,35
cancer_type_top20,TCGA-E9-A1N9,1,0.8064990639686584,0.7200844883918762,74
cancer_type_top20,TCGA-E9-A1R6,1,0.32895028591156006,1.8441210985183716,39
cancer_type_top20,TCGA-E9-A1R7,1,0.6390509605407715,1.209573745727539,65
cancer_type_top20,TCGA-E9-A1RA,1,0.2511027455329895,1.838073492050171,27
cancer_type_top20,TCGA-E9-A226,1,0.7245988845825195,0.8154698014259338,87
cancer_type_top20,TCGA-E9-A2JT,1,0.47894614934921265,1.8524143695831299,28
cancer_type_top20,TCGA-E9-A3HO,1,0.8318167328834534,0.6840519905090332,86
cancer_type_top20,TCGA-E9-A6HE,1,0.6670771837234497,0.9306142926216125,28
cancer_type_top20,TCGA-EA-A3HS,1,0.5716114640235901,1.3508970737457275,1218
cancer_type_top20,TCGA-EA-A410,1,0.22351248562335968,2.692511796951294,2703
cancer_type_top20,TCGA-EA-A411,1,0.8285936713218689,0.6476336717605591,88
cancer_type_top20,TCGA-EA-A43B,1,0.25703343749046326,2.2214622497558594,327
cancer_type_top20,TCGA-EA-A5FO,1,0.38713186979293823,1.851424217224121,128
cancer_type_top20,TCGA-EB-A1NK,1,0.16875562071800232,3.406057596206665,479
cancer_type_top20,TCGA-EB-A299,1,0.33603790402412415,3.7880213260650635,921
cancer_type_top20,TCGA-EB-A3XC,1,0.39272239804267883,2.1159489154815674,572
cancer_type_top20,TCGA-EB-A3XE,1,0.6111048460006714,1.685019850730896,23
cancer_type_top20,TCGA-EB-A41A,1,0.44020822644233704,2.756679058074951,2652
cancer_type_top20,TCGA-EB-A430,1,0.9834784269332886,0.12407910823822021,539
cancer_type_top20,TCGA-EB-A44Q,1,0.6400187015533447,1.1818344593048096,60
cancer_type_top20,TCGA-EB-A51B,1,0.22524160146713257,3.9120073318481445,573
cancer_type_top20,TCGA-EB-A550,1,0.996662974357605,0.028321750462055206,208
cancer_type_top20,TCGA-EB-A57M,1,0.8003806471824646,0.8836235404014587,62
cancer_type_top20,TCGA-EB-A5FP,1,0.9929602742195129,0.06177045404911041,561
cancer_type_top20,TCGA-EB-A5KH,1,0.4572698771953583,1.360864281654358,55
cancer_type_top20,TCGA-EB-A5SE,1,0.9759507179260254,0.1512041836977005,399
cancer_type_top20,TCGA-EB-A5VU,1,0.5892515182495117,1.165143609046936,65
cancer_type_top20,TCGA-EC-A1NJ,1,0.45794859528541565,1.7166681289672852,513
cancer_type_top20,TCGA-ED-A66X,1,0.7372738122940063,1.116122841835022,65
cancer_type_top20,TCGA-ED-A7XP,1,0.5543665885925293,0.8598839044570923,88
cancer_type_top20,TCGA-ED-A8O6,1,0.5321075320243835,1.6196972131729126,97
cancer_type_top20,TCGA-EE-A20B,1,0.8726926445960999,0.6501778364181519,278
cancer_type_top20,TCGA-EE-A20I,1,0.9132051467895508,0.4691215455532074,40
cancer_type_top20,TCGA-EE-A29G,1,0.12864206731319427,4.055660247802734,1043
cancer_type_top20,TCGA-EE-A29S,1,0.16175837814807892,3.3773553371429443,1714
cancer_type_top20,TCGA-EE-A2GD,1,0.7240246534347534,1.3290901184082031,776
cancer_type_top20,TCGA-EE-A2GK,1,0.11595012992620468,3.9953413009643555,604
cancer_type_top20,TCGA-EE-A2GP,1,0.579858660697937,1.645998477935791,875
cancer_type_top20,TCGA-EE-A2GR,1,0.04227795824408531,4.314624786376953,2864
cancer_type_top20,TCGA-EE-A2M5,1,0.4493297040462494,3.0300869941711426,3252
cancer_type_top20,TCGA-EE-A2MG,1,0.3334522843360901,3.990510940551758,1418
cancer_type_top20,TCGA-EE-A2ML,1,0.2510753273963928,3.080108165740967,1031
cancer_type_top20,TCGA-EE-A2MU,1,0.3844718635082245,1.869347095489502,937
cancer_type_top20,TCGA-EE-A3J4,1,0.9828217029571533,0.09905020892620087,426
cancer_type_top20,TCGA-EE-A3J8,1,0.9430580735206604,0.3547969460487366,373
cancer_type_top20,TCGA-EE-A3JB,1,0.9763041138648987,0.16179797053337097,871
cancer_type_top20,TCGA-EJ-5496,1,0.24616043269634247,2.1625397205352783,41
cancer_type_top20,TCGA-EJ-5501,1,0.4361061751842499,1.8929202556610107,27
cancer_type_top20,TCGA-EJ-5515,1,0.3232443332672119,1.746330976486206,16
cancer_type_top20,TCGA-EJ-5522,1,0.5293100476264954,1.794411301612854,33
cancer_type_top20,TCGA-EJ-5527,1,0.9087374210357666,0.37135079503059387,49
cancer_type_top20,TCGA-EJ-7312,1,0.6124922633171082,1.7903356552124023,35
cancer_type_top20,TCGA-EJ-7315,1,0.3975370228290558,1.263465404510498,64
cancer_type_top20,TCGA-EJ-7330,1,0.23857198655605316,2.3050060272216797,102
cancer_type_top20,TCGA-EJ-7781,1,0.4656297564506531,1.0640144348144531,147
cancer_type_top20,TCGA-EJ-7785,1,0.10542656481266022,3.19136381149292,48
cancer_type_top20,TCGA-EJ-7786,1,0.2073143571615219,2.4549918174743652,82
cancer_type_top20,TCGA-EJ-A46B,1,0.969555675983429,0.13628338277339935,2
cancer_type_top20,TCGA-EJ-A65G,1,0.9011548757553101,0.4692440927028656,23
cancer_type_top20,TCGA-EJ-A65J,1,0.6423211097717285,1.3468308448791504,48
cancer_type_top20,TCGA-EJ-A7NN,1,0.21586351096630096,2.425459384918213,46
cancer_type_top20,TCGA-EJ-A8FP,1,0.6954801082611084,1.2043535709381104,9
cancer_type_top20,TCGA-EJ-AB27,1,0.21107222139835358,2.466458559036255,30
cancer_type_top20,TCGA-EK-A2H0,1,0.5767030715942383,1.9237487316131592,286
cancer_type_top20,TCGA-EK-A2IP,1,0.8357775807380676,0.9664524793624878,224
cancer_type_top20,TCGA-EK-A2RD,1,0.6030173301696777,1.6520674228668213,302
cancer_type_top20,TCGA-EK-A2RE,1,0.4753883183002472,1.6948740482330322,36
cancer_type_top20,TCGA-EK-A2RK,1,0.8630741834640503,0.7573652267456055,364
cancer_type_top20,TCGA-EK-A3GJ,1,0.5266860127449036,1.9682165384292603,374
cancer_type_top20,TCGA-EK-A3GK,1,0.3683660328388214,2.452930212020874,2051
cancer_type_top20,TCGA-EL-A3CL,1,0.8874284625053406,0.5366501808166504,10
cancer_type_top20,TCGA-EL-A3CT,1,0.9745036959648132,0.13499370217323303,108
cancer_type_top20,TCGA-EL-A3CW,1,0.4587898850440979,1.3658329248428345,9
cancer_type_top20,TCGA-EL-A3CX,1,0.9480223655700684,0.2565183639526367,10
cancer_type_top20,TCGA-EL-A3GO,1,0.6990854144096375,1.1953768730163574,11
cancer_type_top20,TCGA-EL-A3GU,1,0.8528544306755066,0.7816036939620972,28
cancer_type_top20,TCGA-EL-A3GX,1,0.7726966738700867,0.9456954598426819,14
cancer_type_top20,TCGA-EL-A3N2,1,0.8136487007141113,0.6423316597938538,11
cancer_type_top20,TCGA-EL-A3N3,1,0.7376562356948853,1.145039439201355,17
cancer_type_top20,TCGA-EL-A3TB,1,0.6701062321662903,1.2850440740585327,20
cancer_type_top20,TCGA-EL-A3ZK,1,0.6185026168823242,1.4518977403640747,15
cancer_type_top20,TCGA-EL-A4JX,1,0.8017339706420898,0.8340211510658264,12
cancer_type_top20,TCGA-EM-A1YB,1,0.46923232078552246,1.2176885604858398,66
cancer_type_top20,TCGA-EM-A1YD,1,0.8098121285438538,0.741001546382904,8
cancer_type_top20,TCGA-EM-A22N,1,0.7061803936958313,0.6961904764175415,14
cancer_type_top20,TCGA-EM-A22Q,1,0.8370531797409058,0.6686216592788696,13
cancer_type_top20,TCGA-EM-A2CK,1,0.4479409456253052,1.5436478853225708,24
cancer_type_top20,TCGA-EM-A2P1,1,0.40852004289627075,1.5047128200531006,29
cancer_type_top20,TCGA-EM-A2P3,1,0.49989452958106995,1.8231127262115479,15
cancer_type_top20,TCGA-EM-A3AO,1,0.3806157112121582,1.2743194103240967,11
cancer_type_top20,TCGA-EM-A3FJ,1,0.7406087517738342,0.9057419300079346,5
cancer_type_top20,TCGA-EM-A3FR,1,0.9991668462753296,0.00854765810072422,19
cancer_type_top20,TCGA-EM-A3O3,1,0.9308329820632935,0.42102253437042236,45
cancer_type_top20,TCGA-EM-A3O8,1,0.3248603045940399,1.8693511486053467,12
cancer_type_top20,TCGA-EM-A3O9,1,0.8654425144195557,0.6067252159118652,12
cancer_type_top20,TCGA-EO-A22Y,1,0.46744436025619507,1.8359225988388062,85
cancer_type_top20,TCGA-EO-A3AV,1,0.11960933357477188,3.7866363525390625,5000
cancer_type_top20,TCGA-EO-A3AZ,1,0.42761778831481934,2.2403805255889893,1835
cancer_type_top20,TCGA-EO-A3B0,1,0.055670641362667084,4.263570785522461,5000
cancer_type_top20,TCGA-EO-A3KW,1,0.78330397605896,0.8579140901565552,69
cancer_type_top20,TCGA-EP-A26S,1,0.3657735288143158,1.9760857820510864,296
cancer_type_top20,TCGA-ER-A195,1,0.10927128791809082,4.234902381896973,986
cancer_type_top20,TCGA-ER-A19H,1,0.12769488990306854,4.726143836975098,1502
cancer_type_top20,TCGA-ER-A19J,1,0.9912697076797485,0.06566454470157623,303
cancer_type_top20,TCGA-ER-A19P,1,0.014833547174930573,5.67160701751709,4401
cancer_type_top20,TCGA-ER-A19S,1,0.9163464307785034,0.4261876940727234,306
cancer_type_top20,TCGA-ER-A1A1,1,0.058612022548913956,4.690669059753418,1048
cancer_type_top20,TCGA-ER-A2NB,1,0.5797291398048401,1.5780200958251953,97
cancer_type_top20,TCGA-ER-A2NE,1,0.2755604088306427,2.3702220916748047,237
cancer_type_top20,TCGA-ER-A2NH,1,0.06267368793487549,4.711553573608398,1331
cancer_type_top20,TCGA-ER-A3PL,1,0.9806215763092041,0.16792264580726624,527
cancer_type_top20,TCGA-ES-A2HS,1,0.7828056812286377,0.6519895195960999,105
cancer_type_top20,TCGA-ET-A25R,1,0.8084569573402405,0.8961279988288879,17
cancer_type_top20,TCGA-ET-A2MZ,1,0.6850833296775818,1.1465699672698975,8
cancer_type_top20,TCGA-ET-A2N1,1,0.5423579812049866,1.559823989868164,20
cancer_type_top20,TCGA-ET-A2N4,1,0.9124478101730347,0.4290057420730591,22
cancer_type_top20,TCGA-ET-A39K,1,0.5878444910049438,1.5053154230117798,10
cancer_type_top20,TCGA-ET-A39P,1,0.7618502378463745,1.1240392923355103,101
cancer_type_top20,TCGA-ET-A39S,1,0.8668724894523621,0.4677634537220001,8
cancer_type_top20,TCGA-ET-A39T,1,0.6396600008010864,1.374267578125,14
cancer_type_top20,TCGA-ET-A3BS,1,0.8380175232887268,0.6994670629501343,9
cancer_type_top20,TCGA-ET-A3BV,1,0.9281979203224182,0.41802555322647095,31
cancer_type_top20,TCGA-ET-A3DR,1,0.30832716822624207,1.9598406553268433,18
cancer_type_top20,TCGA-ET-A40Q,1,0.9667420983314514,0.20487657189369202,16
cancer_type_top20,TCGA-ET-A40S,1,0.4206181466579437,1.7969143390655518,19
cancer_type_top20,TCGA-ET-A4KN,1,0.9444932341575623,0.23269279301166534,12
cancer_type_top20,TCGA-EU-5904,1,0.728764533996582,1.0507533550262451,58
cancer_type_top20,TCGA-EV-5902,1,0.2514819800853729,2.4124181270599365,99
cancer_type_top20,TCGA-EW-A1IW,1,0.5051184296607971,1.1303353309631348,131
cancer_type_top20,TCGA-EW-A1IZ,1,0.49878251552581787,0.9545745849609375,534
cancer_type_top20,TCGA-EW-A1J6,1,0.23824934661388397,2.471071720123291,47
cancer_type_top20,TCGA-EW-A1OY,1,0.7961476445198059,0.9864683151245117,85
cancer_type_top20,TCGA-EW-A1P3,1,0.9022552371025085,0.553826093673706,30
cancer_type_top20,TCGA-EW-A1P7,1,0.734325110912323,0.9351022839546204,29
cancer_type_top20,TCGA-EW-A1PG,1,0.9695214629173279,0.1771218627691269,15
cancer_type_top20,TCGA-EW-A2FW,1,0.9664117097854614,0.20892205834388733,31
cancer_type_top20,TCGA-EX-A449,1,0.34182488918304443,2.3431825637817383,56
cancer_type_top20,TCGA-EX-A8YF,1,0.9713540077209473,0.19500195980072021,72
cancer_type_top20,TCGA-EY-A1G8,1,0.07982446998357773,4.1325364112854,4500
cancer_type_top20,TCGA-EY-A1GE,1,0.2216515839099884,2.6931073665618896,64
cancer_type_top20,TCGA-EY-A1GF,1,0.1381104290485382,3.73453426361084,693
cancer_type_top20,TCGA-EY-A1GK,1,0.09381117671728134,3.8032994270324707,1625
cancer_type_top20,TCGA-EY-A1GW,1,0.3267420530319214,2.156477928161621,82
cancer_type_top20,TCGA-EY-A212,1,0.49227747321128845,1.6973222494125366,87
cancer_type_top20,TCGA-EY-A214,1,0.40314170718193054,1.4236655235290527,91
cancer_type_top20,TCGA-EY-A2OP,1,0.40181413292884827,2.3002893924713135,899
cancer_type_top20,TCGA-EY-A2OQ,1,0.9781364798545837,0.1570526659488678,74
cancer_type_top20,TCGA-EY-A3QX,1,0.652086079120636,1.1393563747406006,87
cancer_type_top20,TCGA-EY-A547,1,0.22452659904956818,2.311281681060791,306
cancer_type_top20,TCGA-EY-A549,1,0.10028265416622162,3.9724578857421875,2314
cancer_type_top20,TCGA-F1-6177,1,0.673568069934845,1.5071399211883545,1813
cancer_type_top20,TCGA-F1-6874,1,0.34923484921455383,2.1438679695129395,1253
cancer_type_top20,TCGA-F4-6460,1,0.282562792301178,2.246828079223633,211
cancer_type_top20,TCGA-F4-6461,1,0.3863545358181,2.3458921909332275,202
cancer_type_top20,TCGA-F4-6807,1,0.21470123529434204,2.2056617736816406,233
cancer_type_top20,TCGA-F7-8298,1,0.5139000415802002,0.8161072731018066,123
cancer_type_top20,TCGA-F7-A50G,1,0.6355248689651489,1.523866057395935,130
cancer_type_top20,TCGA-F7-A50I,1,0.4846019148826599,1.417570948600769,191
cancer_type_top20,TCGA-F7-A50J,1,0.5352131128311157,1.9103519916534424,226
cancer_type_top20,TCGA-F7-A61V,1,0.8425034284591675,0.7267565727233887,130
cancer_type_top20,TCGA-F7-A620,1,0.38842475414276123,1.293540358543396,83
cancer_type_top20,TCGA-F7-A623,1,0.7160462737083435,1.1855764389038086,260
cancer_type_top20,TCGA-F9-A8NY,1,0.3580780029296875,1.8509119749069214,59
cancer_type_top20,TCGA-FD-A3B3,1,0.8317542672157288,0.6324036717414856,233
cancer_type_top20,TCGA-FD-A3NA,1,0.834839940071106,0.7739555835723877,233
cancer_type_top20,TCGA-FD-A3SM,1,0.44282302260398865,1.6039683818817139,267
cancer_type_top20,TCGA-FD-A3SP,1,0.9509354829788208,0.2474117875099182,169
cancer_type_top20,TCGA-FD-A3SR,1,0.7404193878173828,0.8536070585250854,177
cancer_type_top20,TCGA-FD-A3SS,1,0.2657400965690613,1.9308959245681763,674
cancer_type_top20,TCGA-FD-A43X,1,0.5256333351135254,2.00288987159729,440
cancer_type_top20,TCGA-FD-A5BR,1,0.4205945134162903,1.345466136932373,117
cancer_type_top20,TCGA-FD-A5BV,1,0.37590277194976807,1.7866570949554443,164
cancer_type_top20,TCGA-FD-A62O,1,0.47530803084373474,1.5705177783966064,255
cancer_type_top20,TCGA-FD-A6TG,1,0.4140402376651764,1.8665962219238281,536
cancer_type_top20,TCGA-FE-A22Z,1,0.9912406802177429,0.054264720529317856,28
cancer_type_top20,TCGA-FE-A235,1,0.8981342911720276,0.46690261363983154,13
cancer_type_top20,TCGA-FE-A236,1,0.8032735586166382,0.8730382323265076,15
cancer_type_top20,TCGA-FE-A3PA,1,0.42202088236808777,1.1370078325271606,4
cancer_type_top20,TCGA-FE-A3PD,1,0.5974739789962769,1.2363455295562744,11
cancer_type_top20,TCGA-FG-5962,1,0.7694239616394043,0.5751093626022339,48
cancer_type_top20,TCGA-FG-5965,1,0.12417715787887573,2.617262601852417,142
cancer_type_top20,TCGA-FG-6690,1,0.293823778629303,1.6038514375686646,44
cancer_type_top20,TCGA-FG-6691,1,0.38987433910369873,1.5199919939041138,27
cancer_type_top20,TCGA-FG-7634,1,0.5217350721359253,1.4066089391708374,24
cancer_type_top20,TCGA-FG-7637,1,0.42430463433265686,1.2552989721298218,42
cancer_type_top20,TCGA-FG-7643,1,0.6482336521148682,1.6553761959075928,71
cancer_type_top20,TCGA-FG-8185,1,0.24338002502918243,2.2030415534973145,51
cancer_type_top20,TCGA-FG-8187,1,0.4732937812805176,1.0661821365356445,23
cancer_type_top20,TCGA-FG-8188,1,0.2720704972743988,1.7193068265914917,42
cancer_type_top20,TCGA-FG-A4MW,1,0.21805423498153687,2.2709097862243652,101
cancer_type_top20,TCGA-FG-A6J3,1,0.5041754841804504,1.1954338550567627,99
cancer_type_top20,TCGA-FG-A710,1,0.8512078523635864,0.6636416912078857,52
cancer_type_top20,TCGA-FG-A87N,1,0.5118318200111389,1.3638536930084229,39
cancer_type_top20,TCGA-FI-A2CY,1,0.48360946774482727,1.1605312824249268,61
cancer_type_top20,TCGA-FI-A2D0,1,0.2878303527832031,2.1085336208343506,5000
cancer_type_top20,TCGA-FI-A2D2,1,0.24772098660469055,2.078129291534424,54
cancer_type_top20,TCGA-FI-A2EX,1,0.7343855500221252,0.8000842332839966,83
cancer_type_top20,TCGA-FI-A2F8,1,0.8926442265510559,0.5014461278915405,111
cancer_type_top20,TCGA-FI-A3PV,1,0.7060960531234741,1.01922607421875,107
cancer_type_top20,TCGA-FJ-A3ZE,1,0.4414447546005249,1.3216099739074707,552
cancer_type_top20,TCGA-FK-A3SD,1,0.9774336814880371,0.16158664226531982,23
cancer_type_top20,TCGA-FK-A3SE,1,0.6573581099510193,1.1249125003814697,7
cancer_type_top20,TCGA-FN-7833,1,0.28675374388694763,1.608721375465393,26
cancer_type_top20,TCGA-FP-7735,1,0.3498137295246124,2.007720708847046,144
cancer_type_top20,TCGA-FP-7829,1,0.1932167261838913,2.579986572265625,639
cancer_type_top20,TCGA-FP-A8CX,1,0.6426922082901001,1.2531923055648804,120
cancer_type_top20,TCGA-FR-A2OS,1,0.5900800228118896,1.4243038892745972,16
cancer_type_top20,TCGA-FR-A69P,1,0.9751318693161011,0.20146673917770386,308
cancer_type_top20,TCGA-FR-A726,1,0.1510196328163147,3.7107508182525635,5000
cancer_type_top20,TCGA-FR-A728,1,0.9593783617019653,0.27647870779037476,545
cancer_type_top20,TCGA-FR-A729,1,0.9269779920578003,0.45849737524986267,1209
cancer_type_top20,TCGA-FR-A7U9,1,0.2447584718465805,3.4101436138153076,2492
cancer_type_top20,TCGA-FS-A1Z4,1,0.03799924626946449,4.53922176361084,907
cancer_type_top20,TCGA-FS-A1ZD,1,0.6566233038902283,1.7981451749801636,713
cancer_type_top20,TCGA-FS-A1ZN,1,0.3597862124443054,3.6855597496032715,1040
cancer_type_top20,TCGA-FS-A4F0,1,0.24557502567768097,3.5275495052337646,780
cancer_type_top20,TCGA-FU-A2QG,1,0.4779265522956848,1.2941739559173584,152
cancer_type_top20,TCGA-FU-A770,1,0.6587059497833252,1.38247811794281,83
cancer_type_top20,TCGA-FV-A3R2,1,0.21099016070365906,2.1359975337982178,117
cancer_type_top20,TCGA-FV-A3R3,1,0.439876914024353,1.699133038520813,78
cancer_type_top20,TCGA-FY-A3R7,1,0.8837848901748657,0.5323200225830078,11
cancer_type_top20,TCGA-FY-A3WA,1,0.7196570634841919,1.0200393199920654,9
cancer_type_top20,TCGA-FY-A3YR,1,0.9470166563987732,0.31289610266685486,20
cancer_type_top20,TCGA-G2-A2EJ,1,0.09428174048662186,3.478914976119995,821
cancer_type_top20,TCGA-G2-A2EK,1,0.8893418312072754,0.5854874849319458,88
cancer_type_top20,TCGA-G3-A25U,1,0.18811428546905518,2.165057897567749,150
cancer_type_top20,TCGA-G3-A5SK,1,0.33820754289627075,1.9257643222808838,141
cancer_type_top20,TCGA-G3-AAV5,1,0.43583154678344727,1.5761644840240479,122
cancer_type_top20,TCGA-G4-6297,1,0.10342172533273697,3.233381509780884,249
cancer_type_top20,TCGA-G4-6307,1,0.8257991075515747,0.6656391024589539,116
cancer_type_top20,TCGA-G4-6322,1,0.32069629430770874,2.2906017303466797,264
cancer_type_top20,TCGA-G7-6793,1,0.18521039187908173,3.242074489593506,315
cancer_type_top20,TCGA-G9-6329,1,0.6349042654037476,1.1540058851242065,36
cancer_type_top20,TCGA-G9-6332,1,0.24056923389434814,1.8915417194366455,65
cancer_type_top20,TCGA-G9-6338,1,0.320055216550827,1.7678166627883911,53
cancer_type_top20,TCGA-G9-6339,1,0.3884608745574951,1.6525874137878418,53
cancer_type_top20,TCGA-G9-6347,1,0.31942716240882874,2.332385301589966,27
cancer_type_top20,TCGA-G9-6361,1,0.33593401312828064,2.0735185146331787,43
cancer_type_top20,TCGA-G9-6363,1,0.4834190011024475,1.4801924228668213,78
cancer_type_top20,TCGA-G9-6369,1,0.532268762588501,0.9807778596878052,42
cancer_type_top20,TCGA-G9-6371,1,0.6281324028968811,1.5815240144729614,39
cancer_type_top20,TCGA-G9-6498,1,0.27430662512779236,2.1006851196289062,29
cancer_type_top20,TCGA-G9-6499,1,0.3536399006843567,1.8463306427001953,109
cancer_type_top20,TCGA-G9-A9S7,1,0.7510701417922974,1.1274710893630981,33
cancer_type_top20,TCGA-GC-A6I3,1,0.22177597880363464,2.3025498390197754,554
cancer_type_top20,TCGA-GD-A3OS,1,0.9008812308311462,0.49596983194351196,119
cancer_type_top20,TCGA-GE-A2C6,1,0.31528931856155396,1.9428786039352417,14
cancer_type_top20,TCGA-GF-A6C9,1,0.8561949729919434,0.9311215877532959,3886
cancer_type_top20,TCGA-GH-A9DA,1,0.3093360364437103,2.4517931938171387,127
cancer_type_top20,TCGA-GI-A2C8,1,0.34765589237213135,2.028308629989624,151
cancer_type_top20,TCGA-GL-A9DE,1,0.6210565567016602,1.898238182067871,296
cancer_type_top20,TCGA-GM-A2DD,1,0.27174633741378784,2.134737730026245,77
cancer_type_top20,TCGA-GN-A26D,1,0.09265396744012833,4.24114990234375,978
cancer_type_top20,TCGA-GN-A4U4,1,0.49927881360054016,2.069185972213745,990
cancer_type_top20,TCGA-GU-A42P,1,0.3706851899623871,1.448129415512085,361
cancer_type_top20,TCGA-GU-A762,1,0.5959677696228027,1.3141961097717285,150
cancer_type_top20,TCGA-GU-A763,1,0.679054856300354,0.9244701862335205,85
cancer_type_top20,TCGA-GU-AATQ,1,0.38537171483039856,2.0253143310546875,226
cancer_type_top20,TCGA-GV-A3QG,1,0.534200131893158,1.272367238998413,127
cancer_type_top20,TCGA-H4-A2HO,1,0.15228672325611115,3.3316102027893066,522
cancer_type_top20,TCGA-H7-A6C5,1,0.7796025276184082,0.7029577493667603,137
cancer_type_top20,TCGA-HB-A5W3,1,0.6724990606307983,1.221250057220459,48
cancer_type_top20,TCGA-HC-7075,1,0.5761231184005737,1.0899600982666016,39
cancer_type_top20,TCGA-HC-7078,1,0.8605343699455261,0.618709921836853,40
cancer_type_top20,TCGA-HC-7081,1,0.46785131096839905,1.728406310081482,117
cancer_type_top20,TCGA-HC-7233,1,0.27560123801231384,2.349815607070923,44
cancer_type_top20,TCGA-HC-7748,1,0.9630658030509949,0.2233772575855255,33
cancer_type_top20,TCGA-HC-7821,1,0.9810053110122681,0.1261240541934967,36
cancer_type_top20,TCGA-HC-8216,1,0.5299708247184753,1.4037995338439941,138
cancer_type_top20,TCGA-HC-8259,1,0.3329145610332489,2.377746820449829,61
cancer_type_top20,TCGA-HC-8260,1,0.20679406821727753,1.9479416608810425,13
cancer_type_top20,TCGA-HC-8266,1,0.7790738344192505,1.0083844661712646,32
cancer_type_top20,TCGA-HC-A4ZV,1,0.24857860803604126,2.9032130241394043,153
cancer_type_top20,TCGA-HC-A632,1,0.49489453434944153,1.3271020650863647,45
cancer_type_top20,TCGA-HC-A6AL,1,0.47881191968917847,1.7364602088928223,63
cancer_type_top20,TCGA-HC-A6HY,1,0.7087116241455078,1.3899450302124023,29
cancer_type_top20,TCGA-HD-7754,1,0.7995235919952393,0.707491397857666,81
cancer_type_top20,TCGA-HD-8635,1,0.36952704191207886,1.572203516960144,560
cancer_type_top20,TCGA-HD-A4C1,1,0.30719250440597534,1.9490525722503662,262
cancer_type_top20,TCGA-HD-A6HZ,1,0.44600939750671387,1.539236068725586,110
cancer_type_top20,TCGA-HE-7128,1,0.1025109589099884,3.632514238357544,421
cancer_type_top20,TCGA-HF-7133,1,0.30500155687332153,2.7185685634613037,93
cancer_type_top20,TCGA-HI-7171,1,0.892010509967804,0.5617300271987915,44
cancer_type_top20,TCGA-HQ-A2OE,1,0.8430583477020264,0.6927469968795776,198
cancer_type_top20,TCGA-HR-A2OG,1,0.05683014541864395,3.9474480152130127,816
cancer_type_top20,TCGA-HT-7477,1,0.39325040578842163,1.3179004192352295,60
cancer_type_top20,TCGA-HT-7479,1,0.6356747150421143,1.0756326913833618,39
cancer_type_top20,TCGA-HT-7482,1,0.2042502760887146,1.9628386497497559,24
cancer_type_top20,TCGA-HT-7602,1,0.2704516649246216,1.713536262512207,14
cancer_type_top20,TCGA-HT-7604,1,0.39137962460517883,1.5346330404281616,56
cancer_type_top20,TCGA-HT-7609,1,0.3851567506790161,1.401384949684143,36
cancer_type_top20,TCGA-HT-7677,1,0.6138150691986084,0.8256142735481262,54
cancer_type_top20,TCGA-HT-7684,1,0.44339755177497864,1.5987130403518677,48
cancer_type_top20,TCGA-HT-7688,1,0.310923308134079,1.5856378078460693,113
cancer_type_top20,TCGA-HT-7694,1,0.7638742327690125,0.8605632781982422,47
cancer_type_top20,TCGA-HT-7695,1,0.969917893409729,0.16975031793117523,31
cancer_type_top20,TCGA-HT-7873,1,0.4038095474243164,1.3250043392181396,37
cancer_type_top20,TCGA-HT-7875,1,0.9338396191596985,0.3384963870048523,48
cancer_type_top20,TCGA-HT-8111,1,0.6235812902450562,0.9357509016990662,19
cancer_type_top20,TCGA-HT-8563,1,0.3372771143913269,1.5618228912353516,40
cancer_type_top20,TCGA-HT-A5R9,1,0.7662112712860107,1.2799553871154785,55
cancer_type_top20,TCGA-HT-A614,1,0.4004136621952057,1.3614736795425415,50
cancer_type_top20,TCGA-HT-A615,1,0.8309764266014099,0.6007017493247986,40
cancer_type_top20,TCGA-HT-A616,1,0.4169727563858032,1.6216151714324951,34
cancer_type_top20,TCGA-HT-A618,1,0.5117853879928589,1.1777801513671875,35
cancer_type_top20,TCGA-HT-A61A,1,0.9265486598014832,0.32775089144706726,8
cancer_type_top20,TCGA-HU-A4G8,1,0.6502074003219604,1.354811668395996,2011
cancer_type_top20,TCGA-HU-A4GF,1,0.5941109657287598,1.4152330160140991,182
cancer_type_top20,TCGA-HU-A4GT,1,0.3700113296508789,1.7223153114318848,1872
cancer_type_top20,TCGA-HU-A4GU,1,0.14143262803554535,2.7305150032043457,1973
cancer_type_top20,TCGA-HU-A4H3,1,0.3408484160900116,1.9754692316055298,1243
cancer_type_top20,TCGA-HU-A4H6,1,0.4361199140548706,1.551933765411377,153
cancer_type_top20,TCGA-HU-A4H8,1,0.3766605854034424,1.4362130165100098,1602
cancer_type_top20,TCGA-HW-7487,1,0.9154926538467407,0.38121405243873596,24
cancer_type_top20,TCGA-HW-7495,1,0.973993182182312,0.14490483701229095,24
cancer_type_top20,TCGA-HW-8320,1,0.5997397303581238,0.8082374334335327,40
cancer_type_top20,TCGA-HW-8321,1,0.6214143633842468,0.8768764138221741,45
cancer_type_top20,TCGA-IA-A40U,1,0.3034605383872986,2.207343101501465,65
cancer_type_top20,TCGA-IA-A40X,1,0.4248104989528656,1.4338302612304688,31
cancer_type_top20,TCGA-IE-A4EJ,1,0.3588092029094696,1.6617621183395386,89
cancer_type_top20,TCGA-IF-A4AJ,1,0.7017195820808411,0.6790422201156616,73
cancer_type_top20,TCGA-IG-A4QS,1,0.21535974740982056,2.776160955429077,341
cancer_type_top20,TCGA-IG-A4QT,1,0.3640190362930298,1.5490481853485107,8
cancer_type_top20,TCGA-IH-A3EA,1,0.9738900661468506,0.22397173941135406,2034
cancer_type_top20,TCGA-IK-8125,1,0.6579503417015076,0.7465558052062988,68
cancer_type_top20,TCGA-IN-8462,1,0.35863953828811646,1.670387625694275,154
cancer_type_top20,TCGA-IN-A7NU,1,0.5532063841819763,1.3624762296676636,121
cancer_type_top20,TCGA-IQ-A61I,1,0.3150932788848877,3.5753896236419678,186
cancer_type_top20,TCGA-IQ-A61L,1,0.3688730299472809,1.3717609643936157,111
cancer_type_top20,TCGA-IR-A3LB,1,0.9740797281265259,0.17748616635799408,79
cancer_type_top20,TCGA-IR-A3LC,1,0.7942047715187073,0.894372284412384,71
cancer_type_top20,TCGA-IR-A3LI,1,0.43543684482574463,2.389068603515625,583
cancer_type_top20,TCGA-IW-A3M6,1,0.8614447712898254,0.5628236532211304,96
cancer_type_top20,TCGA-IZ-8195,1,0.46791040897369385,1.0451905727386475,187
cancer_type_top20,TCGA-J2-8194,1,0.5041093826293945,1.0392653942108154,198
cancer_type_top20,TCGA-J4-8198,1,0.4688234329223633,1.8208688497543335,37
cancer_type_top20,TCGA-J4-A67K,1,0.19278952479362488,2.689953327178955,34
cancer_type_top20,TCGA-J4-A67L,1,0.8161190748214722,0.8289747834205627,37
cancer_type_top20,TCGA-J4-A67O,1,0.3748129904270172,2.1059298515319824,26
cancer_type_top20,TCGA-J4-A67S,1,0.33156901597976685,1.7898149490356445,21
cancer_type_top20,TCGA-J4-A6G1,1,0.9748138189315796,0.1671779304742813,19
cancer_type_top20,TCGA-J4-A6M7,1,0.9433469772338867,0.29916247725486755,22
cancer_type_top20,TCGA-J4-A83L,1,0.45379212498664856,1.6691337823867798,27
cancer_type_top20,TCGA-J4-AATZ,1,0.5552650690078735,1.8070179224014282,48
cancer_type_top20,TCGA-J7-6720,1,0.8886291980743408,0.4880271852016449,48
cancer_type_top20,TCGA-J8-A3O1,1,0.6757805943489075,1.1920294761657715,26
cancer_type_top20,TCGA-J8-A3YF,1,0.7236981391906738,1.2018039226531982,30
cancer_type_top20,TCGA-JW-A69B,1,0.827075183391571,0.5834362506866455,75
cancer_type_top20,TCGA-JW-A852,1,0.6701954007148743,1.1323699951171875,145
cancer_type_top20,TCGA-JX-A3PZ,1,0.7482525706291199,1.039899468421936,81
cancer_type_top20,TCGA-JX-A3Q0,1,0.27133190631866455,2.4662795066833496,1228
cancer_type_top20,TCGA-JX-A5QV,1,0.8990153074264526,0.5892725586891174,79
cancer_type_top20,TCGA-JY-A6F8,1,0.531666100025177,1.4118459224700928,194
cancer_type_top20,TCGA-JY-A6FD,1,0.34547537565231323,1.4811630249023438,215
cancer_type_top20,TCGA-JY-A938,1,0.6052330136299133,1.4521019458770752,220
cancer_type_top20,TCGA-JY-A93C,1,0.3323313593864441,2.1861135959625244,165
cancer_type_top20,TCGA-K4-A3WS,1,0.37093785405158997,2.230329990386963,373
cancer_type_top20,TCGA-K4-A3WU,1,0.4712305963039398,2.0955798625946045,267
cancer_type_top20,TCGA-K4-A5RH,1,0.3663889169692993,1.7166359424591064,501
cancer_type_top20,TCGA-K4-A83P,1,0.24135783314704895,2.1041388511657715,671
cancer_type_top20,TCGA-KC-A4BV,1,0.16428513824939728,2.37778902053833,40
cancer_type_top20,TCGA-KD-A5QT,1,0.9139800071716309,0.45144426822662354,48
cancer_type_top20,TCGA-KD-A5QU,1,0.6924394965171814,1.120850682258606,92
cancer_type_top20,TCGA-KF-A41W,1,0.27006056904792786,1.860102653503418,164
cancer_type_top20,TCGA-KK-A59Y,1,0.9403263330459595,0.3461416959762573,31
cancer_type_top20,TCGA-KK-A59Z,1,0.8273447155952454,0.5384901762008667,64
cancer_type_top20,TCGA-KK-A6E1,1,0.22551575303077698,2.151425838470459,30
cancer_type_top20,TCGA-KK-A6E2,1,0.5472117066383362,1.901234745979309,52
cancer_type_top20,TCGA-KK-A6E3,1,0.3807409405708313,2.178985834121704,48
cancer_type_top20,TCGA-KK-A7AP,1,0.6400035619735718,1.468098759651184,43
cancer_type_top20,TCGA-KK-A7AU,1,0.9642480611801147,0.20651106536388397,28
cancer_type_top20,TCGA-KK-A7B1,1,0.8381533026695251,0.5349428653717041,22
cancer_type_top20,TCGA-KK-A8I7,1,0.6779799461364746,1.031481146812439,25
cancer_type_top20,TCGA-KK-A8IB,1,0.3413182497024536,1.8386119604110718,57
cancer_type_top20,TCGA-KP-A3W0,1,0.800344705581665,0.5673618316650391,49
cancer_type_top20,TCGA-KQ-A41S,1,0.3967932462692261,1.9085791110992432,348
cancer_type_top20,TCGA-KR-A7K8,1,0.4444931447505951,1.3249224424362183,82
cancer_type_top20,TCGA-KS-A41F,1,0.9229686856269836,0.4034591019153595,15
cancer_type_top20,TCGA-KS-A41I,1,0.9196338653564453,0.44008055329322815,12
cancer_type_top20,TCGA-KS-A41J,1,0.6655728220939636,1.3279186487197876,13
cancer_type_top20,TCGA-KS-A41L,1,0.7789444327354431,0.7671206593513489,12
cancer_type_top20,TCGA-KS-A4I3,1,0.9580400586128235,0.2297220230102539,13
cancer_type_top20,TCGA-KS-A4I9,1,0.628652036190033,1.3923604488372803,11
cancer_type_top20,TCGA-KS-A4IB,1,0.9814159870147705,0.11968672275543213,18
cancer_type_top20,TCGA-L5-A43M,1,0.9851004481315613,0.11340659111738205,74
cancer_type_top20,TCGA-L5-A4OR,1,0.2336430549621582,2.3310465812683105,248
cancer_type_top20,TCGA-L5-A88V,1,0.2827441096305847,2.641663074493408,280
cancer_type_top20,TCGA-L5-A8NK,1,0.4342947006225586,1.4704415798187256,311
cancer_type_top20,TCGA-L5-A8NN,1,0.6215059161186218,1.3559918403625488,184
cancer_type_top20,TCGA-L5-A8NS,1,0.18262521922588348,2.7632393836975098,635
cancer_type_top20,TCGA-L5-A8NT,1,0.48765674233436584,1.3330471515655518,152
cancer_type_top20,TCGA-L6-A4EQ,1,0.6360931396484375,1.536954641342163,20
cancer_type_top20,TCGA-L6-A4ET,1,0.9222396612167358,0.3925001919269562,11
cancer_type_top20,TCGA-L7-A6VZ,1,0.2529030740261078,2.2831239700317383,214
cancer_type_top20,TCGA-L9-A443,1,0.11856822669506073,2.479233741760254,320
cancer_type_top20,TCGA-L9-A50W,1,0.22950100898742676,2.1323044300079346,36
cancer_type_top20,TCGA-L9-A743,1,0.8029988408088684,0.6132386922836304,171
cancer_type_top20,TCGA-L9-A7SV,1,0.022992080077528954,4.439762592315674,2061
cancer_type_top20,TCGA-L9-A8F4,1,0.06393836438655853,3.325033187866211,996
cancer_type_top20,TCGA-LD-A7W5,1,0.4852711856365204,1.306780457496643,70
cancer_type_top20,TCGA-LD-A7W6,1,0.9518579244613647,0.2693256735801697,51
cancer_type_top20,TCGA-LI-A67I,1,0.5323315858840942,1.1404192447662354,72
cancer_type_top20,TCGA-LL-A7SZ,1,0.41968682408332825,1.4251184463500977,130
cancer_type_top20,TCGA-LL-A9Q3,1,0.43830031156539917,1.6712431907653809,75
cancer_type_top20,TCGA-LN-A49O,1,0.7192991375923157,1.116600513458252,114
cancer_type_top20,TCGA-LN-A49V,1,0.42730796337127686,1.3582335710525513,183
cancer_type_top20,TCGA-LN-A4A2,1,0.7098429799079895,1.1891603469848633,217
cancer_type_top20,TCGA-LN-A4A3,1,0.9702317118644714,0.20546376705169678,102
cancer_type_top20,TCGA-LN-A4A5,1,0.4903210699558258,1.3438361883163452,105
cancer_type_top20,TCGA-LN-A4MQ,1,0.28928959369659424,1.7533817291259766,123
cancer_type_top20,TCGA-LN-A8HZ,1,0.5276669263839722,1.288163423538208,159
cancer_type_top20,TCGA-LN-A9FR,1,0.378888875246048,1.2718876600265503,112
cancer_type_top20,TCGA-LP-A4AU,1,0.28759127855300903,2.461796760559082,84
cancer_type_top20,TCGA-LP-A5U2,1,0.5275611877441406,1.4275645017623901,320
cancer_type_top20,TCGA-LT-A8JT,1,0.9544338583946228,0.3185167908668518,105
cancer_type_top20,TCGA-MA-AA3W,1,0.8169737458229065,0.7217518091201782,96
cancer_type_top20,TCGA-MA-AA3Y,1,0.7163540720939636,1.5202982425689697,278
cancer_type_top20,TCGA-MB-A5Y9,1,0.3319454789161682,2.2679030895233154,47
cancer_type_top20,TCGA-MB-A8JK,1,0.9438381791114807,0.3484664559364319,67
cancer_type_top20,TCGA-MG-AAMC,1,0.5244309306144714,1.1001639366149902,27
cancer_type_top20,TCGA-MH-A560,1,0.6805302500724792,0.8124321699142456,67
cancer_type_top20,TCGA-MH-A857,1,0.5712535977363586,1.6417605876922607,35
cancer_type_top20,TCGA-MJ-A68H,1,0.21185453236103058,2.4573116302490234,76
cancer_type_top20,TCGA-MK-A4N6,1,0.7740534543991089,1.000535249710083,15
cancer_type_top20,TCGA-MO-A47P,1,0.29183027148246765,1.8436923027038574,15
cancer_type_top20,TCGA-MP-A4SW,1,0.31287604570388794,1.8944993019104004,89
cancer_type_top20,TCGA-MP-A4T7,1,0.15235361456871033,2.5110936164855957,162
cancer_type_top20,TCGA-MP-A4TH,1,0.8933265805244446,0.5665832757949829,145
cancer_type_top20,TCGA-MP-A4TJ,1,0.45022842288017273,1.3039368391036987,118
cancer_type_top20,TCGA-MT-A7BN,1,0.529533863067627,1.3968801498413086,80
cancer_type_top20,TCGA-MX-A5UG,1,0.414389967918396,1.4663549661636353,56
cancer_type_top20,TCGA-NC-A5HF,1,0.12071523815393448,2.461514949798584,329
cancer_type_top20,TCGA-NC-A5HO,1,0.1776026338338852,2.128106117248535,322
cancer_type_top20,TCGA-NC-A5HQ,1,0.14545023441314697,2.6648144721984863,443
cancer_type_top20,TCGA-NC-A5HR,1,0.5538471341133118,1.1784619092941284,422
cancer_type_top20,TCGA-NH-A50V,1,0.15673868358135223,2.8831663131713867,233
cancer_type_top20,TCGA-NH-A8F8,1,0.3989579677581787,2.2560529708862305,169
cancer_type_top20,TCGA-NJ-A55O,1,0.22079898416996002,1.9810726642608643,170
cancer_type_top20,TCGA-NJ-A7XG,1,0.36419251561164856,1.8430421352386475,46
cancer_type_top20,TCGA-NK-A7XE,1,0.9139037132263184,0.5034047365188599,134
cancer_type_top20,TCGA-O2-A52Q,1,0.03929149731993675,3.5978658199310303,1258
cancer_type_top20,TCGA-O8-A75V,1,0.2794989347457886,2.461251974105835,122
cancer_type_top20,TCGA-OL-A5D8,1,0.42727896571159363,1.2377909421920776,46
cancer_type_top20,TCGA-OL-A5RV,1,0.8557221293449402,0.5845836997032166,18
cancer_type_top20,TCGA-OL-A66K,1,0.916225790977478,0.39837270975112915,54
cancer_type_top20,TCGA-OL-A66O,1,0.568785548210144,1.3340703248977661,45
cancer_type_top20,TCGA-OL-A66P,1,0.19668938219547272,2.565235137939453,143
cancer_type_top20,TCGA-OL-A6VQ,1,0.36992377042770386,1.4222474098205566,137
cancer_type_top20,TCGA-P3-A5QA,1,0.684238612651825,1.084364652633667,90
cancer_type_top20,TCGA-P3-A6T3,1,0.2920769155025482,1.4598019123077393,139
cancer_type_top20,TCGA-P5-A731,1,0.9798495769500732,0.11872827261686325,30
cancer_type_top20,TCGA-P5-A780,1,0.6833235621452332,0.8647041916847229,69
cancer_type_top20,TCGA-PE-A5DD,1,0.2945975363254547,1.7064448595046997,92
cancer_type_top20,TCGA-PG-A5BC,1,0.8885394334793091,0.6388621926307678,75
cancer_type_top20,TCGA-PL-A8LV,1,0.7363820672035217,1.0249271392822266,167
cancer_type_top20,TCGA-PL-A8LZ,1,0.6684659719467163,0.975358784198761,140
cancer_type_top20,TCGA-PQ-A6FI,1,0.5059098601341248,1.2452595233917236,209
cancer_type_top20,TCGA-Q1-A5R3,1,0.33095937967300415,2.023014545440674,96
cancer_type_top20,TCGA-Q2-A5QZ,1,0.8298007845878601,0.9011683464050293,98
cancer_type_top20,TCGA-QB-AA9O,1,0.33063918352127075,2.4858741760253906,2112
cancer_type_top20,TCGA-QG-A5YV,1,0.22228248417377472,2.6227340698242188,240
cancer_type_top20,TCGA-QG-A5Z1,1,0.9303383231163025,0.41813623905181885,142
cancer_type_top20,TCGA-QH-A65S,1,0.5083485245704651,1.1244935989379883,24
cancer_type_top20,TCGA-QH-A65V,1,0.9428811073303223,0.2894449830055237,31
cancer_type_top20,TCGA-QH-A6CU,1,0.81129390001297,0.6270719766616821,16
cancer_type_top20,TCGA-QK-A652,1,0.49415385723114014,0.7663167715072632,58
cancer_type_top20,TCGA-QK-A6IG,1,0.8557816743850708,0.6012051105499268,157
cancer_type_top20,TCGA-QK-A6VC,1,0.7360852956771851,0.9110596179962158,250
cancer_type_top20,TCGA-QK-A8Z9,1,0.5087683200836182,1.4916530847549438,170
cancer_type_top20,TCGA-QK-AA3K,1,0.623508095741272,1.2579988241195679,128
cancer_type_top20,TCGA-QQ-A5V2,1,0.3383294939994812,1.659085988998413,28
cancer_type_top20,TCGA-QS-A744,1,0.5679922699928284,1.364689588546753,107
cancer_type_top20,TCGA-QU-A6IN,1,0.6326380372047424,1.0250040292739868,35
cancer_type_top20,TCGA-R3-A69X,1,0.1301911324262619,3.800910472869873,290
cancer_type_top20,TCGA-R5-A7O7,1,0.22004210948944092,2.164626121520996,156
cancer_type_top20,TCGA-R5-A7ZI,1,0.43592143058776855,1.2067641019821167,1115
cancer_type_top20,TCGA-R5-A804,1,0.6209666728973389,1.0069478750228882,97
cancer_type_top20,TCGA-R6-A6Y2,1,0.40515902638435364,2.0723345279693604,178
cancer_type_top20,TCGA-R8-A6MK,1,0.9612889289855957,0.201957106590271,37
cancer_type_top20,TCGA-R8-A73M,1,0.8567615151405334,0.6532219648361206,37
cancer_type_top20,TCGA-RA-A741,1,0.4956364035606384,1.0270999670028687,92
cancer_type_top20,TCGA-RC-A7S9,1,0.4834379553794861,1.488768458366394,89
cancer_type_top20,TCGA-RC-A7SB,1,0.4893415570259094,1.3102705478668213,89
cancer_type_top20,TCGA-RD-A7BT,1,0.06918086111545563,3.6922695636749268,292
cancer_type_top20,TCGA-RP-A693,1,0.7566434144973755,1.2706081867218018,1104
cancer_type_top20,TCGA-RP-A695,1,0.5218069553375244,1.6041706800460815,1197
cancer_type_top20,TCGA-RY-A83Y,1,0.7927846908569336,0.7637942433357239,42
cancer_type_top20,TCGA-RY-A83Z,1,0.41176652908325195,1.3479076623916626,66
cancer_type_top20,TCGA-S3-AA12,1,0.5762826800346375,1.085525393486023,72
cancer_type_top20,TCGA-S9-A6TZ,1,0.6403700113296509,0.8270494341850281,45
cancer_type_top20,TCGA-S9-A6U0,1,0.877753496170044,0.5459461212158203,47
cancer_type_top20,TCGA-S9-A6U2,1,0.5689840316772461,0.9584399461746216,32
cancer_type_top20,TCGA-S9-A6WI,1,0.7855042219161987,0.7297587990760803,33
cancer_type_top20,TCGA-S9-A6WN,1,0.7135909795761108,0.7977629899978638,44
cancer_type_top20,TCGA-S9-A7IQ,1,0.968437671661377,0.18630123138427734,20
cancer_type_top20,TCGA-S9-A7IY,1,0.7153672575950623,0.8096688985824585,31
cancer_type_top20,TCGA-S9-A7J0,1,0.4843849241733551,1.4119114875793457,52
cancer_type_top20,TCGA-S9-A7R1,1,0.916759729385376,0.4011754095554352,21
cancer_type_top20,TCGA-S9-A7R3,1,0.517006516456604,0.9349536299705505,35
cancer_type_top20,TCGA-S9-A7R8,1,0.26828131079673767,1.4520260095596313,43
cancer_type_top20,TCGA-S9-A89Z,1,0.3890581727027893,1.3398038148880005,72
cancer_type_top20,TCGA-SS-A7HO,1,0.16708023846149445,2.7642223834991455,230
cancer_type_top20,TCGA-SX-A71U,1,0.19618816673755646,2.8782424926757812,136
cancer_type_top20,TCGA-SX-A71W,1,0.8087868690490723,0.7240585684776306,55
cancer_type_top20,TCGA-SX-A7SO,1,0.35865098237991333,1.8591175079345703,61
cancer_type_top20,TCGA-SX-A7SS,1,0.3541894257068634,2.3317365646362305,148
cancer_type_top20,TCGA-TK-A8OK,1,0.29869797825813293,2.193986177444458,53
cancer_type_top20,TCGA-TM-A7C3,1,0.3258610963821411,2.5353622436523438,79
cancer_type_top20,TCGA-TM-A7C5,1,0.7784749865531921,1.0464001893997192,37
cancer_type_top20,TCGA-TM-A84C,1,0.45250585675239563,1.5396758317947388,21
cancer_type_top20,TCGA-TM-A84J,1,0.9526285529136658,0.2813790440559387,56
cancer_type_top20,TCGA-TN-A7HL,1,0.3760456442832947,2.1294806003570557,838
cancer_type_top20,TCGA-TQ-A7RG,1,0.6403036117553711,0.9793695211410522,37
cancer_type_top20,TCGA-TQ-A7RH,1,0.4501899480819702,1.3021217584609985,54
cancer_type_top20,TCGA-TQ-A7RW,1,0.5334888100624084,1.4992605447769165,66
cancer_type_top20,TCGA-UB-A7MF,1,0.7250727415084839,1.1632074117660522,153
cancer_type_top20,TCGA-UB-AA0V,1,0.42051079869270325,1.4272105693817139,65
cancer_type_top20,TCGA-UF-A71D,1,0.17261730134487152,2.6454379558563232,593
cancer_type_top20,TCGA-UF-A7JC,1,0.27649933099746704,2.2578158378601074,70
cancer_type_top20,TCGA-UF-A7JH,1,0.46020448207855225,1.253775715827942,102
cancer_type_top20,TCGA-UF-A7JO,1,0.3495182991027832,1.592758059501648,223
cancer_type_top20,TCGA-UF-A7JT,1,0.3531789183616638,1.4656721353530884,247
cancer_type_top20,TCGA-UY-A8OD,1,0.9496262073516846,0.3383796215057373,133
cancer_type_top20,TCGA-UY-A9PB,1,0.23493985831737518,2.242918014526367,773
cancer_type_top20,TCGA-UY-A9PD,1,0.23519346117973328,2.1758203506469727,393
cancer_type_top20,TCGA-UY-A9PE,1,0.4615609347820282,1.6638988256454468,306
cancer_type_top20,TCGA-UZ-A9PL,1,0.2756168842315674,2.236755847930908,101
cancer_type_top20,TCGA-UZ-A9PN,1,0.45169419050216675,1.3930953741073608,93
cancer_type_top20,TCGA-UZ-A9PO,1,0.4565346837043762,1.5519473552703857,140
cancer_type_top20,TCGA-V1-A9OA,1,0.4873138666152954,1.8330917358398438,22
cancer_type_top20,TCGA-V1-A9OH,1,0.8794912695884705,0.487700879573822,68
cancer_type_top20,TCGA-V1-A9OT,1,0.22039750218391418,2.4589998722076416,37
cancer_type_top20,TCGA-V1-A9ZG,1,0.8150398135185242,0.7421000599861145,34
cancer_type_top20,TCGA-V1-A9ZR,1,0.9972918629646301,0.025730501860380173,50
cancer_type_top20,TCGA-V5-A7RC,1,0.26318007707595825,2.1737914085388184,348
cancer_type_top20,TCGA-V5-A7RE,1,0.1709272712469101,2.2200348377227783,332
cancer_type_top20,TCGA-VN-A88M,1,0.21832166612148285,2.492877960205078,26
cancer_type_top20,TCGA-VQ-A8P5,1,0.17611737549304962,2.6914420127868652,269
cancer_type_top20,TCGA-VQ-A8P8,1,0.18791641294956207,2.4553611278533936,138
cancer_type_top20,TCGA-VQ-A8PC,1,0.42899152636528015,1.9059449434280396,164
cancer_type_top20,TCGA-VQ-A8PE,1,0.8193913698196411,0.6355365514755249,160
cancer_type_top20,TCGA-VQ-A8PF,1,0.49240684509277344,1.5596686601638794,143
cancer_type_top20,TCGA-VQ-A8PK,1,0.2077007293701172,2.1612548828125,119
cancer_type_top20,TCGA-VQ-A8PM,1,0.39255616068840027,1.476149320602417,68
cancer_type_top20,TCGA-VQ-A8PS,1,0.7878550291061401,0.9252436757087708,62
cancer_type_top20,TCGA-VQ-A8PX,1,0.5920998454093933,1.1752381324768066,828
cancer_type_top20,TCGA-VQ-A91A,1,0.49286162853240967,1.4181175231933594,170
cancer_type_top20,TCGA-VQ-A91S,1,0.11507532745599747,3.1709365844726562,328
cancer_type_top20,TCGA-VQ-A91W,1,0.4323787987232208,1.5212509632110596,53
cancer_type_top20,TCGA-VQ-AA6I,1,0.4131222665309906,1.6516270637512207,137
cancer_type_top20,TCGA-VR-A8ER,1,0.6588958501815796,1.192023515701294,103
cancer_type_top20,TCGA-VR-A8EU,1,0.4640723764896393,1.3685688972473145,168
cancer_type_top20,TCGA-VR-A8EZ,1,0.29201042652130127,1.987770438194275,266
cancer_type_top20,TCGA-VR-AA4D,1,0.36204615235328674,2.3142499923706055,160
cancer_type_top20,TCGA-VR-AA7I,1,0.4254298806190491,1.763940453529358,192
cancer_type_top20,TCGA-VS-A8EG,1,0.44978252053260803,1.56816565990448,64
cancer_type_top20,TCGA-VS-A8QA,1,0.2692163586616516,1.9637389183044434,307
cancer_type_top20,TCGA-VS-A8QF,1,0.8271147608757019,0.8395131230354309,186
cancer_type_top20,TCGA-VS-A8QH,1,0.4229409694671631,1.4119374752044678,201
cancer_type_top20,TCGA-VS-A958,1,0.5859963893890381,1.6987309455871582,1374
cancer_type_top20,TCGA-VS-A9U6,1,0.4758780896663666,1.8942047357559204,795
cancer_type_top20,TCGA-VS-A9UC,1,0.48112064599990845,1.251161813735962,281
cancer_type_top20,TCGA-VS-A9UM,1,0.4011485278606415,2.367896318435669,121
cancer_type_top20,TCGA-VS-A9UU,1,0.6162842512130737,1.6910090446472168,104
cancer_type_top20,TCGA-VS-A9UY,1,0.5223118662834167,1.4708969593048096,205
cancer_type_top20,TCGA-W3-AA1R,1,0.9391680359840393,0.44495001435279846,2421
cancer_type_top20,TCGA-W3-AA21,1,0.9665822386741638,0.22182965278625488,713
cancer_type_top20,TCGA-WA-A7H4,1,0.9325577616691589,0.36626747250556946,87
cancer_type_top20,TCGA-WE-A8ZN,1,0.9632049798965454,0.2524414658546448,231
cancer_type_top20,TCGA-WE-A8ZT,1,0.9803438782691956,0.1457221806049347,633
cancer_type_top20,TCGA-WE-A8ZY,1,0.630626380443573,1.100965142250061,349
cancer_type_top20,TCGA-WH-A86K,1,0.5013579726219177,1.4313052892684937,55
cancer_type_top20,TCGA-WK-A8XS,1,0.46424630284309387,1.6755955219268799,85
cancer_type_top20,TCGA-WQ-A9G7,1,0.6640902757644653,1.3517553806304932,737
cancer_type_top20,TCGA-WR-A838,1,0.36759182810783386,1.6137075424194336,82
cancer_type_top20,TCGA-X6-A7W8,1,0.47460654377937317,2.0279688835144043,115
cancer_type_top20,TCGA-X6-A7WB,1,0.2658601999282837,2.368847131729126,529
cancer_type_top20,TCGA-X6-A8C3,1,0.8978775143623352,0.5196726322174072,104
cancer_type_top20,TCGA-X6-A8C4,1,0.3475855886936188,1.4139388799667358,114
cancer_type_top20,TCGA-X6-A8C7,1,0.4949690103530884,1.8785418272018433,33
cancer_type_top20,TCGA-XF-A8HB,1,0.6281579732894897,0.8848329186439514,98
cancer_type_top20,TCGA-XF-A9SH,1,0.17014124989509583,3.0292587280273438,60
cancer_type_top20,TCGA-XF-A9ST,1,0.2931358814239502,2.0468297004699707,753
cancer_type_top20,TCGA-XF-A9SV,1,0.39283689856529236,2.268773317337036,99
cancer_type_top20,TCGA-XF-A9SZ,1,0.4988521933555603,1.2245416641235352,281
cancer_type_top20,TCGA-XF-AAML,1,0.3311971127986908,2.1282806396484375,678
cancer_type_top20,TCGA-XF-AAMQ,1,0.5056408643722534,1.2995765209197998,280
cancer_type_top20,TCGA-XJ-A83G,1,0.9738647937774658,0.1618763506412506,32
cancer_type_top20,TCGA-XK-AAJ3,1,0.7047858238220215,1.1078120470046997,69
cancer_type_top20,TCGA-XP-A8T7,1,0.6445355415344238,1.234458565711975,141
cancer_type_top20,TCGA-XP-A8T8,1,0.5655947923660278,1.787919044494629,158
cancer_type_top20,TCGA-XQ-A8TA,1,0.28817233443260193,1.8974506855010986,143
cancer_type_top20,TCGA-XR-A8TC,1,0.8589212894439697,0.7412651181221008,77
cancer_type_top20,TCGA-XR-A8TG,1,0.4108736217021942,1.6374400854110718,133
cancer_type_top20,TCGA-XS-A8TJ,1,0.2888909578323364,2.3330633640289307,156
cancer_type_top20,TCGA-XV-A9VZ,1,0.553637683391571,1.292397379875183,19
cancer_type_top20,TCGA-XV-AAZV,1,0.9994193911552429,0.006607044022530317,159
cancer_type_top20,TCGA-XX-A899,1,0.23999249935150146,1.6951297521591187,130
cancer_type_top20,TCGA-Y8-A8RZ,1,0.45083701610565186,1.187906265258789,176
cancer_type_top20,TCGA-YD-A89C,1,0.5943216681480408,2.004054069519043,2432
cancer_type_top20,TCGA-YG-AA3P,1,0.526695191860199,0.9796174764633179,102
cancer_type_top20,TCGA-YL-A8SA,1,0.7141073346138,0.7754987478256226,39
cancer_type_top20,TCGA-YL-A8SC,1,0.2569047510623932,2.115957260131836,53
cancer_type_top20,TCGA-YL-A8SL,1,0.9424851536750793,0.3678281009197235,51
cancer_type_top20,TCGA-YL-A8SQ,1,0.4060697853565216,2.1643714904785156,47
cancer_type_top20,TCGA-YL-A9WI,1,0.7289192080497742,1.047676682472229,52
cancer_type_top20,TCGA-YL-A9WK,1,0.499333918094635,0.78767991065979,37
cancer_type_top20,TCGA-Z2-AA3V,1,0.9913344383239746,0.08259010314941406,597
cancer_type_top20,TCGA-Z6-A8JD,1,0.6621107459068298,1.4010958671569824,316
cancer_type_top20,TCGA-Z6-A8JE,1,0.724251389503479,0.8420397043228149,286
cancer_type_top20,TCGA-Z6-A9VB,1,0.5777918100357056,1.348569631576538,147
cancer_type_top20,TCGA-Z7-A8R5,1,0.7506397366523743,0.9448308944702148,36
cancer_type_top20,TCGA-ZF-A9R7,1,0.8834245800971985,0.6121956706047058,955
cancer_type_top20,TCGA-ZF-A9RD,1,0.7591118216514587,1.3408823013305664,243
cancer_type_top20,TCGA-ZF-AA4T,1,0.3843262195587158,1.6973766088485718,130
cancer_type_top20,TCGA-ZF-AA4V,1,0.3727280795574188,1.7916189432144165,933
cancer_type_top20,TCGA-ZF-AA56,1,0.7565749287605286,1.0462439060211182,131
cancer_type_top20,TCGA-ZF-AA5P,1,0.5437615513801575,1.1109944581985474,71
cancer_type_top20,TCGA-ZG-A8QY,1,0.5962547063827515,0.8502613306045532,76
cancer_type_top20,TCGA-ZG-A8QZ,1,0.6724778413772583,0.7896829843521118,35
cancer_type_top20,TCGA-ZG-A9L0,1,0.7585892677307129,0.768069863319397,49
cancer_type_top20,TCGA-ZG-A9L5,1,0.361741840839386,1.643009066581726,60
cancer_type_top20,TCGA-ZG-A9L9,1,0.3809336721897125,2.2969436645507812,50
cancer_type_top20,TCGA-ZG-A9MC,1,0.24256505072116852,2.2277636528015137,34
cancer_type_top20,TCGA-ZG-A9ND,1,0.9951293468475342,0.04104778915643692,32
cancer_type_top20,TCGA-ZG-A9NI,1,0.6320024728775024,1.555071234703064,105
cancer_type_top20,TCGA-ZJ-A8QO,1,0.4688774049282074,1.3059930801391602,109
cancer_type_top20,TCGA-ZP-A9D1,1,0.693540096282959,1.1922647953033447,197
cancer_type_top20,TCGA-ZS-A9CD,1,0.6110255718231201,1.281095027923584,151
cancer_type_top20,TCGA-ZS-A9CG,1,0.5880126953125,1.1191039085388184,108
cancer_type_top20,TCGA-02-0003,2,0.7789108157157898,1.0035005807876587,61
cancer_type_top20,TCGA-04-1336,2,0.5619402527809143,1.819549560546875,89
cancer_type_top20,TCGA-04-1343,2,0.4021729826927185,1.7382206916809082,146
cancer_type_top20,TCGA-04-1346,2,0.7828735709190369,1.0325398445129395,80
cancer_type_top20,TCGA-04-1542,2,0.7261174917221069,1.2120789289474487,82
cancer_type_top20,TCGA-04-1638,2,0.4949038624763489,1.369702935218811,79
cancer_type_top20,TCGA-04-1644,2,0.24589690566062927,2.3003180027008057,44
cancer_type_top20,TCGA-04-1648,2,0.7049282193183899,1.2583260536193848,123
cancer_type_top20,TCGA-04-1651,2,0.4917011260986328,1.6650155782699585,121
cancer_type_top20,TCGA-04-1652,2,0.5799328088760376,1.719525933265686,115
cancer_type_top20,TCGA-05-4244,2,0.27819186449050903,2.3710708618164062,270
cancer_type_top20,TCGA-05-4250,2,0.0844564214348793,3.223068952560425,461
cancer_type_top20,TCGA-05-4390,2,0.11134088784456253,3.5950570106506348,742
cancer_type_top20,TCGA-05-4395,2,0.28817251324653625,2.6410880088806152,359
cancer_type_top20,TCGA-05-4396,2,0.0508340522646904,5.010313034057617,1938
cancer_type_top20,TCGA-05-4410,2,0.0530620701611042,4.319011688232422,1425
cancer_type_top20,TCGA-05-4422,2,0.6894007325172424,1.151376485824585,59
cancer_type_top20,TCGA-05-4432,2,0.08089958876371384,3.503614902496338,797
cancer_type_top20,TCGA-05-4433,2,0.520321249961853,1.5690350532531738,46
cancer_type_top20,TCGA-05-5423,2,0.22961163520812988,2.121046781539917,189
cancer_type_top20,TCGA-05-5428,2,0.19383248686790466,2.734922409057617,488
cancer_type_top20,TCGA-06-0119,2,0.7512413859367371,0.9515540599822998,87
cancer_type_top20,TCGA-06-0126,2,0.3153216242790222,1.9531590938568115,79
cancer_type_top20,TCGA-06-0132,2,0.24109792709350586,2.3714599609375,31
cancer_type_top20,TCGA-06-0145,2,0.4386492669582367,2.119314670562744,127
cancer_type_top20,TCGA-06-0154,2,0.2847069203853607,2.268127202987671,72
cancer_type_top20,TCGA-06-0157,2,0.982664942741394,0.10624362528324127,75
cancer_type_top20,TCGA-06-0171,2,0.19090057909488678,2.300645351409912,119
cancer_type_top20,TCGA-06-0184,2,0.8007975220680237,0.9142581820487976,72
cancer_type_top20,TCGA-06-0185,2,0.5752565264701843,1.527234673500061,82
cancer_type_top20,TCGA-06-0190,2,0.49215033650398254,0.8068017363548279,225
cancer_type_top20,TCGA-06-0209,2,0.42426952719688416,2.2664051055908203,103
cancer_type_top20,TCGA-06-0219,2,0.25772184133529663,2.1605138778686523,55
cancer_type_top20,TCGA-06-0221,2,0.14071327447891235,3.247008800506592,116
cancer_type_top20,TCGA-06-0743,2,0.4915996789932251,0.9766089916229248,135
cancer_type_top20,TCGA-06-0882,2,0.8728164434432983,0.47709736227989197,49
cancer_type_top20,TCGA-06-1800,2,0.8787634968757629,0.5241676568984985,101
cancer_type_top20,TCGA-06-1806,2,0.8427675366401672,0.5768322348594666,37
cancer_type_top20,TCGA-06-2557,2,0.6926296949386597,1.1819748878479004,67
cancer_type_top20,TCGA-06-2563,2,0.5370742082595825,1.3526021242141724,95
cancer_type_top20,TCGA-06-2565,2,0.8228155970573425,0.6014912724494934,69
cancer_type_top20,TCGA-06-2570,2,0.25881531834602356,2.217916250228882,47
cancer_type_top20,TCGA-06-5410,2,0.2782077193260193,2.0681753158569336,33
cancer_type_top20,TCGA-06-5411,2,0.9878789782524109,0.09290529042482376,43
cancer_type_top20,TCGA-06-5413,2,0.808186411857605,0.8905430436134338,62
cancer_type_top20,TCGA-06-6700,2,0.7395695447921753,1.0700396299362183,68
cancer_type_top20,TCGA-06-A5U1,2,0.5565695762634277,1.9538956880569458,97
cancer_type_top20,TCGA-06-A7TL,2,0.15630434453487396,2.5505144596099854,38
cancer_type_top20,TCGA-09-0365,2,0.8937745690345764,0.45009538531303406,78
cancer_type_top20,TCGA-09-1672,2,0.4454791843891144,1.880025029182434,36
cancer_type_top20,TCGA-09-1674,2,0.32258114218711853,2.357689142227173,151
cancer_type_top20,TCGA-09-2049,2,0.36663326621055603,2.4251041412353516,190
cancer_type_top20,TCGA-09-2055,2,0.44017770886421204,1.9960850477218628,145
cancer_type_top20,TCGA-10-0933,2,0.33100226521492004,2.0422942638397217,111
cancer_type_top20,TCGA-12-0615,2,0.21477627754211426,2.381751298904419,84
cancer_type_top20,TCGA-12-0670,2,0.2109309732913971,2.4421775341033936,87
cancer_type_top20,TCGA-12-0707,2,0.5780559778213501,1.3004624843597412,95
cancer_type_top20,TCGA-12-0818,2,0.13121335208415985,2.994839906692505,197
cancer_type_top20,TCGA-12-0828,2,0.8203964233398438,0.9138500690460205,142
cancer_type_top20,TCGA-12-1089,2,0.6914480328559875,1.2986514568328857,180
cancer_type_top20,TCGA-12-1598,2,0.9211955666542053,0.4780312180519104,94
cancer_type_top20,TCGA-12-3646,2,0.5209190249443054,1.2536102533340454,102
cancer_type_top20,TCGA-12-3648,2,0.37843307852745056,2.1654105186462402,69
cancer_type_top20,TCGA-12-5299,2,0.35912299156188965,2.0883336067199707,53
cancer_type_top20,TCGA-13-0726,2,0.41762635111808777,1.6885000467300415,105
cancer_type_top20,TCGA-13-0795,2,0.44630858302116394,1.4132673740386963,120
cancer_type_top20,TCGA-13-0886,2,0.37541306018829346,1.93068265914917,65
cancer_type_top20,TCGA-13-0887,2,0.720137894153595,1.303081750869751,208
cancer_type_top20,TCGA-13-0890,2,0.3044317066669464,2.1364903450012207,100
cancer_type_top20,TCGA-13-0911,2,0.6366657614707947,1.3519718647003174,21
cancer_type_top20,TCGA-13-0912,2,0.24375267326831818,2.4189112186431885,63
cancer_type_top20,TCGA-13-1411,2,0.2949986457824707,2.105926275253296,89
cancer_type_top20,TCGA-13-1481,2,0.21971851587295532,2.915088653564453,325
cancer_type_top20,TCGA-13-1484,2,0.4673563539981842,1.4895610809326172,66
cancer_type_top20,TCGA-13-1488,2,0.42340484261512756,2.0317792892456055,225
cancer_type_top20,TCGA-13-1496,2,0.5590957403182983,1.4721355438232422,94
cancer_type_top20,TCGA-13-1500,2,0.7091708779335022,1.183907389640808,125
cancer_type_top20,TCGA-13-2059,2,0.2972952127456665,2.352508068084717,130
cancer_type_top20,TCGA-13-A5FT,2,0.2635304629802704,2.1374430656433105,137
cancer_type_top20,TCGA-14-0781,2,0.9949632883071899,0.04018711298704147,38
cancer_type_top20,TCGA-14-1458,2,0.10547095537185669,3.233943462371826,254
cancer_type_top20,TCGA-14-1795,2,0.20263099670410156,2.2878832817077637,554
cancer_type_top20,TCGA-14-2554,2,0.36213451623916626,1.8559885025024414,95
cancer_type_top20,TCGA-14-4157,2,0.12348312884569168,2.6145458221435547,46
cancer_type_top20,TCGA-16-0848,2,0.9775373935699463,0.198944553732872,518
cancer_type_top20,TCGA-16-0861,2,0.7332824468612671,0.843313992023468,73
cancer_type_top20,TCGA-18-3408,2,0.4527411460876465,1.6839649677276611,138
cancer_type_top20,TCGA-18-3412,2,0.13181331753730774,3.295893430709839,325
cancer_type_top20,TCGA-18-3416,2,0.09020497649908066,3.6386890411376953,846
cancer_type_top20,TCGA-19-1385,2,0.1747344434261322,2.792654037475586,272
cancer_type_top20,TCGA-19-1787,2,0.23743584752082825,3.64831805229187,909
cancer_type_top20,TCGA-19-1789,2,0.9053738117218018,0.5183931589126587,97
cancer_type_top20,TCGA-19-1791,2,0.4783826470375061,1.2155107259750366,125
cancer_type_top20,TCGA-19-2621,2,0.8406173586845398,0.7433258891105652,215
cancer_type_top20,TCGA-19-4065,2,0.2555880844593048,2.245488166809082,193
cancer_type_top20,TCGA-19-5947,2,0.8689775466918945,0.590499222278595,37
cancer_type_top20,TCGA-19-5951,2,0.4690863788127899,1.7857577800750732,97
cancer_type_top20,TCGA-19-5954,2,0.4593510329723358,1.4744184017181396,106
cancer_type_top20,TCGA-19-5960,2,0.5935032367706299,0.9813553094863892,49
cancer_type_top20,TCGA-19-A6J4,2,0.9865118861198425,0.1049107238650322,44
cancer_type_top20,TCGA-20-1683,2,0.47903934121131897,2.0441648960113525,139
cancer_type_top20,TCGA-21-1070,2,0.20424014329910278,2.9849376678466797,716
cancer_type_top20,TCGA-21-1076,2,0.15977194905281067,2.7947793006896973,419
cancer_type_top20,TCGA-21-1079,2,0.46362996101379395,2.2375853061676025,2419
cancer_type_top20,TCGA-21-1081,2,0.46586501598358154,2.045356512069702,266
cancer_type_top20,TCGA-21-1083,2,0.08787382394075394,3.6340949535369873,943
cancer_type_top20,TCGA-21-5782,2,0.13611146807670593,2.8779799938201904,501
cancer_type_top20,TCGA-21-5783,2,0.18156248331069946,2.7447972297668457,553
cancer_type_top20,TCGA-21-A5DI,2,0.2820702791213989,2.192995071411133,179
cancer_type_top20,TCGA-22-1005,2,0.307351291179657,2.525702953338623,355
cancer_type_top20,TCGA-22-1011,2,0.5832444429397583,1.5697911977767944,137
cancer_type_top20,TCGA-22-1012,2,0.29285916686058044,2.1893086433410645,360
cancer_type_top20,TCGA-22-1016,2,0.16479498147964478,2.545267343521118,460
cancer_type_top20,TCGA-22-4594,2,0.28891411423683167,2.285668134689331,451
cancer_type_top20,TCGA-22-4605,2,0.6257370114326477,1.6490956544876099,118
cancer_type_top20,TCGA-22-5474,2,0.5610073208808899,1.7454326152801514,115
cancer_type_top20,TCGA-22-5477,2,0.2672237455844879,2.8207449913024902,225
cancer_type_top20,TCGA-22-5482,2,0.47954505681991577,1.4965236186981201,215
cancer_type_top20,TCGA-22-5492,2,0.3501919209957123,2.097224712371826,300
cancer_type_top20,TCGA-23-1029,2,0.34856098890304565,2.00494384765625,113
cancer_type_top20,TCGA-23-1117,2,0.5811086893081665,1.723193883895874,215
cancer_type_top20,TCGA-23-1121,2,0.13684235513210297,3.2326066493988037,473
cancer_type_top20,TCGA-23-2081,2,0.4332060217857361,1.648664951324463,92
cancer_type_top20,TCGA-23-2641,2,0.7042539715766907,1.136461615562439,126
cancer_type_top20,TCGA-23-2643,2,0.4467889368534088,1.33719003200531,74
cancer_type_top20,TCGA-24-0980,2,0.20879662036895752,2.2010908126831055,89
cancer_type_top20,TCGA-24-1104,2,0.17326101660728455,2.6563973426818848,131
cancer_type_top20,TCGA-24-1416,2,0.5152490735054016,1.5046453475952148,28
cancer_type_top20,TCGA-24-1419,2,0.4739954173564911,1.6145461797714233,62
cancer_type_top20,TCGA-24-1426,2,0.18738999962806702,2.697415590286255,220
cancer_type_top20,TCGA-24-1427,2,0.33100661635398865,2.0586838722229004,88
cancer_type_top20,TCGA-24-1436,2,0.528565526008606,1.4808170795440674,134
cancer_type_top20,TCGA-24-1562,2,0.6011791825294495,1.527740716934204,41
cancer_type_top20,TCGA-24-1603,2,0.48632052540779114,1.593398928642273,56
cancer_type_top20,TCGA-24-1842,2,0.46412548422813416,1.5108981132507324,75
cancer_type_top20,TCGA-24-1843,2,0.6213217973709106,1.252646803855896,119
cancer_type_top20,TCGA-24-1846,2,0.4358643591403961,1.7591015100479126,159
cancer_type_top20,TCGA-24-1849,2,0.2619745135307312,2.394000768661499,167
cancer_type_top20,TCGA-24-1850,2,0.3448998034000397,2.315032720565796,124
cancer_type_top20,TCGA-25-1312,2,0.24564583599567413,1.7785720825195312,30
cancer_type_top20,TCGA-25-1316,2,0.716681718826294,0.8670175671577454,27
cancer_type_top20,TCGA-25-1326,2,0.31384167075157166,2.6378519535064697,365
cancer_type_top20,TCGA-25-2042,2,0.3772304654121399,1.7141960859298706,174
cancer_type_top20,TCGA-25-2391,2,0.2400817573070526,1.9817180633544922,98
cancer_type_top20,TCGA-25-2396,2,0.6995684504508972,1.147159218788147,53
cancer_type_top20,TCGA-25-2397,2,0.43509599566459656,1.4651175737380981,180
cancer_type_top20,TCGA-25-2398,2,0.343110054731369,2.039670944213867,302
cancer_type_top20,TCGA-25-2400,2,0.19375945627689362,2.6793179512023926,140
cancer_type_top20,TCGA-25-2401,2,0.7002018094062805,1.2132816314697266,114
cancer_type_top20,TCGA-26-1799,2,0.3064616024494171,2.195363998413086,106
cancer_type_top20,TCGA-27-1837,2,0.8887636661529541,0.4624793529510498,54
cancer_type_top20,TCGA-27-1838,2,0.408995658159256,1.507702112197876,128
cancer_type_top20,TCGA-27-2526,2,0.8618785738945007,0.4338375926017761,67
cancer_type_top20,TCGA-27-2528,2,0.3269817531108856,2.277390241622925,67
cancer_type_top20,TCGA-28-1757,2,0.3713851869106293,2.5383949279785156,287
cancer_type_top20,TCGA-28-2506,2,0.28633496165275574,3.15474796295166,447
cancer_type_top20,TCGA-28-5204,2,0.9087451696395874,0.49008408188819885,60
cancer_type_top20,TCGA-28-5208,2,0.27851009368896484,2.2521774768829346,78
cancer_type_top20,TCGA-28-6450,2,0.5579818487167358,1.4078835248947144,74
cancer_type_top20,TCGA-29-1695,2,0.16088879108428955,2.4543893337249756,92
cancer_type_top20,TCGA-29-1698,2,0.7351160049438477,1.1288000345230103,117
cancer_type_top20,TCGA-29-1781,2,0.20064085721969604,2.6259069442749023,143
cancer_type_top20,TCGA-2A-A8VL,2,0.9599795937538147,0.24109849333763123,36
cancer_type_top20,TCGA-2A-A8VO,2,0.18264184892177582,2.3245677947998047,41
cancer_type_top20,TCGA-2A-A8VX,2,0.9698929190635681,0.1925242692232132,38
cancer_type_top20,TCGA-2F-A9KQ,2,0.6413781642913818,1.3394570350646973,88
cancer_type_top20,TCGA-2F-A9KW,2,0.4028586745262146,1.5318312644958496,152
cancer_type_top20,TCGA-2H-A9GL,2,0.1446811556816101,3.1261866092681885,338
cancer_type_top20,TCGA-2H-A9GM,2,0.4260932505130768,1.8891899585723877,182
cancer_type_top20,TCGA-2H-A9GR,2,0.20398445427417755,3.5269484519958496,531
cancer_type_top20,TCGA-2Y-A9GT,2,0.47159484028816223,1.9088160991668701,123
cancer_type_top20,TCGA-2Y-A9GW,2,0.42660394310951233,2.177696466445923,112
cancer_type_top20,TCGA-2Y-A9GZ,2,0.42882993817329407,1.4259727001190186,141
cancer_type_top20,TCGA-2Y-A9H0,2,0.29095137119293213,2.321866035461426,120
cancer_type_top20,TCGA-2Y-A9H5,2,0.2812599539756775,2.2929587364196777,119
cancer_type_top20,TCGA-2Y-A9H7,2,0.8920044898986816,0.5951770544052124,113
cancer_type_top20,TCGA-2Z-A9JD,2,0.4032575190067291,2.1855804920196533,159
cancer_type_top20,TCGA-2Z-A9JM,2,0.4643777012825012,1.5893621444702148,81
cancer_type_top20,TCGA-2Z-A9JN,2,0.5579734444618225,1.4902135133743286,29
cancer_type_top20,TCGA-30-1862,2,0.6225723624229431,1.6056463718414307,62
cancer_type_top20,TCGA-31-1959,2,0.2574043571949005,2.2934207916259766,104
cancer_type_top20,TCGA-32-1977,2,0.9110100865364075,0.5053699016571045,110
cancer_type_top20,TCGA-32-2491,2,0.7664573788642883,1.101581335067749,116
cancer_type_top20,TCGA-32-5222,2,0.8986510038375854,0.5737324953079224,95
cancer_type_top20,TCGA-33-4533,2,0.3256940245628357,2.2211737632751465,389
cancer_type_top20,TCGA-33-6738,2,0.20042890310287476,2.6764116287231445,447
cancer_type_top20,TCGA-33-A5GW,2,0.30610090494155884,2.2087345123291016,258
cancer_type_top20,TCGA-34-2605,2,0.15965135395526886,3.0049469470977783,488
cancer_type_top20,TCGA-34-5239,2,0.3354182839393616,1.9537873268127441,321
cancer_type_top20,TCGA-34-5241,2,0.3583967685699463,1.8110909461975098,264
cancer_type_top20,TCGA-35-3615,2,0.303000271320343,1.7769172191619873,153
cancer_type_top20,TCGA-36-2532,2,0.3808791935443878,1.3172017335891724,69
cancer_type_top20,TCGA-36-2538,2,0.31020697951316833,2.046546220779419,64
cancer_type_top20,TCGA-37-3789,2,0.08384411782026291,3.847134828567505,965
cancer_type_top20,TCGA-37-4141,2,0.1944754719734192,2.59466552734375,430
cancer_type_top20,TCGA-37-A5EN,2,0.28908026218414307,2.8456742763519287,306
cancer_type_top20,TCGA-38-4625,2,0.1010838970541954,3.7254457473754883,783
cancer_type_top20,TCGA-38-4629,2,0.140762060880661,3.012683391571045,377
cancer_type_top20,TCGA-39-5022,2,0.30669403076171875,2.727135181427002,259
cancer_type_top20,TCGA-39-5024,2,0.10785163193941116,3.036864995956421,272
cancer_type_top20,TCGA-39-5030,2,0.6039931178092957,1.5453119277954102,294
cancer_type_top20,TCGA-3B-A9HJ,2,0.751160740852356,0.6775275468826294,33
cancer_type_top20,TCGA-3B-A9HQ,2,0.8422479629516602,0.7818788290023804,107
cancer_type_top20,TCGA-3B-A9HT,2,0.3138892650604248,2.4122676849365234,504
cancer_type_top20,TCGA-3B-A9HY,2,0.4407254457473755,1.4109578132629395,84
cancer_type_top20,TCGA-3B-A9I0,2,0.7142192721366882,1.2459155321121216,44
cancer_type_top20,TCGA-3B-A9I1,2,0.4346023499965668,1.4591270685195923,54
cancer_type_top20,TCGA-3C-AAAU,2,0.9734287261962891,0.16918915510177612,50
cancer_type_top20,TCGA-3M-AB46,2,0.4879966974258423,1.7426506280899048,233
cancer_type_top20,TCGA-3M-AB47,2,0.47074222564697266,1.7540807723999023,148
cancer_type_top20,TCGA-3Z-A93Z,2,0.6250641942024231,1.2163166999816895,116
cancer_type_top20,TCGA-41-2572,2,0.7042601704597473,1.0953781604766846,82
cancer_type_top20,TCGA-41-3915,2,0.34988775849342346,1.4145468473434448,58
cancer_type_top20,TCGA-42-2590,2,0.19163891673088074,2.333056926727295,85
cancer_type_top20,TCGA-43-2576,2,0.16283850371837616,2.8712196350097656,669
cancer_type_top20,TCGA-43-3920,2,0.04577808827161789,4.194654941558838,1257
cancer_type_top20,TCGA-43-5670,2,0.24081511795520782,2.220860481262207,358
cancer_type_top20,TCGA-43-6770,2,0.1552244871854782,2.6746137142181396,573
cancer_type_top20,TCGA-43-6771,2,0.17721548676490784,2.9735772609710693,527
cancer_type_top20,TCGA-43-6773,2,0.16222749650478363,2.2756989002227783,166
cancer_type_top20,TCGA-43-7658,2,0.24325038492679596,2.530184268951416,546
cancer_type_top20,TCGA-43-A56U,2,0.20973779261112213,2.565394878387451,323
cancer_type_top20,TCGA-44-2656,2,0.03088942915201187,4.836694717407227,2189
cancer_type_top20,TCGA-44-3917,2,0.35362866520881653,1.9285022020339966,281
cancer_type_top20,TCGA-44-6774,2,0.05837547406554222,4.33790397644043,798
cancer_type_top20,TCGA-44-6775,2,0.11226486414670944,3.020815372467041,177
cancer_type_top20,TCGA-44-6776,2,0.1425163894891739,3.0321388244628906,543
cancer_type_top20,TCGA-44-7660,2,0.03958262503147125,4.251255512237549,972
cancer_type_top20,TCGA-44-7662,2,0.051329098641872406,4.115468502044678,1467
cancer_type_top20,TCGA-44-7669,2,0.10270948708057404,3.650765895843506,1164
cancer_type_top20,TCGA-44-7670,2,0.05628405511379242,4.28701114654541,2843
cancer_type_top20,TCGA-44-7672,2,0.1638583093881607,3.2941932678222656,423
cancer_type_top20,TCGA-44-A479,2,0.2621529698371887,2.7773866653442383,392
cancer_type_top20,TCGA-46-3768,2,0.09057003259658813,3.3028759956359863,538
cancer_type_top20,TCGA-49-4488,2,0.2188221663236618,2.687304973602295,377
cancer_type_top20,TCGA-49-4507,2,0.22077399492263794,2.414860725402832,263
cancer_type_top20,TCGA-49-4510,2,0.1847529411315918,2.3267252445220947,86
cancer_type_top20,TCGA-49-4514,2,0.2103089690208435,2.559683322906494,436
cancer_type_top20,TCGA-49-AAR0,2,0.19873389601707458,2.593125343322754,179
cancer_type_top20,TCGA-49-AAR4,2,0.10822053253650665,3.685621738433838,728
cancer_type_top20,TCGA-49-AARN,2,0.35449621081352234,2.7754125595092773,953
cancer_type_top20,TCGA-49-AARQ,2,0.0708066076040268,3.9491515159606934,904
cancer_type_top20,TCGA-4A-A93Y,2,0.42602455615997314,1.8038694858551025,44
cancer_type_top20,TCGA-4E-A92E,2,0.3139793276786804,2.408395767211914,271
cancer_type_top20,TCGA-4Z-AA7M,2,0.3088569939136505,3.076599359512329,707
cancer_type_top20,TCGA-4Z-AA83,2,0.3340967893600464,1.8848962783813477,117
cancer_type_top20,TCGA-4Z-AA86,2,0.13738738000392914,3.0518550872802734,289
cancer_type_top20,TCGA-4Z-AA89,2,0.2917565703392029,2.488948345184326,183
cancer_type_top20,TCGA-50-5049,2,0.07906857877969742,3.946258544921875,1041
cancer_type_top20,TCGA-50-5941,2,0.13002480566501617,3.3718295097351074,522
cancer_type_top20,TCGA-50-6590,2,0.05611102283000946,4.278464317321777,1150
cancer_type_top20,TCGA-50-6594,2,0.09845051914453506,3.1267426013946533,677
cancer_type_top20,TCGA-55-6642,2,0.2710976302623749,2.8448920249938965,177
cancer_type_top20,TCGA-55-6712,2,0.34830400347709656,1.947487473487854,214
cancer_type_top20,TCGA-55-6979,2,0.08020221441984177,3.8495988845825195,776
cancer_type_top20,TCGA-55-7227,2,0.15600766241550446,2.7527809143066406,215
cancer_type_top20,TCGA-55-7573,2,0.7389624118804932,0.8076398372650146,70
cancer_type_top20,TCGA-55-7576,2,0.10508723556995392,3.643242359161377,1046
cancer_type_top20,TCGA-55-7815,2,0.2137233316898346,2.7458274364471436,187
cancer_type_top20,TCGA-55-7911,2,0.1068510040640831,3.5623064041137695,291
cancer_type_top20,TCGA-55-7913,2,0.14879673719406128,3.1508870124816895,445
cancer_type_top20,TCGA-55-7994,2,0.030923528596758842,4.801442623138428,1968
cancer_type_top20,TCGA-55-8085,2,0.22158211469650269,2.134495973587036,336
cancer_type_top20,TCGA-55-8616,2,0.07837843149900436,3.8453030586242676,621
cancer_type_top20,TCGA-55-A48X,2,0.1204347088932991,3.2304205894470215,494
cancer_type_top20,TCGA-55-A48Z,2,0.4721147119998932,1.8932017087936401,69
cancer_type_top20,TCGA-55-A4DG,2,0.08581900596618652,3.8783159255981445,880
cancer_type_top20,TCGA-56-5898,2,0.5509324073791504,1.4195940494537354,183
cancer_type_top20,TCGA-56-7579,2,0.2415260225534439,2.789257049560547,658
cancer_type_top20,TCGA-56-7822,2,0.15618391335010529,3.023120403289795,953
cancer_type_top20,TCGA-56-8082,2,0.3411013185977936,1.956733226776123,289
cancer_type_top20,TCGA-56-8083,2,0.37196770310401917,2.29608154296875,212
cancer_type_top20,TCGA-56-8307,2,0.18665358424186707,2.7840263843536377,539
cancer_type_top20,TCGA-56-8503,2,0.13079868257045746,2.987722873687744,211
cancer_type_top20,TCGA-56-8625,2,0.05575703829526901,3.87819242477417,1145
cancer_type_top20,TCGA-56-8626,2,0.3250969648361206,2.236264705657959,334
cancer_type_top20,TCGA-56-A5DS,2,0.32323944568634033,2.241964817047119,271
cancer_type_top20,TCGA-57-1993,2,0.22555744647979736,2.3348870277404785,125
cancer_type_top20,TCGA-57-1994,2,0.5357632637023926,1.9010118246078491,96
cancer_type_top20,TCGA-58-A46M,2,0.11469870060682297,3.0513253211975098,551
cancer_type_top20,TCGA-59-2350,2,0.2398783415555954,2.15354585647583,57
cancer_type_top20,TCGA-5C-A9VH,2,0.6311151385307312,1.4592053890228271,143
cancer_type_top20,TCGA-5N-A9KI,2,0.3906143009662628,1.689779281616211,221
cancer_type_top20,TCGA-5P-A9KA,2,0.43477973341941833,1.6512610912322998,129
cancer_type_top20,TCGA-5P-A9KC,2,0.3485751152038574,2.4242396354675293,115
cancer_type_top20,TCGA-5P-A9KE,2,0.7627198100090027,1.0167028903961182,119
cancer_type_top20,TCGA-5R-AA1C,2,0.29234376549720764,1.9371118545532227,143
cancer_type_top20,TCGA-60-2695,2,0.5290694832801819,1.2802505493164062,279
cancer_type_top20,TCGA-60-2707,2,0.30869024991989136,2.0018556118011475,144
cancer_type_top20,TCGA-60-2708,2,0.2624846398830414,2.36722469329834,274
cancer_type_top20,TCGA-60-2710,2,0.4691135585308075,1.4196434020996094,264
cancer_type_top20,TCGA-60-2712,2,0.6247920989990234,1.2571148872375488,121
cancer_type_top20,TCGA-60-2715,2,0.4290890693664551,2.034651279449463,165
cancer_type_top20,TCGA-60-2722,2,0.2663796842098236,2.3413681983947754,403
cancer_type_top20,TCGA-61-1722,2,0.2949294447898865,2.0993940830230713,142
cancer_type_top20,TCGA-61-1728,2,0.7019120454788208,1.259993314743042,96
cancer_type_top20,TCGA-61-1899,2,0.374235063791275,1.7422600984573364,94
cancer_type_top20,TCGA-61-1910,2,0.5483968257904053,1.9245976209640503,166
cancer_type_top20,TCGA-61-1995,2,0.5028777718544006,1.4515661001205444,54
cancer_type_top20,TCGA-61-2012,2,0.5658624768257141,1.6621224880218506,205
cancer_type_top20,TCGA-61-2110,2,0.24212484061717987,2.4224960803985596,120
cancer_type_top20,TCGA-61-2612,2,0.6913389563560486,1.1955287456512451,64
cancer_type_top20,TCGA-62-A46O,2,0.11259646713733673,3.5235016345977783,1133
cancer_type_top20,TCGA-62-A46S,2,0.2540285289287567,2.269195795059204,163
cancer_type_top20,TCGA-62-A46V,2,0.9934017062187195,0.04880677908658981,74
cancer_type_top20,TCGA-63-5128,2,0.2412431687116623,2.4088499546051025,390
cancer_type_top20,TCGA-63-5131,2,0.28610944747924805,2.4301791191101074,403
cancer_type_top20,TCGA-63-7021,2,0.19108392298221588,2.49893856048584,340
cancer_type_top20,TCGA-63-A5MB,2,0.17128081619739532,2.6841697692871094,434
cancer_type_top20,TCGA-63-A5MH,2,0.18577708303928375,2.700662136077881,296
cancer_type_top20,TCGA-63-A5MM,2,0.882213830947876,0.759665846824646,1545
cancer_type_top20,TCGA-64-1676,2,0.0525086410343647,3.747288465499878,756
cancer_type_top20,TCGA-64-5815,2,0.34283047914505005,2.193624496459961,221
cancer_type_top20,TCGA-66-2744,2,0.11080954223871231,3.2801523208618164,480
cancer_type_top20,TCGA-66-2770,2,0.45392337441444397,2.0246758460998535,335
cancer_type_top20,TCGA-66-2780,2,0.36065542697906494,1.8361542224884033,185
cancer_type_top20,TCGA-66-2792,2,0.1352648138999939,2.9639906883239746,227
cancer_type_top20,TCGA-67-3770,2,0.2627410590648651,2.495145320892334,280
cancer_type_top20,TCGA-67-3774,2,0.2453485131263733,2.545950174331665,155
cancer_type_top20,TCGA-68-7757,2,0.11834096908569336,3.123349189758301,387
cancer_type_top20,TCGA-69-7979,2,0.03241454064846039,4.8422112464904785,1846
cancer_type_top20,TCGA-69-8255,2,0.18511727452278137,2.7959322929382324,384
cancer_type_top20,TCGA-73-4675,2,0.47641706466674805,1.5257974863052368,93
cancer_type_top20,TCGA-73-4677,2,0.15555229783058167,3.28267240524292,316
cancer_type_top20,TCGA-74-6577,2,0.4238736033439636,1.9747930765151978,125
cancer_type_top20,TCGA-75-6203,2,0.9885738492012024,0.07958369702100754,21
cancer_type_top20,TCGA-75-7031,2,0.4960939586162567,1.6245396137237549,279
cancer_type_top20,TCGA-76-6662,2,0.9713335037231445,0.16352102160453796,52
cancer_type_top20,TCGA-76-6663,2,0.2774432599544525,2.2865562438964844,75
cancer_type_top20,TCGA-77-8008,2,0.22422446310520172,2.3743185997009277,224
cancer_type_top20,TCGA-77-8131,2,0.5270344614982605,1.5433157682418823,91
cancer_type_top20,TCGA-77-8154,2,0.37854471802711487,1.997145175933838,266
cancer_type_top20,TCGA-77-A5GB,2,0.2678549587726593,2.181931734085083,174
cancer_type_top20,TCGA-78-7148,2,0.13938598334789276,3.004730701446533,300
cancer_type_top20,TCGA-78-7150,2,0.18786421418190002,2.807560920715332,535
cancer_type_top20,TCGA-78-7152,2,0.20327888429164886,2.5545830726623535,270
cancer_type_top20,TCGA-78-7153,2,0.6364562511444092,1.2270989418029785,165
cancer_type_top20,TCGA-78-7154,2,0.4455958604812622,1.9815386533737183,338
cancer_type_top20,TCGA-78-7156,2,0.2718048691749573,2.593459129333496,438
cancer_type_top20,TCGA-79-5596,2,0.4497368335723877,1.710813283920288,272
cancer_type_top20,TCGA-81-5910,2,0.9602765440940857,0.19628481566905975,62
cancer_type_top20,TCGA-85-6798,2,0.18905073404312134,2.356494426727295,361
cancer_type_top20,TCGA-85-8070,2,0.5267284512519836,1.6589694023132324,291
cancer_type_top20,TCGA-85-8354,2,0.5746862888336182,1.8062877655029297,284
cancer_type_top20,TCGA-85-8481,2,0.2139575034379959,2.688894033432007,403
cancer_type_top20,TCGA-85-8666,2,0.29654616117477417,1.9533796310424805,304
cancer_type_top20,TCGA-85-A50Z,2,0.12566617131233215,3.035975933074951,588
cancer_type_top20,TCGA-85-A510,2,0.36623650789260864,1.9537233114242554,194
cancer_type_top20,TCGA-86-6851,2,0.08705423027276993,3.812211036682129,1175
cancer_type_top20,TCGA-86-7714,2,0.4115495979785919,1.798717737197876,97
cancer_type_top20,TCGA-86-7955,2,0.200892373919487,2.50161075592041,392
cancer_type_top20,TCGA-86-8074,2,0.3964869976043701,1.9778691530227661,84
cancer_type_top20,TCGA-86-8075,2,0.40969234704971313,2.0719447135925293,67
cancer_type_top20,TCGA-86-8281,2,0.3115940988063812,2.5805623531341553,348
cancer_type_top20,TCGA-90-7769,2,0.031501688063144684,4.24543571472168,1331
cancer_type_top20,TCGA-90-A59Q,2,0.17473475635051727,2.718979597091675,368
cancer_type_top20,TCGA-91-6828,2,0.190798819065094,3.1007297039031982,732
cancer_type_top20,TCGA-91-6835,2,0.38589006662368774,2.4480879306793213,118
cancer_type_top20,TCGA-91-6836,2,0.08437030017375946,3.7637622356414795,670
cancer_type_top20,TCGA-91-7771,2,0.23969504237174988,2.351823329925537,259
cancer_type_top20,TCGA-91-8496,2,0.6406366229057312,1.5562121868133545,46
cancer_type_top20,TCGA-91-A4BC,2,0.13320952653884888,2.9333455562591553,576
cancer_type_top20,TCGA-91-A4BD,2,0.992853045463562,0.05965862795710564,28
cancer_type_top20,TCGA-93-A4JO,2,0.37726253271102905,1.4473793506622314,67
cancer_type_top20,TCGA-93-A4JP,2,0.6513283848762512,1.2613064050674438,85
cancer_type_top20,TCGA-94-A5I4,2,0.3741570711135864,2.3108272552490234,324
cancer_type_top20,TCGA-95-7039,2,0.03092413954436779,4.6924052238464355,1679
cancer_type_top20,TCGA-95-7947,2,0.13941535353660583,3.2434163093566895,683
cancer_type_top20,TCGA-95-8039,2,0.5040107369422913,1.2046316862106323,124
cancer_type_top20,TCGA-96-A4JK,2,0.19542935490608215,2.5716443061828613,655
cancer_type_top20,TCGA-97-7547,2,0.2727149724960327,2.2060468196868896,240
cancer_type_top20,TCGA-97-7552,2,0.3558359444141388,1.9779212474822998,57
cancer_type_top20,TCGA-97-8552,2,0.5838106274604797,1.2948853969573975,31
cancer_type_top20,TCGA-97-A4M7,2,0.13231892883777618,3.2902965545654297,402
cancer_type_top20,TCGA-98-8021,2,0.19793623685836792,3.341139793395996,1299
cancer_type_top20,TCGA-98-A53B,2,0.6324627995491028,1.028106689453125,205
cancer_type_top20,TCGA-98-A53C,2,0.26767969131469727,1.3843145370483398,4
cancer_type_top20,TCGA-99-8025,2,0.2210441529750824,3.0942234992980957,617
cancer_type_top20,TCGA-99-8032,2,0.07630643248558044,3.4263534545898438,510
cancer_type_top20,TCGA-A1-A0SD,2,0.36579182744026184,1.2735002040863037,44
cancer_type_top20,TCGA-A1-A0SE,2,0.5985458493232727,1.5912977457046509,39
cancer_type_top20,TCGA-A1-A0SG,2,0.5090147256851196,1.0244379043579102,37
cancer_type_top20,TCGA-A1-A0SO,2,0.18311339616775513,3.4484715461730957,386
cancer_type_top20,TCGA-A2-A04R,2,0.6253097653388977,1.3709057569503784,109
cancer_type_top20,TCGA-A2-A04T,2,0.3291532099246979,2.156912326812744,127
cancer_type_top20,TCGA-A2-A0CK,2,0.6179138422012329,1.4672588109970093,33
cancer_type_top20,TCGA-A2-A0CU,2,0.5538304448127747,1.2767269611358643,64
cancer_type_top20,TCGA-A2-A0CW,2,0.6150301098823547,1.069774866104126,93
cancer_type_top20,TCGA-A2-A0CZ,2,0.5051500201225281,0.797599196434021,32
cancer_type_top20,TCGA-A2-A0D3,2,0.7244793176651001,0.6619976162910461,39
cancer_type_top20,TCGA-A2-A0ET,2,0.721411943435669,1.2379686832427979,73
cancer_type_top20,TCGA-A2-A0SW,2,0.6221954822540283,0.8000659942626953,71
cancer_type_top20,TCGA-A2-A0YH,2,0.6304147243499756,1.3223910331726074,104
cancer_type_top20,TCGA-A2-A0YI,2,0.9732563495635986,0.1712111085653305,19
cancer_type_top20,TCGA-A2-A1G4,2,0.2498432993888855,2.3997201919555664,45
cancer_type_top20,TCGA-A2-A1G6,2,0.45884519815444946,1.595723032951355,11
cancer_type_top20,TCGA-A2-A259,2,0.5706508755683899,1.1467429399490356,31
cancer_type_top20,TCGA-A2-A25F,2,0.26939353346824646,1.9129462242126465,9
cancer_type_top20,TCGA-A2-A4S3,2,0.2706960141658783,2.1825997829437256,115
cancer_type_top20,TCGA-A3-3365,2,0.48784756660461426,1.7283964157104492,49
cancer_type_top20,TCGA-A3-3378,2,0.3270782232284546,2.4849302768707275,86
cancer_type_top20,TCGA-A3-3382,2,0.31803980469703674,1.8964177370071411,125
cancer_type_top20,TCGA-A3-3387,2,0.1676957756280899,2.6697747707366943,106
cancer_type_top20,TCGA-A3-A6NI,2,0.7411574721336365,1.1518349647521973,99
cancer_type_top20,TCGA-A3-A6NL,2,0.050456561148166656,4.113674640655518,1248
cancer_type_top20,TCGA-A3-A8OV,2,0.46036583185195923,1.6812947988510132,195
cancer_type_top20,TCGA-A4-7732,2,0.1777333915233612,2.92702579498291,125
cancer_type_top20,TCGA-A4-7734,2,0.3926205039024353,1.6116693019866943,64
cancer_type_top20,TCGA-A4-7997,2,0.5207929015159607,1.4470621347427368,93
cancer_type_top20,TCGA-A4-A57E,2,0.10503855347633362,3.3744330406188965,196
cancer_type_top20,TCGA-A4-A6HP,2,0.15731841325759888,2.8213250637054443,253
cancer_type_top20,TCGA-A5-A0GJ,2,0.1872229129076004,2.4769022464752197,91
cancer_type_top20,TCGA-A5-A0GP,2,0.6035040616989136,1.2945311069488525,2238
cancer_type_top20,TCGA-A5-A0GV,2,0.631781280040741,0.737472653388977,69
cancer_type_top20,TCGA-A5-A1OH,2,0.47377902269363403,1.4050347805023193,209
cancer_type_top20,TCGA-A5-A2K3,2,0.3055385649204254,2.866147041320801,2216
cancer_type_top20,TCGA-A6-3809,2,0.9232213497161865,0.5574268102645874,1831
cancer_type_top20,TCGA-A6-3810,2,0.8747332692146301,0.4762374758720398,256
cancer_type_top20,TCGA-A6-5664,2,0.7231538891792297,0.6389679312705994,82
cancer_type_top20,TCGA-A7-A0CD,2,0.4820442795753479,1.7279882431030273,38
cancer_type_top20,TCGA-A7-A13D,2,0.2753182053565979,2.588423728942871,158
cancer_type_top20,TCGA-A7-A26F,2,0.9603890180587769,0.23572975397109985,57
cancer_type_top20,TCGA-A7-A4SD,2,0.19802261888980865,2.482302665710449,146
cancer_type_top20,TCGA-A7-A4SE,2,0.15942741930484772,3.019179344177246,321
cancer_type_top20,TCGA-A7-A5ZV,2,0.19944775104522705,2.6580920219421387,280
cancer_type_top20,TCGA-A8-A075,2,0.4227951169013977,1.8292065858840942,111
cancer_type_top20,TCGA-A8-A07E,2,0.7779178023338318,0.7526462078094482,80
cancer_type_top20,TCGA-A8-A07O,2,0.3826726973056793,1.4877710342407227,58
cancer_type_top20,TCGA-A8-A07U,2,0.28731945157051086,1.9306150674819946,91
cancer_type_top20,TCGA-A8-A081,2,0.5267025828361511,1.2563438415527344,161
cancer_type_top20,TCGA-A8-A08J,2,0.7062519192695618,0.9084002375602722,50
cancer_type_top20,TCGA-A8-A08Z,2,0.5231685638427734,1.4655392169952393,47
cancer_type_top20,TCGA-A8-A091,2,0.9847964644432068,0.11183855682611465,29
cancer_type_top20,TCGA-A8-A094,2,0.5448498129844666,1.7847660779953003,254
cancer_type_top20,TCGA-A8-A09C,2,0.765525758266449,0.669452965259552,47
cancer_type_top20,TCGA-A8-A09I,2,0.324748158454895,2.2803351879119873,195
cancer_type_top20,TCGA-A8-A09Z,2,0.4524674117565155,2.380669116973877,1720
cancer_type_top20,TCGA-AA-3502,2,0.38981202244758606,1.4406455755233765,258
cancer_type_top20,TCGA-AA-3506,2,0.686962902545929,0.7525569200515747,219
cancer_type_top20,TCGA-AA-3510,2,0.3095479905605316,3.658390760421753,4614
cancer_type_top20,TCGA-AA-3511,2,0.7725621461868286,0.8437369465827942,188
cancer_type_top20,TCGA-AA-3514,2,0.10577493160963058,3.493989944458008,82
cancer_type_top20,TCGA-AA-3517,2,0.13907694816589355,2.922046661376953,42
cancer_type_top20,TCGA-AA-3521,2,0.7285954356193542,1.0842745304107666,25
cancer_type_top20,TCGA-AA-3538,2,0.46569809317588806,2.0201141834259033,24
cancer_type_top20,TCGA-AA-3667,2,0.806418776512146,0.57151198387146,108
cancer_type_top20,TCGA-AA-3679,2,0.9864221811294556,0.10284106433391571,96
cancer_type_top20,TCGA-AA-3693,2,0.48006123304367065,1.3860722780227661,215
cancer_type_top20,TCGA-AA-3697,2,0.5149345993995667,1.5359020233154297,292
cancer_type_top20,TCGA-AA-3715,2,0.7753986120223999,1.1946048736572266,3133
cancer_type_top20,TCGA-AA-3815,2,0.6948751211166382,0.8581947088241577,1370
cancer_type_top20,TCGA-AA-3818,2,0.6618683934211731,1.135602355003357,209
cancer_type_top20,TCGA-AA-3821,2,0.9316505789756775,0.4095001220703125,1267
cancer_type_top20,TCGA-AA-3854,2,0.9608107805252075,0.22743521630764008,210
cancer_type_top20,TCGA-AA-3877,2,0.9535415768623352,0.298514187335968,1725
cancer_type_top20,TCGA-AA-3952,2,0.6997047066688538,0.7760111689567566,155
cancer_type_top20,TCGA-AA-3971,2,0.9727396965026855,0.16531452536582947,125
cancer_type_top20,TCGA-AA-3979,2,0.49953755736351013,1.3478535413742065,193
cancer_type_top20,TCGA-AA-3984,2,0.28524279594421387,2.637021064758301,5000
cancer_type_top20,TCGA-AA-A01C,2,0.890379011631012,0.5005924701690674,113
cancer_type_top20,TCGA-AA-A01T,2,0.6863303780555725,0.8902965784072876,130
cancer_type_top20,TCGA-AA-A01Z,2,0.9775748252868652,0.15224382281303406,127
cancer_type_top20,TCGA-AA-A02F,2,0.4883771240711212,0.92058265209198,94
cancer_type_top20,TCGA-AA-A02W,2,0.7057273983955383,0.6609043478965759,134
cancer_type_top20,TCGA-AC-A23H,2,0.05398420989513397,5.288237571716309,5000
cancer_type_top20,TCGA-AC-A2BM,2,0.7871679663658142,0.9145486950874329,32
cancer_type_top20,TCGA-AC-A2FO,2,0.6014780402183533,0.8248211145401001,32
cancer_type_top20,TCGA-AC-A3HN,2,0.5420213341712952,1.530049443244934,23
cancer_type_top20,TCGA-AC-A3QP,2,0.7097225189208984,1.0819939374923706,38
cancer_type_top20,TCGA-AC-A5EH,2,0.4077785909175873,1.7249332666397095,214
cancer_type_top20,TCGA-AC-A62X,2,0.6723703145980835,1.482550024986267,92
cancer_type_top20,TCGA-AC-A7VB,2,0.4296249449253082,1.477954626083374,42
cancer_type_top20,TCGA-AC-A7VC,2,0.4847441017627716,1.4723620414733887,29
cancer_type_top20,TCGA-AC-A8OP,2,0.44107019901275635,1.9727587699890137,262
cancer_type_top20,TCGA-AD-6548,2,0.810282289981842,0.9645854234695435,181
cancer_type_top20,TCGA-AD-6888,2,0.7328141927719116,0.5910006165504456,155
cancer_type_top20,TCGA-AD-6895,2,0.1619313806295395,3.1244616508483887,2477
cancer_type_top20,TCGA-AD-6899,2,0.9218428730964661,0.4037015438079834,222
cancer_type_top20,TCGA-AD-6901,2,0.49659010767936707,1.1599526405334473,349
cancer_type_top20,TCGA-AJ-A3TW,2,0.3191022276878357,2.3826022148132324,193
cancer_type_top20,TCGA-AK-3443,2,0.9539334177970886,0.2513144016265869,16
cancer_type_top20,TCGA-AK-3444,2,0.5276445746421814,1.2901980876922607,127
cancer_type_top20,TCGA-AK-3465,2,0.7397387623786926,1.0054254531860352,37
cancer_type_top20,TCGA-AN-A0AM,2,0.8128744959831238,0.7828332185745239,128
cancer_type_top20,TCGA-AN-A0AS,2,0.6637434959411621,1.3200477361679077,52
cancer_type_top20,TCGA-AN-A0FF,2,0.9872114062309265,0.08398415148258209,29
cancer_type_top20,TCGA-AN-A0FW,2,0.4213084876537323,1.5931098461151123,160
cancer_type_top20,TCGA-AN-A0XL,2,0.9219582676887512,0.41216933727264404,50
cancer_type_top20,TCGA-AN-A0XU,2,0.3353763222694397,2.1846890449523926,153
cancer_type_top20,TCGA-AN-A0XV,2,0.47954797744750977,1.2263869047164917,49
cancer_type_top20,TCGA-AO-A03R,2,0.25211474299430847,2.2100625038146973,59
cancer_type_top20,TCGA-AO-A0J7,2,0.9646464586257935,0.21599505841732025,28
cancer_type_top20,TCGA-AO-A0J9,2,0.43591612577438354,1.8607609272003174,170
cancer_type_top20,TCGA-AO-A0JC,2,0.4448029696941376,1.9964841604232788,210
cancer_type_top20,TCGA-AO-A12D,2,0.47813206911087036,0.9306374192237854,74
cancer_type_top20,TCGA-AO-A12G,2,0.8502902388572693,0.6545910835266113,51
cancer_type_top20,TCGA-AO-A1KO,2,0.7067722082138062,1.0933130979537964,10
cancer_type_top20,TCGA-AO-A1KT,2,0.6487754583358765,1.2341967821121216,56
cancer_type_top20,TCGA-AP-A053,2,0.9532687664031982,0.24832318723201752,59
cancer_type_top20,TCGA-AP-A05H,2,0.7792748808860779,0.8669894933700562,87
cancer_type_top20,TCGA-AP-A0L9,2,0.6163259148597717,1.3514184951782227,98
cancer_type_top20,TCGA-AP-A0LG,2,0.36817651987075806,1.7576191425323486,639
cancer_type_top20,TCGA-AP-A0LH,2,0.9114179611206055,0.44770899415016174,44
cancer_type_top20,TCGA-AP-A0LM,2,0.15806888043880463,4.400151252746582,5000
cancer_type_top20,TCGA-AP-A0LT,2,0.5631241202354431,1.0363377332687378,1004
cancer_type_top20,TCGA-AQ-A0Y5,2,0.5007667541503906,0.9613713622093201,74
cancer_type_top20,TCGA-AR-A0TP,2,0.311286985874176,2.187262773513794,83
cancer_type_top20,TCGA-AR-A0TQ,2,0.9886923432350159,0.08578243106603622,52
cancer_type_top20,TCGA-AR-A0TU,2,0.40569761395454407,1.6767754554748535,98
cancer_type_top20,TCGA-AR-A0TV,2,0.6733402013778687,1.2891696691513062,83
cancer_type_top20,TCGA-AR-A0U1,2,0.33327552676200867,2.4441258907318115,112
cancer_type_top20,TCGA-AR-A0U2,2,0.4702511727809906,1.2959113121032715,61
cancer_type_top20,TCGA-AR-A0U3,2,0.6041139960289001,1.1997095346450806,44
cancer_type_top20,TCGA-AR-A1AL,2,0.8261688947677612,0.7450916767120361,36
cancer_type_top20,TCGA-AR-A1AN,2,0.5343309044837952,1.5276850461959839,35
cancer_type_top20,TCGA-AR-A1AO,2,0.829407274723053,0.7032015323638916,126
cancer_type_top20,TCGA-AR-A1AQ,2,0.6529309749603271,1.2917851209640503,52
cancer_type_top20,TCGA-AR-A24K,2,0.625765860080719,1.3232613801956177,38
cancer_type_top20,TCGA-AR-A24S,2,0.6535668969154358,1.2535667419433594,62
cancer_type_top20,TCGA-AR-A250,2,0.6068103909492493,1.4722932577133179,165
cancer_type_top20,TCGA-AR-A252,2,0.23511271178722382,2.215285062789917,19
cancer_type_top20,TCGA-AR-A5QQ,2,0.6161429286003113,1.3764421939849854,106
cancer_type_top20,TCGA-AU-3779,2,0.664079487323761,0.7571445107460022,143
cancer_type_top20,TCGA-AX-A05S,2,0.7974500060081482,0.9493216276168823,781
cancer_type_top20,TCGA-AX-A05U,2,0.5728878378868103,0.6939801573753357,39
cancer_type_top20,TCGA-AX-A063,2,0.5288015007972717,1.669593095779419,1504
cancer_type_top20,TCGA-AX-A06H,2,0.4189203679561615,1.2242052555084229,635
cancer_type_top20,TCGA-AX-A0IW,2,0.233428955078125,2.2369589805603027,77
cancer_type_top20,TCGA-AX-A0J0,2,0.3879253566265106,2.4824459552764893,5000
cancer_type_top20,TCGA-AX-A1C4,2,0.38479334115982056,2.280911922454834,1766
cancer_type_top20,TCGA-AX-A1CA,2,0.22422417998313904,2.6053316593170166,168
cancer_type_top20,TCGA-AX-A1CR,2,0.7804504036903381,0.9295408129692078,79
cancer_type_top20,TCGA-AX-A2H7,2,0.28454673290252686,2.2272942066192627,287
cancer_type_top20,TCGA-AX-A2H8,2,0.48329511284828186,1.3280459642410278,79
cancer_type_top20,TCGA-AX-A2HC,2,0.1972055286169052,3.7287089824676514,5000
cancer_type_top20,TCGA-AX-A2HF,2,0.616503119468689,0.9027647972106934,33
cancer_type_top20,TCGA-AX-A2HH,2,0.7855306267738342,0.5777978897094727,74
cancer_type_top20,TCGA-AX-A2HJ,2,0.29272907972335815,2.421013355255127,3080
cancer_type_top20,TCGA-AX-A2IN,2,0.5741483569145203,1.3890453577041626,1002
cancer_type_top20,TCGA-AX-A3FT,2,0.648708701133728,1.9384005069732666,2349
cancer_type_top20,TCGA-AX-A3G7,2,0.5907546877861023,1.2692437171936035,48
cancer_type_top20,TCGA-AY-6197,2,0.2665051519870758,2.1475088596343994,1645
cancer_type_top20,TCGA-AY-6386,2,0.5638225078582764,0.8693364858627319,159
cancer_type_top20,TCGA-AY-A54L,2,0.5420675873756409,0.9876828193664551,214
cancer_type_top20,TCGA-AZ-4315,2,0.22853386402130127,2.843329668045044,5000
cancer_type_top20,TCGA-AZ-4323,2,0.24863360822200775,2.0129613876342773,81
cancer_type_top20,TCGA-AZ-5407,2,0.504683792591095,0.7149616479873657,135
cancer_type_top20,TCGA-AZ-6600,2,0.4126478433609009,1.5069324970245361,190
cancer_type_top20,TCGA-AZ-6608,2,0.5008782148361206,1.5458950996398926,233
cancer_type_top20,TCGA-B0-5099,2,0.7606552839279175,0.9882232546806335,95
cancer_type_top20,TCGA-B0-5100,2,0.41850584745407104,1.898507833480835,38
cancer_type_top20,TCGA-B0-5102,2,0.5266944169998169,1.0783119201660156,56
cancer_type_top20,TCGA-B0-5695,2,0.7107585668563843,1.2339099645614624,87
cancer_type_top20,TCGA-B0-5701,2,0.5938239693641663,1.5138616561889648,135
cancer_type_top20,TCGA-B0-5702,2,0.6411390900611877,1.4157980680465698,82
cancer_type_top20,TCGA-B0-5705,2,0.6674325466156006,1.1353864669799805,100
cancer_type_top20,TCGA-B0-5707,2,0.801702082157135,1.0437532663345337,47
cancer_type_top20,TCGA-B0-5710,2,0.4912150800228119,1.5095881223678589,53
cancer_type_top20,TCGA-B0-5713,2,0.2112836390733719,2.4861207008361816,134
cancer_type_top20,TCGA-B1-5398,2,0.4275202751159668,2.22481107711792,138
cancer_type_top20,TCGA-B1-A47M,2,0.21817117929458618,2.4183766841888428,253
cancer_type_top20,TCGA-B2-5633,2,0.32799339294433594,1.8633896112442017,141
cancer_type_top20,TCGA-B2-A4SR,2,0.14763709902763367,2.711137533187866,129
cancer_type_top20,TCGA-B3-3926,2,0.8163226842880249,0.8023411631584167,16
cancer_type_top20,TCGA-B3-4104,2,0.18199633061885834,2.040548801422119,214
cancer_type_top20,TCGA-B4-5377,2,0.4525718092918396,1.820731282234192,74
cancer_type_top20,TCGA-B4-5834,2,0.8468520641326904,0.7175498008728027,44
cancer_type_top20,TCGA-B4-5835,2,0.8392941951751709,0.5332562327384949,87
cancer_type_top20,TCGA-B4-5843,2,0.36755281686782837,1.4532077312469482,57
cancer_type_top20,TCGA-B5-A0JN,2,0.22703473269939423,2.3295648097991943,203
cancer_type_top20,TCGA-B5-A0K0,2,0.7104583382606506,0.8463051915168762,25
cancer_type_top20,TCGA-B5-A0K1,2,0.3701728880405426,1.7116849422454834,72
cancer_type_top20,TCGA-B5-A0K7,2,0.611188530921936,1.0058029890060425,71
cancer_type_top20,TCGA-B5-A0KB,2,0.4295787215232849,1.4208593368530273,63
cancer_type_top20,TCGA-B5-A11J,2,0.3548508882522583,1.5230199098587036,677
cancer_type_top20,TCGA-B5-A11O,2,0.49428850412368774,1.3444888591766357,142
cancer_type_top20,TCGA-B5-A11U,2,0.4207735061645508,1.8760876655578613,573
cancer_type_top20,TCGA-B5-A11V,2,0.5597485899925232,0.7126291394233704,79
cancer_type_top20,TCGA-B5-A1MV,2,0.8602126240730286,0.44895368814468384,107
cancer_type_top20,TCGA-B5-A1MY,2,0.2555522918701172,2.239205837249756,66
cancer_type_top20,TCGA-B5-A1MZ,2,0.8391191959381104,0.6159681677818298,83
cancer_type_top20,TCGA-B5-A1N2,2,0.3786468207836151,2.019876003265381,206
cancer_type_top20,TCGA-B5-A3F9,2,0.9705867171287537,0.1803283542394638,111
cancer_type_top20,TCGA-B5-A3FH,2,0.9756632447242737,0.1339014321565628,68
cancer_type_top20,TCGA-B6-A0IK,2,0.8539913296699524,0.7599513530731201,207
cancer_type_top20,TCGA-B6-A0IM,2,0.5843695402145386,1.3966634273529053,46
cancer_type_top20,TCGA-B6-A0IP,2,0.4463511109352112,1.1886447668075562,59
cancer_type_top20,TCGA-B6-A0RG,2,0.34273990988731384,1.7957264184951782,94
cancer_type_top20,TCGA-B6-A0X0,2,0.692775547504425,0.6822762489318848,28
cancer_type_top20,TCGA-B6-A1KC,2,0.8862273097038269,0.5636175870895386,40
cancer_type_top20,TCGA-B6-A40C,2,0.6919835805892944,1.181882619857788,57
cancer_type_top20,TCGA-B7-5816,2,0.11396802216768265,4.063577651977539,1713
cancer_type_top20,TCGA-B7-5818,2,0.16056498885154724,2.9359183311462402,512
cancer_type_top20,TCGA-B7-A5TJ,2,0.17627233266830444,3.583115339279175,335
cancer_type_top20,TCGA-B7-A5TN,2,0.9094427227973938,0.5181376338005066,108
cancer_type_top20,TCGA-B8-4146,2,0.44874995946884155,1.7277346849441528,51
cancer_type_top20,TCGA-B8-4619,2,0.4664176106452942,1.0674729347229004,49
cancer_type_top20,TCGA-B8-5162,2,0.7028651833534241,1.1224020719528198,88
cancer_type_top20,TCGA-B8-5163,2,0.5853621959686279,1.5929572582244873,93
cancer_type_top20,TCGA-B8-5165,2,0.9952253103256226,0.03543287515640259,27
cancer_type_top20,TCGA-B8-A54D,2,0.1833520531654358,2.729445219039917,85
cancer_type_top20,TCGA-BA-5149,2,0.5075680613517761,1.9166799783706665,152
cancer_type_top20,TCGA-BA-5557,2,0.3521628677845001,1.8809102773666382,58
cancer_type_top20,TCGA-BA-A6DF,2,0.529545783996582,1.5075948238372803,196
cancer_type_top20,TCGA-BB-4225,2,0.6842561364173889,1.1343334913253784,92
cancer_type_top20,TCGA-BC-A10R,2,0.826777458190918,0.8703635931015015,144
cancer_type_top20,TCGA-BC-A69H,2,0.4141446650028229,2.029423236846924,164
cancer_type_top20,TCGA-BD-A3ER,2,0.6221158504486084,1.1680538654327393,81
cancer_type_top20,TCGA-BF-A1PU,2,0.15922732651233673,4.791104793548584,2026
cancer_type_top20,TCGA-BF-A1PX,2,0.2843504548072815,3.581157922744751,1074
cancer_type_top20,TCGA-BF-AAOX,2,0.24798838794231415,3.057359457015991,1740
cancer_type_top20,TCGA-BF-AAP0,2,0.9847614765167236,0.12624850869178772,648
cancer_type_top20,TCGA-BF-AAP8,2,0.9086410999298096,0.41250815987586975,16
cancer_type_top20,TCGA-BG-A0M3,2,0.5765953063964844,0.740992546081543,82
cancer_type_top20,TCGA-BG-A0M6,2,0.8242925405502319,0.8622894883155823,57
cancer_type_top20,TCGA-BG-A0MA,2,0.529282808303833,1.242324709892273,68
cancer_type_top20,TCGA-BG-A0MI,2,0.6150038242340088,0.8489388227462769,78
cancer_type_top20,TCGA-BG-A0MO,2,0.5929508805274963,1.7081598043441772,64
cancer_type_top20,TCGA-BG-A0MU,2,0.9523450136184692,0.22561606764793396,90
cancer_type_top20,TCGA-BG-A0YV,2,0.5148402452468872,1.1790865659713745,106
cancer_type_top20,TCGA-BG-A187,2,0.6687675714492798,0.902567982673645,117
cancer_type_top20,TCGA-BG-A18A,2,0.3798796832561493,1.7073230743408203,87
cancer_type_top20,TCGA-BG-A221,2,0.2669631242752075,2.8689827919006348,2115
cancer_type_top20,TCGA-BG-A222,2,0.6098354458808899,2.081883668899536,5000
cancer_type_top20,TCGA-BG-A3EW,2,0.47524064779281616,1.0824134349822998,930
cancer_type_top20,TCGA-BH-A0AY,2,0.4071081578731537,1.4784584045410156,162
cancer_type_top20,TCGA-BH-A0B8,2,0.43565648794174194,2.0706229209899902,195
cancer_type_top20,TCGA-BH-A0B9,2,0.8970752358436584,0.5433171987533569,46
cancer_type_top20,TCGA-BH-A0BA,2,0.44961386919021606,1.1821250915527344,110
cancer_type_top20,TCGA-BH-A0BC,2,0.42031344771385193,1.324357271194458,92
cancer_type_top20,TCGA-BH-A0C3,2,0.8606540560722351,0.5542780756950378,20
cancer_type_top20,TCGA-BH-A0C7,2,0.5650689005851746,0.8960906267166138,66
cancer_type_top20,TCGA-BH-A0DG,2,0.9820889830589294,0.11585560441017151,48
cancer_type_top20,TCGA-BH-A0DO,2,0.9248601794242859,0.3847442865371704,35
cancer_type_top20,TCGA-BH-A0DQ,2,0.17126913368701935,2.6914021968841553,77
cancer_type_top20,TCGA-BH-A0E0,2,0.4756501615047455,1.4162967205047607,93
cancer_type_top20,TCGA-BH-A0H5,2,0.403849720954895,1.5228300094604492,334
cancer_type_top20,TCGA-BH-A0H9,2,0.3832850158214569,1.3314417600631714,108
cancer_type_top20,TCGA-BH-A0HI,2,0.7638713717460632,0.9218288660049438,39
cancer_type_top20,TCGA-BH-A0HK,2,0.1641366332769394,2.6898460388183594,289
cancer_type_top20,TCGA-BH-A0HW,2,0.9926559329032898,0.049754638224840164,46
cancer_type_top20,TCGA-BH-A0HY,2,0.42305490374565125,1.27550208568573,89
cancer_type_top20,TCGA-BH-A18H,2,0.38474878668785095,1.57357919216156,59
cancer_type_top20,TCGA-BH-A1ET,2,0.9222399592399597,0.3932729661464691,38
cancer_type_top20,TCGA-BH-A1EU,2,0.8951436281204224,0.48130279779434204,38
cancer_type_top20,TCGA-BH-A1F8,2,0.7804450988769531,0.9765977263450623,197
cancer_type_top20,TCGA-BH-A1FE,2,0.87740159034729,0.43457648158073425,29
cancer_type_top20,TCGA-BH-A1FJ,2,0.5994195342063904,1.198166847229004,48
cancer_type_top20,TCGA-BH-A1FM,2,0.8870111107826233,0.5007085204124451,68
cancer_type_top20,TCGA-BH-A1FU,2,0.8517203330993652,0.7122265696525574,119
cancer_type_top20,TCGA-BH-A6R8,2,0.7011392116546631,0.675390899181366,44
cancer_type_top20,TCGA-BH-A6R9,2,0.3223057985305786,1.7743282318115234,32
cancer_type_top20,TCGA-BH-A8FZ,2,0.5252284407615662,1.836845874786377,101
cancer_type_top20,TCGA-BJ-A0Z2,2,0.37400105595588684,1.9268488883972168,26
cancer_type_top20,TCGA-BJ-A0ZB,2,0.9918656945228577,0.0677395835518837,51
cancer_type_top20,TCGA-BJ-A192,2,0.4937901496887207,1.9302773475646973,15
cancer_type_top20,TCGA-BJ-A28V,2,0.45976653695106506,1.738566517829895,30
cancer_type_top20,TCGA-BJ-A2N7,2,0.19496306777000427,2.198456048965454,12
cancer_type_top20,TCGA-BJ-A2NA,2,0.3899140954017639,1.5593671798706055,108
cancer_type_top20,TCGA-BJ-A45G,2,0.1291627436876297,2.8861043453216553,30
cancer_type_top20,TCGA-BJ-A45I,2,0.4160601496696472,1.454999566078186,29
cancer_type_top20,TCGA-BJ-A4O9,2,0.49919191002845764,0.7079543471336365,56
cancer_type_top20,TCGA-BK-A0CB,2,0.7370941042900085,0.7500079274177551,82
cancer_type_top20,TCGA-BK-A6W3,2,0.21579799056053162,2.8425698280334473,5000
cancer_type_top20,TCGA-BL-A3JM,2,0.20617491006851196,2.6179511547088623,281
cancer_type_top20,TCGA-BP-4770,2,0.6291891932487488,1.29533851146698,75
cancer_type_top20,TCGA-BP-4801,2,0.46584463119506836,1.7571043968200684,74
cancer_type_top20,TCGA-BP-4961,2,0.6024565100669861,1.5045011043548584,54
cancer_type_top20,TCGA-BP-4967,2,0.45857328176498413,1.095690369606018,87
cancer_type_top20,TCGA-BP-4974,2,0.20840564370155334,2.2541956901550293,47
cancer_type_top20,TCGA-BP-4975,2,0.6768488883972168,1.0830104351043701,25
cancer_type_top20,TCGA-BP-4976,2,0.9102794528007507,0.5276322960853577,119
cancer_type_top20,TCGA-BP-4982,2,0.41233453154563904,1.5992026329040527,52
cancer_type_top20,TCGA-BP-5006,2,0.4116239845752716,1.689759373664856,52
cancer_type_top20,TCGA-BP-5007,2,0.8063034415245056,0.7058546543121338,39
cancer_type_top20,TCGA-BP-5008,2,0.30957287549972534,2.1829965114593506,54
cancer_type_top20,TCGA-BP-5169,2,0.41436702013015747,1.490363359451294,72
cancer_type_top20,TCGA-BP-5176,2,0.30124667286872864,1.9837175607681274,152
cancer_type_top20,TCGA-BP-5184,2,0.8360380530357361,0.5668935775756836,41
cancer_type_top20,TCGA-BP-5186,2,0.8386317491531372,0.5375360250473022,46
cancer_type_top20,TCGA-BP-5189,2,0.29838475584983826,1.8615942001342773,64
cancer_type_top20,TCGA-BP-5192,2,0.8547824025154114,0.7226373553276062,69
cancer_type_top20,TCGA-BP-5198,2,0.6257559657096863,1.2906298637390137,94
cancer_type_top20,TCGA-BP-5200,2,0.404885858297348,1.9406150579452515,52
cancer_type_top20,TCGA-BQ-5875,2,0.5809857249259949,1.1729103326797485,92
cancer_type_top20,TCGA-BQ-5879,2,0.5451220870018005,1.3170889616012573,31
cancer_type_top20,TCGA-BQ-5881,2,0.22066599130630493,1.8840376138687134,44
cancer_type_top20,TCGA-BQ-5894,2,0.5575641393661499,1.396126389503479,33
cancer_type_top20,TCGA-BQ-7046,2,0.18559999763965607,2.6539559364318848,122
cancer_type_top20,TCGA-BR-4184,2,0.30511146783828735,1.9389116764068604,4648
cancer_type_top20,TCGA-BR-4191,2,0.19895564019680023,2.4043734073638916,278
cancer_type_top20,TCGA-BR-4267,2,0.5537516474723816,1.2643481492996216,110
cancer_type_top20,TCGA-BR-4292,2,0.41737788915634155,2.837001323699951,1941
cancer_type_top20,TCGA-BR-6453,2,0.11443385481834412,3.616565227508545,229
cancer_type_top20,TCGA-BR-6565,2,0.5030950903892517,1.6648640632629395,177
cancer_type_top20,TCGA-BR-6706,2,0.08426498621702194,4.281540870666504,509
cancer_type_top20,TCGA-BR-6709,2,0.40793120861053467,1.5957551002502441,109
cancer_type_top20,TCGA-BR-7703,2,0.3251692056655884,1.7229528427124023,1863
cancer_type_top20,TCGA-BR-7707,2,0.6787211894989014,1.781802773475647,1797
cancer_type_top20,TCGA-BR-7717,2,0.07503192871809006,3.5508971214294434,370
cancer_type_top20,TCGA-BR-8058,2,0.8183735013008118,0.7949473857879639,63
cancer_type_top20,TCGA-BR-8284,2,0.7035741209983826,1.37385892868042,434
cancer_type_top20,TCGA-BR-8363,2,0.4515657126903534,2.9721102714538574,1637
cancer_type_top20,TCGA-BR-8366,2,0.3581371009349823,2.826582431793213,215
cancer_type_top20,TCGA-BR-8370,2,0.6046279668807983,1.5122880935668945,149
cancer_type_top20,TCGA-BR-8373,2,0.38010892271995544,2.0934135913848877,123
cancer_type_top20,TCGA-BR-8380,2,0.46312612295150757,1.440043330192566,95
cancer_type_top20,TCGA-BR-8382,2,0.29363301396369934,2.725729465484619,1235
cancer_type_top20,TCGA-BR-8484,2,0.29212257266044617,1.9651057720184326,101
cancer_type_top20,TCGA-BR-8487,2,0.29451847076416016,2.3867666721343994,3910
cancer_type_top20,TCGA-BR-8677,2,0.35334518551826477,1.9671622514724731,86
cancer_type_top20,TCGA-BR-8687,2,0.3740435540676117,3.1209349632263184,238
cancer_type_top20,TCGA-BR-A4CQ,2,0.3593275845050812,2.204374313354492,232
cancer_type_top20,TCGA-BR-A4PD,2,0.09449897706508636,3.6486623287200928,201
cancer_type_top20,TCGA-BR-A4PF,2,0.38166940212249756,2.066009521484375,130
cancer_type_top20,TCGA-BR-A4QI,2,0.3884439766407013,2.1057939529418945,159
cancer_type_top20,TCGA-BS-A0TC,2,0.6587863564491272,1.0410761833190918,1894
cancer_type_top20,TCGA-BS-A0U8,2,0.5314628481864929,1.3400623798370361,671
cancer_type_top20,TCGA-BS-A0UT,2,0.9596415758132935,0.1911367028951645,48
cancer_type_top20,TCGA-BS-A0WQ,2,0.9284676909446716,0.3433399200439453,67
cancer_type_top20,TCGA-BT-A0S7,2,0.5083133578300476,1.9185858964920044,57
cancer_type_top20,TCGA-BT-A42E,2,0.14874961972236633,2.773374557495117,234
cancer_type_top20,TCGA-BT-A42F,2,0.21137762069702148,2.655801773071289,226
cancer_type_top20,TCGA-C4-A0F7,2,0.30081894993782043,1.525465488433838,111
cancer_type_top20,TCGA-C5-A0TN,2,0.7736257910728455,1.0889828205108643,32
cancer_type_top20,TCGA-C5-A1MI,2,0.3238263726234436,1.732680320739746,78
cancer_type_top20,TCGA-C5-A2M2,2,0.6774004697799683,1.1643863916397095,91
cancer_type_top20,TCGA-C5-A7CJ,2,0.3581031262874603,1.3792469501495361,115
cancer_type_top20,TCGA-C5-A7UC,2,0.4559262692928314,1.7348756790161133,102
cancer_type_top20,TCGA-C5-A7X8,2,0.8023030161857605,0.8678838014602661,115
cancer_type_top20,TCGA-C5-A8XH,2,0.461934894323349,2.256593704223633,426
cancer_type_top20,TCGA-C5-A8YT,2,0.5918444395065308,1.3114681243896484,8
cancer_type_top20,TCGA-C5-A8ZZ,2,0.8625560402870178,0.7102893590927124,149
cancer_type_top20,TCGA-C5-A902,2,0.3670124113559723,2.8035459518432617,495
cancer_type_top20,TCGA-C5-A905,2,0.4519233703613281,1.6535356044769287,135
cancer_type_top20,TCGA-C5-A907,2,0.7407205104827881,0.8520789742469788,81
cancer_type_top20,TCGA-C8-A12M,2,0.5933007597923279,0.757689356803894,89
cancer_type_top20,TCGA-C8-A134,2,0.6048721671104431,1.4830620288848877,124
cancer_type_top20,TCGA-C8-A138,2,0.34042590856552124,2.092822313308716,59
cancer_type_top20,TCGA-C8-A273,2,0.979574978351593,0.13050168752670288,28
cancer_type_top20,TCGA-C8-A3M8,2,0.5812429189682007,1.4655402898788452,68
cancer_type_top20,TCGA-C8-A9FZ,2,0.9467375874519348,0.32315191626548767,32
cancer_type_top20,TCGA-C9-A47Z,2,0.5553650856018066,1.7797033786773682,140
cancer_type_top20,TCGA-C9-A480,2,0.8513683080673218,0.5302549004554749,67
cancer_type_top20,TCGA-CA-5796,2,0.2910500168800354,2.1546833515167236,100
cancer_type_top20,TCGA-CA-5797,2,0.8260636329650879,0.6949582695960999,98
cancer_type_top20,TCGA-CA-6715,2,0.9783210158348083,0.14451807737350464,136
cancer_type_top20,TCGA-CC-A3MA,2,0.4313158094882965,1.396674633026123,67
cancer_type_top20,TCGA-CC-A5UD,2,0.09898122400045395,3.6382253170013428,280
cancer_type_top20,TCGA-CC-A7IH,2,0.09619729965925217,4.555320739746094,1103
cancer_type_top20,TCGA-CC-A7IJ,2,0.41411080956459045,2.175560235977173,210
cancer_type_top20,TCGA-CC-A9FS,2,0.5108388662338257,1.0290215015411377,155
cancer_type_top20,TCGA-CC-A9FW,2,0.32609233260154724,2.20904278755188,214
cancer_type_top20,TCGA-CD-5799,2,0.4109019935131073,1.8366962671279907,58
cancer_type_top20,TCGA-CD-5813,2,0.7731435894966125,1.1706515550613403,233
cancer_type_top20,TCGA-CD-8531,2,0.47880008816719055,1.3420250415802002,344
cancer_type_top20,TCGA-CD-A489,2,0.408111035823822,2.1794371604919434,98
cancer_type_top20,TCGA-CD-A4MI,2,0.2106555700302124,3.226677894592285,1318
cancer_type_top20,TCGA-CE-A3MD,2,0.31069397926330566,1.8515312671661377,12
cancer_type_top20,TCGA-CE-A484,2,0.28966209292411804,2.2566075325012207,22
cancer_type_top20,TCGA-CF-A47S,2,0.5552432537078857,1.2930740118026733,35
cancer_type_top20,TCGA-CF-A7I0,2,0.6657251119613647,1.3198764324188232,70
cancer_type_top20,TCGA-CF-A9FF,2,0.29005786776542664,2.101865530014038,191
cancer_type_top20,TCGA-CF-A9FH,2,0.4660536050796509,1.7917368412017822,47
cancer_type_top20,TCGA-CF-A9FL,2,0.9221733212471008,0.3946193754673004,80
cancer_type_top20,TCGA-CG-4300,2,0.1772303581237793,2.739128351211548,171
cancer_type_top20,TCGA-CG-4305,2,0.5489130020141602,1.8612309694290161,1607
cancer_type_top20,TCGA-CG-4438,2,0.20863988995552063,2.5625572204589844,177
cancer_type_top20,TCGA-CG-4440,2,0.723605751991272,1.2603647708892822,162
cancer_type_top20,TCGA-CG-4466,2,0.39674413204193115,2.649585247039795,264
cancer_type_top20,TCGA-CG-4477,2,0.28048136830329895,2.5881803035736084,169
cancer_type_top20,TCGA-CG-5716,2,0.4226677417755127,2.1991519927978516,24
cancer_type_top20,TCGA-CG-5719,2,0.5806352496147156,1.5377880334854126,93
cancer_type_top20,TCGA-CG-5726,2,0.21095243096351624,2.5861172676086426,1881
cancer_type_top20,TCGA-CG-5727,2,0.7593187689781189,0.9720954298973083,208
cancer_type_top20,TCGA-CG-5734,2,0.2195310741662979,2.346543073654175,115
cancer_type_top20,TCGA-CH-5737,2,0.953676700592041,0.28624725341796875,71
cancer_type_top20,TCGA-CH-5739,2,0.4501347541809082,1.7751634120941162,51
cancer_type_top20,TCGA-CH-5744,2,0.6755090951919556,1.1618742942810059,38
cancer_type_top20,TCGA-CH-5753,2,0.13413511216640472,2.8339264392852783,58
cancer_type_top20,TCGA-CH-5761,2,0.5965579748153687,1.5774027109146118,68
cancer_type_top20,TCGA-CH-5772,2,0.6589015126228333,1.2690831422805786,74
cancer_type_top20,TCGA-CH-5788,2,0.4183819890022278,2.029691696166992,53
cancer_type_top20,TCGA-CH-5794,2,0.5148868560791016,1.1463937759399414,41
cancer_type_top20,TCGA-CJ-4639,2,0.5902402400970459,1.7087430953979492,78
cancer_type_top20,TCGA-CJ-4641,2,0.3734593391418457,1.6822469234466553,71
cancer_type_top20,TCGA-CJ-4882,2,0.492276132106781,1.7728432416915894,101
cancer_type_top20,TCGA-CJ-4903,2,0.9528589248657227,0.2908206284046173,58
cancer_type_top20,TCGA-CJ-4904,2,0.3271249234676361,2.2791805267333984,67
cancer_type_top20,TCGA-CJ-4907,2,0.596432089805603,0.881617546081543,91
cancer_type_top20,TCGA-CK-4950,2,0.5703595876693726,1.3418633937835693,238
cancer_type_top20,TCGA-CK-5912,2,0.9911392331123352,0.07199510186910629,95
cancer_type_top20,TCGA-CK-5914,2,0.9302191734313965,0.3233943283557892,199
cancer_type_top20,TCGA-CK-6746,2,0.8929283618927002,0.721207320690155,1836
cancer_type_top20,TCGA-CM-5344,2,0.9792759418487549,0.15094861388206482,108
cancer_type_top20,TCGA-CM-5862,2,0.43260979652404785,2.0543196201324463,140
cancer_type_top20,TCGA-CM-6162,2,0.7551488876342773,0.9364029169082642,1564
cancer_type_top20,TCGA-CM-6163,2,0.7546932101249695,0.7917109727859497,144
cancer_type_top20,TCGA-CM-6172,2,0.7458387017250061,0.6770052313804626,148
cancer_type_top20,TCGA-CM-6675,2,0.7134281992912292,1.2898013591766357,136
cancer_type_top20,TCGA-CM-6676,2,0.6825743913650513,0.6833720207214355,150
cancer_type_top20,TCGA-CN-4728,2,0.25833001732826233,2.2468485832214355,166
cancer_type_top20,TCGA-CN-4733,2,0.47592243552207947,1.2846451997756958,34
cancer_type_top20,TCGA-CN-4740,2,0.31565678119659424,1.6977649927139282,184
cancer_type_top20,TCGA-CN-5359,2,0.3647932708263397,1.8518037796020508,197
cancer_type_top20,TCGA-CN-5360,2,0.11550994962453842,3.2127718925476074,661
cancer_type_top20,TCGA-CN-5361,2,0.34191349148750305,1.5631824731826782,152
cancer_type_top20,TCGA-CN-5363,2,0.49641698598861694,1.512933611869812,247
cancer_type_top20,TCGA-CN-5370,2,0.21583391726016998,2.339761734008789,136
cancer_type_top20,TCGA-CN-6011,2,0.13030456006526947,3.241896390914917,468
cancer_type_top20,TCGA-CN-6022,2,0.7824795842170715,0.8783133029937744,96
cancer_type_top20,TCGA-CN-6996,2,0.46719804406166077,1.0946228504180908,70
cancer_type_top20,TCGA-CN-6997,2,0.12419413030147552,3.1170263290405273,280
cancer_type_top20,TCGA-CN-A498,2,0.281756728887558,1.810010552406311,159
cancer_type_top20,TCGA-CN-A642,2,0.5513219833374023,1.6672412157058716,99
cancer_type_top20,TCGA-CN-A6V1,2,0.34650540351867676,2.5822572708129883,371
cancer_type_top20,TCGA-CQ-5324,2,0.8678706884384155,0.7049157619476318,83
cancer_type_top20,TCGA-CQ-5325,2,0.28664159774780273,2.1709489822387695,71
cancer_type_top20,TCGA-CQ-5327,2,0.23276901245117188,2.5445804595947266,303
cancer_type_top20,TCGA-CQ-5329,2,0.41046446561813354,1.7113072872161865,37
cancer_type_top20,TCGA-CQ-5330,2,0.6285894513130188,1.5004444122314453,82
cancer_type_top20,TCGA-CQ-5331,2,0.5568150877952576,1.2306363582611084,190
cancer_type_top20,TCGA-CQ-6220,2,0.4855710566043854,1.5889530181884766,142
cancer_type_top20,TCGA-CQ-7065,2,0.4150802791118622,1.321008563041687,47
cancer_type_top20,TCGA-CQ-7072,2,0.45826810598373413,1.82452392578125,151
cancer_type_top20,TCGA-CQ-A4C6,2,0.34540680050849915,2.322657585144043,141
cancer_type_top20,TCGA-CR-6477,2,0.4646952450275421,1.624703049659729,110
cancer_type_top20,TCGA-CR-6478,2,0.791675865650177,0.98504239320755,161
cancer_type_top20,TCGA-CR-6481,2,0.13222894072532654,3.3552443981170654,631
cancer_type_top20,TCGA-CR-6492,2,0.30658480525016785,2.0574541091918945,74
cancer_type_top20,TCGA-CR-7382,2,0.4002314507961273,1.5878986120224,103
cancer_type_top20,TCGA-CR-7385,2,0.1389542520046234,2.734304666519165,177
cancer_type_top20,TCGA-CR-7386,2,0.1464666724205017,2.7872111797332764,245
cancer_type_top20,TCGA-CR-7390,2,0.18685339391231537,2.4330525398254395,236
cancer_type_top20,TCGA-CR-7398,2,0.07253588736057281,3.183467388153076,514
cancer_type_top20,TCGA-CR-7402,2,0.05942612141370773,3.948456048965454,1305
cancer_type_top20,TCGA-CS-4942,2,0.09223441034555435,2.8519890308380127,38
cancer_type_top20,TCGA-CS-5396,2,0.2898496091365814,2.169637680053711,40
cancer_type_top20,TCGA-CV-5432,2,0.12146472930908203,2.8725240230560303,721
cancer_type_top20,TCGA-CV-5434,2,0.11799135059118271,3.245900869369507,341
cancer_type_top20,TCGA-CV-5435,2,0.20744076371192932,2.3709475994110107,302
cancer_type_top20,TCGA-CV-5440,2,0.18414488434791565,2.5779430866241455,164
cancer_type_top20,TCGA-CV-5442,2,0.14012427628040314,2.7464451789855957,330
cancer_type_top20,TCGA-CV-5444,2,0.3607977628707886,2.236389636993408,184
cancer_type_top20,TCGA-CV-6433,2,0.6404236555099487,1.3981966972351074,65
cancer_type_top20,TCGA-CV-6441,2,0.14447066187858582,2.802711009979248,312
cancer_type_top20,TCGA-CV-6933,2,0.22291108965873718,3.051173210144043,409
cancer_type_top20,TCGA-CV-6934,2,0.2513061761856079,2.4797987937927246,236
cancer_type_top20,TCGA-CV-6939,2,0.23320338129997253,2.6053659915924072,105
cancer_type_top20,TCGA-CV-6943,2,0.06949230283498764,3.194636106491089,198
cancer_type_top20,TCGA-CV-6954,2,0.19214963912963867,2.6594974994659424,349
cancer_type_top20,TCGA-CV-6961,2,0.03672631084918976,4.624812126159668,1515
cancer_type_top20,TCGA-CV-7090,2,0.12029637396335602,2.8918519020080566,119
cancer_type_top20,TCGA-CV-7091,2,0.10991649329662323,3.219022750854492,423
cancer_type_top20,TCGA-CV-7097,2,0.2640428841114044,2.076550245285034,302
cancer_type_top20,TCGA-CV-7102,2,0.12932725250720978,2.826296329498291,248
cancer_type_top20,TCGA-CV-7103,2,0.17743425071239471,2.5349841117858887,211
cancer_type_top20,TCGA-CV-7180,2,0.62006014585495,0.9545590281486511,73
cancer_type_top20,TCGA-CV-7183,2,0.31840500235557556,2.0037221908569336,158
cancer_type_top20,TCGA-CV-7248,2,0.08759040385484695,3.242985963821411,761
cancer_type_top20,TCGA-CV-7263,2,0.332294762134552,1.7016324996948242,342
cancer_type_top20,TCGA-CV-7422,2,0.20868775248527527,2.3594112396240234,179
cancer_type_top20,TCGA-CV-7432,2,0.23670244216918945,2.5630507469177246,413
cancer_type_top20,TCGA-CV-7440,2,0.2517009675502777,2.4097933769226074,532
cancer_type_top20,TCGA-CV-A45O,2,0.19462211430072784,2.3564414978027344,186
cancer_type_top20,TCGA-CV-A45T,2,0.9052483439445496,0.49432361125946045,17
cancer_type_top20,TCGA-CV-A45W,2,0.14132824540138245,3.3598129749298096,784
cancer_type_top20,TCGA-CV-A460,2,0.8740715384483337,0.5500982403755188,87
cancer_type_top20,TCGA-CV-A464,2,0.48787516355514526,1.6057788133621216,38
cancer_type_top20,TCGA-CV-A6JE,2,0.18433877825737,2.7249069213867188,182
cancer_type_top20,TCGA-CV-A6JN,2,0.4288072884082794,1.978190302848816,102
cancer_type_top20,TCGA-CV-A6K1,2,0.465261310338974,2.009742259979248,670
cancer_type_top20,TCGA-CW-5581,2,0.4020311236381531,1.9724609851837158,74
cancer_type_top20,TCGA-CW-5585,2,0.5050517916679382,1.5573209524154663,62
cancer_type_top20,TCGA-CW-6087,2,0.25470679998397827,2.203342914581299,90
cancer_type_top20,TCGA-CW-6090,2,0.4583863317966461,1.3484793901443481,125
cancer_type_top20,TCGA-CX-7082,2,0.1636524200439453,2.3290858268737793,184
cancer_type_top20,TCGA-CZ-4864,2,0.206724613904953,2.3707730770111084,107
cancer_type_top20,TCGA-CZ-4866,2,0.5399590134620667,1.725331425666809,101
cancer_type_top20,TCGA-CZ-5451,2,0.3299756646156311,1.679518461227417,114
cancer_type_top20,TCGA-CZ-5459,2,0.7348352074623108,1.1347856521606445,121
cancer_type_top20,TCGA-CZ-5468,2,0.20373335480690002,2.2598650455474854,160
cancer_type_top20,TCGA-CZ-5984,2,0.9773070216178894,0.14939112961292267,55
cancer_type_top20,TCGA-CZ-5986,2,0.5421491861343384,1.7240265607833862,80
cancer_type_top20,TCGA-D1-A102,2,0.6679937839508057,1.0081647634506226,68
cancer_type_top20,TCGA-D1-A167,2,0.7077493071556091,1.2268532514572144,2450
cancer_type_top20,TCGA-D1-A168,2,0.3313009738922119,1.8307223320007324,72
cancer_type_top20,TCGA-D1-A16D,2,0.6547303795814514,0.9643588066101074,54
cancer_type_top20,TCGA-D1-A16I,2,0.4725339114665985,1.421687126159668,58
cancer_type_top20,TCGA-D1-A16Q,2,0.5028021335601807,1.0373929738998413,43
cancer_type_top20,TCGA-D1-A17A,2,0.7808293700218201,0.8390016555786133,374
cancer_type_top20,TCGA-D1-A17M,2,0.3656439781188965,1.5668621063232422,640
cancer_type_top20,TCGA-D1-A17N,2,0.6321207284927368,0.9941274523735046,41
cancer_type_top20,TCGA-D1-A17R,2,0.8026580810546875,0.814660370349884,374
cancer_type_top20,TCGA-D1-A17U,2,0.28818953037261963,2.2555384635925293,621
cancer_type_top20,TCGA-D1-A1NY,2,0.37557101249694824,1.6935620307922363,1096
cancer_type_top20,TCGA-D1-A1NZ,2,0.23145312070846558,3.0925133228302,1413
cancer_type_top20,TCGA-D3-A1Q4,2,0.35550493001937866,2.3478310108184814,499
cancer_type_top20,TCGA-D3-A2JA,2,0.7779920101165771,0.9665476679801941,511
cancer_type_top20,TCGA-D3-A2JD,2,0.138705313205719,4.567587852478027,1887
cancer_type_top20,TCGA-D3-A2JE,2,0.9701383113861084,0.20248499512672424,479
cancer_type_top20,TCGA-D3-A2JG,2,0.11793708056211472,4.185996055603027,912
cancer_type_top20,TCGA-D3-A2JH,2,0.17787496745586395,3.031848907470703,1050
cancer_type_top20,TCGA-D3-A3C8,2,0.10132956504821777,4.023434638977051,2223
cancer_type_top20,TCGA-D3-A3MO,2,0.9735878109931946,0.14856205880641937,89
cancer_type_top20,TCGA-D3-A51E,2,0.2985587418079376,2.135672092437744,375
cancer_type_top20,TCGA-D3-A51G,2,0.37027013301849365,2.174548625946045,1707
cancer_type_top20,TCGA-D3-A5GO,2,0.6175439953804016,1.9689123630523682,2196
cancer_type_top20,TCGA-D3-A5GS,2,0.8502588272094727,0.6518433690071106,561
cancer_type_top20,TCGA-D3-A5GT,2,0.6889820098876953,1.0940262079238892,29
cancer_type_top20,TCGA-D3-A5GU,2,0.6840638518333435,0.7858818769454956,1035
cancer_type_top20,TCGA-D3-A8GB,2,0.9897064566612244,0.09702400863170624,1469
cancer_type_top20,TCGA-D3-A8GL,2,0.5668128728866577,2.360175609588623,2588
cancer_type_top20,TCGA-D3-A8GM,2,0.12966224551200867,3.8361358642578125,5000
cancer_type_top20,TCGA-D3-A8GN,2,0.9871242046356201,0.0804113894701004,343
cancer_type_top20,TCGA-D3-A8GS,2,0.6873812079429626,0.9024840593338013,294
cancer_type_top20,TCGA-D5-5537,2,0.6020016670227051,0.7828563451766968,151
cancer_type_top20,TCGA-D5-5538,2,0.5727366805076599,0.8808162212371826,171
cancer_type_top20,TCGA-D5-5539,2,0.870719850063324,0.509395956993103,153
cancer_type_top20,TCGA-D5-6531,2,0.31644994020462036,2.11623477935791,266
cancer_type_top20,TCGA-D5-6536,2,0.814856767654419,0.7382668256759644,149
cancer_type_top20,TCGA-D5-6538,2,0.6941124200820923,0.6624363660812378,191
cancer_type_top20,TCGA-D5-6541,2,0.5269735455513,1.4275269508361816,124
cancer_type_top20,TCGA-D6-8569,2,0.25464344024658203,2.3770318031311035,168
cancer_type_top20,TCGA-D6-A4Z9,2,0.3903017044067383,2.0080907344818115,119
cancer_type_top20,TCGA-D6-A6EQ,2,0.5616977214813232,1.3525203466415405,117
cancer_type_top20,TCGA-D7-6525,2,0.2851824462413788,2.5454654693603516,214
cancer_type_top20,TCGA-D7-6817,2,0.4166417717933655,1.9118947982788086,108
cancer_type_top20,TCGA-D7-8573,2,0.8339194655418396,0.5336788892745972,111
cancer_type_top20,TCGA-D7-A4YV,2,0.6975035071372986,1.1862770318984985,1208
cancer_type_top20,TCGA-D7-A6EX,2,0.38355961441993713,2.009922504425049,157
cancer_type_top20,TCGA-D7-A6EZ,2,0.5093249082565308,1.770840048789978,340
cancer_type_top20,TCGA-D7-A748,2,0.917879045009613,0.3918498158454895,52
cancer_type_top20,TCGA-D8-A1JA,2,0.08970873802900314,4.6602582931518555,1201
cancer_type_top20,TCGA-D8-A1JE,2,0.9273726940155029,0.323215514421463,41
cancer_type_top20,TCGA-D8-A1JH,2,0.5441790223121643,1.4005181789398193,27
cancer_type_top20,TCGA-D8-A1JP,2,0.4919656813144684,1.9565825462341309,148
cancer_type_top20,TCGA-D8-A1X8,2,0.40544393658638,1.8826323747634888,36
cancer_type_top20,TCGA-D8-A1XM,2,0.5551800727844238,0.8935793042182922,68
cancer_type_top20,TCGA-D8-A1XR,2,0.4167666435241699,1.7257654666900635,37
cancer_type_top20,TCGA-D8-A1XU,2,0.9412480592727661,0.30494213104248047,40
cancer_type_top20,TCGA-D8-A1Y1,2,0.8817607164382935,0.5200968980789185,292
cancer_type_top20,TCGA-D8-A1Y3,2,0.48556768894195557,1.5492665767669678,71
cancer_type_top20,TCGA-D8-A27F,2,0.6000491976737976,1.431988000869751,84
cancer_type_top20,TCGA-D8-A27I,2,0.8623411059379578,0.6390922665596008,39
cancer_type_top20,TCGA-D8-A27K,2,0.5122506022453308,0.7012054920196533,27
cancer_type_top20,TCGA-D8-A27M,2,0.22928296029567719,2.105292558670044,101
cancer_type_top20,TCGA-D8-A27N,2,0.38531309366226196,1.7041239738464355,64
cancer_type_top20,TCGA-D8-A27P,2,0.9460989832878113,0.24993348121643066,34
cancer_type_top20,TCGA-D9-A149,2,0.027516884729266167,4.595069885253906,1115
cancer_type_top20,TCGA-D9-A1JW,2,0.31383827328681946,1.6832525730133057,1278
cancer_type_top20,TCGA-D9-A1JX,2,0.6470089554786682,1.4089171886444092,307
cancer_type_top20,TCGA-D9-A3Z3,2,0.995324432849884,0.03526430204510689,187
cancer_type_top20,TCGA-D9-A4Z6,2,0.5548568367958069,1.239140510559082,374
cancer_type_top20,TCGA-D9-A6E9,2,0.9703629016876221,0.15793146193027496,249
cancer_type_top20,TCGA-DA-A1HW,2,0.4294891953468323,2.1829051971435547,617
cancer_type_top20,TCGA-DA-A1I1,2,0.03787773847579956,5.334142684936523,2316
cancer_type_top20,TCGA-DA-A1I8,2,0.977220356464386,0.13806003332138062,256
cancer_type_top20,TCGA-DB-5270,2,0.1437097191810608,2.6835765838623047,33
cancer_type_top20,TCGA-DB-A4XH,2,0.09006060659885406,3.1040449142456055,59
cancer_type_top20,TCGA-DB-A64Q,2,0.4563461244106293,1.3757370710372925,26
cancer_type_top20,TCGA-DB-A64R,2,0.3062596917152405,1.8215388059616089,17
cancer_type_top20,TCGA-DB-A64W,2,0.12414973229169846,2.9036526679992676,56
cancer_type_top20,TCGA-DD-A113,2,0.28480014204978943,2.4492831230163574,438
cancer_type_top20,TCGA-DD-A11B,2,0.15841268002986908,2.6696228981018066,155
cancer_type_top20,TCGA-DD-A1EF,2,0.34082522988319397,2.3028852939605713,187
cancer_type_top20,TCGA-DD-A3A2,2,0.5058774352073669,1.695096492767334,104
cancer_type_top20,TCGA-DD-A4NL,2,0.8297419548034668,0.7896409034729004,40
cancer_type_top20,TCGA-DD-A4NO,2,0.19620603322982788,2.712254524230957,156
cancer_type_top20,TCGA-DD-AAC8,2,0.04834163561463356,5.022055625915527,748
cancer_type_top20,TCGA-DD-AACK,2,0.3500632345676422,2.3141846656799316,203
cancer_type_top20,TCGA-DD-AACO,2,0.48009002208709717,2.102066993713379,68
cancer_type_top20,TCGA-DD-AACQ,2,0.14104241132736206,3.743912935256958,311
cancer_type_top20,TCGA-DD-AACV,2,0.6256510019302368,1.7047017812728882,157
cancer_type_top20,TCGA-DD-AACW,2,0.47192224860191345,1.8286759853363037,71
cancer_type_top20,TCGA-DD-AAD2,2,0.2324914038181305,2.2656238079071045,117
cancer_type_top20,TCGA-DD-AADB,2,0.5422191023826599,1.438140630722046,188
cancer_type_top20,TCGA-DD-AADI,2,0.7909460067749023,0.90653395652771,167
cancer_type_top20,TCGA-DD-AADU,2,0.26769766211509705,2.4869508743286133,150
cancer_type_top20,TCGA-DD-AADY,2,0.8597476482391357,0.7105082273483276,72
cancer_type_top20,TCGA-DD-AAE3,2,0.4156533479690552,2.367020606994629,243
cancer_type_top20,TCGA-DD-AAEE,2,0.44803616404533386,2.1501612663269043,130
cancer_type_top20,TCGA-DD-AAVX,2,0.5590425133705139,1.3579530715942383,118
cancer_type_top20,TCGA-DD-AAVY,2,0.45319631695747375,1.8267598152160645,135
cancer_type_top20,TCGA-DD-AAW0,2,0.4990636110305786,1.3646953105926514,135
cancer_type_top20,TCGA-DD-AAW1,2,0.8134704828262329,1.0523948669433594,168
cancer_type_top20,TCGA-DE-A4MC,2,0.4152947664260864,1.7167267799377441,20
cancer_type_top20,TCGA-DF-A2KR,2,0.3069763779640198,2.4719889163970947,156
cancer_type_top20,TCGA-DF-A2KV,2,0.31179603934288025,2.186875820159912,2397
cancer_type_top20,TCGA-DF-A2KZ,2,0.5182928442955017,1.6960023641586304,1154
cancer_type_top20,TCGA-DG-A2KL,2,0.369300901889801,2.419431209564209,302
cancer_type_top20,TCGA-DH-5140,2,0.28759559988975525,2.2453010082244873,38
cancer_type_top20,TCGA-DH-5141,2,0.5210201144218445,1.4457464218139648,33
cancer_type_top20,TCGA-DH-A66D,2,0.11388556659221649,2.6912617683410645,52
cancer_type_top20,TCGA-DH-A7UR,2,0.2475646734237671,2.2180111408233643,87
cancer_type_top20,TCGA-DI-A1C3,2,0.9407089352607727,0.24273155629634857,60
cancer_type_top20,TCGA-DJ-A1QD,2,0.3647803068161011,1.8931807279586792,10
cancer_type_top20,TCGA-DJ-A1QI,2,0.9897343516349792,0.07351508736610413,13
cancer_type_top20,TCGA-DJ-A1QN,2,0.36555221676826477,1.3670865297317505,7
cancer_type_top20,TCGA-DJ-A1QQ,2,0.701631486415863,1.0922597646713257,19
cancer_type_top20,TCGA-DJ-A2PU,2,0.4008786976337433,1.7979449033737183,10
cancer_type_top20,TCGA-DJ-A2Q0,2,0.30562999844551086,1.5985960960388184,40
cancer_type_top20,TCGA-DJ-A2Q2,2,0.9759261012077332,0.13756965100765228,15
cancer_type_top20,TCGA-DJ-A2Q5,2,0.4554491341114044,1.457622766494751,9
cancer_type_top20,TCGA-DJ-A2QC,2,0.8856850862503052,0.4688289761543274,17
cancer_type_top20,TCGA-DJ-A3UX,2,0.7480500936508179,0.9474285840988159,9
cancer_type_top20,TCGA-DJ-A3VA,2,0.7647998929023743,0.8990394473075867,15
cancer_type_top20,TCGA-DJ-A3VB,2,0.9941851496696472,0.04352918267250061,19
cancer_type_top20,TCGA-DJ-A4UT,2,0.6010046005249023,1.2131084203720093,44
cancer_type_top20,TCGA-DK-A1A3,2,0.10554330796003342,3.451592206954956,856
cancer_type_top20,TCGA-DK-A1A7,2,0.35711780190467834,2.0210747718811035,304
cancer_type_top20,TCGA-DK-A2HX,2,0.7648367881774902,1.0145831108093262,142
cancer_type_top20,TCGA-DK-A3X2,2,0.5320626497268677,1.7184607982635498,164
cancer_type_top20,TCGA-DK-A6AV,2,0.5908195376396179,1.1899528503417969,168
cancer_type_top20,TCGA-DK-A6B5,2,0.1433473527431488,2.7044177055358887,185
cancer_type_top20,TCGA-DK-AA6L,2,0.4682637155056,2.4924674034118652,550
cancer_type_top20,TCGA-DK-AA6Q,2,0.3368583023548126,1.8794405460357666,157
cancer_type_top20,TCGA-DK-AA74,2,0.1535242795944214,2.9546897411346436,293
cancer_type_top20,TCGA-DK-AA76,2,0.43771642446517944,2.1167969703674316,323
cancer_type_top20,TCGA-DM-A0XD,2,0.34071412682533264,1.798642873764038,242
cancer_type_top20,TCGA-DM-A1D4,2,0.6997510194778442,1.193410873413086,247
cancer_type_top20,TCGA-DM-A288,2,0.35856398940086365,1.655950903892517,136
cancer_type_top20,TCGA-DO-A1K0,2,0.8411168456077576,0.7419830560684204,12
cancer_type_top20,TCGA-DQ-5629,2,0.3956322968006134,2.540067434310913,430
cancer_type_top20,TCGA-DQ-7588,2,0.5297996997833252,1.5972578525543213,134
cancer_type_top20,TCGA-DR-A0ZL,2,0.9292019605636597,0.3763071596622467,89
cancer_type_top20,TCGA-DR-A0ZM,2,0.22400104999542236,4.052515506744385,1767
cancer_type_top20,TCGA-DS-A0VK,2,0.3391166627407074,1.6690088510513306,182
cancer_type_top20,TCGA-DS-A0VL,2,0.28638651967048645,1.9069663286209106,99
cancer_type_top20,TCGA-DS-A1OA,2,0.5895832180976868,1.5527422428131104,100
cancer_type_top20,TCGA-DU-5849,2,0.3014673888683319,2.3962578773498535,47
cancer_type_top20,TCGA-DU-5853,2,0.5780407190322876,1.263698935508728,23
cancer_type_top20,TCGA-DU-5870,2,0.27709388732910156,2.8595213890075684,73
cancer_type_top20,TCGA-DU-6393,2,0.35187843441963196,1.8512206077575684,40
cancer_type_top20,TCGA-DU-6403,2,0.749924898147583,0.9711991548538208,78
cancer_type_top20,TCGA-DU-6404,2,0.3049866557121277,2.502695083618164,131
cancer_type_top20,TCGA-DU-7008,2,0.19034188985824585,2.1783246994018555,45
cancer_type_top20,TCGA-DU-7018,2,0.1778871864080429,2.5337154865264893,49
cancer_type_top20,TCGA-DU-7301,2,0.09230566769838333,2.8529815673828125,36
cancer_type_top20,TCGA-DU-7304,2,0.07552236318588257,3.6371707916259766,146
cancer_type_top20,TCGA-DU-8164,2,0.1391473412513733,2.534658670425415,44
cancer_type_top20,TCGA-DU-8166,2,0.09675951302051544,2.9833664894104004,38
cancer_type_top20,TCGA-DU-8167,2,0.1146996021270752,2.9492063522338867,84
cancer_type_top20,TCGA-DU-A5TP,2,0.19445659220218658,2.1419453620910645,37
cancer_type_top20,TCGA-DU-A5TR,2,0.16032706201076508,2.42570424079895,49
cancer_type_top20,TCGA-DU-A5TS,2,0.16130730509757996,2.3899714946746826,51
cancer_type_top20,TCGA-DU-A5TU,2,0.15129587054252625,2.402613401412964,59
cancer_type_top20,TCGA-DU-A76L,2,0.44082027673721313,1.8706626892089844,51
cancer_type_top20,TCGA-DV-5567,2,0.8825446963310242,0.6085264086723328,22
cancer_type_top20,TCGA-DW-7841,2,0.2604535222053528,2.0327675342559814,61
cancer_type_top20,TCGA-DW-7842,2,0.7985903024673462,0.9928460121154785,30
cancer_type_top20,TCGA-DX-A1KW,2,0.3641412556171417,1.976301908493042,59
cancer_type_top20,TCGA-DX-A23Y,2,0.7912617921829224,1.0196932554244995,64
cancer_type_top20,TCGA-DX-A2J4,2,0.3336842656135559,1.6781851053237915,42
cancer_type_top20,TCGA-DX-A3UB,2,0.6348370909690857,1.4158257246017456,23
cancer_type_top20,TCGA-DX-A48L,2,0.6854404211044312,1.0918694734573364,96
cancer_type_top20,TCGA-DX-A6B7,2,0.27982428669929504,1.8018776178359985,60
cancer_type_top20,TCGA-DX-A6B9,2,0.7533266544342041,1.057231068611145,24
cancer_type_top20,TCGA-DX-A6BA,2,0.5360775589942932,1.658582091331482,73
cancer_type_top20,TCGA-DX-A6YQ,2,0.4911957085132599,1.9986045360565186,148
cancer_type_top20,TCGA-DX-A6YU,2,0.6871312856674194,1.1328071355819702,63
cancer_type_top20,TCGA-DX-A6YV,2,0.031461846083402634,5.954511642456055,1669
cancer_type_top20,TCGA-DX-A7EN,2,0.338451087474823,1.9330650568008423,44
cancer_type_top20,TCGA-DX-A7EQ,2,0.3946087658405304,1.7712492942810059,59
cancer_type_top20,TCGA-DX-A8BJ,2,0.307803750038147,2.3674135208129883,114
cancer_type_top20,TCGA-DX-A8BZ,2,0.5029776692390442,0.9035252332687378,81
cancer_type_top20,TCGA-DX-AATS,2,0.3913918435573578,1.6150314807891846,141
cancer_type_top20,TCGA-DX-AB2G,2,0.6575605869293213,1.337644100189209,49
cancer_type_top20,TCGA-DX-AB2L,2,0.9847073554992676,0.11353781819343567,23
cancer_type_top20,TCGA-DX-AB2X,2,0.24686700105667114,2.235828399658203,85
cancer_type_top20,TCGA-DX-AB32,2,0.20646382868289948,3.1666831970214844,472
cancer_type_top20,TCGA-DX-AB3C,2,0.37443962693214417,1.7396163940429688,43
cancer_type_top20,TCGA-DZ-6132,2,0.07140028476715088,3.6613502502441406,479
cancer_type_top20,TCGA-DZ-6135,2,0.06751273572444916,3.2018532752990723,210
cancer_type_top20,TCGA-E1-5303,2,0.21826809644699097,2.028848171234131,37
cancer_type_top20,TCGA-E1-5318,2,0.8805429339408875,0.5814023613929749,50
cancer_type_top20,TCGA-E1-5319,2,0.38249850273132324,1.6974492073059082,51
cancer_type_top20,TCGA-E1-A7YE,2,0.09686913341283798,2.8209476470947266,90
cancer_type_top20,TCGA-E1-A7YH,2,0.17382687330245972,2.405911684036255,36
cancer_type_top20,TCGA-E1-A7YU,2,0.4554213881492615,1.6128617525100708,28
cancer_type_top20,TCGA-E1-A7YY,2,0.2026374340057373,1.8411586284637451,10
cancer_type_top20,TCGA-E1-A7Z2,2,0.27197909355163574,1.8907830715179443,46
cancer_type_top20,TCGA-E1-A7Z3,2,0.11971383541822433,2.7224297523498535,39
cancer_type_top20,TCGA-E1-A7Z4,2,0.144881933927536,2.486189126968384,26
cancer_type_top20,TCGA-E2-A14N,2,0.4818933606147766,1.5377815961837769,115
cancer_type_top20,TCGA-E2-A14T,2,0.9418423175811768,0.3069576323032379,50
cancer_type_top20,TCGA-E2-A14Y,2,0.3460259735584259,1.751326084136963,114
cancer_type_top20,TCGA-E2-A14Z,2,0.2945363521575928,1.725105881690979,102
cancer_type_top20,TCGA-E2-A155,2,0.8729605078697205,0.6029596924781799,86
cancer_type_top20,TCGA-E2-A15F,2,0.3622208833694458,1.7138781547546387,31
cancer_type_top20,TCGA-E2-A1AZ,2,0.5919222235679626,1.2805389165878296,84
cancer_type_top20,TCGA-E2-A1B1,2,0.45870670676231384,1.3764736652374268,72
cancer_type_top20,TCGA-E2-A1B4,2,0.30895018577575684,1.8615576028823853,44
cancer_type_top20,TCGA-E2-A1B6,2,0.3422562777996063,1.54262375831604,63
cancer_type_top20,TCGA-E2-A1BD,2,0.5560815334320068,1.1378183364868164,48
cancer_type_top20,TCGA-E2-A1II,2,0.3953884541988373,1.8700296878814697,38
cancer_type_top20,TCGA-E2-A1IL,2,0.5270600914955139,1.233445405960083,38
cancer_type_top20,TCGA-E2-A1L9,2,0.9553684592247009,0.21084655821323395,33
cancer_type_top20,TCGA-E2-A1LB,2,0.4289684593677521,1.3930203914642334,61
cancer_type_top20,TCGA-E2-A1LH,2,0.3531549274921417,2.21364688873291,243
cancer_type_top20,TCGA-E2-A1LL,2,0.3108502924442291,2.167081356048584,64
cancer_type_top20,TCGA-E2-A2P6,2,0.44023630023002625,1.1527190208435059,197
cancer_type_top20,TCGA-E2-A56Z,2,0.4199274480342865,2.133673667907715,65
cancer_type_top20,TCGA-E2-A576,2,0.7125254273414612,0.8587443232536316,79
cancer_type_top20,TCGA-E3-A3E0,2,0.505812406539917,1.5471014976501465,11
cancer_type_top20,TCGA-E3-A3E2,2,0.4664424955844879,1.0597509145736694,3
cancer_type_top20,TCGA-E3-A3E3,2,0.9487965106964111,0.29705533385276794,17
cancer_type_top20,TCGA-E6-A1LZ,2,0.33626705408096313,2.8021206855773926,356
cancer_type_top20,TCGA-E6-A1M0,2,0.15635131299495697,2.6527633666992188,5000
cancer_type_top20,TCGA-E6-A2P8,2,0.7774008512496948,1.2099993228912354,1127
cancer_type_top20,TCGA-E7-A4IJ,2,0.1054384782910347,3.286416530609131,476
cancer_type_top20,TCGA-E7-A519,2,0.3011777698993683,1.7590618133544922,93
cancer_type_top20,TCGA-E7-A7PW,2,0.5003660917282104,1.795917272567749,127
cancer_type_top20,TCGA-E7-A85H,2,0.4687733054161072,2.1900224685668945,567
cancer_type_top20,TCGA-E8-A413,2,0.5342995524406433,1.2596791982650757,6
cancer_type_top20,TCGA-E8-A415,2,0.9916863441467285,0.0593746118247509,12
cancer_type_top20,TCGA-E8-A416,2,0.9235923290252686,0.26990678906440735,2
cancer_type_top20,TCGA-E8-A418,2,0.9929994344711304,0.05858522281050682,42
cancer_type_top20,TCGA-E8-A433,2,0.7578302025794983,0.9607544541358948,13
cancer_type_top20,TCGA-E8-A438,2,0.3278231918811798,1.9369785785675049,9
cancer_type_top20,TCGA-E8-A44K,2,0.6046604514122009,1.0770336389541626,13
cancer_type_top20,TCGA-E9-A1N3,2,0.9132288694381714,0.41072535514831543,32
cancer_type_top20,TCGA-E9-A1N5,2,0.5322769284248352,1.6655802726745605,43
cancer_type_top20,TCGA-E9-A1NF,2,0.6453739404678345,1.3145098686218262,71
cancer_type_top20,TCGA-E9-A1NG,2,0.9077319502830505,0.432759553194046,24
cancer_type_top20,TCGA-E9-A1R5,2,0.44802147150039673,1.5155869722366333,58
cancer_type_top20,TCGA-E9-A1RB,2,0.28045639395713806,2.108433723449707,43
cancer_type_top20,TCGA-E9-A1RH,2,0.39459413290023804,1.4641796350479126,122
cancer_type_top20,TCGA-E9-A227,2,0.9125002026557922,0.3843715190887451,23
cancer_type_top20,TCGA-E9-A22A,2,0.9219779968261719,0.41176798939704895,39
cancer_type_top20,TCGA-E9-A22B,2,0.6401820778846741,1.1735247373580933,78
cancer_type_top20,TCGA-E9-A22G,2,0.45579057931900024,1.5116431713104248,128
cancer_type_top20,TCGA-E9-A22H,2,0.918507993221283,0.371866375207901,30
cancer_type_top20,TCGA-E9-A243,2,0.4773206114768982,1.5673835277557373,95
cancer_type_top20,TCGA-E9-A244,2,0.46357908844947815,1.915704369544983,134
cancer_type_top20,TCGA-E9-A249,2,0.526909589767456,1.1427258253097534,32
cancer_type_top20,TCGA-E9-A24A,2,0.3918449878692627,1.881293535232544,25
cancer_type_top20,TCGA-E9-A54Y,2,0.7751054763793945,1.1693289279937744,66
cancer_type_top20,TCGA-E9-A5UO,2,0.5997989773750305,1.2536078691482544,46
cancer_type_top20,TCGA-EA-A3HR,2,0.31016308069229126,1.8355234861373901,126
cancer_type_top20,TCGA-EA-A5ZF,2,0.454630583524704,1.240572452545166,117
cancer_type_top20,TCGA-EA-A78R,2,0.4532844126224518,1.285703420639038,100
cancer_type_top20,TCGA-EB-A3HV,2,0.8397570252418518,0.4587123990058899,66
cancer_type_top20,TCGA-EB-A3Y6,2,0.8128315806388855,0.6392449140548706,847
cancer_type_top20,TCGA-EB-A41B,2,0.17985334992408752,3.387291431427002,566
cancer_type_top20,TCGA-EB-A44R,2,0.8050754070281982,0.7863197922706604,72
cancer_type_top20,TCGA-EB-A4IQ,2,0.2469596415758133,2.06815242767334,22
cancer_type_top20,TCGA-EB-A4OZ,2,0.7518078088760376,0.739261269569397,16
cancer_type_top20,TCGA-EB-A6QY,2,0.9424357414245605,0.3287636637687683,879
cancer_type_top20,TCGA-EB-A85I,2,0.9476624727249146,0.2781871557235718,312
cancer_type_top20,TCGA-EC-A24G,2,0.36488404870033264,1.4086835384368896,1905
cancer_type_top20,TCGA-ED-A5KG,2,0.49634867906570435,1.2103440761566162,34
cancer_type_top20,TCGA-ED-A627,2,0.5875308513641357,1.2014893293380737,5
cancer_type_top20,TCGA-ED-A66Y,2,0.18549306690692902,2.6171646118164062,123
cancer_type_top20,TCGA-ED-A7PX,2,0.5305957198143005,1.5287957191467285,45
cancer_type_top20,TCGA-ED-A7XO,2,0.5872580409049988,1.4550039768218994,81
cancer_type_top20,TCGA-ED-A8O5,2,0.1791670024394989,2.5749425888061523,172
cancer_type_top20,TCGA-EE-A17X,2,0.419730544090271,1.5846278667449951,1107
cancer_type_top20,TCGA-EE-A17Z,2,0.05728168785572052,4.259725093841553,1506
cancer_type_top20,TCGA-EE-A183,2,0.09619297087192535,4.784132480621338,3200
cancer_type_top20,TCGA-EE-A29A,2,0.8678396344184875,0.4995436668395996,365
cancer_type_top20,TCGA-EE-A29D,2,0.34935909509658813,2.8815479278564453,5000
cancer_type_top20,TCGA-EE-A29E,2,0.0563243106007576,4.517302989959717,5000
cancer_type_top20,TCGA-EE-A29M,2,0.7279394865036011,1.2328393459320068,3300
cancer_type_top20,TCGA-EE-A29R,2,0.133930966258049,3.120034694671631,942
cancer_type_top20,TCGA-EE-A2GC,2,0.17086094617843628,2.7494874000549316,3300
cancer_type_top20,TCGA-EE-A2GU,2,0.5566201210021973,1.6125636100769043,847
cancer_type_top20,TCGA-EE-A2M6,2,0.20971058309078217,3.0822904109954834,934
cancer_type_top20,TCGA-EE-A2M8,2,0.3139275312423706,3.369837999343872,1157
cancer_type_top20,TCGA-EE-A2MN,2,0.12737764418125153,3.400465965270996,454
cancer_type_top20,TCGA-EE-A2MQ,2,0.1746896505355835,4.04107141494751,977
cancer_type_top20,TCGA-EE-A2MT,2,0.4993739128112793,2.517130136489868,1299
cancer_type_top20,TCGA-EE-A3AC,2,0.04250267520546913,4.9026899337768555,2953
cancer_type_top20,TCGA-EE-A3AD,2,0.08114422112703323,4.804136276245117,2444
cancer_type_top20,TCGA-EE-A3AF,2,0.9457248449325562,0.3871053457260132,1394
cancer_type_top20,TCGA-EE-A3J5,2,0.3817579746246338,2.527228832244873,2971
cancer_type_top20,TCGA-EE-A3JD,2,0.26019537448883057,3.035080671310425,3117
cancer_type_top20,TCGA-EJ-5495,2,0.647767186164856,1.3374619483947754,102
cancer_type_top20,TCGA-EJ-5506,2,0.5959301590919495,0.7781260013580322,14
cancer_type_top20,TCGA-EJ-5508,2,0.35383057594299316,2.1127824783325195,33
cancer_type_top20,TCGA-EJ-5517,2,0.4956861138343811,1.7130690813064575,34
cancer_type_top20,TCGA-EJ-5518,2,0.7809370160102844,1.0714377164840698,50
cancer_type_top20,TCGA-EJ-5519,2,0.43008944392204285,1.825941562652588,108
cancer_type_top20,TCGA-EJ-7314,2,0.19161128997802734,2.8142778873443604,84
cancer_type_top20,TCGA-EJ-7325,2,0.9827003479003906,0.11366836726665497,29
cancer_type_top20,TCGA-EJ-7328,2,0.3210277259349823,2.081711530685425,85
cancer_type_top20,TCGA-EJ-8468,2,0.23000545799732208,2.51747989654541,66
cancer_type_top20,TCGA-EJ-A46F,2,0.4059845507144928,1.8542348146438599,46
cancer_type_top20,TCGA-EJ-A46H,2,0.6307021975517273,0.9102144241333008,3
cancer_type_top20,TCGA-EJ-A65E,2,0.43359375,1.7519136667251587,50
cancer_type_top20,TCGA-EJ-A7NJ,2,0.5868080854415894,1.3965920209884644,9
cancer_type_top20,TCGA-EJ-A7NK,2,0.8796872496604919,0.5444076061248779,7
cancer_type_top20,TCGA-EJ-A8FN,2,0.5835005640983582,1.4965084791183472,46
cancer_type_top20,TCGA-EJ-AB20,2,0.7563194632530212,1.0110588073730469,17
cancer_type_top20,TCGA-EK-A2GZ,2,0.8466694951057434,0.7247583866119385,120
cancer_type_top20,TCGA-EK-A2PL,2,0.11215902119874954,3.33540678024292,274
cancer_type_top20,TCGA-EK-A2R8,2,0.6182220578193665,2.103750228881836,479
cancer_type_top20,TCGA-EK-A2RM,2,0.5364183187484741,1.595170259475708,139
cancer_type_top20,TCGA-EL-A3CZ,2,0.226365327835083,2.0472970008850098,10
cancer_type_top20,TCGA-EL-A3D1,2,0.39552584290504456,1.4712672233581543,8
cancer_type_top20,TCGA-EL-A3H3,2,0.4435780346393585,1.5333387851715088,6
cancer_type_top20,TCGA-EL-A3MX,2,0.9267809987068176,0.4238665997982025,40
cancer_type_top20,TCGA-EL-A3T8,2,0.8153432011604309,0.7541669011116028,10
cancer_type_top20,TCGA-EL-A3T9,2,0.1662381887435913,2.59787654876709,29
cancer_type_top20,TCGA-EL-A3ZG,2,0.5493298768997192,1.257272720336914,8
cancer_type_top20,TCGA-EL-A3ZH,2,0.23305290937423706,2.0078647136688232,11
cancer_type_top20,TCGA-EL-A3ZL,2,0.7113192677497864,1.1159803867340088,17
cancer_type_top20,TCGA-EL-A3ZQ,2,0.9204874038696289,0.44728440046310425,13
cancer_type_top20,TCGA-EL-A4K0,2,0.7078217267990112,1.0416438579559326,13
cancer_type_top20,TCGA-EL-A4KD,2,0.8705257177352905,0.5453720688819885,21
cancer_type_top20,TCGA-EL-A4KH,2,0.5164704918861389,1.2647639513015747,5
cancer_type_top20,TCGA-EM-A1CS,2,0.47999700903892517,0.9244638085365295,20
cancer_type_top20,TCGA-EM-A1YC,2,0.5508045554161072,1.1981574296951294,20
cancer_type_top20,TCGA-EM-A1YE,2,0.3812527060508728,2.0263583660125732,15
cancer_type_top20,TCGA-EM-A22I,2,0.5487711429595947,1.5723321437835693,13
cancer_type_top20,TCGA-EM-A22L,2,0.46232908964157104,1.621854543685913,32
cancer_type_top20,TCGA-EM-A2CR,2,0.44596460461616516,1.330165147781372,15
cancer_type_top20,TCGA-EM-A2OW,2,0.6489595770835876,1.2353973388671875,20
cancer_type_top20,TCGA-EM-A2OY,2,0.7475967407226562,1.0798873901367188,19
cancer_type_top20,TCGA-EM-A3AK,2,0.661747395992279,1.3075038194656372,14
cancer_type_top20,TCGA-EM-A3AL,2,0.5964038372039795,1.3487679958343506,18
cancer_type_top20,TCGA-EM-A3AN,2,0.3584851324558258,1.367135763168335,10
cancer_type_top20,TCGA-EM-A3AP,2,0.8931700587272644,0.4951397776603699,14
cancer_type_top20,TCGA-EM-A3AR,2,0.45264244079589844,1.3973407745361328,7
cancer_type_top20,TCGA-EM-A3FK,2,0.7634534239768982,1.0154657363891602,14
cancer_type_top20,TCGA-EM-A3FL,2,0.6389078497886658,1.4144933223724365,13
cancer_type_top20,TCGA-EM-A3FM,2,0.6917975544929504,1.1293390989303589,20
cancer_type_top20,TCGA-EM-A3OA,2,0.536357045173645,1.2626715898513794,22
cancer_type_top20,TCGA-EM-A3ST,2,0.7696459889411926,0.9768863916397095,26
cancer_type_top20,TCGA-EM-A3SX,2,0.5717541575431824,1.7045414447784424,34
cancer_type_top20,TCGA-EM-A3SZ,2,0.6908804178237915,0.9621692299842834,24
cancer_type_top20,TCGA-EM-A4FM,2,0.9780526161193848,0.14274965226650238,30
cancer_type_top20,TCGA-EM-A4FQ,2,0.48377877473831177,1.6220122575759888,11
cancer_type_top20,TCGA-EM-A4FR,2,0.36557409167289734,1.5983272790908813,6
cancer_type_top20,TCGA-EM-A4G1,2,0.7910014390945435,0.6393164396286011,5
cancer_type_top20,TCGA-EO-A1Y5,2,0.2273995280265808,2.286332845687866,111
cancer_type_top20,TCGA-EO-A22S,2,0.5322949290275574,1.4355379343032837,1344
cancer_type_top20,TCGA-EO-A22U,2,0.2960844039916992,3.1160125732421875,5000
cancer_type_top20,TCGA-EO-A2CG,2,0.3035266101360321,2.1273443698883057,55
cancer_type_top20,TCGA-EO-A3AU,2,0.5645147562026978,1.1300396919250488,1326
cancer_type_top20,TCGA-EP-A3JL,2,0.4869467318058014,1.8544538021087646,123
cancer_type_top20,TCGA-ER-A197,2,0.6519871950149536,1.3029602766036987,57
cancer_type_top20,TCGA-ER-A199,2,0.2051776498556137,2.444246292114258,380
cancer_type_top20,TCGA-ER-A19F,2,0.0476895272731781,4.943914413452148,2585
cancer_type_top20,TCGA-ER-A19L,2,0.6973100304603577,1.0173921585083008,94
cancer_type_top20,TCGA-ER-A2NF,2,0.043954912573099136,4.290631294250488,509
cancer_type_top20,TCGA-ET-A25J,2,0.7009603977203369,1.2604032754898071,15
cancer_type_top20,TCGA-ET-A2N3,2,0.6291942000389099,1.2948541641235352,12
cancer_type_top20,TCGA-ET-A39M,2,0.6128544211387634,1.3539104461669922,15
cancer_type_top20,TCGA-ET-A39R,2,0.07692459970712662,4.329573154449463,390
cancer_type_top20,TCGA-ET-A3BO,2,0.4587347209453583,1.6992928981781006,9
cancer_type_top20,TCGA-ET-A3BP,2,0.34349966049194336,1.5823389291763306,7
cancer_type_top20,TCGA-ET-A3BU,2,0.3218837380409241,1.457006812095642,6
cancer_type_top20,TCGA-ET-A3DT,2,0.4916662573814392,1.3192213773727417,5
cancer_type_top20,TCGA-ET-A4KQ,2,0.8325329422950745,0.6889331936836243,11
cancer_type_top20,TCGA-EU-5905,2,0.9133242964744568,0.3936581015586853,76
cancer_type_top20,TCGA-EU-5907,2,0.7534680366516113,0.8657612800598145,58
cancer_type_top20,TCGA-EV-5903,2,0.40562722086906433,1.797011375427246,131
cancer_type_top20,TCGA-EW-A1IX,2,0.7885165214538574,0.7891298532485962,44
cancer_type_top20,TCGA-EW-A1IY,2,0.9873276948928833,0.08253304660320282,42
cancer_type_top20,TCGA-EW-A1OV,2,0.20931726694107056,2.0374114513397217,144
cancer_type_top20,TCGA-EW-A1OZ,2,0.8225905299186707,0.7581343650817871,79
cancer_type_top20,TCGA-EW-A1P1,2,0.5485430359840393,0.7704929113388062,3
cancer_type_top20,TCGA-EW-A1P6,2,0.6079916954040527,1.0952379703521729,29
cancer_type_top20,TCGA-EW-A1P8,2,0.532624363899231,1.148922085762024,42
cancer_type_top20,TCGA-EW-A1PB,2,0.5066877007484436,1.8790490627288818,192
cancer_type_top20,TCGA-EW-A1PE,2,0.6196788549423218,1.0440731048583984,43
cancer_type_top20,TCGA-EW-A6SB,2,0.5762379765510559,1.7013283967971802,92
cancer_type_top20,TCGA-EY-A1GM,2,0.6799042820930481,1.0609560012817383,63
cancer_type_top20,TCGA-EY-A1GT,2,0.6242644190788269,1.071818470954895,121
cancer_type_top20,TCGA-EY-A1GU,2,0.38811904191970825,1.7070945501327515,2407
cancer_type_top20,TCGA-EY-A1GX,2,0.9693337082862854,0.18945041298866272,133
cancer_type_top20,TCGA-EY-A215,2,0.3166714012622833,2.842163562774658,5000
cancer_type_top20,TCGA-EY-A2OM,2,0.47841864824295044,1.226211428642273,1284
cancer_type_top20,TCGA-EY-A3L3,2,0.3450946509838104,1.9007617235183716,93
cancer_type_top20,TCGA-EY-A5W2,2,0.35968899726867676,1.8981400728225708,1472
cancer_type_top20,TCGA-F1-6875,2,0.9407190084457397,0.31955617666244507,120
cancer_type_top20,TCGA-F4-6569,2,0.5202891230583191,1.2430360317230225,166
cancer_type_top20,TCGA-F4-6703,2,0.8560144901275635,0.7637617588043213,763
cancer_type_top20,TCGA-F4-6704,2,0.963733434677124,0.2169390469789505,106
cancer_type_top20,TCGA-F4-6805,2,0.5224331021308899,1.708012342453003,104
cancer_type_top20,TCGA-F4-6855,2,0.5469363331794739,0.9603021144866943,159
cancer_type_top20,TCGA-FC-7708,2,0.37275296449661255,1.4907846450805664,39
cancer_type_top20,TCGA-FC-A6HD,2,0.45405682921409607,1.7285709381103516,42
cancer_type_top20,TCGA-FD-A3B8,2,0.6341868042945862,1.203230619430542,52
cancer_type_top20,TCGA-FD-A3SL,2,0.548242449760437,1.7041300535202026,307
cancer_type_top20,TCGA-FD-A3SN,2,0.5526599287986755,1.7203516960144043,543
cancer_type_top20,TCGA-FD-A3SQ,2,0.27822157740592957,1.9205588102340698,104
cancer_type_top20,TCGA-FD-A43P,2,0.1882951557636261,2.940220594406128,564
cancer_type_top20,TCGA-FD-A43U,2,0.5413340330123901,1.073793888092041,98
cancer_type_top20,TCGA-FD-A5BT,2,0.3579882085323334,1.9336938858032227,171
cancer_type_top20,TCGA-FD-A5BU,2,0.44406628608703613,1.7967969179153442,90
cancer_type_top20,TCGA-FD-A5BZ,2,0.30267706513404846,1.8786848783493042,176
cancer_type_top20,TCGA-FD-A62N,2,0.25658541917800903,2.037801742553711,126
cancer_type_top20,TCGA-FD-A62S,2,0.753873884677887,0.9722685217857361,101
cancer_type_top20,TCGA-FD-A6TB,2,0.28096747398376465,2.638648509979248,276
cancer_type_top20,TCGA-FD-A6TH,2,0.2524538040161133,2.227005958557129,211
cancer_type_top20,TCGA-FD-A6TI,2,0.5813705921173096,1.1696891784667969,163
cancer_type_top20,TCGA-FE-A233,2,0.883979082107544,0.5464146733283997,15
cancer_type_top20,TCGA-FE-A237,2,0.27083033323287964,2.1429383754730225,32
cancer_type_top20,TCGA-FG-5963,2,0.32150763273239136,1.9991047382354736,65
cancer_type_top20,TCGA-FG-5964,2,0.11969627439975739,2.853804349899292,50
cancer_type_top20,TCGA-FG-8186,2,0.2412726730108261,2.0241668224334717,42
cancer_type_top20,TCGA-FG-A4MU,2,0.5244991183280945,1.7542794942855835,78
cancer_type_top20,TCGA-FG-A4MX,2,0.13615621626377106,2.3496949672698975,29
cancer_type_top20,TCGA-FG-A60L,2,0.21733155846595764,2.2696402072906494,32
cancer_type_top20,TCGA-FG-A87Q,2,0.32867512106895447,2.2394185066223145,82
cancer_type_top20,TCGA-FI-A2D4,2,0.8029648065567017,1.0425180196762085,704
cancer_type_top20,TCGA-FI-A2D5,2,0.1550397425889969,3.3732175827026367,5000
cancer_type_top20,TCGA-FK-A3S3,2,0.889472484588623,0.5201795697212219,12
cancer_type_top20,TCGA-FP-8209,2,1.0,-0.0,1
cancer_type_top20,TCGA-FP-8210,2,0.8763681054115295,0.505634605884552,6
cancer_type_top20,TCGA-FR-A3YN,2,0.27356699109077454,2.152782440185547,797
cancer_type_top20,TCGA-FR-A7U8,2,0.5833218097686768,1.4114234447479248,48
cancer_type_top20,TCGA-FS-A1YW,2,0.4250484108924866,1.7574528455734253,242
cancer_type_top20,TCGA-FS-A1YX,2,0.9624242186546326,0.2248687446117401,71
cancer_type_top20,TCGA-FS-A1Z3,2,0.19007408618927002,3.0819897651672363,1412
cancer_type_top20,TCGA-FS-A1ZE,2,0.5766348838806152,1.3257805109024048,201
cancer_type_top20,TCGA-FS-A1ZH,2,0.6762911677360535,1.1899288892745972,87
cancer_type_top20,TCGA-FS-A1ZS,2,0.7209041118621826,1.139792799949646,423
cancer_type_top20,TCGA-FU-A3EO,2,0.5232460498809814,1.6431019306182861,86
cancer_type_top20,TCGA-FU-A5XV,2,0.45558997988700867,1.7551997900009155,158
cancer_type_top20,TCGA-FV-A2QQ,2,0.23984375596046448,2.484489917755127,182
cancer_type_top20,TCGA-FV-A495,2,0.31409990787506104,1.9000816345214844,295
cancer_type_top20,TCGA-FW-A3TV,2,0.5253753066062927,0.7494080066680908,460
cancer_type_top20,TCGA-FX-A8OO,2,0.7159848213195801,1.1165851354599,51
cancer_type_top20,TCGA-FY-A3BL,2,0.6062374114990234,2.185582160949707,409
cancer_type_top20,TCGA-FY-A3I4,2,0.28375953435897827,1.7195191383361816,9
cancer_type_top20,TCGA-FY-A3W9,2,0.2410699427127838,2.440253734588623,20
cancer_type_top20,TCGA-FY-A40L,2,0.5646636486053467,1.3657368421554565,21
cancer_type_top20,TCGA-FY-A4B3,2,0.8077099323272705,0.8650528192520142,14
cancer_type_top20,TCGA-G2-A3IB,2,0.38672512769699097,1.6737723350524902,123
cancer_type_top20,TCGA-G2-A3IE,2,0.208086758852005,3.265561580657959,499
cancer_type_top20,TCGA-G2-AA3D,2,0.19304829835891724,3.262578248977661,325
cancer_type_top20,TCGA-G3-A3CI,2,0.6379793286323547,1.49221932888031,28
cancer_type_top20,TCGA-G3-A3CK,2,0.2480776011943817,2.630207061767578,302
cancer_type_top20,TCGA-G3-A5SI,2,0.39631518721580505,1.8986315727233887,59
cancer_type_top20,TCGA-G3-A6UC,2,0.2789112329483032,2.4679765701293945,180
cancer_type_top20,TCGA-G3-A7M5,2,0.16283906996250153,3.3099365234375,260
cancer_type_top20,TCGA-G3-A7M6,2,0.6834958791732788,1.2332208156585693,137
cancer_type_top20,TCGA-G3-A7M8,2,0.835930585861206,0.6141118407249451,36
cancer_type_top20,TCGA-G3-AAUZ,2,0.5911380648612976,1.3551359176635742,117
cancer_type_top20,TCGA-G3-AAV2,2,0.5505346059799194,1.4526206254959106,84
cancer_type_top20,TCGA-G3-AAV3,2,0.5679129362106323,1.5958185195922852,127
cancer_type_top20,TCGA-G3-AAV7,2,0.4189501702785492,1.5404661893844604,129
cancer_type_top20,TCGA-G4-6294,2,0.48384854197502136,1.4371331930160522,214
cancer_type_top20,TCGA-G4-6310,2,0.9952043294906616,0.04154293239116669,167
cancer_type_top20,TCGA-G4-6311,2,0.26471543312072754,2.2671866416931152,401
cancer_type_top20,TCGA-G4-6588,2,0.8451555371284485,0.8517054915428162,3139
cancer_type_top20,TCGA-G4-6628,2,0.9080140590667725,0.563031017780304,2881
cancer_type_top20,TCGA-G6-A8L7,2,0.6638472080230713,1.3062092065811157,101
cancer_type_top20,TCGA-G6-A8L8,2,0.7432186603546143,1.1107670068740845,114
cancer_type_top20,TCGA-G7-6789,2,0.2631445527076721,2.2939984798431396,58
cancer_type_top20,TCGA-G7-6790,2,0.20044657588005066,2.6756813526153564,106
cancer_type_top20,TCGA-G7-6792,2,0.37567782402038574,2.000253915786743,73
cancer_type_top20,TCGA-G7-6795,2,0.09363733232021332,3.4040777683258057,293
cancer_type_top20,TCGA-G7-6796,2,0.11732582002878189,3.0236830711364746,181
cancer_type_top20,TCGA-G7-7501,2,0.5286920666694641,1.6709630489349365,47
cancer_type_top20,TCGA-G7-A8LE,2,0.456153929233551,1.8552545309066772,111
cancer_type_top20,TCGA-G9-6342,2,0.12525822222232819,2.9747695922851562,165
cancer_type_top20,TCGA-G9-6343,2,0.6838119626045227,1.163831114768982,44
cancer_type_top20,TCGA-G9-6366,2,0.9799103140830994,0.13513502478599548,39
cancer_type_top20,TCGA-G9-6494,2,0.2798525393009186,2.4088125228881836,80
cancer_type_top20,TCGA-G9-7509,2,0.4185245633125305,1.6460139751434326,27
cancer_type_top20,TCGA-G9-7510,2,0.45620250701904297,1.6521633863449097,46
cancer_type_top20,TCGA-G9-7522,2,0.42486557364463806,1.7197027206420898,10
cancer_type_top20,TCGA-G9-A9S0,2,0.528924286365509,1.798384428024292,29
cancer_type_top20,TCGA-GC-A3RB,2,0.36823570728302,1.965029001235962,233
cancer_type_top20,TCGA-GC-A3RC,2,0.2137346714735031,2.7827200889587402,512
cancer_type_top20,TCGA-GC-A3RD,2,0.512019693851471,1.440405011177063,121
cancer_type_top20,TCGA-GC-A3WC,2,0.21356049180030823,2.681316614151001,419
cancer_type_top20,TCGA-GC-A3YS,2,0.16353867948055267,2.459947347640991,341
cancer_type_top20,TCGA-GD-A3OP,2,0.044650159776210785,3.949978828430176,962
cancer_type_top20,TCGA-GF-A3OT,2,0.7031099200248718,1.2906438112258911,791
cancer_type_top20,TCGA-GF-A4EO,2,0.9862167835235596,0.1045987531542778,349
cancer_type_top20,TCGA-GJ-A3OU,2,0.39866405725479126,2.0794010162353516,78
cancer_type_top20,TCGA-GL-A9DD,2,0.25917956233024597,2.5892701148986816,260
cancer_type_top20,TCGA-GM-A2DH,2,0.19047512114048004,2.712986946105957,242
cancer_type_top20,TCGA-GM-A4E0,2,0.7681884765625,0.6472926735877991,43
cancer_type_top20,TCGA-GM-A5PV,2,0.5572425723075867,1.2517132759094238,49
cancer_type_top20,TCGA-GN-A263,2,0.2865510880947113,2.868438482284546,760
cancer_type_top20,TCGA-GN-A265,2,0.11667611449956894,4.833613872528076,1499
cancer_type_top20,TCGA-GN-A26A,2,0.4188801646232605,2.253988027572632,692
cancer_type_top20,TCGA-GN-A4U7,2,0.9923474788665771,0.062310248613357544,358
cancer_type_top20,TCGA-GN-A4U8,2,0.8864450454711914,0.5257119536399841,583
cancer_type_top20,TCGA-GN-A8LL,2,0.7617446184158325,1.024690866470337,77
cancer_type_top20,TCGA-GU-A42Q,2,0.11574984341859818,3.1392617225646973,247
cancer_type_top20,TCGA-GU-A764,2,0.446153461933136,1.7411470413208008,173
cancer_type_top20,TCGA-GU-AATP,2,0.23134130239486694,2.8183562755584717,434
cancer_type_top20,TCGA-GV-A3JX,2,0.1610478162765503,3.1669750213623047,372
cancer_type_top20,TCGA-GV-A3JZ,2,0.44994640350341797,2.3357112407684326,609
cancer_type_top20,TCGA-GV-A3QK,2,0.7510350346565247,1.1590313911437988,195
cancer_type_top20,TCGA-GV-A6ZA,2,0.2762543857097626,2.8949196338653564,415
cancer_type_top20,TCGA-H2-A2K9,2,0.2010834962129593,2.5973610877990723,71
cancer_type_top20,TCGA-H2-A422,2,0.9828256368637085,0.10524154454469681,17
cancer_type_top20,TCGA-H7-7774,2,0.43043145537376404,1.3589648008346558,185
cancer_type_top20,TCGA-H7-8501,2,0.08370242267847061,3.259524345397949,195
cancer_type_top20,TCGA-HB-A2OT,2,0.6416319608688354,1.1595005989074707,107
cancer_type_top20,TCGA-HB-A3L4,2,0.2732721269130707,2.1505231857299805,53
cancer_type_top20,TCGA-HC-7077,2,0.7306458950042725,1.0816571712493896,68
cancer_type_top20,TCGA-HC-7738,2,0.2608359456062317,2.645439386367798,85
cancer_type_top20,TCGA-HC-7740,2,0.3768007457256317,1.6136471033096313,55
cancer_type_top20,TCGA-HC-7742,2,0.13260482251644135,2.7667717933654785,82
cancer_type_top20,TCGA-HC-7747,2,0.35520368814468384,1.851554036140442,90
cancer_type_top20,TCGA-HC-7750,2,0.5438374876976013,1.512260913848877,21
cancer_type_top20,TCGA-HC-7817,2,0.3857923448085785,1.8415099382400513,27
cancer_type_top20,TCGA-HC-A6AN,2,0.8811805248260498,0.5641126036643982,43
cancer_type_top20,TCGA-HC-A6HX,2,0.6634758114814758,1.2541660070419312,27
cancer_type_top20,TCGA-HC-A76W,2,0.9763986468315125,0.1203719899058342,48
cancer_type_top20,TCGA-HC-A8CY,2,0.7761691808700562,0.8262953758239746,41
cancer_type_top20,TCGA-HD-7831,2,0.594532310962677,1.3595199584960938,50
cancer_type_top20,TCGA-HD-7832,2,0.4041438698768616,1.283969759941101,129
cancer_type_top20,TCGA-HD-8224,2,0.6322327256202698,1.0916028022766113,100
cancer_type_top20,TCGA-HD-8314,2,0.8795843720436096,0.5371816754341125,93
cancer_type_top20,TCGA-HD-8634,2,0.8795115351676941,0.5192606449127197,91
cancer_type_top20,TCGA-HD-A6I0,2,0.9582489728927612,0.2737695872783661,101
cancer_type_top20,TCGA-HF-7131,2,0.30057135224342346,2.4276187419891357,120
cancer_type_top20,TCGA-HQ-A5NE,2,0.36030951142311096,2.5263497829437256,509
cancer_type_top20,TCGA-HT-7469,2,0.3519321084022522,1.318543553352356,51
cancer_type_top20,TCGA-HT-7470,2,0.12838682532310486,2.6693990230560303,52
cancer_type_top20,TCGA-HT-7471,2,0.1585400104522705,2.5350100994110107,26
cancer_type_top20,TCGA-HT-7476,2,0.24064908921718597,1.9347364902496338,51
cancer_type_top20,TCGA-HT-7601,2,0.16323167085647583,2.493806838989258,32
cancer_type_top20,TCGA-HT-7605,2,0.226247638463974,2.242889165878296,39
cancer_type_top20,TCGA-HT-7606,2,0.1601502001285553,2.501549005508423,41
cancer_type_top20,TCGA-HT-7616,2,0.19677725434303284,2.420987129211426,60
cancer_type_top20,TCGA-HT-7686,2,0.1496182382106781,2.3518409729003906,27
cancer_type_top20,TCGA-HT-7691,2,0.3421882390975952,1.726001501083374,9
cancer_type_top20,TCGA-HT-7855,2,0.3230356276035309,1.8573263883590698,53
cancer_type_top20,TCGA-HT-7856,2,0.4921210706233978,1.4986376762390137,18
cancer_type_top20,TCGA-HT-7860,2,0.9776086807250977,0.16034334897994995,105
cancer_type_top20,TCGA-HT-7874,2,0.44864827394485474,1.8694192171096802,30
cancer_type_top20,TCGA-HT-7877,2,0.27879711985588074,1.8579015731811523,20
cancer_type_top20,TCGA-HT-8013,2,0.15814213454723358,2.4275705814361572,33
cancer_type_top20,TCGA-HT-8104,2,0.9916070103645325,0.057943232357501984,85
cancer_type_top20,TCGA-HT-8107,2,0.5932294726371765,0.7169327735900879,3
cancer_type_top20,TCGA-HT-8114,2,0.2090233862400055,2.3292884826660156,24
cancer_type_top20,TCGA-HT-A4DV,2,0.1547582894563675,2.1877734661102295,23
cancer_type_top20,TCGA-HT-A5RB,2,0.17260004580020905,2.4261913299560547,28
cancer_type_top20,TCGA-HT-A5RC,2,0.4056585729122162,2.0094943046569824,71
cancer_type_top20,TCGA-HT-A61B,2,0.1256888508796692,2.7522671222686768,48
cancer_type_top20,TCGA-HT-A74L,2,0.14987823367118835,2.2680153846740723,18
cancer_type_top20,TCGA-HT-A74O,2,0.17482984066009521,2.4732542037963867,28
cancer_type_top20,TCGA-HU-8238,2,0.23206421732902527,2.9354777336120605,210
cancer_type_top20,TCGA-HU-8244,2,0.570258617401123,1.9168200492858887,177
cancer_type_top20,TCGA-HU-8602,2,0.059938233345746994,4.454371929168701,4436
cancer_type_top20,TCGA-HU-A4G2,2,0.29448556900024414,2.0054192543029785,69
cancer_type_top20,TCGA-HU-A4GH,2,0.04461062699556351,5.808494567871094,1936
cancer_type_top20,TCGA-HU-A4GP,2,0.18384161591529846,2.7595462799072266,545
cancer_type_top20,TCGA-HU-A4GY,2,0.17312085628509521,3.3714518547058105,170
cancer_type_top20,TCGA-HU-A4H2,2,0.352059006690979,2.4277803897857666,233
cancer_type_top20,TCGA-HW-8319,2,0.20344997942447662,2.36257266998291,40
cancer_type_top20,TCGA-HW-8322,2,0.32359427213668823,2.2876524925231934,31
cancer_type_top20,TCGA-HW-A5KJ,2,0.1558670699596405,2.5175650119781494,53
cancer_type_top20,TCGA-IE-A4EI,2,0.5009946823120117,1.225716471672058,41
cancer_type_top20,TCGA-IF-A4AK,2,0.6135456562042236,1.1185911893844604,43
cancer_type_top20,TCGA-IG-A3Y9,2,0.1111612543463707,3.1982176303863525,360
cancer_type_top20,TCGA-IG-A3YC,2,0.33786389231681824,1.8686742782592773,79
cancer_type_top20,TCGA-IG-A8O2,2,0.2855406403541565,2.1253724098205566,235
cancer_type_top20,TCGA-IM-A3EB,2,0.8275935053825378,0.7626769542694092,8
cancer_type_top20,TCGA-IM-A3U3,2,0.9816750884056091,0.1295713186264038,25
cancer_type_top20,TCGA-IM-A41Y,2,0.9236660003662109,0.3067731559276581,36
cancer_type_top20,TCGA-IN-A6RI,2,0.3004896640777588,2.5139145851135254,131
cancer_type_top20,TCGA-IN-A6RL,2,0.1423020213842392,3.283541202545166,586
cancer_type_top20,TCGA-IN-A6RS,2,0.2533540725708008,2.2491345405578613,138
cancer_type_top20,TCGA-IN-A7NT,2,0.25030994415283203,2.472083330154419,142
cancer_type_top20,TCGA-IP-7968,2,0.14232958853244781,2.605938196182251,267
cancer_type_top20,TCGA-IR-A3LF,2,0.42882248759269714,2.009420871734619,210
cancer_type_top20,TCGA-IR-A3LK,2,0.09156531095504761,4.979739665985107,2141
cancer_type_top20,TCGA-IS-A3K6,2,0.9378406405448914,0.3656088709831238,51
cancer_type_top20,TCGA-IS-A3KA,2,0.36786922812461853,2.0710997581481934,101
cancer_type_top20,TCGA-IW-A3M5,2,0.3655898869037628,1.8370479345321655,70
cancer_type_top20,TCGA-IZ-8196,2,0.22014722228050232,2.568349838256836,220
cancer_type_top20,TCGA-IZ-A6M9,2,0.2746013104915619,2.607851028442383,92
cancer_type_top20,TCGA-J1-A4AH,2,0.28827476501464844,1.890129804611206,237
cancer_type_top20,TCGA-J2-A4AD,2,0.3338073194026947,2.5943522453308105,432
cancer_type_top20,TCGA-J4-8200,2,0.4805440902709961,1.4589780569076538,21
cancer_type_top20,TCGA-J4-A67T,2,0.2533714175224304,2.0180351734161377,26
cancer_type_top20,TCGA-J4-A6G3,2,0.6151425838470459,1.392547845840454,31
cancer_type_top20,TCGA-J4-A83I,2,0.5140000581741333,1.1507772207260132,37
cancer_type_top20,TCGA-J4-A83K,2,0.3782738745212555,1.818239688873291,33
cancer_type_top20,TCGA-J4-A83N,2,0.574600875377655,1.108420729637146,26
cancer_type_top20,TCGA-J8-A3O2,2,0.43608811497688293,1.258727788925171,31
cancer_type_top20,TCGA-J8-A3YG,2,0.7330055832862854,0.8358651399612427,7
cancer_type_top20,TCGA-J9-A52C,2,0.1925487071275711,3.134039878845215,752
cancer_type_top20,TCGA-J9-A52D,2,0.4158068299293518,2.0261948108673096,50
cancer_type_top20,TCGA-J9-A8CK,2,0.5019501447677612,1.2719926834106445,28
cancer_type_top20,TCGA-J9-A8CL,2,0.924048900604248,0.40973007678985596,69
cancer_type_top20,TCGA-JW-A5VH,2,0.3523443043231964,1.559253215789795,101
cancer_type_top20,TCGA-JY-A6FG,2,0.41937926411628723,1.5059542655944824,361
cancer_type_top20,TCGA-JY-A6FH,2,0.8567649722099304,0.8081461787223816,207
cancer_type_top20,TCGA-K1-A6RV,2,0.6985180377960205,1.1561723947525024,111
cancer_type_top20,TCGA-K4-A5RJ,2,0.13736358284950256,3.2241148948669434,496
cancer_type_top20,TCGA-K4-A6FZ,2,0.32146480679512024,2.417264223098755,1046
cancer_type_top20,TCGA-K4-AAQO,2,0.1558917909860611,2.8459267616271973,338
cancer_type_top20,TCGA-K6-A3WQ,2,0.46391189098358154,1.8059746026992798,55
cancer_type_top20,TCGA-K7-A5RF,2,0.20660006999969482,2.713901996612549,165
cancer_type_top20,TCGA-KB-A6F5,2,0.23431949317455292,2.4671270847320557,87
cancer_type_top20,TCGA-KC-A7F6,2,0.48764437437057495,1.5270276069641113,31
cancer_type_top20,TCGA-KK-A7AY,2,0.8905127644538879,0.531540036201477,53
cancer_type_top20,TCGA-KK-A7B3,2,0.4642616808414459,1.7831366062164307,43
cancer_type_top20,TCGA-KK-A8I5,2,0.42818373441696167,2.328061103820801,48
cancer_type_top20,TCGA-KK-A8I6,2,0.7406091690063477,1.0478802919387817,37
cancer_type_top20,TCGA-KK-A8I9,2,0.30047112703323364,2.070157289505005,52
cancer_type_top20,TCGA-KK-A8ID,2,0.4056660234928131,2.046013116836548,74
cancer_type_top20,TCGA-KK-A8IH,2,0.43609270453453064,1.639694333076477,30
cancer_type_top20,TCGA-KK-A8IJ,2,0.5783287286758423,0.9585099816322327,37
cancer_type_top20,TCGA-KK-A8IK,2,0.38526451587677,1.8951348066329956,41
cancer_type_top20,TCGA-KK-A8IM,2,0.8404008746147156,0.6713583469390869,31
cancer_type_top20,TCGA-KP-A3VZ,2,0.3918808698654175,2.091304063796997,153
cancer_type_top20,TCGA-KQ-A41Q,2,0.47088006138801575,1.878068208694458,350
cancer_type_top20,TCGA-KR-A7K7,2,0.5566162467002869,1.0459884405136108,91
cancer_type_top20,TCGA-KS-A4ID,2,0.6749697923660278,1.001804232597351,16
cancer_type_top20,TCGA-KU-A6H7,2,0.22901499271392822,2.734550952911377,298
cancer_type_top20,TCGA-KV-A6GE,2,0.46555086970329285,1.5511584281921387,64
cancer_type_top20,TCGA-L5-A43C,2,0.17497125267982483,2.4146976470947266,217
cancer_type_top20,TCGA-L5-A43E,2,0.09529681503772736,3.873943328857422,461
cancer_type_top20,TCGA-L5-A4OG,2,0.25024789571762085,2.3350229263305664,248
cancer_type_top20,TCGA-L5-A4OS,2,0.29055529832839966,2.246469497680664,151
cancer_type_top20,TCGA-L5-A4OU,2,0.5286767482757568,2.2773494720458984,296
cancer_type_top20,TCGA-L5-A88S,2,0.7915285229682922,0.8066370487213135,129
cancer_type_top20,TCGA-L5-A88Z,2,0.8607995510101318,0.690356433391571,125
cancer_type_top20,TCGA-L5-A8NI,2,0.36475709080696106,2.5701489448547363,333
cancer_type_top20,TCGA-L5-A8NM,2,0.32074177265167236,2.014172077178955,2646
cancer_type_top20,TCGA-L5-A8NQ,2,0.20549999177455902,2.770066022872925,365
cancer_type_top20,TCGA-L5-A8NU,2,0.5251961350440979,1.2772706747055054,93
cancer_type_top20,TCGA-L9-A5IP,2,0.17232316732406616,2.8403468132019043,366
cancer_type_top20,TCGA-LD-A74U,2,0.22679930925369263,2.8717684745788574,361
cancer_type_top20,TCGA-LL-A5YM,2,0.9287456274032593,0.3487357795238495,46
cancer_type_top20,TCGA-LL-A6FQ,2,0.9354642033576965,0.3113830089569092,73
cancer_type_top20,TCGA-LL-A73Z,2,0.7907130718231201,0.9435456991195679,62
cancer_type_top20,TCGA-LN-A49L,2,0.4546893239021301,2.21529221534729,250
cancer_type_top20,TCGA-LN-A49U,2,0.15518169105052948,2.7971816062927246,244
cancer_type_top20,TCGA-LN-A49W,2,0.4764060974121094,1.6156871318817139,133
cancer_type_top20,TCGA-LN-A49X,2,0.45827439427375793,1.5774331092834473,113
cancer_type_top20,TCGA-LN-A5U6,2,0.2548718750476837,2.4206583499908447,151
cancer_type_top20,TCGA-LN-A7HZ,2,0.6134752631187439,1.3149174451828003,117
cancer_type_top20,TCGA-LN-A8I1,2,0.6643895506858826,1.5124597549438477,153
cancer_type_top20,TCGA-LN-A9FP,2,0.1266404539346695,3.2043919563293457,635
cancer_type_top20,TCGA-LP-A4AW,2,0.2723497450351715,1.6759276390075684,176
cancer_type_top20,TCGA-LP-A4AX,2,0.4496523141860962,1.6706656217575073,74
cancer_type_top20,TCGA-LP-A5U3,2,0.29377976059913635,1.8273663520812988,64
cancer_type_top20,TCGA-LP-A7HU,2,0.25803709030151367,2.265439033508301,275
cancer_type_top20,TCGA-LT-A5Z6,2,0.12644320726394653,3.6108100414276123,741
cancer_type_top20,TCGA-M7-A71Y,2,0.8457318544387817,0.7142829298973083,23
cancer_type_top20,TCGA-M7-A721,2,0.523686408996582,1.4036078453063965,44
cancer_type_top20,TCGA-M9-A5M8,2,0.33939921855926514,1.9127697944641113,130
cancer_type_top20,TCGA-MA-AA41,2,0.476181298494339,2.6317267417907715,814
cancer_type_top20,TCGA-MA-AA42,2,0.3676649332046509,2.68410325050354,838
cancer_type_top20,TCGA-MH-A561,2,0.175215944647789,2.926314353942871,134
cancer_type_top20,TCGA-MH-A854,2,0.46552973985671997,1.8895492553710938,175
cancer_type_top20,TCGA-MH-A855,2,0.8280913233757019,0.7523946762084961,39
cancer_type_top20,TCGA-MH-A856,2,0.5087075233459473,1.3281099796295166,100
cancer_type_top20,TCGA-MI-A75E,2,0.3197299540042877,2.2555642127990723,192
cancer_type_top20,TCGA-MI-A75H,2,0.2905380129814148,2.1704471111297607,197
cancer_type_top20,TCGA-MK-A4N7,2,0.872380793094635,0.6521459817886353,22
cancer_type_top20,TCGA-MN-A4N5,2,0.06793757528066635,3.70839786529541,582
cancer_type_top20,TCGA-MP-A4SY,2,0.36496731638908386,2.1812000274658203,220
cancer_type_top20,TCGA-MP-A4T6,2,0.39510485529899597,1.8771916627883911,96
cancer_type_top20,TCGA-MP-A4TE,2,0.4268547594547272,1.6640119552612305,181
cancer_type_top20,TCGA-MP-A4TF,2,0.10677263885736465,3.1987152099609375,563
cancer_type_top20,TCGA-MT-A67D,2,0.5130515694618225,1.3521041870117188,133
cancer_type_top20,TCGA-MT-A67G,2,0.5189685821533203,1.2001272439956665,80
cancer_type_top20,TCGA-MX-A663,2,0.8373994827270508,0.6575605273246765,109
cancer_type_top20,TCGA-MX-A666,2,0.734240710735321,1.1882091760635376,152
cancer_type_top20,TCGA-MY-A913,2,0.19715553522109985,2.608340263366699,281
cancer_type_top20,TCGA-NC-A5HD,2,0.12754274904727936,2.813504695892334,584
cancer_type_top20,TCGA-NC-A5HE,2,0.17981690168380737,2.420053005218506,259
cancer_type_top20,TCGA-NC-A5HL,2,0.27933040261268616,2.762967586517334,277
cancer_type_top20,TCGA-NC-A5HT,2,0.25924816727638245,2.4302711486816406,432
cancer_type_top20,TCGA-NI-A4U2,2,0.18968859314918518,2.624490737915039,330
cancer_type_top20,TCGA-NI-A8LF,2,0.44064170122146606,1.9900619983673096,156
cancer_type_top20,TCGA-NJ-A4YG,2,0.3148428201675415,2.115495443344116,202
cancer_type_top20,TCGA-NK-A5CT,2,0.16878332197666168,3.0033493041992188,419
cancer_type_top20,TCGA-O2-A52W,2,0.3919233977794647,1.5727726221084595,162
cancer_type_top20,TCGA-OL-A5D6,2,0.8127970695495605,0.6448806524276733,62
cancer_type_top20,TCGA-OL-A5RU,2,0.4320847988128662,1.9159331321716309,50
cancer_type_top20,TCGA-OL-A5RX,2,0.5043143630027771,1.054059624671936,39
cancer_type_top20,TCGA-OL-A66H,2,0.35881441831588745,1.8952231407165527,31
cancer_type_top20,TCGA-OL-A66I,2,0.4107505679130554,1.4540313482284546,60
cancer_type_top20,TCGA-OL-A6VO,2,0.4353328049182892,1.2985987663269043,62
cancer_type_top20,TCGA-OL-A97C,2,0.3383342921733856,1.9141263961791992,96
cancer_type_top20,TCGA-OX-A56R,2,0.6201427578926086,1.2927706241607666,53
cancer_type_top20,TCGA-OY-A56P,2,0.3647572100162506,1.4463196992874146,58
cancer_type_top20,TCGA-P3-A6SW,2,0.2983889579772949,2.198742151260376,115
cancer_type_top20,TCGA-P3-A6T2,2,0.5585377216339111,1.2646862268447876,87
cancer_type_top20,TCGA-P4-A5EA,2,0.32368505001068115,2.236701011657715,91
cancer_type_top20,TCGA-P4-A5ED,2,0.7865963578224182,0.8301383256912231,18
cancer_type_top20,TCGA-P4-AAVL,2,0.42362913489341736,2.5340416431427,108
cancer_type_top20,TCGA-P5-A5F0,2,0.24194015562534332,2.4988555908203125,39
cancer_type_top20,TCGA-P5-A735,2,0.24125392735004425,1.9813045263290405,30
cancer_type_top20,TCGA-P5-A736,2,0.15139058232307434,2.5256452560424805,35
cancer_type_top20,TCGA-P5-A77W,2,0.25480011105537415,2.0081746578216553,39
cancer_type_top20,TCGA-PC-A5DN,2,0.42409753799438477,1.6933633089065552,77
cancer_type_top20,TCGA-PL-A8LX,2,0.36311107873916626,1.7151941061019897,53
cancer_type_top20,TCGA-PN-A8MA,2,0.22175444662570953,2.363746166229248,243
cancer_type_top20,TCGA-Q1-A6DW,2,0.18968763947486877,2.3788628578186035,162
cancer_type_top20,TCGA-Q1-A73O,2,0.23564554750919342,4.438335418701172,2428
cancer_type_top20,TCGA-Q1-A73P,2,0.4058723449707031,2.3790485858917236,422
cancer_type_top20,TCGA-QB-A6FS,2,0.9734678268432617,0.2269289493560791,1620
cancer_type_top20,TCGA-QC-A7B5,2,0.308284193277359,2.8189783096313477,3539
cancer_type_top20,TCGA-QG-A5YW,2,0.861768901348114,0.5790907144546509,215
cancer_type_top20,TCGA-QG-A5YX,2,0.7382808327674866,0.9295660257339478,130
cancer_type_top20,TCGA-QH-A6CS,2,0.945207417011261,0.3069245517253876,27
cancer_type_top20,TCGA-QH-A6CW,2,0.2858060896396637,2.0085761547088623,54
cancer_type_top20,TCGA-QH-A6CY,2,0.27391117811203003,2.1305530071258545,22
cancer_type_top20,TCGA-QH-A6X8,2,0.1259728968143463,2.6067872047424316,39
cancer_type_top20,TCGA-QH-A6XA,2,0.27886131405830383,1.839089274406433,15
cancer_type_top20,TCGA-QK-A8ZA,2,0.639765739440918,1.4082411527633667,157
cancer_type_top20,TCGA-QQ-A5V9,2,0.5051400661468506,1.5469281673431396,102
cancer_type_top20,TCGA-QS-A5YR,2,0.9341175556182861,0.3253464698791504,455
cancer_type_top20,TCGA-R6-A6DQ,2,0.6204431653022766,1.4112902879714966,129
cancer_type_top20,TCGA-R6-A6L4,2,0.16145840287208557,3.142091751098633,166
cancer_type_top20,TCGA-R6-A6Y0,2,0.11254233121871948,3.1876473426818848,287
cancer_type_top20,TCGA-R6-A8WC,2,0.7019384503364563,1.318227767944336,219
cancer_type_top20,TCGA-RC-A6M5,2,0.22609637677669525,2.2813000679016113,35
cancer_type_top20,TCGA-RC-A7SH,2,0.783083975315094,1.1017860174179077,97
cancer_type_top20,TCGA-RD-A8MV,2,0.5283176898956299,1.5706745386123657,92
cancer_type_top20,TCGA-RE-A7BO,2,0.17939762771129608,3.1457388401031494,346
cancer_type_top20,TCGA-RP-A6K9,2,0.3366951644420624,1.9785373210906982,69
cancer_type_top20,TCGA-RR-A6KA,2,0.9726373553276062,0.15131787955760956,69
cancer_type_top20,TCGA-RR-A6KC,2,0.7419005632400513,1.0944502353668213,64
cancer_type_top20,TCGA-RY-A83X,2,0.22142936289310455,2.3991658687591553,27
cancer_type_top20,TCGA-RY-A840,2,0.4224056005477905,1.6751264333724976,23
cancer_type_top20,TCGA-RY-A845,2,0.28790488839149475,1.755661129951477,33
cancer_type_top20,TCGA-RY-A847,2,0.20648713409900665,2.2133612632751465,22
cancer_type_top20,TCGA-S3-A6ZG,2,0.45532625913619995,1.3652127981185913,65
cancer_type_top20,TCGA-S9-A6TS,2,0.13946133852005005,2.619985580444336,88
cancer_type_top20,TCGA-S9-A6TV,2,0.15454277396202087,2.4650697708129883,39
cancer_type_top20,TCGA-S9-A6TW,2,0.619239330291748,1.325552225112915,41
cancer_type_top20,TCGA-S9-A6U6,2,0.124409519135952,2.6037545204162598,45
cancer_type_top20,TCGA-S9-A6WH,2,0.20971059799194336,2.6794943809509277,103
cancer_type_top20,TCGA-S9-A6WO,2,0.12961642444133759,2.6061105728149414,36
cancer_type_top20,TCGA-S9-A6WQ,2,0.13379155099391937,2.731161594390869,49
cancer_type_top20,TCGA-S9-A7IZ,2,0.1850588172674179,2.269495725631714,45
cancer_type_top20,TCGA-S9-A7J2,2,0.15629146993160248,2.2707278728485107,13
cancer_type_top20,TCGA-S9-A7QW,2,0.15052667260169983,2.818727493286133,48
cancer_type_top20,TCGA-S9-A7QX,2,0.2525545060634613,2.143442153930664,33
cancer_type_top20,TCGA-SG-A849,2,0.3381139934062958,1.7287689447402954,83
cancer_type_top20,TCGA-SI-A71P,2,0.3077380359172821,1.7039445638656616,54
cancer_type_top20,TCGA-SL-A6J9,2,0.5729280710220337,1.568297266960144,81
cancer_type_top20,TCGA-SL-A6JA,2,0.36239638924598694,2.2300167083740234,1360
cancer_type_top20,TCGA-SX-A7SL,2,0.1548735648393631,2.8014488220214844,131
cancer_type_top20,TCGA-SX-A7SP,2,0.4500078856945038,1.859604835510254,114
cancer_type_top20,TCGA-SX-A7SR,2,0.29930567741394043,2.032543182373047,128
cancer_type_top20,TCGA-SX-A7SU,2,0.4690932631492615,1.4382250308990479,62
cancer_type_top20,TCGA-T1-A6J8,2,0.5689789652824402,1.4791018962860107,120
cancer_type_top20,TCGA-T2-A6WX,2,0.34159988164901733,2.0632100105285645,251
cancer_type_top20,TCGA-T3-A92M,2,0.24312488734722137,2.899698257446289,459
cancer_type_top20,TCGA-UC-A7PI,2,0.9863091707229614,0.08858414739370346,88
cancer_type_top20,TCGA-UF-A7JA,2,0.3392103612422943,2.659519672393799,268
cancer_type_top20,TCGA-UF-A7JD,2,0.4248316287994385,2.0424389839172363,140
cancer_type_top20,TCGA-UF-A7JK,2,0.22972115874290466,2.337818145751953,143
cancer_type_top20,TCGA-UN-AAZ9,2,0.21497742831707,2.429046630859375,37
cancer_type_top20,TCGA-UY-A78K,2,0.11436302959918976,3.3637824058532715,1077
cancer_type_top20,TCGA-UY-A78L,2,0.1185799390077591,3.1834492683410645,291
cancer_type_top20,TCGA-UZ-A9PS,2,0.22015073895454407,3.1719253063201904,346
cancer_type_top20,TCGA-UZ-A9PV,2,0.16916224360466003,2.363344430923462,75
cancer_type_top20,TCGA-V1-A8MG,2,0.3068355619907379,1.9542691707611084,30
cancer_type_top20,TCGA-V1-A8MM,2,0.9714837670326233,0.1428549587726593,28
cancer_type_top20,TCGA-V1-A8MU,2,0.282142698764801,2.0003325939178467,38
cancer_type_top20,TCGA-V1-A8WW,2,0.37148526310920715,1.8380197286605835,44
cancer_type_top20,TCGA-V1-A8X3,2,0.37646958231925964,1.9411686658859253,34
cancer_type_top20,TCGA-V1-A9O7,2,0.6448659896850586,1.5696018934249878,38
cancer_type_top20,TCGA-V1-A9OX,2,0.19069048762321472,2.387157917022705,31
cancer_type_top20,TCGA-V5-A7RB,2,0.3163203299045563,2.133883476257324,366
cancer_type_top20,TCGA-VG-A8LO,2,0.33686941862106323,1.7920818328857422,117
cancer_type_top20,TCGA-VM-A8C9,2,0.9826169610023499,0.1187053844332695,8
cancer_type_top20,TCGA-VM-A8CB,2,0.1672673523426056,2.6326892375946045,33
cancer_type_top20,TCGA-VN-A88K,2,0.3893880248069763,1.8786909580230713,27
cancer_type_top20,TCGA-VN-A88N,2,0.3118399381637573,2.171769618988037,28
cancer_type_top20,TCGA-VP-A872,2,0.6243016123771667,1.3318781852722168,32
cancer_type_top20,TCGA-VP-A876,2,0.37904152274131775,1.455277681350708,28
cancer_type_top20,TCGA-VP-A878,2,0.311980277299881,2.05796217918396,37
cancer_type_top20,TCGA-VP-A87C,2,0.46297428011894226,1.2379850149154663,27
cancer_type_top20,TCGA-VP-A87D,2,0.8764275908470154,0.7159999012947083,67
cancer_type_top20,TCGA-VP-A87E,2,0.21509400010108948,2.1918044090270996,29
cancer_type_top20,TCGA-VP-AA1N,2,0.6757228374481201,1.2316582202911377,42
cancer_type_top20,TCGA-VQ-A8PD,2,0.329634428024292,2.202221632003784,106
cancer_type_top20,TCGA-VQ-A8PH,2,0.19704976677894592,3.1918327808380127,254
cancer_type_top20,TCGA-VQ-A8PP,2,0.3953305780887604,2.0057291984558105,1945
cancer_type_top20,TCGA-VQ-A91D,2,0.22504866123199463,3.084794521331787,3159
cancer_type_top20,TCGA-VQ-A91Q,2,0.19629445672035217,2.7529397010803223,141
cancer_type_top20,TCGA-VQ-A94O,2,0.4743167459964752,1.6136963367462158,83
cancer_type_top20,TCGA-VQ-A94R,2,0.30802714824676514,2.6213955879211426,386
cancer_type_top20,TCGA-VQ-A94T,2,0.5532807111740112,1.7922409772872925,106
cancer_type_top20,TCGA-VQ-A94U,2,0.22151398658752441,2.517216444015503,205
cancer_type_top20,TCGA-VQ-AA64,2,0.16985639929771423,3.0513393878936768,337
cancer_type_top20,TCGA-VQ-AA6K,2,0.8742160201072693,0.7046534419059753,99
cancer_type_top20,TCGA-VR-A8EX,2,0.4568116068840027,1.7710282802581787,196
cancer_type_top20,TCGA-VR-AA4G,2,0.8574211001396179,0.680830180644989,112
cancer_type_top20,TCGA-VS-A8EB,2,0.3680310547351837,1.6884887218475342,120
cancer_type_top20,TCGA-VS-A8EK,2,0.30988308787345886,1.9875314235687256,372
cancer_type_top20,TCGA-VS-A952,2,0.25859907269477844,2.296889543533325,209
cancer_type_top20,TCGA-VS-A957,2,0.7757570743560791,0.9461976885795593,110
cancer_type_top20,TCGA-VS-A9UB,2,0.2307015210390091,1.94549560546875,174
cancer_type_top20,TCGA-VS-A9UL,2,0.24381254613399506,2.0469138622283936,220
cancer_type_top20,TCGA-VS-A9UO,2,0.5697013139724731,1.2646374702453613,78
cancer_type_top20,TCGA-VS-A9UR,2,0.21382001042366028,2.167346954345703,196
cancer_type_top20,TCGA-VS-A9V5,2,0.4104594886302948,1.4645113945007324,230
cancer_type_top20,TCGA-VT-AB3D,2,0.4620177447795868,1.317783236503601,97
cancer_type_top20,TCGA-VW-A7QS,2,0.2356998324394226,2.2634687423706055,52
cancer_type_top20,TCGA-W3-A828,2,0.6184117794036865,1.7457995414733887,1879
cancer_type_top20,TCGA-W3-AA1O,2,0.9654226303100586,0.24464726448059082,1054
cancer_type_top20,TCGA-W8-A86G,2,0.5162492990493774,1.4731682538986206,39
cancer_type_top20,TCGA-WA-A7GZ,2,0.21144789457321167,2.848203659057617,273
cancer_type_top20,TCGA-WE-A8JZ,2,0.6576282382011414,1.3458397388458252,285
cancer_type_top20,TCGA-WE-A8K4,2,0.4878585934638977,1.505204677581787,1172
cancer_type_top20,TCGA-WE-A8ZO,2,0.30242884159088135,2.2348082065582275,487
cancer_type_top20,TCGA-WK-A8XO,2,0.4198642373085022,1.605019450187683,71
cancer_type_top20,TCGA-WN-AB4C,2,0.5029224157333374,1.742116093635559,134
cancer_type_top20,TCGA-WX-AA46,2,0.8211970329284668,0.8388068675994873,92
cancer_type_top20,TCGA-WY-A85B,2,0.1989980936050415,2.1269195079803467,19
cancer_type_top20,TCGA-X6-A8C2,2,0.2423858493566513,2.4630746841430664,129
cancer_type_top20,TCGA-X6-A8C5,2,0.22220253944396973,2.125511884689331,99
cancer_type_top20,TCGA-X8-AAAR,2,0.30490922927856445,2.3390755653381348,185
cancer_type_top20,TCGA-X9-A971,2,0.27617132663726807,2.248430013656616,82
cancer_type_top20,TCGA-XF-A8HC,2,0.47195684909820557,1.7294092178344727,208
cancer_type_top20,TCGA-XF-A8HH,2,0.272499680519104,1.9969185590744019,157
cancer_type_top20,TCGA-XF-A9SI,2,0.16688333451747894,3.1939802169799805,471
cancer_type_top20,TCGA-XF-A9SM,2,0.15446890890598297,2.973663091659546,324
cancer_type_top20,TCGA-XF-A9SU,2,0.4875345826148987,1.6138145923614502,71
cancer_type_top20,TCGA-XF-A9SY,2,0.1360039860010147,3.184767723083496,577
cancer_type_top20,TCGA-XF-A9T8,2,0.05019069463014603,4.404196262359619,951
cancer_type_top20,TCGA-XF-AAMW,2,0.4534381628036499,1.3495533466339111,42
cancer_type_top20,TCGA-XF-AAN7,2,0.31293216347694397,1.661634922027588,190
cancer_type_top20,TCGA-XJ-A9DQ,2,0.35841989517211914,1.7826271057128906,11
cancer_type_top20,TCGA-XK-AAIR,2,0.6656445860862732,1.2948216199874878,35
cancer_type_top20,TCGA-XK-AAIV,2,0.748305082321167,1.1263362169265747,58
cancer_type_top20,TCGA-XK-AAJU,2,1.0,-0.0,1
cancer_type_top20,TCGA-XK-AAK1,2,0.783355712890625,0.9153463840484619,48
cancer_type_top20,TCGA-XV-A9W5,2,0.8176971077919006,0.6620067358016968,137
cancer_type_top20,TCGA-XX-A89A,2,0.13663381338119507,3.073859691619873,271
cancer_type_top20,TCGA-Y6-A9XI,2,0.8860429525375366,0.581695556640625,55
cancer_type_top20,TCGA-Y8-A894,2,0.25723886489868164,2.3950719833374023,126
cancer_type_top20,TCGA-Y8-A896,2,0.6124134063720703,1.5968644618988037,144
cancer_type_top20,TCGA-Y8-A897,2,0.8436632752418518,0.8545727729797363,104
cancer_type_top20,TCGA-Y8-A8RY,2,0.09060794115066528,3.198591470718384,202
cancer_type_top20,TCGA-YC-A89H,2,0.3029651641845703,2.6480796337127686,2305
cancer_type_top20,TCGA-YG-AA3N,2,0.5034998059272766,1.0083580017089844,2812
cancer_type_top20,TCGA-YL-A8SO,2,0.8440859913825989,0.7335121035575867,48
cancer_type_top20,TCGA-YL-A8SP,2,0.6136073470115662,1.372781753540039,33
cancer_type_top20,TCGA-YL-A9WL,2,0.5817712545394897,1.5013381242752075,36
cancer_type_top20,TCGA-Z2-AA3S,2,0.9167688488960266,0.5976967811584473,297
cancer_type_top20,TCGA-Z4-A8JB,2,0.794535219669342,0.7151884436607361,37
cancer_type_top20,TCGA-Z4-AAPF,2,0.7362242937088013,0.8182561993598938,33
cancer_type_top20,TCGA-ZF-A9RG,2,0.24037010967731476,2.449075698852539,326
cancer_type_top20,TCGA-ZF-A9RL,2,0.248264878988266,3.1567599773406982,447
cancer_type_top20,TCGA-ZF-AA58,2,0.12245406210422516,3.1124401092529297,292
cancer_type_top20,TCGA-ZG-A9L6,2,0.861096978187561,0.6473513841629028,45
cancer_type_top20,TCGA-ZG-A9LU,2,0.5532776713371277,1.484692096710205,31
cancer_type_top20,TCGA-ZG-A9LY,2,0.32703542709350586,2.2585995197296143,44
cancer_type_top20,TCGA-ZJ-AAX4,2,0.48385557532310486,1.3184387683868408,94
cancer_type_top20,TCGA-ZJ-AAXA,2,0.2465212643146515,1.992622971534729,116
cancer_type_top20,TCGA-ZJ-AAXB,2,0.23332947492599487,2.327035665512085,252
cancer_type_top20,TCGA-ZJ-AAXD,2,0.32113882899284363,1.8744271993637085,139
cancer_type_top20,TCGA-ZJ-AAXT,2,0.2495715171098709,2.658900737762451,285
cancer_type_top20,TCGA-ZJ-AB0I,2,0.37469682097435,1.929436445236206,162
cancer_type_top20,TCGA-ZP-A9CY,2,0.694977343082428,1.0005732774734497,124
cancer_type_top20,TCGA-ZP-A9D0,2,0.7316418886184692,1.0855143070220947,81
cancer_type_top20,TCGA-02-0033,3,0.9285463690757751,0.2800661027431488,41
cancer_type_top20,TCGA-02-2485,3,0.6975284218788147,0.913104772567749,79
cancer_type_top20,TCGA-02-2486,3,0.28149205446243286,2.2310004234313965,74
cancer_type_top20,TCGA-04-1342,3,0.6495441198348999,1.1609777212142944,274
cancer_type_top20,TCGA-04-1349,3,0.8245344758033752,0.641454815864563,87
cancer_type_top20,TCGA-04-1357,3,0.9888206124305725,0.07614041119813919,117
cancer_type_top20,TCGA-04-1649,3,0.9806232452392578,0.12187454104423523,121
cancer_type_top20,TCGA-05-4403,3,0.41412633657455444,1.9901556968688965,179
cancer_type_top20,TCGA-05-4420,3,0.5437185168266296,1.9680957794189453,384
cancer_type_top20,TCGA-06-0124,3,0.4809631109237671,1.5794808864593506,78
cancer_type_top20,TCGA-06-0125,3,0.4999984800815582,0.6931940317153931,190
cancer_type_top20,TCGA-06-0128,3,0.6206076145172119,0.7307707071304321,76
cancer_type_top20,TCGA-06-0130,3,0.2401214838027954,2.0280797481536865,39
cancer_type_top20,TCGA-06-0137,3,0.3188653588294983,2.547123908996582,108
cancer_type_top20,TCGA-06-0141,3,0.992872953414917,0.058378223329782486,23
cancer_type_top20,TCGA-06-0173,3,0.9797423481941223,0.12970466911792755,98
cancer_type_top20,TCGA-06-0187,3,0.6676711440086365,1.0706963539123535,52
cancer_type_top20,TCGA-06-0192,3,0.9875840544700623,0.09078950434923172,91
cancer_type_top20,TCGA-06-0238,3,0.7750221490859985,0.7718988060951233,54
cancer_type_top20,TCGA-06-0644,3,0.9577973484992981,0.19765767455101013,72
cancer_type_top20,TCGA-06-0645,3,0.9817772507667542,0.12867315113544464,78
cancer_type_top20,TCGA-06-0747,3,0.32487785816192627,2.2697558403015137,96
cancer_type_top20,TCGA-06-0939,3,0.4283725917339325,1.4844945669174194,102
cancer_type_top20,TCGA-06-1802,3,0.9563872814178467,0.335903525352478,733
cancer_type_top20,TCGA-06-2559,3,0.42956432700157166,1.4972585439682007,86
cancer_type_top20,TCGA-06-2562,3,0.5183056592941284,1.21553635597229,81
cancer_type_top20,TCGA-06-5408,3,0.44532671570777893,1.512853980064392,68
cancer_type_top20,TCGA-06-5415,3,0.5205485820770264,2.273916244506836,65
cancer_type_top20,TCGA-06-5416,3,0.4611126780509949,1.2592713832855225,5000
cancer_type_top20,TCGA-06-5418,3,0.8098986148834229,0.8422461748123169,62
cancer_type_top20,TCGA-06-5859,3,0.4281900227069855,1.3261197805404663,58
cancer_type_top20,TCGA-06-6390,3,0.7418659925460815,1.1636621952056885,63
cancer_type_top20,TCGA-06-A6S0,3,0.4588293433189392,1.887351155281067,88
cancer_type_top20,TCGA-09-1664,3,0.9164938926696777,0.29269465804100037,19
cancer_type_top20,TCGA-09-1670,3,0.24026606976985931,2.2492034435272217,40
cancer_type_top20,TCGA-09-2045,3,0.42072343826293945,1.7673484086990356,61
cancer_type_top20,TCGA-09-2050,3,0.14783672988414764,3.206557273864746,164
cancer_type_top20,TCGA-09-2051,3,0.2589529752731323,1.9771360158920288,327
cancer_type_top20,TCGA-09-2053,3,0.4176011383533478,1.627288579940796,104
cancer_type_top20,TCGA-10-0926,3,0.9223732948303223,0.4003194272518158,29
cancer_type_top20,TCGA-10-0928,3,0.8671765327453613,0.5526962876319885,12
cancer_type_top20,TCGA-10-0931,3,0.9767024517059326,0.1501522660255432,83
cancer_type_top20,TCGA-12-0619,3,0.7500308752059937,0.7900913953781128,71
cancer_type_top20,TCGA-12-0778,3,0.9920656085014343,0.06243491917848587,440
cancer_type_top20,TCGA-12-0819,3,0.6328644752502441,1.4194680452346802,74
cancer_type_top20,TCGA-12-0826,3,0.9600281715393066,0.23792831599712372,101
cancer_type_top20,TCGA-12-3653,3,0.6417628526687622,0.8905203938484192,33
cancer_type_top20,TCGA-12-5301,3,0.5837942361831665,1.4099949598312378,92
cancer_type_top20,TCGA-13-0714,3,0.6044505834579468,0.8629221320152283,7
cancer_type_top20,TCGA-13-0760,3,0.32979875802993774,1.9076054096221924,243
cancer_type_top20,TCGA-13-0764,3,0.42985934019088745,1.6269620656967163,46
cancer_type_top20,TCGA-13-0768,3,0.8860703706741333,0.5885123610496521,35
cancer_type_top20,TCGA-13-0794,3,0.4600481390953064,1.1961852312088013,35
cancer_type_top20,TCGA-13-0883,3,0.9957560896873474,0.03716886788606644,46
cancer_type_top20,TCGA-13-0889,3,0.47343048453330994,2.7369556427001953,1106
cancer_type_top20,TCGA-13-0903,3,0.32537999749183655,2.0140719413757324,365
cancer_type_top20,TCGA-13-0904,3,0.5489599108695984,1.086941123008728,66
cancer_type_top20,TCGA-13-0905,3,0.5722699165344238,0.9199693202972412,115
cancer_type_top20,TCGA-13-0916,3,0.7557823061943054,0.8628977537155151,44
cancer_type_top20,TCGA-13-0921,3,0.319853276014328,2.3644115924835205,53
cancer_type_top20,TCGA-13-1487,3,0.9918829202651978,0.0652795359492302,35
cancer_type_top20,TCGA-13-1489,3,0.27255797386169434,2.37304949760437,78
cancer_type_top20,TCGA-13-1494,3,0.6317700743675232,1.4292746782302856,118
cancer_type_top20,TCGA-13-1501,3,0.5258117318153381,1.6471881866455078,117
cancer_type_top20,TCGA-13-1505,3,0.5518897175788879,1.3595170974731445,105
cancer_type_top20,TCGA-13-1506,3,0.8177319169044495,0.690978467464447,36
cancer_type_top20,TCGA-13-2065,3,0.4574049711227417,1.5109940767288208,70
cancer_type_top20,TCGA-14-0865,3,0.43122291564941406,1.3313453197479248,94
cancer_type_top20,TCGA-14-0866,3,0.31754767894744873,2.3271381855010986,584
cancer_type_top20,TCGA-14-1396,3,0.7002482414245605,0.7192729711532593,432
cancer_type_top20,TCGA-14-1451,3,0.9990206956863403,0.008399822749197483,48
cancer_type_top20,TCGA-14-1821,3,0.470382958650589,1.4309601783752441,30
cancer_type_top20,TCGA-14-3476,3,0.5087211728096008,1.4106340408325195,87
cancer_type_top20,TCGA-18-3407,3,0.17037269473075867,3.452572822570801,417
cancer_type_top20,TCGA-18-3417,3,0.29006022214889526,2.654738426208496,366
cancer_type_top20,TCGA-19-1386,3,0.1938323974609375,2.513066530227661,207
cancer_type_top20,TCGA-19-1786,3,0.7912644147872925,0.9057357311248779,86
cancer_type_top20,TCGA-19-1788,3,0.9998339414596558,0.0020555586088448763,245
cancer_type_top20,TCGA-19-2620,3,0.7511141300201416,0.8449666500091553,99
cancer_type_top20,TCGA-19-2624,3,0.5969151258468628,1.8002289533615112,60
cancer_type_top20,TCGA-19-2625,3,0.9803751111030579,0.11346762627363205,72
cancer_type_top20,TCGA-19-2631,3,0.3270091712474823,1.9603804349899292,118
cancer_type_top20,TCGA-19-5953,3,0.29556360840797424,2.1087915897369385,70
cancer_type_top20,TCGA-19-A6J5,3,0.46555426716804504,1.6451417207717896,59
cancer_type_top20,TCGA-20-1682,3,0.7055811285972595,1.098506212234497,121
cancer_type_top20,TCGA-21-1071,3,0.3511779308319092,2.229851484298706,222
cancer_type_top20,TCGA-21-1082,3,0.3218063712120056,2.994194507598877,512
cancer_type_top20,TCGA-21-5787,3,0.16079534590244293,3.133444309234619,532
cancer_type_top20,TCGA-22-0940,3,0.786794900894165,1.1190874576568604,289
cancer_type_top20,TCGA-22-1000,3,0.4422212839126587,1.367833137512207,124
cancer_type_top20,TCGA-22-1002,3,0.3207879364490509,2.1164045333862305,306
cancer_type_top20,TCGA-22-4596,3,0.7054809927940369,0.6942075490951538,177
cancer_type_top20,TCGA-22-4599,3,0.5394776463508606,2.009153127670288,466
cancer_type_top20,TCGA-22-4613,3,0.35649368166923523,1.6335780620574951,826
cancer_type_top20,TCGA-22-5483,3,0.2592372000217438,2.3018088340759277,309
cancer_type_top20,TCGA-22-5485,3,0.3483249843120575,1.8445388078689575,271
cancer_type_top20,TCGA-22-A5C4,3,0.6982207298278809,1.2551521062850952,470
cancer_type_top20,TCGA-23-1123,3,0.38142088055610657,1.7280374765396118,113
cancer_type_top20,TCGA-23-2079,3,0.6444600224494934,1.4470484256744385,80
cancer_type_top20,TCGA-23-2645,3,0.49556753039360046,1.4262170791625977,171
cancer_type_top20,TCGA-24-0970,3,0.7432928085327148,0.6565819382667542,53
cancer_type_top20,TCGA-24-1417,3,0.4828307628631592,1.3708972930908203,120
cancer_type_top20,TCGA-24-1424,3,0.2947177290916443,1.5757838487625122,99
cancer_type_top20,TCGA-24-1425,3,0.4575381577014923,1.0590945482254028,127
cancer_type_top20,TCGA-24-1428,3,0.22988645732402802,2.0971736907958984,116
cancer_type_top20,TCGA-24-1430,3,0.4359912872314453,1.880249261856079,65
cancer_type_top20,TCGA-24-1431,3,0.46737033128738403,1.5170543193817139,139
cancer_type_top20,TCGA-24-1434,3,0.9784215092658997,0.10846173018217087,105
cancer_type_top20,TCGA-24-1474,3,0.5572754740715027,1.285670518875122,106
cancer_type_top20,TCGA-24-2036,3,0.32703664898872375,1.9211097955703735,69
cancer_type_top20,TCGA-24-2261,3,0.5275545120239258,1.4150100946426392,75
cancer_type_top20,TCGA-25-1319,3,0.2581658959388733,2.0514631271362305,74
cancer_type_top20,TCGA-25-2409,3,0.49648380279541016,1.1712192296981812,43
cancer_type_top20,TCGA-26-5135,3,0.2797043025493622,2.314229965209961,80
cancer_type_top20,TCGA-26-5139,3,0.8121740818023682,0.9248784780502319,77
cancer_type_top20,TCGA-26-6174,3,0.9470083713531494,0.23432305455207825,112
cancer_type_top20,TCGA-27-1836,3,0.5487529039382935,1.0938773155212402,51
cancer_type_top20,TCGA-27-2521,3,0.6051115989685059,0.9149647951126099,83
cancer_type_top20,TCGA-27-2523,3,0.3543786108493805,1.9187554121017456,64
cancer_type_top20,TCGA-27-2524,3,0.8218287229537964,0.5507456064224243,60
cancer_type_top20,TCGA-27-2527,3,0.9985207915306091,0.012007126584649086,79
cancer_type_top20,TCGA-28-1746,3,0.5890490412712097,1.389229655265808,107
cancer_type_top20,TCGA-28-1751,3,0.26759904623031616,2.0338962078094482,156
cancer_type_top20,TCGA-28-5213,3,0.4156438410282135,2.034029006958008,69
cancer_type_top20,TCGA-28-5215,3,0.9938443899154663,0.04397914931178093,49
cancer_type_top20,TCGA-28-5218,3,0.7678558826446533,0.6920636892318726,27
cancer_type_top20,TCGA-29-1702,3,0.28536081314086914,1.9740923643112183,75
cancer_type_top20,TCGA-29-1711,3,0.8892644047737122,0.6430403590202332,98
cancer_type_top20,TCGA-29-1763,3,0.3140164017677307,2.583493709564209,229
cancer_type_top20,TCGA-29-1766,3,0.17074573040008545,2.6491544246673584,110
cancer_type_top20,TCGA-29-1775,3,0.6117469072341919,1.3273704051971436,175
cancer_type_top20,TCGA-29-1776,3,0.9901780486106873,0.06993291527032852,74
cancer_type_top20,TCGA-29-1784,3,0.1673850119113922,2.6863210201263428,172
cancer_type_top20,TCGA-2F-A9KP,3,0.24800483882427216,2.3716282844543457,184
cancer_type_top20,TCGA-2H-A9GI,3,0.7449429035186768,1.0023118257522583,320
cancer_type_top20,TCGA-2H-A9GK,3,0.5906739830970764,1.3950817584991455,315
cancer_type_top20,TCGA-2H-A9GO,3,0.4264485538005829,2.2296652793884277,222
cancer_type_top20,TCGA-2K-A9WE,3,0.24724037945270538,2.8985137939453125,75
cancer_type_top20,TCGA-2V-A95S,3,0.6021993160247803,1.4171364307403564,147
cancer_type_top20,TCGA-2Y-A9H3,3,0.6642953753471375,1.5298945903778076,264
cancer_type_top20,TCGA-2Y-A9H4,3,0.37760141491889954,1.6198874711990356,105
cancer_type_top20,TCGA-2Z-A9J3,3,0.29991963505744934,2.3612916469573975,182
cancer_type_top20,TCGA-2Z-A9J5,3,0.9942429065704346,0.04465381056070328,133
cancer_type_top20,TCGA-2Z-A9J7,3,0.8107571601867676,0.9006685018539429,66
cancer_type_top20,TCGA-2Z-A9JJ,3,0.8374974727630615,0.7404453754425049,23
cancer_type_top20,TCGA-2Z-A9JT,3,0.4299905300140381,1.508025050163269,114
cancer_type_top20,TCGA-30-1853,3,0.6216322183609009,1.4732720851898193,65
cancer_type_top20,TCGA-30-1856,3,0.589460015296936,1.0879311561584473,87
cancer_type_top20,TCGA-31-1950,3,0.7033723592758179,1.0627893209457397,100
cancer_type_top20,TCGA-32-1976,3,0.2770075798034668,2.406895399093628,90
cancer_type_top20,TCGA-32-1979,3,0.2618217170238495,2.3039824962615967,99
cancer_type_top20,TCGA-32-1980,3,0.26045262813568115,2.028747320175171,21
cancer_type_top20,TCGA-32-2615,3,0.3335939347743988,2.1091995239257812,50
cancer_type_top20,TCGA-32-2634,3,0.9999873042106628,0.0001627059536986053,60
cancer_type_top20,TCGA-32-4208,3,0.6207831501960754,1.682296633720398,53
cancer_type_top20,TCGA-32-4211,3,0.4148753881454468,1.9750349521636963,92
cancer_type_top20,TCGA-33-4532,3,0.4255628287792206,2.245234727859497,511
cancer_type_top20,TCGA-33-4566,3,0.08287002891302109,4.741851806640625,1695
cancer_type_top20,TCGA-33-4586,3,0.5376784801483154,1.434799313545227,476
cancer_type_top20,TCGA-33-4589,3,0.1614997535943985,3.0860748291015625,144
cancer_type_top20,TCGA-33-6737,3,0.19541536271572113,2.9044718742370605,581
cancer_type_top20,TCGA-33-AASD,3,0.2474992275238037,2.658094644546509,472
cancer_type_top20,TCGA-33-AASJ,3,0.2907469570636749,2.270265817642212,235
cancer_type_top20,TCGA-34-5234,3,0.9146880507469177,0.3222668170928955,232
cancer_type_top20,TCGA-34-5927,3,0.35387441515922546,2.490293264389038,340
cancer_type_top20,TCGA-34-5928,3,0.27226582169532776,2.550042152404785,464
cancer_type_top20,TCGA-35-4123,3,0.2250702828168869,2.497648000717163,387
cancer_type_top20,TCGA-36-2530,3,0.4510861337184906,1.3803309202194214,103
cancer_type_top20,TCGA-36-2534,3,0.1622406244277954,3.4387338161468506,185
cancer_type_top20,TCGA-37-3783,3,0.7039449214935303,1.6179651021957397,516
cancer_type_top20,TCGA-37-3792,3,0.2705271542072296,3.0278713703155518,1220
cancer_type_top20,TCGA-37-4129,3,0.7373433113098145,0.7019543647766113,7
cancer_type_top20,TCGA-37-4132,3,0.9941061735153198,0.05642325431108475,399
cancer_type_top20,TCGA-38-4628,3,0.2124951183795929,2.8258228302001953,158
cancer_type_top20,TCGA-38-4631,3,0.9311150312423706,0.4592200815677643,977
cancer_type_top20,TCGA-39-5034,3,0.040963150560855865,4.370133399963379,808
cancer_type_top20,TCGA-39-5040,3,0.47515618801116943,1.990868330001831,633
cancer_type_top20,TCGA-3B-A9HS,3,0.34395045042037964,1.7862064838409424,95
cancer_type_top20,TCGA-3B-A9HV,3,0.5337339639663696,1.4043811559677124,81
cancer_type_top20,TCGA-3N-A9WC,3,0.997583270072937,0.0273818988353014,2619
cancer_type_top20,TCGA-3R-A8YX,3,0.5173552632331848,1.0089870691299438,113
cancer_type_top20,TCGA-41-2575,3,0.9787538051605225,0.12557634711265564,85
cancer_type_top20,TCGA-41-3393,3,0.8767998814582825,0.5081217288970947,89
cancer_type_top20,TCGA-41-5651,3,0.7706814408302307,0.9863128066062927,121
cancer_type_top20,TCGA-42-2582,3,0.33415159583091736,2.2801036834716797,157
cancer_type_top20,TCGA-42-2589,3,0.7972046732902527,0.699105978012085,135
cancer_type_top20,TCGA-42-2591,3,0.9598868489265442,0.23190374672412872,106
cancer_type_top20,TCGA-42-2593,3,0.3439081609249115,1.629090666770935,64
cancer_type_top20,TCGA-43-3394,3,0.4707203209400177,0.9850590825080872,504
cancer_type_top20,TCGA-43-5668,3,0.08626236021518707,3.314248561859131,1706
cancer_type_top20,TCGA-43-6647,3,0.2822001278400421,2.564312219619751,415
cancer_type_top20,TCGA-43-8115,3,0.1950015127658844,3.2597105503082275,263
cancer_type_top20,TCGA-44-2662,3,0.07245151698589325,4.21851921081543,553
cancer_type_top20,TCGA-44-2666,3,0.4999999403953552,0.6931502223014832,86
cancer_type_top20,TCGA-44-3919,3,0.11497869342565536,3.2116427421569824,146
cancer_type_top20,TCGA-44-4112,3,0.4527307152748108,1.2775874137878418,1277
cancer_type_top20,TCGA-44-5643,3,0.13102777302265167,3.023594379425049,338
cancer_type_top20,TCGA-44-6145,3,0.4250393509864807,1.384509801864624,807
cancer_type_top20,TCGA-44-6779,3,0.9619147777557373,0.24317950010299683,133
cancer_type_top20,TCGA-44-7667,3,0.1398182213306427,3.0324959754943848,1189
cancer_type_top20,TCGA-44-7671,3,0.331682026386261,2.1113669872283936,606
cancer_type_top20,TCGA-44-8120,3,0.3145284652709961,2.159219741821289,783
cancer_type_top20,TCGA-46-3765,3,0.26562899351119995,2.5789763927459717,692
cancer_type_top20,TCGA-49-4486,3,0.1553741693496704,3.1498522758483887,224
cancer_type_top20,TCGA-49-4487,3,0.23716190457344055,3.679136276245117,473
cancer_type_top20,TCGA-49-4506,3,0.6906301379203796,0.889335036277771,151
cancer_type_top20,TCGA-49-6742,3,0.24608151614665985,3.144598960876465,363
cancer_type_top20,TCGA-49-6743,3,0.18930886685848236,3.438098669052124,1010
cancer_type_top20,TCGA-49-AAR2,3,0.20225274562835693,3.5494823455810547,505
cancer_type_top20,TCGA-49-AAR9,3,0.14316193759441376,3.1460886001586914,831
cancer_type_top20,TCGA-49-AARE,3,0.18473343551158905,3.0411508083343506,1712
cancer_type_top20,TCGA-49-AARR,3,0.6359097361564636,0.7434260845184326,3
cancer_type_top20,TCGA-4A-A93X,3,0.5213861465454102,1.6732041835784912,138
cancer_type_top20,TCGA-4H-AAAK,3,0.45938363671302795,1.3124560117721558,37
cancer_type_top20,TCGA-4J-AA1J,3,0.12563644349575043,4.566275596618652,255
cancer_type_top20,TCGA-4L-AA1F,3,1.0,1.5033334932468279e-07,35
cancer_type_top20,TCGA-4P-AA8J,3,0.20750197768211365,3.2114078998565674,168
cancer_type_top20,TCGA-4Z-AA7S,3,0.55512934923172,1.3129253387451172,81
cancer_type_top20,TCGA-4Z-AA7Y,3,0.07159944623708725,4.228614807128906,404
cancer_type_top20,TCGA-4Z-AA80,3,0.9886502623558044,0.10415660589933395,548
cancer_type_top20,TCGA-4Z-AA87,3,0.44046396017074585,2.5185017585754395,334
cancer_type_top20,TCGA-50-5045,3,0.3054479956626892,2.772372007369995,385
cancer_type_top20,TCGA-50-5072,3,0.7928154468536377,1.0267341136932373,218
cancer_type_top20,TCGA-50-5930,3,0.46387070417404175,1.1760562658309937,1477
cancer_type_top20,TCGA-50-5944,3,0.6751812100410461,0.9321661591529846,87
cancer_type_top20,TCGA-50-6592,3,0.24708618223667145,2.594207286834717,374
cancer_type_top20,TCGA-55-6543,3,0.7085533142089844,0.6685881614685059,28
cancer_type_top20,TCGA-55-6969,3,0.4375610053539276,1.5836310386657715,623
cancer_type_top20,TCGA-55-6970,3,0.23045137524604797,2.69770884513855,227
cancer_type_top20,TCGA-55-6981,3,0.7131670713424683,1.4752179384231567,303
cancer_type_top20,TCGA-55-7281,3,0.08208230882883072,4.804724216461182,1208
cancer_type_top20,TCGA-55-7574,3,0.17704181373119354,3.1793298721313477,669
cancer_type_top20,TCGA-55-7907,3,0.07045795023441315,4.673280715942383,1492
cancer_type_top20,TCGA-55-7914,3,0.7691411972045898,1.1098488569259644,221
cancer_type_top20,TCGA-55-8087,3,0.6012446284294128,1.2241674661636353,44
cancer_type_top20,TCGA-55-8091,3,0.6279033422470093,1.5161381959915161,38
cancer_type_top20,TCGA-55-8097,3,0.266703724861145,2.628255605697632,149
cancer_type_top20,TCGA-55-8203,3,0.9981948733329773,0.019184298813343048,548
cancer_type_top20,TCGA-55-8299,3,0.08841563761234283,3.932387351989746,516
cancer_type_top20,TCGA-55-8506,3,0.8568627238273621,0.854122519493103,2280
cancer_type_top20,TCGA-55-8507,3,0.15820182859897614,3.204284906387329,1256
cancer_type_top20,TCGA-55-8511,3,0.19251561164855957,2.700385808944702,739
cancer_type_top20,TCGA-55-8615,3,0.2310066968202591,2.601412534713745,172
cancer_type_top20,TCGA-55-A48Y,3,0.06429143249988556,4.566789150238037,451
cancer_type_top20,TCGA-55-A493,3,0.6022434234619141,1.4646849632263184,347
cancer_type_top20,TCGA-55-A4DF,3,0.22051756083965302,2.737403392791748,991
cancer_type_top20,TCGA-56-5897,3,0.27606192231178284,2.791886329650879,129
cancer_type_top20,TCGA-56-7221,3,0.6473991274833679,1.7027175426483154,383
cancer_type_top20,TCGA-56-7580,3,0.15746282041072845,3.019836664199829,362
cancer_type_top20,TCGA-56-8201,3,0.798346221446991,0.5629948973655701,206
cancer_type_top20,TCGA-56-8504,3,0.4666016697883606,1.1316142082214355,605
cancer_type_top20,TCGA-56-8628,3,0.2756699323654175,2.4750800132751465,1080
cancer_type_top20,TCGA-56-A62T,3,0.49570873379707336,2.074916362762451,645
cancer_type_top20,TCGA-57-1586,3,0.5629897117614746,1.2574248313903809,16
cancer_type_top20,TCGA-58-8388,3,0.8614226579666138,0.6553031802177429,233
cancer_type_top20,TCGA-58-A46L,3,0.3582354485988617,2.114818572998047,287
cancer_type_top20,TCGA-59-2351,3,0.29297494888305664,1.8844491243362427,157
cancer_type_top20,TCGA-59-2352,3,0.4495985805988312,1.424673080444336,124
cancer_type_top20,TCGA-59-2354,3,0.5030823349952698,1.8713738918304443,113
cancer_type_top20,TCGA-59-2355,3,0.4152355492115021,1.754805088043213,38
cancer_type_top20,TCGA-5M-AAT6,3,0.8385269045829773,0.6783156394958496,2948
cancer_type_top20,TCGA-5P-A9JW,3,0.3531619906425476,2.286545515060425,118
cancer_type_top20,TCGA-5P-A9JZ,3,0.7735006213188171,0.9455461502075195,67
cancer_type_top20,TCGA-5P-A9KH,3,0.5741410851478577,1.467419981956482,37
cancer_type_top20,TCGA-5R-AA1D,3,0.8338673114776611,0.717231810092926,27
cancer_type_top20,TCGA-5R-AAAM,3,0.1752053201198578,3.190699577331543,130
cancer_type_top20,TCGA-60-2714,3,0.1721135973930359,3.4930877685546875,1130
cancer_type_top20,TCGA-60-2716,3,0.48020803928375244,1.383750557899475,23
cancer_type_top20,TCGA-60-2720,3,0.1265021562576294,3.3978681564331055,539
cancer_type_top20,TCGA-60-2726,3,0.3483714759349823,2.8938486576080322,441
cancer_type_top20,TCGA-61-1725,3,0.21458443999290466,1.8940925598144531,93
cancer_type_top20,TCGA-61-1727,3,0.3572392165660858,1.7633874416351318,180
cancer_type_top20,TCGA-61-1730,3,0.9578142762184143,0.23855865001678467,90
cancer_type_top20,TCGA-61-1737,3,0.3442417085170746,2.0819575786590576,175
cancer_type_top20,TCGA-61-1741,3,0.9498416185379028,0.2522943615913391,48
cancer_type_top20,TCGA-61-1901,3,0.45053210854530334,1.0378282070159912,77
cancer_type_top20,TCGA-61-1904,3,0.5558371543884277,1.6718043088912964,218
cancer_type_top20,TCGA-61-1913,3,0.9556808471679688,0.21850275993347168,74
cancer_type_top20,TCGA-61-2003,3,0.39931273460388184,2.349635124206543,135
cancer_type_top20,TCGA-61-2101,3,0.956937849521637,0.21880510449409485,71
cancer_type_top20,TCGA-61-2109,3,0.6839928030967712,1.0991005897521973,107
cancer_type_top20,TCGA-61-2610,3,0.3467351496219635,2.069337844848633,138
cancer_type_top20,TCGA-62-8395,3,0.9979413151741028,0.0190214142203331,97
cancer_type_top20,TCGA-63-A5MP,3,0.36403000354766846,1.8729723691940308,241
cancer_type_top20,TCGA-63-A5MU,3,0.3560202121734619,2.5029759407043457,285
cancer_type_top20,TCGA-64-1677,3,0.18123970925807953,2.8069543838500977,274
cancer_type_top20,TCGA-64-1680,3,0.09777039289474487,3.3779332637786865,82
cancer_type_top20,TCGA-64-5774,3,0.28410202264785767,1.9202855825424194,184
cancer_type_top20,TCGA-64-5775,3,0.9717142581939697,0.19604766368865967,622
cancer_type_top20,TCGA-66-2727,3,0.8431919813156128,0.7579783201217651,436
cancer_type_top20,TCGA-66-2765,3,0.5116909146308899,1.1001355648040771,118
cancer_type_top20,TCGA-66-2767,3,0.15190936625003815,2.9506402015686035,432
cancer_type_top20,TCGA-66-2781,3,0.5895397067070007,1.5791609287261963,175
cancer_type_top20,TCGA-66-2782,3,0.10604140162467957,3.098278045654297,484
cancer_type_top20,TCGA-66-2791,3,0.30329301953315735,2.4217662811279297,471
cancer_type_top20,TCGA-67-6217,3,0.9410762786865234,0.30280551314353943,246
cancer_type_top20,TCGA-68-7756,3,0.7449181079864502,1.2182353734970093,144
cancer_type_top20,TCGA-69-7761,3,0.5994037389755249,1.292860507965088,40
cancer_type_top20,TCGA-69-7978,3,0.6275901794433594,0.7647009491920471,786
cancer_type_top20,TCGA-6A-AB49,3,0.8532487750053406,0.8582966327667236,509
cancer_type_top20,TCGA-6D-AA2E,3,0.5264447927474976,1.7299025058746338,51
cancer_type_top20,TCGA-71-6725,3,0.610247015953064,1.553532600402832,82
cancer_type_top20,TCGA-73-4670,3,0.21072161197662354,2.635645627975464,477
cancer_type_top20,TCGA-73-7499,3,0.6241762638092041,1.3459415435791016,86
cancer_type_top20,TCGA-74-6573,3,0.9566148519515991,0.2728428244590759,56
cancer_type_top20,TCGA-74-6584,3,0.22320924699306488,2.4865095615386963,45
cancer_type_top20,TCGA-76-4927,3,0.9998842477798462,0.0011812507873401046,73
cancer_type_top20,TCGA-76-4935,3,0.8659548759460449,0.48550665378570557,69
cancer_type_top20,TCGA-76-6656,3,0.3817570209503174,1.9769370555877686,120
cancer_type_top20,TCGA-76-6661,3,0.9995965361595154,0.003803953295573592,70
cancer_type_top20,TCGA-77-6843,3,0.10458236932754517,3.5183823108673096,460
cancer_type_top20,TCGA-77-6844,3,0.3084743916988373,2.0520436763763428,519
cancer_type_top20,TCGA-77-7140,3,0.18162472546100616,2.383997917175293,492
cancer_type_top20,TCGA-77-7338,3,0.5166420936584473,1.6050974130630493,176
cancer_type_top20,TCGA-77-7463,3,0.2298962026834488,2.87986159324646,520
cancer_type_top20,TCGA-77-7465,3,0.3982011079788208,2.6948177814483643,506
cancer_type_top20,TCGA-77-8009,3,0.5521685481071472,1.628432273864746,224
cancer_type_top20,TCGA-77-8140,3,0.10588488727807999,3.385059356689453,478
cancer_type_top20,TCGA-77-8144,3,0.1546659916639328,3.442521572113037,502
cancer_type_top20,TCGA-77-8148,3,0.2769402265548706,2.245075225830078,341
cancer_type_top20,TCGA-77-A5FZ,3,1.0,-0.0,1
cancer_type_top20,TCGA-77-A5G1,3,0.36709338426589966,1.7911616563796997,206
cancer_type_top20,TCGA-77-A5G7,3,0.18203136324882507,2.628786563873291,134
cancer_type_top20,TCGA-77-A5GH,3,0.3475864827632904,2.480682611465454,355
cancer_type_top20,TCGA-78-7145,3,0.9258551597595215,0.44138863682746887,266
cancer_type_top20,TCGA-78-7161,3,0.6141988635063171,1.3958916664123535,256
cancer_type_top20,TCGA-78-7220,3,0.31627532839775085,3.4379332065582275,1095
cancer_type_top20,TCGA-78-7535,3,0.8780145645141602,0.7452253699302673,229
cancer_type_top20,TCGA-78-7536,3,0.24604785442352295,2.9589343070983887,864
cancer_type_top20,TCGA-78-7537,3,0.9587554931640625,0.2857687473297119,183
cancer_type_top20,TCGA-78-7540,3,0.4393194615840912,1.7269783020019531,346
cancer_type_top20,TCGA-78-7633,3,0.9583081007003784,0.2589130103588104,210
cancer_type_top20,TCGA-78-8660,3,0.9352506399154663,0.3512870967388153,319
cancer_type_top20,TCGA-80-5608,3,0.7017868161201477,1.6380201578140259,503
cancer_type_top20,TCGA-85-6175,3,0.4663076102733612,1.0154999494552612,56
cancer_type_top20,TCGA-85-6560,3,0.5693557262420654,1.0097777843475342,549
cancer_type_top20,TCGA-85-7698,3,0.3463427722454071,2.047480583190918,176
cancer_type_top20,TCGA-85-7710,3,0.08883579820394516,3.524090528488159,517
cancer_type_top20,TCGA-85-7844,3,0.5019511580467224,1.6523991823196411,229
cancer_type_top20,TCGA-85-7950,3,0.08940281718969345,3.596673011779785,343
cancer_type_top20,TCGA-85-8287,3,0.7803371548652649,1.2922087907791138,325
cancer_type_top20,TCGA-85-8288,3,0.5086025595664978,1.813088059425354,323
cancer_type_top20,TCGA-85-8351,3,0.6220625042915344,1.3857394456863403,193
cancer_type_top20,TCGA-85-8479,3,0.9682348966598511,0.2298431396484375,153
cancer_type_top20,TCGA-85-8582,3,0.386584609746933,1.9581040143966675,410
cancer_type_top20,TCGA-85-A4JC,3,0.21315015852451324,2.5638880729675293,332
cancer_type_top20,TCGA-85-A4QR,3,0.20129941403865814,2.800583839416504,288
cancer_type_top20,TCGA-85-A53L,3,0.2601872384548187,2.4274628162384033,249
cancer_type_top20,TCGA-86-7711,3,0.08138266205787659,3.7031755447387695,591
cancer_type_top20,TCGA-86-8055,3,0.9146816730499268,0.38875433802604675,65
cancer_type_top20,TCGA-86-8279,3,0.391663134098053,1.8919099569320679,655
cancer_type_top20,TCGA-86-8669,3,0.8399323225021362,0.815149188041687,181
cancer_type_top20,TCGA-86-8671,3,0.6047301888465881,1.5846598148345947,47
cancer_type_top20,TCGA-86-8673,3,0.9592543840408325,0.29311197996139526,631
cancer_type_top20,TCGA-86-A4P8,3,0.66888028383255,0.6349687576293945,2
cancer_type_top20,TCGA-87-5896,3,0.23091420531272888,2.1586813926696777,72
cancer_type_top20,TCGA-91-6830,3,0.07141821086406708,4.170835494995117,352
cancer_type_top20,TCGA-91-6840,3,0.9991557598114014,0.009057861752808094,183
cancer_type_top20,TCGA-93-7348,3,0.350936621427536,1.8925917148590088,273
cancer_type_top20,TCGA-93-A4JN,3,0.6965101361274719,1.0747421979904175,102
cancer_type_top20,TCGA-94-7033,3,0.1938246190547943,2.4926133155822754,169
cancer_type_top20,TCGA-94-8035,3,0.24644596874713898,2.7457871437072754,261
cancer_type_top20,TCGA-94-A4VJ,3,0.1370806246995926,2.7842674255371094,522
cancer_type_top20,TCGA-95-7043,3,0.15143470466136932,3.8994245529174805,1415
cancer_type_top20,TCGA-95-7562,3,0.6516834497451782,1.6050212383270264,513
cancer_type_top20,TCGA-95-7944,3,0.20206256210803986,2.488776206970215,313
cancer_type_top20,TCGA-96-7544,3,0.20034517347812653,3.575148105621338,512
cancer_type_top20,TCGA-96-A4JL,3,0.2682516872882843,2.316338539123535,79
cancer_type_top20,TCGA-97-7546,3,0.26411253213882446,2.559222459793091,364
cancer_type_top20,TCGA-97-8171,3,0.4028071165084839,1.7396551370620728,75
cancer_type_top20,TCGA-97-8175,3,0.3434489369392395,1.2156819105148315,43
cancer_type_top20,TCGA-97-8176,3,0.30986282229423523,2.1266963481903076,203
cancer_type_top20,TCGA-97-A4LX,3,0.2736325263977051,2.322059154510498,220
cancer_type_top20,TCGA-97-A4M1,3,0.6700522899627686,0.9275636076927185,56
cancer_type_top20,TCGA-97-A4M5,3,0.09889157116413116,4.402926445007324,196
cancer_type_top20,TCGA-98-8022,3,0.75517737865448,1.04158353805542,317
cancer_type_top20,TCGA-99-8033,3,0.7924094200134277,0.8837779760360718,231
cancer_type_top20,TCGA-99-AA5R,3,0.3695095181465149,2.2589354515075684,74
cancer_type_top20,TCGA-A1-A0SH,3,0.17993983626365662,3.3245036602020264,143
cancer_type_top20,TCGA-A1-A0SI,3,0.13632988929748535,3.596649646759033,279
cancer_type_top20,TCGA-A1-A0SN,3,0.3998836874961853,2.2513427734375,80
cancer_type_top20,TCGA-A2-A04N,3,0.6114091277122498,0.9859011173248291,57
cancer_type_top20,TCGA-A2-A0D0,3,0.4165748655796051,1.5829776525497437,114
cancer_type_top20,TCGA-A2-A0D1,3,0.2780846059322357,2.187427520751953,79
cancer_type_top20,TCGA-A2-A0ER,3,0.6951968669891357,0.8210045099258423,37
cancer_type_top20,TCGA-A2-A0EV,3,0.9375552535057068,0.3819045424461365,83
cancer_type_top20,TCGA-A2-A0EY,3,0.19903868436813354,2.7575180530548096,299
cancer_type_top20,TCGA-A2-A0SU,3,0.35180023312568665,2.334949016571045,43
cancer_type_top20,TCGA-A2-A0T4,3,0.9835956692695618,0.11943706125020981,45
cancer_type_top20,TCGA-A2-A0T6,3,0.9969985485076904,0.02697848342359066,29
cancer_type_top20,TCGA-A2-A0YD,3,0.18517035245895386,3.348630666732788,95
cancer_type_top20,TCGA-A2-A0YE,3,0.9869042038917542,0.07897776365280151,50
cancer_type_top20,TCGA-A2-A0YK,3,0.0786857008934021,4.3438401222229,489
cancer_type_top20,TCGA-A2-A0YM,3,0.36516073346138,1.8589709997177124,115
cancer_type_top20,TCGA-A2-A1FV,3,0.8692107200622559,0.44428345561027527,57
cancer_type_top20,TCGA-A2-A1FW,3,0.2878020405769348,1.7987326383590698,99
cancer_type_top20,TCGA-A2-A25A,3,0.2719044089317322,1.8220419883728027,412
cancer_type_top20,TCGA-A2-A25D,3,0.7408894896507263,0.766834557056427,72
cancer_type_top20,TCGA-A2-A3XU,3,0.7591867446899414,0.9806296825408936,38
cancer_type_top20,TCGA-A2-A3XZ,3,0.4558718800544739,2.0245590209960938,59
cancer_type_top20,TCGA-A2-A4S2,3,0.6820922493934631,0.901625394821167,47
cancer_type_top20,TCGA-A3-3308,3,0.9996320605278015,0.003537725657224655,103
cancer_type_top20,TCGA-A3-3313,3,0.3843457102775574,1.8200562000274658,132
cancer_type_top20,TCGA-A3-3363,3,0.5740171670913696,1.6420297622680664,60
cancer_type_top20,TCGA-A3-3367,3,0.5753471851348877,1.5557328462600708,98
cancer_type_top20,TCGA-A3-3370,3,0.705134391784668,1.0612543821334839,49
cancer_type_top20,TCGA-A3-3373,3,0.7455018758773804,0.7297492623329163,78
cancer_type_top20,TCGA-A3-3374,3,0.7188437581062317,0.9983401894569397,25
cancer_type_top20,TCGA-A3-3376,3,0.9999312162399292,0.0008048492600210011,73
cancer_type_top20,TCGA-A3-A6NJ,3,0.42848825454711914,1.3739601373672485,145
cancer_type_top20,TCGA-A4-7288,3,0.19935369491577148,2.900308847427368,97
cancer_type_top20,TCGA-A4-8310,3,0.4482170641422272,1.7083795070648193,92
cancer_type_top20,TCGA-A4-8311,3,0.5373262166976929,1.7653942108154297,73
cancer_type_top20,TCGA-A5-A0G2,3,0.4271720349788666,1.0960156917572021,5000
cancer_type_top20,TCGA-A5-A0G9,3,0.7791970372200012,1.1400328874588013,609
cancer_type_top20,TCGA-A5-A0GN,3,0.4989621341228485,1.6072298288345337,79
cancer_type_top20,TCGA-A5-A0RA,3,0.9989119172096252,0.008512442000210285,98
cancer_type_top20,TCGA-A5-A0VO,3,0.99984210729599,0.0019495092565193772,101
cancer_type_top20,TCGA-A5-A0VQ,3,0.39359334111213684,1.1625466346740723,557
cancer_type_top20,TCGA-A5-A1OG,3,0.6687721014022827,0.9181959629058838,47
cancer_type_top20,TCGA-A5-A2K2,3,0.25215068459510803,2.092179298400879,204
cancer_type_top20,TCGA-A5-A2K4,3,0.7494320869445801,0.8540374040603638,53
cancer_type_top20,TCGA-A6-2684,3,0.4999993145465851,0.6931695342063904,299
cancer_type_top20,TCGA-A6-4105,3,0.9999980926513672,3.172394281136803e-05,223
cancer_type_top20,TCGA-A6-5656,3,0.7247740626335144,0.5896466970443726,175
cancer_type_top20,TCGA-A6-5657,3,0.48682233691215515,0.8149824142456055,332
cancer_type_top20,TCGA-A6-5661,3,0.49332982301712036,0.8195151686668396,3804
cancer_type_top20,TCGA-A6-5667,3,0.4999997615814209,0.69315505027771,189
cancer_type_top20,TCGA-A6-6142,3,0.6224587559700012,0.6628606915473938,125
cancer_type_top20,TCGA-A6-6648,3,1.0,3.544023385870787e-08,122
cancer_type_top20,TCGA-A6-6651,3,0.8807465434074402,0.5493762493133545,127
cancer_type_top20,TCGA-A6-6780,3,0.9405293464660645,0.44850629568099976,1873
cancer_type_top20,TCGA-A6-6781,3,0.9882596731185913,0.11881934851408005,2973
cancer_type_top20,TCGA-A7-A26E,3,0.3086584210395813,2.0188422203063965,71
cancer_type_top20,TCGA-A7-A5ZW,3,0.7052831053733826,1.198347568511963,42
cancer_type_top20,TCGA-A7-A6VY,3,0.6797134280204773,1.1208335161209106,154
cancer_type_top20,TCGA-A8-A06N,3,0.6998394131660461,0.9774404764175415,53
cancer_type_top20,TCGA-A8-A06T,3,0.3528364896774292,1.9574437141418457,41
cancer_type_top20,TCGA-A8-A076,3,0.9995784163475037,0.004084787331521511,99
cancer_type_top20,TCGA-A8-A079,3,0.2520102560520172,2.8375236988067627,99
cancer_type_top20,TCGA-A8-A07J,3,0.9650617241859436,0.1963214874267578,54
cancer_type_top20,TCGA-A8-A083,3,0.5106456875801086,1.7568341493606567,32
cancer_type_top20,TCGA-A8-A08B,3,0.790470540523529,0.8588535189628601,74
cancer_type_top20,TCGA-A8-A08H,3,0.2894535958766937,2.444056272506714,178
cancer_type_top20,TCGA-A8-A08X,3,0.6743199229240417,0.7099117040634155,47
cancer_type_top20,TCGA-A8-A093,3,0.8536984920501709,0.7191623449325562,144
cancer_type_top20,TCGA-A8-A095,3,0.9830425977706909,0.14342989027500153,214
cancer_type_top20,TCGA-A8-A096,3,0.9634626507759094,0.15847596526145935,40
cancer_type_top20,TCGA-A8-A099,3,0.5577095150947571,1.6944364309310913,36
cancer_type_top20,TCGA-A8-A09N,3,0.500987708568573,1.8792006969451904,106
cancer_type_top20,TCGA-A8-A0A7,3,0.08005490154027939,4.386325359344482,304
cancer_type_top20,TCGA-A8-A0A9,3,0.901089608669281,0.3726305067539215,66
cancer_type_top20,TCGA-AA-3496,3,0.6987655162811279,0.7670580744743347,231
cancer_type_top20,TCGA-AA-3522,3,0.4994082748889923,0.7026203870773315,56
cancer_type_top20,TCGA-AA-3524,3,0.8757924437522888,0.5909733772277832,22
cancer_type_top20,TCGA-AA-3527,3,0.5508103966712952,1.0620627403259277,70
cancer_type_top20,TCGA-AA-3529,3,0.6557714343070984,1.3106601238250732,22
cancer_type_top20,TCGA-AA-3544,3,0.5168759822845459,1.4808779954910278,36
cancer_type_top20,TCGA-AA-3556,3,0.4744701087474823,1.351979374885559,26
cancer_type_top20,TCGA-AA-3685,3,0.7704647183418274,0.5387163758277893,122
cancer_type_top20,TCGA-AA-3688,3,0.999976396560669,0.0002811684098560363,91
cancer_type_top20,TCGA-AA-3695,3,1.0,1.1577317309274804e-06,217
cancer_type_top20,TCGA-AA-3713,3,0.9085772037506104,0.30636101961135864,1559
cancer_type_top20,TCGA-AA-3831,3,0.25880134105682373,2.3169920444488525,161
cancer_type_top20,TCGA-AA-3842,3,0.713890016078949,1.0043132305145264,138
cancer_type_top20,TCGA-AA-3867,3,0.339002788066864,1.6690917015075684,128
cancer_type_top20,TCGA-AA-3875,3,0.9187177419662476,0.5130476951599121,164
cancer_type_top20,TCGA-AA-3950,3,0.44471612572669983,1.9307304620742798,221
cancer_type_top20,TCGA-AA-3976,3,0.7648916244506836,0.5453765988349915,130
cancer_type_top20,TCGA-AA-3977,3,0.1987265646457672,1.9196770191192627,4935
cancer_type_top20,TCGA-AA-3980,3,0.9999994039535522,1.0959279279632028e-05,129
cancer_type_top20,TCGA-AA-3986,3,0.5186587572097778,1.6226166486740112,138
cancer_type_top20,TCGA-AA-3994,3,0.979751706123352,0.10026001930236816,276
cancer_type_top20,TCGA-AA-A017,3,0.9999949932098389,7.943245873320848e-05,83
cancer_type_top20,TCGA-AA-A01I,3,1.0,2.1841142228140598e-09,148
cancer_type_top20,TCGA-AA-A01R,3,0.4703189432621002,1.305856466293335,2630
cancer_type_top20,TCGA-AA-A02H,3,0.9999936819076538,9.422018774785101e-05,102
cancer_type_top20,TCGA-AA-A02Y,3,0.27932819724082947,2.270730972290039,151
cancer_type_top20,TCGA-AC-A23C,3,0.9520940780639648,0.29319608211517334,153
cancer_type_top20,TCGA-AC-A2BK,3,0.5730462670326233,1.4884753227233887,130
cancer_type_top20,TCGA-AC-A2FG,3,0.8267598152160645,0.8099974989891052,42
cancer_type_top20,TCGA-AC-A3OD,3,0.40610820055007935,1.608248233795166,46
cancer_type_top20,TCGA-AC-A3W5,3,0.8255800008773804,0.7915037870407104,231
cancer_type_top20,TCGA-AC-A5EI,3,0.2415311187505722,2.5281004905700684,51
cancer_type_top20,TCGA-AC-A6NO,3,0.22972244024276733,2.37691593170166,51
cancer_type_top20,TCGA-AC-A8OS,3,0.32452526688575745,1.950081467628479,85
cancer_type_top20,TCGA-AD-6890,3,0.7089741826057434,0.6038272976875305,157
cancer_type_top20,TCGA-AD-6964,3,0.6983745098114014,0.657518744468689,2182
cancer_type_top20,TCGA-AJ-A23M,3,0.7777317762374878,0.9687027931213379,162
cancer_type_top20,TCGA-AJ-A23O,3,0.25075796246528625,4.713727951049805,1588
cancer_type_top20,TCGA-AJ-A2QK,3,0.6425376534461975,0.9439681172370911,120
cancer_type_top20,TCGA-AJ-A2QM,3,0.9943363666534424,0.05205117538571358,304
cancer_type_top20,TCGA-AJ-A2QN,3,0.97060227394104,0.15160824358463287,106
cancer_type_top20,TCGA-AJ-A3BD,3,0.5723792314529419,0.936371922492981,121
cancer_type_top20,TCGA-AJ-A3BF,3,0.5945999622344971,1.3860504627227783,53
cancer_type_top20,TCGA-AJ-A3BG,3,0.44873133301734924,1.3907103538513184,2352
cancer_type_top20,TCGA-AJ-A3BH,3,0.9915283918380737,0.09111002087593079,4878
cancer_type_top20,TCGA-AJ-A3NG,3,0.9999922513961792,0.00010645369911799207,131
cancer_type_top20,TCGA-AJ-A3OL,3,0.9088165163993835,0.6932631731033325,555
cancer_type_top20,TCGA-AJ-A3QS,3,0.1125708743929863,3.6821422576904297,402
cancer_type_top20,TCGA-AJ-A5DV,3,0.5174832344055176,0.6942297220230103,124
cancer_type_top20,TCGA-AK-3429,3,0.8085376024246216,0.7516837120056152,44
cancer_type_top20,TCGA-AK-3436,3,0.2912312150001526,2.2742860317230225,58
cancer_type_top20,TCGA-AK-3455,3,0.624361515045166,1.6188669204711914,70
cancer_type_top20,TCGA-AK-3458,3,0.24454811215400696,2.065725088119507,42
cancer_type_top20,TCGA-AL-3466,3,0.8726346492767334,0.6373482346534729,45
cancer_type_top20,TCGA-AL-3468,3,0.1637439876794815,2.8226566314697266,114
cancer_type_top20,TCGA-AL-7173,3,0.13309302926063538,3.463021755218506,78
cancer_type_top20,TCGA-AN-A04A,3,0.4072597920894623,1.2863916158676147,62
cancer_type_top20,TCGA-AN-A04C,3,0.39672544598579407,1.912413477897644,102
cancer_type_top20,TCGA-AN-A0FY,3,0.294527143239975,2.2226269245147705,65
cancer_type_top20,TCGA-AN-A0G0,3,0.48493799567222595,1.2872329950332642,51
cancer_type_top20,TCGA-AN-A0XT,3,0.9895076155662537,0.0708942785859108,22
cancer_type_top20,TCGA-AO-A03M,3,0.073937326669693,5.325225830078125,1151
cancer_type_top20,TCGA-AO-A03N,3,0.4185692369937897,2.6260619163513184,135
cancer_type_top20,TCGA-AO-A0J5,3,0.49848026037216187,1.4739470481872559,85
cancer_type_top20,TCGA-AO-A0JB,3,0.503495991230011,1.200822353363037,141
cancer_type_top20,TCGA-AO-A0JJ,3,0.9024674296379089,0.36512333154678345,24
cancer_type_top20,TCGA-AO-A0JM,3,0.5164971351623535,1.789259910583496,54
cancer_type_top20,TCGA-AO-A129,3,0.3239614963531494,2.2146239280700684,157
cancer_type_top20,TCGA-AO-A12B,3,0.4495483636856079,1.070754051208496,28
cancer_type_top20,TCGA-AO-A12E,3,0.7207012176513672,0.9955690503120422,36
cancer_type_top20,TCGA-AO-A12F,3,0.9978026151657104,0.02049902267754078,46
cancer_type_top20,TCGA-AO-A1KS,3,0.4964982569217682,1.4890648126602173,59
cancer_type_top20,TCGA-AP-A054,3,0.43320682644844055,2.235391616821289,1730
cancer_type_top20,TCGA-AP-A059,3,0.36743178963661194,1.3836439847946167,5000
cancer_type_top20,TCGA-AP-A0LL,3,0.20377077162265778,2.332531213760376,62
cancer_type_top20,TCGA-AP-A0LN,3,0.29684197902679443,2.2401859760284424,83
cancer_type_top20,TCGA-AP-A0LO,3,0.9385759830474854,0.23086795210838318,41
cancer_type_top20,TCGA-AP-A0LP,3,0.9927946329116821,0.047695454210042953,439
cancer_type_top20,TCGA-AP-A0LQ,3,0.34420666098594666,1.6037585735321045,79
cancer_type_top20,TCGA-AP-A0LS,3,0.36191192269325256,1.9061825275421143,847
cancer_type_top20,TCGA-AP-A0LV,3,0.7482312917709351,0.6282837986946106,33
cancer_type_top20,TCGA-AP-A1DK,3,0.6470848321914673,0.9623737931251526,5000
cancer_type_top20,TCGA-AP-A1DM,3,0.653598964214325,0.9334135055541992,681
cancer_type_top20,TCGA-AP-A1DP,3,0.41646260023117065,3.3174610137939453,915
cancer_type_top20,TCGA-AP-A1DR,3,0.4643462896347046,1.192671298980713,1560
cancer_type_top20,TCGA-AP-A1E1,3,0.572297215461731,1.0092281103134155,992
cancer_type_top20,TCGA-AP-A5FX,3,0.400556355714798,1.5800198316574097,62
cancer_type_top20,TCGA-AQ-A1H2,3,0.9972349405288696,0.02517423965036869,39
cancer_type_top20,TCGA-AQ-A1H3,3,0.26432594656944275,2.0245721340179443,33
cancer_type_top20,TCGA-AQ-A7U7,3,0.09883205592632294,3.507689952850342,107
cancer_type_top20,TCGA-AR-A0TW,3,0.31729525327682495,2.181948184967041,71
cancer_type_top20,TCGA-AR-A0TZ,3,0.21069420874118805,2.2155537605285645,70
cancer_type_top20,TCGA-AR-A0U0,3,0.39007776975631714,1.7370328903198242,55
cancer_type_top20,TCGA-AR-A1AP,3,0.9121203422546387,0.45271801948547363,55
cancer_type_top20,TCGA-AR-A1AT,3,0.15974655747413635,2.463102340698242,39
cancer_type_top20,TCGA-AR-A1AW,3,0.465564489364624,1.6946179866790771,44
cancer_type_top20,TCGA-AR-A1AX,3,0.9069578051567078,0.3706994652748108,36
cancer_type_top20,TCGA-AR-A24H,3,0.9095897674560547,0.5835233926773071,169
cancer_type_top20,TCGA-AR-A24M,3,0.4381137490272522,1.4584698677062988,28
cancer_type_top20,TCGA-AR-A24N,3,0.37131404876708984,1.9066128730773926,49
cancer_type_top20,TCGA-AR-A24O,3,0.9012050032615662,0.4925146698951721,27
cancer_type_top20,TCGA-AR-A24P,3,0.657217800617218,1.2246918678283691,26
cancer_type_top20,TCGA-AR-A24T,3,0.5424947738647461,1.3358545303344727,32
cancer_type_top20,TCGA-AR-A24V,3,0.9963899254798889,0.030236104503273964,28
cancer_type_top20,TCGA-AR-A254,3,0.3002873957157135,2.079073429107666,47
cancer_type_top20,TCGA-AR-A2LQ,3,0.5377421379089355,1.5454460382461548,16
cancer_type_top20,TCGA-AT-A5NU,3,0.8839836716651917,0.43160897493362427,89
cancer_type_top20,TCGA-AX-A05T,3,0.9549760222434998,0.18918828666210175,77
cancer_type_top20,TCGA-AX-A05Z,3,0.459854394197464,1.4290943145751953,5000
cancer_type_top20,TCGA-AX-A062,3,0.8999910950660706,0.4594958424568176,36
cancer_type_top20,TCGA-AX-A06F,3,0.47567471861839294,0.9544638395309448,5000
cancer_type_top20,TCGA-AX-A0J1,3,0.5620801448822021,1.1247929334640503,5000
cancer_type_top20,TCGA-AX-A1C7,3,1.0,9.970302983219881e-08,62
cancer_type_top20,TCGA-AX-A1CN,3,0.9999997615814209,3.997520707343938e-06,52
cancer_type_top20,TCGA-AX-A2HG,3,0.2923842966556549,2.801302909851074,1644
cancer_type_top20,TCGA-AX-A3FV,3,0.3222934901714325,2.648359775543213,153
cancer_type_top20,TCGA-AX-A3G4,3,0.8938368558883667,0.5084354877471924,67
cancer_type_top20,TCGA-AX-A3G6,3,0.9970102310180664,0.02477514185011387,83
cancer_type_top20,TCGA-AY-4071,3,0.5656930804252625,0.6889014840126038,171
cancer_type_top20,TCGA-AZ-4308,3,1.0,1.2220728251577384e-07,98
cancer_type_top20,TCGA-AZ-4614,3,0.9551222920417786,0.22775781154632568,287
cancer_type_top20,TCGA-AZ-4615,3,0.43303531408309937,2.54276704788208,1284
cancer_type_top20,TCGA-AZ-4682,3,0.9917795062065125,0.047664135694503784,111
cancer_type_top20,TCGA-AZ-6599,3,0.9966471791267395,0.028026971966028214,435
cancer_type_top20,TCGA-AZ-6601,3,0.3938984274864197,1.2075223922729492,2956
cancer_type_top20,TCGA-AZ-6606,3,0.994910478591919,0.03238518908619881,213
cancer_type_top20,TCGA-B0-4698,3,0.7288608551025391,1.6956084966659546,580
cancer_type_top20,TCGA-B0-4852,3,0.49785086512565613,2.056873321533203,115
cancer_type_top20,TCGA-B0-4945,3,0.9701440930366516,0.1684696227312088,56
cancer_type_top20,TCGA-B0-5080,3,0.47415587306022644,2.1190075874328613,79
cancer_type_top20,TCGA-B0-5098,3,0.8555825352668762,0.9515531659126282,861
cancer_type_top20,TCGA-B0-5104,3,0.5131343603134155,1.1970547437667847,84
cancer_type_top20,TCGA-B0-5106,3,0.6915737986564636,1.3733447790145874,99
cancer_type_top20,TCGA-B0-5110,3,0.6895367503166199,0.7974667549133301,82
cancer_type_top20,TCGA-B0-5113,3,0.2948104739189148,2.3867106437683105,50
cancer_type_top20,TCGA-B0-5691,3,0.4767935872077942,1.3781882524490356,69
cancer_type_top20,TCGA-B0-5693,3,0.9998959898948669,0.0011790700955316424,51
cancer_type_top20,TCGA-B0-5706,3,0.7005492448806763,0.9420211911201477,73
cancer_type_top20,TCGA-B0-5709,3,0.33561834692955017,2.1542000770568848,99
cancer_type_top20,TCGA-B1-A47O,3,0.9983317852020264,0.014804068021476269,44
cancer_type_top20,TCGA-B1-A657,3,0.9980521202087402,0.018109623342752457,112
cancer_type_top20,TCGA-B2-4101,3,0.9964359402656555,0.026777515187859535,64
cancer_type_top20,TCGA-B2-5635,3,0.49992814660072327,0.6945806741714478,170
cancer_type_top20,TCGA-B2-5641,3,0.16854088008403778,2.545313596725464,203
cancer_type_top20,TCGA-B3-A6W5,3,0.28747624158859253,1.7319635152816772,106
cancer_type_top20,TCGA-B4-5832,3,0.9094873666763306,0.42516469955444336,93
cancer_type_top20,TCGA-B4-5836,3,0.6227329969406128,1.41020929813385,97
cancer_type_top20,TCGA-B5-A0JR,3,0.9158731698989868,0.3041687309741974,951
cancer_type_top20,TCGA-B5-A0JS,3,0.9997878074645996,0.002020234940573573,39
cancer_type_top20,TCGA-B5-A0K2,3,0.9731107950210571,0.16011546552181244,453
cancer_type_top20,TCGA-B5-A11G,3,0.8430043458938599,0.5714958906173706,871
cancer_type_top20,TCGA-B5-A11L,3,0.5680295825004578,1.4507982730865479,172
cancer_type_top20,TCGA-B5-A11R,3,0.8574149012565613,0.8581266403198242,969
cancer_type_top20,TCGA-B5-A11W,3,0.9999971389770508,4.4234249799046665e-05,95
cancer_type_top20,TCGA-B5-A11X,3,0.5538363456726074,0.8217231631278992,85
cancer_type_top20,TCGA-B5-A1MS,3,0.9348959922790527,0.2762901186943054,71
cancer_type_top20,TCGA-B5-A3FD,3,0.8727720975875854,0.3851201832294464,79
cancer_type_top20,TCGA-B6-A0IB,3,0.9964900612831116,0.03241059184074402,99
cancer_type_top20,TCGA-B6-A0IE,3,0.8971308469772339,0.5019505023956299,44
cancer_type_top20,TCGA-B6-A0IG,3,0.24286459386348724,2.1228315830230713,48
cancer_type_top20,TCGA-B6-A0IO,3,0.9525889158248901,0.3517535924911499,93
cancer_type_top20,TCGA-B6-A0IQ,3,0.9979574680328369,0.01875683106482029,92
cancer_type_top20,TCGA-B6-A0RE,3,0.2857455909252167,2.793330192565918,211
cancer_type_top20,TCGA-B6-A0RQ,3,0.8739347457885742,0.5936607122421265,57
cancer_type_top20,TCGA-B6-A0RV,3,0.3928590714931488,2.8059685230255127,68
cancer_type_top20,TCGA-B6-A0WT,3,0.8278261423110962,0.45934656262397766,23
cancer_type_top20,TCGA-B6-A0WV,3,0.29231518507003784,2.68143892288208,46
cancer_type_top20,TCGA-B6-A0WW,3,0.8311017155647278,0.45464393496513367,52
cancer_type_top20,TCGA-B6-A0WX,3,0.52814120054245,1.3557195663452148,48
cancer_type_top20,TCGA-B6-A1KN,3,0.6064414381980896,1.0853543281555176,79
cancer_type_top20,TCGA-B6-A40B,3,0.20987296104431152,2.709651470184326,70
cancer_type_top20,TCGA-B8-4143,3,0.377324640750885,1.9396381378173828,90
cancer_type_top20,TCGA-B8-4148,3,0.1964910924434662,2.393354892730713,48
cancer_type_top20,TCGA-B8-5158,3,0.9951051473617554,0.03696976229548454,76
cancer_type_top20,TCGA-B8-A54F,3,0.42677778005599976,1.421549916267395,44
cancer_type_top20,TCGA-B8-A8YJ,3,0.9579273462295532,0.26377105712890625,49
cancer_type_top20,TCGA-B9-4115,3,0.16698086261749268,3.2465078830718994,152
cancer_type_top20,TCGA-B9-4617,3,0.39824938774108887,1.8972303867340088,60
cancer_type_top20,TCGA-BA-4077,3,0.9755334854125977,0.21463298797607422,413
cancer_type_top20,TCGA-BA-4078,3,0.10949694365262985,3.4119577407836914,611
cancer_type_top20,TCGA-BA-5152,3,0.14536647498607635,3.224607467651367,656
cancer_type_top20,TCGA-BA-5153,3,0.3539954721927643,1.7405928373336792,52
cancer_type_top20,TCGA-BA-5559,3,0.49360814690589905,1.835179328918457,97
cancer_type_top20,TCGA-BA-6868,3,0.5931330323219299,1.7907384634017944,203
cancer_type_top20,TCGA-BA-6872,3,0.2534184753894806,2.3509292602539062,219
cancer_type_top20,TCGA-BA-6873,3,0.2770099341869354,2.104250192642212,83
cancer_type_top20,TCGA-BA-A6D8,3,0.39953500032424927,1.4919788837432861,156
cancer_type_top20,TCGA-BA-A6DG,3,0.5634897947311401,1.4131056070327759,39
cancer_type_top20,TCGA-BB-4224,3,0.3907795548439026,1.8069268465042114,107
cancer_type_top20,TCGA-BB-7870,3,0.33681049942970276,2.359609365463257,375
cancer_type_top20,TCGA-BB-A5HY,3,0.3695450723171234,1.6161034107208252,281
cancer_type_top20,TCGA-BC-A8YO,3,0.6727371215820312,0.9960319995880127,103
cancer_type_top20,TCGA-BF-A1PV,3,0.9987643361091614,0.01309441588819027,405
cancer_type_top20,TCGA-BF-A1Q0,3,0.5012779235839844,1.0639251470565796,3972
cancer_type_top20,TCGA-BF-A3DL,3,0.15602312982082367,3.5454771518707275,616
cancer_type_top20,TCGA-BF-A3DN,3,0.5489216446876526,1.6513844728469849,112
cancer_type_top20,TCGA-BF-A9VF,3,0.7270917296409607,0.9439403414726257,129
cancer_type_top20,TCGA-BF-AAP4,3,0.40660199522972107,2.4838294982910156,1137
cancer_type_top20,TCGA-BF-AAP7,3,0.26140159368515015,2.924391746520996,625
cancer_type_top20,TCGA-BG-A0LW,3,0.9999975562095642,4.126750354771502e-05,44
cancer_type_top20,TCGA-BG-A0M0,3,0.9979792237281799,0.020207762718200684,214
cancer_type_top20,TCGA-BG-A0M8,3,0.2224213182926178,2.1050002574920654,108
cancer_type_top20,TCGA-BG-A0MQ,3,0.6539404392242432,0.6557404398918152,926
cancer_type_top20,TCGA-BG-A0VW,3,0.7759979367256165,0.6426703929901123,683
cancer_type_top20,TCGA-BG-A0VX,3,0.9999991059303284,1.4024628399056382e-05,282
cancer_type_top20,TCGA-BG-A0VZ,3,0.48352324962615967,1.0308947563171387,521
cancer_type_top20,TCGA-BG-A0YU,3,0.3897077441215515,2.1797471046447754,31
cancer_type_top20,TCGA-BG-A18C,3,0.4304978847503662,1.7877150774002075,70
cancer_type_top20,TCGA-BG-A220,3,0.6742084622383118,1.3565185070037842,1512
cancer_type_top20,TCGA-BH-A0AU,3,0.3211034834384918,1.615599274635315,25
cancer_type_top20,TCGA-BH-A0AW,3,0.26109573245048523,2.358945846557617,219
cancer_type_top20,TCGA-BH-A0B0,3,0.4459080994129181,1.6078078746795654,101
cancer_type_top20,TCGA-BH-A0B1,3,0.817884624004364,0.8686381578445435,76
cancer_type_top20,TCGA-BH-A0B5,3,0.17136922478675842,2.443967342376709,93
cancer_type_top20,TCGA-BH-A0B6,3,0.8232331275939941,1.5461816787719727,1297
cancer_type_top20,TCGA-BH-A0B7,3,0.27893882989883423,1.9862308502197266,97
cancer_type_top20,TCGA-BH-A0BG,3,0.2617626190185547,1.640511155128479,49
cancer_type_top20,TCGA-BH-A0BO,3,0.14877849817276,2.347327709197998,66
cancer_type_top20,TCGA-BH-A0DD,3,0.4307822287082672,1.7466262578964233,38
cancer_type_top20,TCGA-BH-A0DK,3,0.07269168645143509,4.354637145996094,266
cancer_type_top20,TCGA-BH-A0DL,3,0.24769961833953857,1.797178864479065,135
cancer_type_top20,TCGA-BH-A0E2,3,0.5229498744010925,2.0823044776916504,64
cancer_type_top20,TCGA-BH-A0E6,3,0.5317704081535339,1.2300723791122437,100
cancer_type_top20,TCGA-BH-A0EB,3,0.9582285284996033,0.18738220632076263,62
cancer_type_top20,TCGA-BH-A0H0,3,0.505216121673584,1.4183660745620728,28
cancer_type_top20,TCGA-BH-A0HA,3,0.9749789237976074,0.18411998450756073,470
cancer_type_top20,TCGA-BH-A0HF,3,0.9995824694633484,0.004359773360192776,1455
cancer_type_top20,TCGA-BH-A0HP,3,0.1745036393404007,4.727659702301025,364
cancer_type_top20,TCGA-BH-A0HX,3,0.38038963079452515,1.4785957336425781,92
cancer_type_top20,TCGA-BH-A0W4,3,0.689570963382721,1.4412344694137573,43
cancer_type_top20,TCGA-BH-A0W7,3,0.07151160389184952,4.446507930755615,265
cancer_type_top20,TCGA-BH-A18F,3,0.5843909978866577,0.7980126738548279,72
cancer_type_top20,TCGA-BH-A18G,3,0.6052035689353943,0.8586244583129883,1922
cancer_type_top20,TCGA-BH-A18K,3,0.16146671772003174,2.7544314861297607,77
cancer_type_top20,TCGA-BH-A18M,3,0.34036317467689514,1.8754551410675049,22
cancer_type_top20,TCGA-BH-A18Q,3,0.3007654845714569,1.813393473625183,121
cancer_type_top20,TCGA-BH-A18R,3,0.5617198944091797,1.7948217391967773,45
cancer_type_top20,TCGA-BH-A18S,3,0.7455212473869324,0.8154546022415161,39
cancer_type_top20,TCGA-BH-A1EW,3,0.36814355850219727,1.7801222801208496,22
cancer_type_top20,TCGA-BH-A1FC,3,0.21756160259246826,2.7237701416015625,135
cancer_type_top20,TCGA-BH-A1FD,3,0.3094380795955658,1.9536446332931519,44
cancer_type_top20,TCGA-BH-A1FH,3,0.13316410779953003,2.7758524417877197,37
cancer_type_top20,TCGA-BH-A204,3,0.30615001916885376,2.2888784408569336,56
cancer_type_top20,TCGA-BH-A209,3,0.6534162163734436,1.4170019626617432,133
cancer_type_top20,TCGA-BH-A2L8,3,0.29480797052383423,4.338349342346191,637
cancer_type_top20,TCGA-BH-A8G0,3,0.46506696939468384,1.8656617403030396,21
cancer_type_top20,TCGA-BH-AB28,3,0.4774797260761261,0.9523248672485352,101
cancer_type_top20,TCGA-BI-A0VR,3,0.8278737664222717,1.171968936920166,176
cancer_type_top20,TCGA-BJ-A0ZG,3,0.7830165028572083,0.8690658807754517,14
cancer_type_top20,TCGA-BJ-A18Z,3,0.9561150670051575,0.22038328647613525,24
cancer_type_top20,TCGA-BJ-A28S,3,0.35752880573272705,1.8735251426696777,25
cancer_type_top20,TCGA-BJ-A2N8,3,0.3196563422679901,2.022714853286743,39
cancer_type_top20,TCGA-BJ-A2P4,3,0.8362352848052979,0.7804152965545654,19
cancer_type_top20,TCGA-BJ-A3PR,3,0.25171661376953125,2.165090560913086,23
cancer_type_top20,TCGA-BJ-A45D,3,0.28502553701400757,1.5980660915374756,32
cancer_type_top20,TCGA-BJ-A45E,3,0.2904094159603119,1.7732634544372559,15
cancer_type_top20,TCGA-BJ-A45J,3,0.2890334129333496,1.8285852670669556,38
cancer_type_top20,TCGA-BJ-A4O8,3,0.4266943037509918,1.2453293800354004,16
cancer_type_top20,TCGA-BK-A56F,3,0.9881778359413147,0.07066889107227325,89
cancer_type_top20,TCGA-BL-A5ZZ,3,0.8042351007461548,1.1538664102554321,358
cancer_type_top20,TCGA-BP-4960,3,0.6160184741020203,0.9861095547676086,82
cancer_type_top20,TCGA-BP-4977,3,0.8515533804893494,0.5717830061912537,50
cancer_type_top20,TCGA-BP-4981,3,0.4470643401145935,1.4357531070709229,78
cancer_type_top20,TCGA-BP-4998,3,0.9307385683059692,0.4084058403968811,44
cancer_type_top20,TCGA-BP-5173,3,0.19695991277694702,2.9004693031311035,99
cancer_type_top20,TCGA-BP-5174,3,0.5724727511405945,1.4468214511871338,46
cancer_type_top20,TCGA-BP-5178,3,0.3289215862751007,1.3900749683380127,76
cancer_type_top20,TCGA-BQ-5876,3,0.17770764231681824,2.4521889686584473,100
cancer_type_top20,TCGA-BQ-5884,3,0.9506300687789917,0.27222946286201477,58
cancer_type_top20,TCGA-BQ-5891,3,0.5648881196975708,1.3089522123336792,38
cancer_type_top20,TCGA-BQ-7050,3,0.6412197351455688,1.2266514301300049,32
cancer_type_top20,TCGA-BQ-7060,3,0.358980268239975,2.1397500038146973,381
cancer_type_top20,TCGA-BQ-7062,3,0.3602569103240967,1.9084566831588745,66
cancer_type_top20,TCGA-BR-4188,3,0.4395997226238251,2.148993968963623,146
cancer_type_top20,TCGA-BR-4361,3,0.8090907335281372,0.8334896564483643,3428
cancer_type_top20,TCGA-BR-6452,3,0.5244119763374329,1.1778671741485596,5000
cancer_type_top20,TCGA-BR-6454,3,0.2243608981370926,3.0449421405792236,189
cancer_type_top20,TCGA-BR-6563,3,1.0,5.372332623210241e-08,88
cancer_type_top20,TCGA-BR-6566,3,0.4999784529209137,0.6937488317489624,2463
cancer_type_top20,TCGA-BR-6802,3,0.4999842345714569,0.693552553653717,1223
cancer_type_top20,TCGA-BR-7704,3,0.47198110818862915,0.9424200057983398,922
cancer_type_top20,TCGA-BR-7715,3,0.47274449467658997,0.9708834886550903,340
cancer_type_top20,TCGA-BR-7722,3,0.7268651723861694,0.7739055156707764,60
cancer_type_top20,TCGA-BR-7851,3,0.39262840151786804,1.3193658590316772,3762
cancer_type_top20,TCGA-BR-7959,3,0.9767318367958069,0.15901538729667664,129
cancer_type_top20,TCGA-BR-8078,3,0.588266134262085,1.7519655227661133,2128
cancer_type_top20,TCGA-BR-8081,3,0.5032254457473755,0.7063280344009399,1205
cancer_type_top20,TCGA-BR-8286,3,0.9945822358131409,0.04615918546915054,174
cancer_type_top20,TCGA-BR-8291,3,0.374063104391098,1.63107430934906,33
cancer_type_top20,TCGA-BR-8360,3,0.13523827493190765,4.1251068115234375,1228
cancer_type_top20,TCGA-BR-8486,3,0.6441345810890198,0.9343283176422119,75
cancer_type_top20,TCGA-BR-8682,3,0.1575508564710617,2.9532198905944824,94
cancer_type_top20,TCGA-BR-A44T,3,0.4804780185222626,1.7018890380859375,25
cancer_type_top20,TCGA-BR-A4CR,3,0.33344149589538574,1.7874071598052979,91
cancer_type_top20,TCGA-BR-A4J6,3,0.5782033801078796,1.3277978897094727,41
cancer_type_top20,TCGA-BR-A4J7,3,0.8910151124000549,0.6449229717254639,71
cancer_type_top20,TCGA-BS-A0U9,3,0.5557417869567871,0.9432169198989868,43
cancer_type_top20,TCGA-BS-A0UF,3,0.6973341703414917,0.9498140215873718,5000
cancer_type_top20,TCGA-BS-A0V4,3,0.7417239546775818,0.607694149017334,637
cancer_type_top20,TCGA-BS-A0V6,3,0.8832265138626099,0.3605829179286957,77
cancer_type_top20,TCGA-BT-A20P,3,0.6405584216117859,1.6314231157302856,125
cancer_type_top20,TCGA-BT-A20R,3,0.9293637871742249,0.5053989887237549,379
cancer_type_top20,TCGA-BT-A2LA,3,0.492036372423172,2.31616473197937,267
cancer_type_top20,TCGA-BT-A2LB,3,0.4965912401676178,0.7582457065582275,1656
cancer_type_top20,TCGA-BT-A2LD,3,0.406756192445755,1.574212908744812,138
cancer_type_top20,TCGA-C4-A0F1,3,0.2594733238220215,2.859449625015259,245
cancer_type_top20,TCGA-C5-A1BK,3,0.11497916281223297,4.6510772705078125,234
cancer_type_top20,TCGA-C5-A1BN,3,0.35756659507751465,2.579583168029785,90
cancer_type_top20,TCGA-C5-A1M5,3,0.9349467754364014,0.4124135375022888,97
cancer_type_top20,TCGA-C5-A1M7,3,0.23005010187625885,3.342744827270508,154
cancer_type_top20,TCGA-C5-A1M9,3,0.3273395001888275,2.4685940742492676,65
cancer_type_top20,TCGA-C5-A1MF,3,0.11713074892759323,3.636870861053467,128
cancer_type_top20,TCGA-C5-A1MJ,3,0.2476513534784317,3.1298940181732178,129
cancer_type_top20,TCGA-C5-A1MP,3,0.16337652504444122,2.968165159225464,68
cancer_type_top20,TCGA-C5-A2LY,3,0.3240945637226105,2.9213390350341797,168
cancer_type_top20,TCGA-C5-A2M1,3,0.6762527227401733,1.033691644668579,149
cancer_type_top20,TCGA-C5-A7UH,3,0.08241967111825943,4.050495147705078,337
cancer_type_top20,TCGA-C5-A8XK,3,0.06966183334589005,4.258498668670654,365
cancer_type_top20,TCGA-C8-A131,3,0.8254696726799011,0.6033858060836792,84
cancer_type_top20,TCGA-C8-A1HJ,3,0.5154440999031067,1.3129701614379883,135
cancer_type_top20,TCGA-C8-A1HN,3,0.3335001766681671,2.4250030517578125,76
cancer_type_top20,TCGA-C8-A1HO,3,0.7366945147514343,0.9777386784553528,51
cancer_type_top20,TCGA-C8-A26Y,3,0.17059196531772614,3.9728896617889404,942
cancer_type_top20,TCGA-C8-A275,3,0.31709709763526917,2.7478060722351074,146
cancer_type_top20,TCGA-C8-A278,3,0.39373308420181274,1.5870782136917114,57
cancer_type_top20,TCGA-C8-A27A,3,0.8716273903846741,0.38400155305862427,41
cancer_type_top20,TCGA-C8-A27B,3,0.4597539007663727,1.6806612014770508,169
cancer_type_top20,TCGA-C8-A8HQ,3,0.08704648166894913,4.242903232574463,379
cancer_type_top20,TCGA-C8-A8HR,3,0.9561357498168945,0.2652280926704407,64
cancer_type_top20,TCGA-CA-6716,3,0.9999988079071045,1.7693939298624173e-05,225
cancer_type_top20,TCGA-CA-6717,3,0.5136130452156067,1.1180607080459595,5000
cancer_type_top20,TCGA-CC-5264,3,0.7165506482124329,1.1189669370651245,137
cancer_type_top20,TCGA-CC-A5UE,3,0.41668567061424255,2.5078978538513184,180
cancer_type_top20,TCGA-CC-A7IF,3,0.6333869099617004,0.8242188692092896,187
cancer_type_top20,TCGA-CC-A8HT,3,0.5122350454330444,1.6391602754592896,291
cancer_type_top20,TCGA-CC-A9FU,3,0.8360769152641296,0.8809348940849304,76
cancer_type_top20,TCGA-CC-A9FV,3,0.4305320382118225,1.5362049341201782,34
cancer_type_top20,TCGA-CD-5800,3,0.22782300412654877,2.46878719329834,212
cancer_type_top20,TCGA-CD-8526,3,0.46973180770874023,1.6890270709991455,62
cancer_type_top20,TCGA-CD-8532,3,0.5675563216209412,1.74180269241333,55
cancer_type_top20,TCGA-CD-A48A,3,0.1852487176656723,2.7233948707580566,301
cancer_type_top20,TCGA-CD-A4MG,3,0.9195250272750854,0.3566698431968689,3190
cancer_type_top20,TCGA-CE-A481,3,0.6309828758239746,1.1135001182556152,16
cancer_type_top20,TCGA-CE-A485,3,0.6808791756629944,0.9096029996871948,4
cancer_type_top20,TCGA-CF-A1HS,3,0.13718116283416748,3.761767864227295,356
cancer_type_top20,TCGA-CF-A27C,3,0.22409330308437347,3.042207717895508,208
cancer_type_top20,TCGA-CF-A3MI,3,0.2544039785861969,2.4775118827819824,98
cancer_type_top20,TCGA-CF-A8HX,3,0.27209264039993286,2.7392542362213135,91
cancer_type_top20,TCGA-CG-4441,3,0.8595229983329773,0.7542026042938232,140
cancer_type_top20,TCGA-CG-4462,3,0.98627108335495,0.10785961896181107,101
cancer_type_top20,TCGA-CG-4469,3,0.9999980926513672,3.471850141067989e-05,400
cancer_type_top20,TCGA-CG-4474,3,0.7569001317024231,1.128210186958313,119
cancer_type_top20,TCGA-CG-5717,3,0.3168286681175232,1.7866332530975342,168
cancer_type_top20,TCGA-CG-5718,3,0.9999650120735168,0.00042143225437030196,114
cancer_type_top20,TCGA-CG-5720,3,0.33809828758239746,2.0366201400756836,106
cancer_type_top20,TCGA-CG-5728,3,0.48594871163368225,1.9147725105285645,1934
cancer_type_top20,TCGA-CH-5754,3,0.5615583658218384,2.058062791824341,122
cancer_type_top20,TCGA-CH-5765,3,0.9960393309593201,0.032950885593891144,46
cancer_type_top20,TCGA-CH-5768,3,0.5806649327278137,1.3919340372085571,60
cancer_type_top20,TCGA-CH-5769,3,0.8975526690483093,0.4678182303905487,153
cancer_type_top20,TCGA-CH-5771,3,0.8176118731498718,0.6225160956382751,35
cancer_type_top20,TCGA-CH-5791,3,0.997484564781189,0.024034863337874413,50
cancer_type_top20,TCGA-CJ-4636,3,0.4473356306552887,1.8968939781188965,79
cancer_type_top20,TCGA-CJ-4905,3,0.4232674837112427,1.9264652729034424,72
cancer_type_top20,TCGA-CJ-4913,3,0.32567697763442993,2.3195009231567383,81
cancer_type_top20,TCGA-CJ-4916,3,0.9800577163696289,0.15617981553077698,62
cancer_type_top20,TCGA-CJ-4918,3,0.1758211851119995,3.1213905811309814,90
cancer_type_top20,TCGA-CJ-5671,3,0.26067933440208435,2.4223806858062744,94
cancer_type_top20,TCGA-CJ-5678,3,0.9999756217002869,0.0003063814656343311,63
cancer_type_top20,TCGA-CJ-5680,3,0.6304857730865479,1.4221495389938354,66
cancer_type_top20,TCGA-CJ-5684,3,0.2871396541595459,1.6827675104141235,57
cancer_type_top20,TCGA-CJ-5689,3,0.6234927177429199,1.2738302946090698,105
cancer_type_top20,TCGA-CJ-6030,3,0.35903140902519226,2.417149066925049,138
cancer_type_top20,TCGA-CK-5913,3,0.9946005344390869,0.035060226917266846,1281
cancer_type_top20,TCGA-CM-4743,3,0.08091092854738235,3.9009056091308594,1724
cancer_type_top20,TCGA-CM-5348,3,0.7950994968414307,0.7975394129753113,266
cancer_type_top20,TCGA-CM-5860,3,0.9999862909317017,0.0001724635367281735,166
cancer_type_top20,TCGA-CM-5864,3,0.9997227787971497,0.0029341557528823614,274
cancer_type_top20,TCGA-CM-5868,3,1.0,5.289541036290757e-07,135
cancer_type_top20,TCGA-CM-6166,3,0.4874020218849182,0.8091313242912292,123
cancer_type_top20,TCGA-CM-6169,3,0.9732407331466675,0.12329006940126419,143
cancer_type_top20,TCGA-CM-6170,3,0.9999998211860657,3.6015762816532515e-06,136
cancer_type_top20,TCGA-CN-4729,3,0.3327121138572693,2.4554195404052734,195
cancer_type_top20,TCGA-CN-4734,3,0.997736930847168,0.020173532888293266,203
cancer_type_top20,TCGA-CN-4741,3,0.5184571146965027,2.094470500946045,176
cancer_type_top20,TCGA-CN-4742,3,0.6803991794586182,0.8123561143875122,96
cancer_type_top20,TCGA-CN-5358,3,0.8265218734741211,0.6130773425102234,51
cancer_type_top20,TCGA-CN-5365,3,0.546883225440979,1.1987158060073853,101
cancer_type_top20,TCGA-CN-5366,3,0.5732327699661255,1.6859185695648193,130
cancer_type_top20,TCGA-CN-A49B,3,0.7366867661476135,1.0623525381088257,140
cancer_type_top20,TCGA-CN-A49C,3,0.3263516128063202,1.928431510925293,79
cancer_type_top20,TCGA-CN-A63U,3,0.3083692491054535,2.1514041423797607,701
cancer_type_top20,TCGA-CN-A6V3,3,0.2142401784658432,2.566650390625,302
cancer_type_top20,TCGA-CQ-5326,3,0.23702317476272583,2.178867816925049,292
cancer_type_top20,TCGA-CQ-5332,3,0.4257480204105377,1.8891384601593018,187
cancer_type_top20,TCGA-CQ-6219,3,0.26390188932418823,2.1945033073425293,98
cancer_type_top20,TCGA-CQ-6221,3,0.6405330300331116,1.2245841026306152,151
cancer_type_top20,TCGA-CQ-6227,3,0.18631097674369812,2.881479263305664,72
cancer_type_top20,TCGA-CQ-7069,3,0.7035529017448425,1.2216559648513794,115
cancer_type_top20,TCGA-CQ-A4C9,3,0.449367880821228,1.40218186378479,120
cancer_type_top20,TCGA-CQ-A4CE,3,0.41191330552101135,1.2389158010482788,92
cancer_type_top20,TCGA-CQ-A4CH,3,0.6158589720726013,1.2468452453613281,32
cancer_type_top20,TCGA-CR-5250,3,0.4535994827747345,1.7381056547164917,49
cancer_type_top20,TCGA-CR-6471,3,0.9144083261489868,0.3964809477329254,169
cancer_type_top20,TCGA-CR-6472,3,0.803871750831604,1.2055014371871948,604
cancer_type_top20,TCGA-CR-6487,3,0.17116568982601166,2.753671646118164,163
cancer_type_top20,TCGA-CR-6491,3,0.394731342792511,1.6319358348846436,177
cancer_type_top20,TCGA-CR-7369,3,0.789227306842804,0.5150852203369141,93
cancer_type_top20,TCGA-CR-7372,3,0.6370722055435181,0.996427595615387,59
cancer_type_top20,TCGA-CR-7379,3,0.4796917736530304,1.4681169986724854,203
cancer_type_top20,TCGA-CR-7380,3,0.3310621678829193,2.001173496246338,116
cancer_type_top20,TCGA-CR-7392,3,0.7310000061988831,0.9389142990112305,32
cancer_type_top20,TCGA-CS-4943,3,0.824953556060791,0.8634521961212158,39
cancer_type_top20,TCGA-CS-5393,3,0.8385064005851746,0.7430040836334229,36
cancer_type_top20,TCGA-CS-5394,3,0.9685657620429993,0.22711890935897827,31
cancer_type_top20,TCGA-CS-5397,3,0.33155199885368347,1.4739511013031006,58
cancer_type_top20,TCGA-CS-6666,3,0.8727830052375793,0.5132216811180115,54
cancer_type_top20,TCGA-CS-6669,3,0.642432451248169,0.6520057916641235,2
cancer_type_top20,TCGA-CU-A0YO,3,0.26238223910331726,2.797027587890625,135
cancer_type_top20,TCGA-CV-5436,3,0.1150946170091629,2.7763330936431885,255
cancer_type_top20,TCGA-CV-5443,3,0.8325210213661194,0.5190913677215576,79
cancer_type_top20,TCGA-CV-5973,3,0.35224127769470215,1.8722645044326782,81
cancer_type_top20,TCGA-CV-6936,3,0.21502481400966644,3.2083187103271484,755
cancer_type_top20,TCGA-CV-6938,3,0.22429123520851135,2.7548673152923584,357
cancer_type_top20,TCGA-CV-6941,3,0.5271164178848267,1.2272588014602661,232
cancer_type_top20,TCGA-CV-6951,3,0.27165502309799194,2.7770678997039795,391
cancer_type_top20,TCGA-CV-6952,3,0.1214292123913765,3.442119598388672,443
cancer_type_top20,TCGA-CV-6956,3,0.3028359115123749,2.077780246734619,504
cancer_type_top20,TCGA-CV-7177,3,0.09132931381464005,3.267369031906128,272
cancer_type_top20,TCGA-CV-7235,3,0.30192893743515015,2.5332865715026855,347
cancer_type_top20,TCGA-CV-7245,3,0.2902674674987793,2.229404926300049,1358
cancer_type_top20,TCGA-CV-7253,3,0.33553799986839294,1.7528116703033447,234
cancer_type_top20,TCGA-CV-7255,3,0.9602326154708862,0.21897459030151367,284
cancer_type_top20,TCGA-CV-7261,3,0.19172407686710358,2.587355136871338,492
cancer_type_top20,TCGA-CV-7411,3,0.990998387336731,0.05580688267946243,154
cancer_type_top20,TCGA-CV-7418,3,0.4989958703517914,0.7122380137443542,427
cancer_type_top20,TCGA-CV-7429,3,0.5932871699333191,1.3191627264022827,72
cancer_type_top20,TCGA-CV-7433,3,0.5603106617927551,0.8218543529510498,156
cancer_type_top20,TCGA-CV-7568,3,0.7754393219947815,0.5473142862319946,3229
cancer_type_top20,TCGA-CV-A45Q,3,0.2897152304649353,2.7202324867248535,384
cancer_type_top20,TCGA-CV-A45R,3,0.4270261824131012,1.3765820264816284,113
cancer_type_top20,TCGA-CV-A45V,3,0.6389947533607483,1.1178717613220215,144
cancer_type_top20,TCGA-CV-A6JD,3,0.6717936396598816,1.3951765298843384,112
cancer_type_top20,TCGA-CV-A6JZ,3,0.9999739527702332,0.0003180105413775891,138
cancer_type_top20,TCGA-CV-A6K2,3,0.24050438404083252,3.6053884029388428,885
cancer_type_top20,TCGA-CW-5583,3,0.6240070462226868,1.131353497505188,37
cancer_type_top20,TCGA-CW-5587,3,0.8835793733596802,0.5484588146209717,89
cancer_type_top20,TCGA-CW-6097,3,0.8967292904853821,0.4294184148311615,29
cancer_type_top20,TCGA-CX-7219,3,0.5902125239372253,1.859008550643921,178
cancer_type_top20,TCGA-CX-A4AQ,3,0.7100607752799988,1.098429799079895,136
cancer_type_top20,TCGA-CZ-4853,3,0.29351991415023804,2.160538673400879,137
cancer_type_top20,TCGA-CZ-4856,3,0.27758607268333435,2.449092149734497,85
cancer_type_top20,TCGA-CZ-4859,3,0.5411079525947571,1.6831412315368652,136
cancer_type_top20,TCGA-CZ-5462,3,0.2389400750398636,2.6715900897979736,89
cancer_type_top20,TCGA-CZ-5463,3,0.3136976659297943,2.149567127227783,70
cancer_type_top20,TCGA-CZ-5465,3,0.48075076937675476,1.364619255065918,141
cancer_type_top20,TCGA-CZ-5466,3,0.9990137815475464,0.008412357419729233,84
cancer_type_top20,TCGA-CZ-5987,3,0.49865490198135376,1.5949976444244385,68
cancer_type_top20,TCGA-CZ-5988,3,0.3744962811470032,1.9874008893966675,54
cancer_type_top20,TCGA-D1-A0ZP,3,0.9760016202926636,0.11379335820674896,48
cancer_type_top20,TCGA-D1-A16F,3,0.49356260895729065,0.8636301755905151,754
cancer_type_top20,TCGA-D1-A16O,3,0.9995582699775696,0.0042748600244522095,47
cancer_type_top20,TCGA-D1-A16S,3,0.5339801907539368,1.385312557220459,75
cancer_type_top20,TCGA-D1-A16Y,3,0.32303673028945923,1.3021256923675537,1551
cancer_type_top20,TCGA-D1-A17F,3,0.9999998807907104,2.153080231437343e-06,357
cancer_type_top20,TCGA-D1-A17K,3,0.42375025153160095,1.4456779956817627,90
cancer_type_top20,TCGA-D1-A17L,3,1.0,9.618997864890844e-08,87
cancer_type_top20,TCGA-D1-A2G0,3,0.39455899596214294,1.8109941482543945,1592
cancer_type_top20,TCGA-D1-A3DA,3,0.7877400517463684,0.7870447635650635,129
cancer_type_top20,TCGA-D3-A1Q3,3,0.6384115815162659,1.565297245979309,2202
cancer_type_top20,TCGA-D3-A1Q7,3,0.9997261166572571,0.003113497979938984,135
cancer_type_top20,TCGA-D3-A1Q9,3,0.5140331983566284,1.234816312789917,44
cancer_type_top20,TCGA-D3-A2J7,3,0.5300137996673584,1.8403871059417725,553
cancer_type_top20,TCGA-D3-A2JK,3,0.2222408503293991,2.247903347015381,1189
cancer_type_top20,TCGA-D3-A3C6,3,0.2122706174850464,3.436094284057617,899
cancer_type_top20,TCGA-D3-A3CC,3,0.3128370940685272,2.1785120964050293,129
cancer_type_top20,TCGA-D3-A3CF,3,0.5678260326385498,1.1878881454467773,146
cancer_type_top20,TCGA-D3-A3MR,3,0.11495646089315414,3.6577701568603516,1190
cancer_type_top20,TCGA-D3-A3MU,3,0.4585350751876831,1.4875566959381104,670
cancer_type_top20,TCGA-D3-A51J,3,0.23640473186969757,3.443222761154175,613
cancer_type_top20,TCGA-D3-A51R,3,0.3576315939426422,1.102034091949463,977
cancer_type_top20,TCGA-D3-A8GD,3,0.8116319179534912,0.7968552112579346,134
cancer_type_top20,TCGA-D3-A8GK,3,0.3842101991176605,2.640092611312866,810
cancer_type_top20,TCGA-D3-A8GP,3,0.5518037676811218,2.7204926013946533,798
cancer_type_top20,TCGA-D5-6920,3,1.0,4.413732490604616e-09,158
cancer_type_top20,TCGA-D5-6926,3,0.7620768547058105,0.6842384338378906,168
cancer_type_top20,TCGA-D5-6930,3,0.5414152145385742,2.0002923011779785,1872
cancer_type_top20,TCGA-D5-6931,3,0.9999994039535522,1.1438627552706748e-05,425
cancer_type_top20,TCGA-D6-6517,3,0.6366630792617798,1.3241673707962036,97
cancer_type_top20,TCGA-D6-6826,3,0.258351594209671,2.3345108032226562,129
cancer_type_top20,TCGA-D6-A4ZB,3,0.5937930345535278,1.4382797479629517,229
cancer_type_top20,TCGA-D6-A6EK,3,0.26183924078941345,2.177212953567505,221
cancer_type_top20,TCGA-D6-A74Q,3,0.18532279133796692,2.546445369720459,561
cancer_type_top20,TCGA-D7-6520,3,0.9262644648551941,0.39561086893081665,79
cancer_type_top20,TCGA-D7-6521,3,0.8133827447891235,0.767179548740387,92
cancer_type_top20,TCGA-D7-6522,3,0.44876235723495483,2.406036615371704,68
cancer_type_top20,TCGA-D7-6526,3,0.26107606291770935,2.467512607574463,282
cancer_type_top20,TCGA-D7-8572,3,0.8532063364982605,0.7361376285552979,226
cancer_type_top20,TCGA-D7-8575,3,1.0,2.2894471385370707e-07,66
cancer_type_top20,TCGA-D7-A4YX,3,0.4294380843639374,1.389359712600708,108
cancer_type_top20,TCGA-D7-A6F2,3,0.9086834788322449,0.4627862274646759,91
cancer_type_top20,TCGA-D8-A142,3,0.9598621726036072,0.168874591588974,173
cancer_type_top20,TCGA-D8-A146,3,0.7044066190719604,0.6811552047729492,45
cancer_type_top20,TCGA-D8-A1J9,3,0.10996398329734802,4.016657829284668,280
cancer_type_top20,TCGA-D8-A1JF,3,0.6922195553779602,1.033808946609497,56
cancer_type_top20,TCGA-D8-A1JT,3,0.37732160091400146,1.9002230167388916,47
cancer_type_top20,TCGA-D8-A1XG,3,0.5575553774833679,1.4350910186767578,36
cancer_type_top20,TCGA-D8-A1XJ,3,0.353293240070343,2.0550999641418457,121
cancer_type_top20,TCGA-D8-A1XW,3,0.6160029172897339,0.9337406158447266,130
cancer_type_top20,TCGA-D8-A27E,3,0.31653210520744324,1.5127321481704712,14
cancer_type_top20,TCGA-D8-A27L,3,0.9955050945281982,0.03902825340628624,58
cancer_type_top20,TCGA-D8-A4Z1,3,0.3615957498550415,2.296769857406616,47
cancer_type_top20,TCGA-D8-A73U,3,0.11309460550546646,3.2045435905456543,216
cancer_type_top20,TCGA-D9-A4Z3,3,0.1358526349067688,3.1877756118774414,1090
cancer_type_top20,TCGA-DA-A1HV,3,0.3920542299747467,2.498297929763794,2087
cancer_type_top20,TCGA-DA-A1HY,3,0.5444514155387878,2.4685885906219482,1011
cancer_type_top20,TCGA-DA-A1I0,3,0.2156752496957779,3.6088013648986816,693
cancer_type_top20,TCGA-DA-A1I2,3,0.825157642364502,0.9030814170837402,182
cancer_type_top20,TCGA-DA-A95W,3,0.16857454180717468,3.1135153770446777,222
cancer_type_top20,TCGA-DA-A95Y,3,0.5687647461891174,1.8116905689239502,574
cancer_type_top20,TCGA-DA-A960,3,0.7882869243621826,1.0338027477264404,1201
cancer_type_top20,TCGA-DB-5273,3,0.4586260914802551,1.5065304040908813,19
cancer_type_top20,TCGA-DB-5276,3,0.7279889583587646,1.1683870553970337,22
cancer_type_top20,TCGA-DB-A4X9,3,0.8394123315811157,0.6800079941749573,33
cancer_type_top20,TCGA-DB-A4XB,3,0.2623763680458069,2.2661895751953125,39
cancer_type_top20,TCGA-DB-A64U,3,0.5685648918151855,1.304948091506958,18
cancer_type_top20,TCGA-DB-A64V,3,0.38984569907188416,2.6045351028442383,41
cancer_type_top20,TCGA-DB-A64X,3,0.22768545150756836,3.1659982204437256,99
cancer_type_top20,TCGA-DD-A114,3,0.22986967861652374,2.735081195831299,303
cancer_type_top20,TCGA-DD-A11D,3,0.5424816012382507,1.8534765243530273,184
cancer_type_top20,TCGA-DD-A1E9,3,0.8140342235565186,0.8553774356842041,97
cancer_type_top20,TCGA-DD-A1EH,3,0.31673380732536316,1.8508121967315674,53
cancer_type_top20,TCGA-DD-A39Z,3,0.9208635091781616,0.3023291826248169,110
cancer_type_top20,TCGA-DD-A3A3,3,0.37807393074035645,2.041240930557251,83
cancer_type_top20,TCGA-DD-A4NB,3,0.2537219822406769,2.301584243774414,41
cancer_type_top20,TCGA-DD-A4NF,3,0.4737452268600464,2.3175647258758545,172
cancer_type_top20,TCGA-DD-A4NG,3,0.32710298895835876,2.047621250152588,199
cancer_type_top20,TCGA-DD-A4NR,3,0.11037570983171463,3.216644763946533,169
cancer_type_top20,TCGA-DD-A73A,3,0.09904351830482483,3.213162422180176,128
cancer_type_top20,TCGA-DD-A73B,3,0.7335425019264221,0.9920430183410645,113
cancer_type_top20,TCGA-DD-A73G,3,0.36066868901252747,2.44248628616333,160
cancer_type_top20,TCGA-DD-AAC9,3,0.6558748483657837,1.0202405452728271,120
cancer_type_top20,TCGA-DD-AACH,3,0.35384711623191833,1.3014390468597412,144
cancer_type_top20,TCGA-DD-AACP,3,0.29916924238204956,1.7479641437530518,285
cancer_type_top20,TCGA-DD-AACS,3,0.6964341998100281,0.9222902059555054,67
cancer_type_top20,TCGA-DD-AACT,3,0.4648802876472473,1.680086374282837,298
cancer_type_top20,TCGA-DD-AACU,3,0.2451910376548767,2.4622411727905273,172
cancer_type_top20,TCGA-DD-AAD5,3,0.8253390192985535,0.6974337100982666,189
cancer_type_top20,TCGA-DD-AADA,3,0.20716266334056854,2.7591919898986816,176
cancer_type_top20,TCGA-DD-AADD,3,0.41871124505996704,1.491622805595398,129
cancer_type_top20,TCGA-DD-AADE,3,0.2594411075115204,2.0369412899017334,170
cancer_type_top20,TCGA-DD-AADQ,3,0.5104385018348694,2.1304359436035156,194
cancer_type_top20,TCGA-DD-AADR,3,0.29259181022644043,1.9758260250091553,152
cancer_type_top20,TCGA-DD-AADS,3,0.1469060331583023,3.49569034576416,210
cancer_type_top20,TCGA-DD-AADW,3,0.775951087474823,0.6511311531066895,75
cancer_type_top20,TCGA-DD-AAE0,3,0.46887102723121643,1.4234249591827393,105
cancer_type_top20,TCGA-DD-AAE4,3,0.328980028629303,2.233106851577759,103
cancer_type_top20,TCGA-DD-AAED,3,0.3127613365650177,2.250089645385742,103
cancer_type_top20,TCGA-DD-AAVQ,3,0.24417617917060852,2.5040628910064697,80
cancer_type_top20,TCGA-DD-AAVR,3,0.3038308024406433,2.02543306350708,101
cancer_type_top20,TCGA-DD-AAVW,3,0.4878492057323456,1.8041975498199463,53
cancer_type_top20,TCGA-DD-AAVZ,3,0.6179594397544861,1.4157453775405884,69
cancer_type_top20,TCGA-DD-AAW2,3,0.2607955038547516,1.9482346773147583,192
cancer_type_top20,TCGA-DE-A2OL,3,0.40941739082336426,1.631482720375061,13
cancer_type_top20,TCGA-DE-A4MB,3,0.9424295425415039,0.2776750922203064,35
cancer_type_top20,TCGA-DE-A4MD,3,0.33854997158050537,2.198098659515381,78
cancer_type_top20,TCGA-DE-A69J,3,0.26797670125961304,1.8379758596420288,11
cancer_type_top20,TCGA-DE-A69K,3,0.3478212058544159,1.6316404342651367,21
cancer_type_top20,TCGA-DF-A2KU,3,0.5242680907249451,0.9890374541282654,5000
cancer_type_top20,TCGA-DF-A2L0,3,0.8067489266395569,0.4922391474246979,77
cancer_type_top20,TCGA-DG-A2KK,3,0.11602731794118881,4.042264938354492,583
cancer_type_top20,TCGA-DH-5142,3,0.3814859092235565,2.108366012573242,49
cancer_type_top20,TCGA-DH-5143,3,0.8872030377388,0.47253426909446716,37
cancer_type_top20,TCGA-DH-A7UT,3,0.32186731696128845,2.4326322078704834,26
cancer_type_top20,TCGA-DI-A1BY,3,0.9184772372245789,0.2864604592323303,98
cancer_type_top20,TCGA-DJ-A13O,3,0.32599279284477234,1.5714430809020996,7
cancer_type_top20,TCGA-DJ-A13T,3,0.25156646966934204,2.03725528717041,9
cancer_type_top20,TCGA-DJ-A13U,3,0.4281850755214691,1.9381349086761475,17
cancer_type_top20,TCGA-DJ-A1QO,3,0.44584766030311584,1.694013237953186,20
cancer_type_top20,TCGA-DJ-A2PP,3,0.9427621364593506,0.26583147048950195,23
cancer_type_top20,TCGA-DJ-A2PQ,3,0.9590902328491211,0.2440802901983261,10
cancer_type_top20,TCGA-DJ-A2PS,3,0.7715083956718445,0.6686328649520874,8
cancer_type_top20,TCGA-DJ-A2PT,3,0.24006517231464386,2.2344307899475098,16
cancer_type_top20,TCGA-DJ-A2Q1,3,0.8680618405342102,0.7286462187767029,22
cancer_type_top20,TCGA-DJ-A2Q6,3,0.3944389224052429,1.4335492849349976,7
cancer_type_top20,TCGA-DJ-A2QB,3,0.3773256540298462,2.6501097679138184,710
cancer_type_top20,TCGA-DJ-A3UO,3,0.2649923264980316,1.8383448123931885,14
cancer_type_top20,TCGA-DJ-A3UU,3,0.5049663186073303,1.3802523612976074,9
cancer_type_top20,TCGA-DJ-A3UW,3,0.3661331534385681,1.3225584030151367,8
cancer_type_top20,TCGA-DJ-A3UZ,3,0.7690503597259521,0.6664220690727234,6
cancer_type_top20,TCGA-DJ-A3VL,3,0.3102390170097351,1.9878939390182495,14
cancer_type_top20,TCGA-DJ-A3VM,3,0.33426350355148315,1.7456753253936768,21
cancer_type_top20,TCGA-DJ-A4UQ,3,0.25442448258399963,1.9954699277877808,19
cancer_type_top20,TCGA-DK-A1A5,3,0.1925574094057083,3.72682785987854,371
cancer_type_top20,TCGA-DK-A1AA,3,0.3182632625102997,1.9232882261276245,109
cancer_type_top20,TCGA-DK-A1AD,3,0.11881592869758606,3.482395648956299,331
cancer_type_top20,TCGA-DK-A2I1,3,0.0737050473690033,4.010622978210449,1061
cancer_type_top20,TCGA-DK-A3IK,3,0.2698974311351776,2.3711471557617188,271
cancer_type_top20,TCGA-DK-A3IN,3,0.032333750277757645,4.880387306213379,521
cancer_type_top20,TCGA-DK-A3IQ,3,0.27636122703552246,3.36415433883667,248
cancer_type_top20,TCGA-DK-A3IU,3,0.7018625140190125,1.3913962841033936,554
cancer_type_top20,TCGA-DK-A3WY,3,0.4902155101299286,1.98018217086792,23
cancer_type_top20,TCGA-DK-A3X1,3,0.25283852219581604,3.757009744644165,1218
cancer_type_top20,TCGA-DK-AA6T,3,0.3596533536911011,2.6504573822021484,121
cancer_type_top20,TCGA-DM-A0X9,3,0.9124360680580139,0.2968671917915344,247
cancer_type_top20,TCGA-DM-A1D0,3,0.8633913993835449,0.3987630605697632,161
cancer_type_top20,TCGA-DM-A1D6,3,0.8835155963897705,0.6087121963500977,161
cancer_type_top20,TCGA-DM-A1DB,3,0.9999979734420776,3.1784635211806744e-05,106
cancer_type_top20,TCGA-DM-A1HA,3,0.5690550804138184,0.6929960250854492,199
cancer_type_top20,TCGA-DM-A285,3,0.9985093474388123,0.011202547699213028,252
cancer_type_top20,TCGA-DM-A28E,3,0.9999781847000122,0.00027342935209162533,134
cancer_type_top20,TCGA-DM-A28G,3,0.9997748136520386,0.002522120252251625,176
cancer_type_top20,TCGA-DQ-5624,3,0.11813846230506897,3.4071855545043945,122
cancer_type_top20,TCGA-DQ-5631,3,0.17419949173927307,2.7081644535064697,121
cancer_type_top20,TCGA-DQ-7592,3,0.46356508135795593,1.222168207168579,104
cancer_type_top20,TCGA-DS-A0VN,3,0.1860680878162384,3.6940066814422607,196
cancer_type_top20,TCGA-DS-A3LQ,3,0.7600206136703491,0.9486678242683411,72
cancer_type_top20,TCGA-DS-A5RQ,3,0.4909384250640869,2.2220983505249023,171
cancer_type_top20,TCGA-DS-A7WF,3,0.9612427949905396,0.19470712542533875,64
cancer_type_top20,TCGA-DS-A7WH,3,0.24232156574726105,2.1485445499420166,165
cancer_type_top20,TCGA-DU-5872,3,0.19760382175445557,2.5901176929473877,44
cancer_type_top20,TCGA-DU-6392,3,0.6613515019416809,0.777289628982544,5000
cancer_type_top20,TCGA-DU-6397,3,0.9997684955596924,0.0025994260795414448,114
cancer_type_top20,TCGA-DU-6406,3,0.9984003305435181,0.013984696939587593,5
cancer_type_top20,TCGA-DU-7006,3,0.44314152002334595,1.466769814491272,79
cancer_type_top20,TCGA-DU-7013,3,0.5136516690254211,1.6501938104629517,53
cancer_type_top20,TCGA-DU-7015,3,0.9378559589385986,0.3582207262516022,37
cancer_type_top20,TCGA-DU-7294,3,0.8499650955200195,0.6065791845321655,625
cancer_type_top20,TCGA-DU-7298,3,0.5582740306854248,1.3287137746810913,409
cancer_type_top20,TCGA-DU-7300,3,0.6291013360023499,1.444661021232605,66
cancer_type_top20,TCGA-DU-7309,3,0.7555645704269409,0.6677056550979614,50
cancer_type_top20,TCGA-DU-8158,3,0.9996736645698547,0.003662391332909465,50
cancer_type_top20,TCGA-DU-8161,3,0.30423617362976074,2.3596086502075195,58
cancer_type_top20,TCGA-DU-A5TW,3,0.6040212512016296,1.4368866682052612,65
cancer_type_top20,TCGA-DU-A5TY,3,0.5748478770256042,1.425349473953247,70
cancer_type_top20,TCGA-DU-A6S2,3,0.2503902316093445,2.3102478981018066,20
cancer_type_top20,TCGA-DU-A6S3,3,0.5240882635116577,1.6814357042312622,41
cancer_type_top20,TCGA-DU-A6S7,3,0.2739792764186859,2.7046117782592773,40
cancer_type_top20,TCGA-DU-A76R,3,0.3867489695549011,2.390573501586914,53
cancer_type_top20,TCGA-DV-5565,3,0.3502739667892456,1.763283371925354,73
cancer_type_top20,TCGA-DV-5566,3,0.3939885199069977,2.3012912273406982,72
cancer_type_top20,TCGA-DV-A4VZ,3,0.5732973217964172,1.0537618398666382,18
cancer_type_top20,TCGA-DV-A4W0,3,0.4786181151866913,1.5225504636764526,122
cancer_type_top20,TCGA-DX-A1KX,3,0.9759665131568909,0.15116854012012482,127
cancer_type_top20,TCGA-DX-A240,3,0.8297519087791443,0.7661692500114441,36
cancer_type_top20,TCGA-DX-A3LU,3,0.293050080537796,2.385404348373413,50
cancer_type_top20,TCGA-DX-A3M2,3,0.17274637520313263,2.961951971054077,154
cancer_type_top20,TCGA-DX-A3U7,3,0.5280196070671082,1.508363962173462,58
cancer_type_top20,TCGA-DX-A3U8,3,0.9999972581863403,4.5242690248414874e-05,62
cancer_type_top20,TCGA-DX-A3U9,3,0.49361875653266907,2.132086753845215,102
cancer_type_top20,TCGA-DX-A3UD,3,0.4406701326370239,1.383605718612671,56
cancer_type_top20,TCGA-DX-A48N,3,0.21777120232582092,2.0895609855651855,59
cancer_type_top20,TCGA-DX-A48P,3,0.5907100439071655,0.877788245677948,83
cancer_type_top20,TCGA-DX-A48R,3,0.9305166006088257,0.2636464238166809,76
cancer_type_top20,TCGA-DX-A6YS,3,0.12580326199531555,3.5864076614379883,582
cancer_type_top20,TCGA-DX-A7EF,3,0.9381703734397888,0.2878763675689697,78
cancer_type_top20,TCGA-DX-A7EU,3,0.2900124192237854,2.022228479385376,118
cancer_type_top20,TCGA-DX-A8BP,3,0.4640968143939972,1.7477576732635498,1189
cancer_type_top20,TCGA-DX-A8BT,3,0.48552387952804565,1.779334306716919,137
cancer_type_top20,TCGA-DX-A8BV,3,0.9065622091293335,0.6375390291213989,112
cancer_type_top20,TCGA-DX-AB2F,3,0.7322192788124084,0.9473413228988647,65
cancer_type_top20,TCGA-DX-AB2J,3,0.3400156795978546,1.6715956926345825,57
cancer_type_top20,TCGA-DX-AB2O,3,0.6833880543708801,1.502825140953064,113
cancer_type_top20,TCGA-DX-AB2P,3,0.2686268985271454,2.7474000453948975,74
cancer_type_top20,TCGA-DX-AB2T,3,0.19852642714977264,2.042316198348999,100
cancer_type_top20,TCGA-DX-AB35,3,0.5483829379081726,1.1868802309036255,65
cancer_type_top20,TCGA-DX-AB36,3,0.9184738993644714,0.4784790575504303,49
cancer_type_top20,TCGA-DZ-6133,3,0.18818773329257965,3.441279649734497,1548
cancer_type_top20,TCGA-E1-A7YL,3,0.7583370208740234,0.6217573285102844,70
cancer_type_top20,TCGA-E1-A7YQ,3,0.24088513851165771,2.2251899242401123,49
cancer_type_top20,TCGA-E2-A108,3,0.2647187411785126,3.0107805728912354,195
cancer_type_top20,TCGA-E2-A14O,3,0.5404658913612366,1.5116530656814575,40
cancer_type_top20,TCGA-E2-A14X,3,0.9589121341705322,0.21386942267417908,44
cancer_type_top20,TCGA-E2-A1IE,3,0.5989176630973816,0.6813593506813049,31
cancer_type_top20,TCGA-E2-A1IF,3,0.9871482849121094,0.07310536503791809,26
cancer_type_top20,TCGA-E2-A1IG,3,0.8524368405342102,0.639629602432251,65
cancer_type_top20,TCGA-E2-A1IH,3,0.9701046943664551,0.21650415658950806,89
cancer_type_top20,TCGA-E2-A1IJ,3,0.7233125567436218,0.9839382767677307,23
cancer_type_top20,TCGA-E2-A1IU,3,0.652127742767334,1.4105732440948486,36
cancer_type_top20,TCGA-E2-A1L6,3,0.8364163041114807,0.6355180740356445,31
cancer_type_top20,TCGA-E2-A1L8,3,0.4426341652870178,1.708587408065796,42
cancer_type_top20,TCGA-E2-A1LA,3,0.7849700450897217,0.9512652158737183,115
cancer_type_top20,TCGA-E2-A574,3,0.632255494594574,1.3545467853546143,165
cancer_type_top20,TCGA-E3-A3DZ,3,0.40516790747642517,1.5468292236328125,29
cancer_type_top20,TCGA-E3-A3E5,3,0.34293001890182495,1.8180510997772217,16
cancer_type_top20,TCGA-E5-A4U1,3,0.41051122546195984,4.040831565856934,825
cancer_type_top20,TCGA-E6-A2P9,3,0.35798129439353943,3.1969218254089355,1789
cancer_type_top20,TCGA-E7-A6ME,3,0.5077822804450989,1.9309067726135254,178
cancer_type_top20,TCGA-E7-A6MF,3,0.09419837594032288,3.324312210083008,63
cancer_type_top20,TCGA-E7-A7DV,3,0.7152309417724609,1.8571282625198364,695
cancer_type_top20,TCGA-E8-A432,3,0.5405706167221069,1.0682984590530396,27
cancer_type_top20,TCGA-E8-A434,3,0.7958841919898987,0.6900818347930908,7
cancer_type_top20,TCGA-E9-A1N8,3,0.6832708716392517,0.9998635053634644,43
cancer_type_top20,TCGA-E9-A1NI,3,0.4725562036037445,1.366653561592102,43
cancer_type_top20,TCGA-E9-A1R2,3,0.5370887517929077,1.233436107635498,75
cancer_type_top20,TCGA-E9-A1R3,3,0.9832960963249207,0.10339783132076263,28
cancer_type_top20,TCGA-E9-A245,3,0.5472645163536072,1.1858325004577637,26
cancer_type_top20,TCGA-E9-A248,3,0.46310684084892273,1.741602897644043,36
cancer_type_top20,TCGA-E9-A3QA,3,0.26371875405311584,2.6141369342803955,66
cancer_type_top20,TCGA-E9-A5FK,3,0.5779827833175659,1.1583448648452759,44
cancer_type_top20,TCGA-E9-A5FL,3,0.4285835921764374,1.6544198989868164,145
cancer_type_top20,TCGA-EA-A3HQ,3,0.6434638500213623,1.2038536071777344,152
cancer_type_top20,TCGA-EA-A3Y4,3,0.3268504738807678,1.8492501974105835,225
cancer_type_top20,TCGA-EA-A5ZD,3,0.3619532287120819,2.2955074310302734,34
cancer_type_top20,TCGA-EA-A5ZE,3,0.5957353115081787,1.7127158641815186,98
cancer_type_top20,TCGA-EB-A3XB,3,0.8353933691978455,0.4588117301464081,700
cancer_type_top20,TCGA-EB-A42Y,3,0.999998152256012,3.0495599276036955e-05,83
cancer_type_top20,TCGA-EB-A42Z,3,0.359258770942688,1.9578032493591309,159
cancer_type_top20,TCGA-EB-A431,3,0.3498989939689636,2.876338481903076,2405
cancer_type_top20,TCGA-EB-A44N,3,0.991729736328125,0.06118886172771454,213
cancer_type_top20,TCGA-EB-A4OY,3,0.6003555059432983,1.0843851566314697,72
cancer_type_top20,TCGA-EB-A4P0,3,0.42322471737861633,2.092006206512451,259
cancer_type_top20,TCGA-EB-A553,3,0.27188557386398315,2.8806238174438477,441
cancer_type_top20,TCGA-EB-A5SF,3,0.5519775748252869,1.74721360206604,44
cancer_type_top20,TCGA-EB-A5SG,3,0.5255898237228394,1.6825740337371826,369
cancer_type_top20,TCGA-EB-A5UM,3,0.17444774508476257,2.7491517066955566,759
cancer_type_top20,TCGA-EB-A5UN,3,0.13993746042251587,3.8592185974121094,1007
cancer_type_top20,TCGA-EB-A6L9,3,0.4141789674758911,1.7836452722549438,33
cancer_type_top20,TCGA-EB-A6QZ,3,0.497394859790802,0.7520428895950317,394
cancer_type_top20,TCGA-EB-A82B,3,0.9675750732421875,0.16828662157058716,70
cancer_type_top20,TCGA-EB-A82C,3,0.3306904435157776,2.087475538253784,50
cancer_type_top20,TCGA-ED-A7PY,3,0.5964813232421875,1.2807046175003052,49
cancer_type_top20,TCGA-ED-A7PZ,3,0.6679214835166931,0.9357174634933472,359
cancer_type_top20,TCGA-EE-A181,3,0.9195808172225952,0.3592180907726288,5000
cancer_type_top20,TCGA-EE-A20F,3,0.997238278388977,0.021300772204995155,2770
cancer_type_top20,TCGA-EE-A29Q,3,0.8935801982879639,0.6252769231796265,980
cancer_type_top20,TCGA-EE-A29T,3,0.6645060181617737,1.8233251571655273,529
cancer_type_top20,TCGA-EE-A29X,3,0.5459347367286682,2.4105656147003174,1570
cancer_type_top20,TCGA-EE-A2A6,3,0.9970773458480835,0.027940072119235992,622
cancer_type_top20,TCGA-EE-A2GE,3,0.9359185099601746,0.3653312027454376,1022
cancer_type_top20,TCGA-EE-A2GL,3,0.426992803812027,1.8637542724609375,521
cancer_type_top20,TCGA-EE-A2GN,3,0.1524239331483841,3.5276496410369873,2164
cancer_type_top20,TCGA-EE-A2GS,3,0.5609310269355774,2.1984806060791016,485
cancer_type_top20,TCGA-EE-A2MC,3,0.999214231967926,0.008516816422343254,1067
cancer_type_top20,TCGA-EE-A2MJ,3,0.09622460603713989,5.386580467224121,2814
cancer_type_top20,TCGA-EE-A2MK,3,0.9992966651916504,0.008226482197642326,965
cancer_type_top20,TCGA-EE-A3AB,3,0.9258283972740173,0.5389148592948914,1029
cancer_type_top20,TCGA-EE-A3J7,3,0.502260148525238,2.2141170501708984,1377
cancer_type_top20,TCGA-EE-A3JE,3,0.7744778394699097,1.0972588062286377,377
cancer_type_top20,TCGA-EE-A3JI,3,0.9977516531944275,0.026389161124825478,1633
cancer_type_top20,TCGA-EJ-5499,3,0.6778163313865662,1.2993974685668945,48
cancer_type_top20,TCGA-EJ-5505,3,0.7335609197616577,0.9366666078567505,40
cancer_type_top20,TCGA-EJ-5509,3,0.9330670237541199,0.2689591646194458,31
cancer_type_top20,TCGA-EJ-5514,3,0.8486371636390686,0.4632642865180969,44
cancer_type_top20,TCGA-EJ-5521,3,0.4020902216434479,1.7677637338638306,66
cancer_type_top20,TCGA-EJ-7317,3,0.18420815467834473,1.9277207851409912,95
cancer_type_top20,TCGA-EJ-7321,3,0.5043632388114929,1.5314245223999023,41
cancer_type_top20,TCGA-EJ-7327,3,0.4999981224536896,0.6932023167610168,74
cancer_type_top20,TCGA-EJ-7331,3,0.41102492809295654,1.5494142770767212,66
cancer_type_top20,TCGA-EJ-7783,3,0.36279311776161194,1.7676597833633423,100
cancer_type_top20,TCGA-EJ-7788,3,0.5217901468276978,1.5325989723205566,48
cancer_type_top20,TCGA-EJ-7789,3,0.49825596809387207,0.7211781740188599,76
cancer_type_top20,TCGA-EJ-7791,3,0.999991774559021,0.00012042093294439837,23
cancer_type_top20,TCGA-EJ-7793,3,0.9277334809303284,0.3617118000984192,13
cancer_type_top20,TCGA-EJ-7794,3,0.4455658197402954,1.1282614469528198,36
cancer_type_top20,TCGA-EJ-7797,3,0.7645607590675354,1.0718263387680054,34
cancer_type_top20,TCGA-EJ-8472,3,0.240467831492424,2.0668256282806396,115
cancer_type_top20,TCGA-EJ-8474,3,0.453641414642334,1.2300360202789307,131
cancer_type_top20,TCGA-EJ-A46E,3,0.7400999665260315,0.9434219598770142,7
cancer_type_top20,TCGA-EJ-A46G,3,0.9946289658546448,0.03803139925003052,72
cancer_type_top20,TCGA-EJ-A65D,3,0.6439021825790405,0.7377837300300598,49
cancer_type_top20,TCGA-EJ-A65M,3,0.3768001198768616,1.7686668634414673,46
cancer_type_top20,TCGA-EJ-A7NG,3,0.5661278963088989,0.9053660035133362,4
cancer_type_top20,TCGA-EJ-A7NH,3,0.979542076587677,0.10022537410259247,24
cancer_type_top20,TCGA-EJ-A8FU,3,0.5690103769302368,1.1621617078781128,12
cancer_type_top20,TCGA-EK-A2H1,3,0.9256700873374939,0.4244407117366791,58
cancer_type_top20,TCGA-EK-A2PG,3,0.5241289734840393,0.8423117399215698,940
cancer_type_top20,TCGA-EK-A2PM,3,0.04647301509976387,4.484014511108398,482
cancer_type_top20,TCGA-EK-A2RA,3,0.2658473551273346,3.046403408050537,368
cancer_type_top20,TCGA-EK-A2RC,3,0.4263080954551697,2.625847339630127,277
cancer_type_top20,TCGA-EK-A2RJ,3,0.17807523906230927,2.8958945274353027,572
cancer_type_top20,TCGA-EL-A3CN,3,0.4475645422935486,1.20547616481781,20
cancer_type_top20,TCGA-EL-A3CO,3,0.42775824666023254,1.140352487564087,10
cancer_type_top20,TCGA-EL-A3CP,3,0.5233048796653748,1.568673014640808,11
cancer_type_top20,TCGA-EL-A3CS,3,0.9089576005935669,0.4193987548351288,25
cancer_type_top20,TCGA-EL-A3D0,3,0.22729311883449554,2.348175525665283,26
cancer_type_top20,TCGA-EL-A3GR,3,0.44610923528671265,1.816959261894226,16
cancer_type_top20,TCGA-EL-A3GY,3,0.3726741075515747,2.094059944152832,15
cancer_type_top20,TCGA-EL-A3GZ,3,0.9805423021316528,0.1096845418214798,12
cancer_type_top20,TCGA-EL-A3H2,3,0.8768460154533386,0.515209972858429,13
cancer_type_top20,TCGA-EL-A3H7,3,0.5102289319038391,1.6424496173858643,26
cancer_type_top20,TCGA-EL-A3H8,3,0.29666009545326233,1.9791908264160156,12
cancer_type_top20,TCGA-EL-A3MZ,3,0.6554844975471497,0.9282611012458801,35
cancer_type_top20,TCGA-EL-A3T6,3,0.2573489546775818,2.0163819789886475,10
cancer_type_top20,TCGA-EL-A3ZP,3,0.9688869714736938,0.18396615982055664,7
cancer_type_top20,TCGA-EL-A3ZR,3,0.5496495366096497,1.3169190883636475,21
cancer_type_top20,TCGA-EL-A3ZS,3,0.7418920397758484,0.8801643252372742,6
cancer_type_top20,TCGA-EL-A3ZT,3,0.8243052959442139,0.6415380239486694,15
cancer_type_top20,TCGA-EL-A4JV,3,0.212775319814682,1.8140121698379517,12
cancer_type_top20,TCGA-EL-A4JW,3,0.6570640802383423,1.3147022724151611,11
cancer_type_top20,TCGA-EL-A4JZ,3,0.4637441337108612,1.7806094884872437,14
cancer_type_top20,TCGA-EL-A4K4,3,0.45060011744499207,1.6516681909561157,11
cancer_type_top20,TCGA-EL-A4K6,3,0.1747450977563858,2.958975315093994,33
cancer_type_top20,TCGA-EL-A4K9,3,0.6277059316635132,0.9961428642272949,21
cancer_type_top20,TCGA-EL-A4KG,3,0.2137632817029953,2.8609678745269775,60
cancer_type_top20,TCGA-EL-A4KI,3,0.7972581386566162,0.8507945537567139,22
cancer_type_top20,TCGA-EM-A1CT,3,0.27859100699424744,2.2124111652374268,57
cancer_type_top20,TCGA-EM-A22K,3,0.586674153804779,1.515193223953247,17
cancer_type_top20,TCGA-EM-A22M,3,0.7021623253822327,1.2023448944091797,118
cancer_type_top20,TCGA-EM-A2CM,3,0.32846134901046753,2.0050387382507324,39
cancer_type_top20,TCGA-EM-A2CN,3,0.7443802952766418,1.2358369827270508,226
cancer_type_top20,TCGA-EM-A2OV,3,0.7544658780097961,0.9874510765075684,18
cancer_type_top20,TCGA-EM-A2OX,3,0.6742787957191467,1.2656527757644653,13
cancer_type_top20,TCGA-EM-A2P0,3,0.5710949897766113,1.4107251167297363,8
cancer_type_top20,TCGA-EM-A3AI,3,0.9605496525764465,0.23071415722370148,17
cancer_type_top20,TCGA-EM-A3AJ,3,0.6744260787963867,1.0732650756835938,6
cancer_type_top20,TCGA-EM-A3FN,3,0.6045830845832825,0.8890693187713623,25
cancer_type_top20,TCGA-EM-A3OB,3,0.9619308114051819,0.1712930053472519,10
cancer_type_top20,TCGA-EM-A4FF,3,0.4603097438812256,1.662002444267273,13
cancer_type_top20,TCGA-EM-A4FU,3,0.4349095821380615,1.308972954750061,8
cancer_type_top20,TCGA-EO-A1Y8,3,0.4357793629169464,2.053590774536133,77
cancer_type_top20,TCGA-EO-A22R,3,0.4544181525707245,1.1606240272521973,5000
cancer_type_top20,TCGA-EO-A22T,3,0.4981303811073303,1.350386142730713,1841
cancer_type_top20,TCGA-EO-A22X,3,0.9999260902404785,0.0010520110372453928,5000
cancer_type_top20,TCGA-EO-A2CH,3,0.9940721392631531,0.047657109797000885,68
cancer_type_top20,TCGA-EO-A3B1,3,0.5299476385116577,1.6540089845657349,65
cancer_type_top20,TCGA-EO-A3KX,3,0.3485904335975647,2.029036521911621,5000
cancer_type_top20,TCGA-EP-A2KA,3,0.2562618553638458,2.305297374725342,161
cancer_type_top20,TCGA-EQ-8122,3,0.6910856366157532,1.4558261632919312,240
cancer_type_top20,TCGA-ER-A194,3,0.1612653285264969,4.015069007873535,1877
cancer_type_top20,TCGA-ER-A196,3,0.8534127473831177,0.5475401282310486,392
cancer_type_top20,TCGA-ER-A19A,3,0.19339558482170105,3.3125863075256348,253
cancer_type_top20,TCGA-ER-A19G,3,0.18602561950683594,4.024654865264893,1500
cancer_type_top20,TCGA-ER-A19O,3,0.40614864230155945,1.947808027267456,348
cancer_type_top20,TCGA-ER-A2NG,3,0.20689275860786438,2.506953239440918,364
cancer_type_top20,TCGA-ER-A42K,3,0.9997997879981995,0.002398017793893814,275
cancer_type_top20,TCGA-ER-A42L,3,0.24856379628181458,2.9956188201904297,1312
cancer_type_top20,TCGA-ET-A25G,3,0.664378821849823,1.1903194189071655,21
cancer_type_top20,TCGA-ET-A2N0,3,0.5805686712265015,0.9581993818283081,15
cancer_type_top20,TCGA-ET-A39I,3,0.6238847374916077,1.1956753730773926,14
cancer_type_top20,TCGA-ET-A39O,3,0.3765123188495636,1.5609278678894043,12
cancer_type_top20,TCGA-ET-A3BW,3,0.4885331988334656,1.0129926204681396,14
cancer_type_top20,TCGA-ET-A3BX,3,0.5966354012489319,1.3804049491882324,12
cancer_type_top20,TCGA-ET-A3DQ,3,0.9763651490211487,0.14796067774295807,6
cancer_type_top20,TCGA-ET-A40P,3,0.9848709106445312,0.10301610827445984,12
cancer_type_top20,TCGA-EV-5901,3,0.6099328994750977,1.3839017152786255,54
cancer_type_top20,TCGA-EW-A1J1,3,0.7624326348304749,0.9096795320510864,25
cancer_type_top20,TCGA-EW-A1J2,3,0.9909855723381042,0.06046995148062706,43
cancer_type_top20,TCGA-EW-A1J3,3,0.8850658535957336,0.5225859880447388,32
cancer_type_top20,TCGA-EW-A1J5,3,0.1971270740032196,4.437668800354004,545
cancer_type_top20,TCGA-EW-A1P4,3,0.9717167615890503,0.180972158908844,83
cancer_type_top20,TCGA-EW-A1P5,3,0.6781626343727112,0.9221159815788269,24
cancer_type_top20,TCGA-EW-A1PH,3,0.4344676733016968,1.4953172206878662,68
cancer_type_top20,TCGA-EW-A423,3,0.853093147277832,0.4879295527935028,95
cancer_type_top20,TCGA-EW-A6SA,3,0.28850871324539185,2.4313385486602783,129
cancer_type_top20,TCGA-EX-A1H6,3,0.11074016988277435,3.5603559017181396,169
cancer_type_top20,TCGA-EY-A1G7,3,0.9996835589408875,0.003263000398874283,149
cancer_type_top20,TCGA-EY-A1GH,3,0.8571134209632874,0.5099073052406311,100
cancer_type_top20,TCGA-EY-A1GP,3,0.5259243249893188,1.3461140394210815,57
cancer_type_top20,TCGA-EY-A1GQ,3,0.403103768825531,1.5214754343032837,924
cancer_type_top20,TCGA-EY-A1GV,3,0.32522299885749817,1.7593257427215576,54
cancer_type_top20,TCGA-EY-A210,3,0.6983524560928345,1.0906286239624023,63
cancer_type_top20,TCGA-EY-A54A,3,0.9999914169311523,0.00011234664998482913,164
cancer_type_top20,TCGA-F1-A448,3,0.6637677550315857,1.3632328510284424,789
cancer_type_top20,TCGA-F1-A72C,3,0.9362752437591553,0.37183040380477905,68
cancer_type_top20,TCGA-F4-6570,3,0.9991238713264465,0.00966591015458107,2476
cancer_type_top20,TCGA-F6-A8O3,3,0.374479740858078,2.401615858078003,30
cancer_type_top20,TCGA-FC-7961,3,0.8334529995918274,0.8222733736038208,65
cancer_type_top20,TCGA-FC-A4JI,3,0.274909108877182,2.6549696922302246,43
cancer_type_top20,TCGA-FC-A8O0,3,0.9292889833450317,0.33316072821617126,18
cancer_type_top20,TCGA-FD-A3B4,3,0.7425795197486877,0.9927095174789429,105
cancer_type_top20,TCGA-FD-A43Y,3,0.6572116017341614,1.3470028638839722,91
cancer_type_top20,TCGA-FD-A6TE,3,0.0832187682390213,3.9715232849121094,379
cancer_type_top20,TCGA-FE-A3PC,3,0.6435917019844055,0.8009973764419556,25
cancer_type_top20,TCGA-FG-6689,3,0.8622354865074158,0.6048511266708374,30
cancer_type_top20,TCGA-FG-7636,3,0.298774391412735,3.0775766372680664,56
cancer_type_top20,TCGA-FG-8182,3,0.47759193181991577,2.2854466438293457,40
cancer_type_top20,TCGA-FG-A4MT,3,0.6497464776039124,1.072859525680542,43
cancer_type_top20,TCGA-FG-A60J,3,0.6432824730873108,1.522972822189331,48
cancer_type_top20,TCGA-FG-A60K,3,0.9224933385848999,0.4815281927585602,28
cancer_type_top20,TCGA-FG-A6IZ,3,0.9906438589096069,0.06507384777069092,82
cancer_type_top20,TCGA-FJ-A3Z9,3,0.41633716225624084,2.118232488632202,99
cancer_type_top20,TCGA-FJ-A3ZF,3,0.542279839515686,0.893264651298523,350
cancer_type_top20,TCGA-FK-A3SB,3,0.42126837372779846,1.3488647937774658,7
cancer_type_top20,TCGA-FK-A3SH,3,0.6206522583961487,1.140311598777771,19
cancer_type_top20,TCGA-FP-A4BE,3,0.9998613595962524,0.0015665310202166438,1972
cancer_type_top20,TCGA-FR-A8YD,3,0.38608038425445557,2.0841012001037598,138
cancer_type_top20,TCGA-FS-A1Z7,3,0.2676205635070801,3.116790771484375,250
cancer_type_top20,TCGA-FS-A1ZG,3,0.49127599596977234,1.0089868307113647,2638
cancer_type_top20,TCGA-FS-A1ZM,3,0.8696169853210449,0.7603930234909058,1160
cancer_type_top20,TCGA-FS-A1ZY,3,0.9291712641716003,0.37217751145362854,173
cancer_type_top20,TCGA-FS-A4F4,3,0.6334008574485779,1.2453093528747559,58
cancer_type_top20,TCGA-FU-A23L,3,0.49494943022727966,0.7772977352142334,214
cancer_type_top20,TCGA-FU-A3HY,3,0.19645851850509644,3.0077695846557617,310
cancer_type_top20,TCGA-FU-A3HZ,3,0.4694179594516754,1.1648858785629272,3273
cancer_type_top20,TCGA-FV-A496,3,0.2836163341999054,1.8370498418807983,332
cancer_type_top20,TCGA-FV-A4ZQ,3,0.2221609503030777,1.8382554054260254,113
cancer_type_top20,TCGA-FW-A3TU,3,0.6094921827316284,1.1601643562316895,1092
cancer_type_top20,TCGA-FW-A5DX,3,0.11354520171880722,3.0444843769073486,273
cancer_type_top20,TCGA-FW-A5DY,3,0.43687447905540466,2.586935043334961,243
cancer_type_top20,TCGA-FX-A2QS,3,0.18812449276447296,3.3951663970947266,192
cancer_type_top20,TCGA-FX-A3NJ,3,0.4270383417606354,1.4095029830932617,33
cancer_type_top20,TCGA-FX-A3NK,3,0.571137547492981,1.8027737140655518,48
cancer_type_top20,TCGA-FY-A3I5,3,0.28954118490219116,1.9783588647842407,18
cancer_type_top20,TCGA-FY-A3NM,3,0.5444666147232056,1.2998664379119873,16
cancer_type_top20,TCGA-FY-A3ON,3,0.2511441707611084,1.730506181716919,6
cancer_type_top20,TCGA-G2-A2EC,3,0.4230259358882904,3.0973961353302,248
cancer_type_top20,TCGA-G2-A2EF,3,0.09532486647367477,4.114533424377441,363
cancer_type_top20,TCGA-G2-A2EL,3,0.713316023349762,1.2435615062713623,320
cancer_type_top20,TCGA-G2-A3VY,3,0.9299647808074951,0.5617784261703491,989
cancer_type_top20,TCGA-G2-AA3C,3,0.04817015677690506,4.5661211013793945,331
cancer_type_top20,TCGA-G2-AA3F,3,0.7064219117164612,0.9820200204849243,186
cancer_type_top20,TCGA-G3-A25T,3,0.49873706698417664,1.546993613243103,97
cancer_type_top20,TCGA-G3-A25W,3,0.23423035442829132,2.7383956909179688,144
cancer_type_top20,TCGA-G3-A25Y,3,0.45641106367111206,1.508652687072754,128
cancer_type_top20,TCGA-G3-A7M7,3,0.21045686304569244,2.7180190086364746,102
cancer_type_top20,TCGA-G3-AAV4,3,0.28915128111839294,3.076545238494873,180
cancer_type_top20,TCGA-G3-AAV6,3,0.6214102506637573,1.537232518196106,117
cancer_type_top20,TCGA-G4-6298,3,0.49343937635421753,0.7630434036254883,238
cancer_type_top20,TCGA-G4-6314,3,0.4188099801540375,1.1367425918579102,376
cancer_type_top20,TCGA-G4-6317,3,0.8702487349510193,0.4656139016151428,347
cancer_type_top20,TCGA-G4-6321,3,0.4531956911087036,1.4039720296859741,106
cancer_type_top20,TCGA-G4-6586,3,0.9983324408531189,0.019008688628673553,1711
cancer_type_top20,TCGA-G4-6625,3,0.9595309495925903,0.20347341895103455,170
cancer_type_top20,TCGA-G6-A5PC,3,0.23955200612545013,2.4208855628967285,89
cancer_type_top20,TCGA-G6-A8L6,3,0.3575531244277954,1.9998724460601807,97
cancer_type_top20,TCGA-G7-6797,3,0.7813120484352112,0.8855193257331848,1269
cancer_type_top20,TCGA-G7-A8LB,3,0.9998674988746643,0.0015885289758443832,142
cancer_type_top20,TCGA-G9-6356,3,0.47234663367271423,0.9633833169937134,61
cancer_type_top20,TCGA-G9-6364,3,0.27415692806243896,1.871380090713501,62
cancer_type_top20,TCGA-G9-6377,3,0.5526775121688843,1.7147296667099,78
cancer_type_top20,TCGA-G9-6379,3,0.7290736436843872,0.986169695854187,34
cancer_type_top20,TCGA-G9-6384,3,0.2857895493507385,1.869645595550537,57
cancer_type_top20,TCGA-G9-6385,3,0.47182491421699524,1.004215121269226,32
cancer_type_top20,TCGA-G9-6496,3,0.39148885011672974,1.528477668762207,104
cancer_type_top20,TCGA-G9-7523,3,0.32178571820259094,1.6906720399856567,20
cancer_type_top20,TCGA-G9-A9S4,3,0.3345791697502136,1.764520287513733,47
cancer_type_top20,TCGA-GC-A3I6,3,0.21240074932575226,3.555748462677002,260
cancer_type_top20,TCGA-GC-A4ZW,3,0.04032249003648758,4.764333248138428,902
cancer_type_top20,TCGA-GD-A3OQ,3,0.33919382095336914,2.400611639022827,270
cancer_type_top20,TCGA-GK-A6C7,3,0.23528671264648438,2.4214251041412354,270
cancer_type_top20,TCGA-GL-6846,3,0.12254025787115097,3.245741367340088,459
cancer_type_top20,TCGA-GL-7966,3,0.4656389057636261,1.0342546701431274,85
cancer_type_top20,TCGA-GL-A4EM,3,0.25339561700820923,2.4383583068847656,90
cancer_type_top20,TCGA-GL-A59R,3,0.13994626700878143,3.0485329627990723,239
cancer_type_top20,TCGA-GM-A2D9,3,0.05481420457363129,4.9260783195495605,658
cancer_type_top20,TCGA-GM-A2DB,3,0.909486711025238,0.4489382803440094,162
cancer_type_top20,TCGA-GM-A2DK,3,0.790826678276062,0.8425348997116089,38
cancer_type_top20,TCGA-GM-A2DO,3,0.07823169976472855,4.029945373535156,220
cancer_type_top20,TCGA-GN-A262,3,0.3454434871673584,2.4339025020599365,1485
cancer_type_top20,TCGA-GN-A267,3,0.4188576638698578,2.4637811183929443,649
cancer_type_top20,TCGA-GU-A42R,3,0.6688082218170166,1.5973812341690063,230
cancer_type_top20,TCGA-GV-A3JV,3,0.2364865094423294,2.628303289413452,162
cancer_type_top20,TCGA-GV-A3QF,3,0.4485524296760559,2.0160810947418213,185
cancer_type_top20,TCGA-GV-A40E,3,0.9607976675033569,0.21163955330848694,204
cancer_type_top20,TCGA-GV-A40G,3,0.8041767477989197,0.8154789209365845,220
cancer_type_top20,TCGA-H2-A3RH,3,0.42179062962532043,1.4337892532348633,20
cancer_type_top20,TCGA-H2-A3RI,3,0.19213496148586273,2.0742640495300293,12
cancer_type_top20,TCGA-H2-A421,3,0.30568861961364746,1.5427019596099854,32
cancer_type_top20,TCGA-H4-A2HQ,3,0.1382705271244049,4.642205238342285,643
cancer_type_top20,TCGA-H9-7775,3,0.6222734451293945,1.4217796325683594,43
cancer_type_top20,TCGA-HB-A43Z,3,0.561739981174469,1.1481245756149292,99
cancer_type_top20,TCGA-HC-7079,3,0.9967772960662842,0.02503640204668045,4
cancer_type_top20,TCGA-HC-7209,3,0.47023510932922363,1.537945032119751,27
cancer_type_top20,TCGA-HC-7744,3,0.7625475525856018,0.81821209192276,37
cancer_type_top20,TCGA-HC-7749,3,0.2960939407348633,2.0459446907043457,60
cancer_type_top20,TCGA-HC-7818,3,0.8329769372940063,0.6216595768928528,31
cancer_type_top20,TCGA-HC-8264,3,0.9626523852348328,0.18125058710575104,52
cancer_type_top20,TCGA-HC-A48F,3,0.42350345849990845,1.7362322807312012,31
cancer_type_top20,TCGA-HC-A631,3,0.9998630881309509,0.0014061846304684877,53
cancer_type_top20,TCGA-HC-A6AP,3,0.593604326248169,1.4773905277252197,33
cancer_type_top20,TCGA-HC-A76X,3,0.33145397901535034,1.7607622146606445,36
cancer_type_top20,TCGA-HC-A8D1,3,0.999190628528595,0.007877281866967678,30
cancer_type_top20,TCGA-HC-A9TE,3,0.6692586541175842,1.1655833721160889,65
cancer_type_top20,TCGA-HC-A9TH,3,0.8487650752067566,0.42708826065063477,62
cancer_type_top20,TCGA-HD-7753,3,0.9185880422592163,0.3433951735496521,129
cancer_type_top20,TCGA-HD-A634,3,0.317529559135437,2.445882797241211,61
cancer_type_top20,TCGA-HE-7130,3,0.3743079900741577,1.7674843072891235,518
cancer_type_top20,TCGA-HE-A5NH,3,0.6429010629653931,1.6425318717956543,115
cancer_type_top20,TCGA-HF-7136,3,0.5614326000213623,1.5274684429168701,109
cancer_type_top20,TCGA-HI-7169,3,0.7785964012145996,0.9543465375900269,45
cancer_type_top20,TCGA-HM-A6W2,3,0.9993792176246643,0.006076458841562271,156
cancer_type_top20,TCGA-HP-A5N0,3,0.17304840683937073,2.8240110874176025,186
cancer_type_top20,TCGA-HT-7472,3,0.4271135926246643,1.9966078996658325,30
cancer_type_top20,TCGA-HT-7480,3,0.3255529999732971,2.6984622478485107,39
cancer_type_top20,TCGA-HT-7603,3,0.08975487947463989,3.2807705402374268,38
cancer_type_top20,TCGA-HT-7610,3,0.246281236410141,2.5975160598754883,22
cancer_type_top20,TCGA-HT-7611,3,0.701339602470398,0.8524986505508423,41
cancer_type_top20,TCGA-HT-7681,3,0.9455522894859314,0.31368109583854675,19
cancer_type_top20,TCGA-HT-7687,3,0.4174192547798157,1.6179362535476685,61
cancer_type_top20,TCGA-HT-7689,3,0.26980650424957275,2.5073630809783936,68
cancer_type_top20,TCGA-HT-7857,3,0.6434617042541504,1.1489824056625366,25
cancer_type_top20,TCGA-HT-7879,3,0.35113877058029175,2.023559331893921,23
cancer_type_top20,TCGA-HT-7881,3,0.5994827151298523,1.222921371459961,23
cancer_type_top20,TCGA-HT-7902,3,0.44609513878822327,2.2798712253570557,34
cancer_type_top20,TCGA-HT-8010,3,0.17368414998054504,2.35664439201355,17
cancer_type_top20,TCGA-HT-8011,3,0.8449224233627319,0.7200896739959717,58
cancer_type_top20,TCGA-HT-8113,3,0.3790026903152466,1.7255899906158447,30
cancer_type_top20,TCGA-HT-8564,3,0.5941452980041504,1.0635968446731567,732
cancer_type_top20,TCGA-HT-A5R5,3,0.46749749779701233,1.6412016153335571,38
cancer_type_top20,TCGA-HT-A5R7,3,0.20498459041118622,2.725992202758789,41
cancer_type_top20,TCGA-HT-A619,3,0.6036701798439026,2.021695137023926,69
cancer_type_top20,TCGA-HT-A61C,3,0.3336378335952759,1.654024362564087,50
cancer_type_top20,TCGA-HU-8243,3,0.9999831318855286,0.000235763902310282,171
cancer_type_top20,TCGA-HU-8245,3,0.999997615814209,3.352849671500735e-05,84
cancer_type_top20,TCGA-HU-8249,3,0.503296434879303,1.252609372138977,182
cancer_type_top20,TCGA-HU-8608,3,0.16415078938007355,1.9742653369903564,220
cancer_type_top20,TCGA-HU-A4G9,3,0.31760889291763306,1.3493561744689941,2168
cancer_type_top20,TCGA-HU-A4GC,3,0.19851231575012207,2.8671061992645264,350
cancer_type_top20,TCGA-HU-A4GJ,3,0.8741831183433533,0.5561569333076477,6
cancer_type_top20,TCGA-HU-A4GX,3,0.047872744500637054,4.880519866943359,3312
cancer_type_top20,TCGA-HU-A4H4,3,0.9888137578964233,0.07185755670070648,851
cancer_type_top20,TCGA-HU-A4H5,3,0.9756023287773132,0.17772287130355835,348
cancer_type_top20,TCGA-HU-A4HB,3,0.36859130859375,1.4855467081069946,25
cancer_type_top20,TCGA-HW-A5KL,3,0.597201943397522,1.5240442752838135,24
cancer_type_top20,TCGA-IA-A40Y,3,0.29023638367652893,2.722508430480957,101
cancer_type_top20,TCGA-IA-A83T,3,0.489594042301178,2.0158283710479736,87
cancer_type_top20,TCGA-IC-A6RF,3,0.43801191449165344,1.1306620836257935,318
cancer_type_top20,TCGA-IE-A6BZ,3,0.8223305940628052,0.6816987991333008,77
cancer_type_top20,TCGA-IG-A3I8,3,0.280950129032135,2.0304946899414062,324
cancer_type_top20,TCGA-IG-A3QL,3,0.5642513036727905,1.9787547588348389,165
cancer_type_top20,TCGA-IG-A3YB,3,0.33140045404434204,2.0778894424438477,132
cancer_type_top20,TCGA-IG-A5S3,3,0.34897154569625854,1.8624820709228516,122
cancer_type_top20,TCGA-IK-7675,3,0.8992542624473572,0.4165598750114441,50
cancer_type_top20,TCGA-IM-A3ED,3,0.4188467860221863,1.7131025791168213,11
cancer_type_top20,TCGA-IM-A4EB,3,0.8683047890663147,0.43619590997695923,16
cancer_type_top20,TCGA-IN-7806,3,0.20954006910324097,2.1368699073791504,189
cancer_type_top20,TCGA-IN-A6RN,3,0.990829348564148,0.06390269845724106,158
cancer_type_top20,TCGA-IN-A6RP,3,0.9999997615814209,4.75297656521434e-06,212
cancer_type_top20,TCGA-IN-A7NR,3,0.6719651222229004,1.26688814163208,116
cancer_type_top20,TCGA-IQ-7632,3,0.9703354239463806,0.15377317368984222,76
cancer_type_top20,TCGA-IQ-A61E,3,0.995978057384491,0.036839038133621216,241
cancer_type_top20,TCGA-IQ-A61H,3,0.4534367024898529,1.7045713663101196,194
cancer_type_top20,TCGA-IQ-A61K,3,0.974030077457428,0.1767791211605072,89
cancer_type_top20,TCGA-IR-A3LL,3,0.8205798864364624,1.4200571775436401,606
cancer_type_top20,TCGA-IS-A3K8,3,0.7583580613136292,0.9646139144897461,22
cancer_type_top20,TCGA-J2-8192,3,0.9966409802436829,0.02570149302482605,97
cancer_type_top20,TCGA-J2-A4AE,3,0.3520509600639343,2.357001781463623,64
cancer_type_top20,TCGA-J4-A67Q,3,0.8951189517974854,0.45499420166015625,27
cancer_type_top20,TCGA-J4-AAU2,3,0.8080511689186096,0.7642739415168762,33
cancer_type_top20,TCGA-J9-A52B,3,0.5432878732681274,0.7486621737480164,44
cancer_type_top20,TCGA-J9-A52E,3,0.9458628296852112,0.33294281363487244,33
cancer_type_top20,TCGA-JW-A5VL,3,0.3398512005805969,4.566983222961426,3382
cancer_type_top20,TCGA-JY-A6FB,3,0.9047660827636719,0.34885430335998535,157
cancer_type_top20,TCGA-K1-A6RT,3,0.39644989371299744,1.9246680736541748,102
cancer_type_top20,TCGA-K4-A3WV,3,0.4847801625728607,0.8485267162322998,182
cancer_type_top20,TCGA-K4-A5RI,3,0.1434183418750763,2.4410171508789062,365
cancer_type_top20,TCGA-K7-A5RG,3,0.3323346674442291,1.4398771524429321,345
cancer_type_top20,TCGA-K7-AAU7,3,0.9333454370498657,0.39367496967315674,110
cancer_type_top20,TCGA-KB-A6F7,3,0.8424499034881592,0.6877723932266235,133
cancer_type_top20,TCGA-KB-A93H,3,0.38774311542510986,2.056356906890869,297
cancer_type_top20,TCGA-KB-A93J,3,0.3010052442550659,1.9819872379302979,157
cancer_type_top20,TCGA-KC-A7F3,3,0.4129612147808075,1.589924931526184,37
cancer_type_top20,TCGA-KC-A7FA,3,0.6296308040618896,1.1674998998641968,51
cancer_type_top20,TCGA-KK-A59V,3,0.9830503463745117,0.0884145125746727,1116
cancer_type_top20,TCGA-KK-A59X,3,1.0,2.1742856404216582e-07,61
cancer_type_top20,TCGA-KK-A5A1,3,0.9557440280914307,0.28620946407318115,131
cancer_type_top20,TCGA-KK-A6DY,3,0.39578157663345337,1.8883908987045288,35
cancer_type_top20,TCGA-KK-A6E4,3,0.9078245162963867,0.49087265133857727,49
cancer_type_top20,TCGA-KK-A7AQ,3,0.14127779006958008,2.7004644870758057,38
cancer_type_top20,TCGA-KK-A8II,3,0.4929024875164032,0.9604954123497009,47
cancer_type_top20,TCGA-KP-A3W3,3,0.8940620422363281,0.42856746912002563,65
cancer_type_top20,TCGA-KQ-A41R,3,0.9677146077156067,0.20200231671333313,1080
cancer_type_top20,TCGA-KR-A7K0,3,0.22850336134433746,2.8436031341552734,138
cancer_type_top20,TCGA-KS-A4IC,3,0.485492080450058,1.0155110359191895,5
cancer_type_top20,TCGA-KU-A6H8,3,0.9378151297569275,0.3511854410171509,28
cancer_type_top20,TCGA-KV-A6GD,3,0.2621275782585144,1.6027718782424927,178
cancer_type_top20,TCGA-KV-A74V,3,0.19406172633171082,2.3475093841552734,70
cancer_type_top20,TCGA-L3-A4E7,3,0.9350950717926025,0.34172359108924866,128
cancer_type_top20,TCGA-L4-A4E6,3,0.9095205664634705,0.44829216599464417,21
cancer_type_top20,TCGA-L5-A4OE,3,0.19246713817119598,2.6525394916534424,486
cancer_type_top20,TCGA-L5-A4OH,3,0.306785523891449,1.9214541912078857,251
cancer_type_top20,TCGA-L5-A4OM,3,0.6307100653648376,0.7240933775901794,106
cancer_type_top20,TCGA-L5-A4OQ,3,0.7731889486312866,0.8867906332015991,100
cancer_type_top20,TCGA-L5-A4OW,3,0.3734093904495239,1.949350118637085,378
cancer_type_top20,TCGA-L5-A88Y,3,0.9999617338180542,0.0005169344367459416,342
cancer_type_top20,TCGA-L5-A8NH,3,0.4080357253551483,2.209500789642334,201
cancer_type_top20,TCGA-L5-A8NV,3,0.9788000583648682,0.12222973257303238,195
cancer_type_top20,TCGA-LA-A7SW,3,0.1561044156551361,3.2608816623687744,128
cancer_type_top20,TCGA-LL-A440,3,0.7146685719490051,0.6411113739013672,9
cancer_type_top20,TCGA-LL-A5YL,3,0.2513067424297333,2.580289840698242,97
cancer_type_top20,TCGA-LL-A6FP,3,1.0,6.92200785579189e-08,83
cancer_type_top20,TCGA-LL-A8F5,3,0.6301424503326416,1.4176089763641357,217
cancer_type_top20,TCGA-LN-A49K,3,0.44944220781326294,1.578373908996582,140
cancer_type_top20,TCGA-LN-A49P,3,0.5114330053329468,1.6621906757354736,130
cancer_type_top20,TCGA-LN-A4A1,3,0.6493321657180786,1.3629738092422485,185
cancer_type_top20,TCGA-LN-A4A9,3,0.37766680121421814,2.0088815689086914,350
cancer_type_top20,TCGA-LN-A7HX,3,0.2512839138507843,2.216996192932129,204
cancer_type_top20,TCGA-LN-A8I0,3,0.40906381607055664,1.5412230491638184,88
cancer_type_top20,TCGA-LN-A9FO,3,0.2759203612804413,2.04512095451355,164
cancer_type_top20,TCGA-M7-A722,3,0.5508385300636292,1.6842796802520752,36
cancer_type_top20,TCGA-M7-A723,3,0.40792080760002136,1.1428024768829346,6
cancer_type_top20,TCGA-MA-AA3X,3,0.4329131245613098,1.5859628915786743,117
cancer_type_top20,TCGA-MA-AA3Z,3,0.4593537449836731,2.4542317390441895,305
cancer_type_top20,TCGA-MA-AA43,3,0.14150995016098022,3.0813488960266113,105
cancer_type_top20,TCGA-MB-A5Y8,3,0.747104287147522,1.0772901773452759,35
cancer_type_top20,TCGA-MH-A55Z,3,0.5361926555633545,1.5320180654525757,127
cancer_type_top20,TCGA-MI-A75G,3,0.3827088177204132,1.9120545387268066,336
cancer_type_top20,TCGA-MJ-A68J,3,0.5772234797477722,0.7063467502593994,19
cancer_type_top20,TCGA-MP-A4SV,3,0.5690417885780334,1.6617276668548584,450
cancer_type_top20,TCGA-MP-A4T2,3,0.19783082604408264,2.8943605422973633,112
cancer_type_top20,TCGA-MP-A4T4,3,0.48747414350509644,1.9337794780731201,497
cancer_type_top20,TCGA-MP-A4TC,3,0.21672171354293823,2.596970319747925,338
cancer_type_top20,TCGA-MP-A5C7,3,0.9993318319320679,0.006301642395555973,103
cancer_type_top20,TCGA-MR-A520,3,0.5099003911018372,1.6450482606887817,34
cancer_type_top20,TCGA-MT-A51W,3,0.24264268577098846,2.0026633739471436,94
cancer_type_top20,TCGA-MU-A5YI,3,0.4321824014186859,2.5518901348114014,124
cancer_type_top20,TCGA-MV-A51V,3,0.11286140233278275,5.840735912322998,1991
cancer_type_top20,TCGA-NH-A5IV,3,0.5215847492218018,1.0450665950775146,3850
cancer_type_top20,TCGA-NH-A6GC,3,0.45375901460647583,1.7950459718704224,172
cancer_type_top20,TCGA-NH-A8F7,3,0.4197728633880615,1.0944809913635254,346
cancer_type_top20,TCGA-NJ-A4YQ,3,0.0712064579129219,4.652373313903809,1436
cancer_type_top20,TCGA-O1-A52J,3,0.440368115901947,1.5956926345825195,221
cancer_type_top20,TCGA-O2-A52N,3,0.943260669708252,0.3902861773967743,652
cancer_type_top20,TCGA-O2-A5IB,3,0.25218257308006287,2.7113263607025146,329
cancer_type_top20,TCGA-O9-A75Z,3,0.47080671787261963,1.3076171875,32
cancer_type_top20,TCGA-OL-A5RY,3,0.5689834356307983,1.2456753253936768,17
cancer_type_top20,TCGA-OL-A5S0,3,0.9931880235671997,0.0422801673412323,53
cancer_type_top20,TCGA-P3-A6T5,3,0.6493234038352966,1.5543572902679443,305
cancer_type_top20,TCGA-P3-A6T7,3,0.886168897151947,0.5651389956474304,187
cancer_type_top20,TCGA-P4-A5E6,3,0.7145897150039673,1.1173681020736694,119
cancer_type_top20,TCGA-P4-A5E7,3,0.995430588722229,0.036413051187992096,132
cancer_type_top20,TCGA-P4-A5E8,3,0.9999921917915344,0.00010001062037190422,61
cancer_type_top20,TCGA-P5-A5EV,3,0.2848415970802307,2.049363374710083,120
cancer_type_top20,TCGA-P5-A5EZ,3,0.4216943681240082,1.4218981266021729,53
cancer_type_top20,TCGA-P5-A5F6,3,0.5949907898902893,1.0632516145706177,4
cancer_type_top20,TCGA-P5-A733,3,0.3791915774345398,1.7935285568237305,51
cancer_type_top20,TCGA-PE-A5DE,3,0.17449642717838287,4.106957912445068,704
cancer_type_top20,TCGA-PG-A7D5,3,0.983139157295227,0.10237237811088562,65
cancer_type_top20,TCGA-PG-A914,3,0.2397460639476776,2.596135139465332,231
cancer_type_top20,TCGA-PG-A917,3,0.8243432641029358,1.2785563468933105,1373
cancer_type_top20,TCGA-PJ-A5Z9,3,0.9355543255805969,0.3368743062019348,86
cancer_type_top20,TCGA-Q1-A6DV,3,0.9999901652336121,0.00012570744729600847,60
cancer_type_top20,TCGA-QF-A5YS,3,0.47064462304115295,1.5645161867141724,2808
cancer_type_top20,TCGA-QH-A65X,3,0.6771941184997559,1.248581886291504,33
cancer_type_top20,TCGA-QH-A65Z,3,0.8491739630699158,0.8511490225791931,39
cancer_type_top20,TCGA-QH-A6CV,3,0.6372426152229309,0.7384384870529175,78
cancer_type_top20,TCGA-QH-A6CX,3,0.8649013638496399,0.4069859981536865,48
cancer_type_top20,TCGA-QH-A6X3,3,0.09656163305044174,3.1150007247924805,29
cancer_type_top20,TCGA-QH-A6X4,3,0.15556569397449493,2.794257640838623,34
cancer_type_top20,TCGA-QH-A6X5,3,0.8127820491790771,1.0215718746185303,34
cancer_type_top20,TCGA-QH-A86X,3,0.5895267128944397,1.166810393333435,23
cancer_type_top20,TCGA-QK-A64Z,3,0.49694210290908813,1.993260145187378,109
cancer_type_top20,TCGA-QK-A6IF,3,0.44527673721313477,1.7838717699050903,38
cancer_type_top20,TCGA-QK-A6II,3,0.3332367539405823,2.723806619644165,228
cancer_type_top20,TCGA-QQ-A5VA,3,0.9748444557189941,0.14238986372947693,85
cancer_type_top20,TCGA-QQ-A8VB,3,0.2942866384983063,2.824568748474121,104
cancer_type_top20,TCGA-QQ-A8VF,3,0.9813859462738037,0.09736819565296173,1342
cancer_type_top20,TCGA-QU-A6IL,3,0.7629386186599731,1.060700535774231,40
cancer_type_top20,TCGA-QU-A6IO,3,0.3618963062763214,2.1414670944213867,48
cancer_type_top20,TCGA-R2-A69V,3,0.9430413842201233,0.40438735485076904,172
cancer_type_top20,TCGA-R6-A6DN,3,0.3898184895515442,2.381744861602783,149
cancer_type_top20,TCGA-R6-A6XG,3,0.6330727338790894,1.237455129623413,317
cancer_type_top20,TCGA-R6-A6XQ,3,0.9982903003692627,0.014187092892825603,122
cancer_type_top20,TCGA-R6-A8W5,3,0.5598778128623962,1.356091022491455,171
cancer_type_top20,TCGA-R6-A8WG,3,0.3830282986164093,1.7927918434143066,179
cancer_type_top20,TCGA-R8-A6ML,3,0.12016567587852478,2.875145673751831,23
cancer_type_top20,TCGA-RC-A6M4,3,0.3718423843383789,3.0819921493530273,258
cancer_type_top20,TCGA-RD-A7BW,3,0.24521462619304657,2.4935555458068848,92
cancer_type_top20,TCGA-RD-A7C1,3,0.10039225220680237,4.120565891265869,352
cancer_type_top20,TCGA-RD-A8MW,3,0.9904135465621948,0.06268730014562607,99
cancer_type_top20,TCGA-RD-A8N2,3,0.8832359910011292,0.3604275584220886,2
cancer_type_top20,TCGA-RD-A8N6,3,0.4420304298400879,2.360842227935791,210
cancer_type_top20,TCGA-RG-A7D4,3,0.8666174411773682,0.5274707078933716,137
cancer_type_top20,TCGA-RP-A694,3,0.9972783327102661,0.02612179145216942,982
cancer_type_top20,TCGA-S3-AA0Z,3,0.5452748537063599,1.014913558959961,80
cancer_type_top20,TCGA-S9-A6TY,3,0.5449827313423157,1.7425204515457153,28
cancer_type_top20,TCGA-S9-A6U1,3,0.5836738348007202,1.070439100265503,29
cancer_type_top20,TCGA-S9-A6UA,3,0.3851037621498108,1.754226803779602,51
cancer_type_top20,TCGA-S9-A6WP,3,0.32401716709136963,2.754307270050049,46
cancer_type_top20,TCGA-S9-A7IS,3,0.8844165205955505,0.5445689558982849,64
cancer_type_top20,TCGA-S9-A7J1,3,0.8333650827407837,0.8624473810195923,29
cancer_type_top20,TCGA-S9-A7QZ,3,0.3387722373008728,1.9533380270004272,71
cancer_type_top20,TCGA-S9-A7R4,3,0.9889397621154785,0.06305967271327972,34
cancer_type_top20,TCGA-SG-A6Z4,3,0.21342605352401733,2.3696694374084473,77
cancer_type_top20,TCGA-SI-AA8C,3,0.66863614320755,1.2210110425949097,28
cancer_type_top20,TCGA-SW-A7EB,3,0.40816816687583923,1.4686024188995361,183
cancer_type_top20,TCGA-SX-A71R,3,0.380238801240921,1.6382949352264404,65
cancer_type_top20,TCGA-SX-A7SM,3,0.3092348575592041,1.7605026960372925,110
cancer_type_top20,TCGA-SX-A7SN,3,0.5141745209693909,1.3708628416061401,143
cancer_type_top20,TCGA-SY-A9G5,3,0.03449501469731331,5.908175468444824,1367
cancer_type_top20,TCGA-T2-A6X0,3,0.7479451298713684,0.651780903339386,79
cancer_type_top20,TCGA-T2-A6X2,3,0.12074042111635208,4.269414901733398,475
cancer_type_top20,TCGA-TM-A7CF,3,0.26003387570381165,1.7988355159759521,66
cancer_type_top20,TCGA-TM-A84G,3,0.6497349739074707,0.9899435043334961,41
cancer_type_top20,TCGA-TM-A84L,3,0.2929420471191406,2.075883626937866,27
cancer_type_top20,TCGA-TM-A84Q,3,0.6713266372680664,1.0305982828140259,39
cancer_type_top20,TCGA-TN-A7HI,3,0.8847707509994507,0.6715638637542725,75
cancer_type_top20,TCGA-TN-A7HJ,3,0.1222817599773407,2.5348334312438965,152
cancer_type_top20,TCGA-TP-A8TV,3,0.9412675499916077,0.3268466889858246,50
cancer_type_top20,TCGA-TQ-A7RK,3,0.49590930342674255,0.7423672676086426,66
cancer_type_top20,TCGA-TQ-A7RM,3,0.23516491055488586,2.334606409072876,81
cancer_type_top20,TCGA-TQ-A7RR,3,0.3472111225128174,2.04831600189209,42
cancer_type_top20,TCGA-TQ-A7RV,3,0.9998121857643127,0.0023281052708625793,64
cancer_type_top20,TCGA-TQ-A8XE,3,0.9291203022003174,0.4237124025821686,82
cancer_type_top20,TCGA-UB-A7MA,3,0.9523571133613586,0.27107757329940796,120
cancer_type_top20,TCGA-UB-A7MB,3,0.5334932804107666,1.7400927543640137,2072
cancer_type_top20,TCGA-UC-A7PF,3,0.10591259598731995,5.045423984527588,716
cancer_type_top20,TCGA-UF-A71A,3,0.5062373280525208,2.4975764751434326,510
cancer_type_top20,TCGA-UF-A71B,3,0.9098940491676331,0.5676600933074951,192
cancer_type_top20,TCGA-UF-A7JF,3,0.3228050470352173,2.1391916275024414,155
cancer_type_top20,TCGA-UF-A7JS,3,0.32927560806274414,1.736973762512207,89
cancer_type_top20,TCGA-UP-A6WW,3,0.2110682725906372,2.821715831756592,51
cancer_type_top20,TCGA-UY-A78M,3,0.11238870769739151,3.47648024559021,205
cancer_type_top20,TCGA-UY-A8OC,3,0.5139904618263245,1.8676884174346924,130
cancer_type_top20,TCGA-UY-A9PA,3,0.6906684637069702,0.7436764240264893,235
cancer_type_top20,TCGA-UY-A9PH,3,0.15863661468029022,3.1875991821289062,518
cancer_type_top20,TCGA-UZ-A9PM,3,0.35447752475738525,2.024054527282715,86
cancer_type_top20,TCGA-UZ-A9PR,3,0.207015722990036,2.1784920692443848,149
cancer_type_top20,TCGA-UZ-A9PZ,3,0.3165804147720337,2.3711845874786377,69
cancer_type_top20,TCGA-V1-A8MK,3,0.9905241131782532,0.05809251591563225,11
cancer_type_top20,TCGA-V1-A8WV,3,0.3740677535533905,2.116518259048462,52
cancer_type_top20,TCGA-V1-A9OL,3,0.5774673223495483,1.4661939144134521,45
cancer_type_top20,TCGA-V1-A9OQ,3,0.43784481287002563,1.4092355966567993,58
cancer_type_top20,TCGA-V5-AASV,3,0.9999992847442627,1.1037376680178568e-05,207
cancer_type_top20,TCGA-V5-AASW,3,0.8922836184501648,0.6031676530838013,221
cancer_type_top20,TCGA-VM-A8C8,3,0.41654929518699646,1.791229009628296,53
cancer_type_top20,TCGA-VM-A8CD,3,0.9999978542327881,3.3022864954546094e-05,33
cancer_type_top20,TCGA-VN-A88R,3,0.5569208264350891,1.139939546585083,29
cancer_type_top20,TCGA-VN-A943,3,0.3736101984977722,1.795025110244751,34
cancer_type_top20,TCGA-VP-A875,3,0.5536090731620789,1.2642356157302856,51
cancer_type_top20,TCGA-VP-A87B,3,0.8761569857597351,0.48623502254486084,42
cancer_type_top20,TCGA-VQ-A8E2,3,0.3651995062828064,1.7192796468734741,153
cancer_type_top20,TCGA-VQ-A8E3,3,0.8922907114028931,0.7152792811393738,979
cancer_type_top20,TCGA-VQ-A8PB,3,0.4152449369430542,1.1926517486572266,1105
cancer_type_top20,TCGA-VQ-A8PQ,3,0.987169623374939,0.08334149420261383,17
cancer_type_top20,TCGA-VQ-A8PT,3,0.5611602067947388,1.224630355834961,1853
cancer_type_top20,TCGA-VQ-A91E,3,0.9403273463249207,0.4042903780937195,1041
cancer_type_top20,TCGA-VQ-A91K,3,0.28093254566192627,2.9063162803649902,1824
cancer_type_top20,TCGA-VQ-A91U,3,0.9999982118606567,3.104899587924592e-05,199
cancer_type_top20,TCGA-VQ-A925,3,0.3682651221752167,1.467919945716858,160
cancer_type_top20,TCGA-VQ-A928,3,0.7040030360221863,1.3543490171432495,79
cancer_type_top20,TCGA-VQ-A94P,3,0.16387534141540527,2.7838597297668457,101
cancer_type_top20,TCGA-VQ-AA68,3,0.38340139389038086,2.3484349250793457,213
cancer_type_top20,TCGA-VQ-AA6B,3,0.9638025164604187,0.20937566459178925,109
cancer_type_top20,TCGA-VQ-AA6F,3,0.6641191244125366,0.9455796480178833,65
cancer_type_top20,TCGA-VQ-AA6G,3,0.28409573435783386,2.124656915664673,174
cancer_type_top20,TCGA-VR-A8EP,3,0.5917397737503052,1.7685179710388184,170
cancer_type_top20,TCGA-VR-A8EW,3,0.21301037073135376,2.3610756397247314,178
cancer_type_top20,TCGA-VR-A8EY,3,0.6726827025413513,1.4157739877700806,161
cancer_type_top20,TCGA-VR-A8Q7,3,0.41887715458869934,1.3229612112045288,156
cancer_type_top20,TCGA-VS-A8EC,3,0.23725759983062744,2.1625723838806152,224
cancer_type_top20,TCGA-VS-A8EH,3,0.39012420177459717,2.2701401710510254,114
cancer_type_top20,TCGA-VS-A94Y,3,0.4495772123336792,2.0331852436065674,77
cancer_type_top20,TCGA-VS-A953,3,0.5089649558067322,2.009219169616699,655
cancer_type_top20,TCGA-VS-A954,3,0.3183096945285797,3.026806116104126,150
cancer_type_top20,TCGA-VS-A9UI,3,0.853050708770752,0.604709804058075,221
cancer_type_top20,TCGA-VS-A9UT,3,0.7174919843673706,0.6988028883934021,54
cancer_type_top20,TCGA-VS-A9V1,3,0.31824272871017456,2.1272268295288086,278
cancer_type_top20,TCGA-VS-A9V2,3,0.3598889112472534,2.3949296474456787,68
cancer_type_top20,TCGA-VT-A80J,3,0.48377561569213867,1.7781001329421997,199
cancer_type_top20,TCGA-VV-A829,3,0.848844587802887,0.603090763092041,40
cancer_type_top20,TCGA-VW-A8FI,3,0.7342324256896973,1.0670238733291626,77
cancer_type_top20,TCGA-WE-A8K5,3,0.1678231805562973,3.387507915496826,1599
cancer_type_top20,TCGA-WE-AA9Y,3,0.4975942373275757,1.1532838344573975,104
cancer_type_top20,TCGA-WE-AAA0,3,0.9629219174385071,0.3051973879337311,1994
cancer_type_top20,TCGA-WE-AAA3,3,0.40856724977493286,1.8274844884872437,534
cancer_type_top20,TCGA-WK-A8XQ,3,0.8179420828819275,0.6680110096931458,51
cancer_type_top20,TCGA-WK-A8XZ,3,0.48692768812179565,1.7075831890106201,64
cancer_type_top20,TCGA-WP-A9GB,3,0.5941972732543945,1.4135808944702148,225
cancer_type_top20,TCGA-WX-AA44,3,0.3405868411064148,2.0895092487335205,120
cancer_type_top20,TCGA-WY-A858,3,0.9997698068618774,0.0026930994354188442,44
cancer_type_top20,TCGA-X4-A8KQ,3,0.2534700036048889,2.1969714164733887,55
cancer_type_top20,TCGA-X6-A7WD,3,0.30912065505981445,2.660578489303589,74
cancer_type_top20,TCGA-XA-A8JR,3,0.9475954174995422,0.28444603085517883,29
cancer_type_top20,TCGA-XC-AA0X,3,0.26145803928375244,2.350862979888916,238
cancer_type_top20,TCGA-XF-A9SG,3,0.18400990962982178,4.176033020019531,265
cancer_type_top20,TCGA-XF-A9SL,3,0.7792256474494934,1.3600265979766846,121
cancer_type_top20,TCGA-XF-A9SW,3,0.9293692708015442,0.37508922815322876,84
cancer_type_top20,TCGA-XF-A9T3,3,0.3172271251678467,2.1644961833953857,561
cancer_type_top20,TCGA-XF-A9T4,3,0.2973005771636963,1.8952127695083618,52
cancer_type_top20,TCGA-XF-AAMG,3,0.04365970194339752,4.8751349449157715,1308
cancer_type_top20,TCGA-XF-AAMH,3,0.4448451101779938,1.5188541412353516,86
cancer_type_top20,TCGA-XF-AAMR,3,0.0915999636054039,3.898573637008667,136
cancer_type_top20,TCGA-XF-AAMY,3,0.11444320529699326,3.612776279449463,150
cancer_type_top20,TCGA-XF-AAMZ,3,0.20491811633110046,3.8282947540283203,356
cancer_type_top20,TCGA-XF-AAN2,3,0.8265820741653442,0.6362602114677429,632
cancer_type_top20,TCGA-XF-AAN4,3,0.6996243596076965,1.4692614078521729,56
cancer_type_top20,TCGA-XF-AAN5,3,0.5390833616256714,2.4067187309265137,418
cancer_type_top20,TCGA-XJ-A83F,3,0.6012043952941895,1.6360511779785156,37
cancer_type_top20,TCGA-XJ-A83H,3,0.541797399520874,1.0904966592788696,45
cancer_type_top20,TCGA-XJ-A9DX,3,0.6679361462593079,1.252879023551941,81
cancer_type_top20,TCGA-XP-A8T6,3,0.3064460754394531,1.6118695735931396,138
cancer_type_top20,TCGA-XV-A9W2,3,0.8213930130004883,0.676289439201355,58
cancer_type_top20,TCGA-XV-AAZW,3,0.7770423293113708,1.0221352577209473,217
cancer_type_top20,TCGA-Y8-A8S0,3,0.26574137806892395,2.2243895530700684,112
cancer_type_top20,TCGA-Y8-A8S1,3,0.24150195717811584,2.1132383346557617,150
cancer_type_top20,TCGA-YC-A8S6,3,0.403635710477829,2.5526468753814697,126
cancer_type_top20,TCGA-YC-A9TC,3,0.3878653645515442,1.8778867721557617,155
cancer_type_top20,TCGA-YD-A9TA,3,0.5878089070320129,0.9839550852775574,4679
cancer_type_top20,TCGA-YD-A9TB,3,0.7153928279876709,1.6318577527999878,471
cancer_type_top20,TCGA-YF-AA3M,3,0.27561262249946594,3.44868540763855,237
cancer_type_top20,TCGA-YG-AA3O,3,0.9061393737792969,0.31761547923088074,1546
cancer_type_top20,TCGA-YL-A8HK,3,0.9516313076019287,0.2375626564025879,25
cancer_type_top20,TCGA-YL-A8S8,3,1.0,1.1835761171141712e-07,52
cancer_type_top20,TCGA-YL-A8SB,3,0.6312420964241028,0.9756680130958557,35
cancer_type_top20,TCGA-YL-A8SJ,3,1.0,1.9715474763870589e-07,37
cancer_type_top20,TCGA-YL-A9WY,3,0.44591110944747925,1.4824426174163818,41
cancer_type_top20,TCGA-Z4-AAPG,3,0.8629422187805176,0.5163739919662476,73
cancer_type_top20,TCGA-Z6-AAPN,3,0.10694670677185059,3.939220905303955,566
cancer_type_top20,TCGA-ZF-A9R9,3,0.29233622550964355,1.4703752994537354,261
cancer_type_top20,TCGA-ZF-A9RC,3,0.9025278091430664,0.6333745121955872,1341
cancer_type_top20,TCGA-ZF-AA51,3,0.07693684101104736,5.013594627380371,925
cancer_type_top20,TCGA-ZF-AA53,3,0.19635990262031555,3.583939552307129,246
cancer_type_top20,TCGA-ZF-AA5H,3,0.4508088529109955,1.3330168724060059,85
cancer_type_top20,TCGA-ZG-A8QX,3,0.2613285183906555,1.8182560205459595,36
cancer_type_top20,TCGA-ZG-A9KY,3,0.5796074867248535,1.2389532327651978,80
cancer_type_top20,TCGA-ZG-A9LM,3,0.6373741030693054,0.7413567304611206,41
cancer_type_top20,TCGA-ZG-A9LN,3,0.826160192489624,0.5653010606765747,48
cancer_type_top20,TCGA-ZG-A9LZ,3,0.6135420799255371,0.6944875717163086,40
cancer_type_top20,TCGA-ZJ-AAX8,3,0.08803462237119675,3.557636260986328,110
cancer_type_top20,TCGA-ZJ-AAXF,3,0.6737415790557861,1.2971760034561157,84
cancer_type_top20,TCGA-ZJ-AAXI,3,0.9736570119857788,0.14467181265354156,126
cancer_type_top20,TCGA-ZJ-AAXU,3,0.12130770087242126,4.700094223022461,654
cancer_type_top20,TCGA-ZJ-AB0H,3,0.31415268778800964,2.7335448265075684,185
cancer_type_top20,TCGA-ZP-A9CZ,3,0.6806923151016235,0.8998311161994934,82
cancer_type_top20,TCGA-ZS-A9CE,3,0.9824749827384949,0.10242156684398651,179
cancer_type_top20,TCGA-ZS-A9CF,3,0.9613768458366394,0.26137012243270874,339
cancer_type_top20,TCGA-02-0047,4,0.046800289303064346,3.885347843170166,87
cancer_type_top20,TCGA-02-2483,4,0.448779821395874,2.6826181411743164,70
cancer_type_top20,TCGA-04-1331,4,0.04853692650794983,4.394674301147461,193
cancer_type_top20,TCGA-04-1335,4,0.5889922976493835,1.5814547538757324,29
cancer_type_top20,TCGA-04-1341,4,0.17415688931941986,2.772059679031372,42
cancer_type_top20,TCGA-04-1356,4,0.07079095393419266,4.050569534301758,133
cancer_type_top20,TCGA-04-1361,4,0.0811605378985405,4.177838325500488,178
cancer_type_top20,TCGA-04-1367,4,0.07096821069717407,4.327617645263672,175
cancer_type_top20,TCGA-04-1516,4,0.150020569562912,3.2456793785095215,72
cancer_type_top20,TCGA-04-1646,4,0.14636728167533875,3.1622300148010254,43
cancer_type_top20,TCGA-05-4382,4,0.021671775728464127,6.030172348022461,2155
cancer_type_top20,TCGA-05-4389,4,0.10430680960416794,4.327356815338135,305
cancer_type_top20,TCGA-05-4402,4,0.285914808511734,2.872934341430664,164
cancer_type_top20,TCGA-05-4405,4,0.072426438331604,4.858502388000488,511
cancer_type_top20,TCGA-05-4425,4,0.15419289469718933,3.375917911529541,58
cancer_type_top20,TCGA-05-4426,4,0.37918221950531006,2.6191296577453613,58
cancer_type_top20,TCGA-05-5429,4,0.22259750962257385,2.752525806427002,50
cancer_type_top20,TCGA-06-0140,4,0.13123074173927307,3.4854812622070312,64
cancer_type_top20,TCGA-06-0151,4,0.5963891744613647,1.7523953914642334,24
cancer_type_top20,TCGA-06-0152,4,0.03583488613367081,4.596712112426758,170
cancer_type_top20,TCGA-06-0158,4,0.25219663977622986,3.0669519901275635,73
cancer_type_top20,TCGA-06-0165,4,0.5446802973747253,0.6891492605209351,2
cancer_type_top20,TCGA-06-0166,4,0.346353143453598,2.535588502883911,49
cancer_type_top20,TCGA-06-0174,4,0.14147703349590302,3.636159896850586,92
cancer_type_top20,TCGA-06-0188,4,0.36931878328323364,2.643411636352539,73
cancer_type_top20,TCGA-06-0189,4,0.115440234541893,3.168114423751831,30
cancer_type_top20,TCGA-06-0240,4,0.29353734850883484,1.773648977279663,7
cancer_type_top20,TCGA-06-0649,4,0.10174676030874252,4.251714706420898,192
cancer_type_top20,TCGA-06-0744,4,0.11093585193157196,3.7934751510620117,93
cancer_type_top20,TCGA-06-0749,4,0.3039367198944092,2.387660026550293,69
cancer_type_top20,TCGA-06-0750,4,0.2501574158668518,2.514822006225586,54
cancer_type_top20,TCGA-06-0877,4,0.08044660091400146,3.7134413719177246,92
cancer_type_top20,TCGA-06-0878,4,0.1574389785528183,3.0290229320526123,66
cancer_type_top20,TCGA-06-0879,4,0.12209182977676392,3.3448662757873535,76
cancer_type_top20,TCGA-06-0881,4,0.30870547890663147,2.13525390625,26
cancer_type_top20,TCGA-06-1801,4,0.04577242583036423,4.9441633224487305,368
cancer_type_top20,TCGA-06-1805,4,0.07913918793201447,4.992077827453613,442
cancer_type_top20,TCGA-06-5412,4,0.43092966079711914,2.705598831176758,72
cancer_type_top20,TCGA-08-0386,4,0.15570756793022156,2.6485817432403564,19
cancer_type_top20,TCGA-09-1673,4,0.2913793623447418,2.935974597930908,60
cancer_type_top20,TCGA-09-1675,4,0.16949553787708282,3.468014717102051,87
cancer_type_top20,TCGA-12-0688,4,0.12056110799312592,3.4280846118927,81
cancer_type_top20,TCGA-12-0692,4,0.06616102159023285,4.006699562072754,93
cancer_type_top20,TCGA-12-0773,4,0.19448500871658325,3.4266068935394287,85
cancer_type_top20,TCGA-12-0820,4,0.13112637400627136,3.6097588539123535,115
cancer_type_top20,TCGA-12-1088,4,0.07487219572067261,3.752998113632202,138
cancer_type_top20,TCGA-12-1597,4,0.29426854848861694,3.355052947998047,99
cancer_type_top20,TCGA-12-1599,4,0.27957212924957275,2.9438536167144775,54
cancer_type_top20,TCGA-12-3644,4,0.2147621363401413,3.5673115253448486,166
cancer_type_top20,TCGA-12-3651,4,0.0795343816280365,4.0333075523376465,149
cancer_type_top20,TCGA-13-0791,4,0.12056071311235428,3.953312873840332,135
cancer_type_top20,TCGA-13-0891,4,0.2934640347957611,2.612039804458618,35
cancer_type_top20,TCGA-13-0893,4,0.09186408668756485,3.926290988922119,111
cancer_type_top20,TCGA-13-0897,4,0.1379978358745575,3.4602177143096924,73
cancer_type_top20,TCGA-13-0899,4,0.4364173710346222,2.386352300643921,37
cancer_type_top20,TCGA-13-1482,4,0.15249347686767578,3.3621292114257812,81
cancer_type_top20,TCGA-13-1483,4,0.18329785764217377,3.5316858291625977,103
cancer_type_top20,TCGA-13-1495,4,0.310246080160141,2.3713667392730713,27
cancer_type_top20,TCGA-13-1497,4,0.10634124279022217,4.332123279571533,198
cancer_type_top20,TCGA-13-1499,4,0.08979927003383636,3.890077590942383,116
cancer_type_top20,TCGA-13-2060,4,0.08738702535629272,3.751718759536743,98
cancer_type_top20,TCGA-13-A5FU,4,0.1397443264722824,3.7671051025390625,120
cancer_type_top20,TCGA-14-0786,4,0.3521682918071747,2.850818157196045,54
cancer_type_top20,TCGA-14-0789,4,0.20673459768295288,3.520134210586548,96
cancer_type_top20,TCGA-14-0813,4,0.1949140727519989,3.3948731422424316,134
cancer_type_top20,TCGA-14-0867,4,0.1613258719444275,3.821096897125244,159
cancer_type_top20,TCGA-14-1453,4,0.14774921536445618,3.390291213989258,82
cancer_type_top20,TCGA-14-1825,4,0.06909811496734619,3.8418900966644287,73
cancer_type_top20,TCGA-14-1829,4,0.18566948175430298,3.382385492324829,76
cancer_type_top20,TCGA-14-3477,4,0.12728549540042877,3.501100540161133,57
cancer_type_top20,TCGA-16-0849,4,0.2037748545408249,3.49899959564209,91
cancer_type_top20,TCGA-16-0850,4,0.40660619735717773,2.82600998878479,75
cancer_type_top20,TCGA-18-3406,4,0.11415793001651764,4.412970542907715,394
cancer_type_top20,TCGA-18-3409,4,0.01999741606414318,7.146864891052246,4338
cancer_type_top20,TCGA-18-3410,4,0.08335720747709274,4.691787242889404,482
cancer_type_top20,TCGA-18-3414,4,0.08171367645263672,4.677698135375977,474
cancer_type_top20,TCGA-18-4083,4,0.06141090765595436,4.849714279174805,482
cancer_type_top20,TCGA-18-4721,4,0.07412006705999374,4.50014591217041,236
cancer_type_top20,TCGA-19-1387,4,0.30932217836380005,3.270170211791992,152
cancer_type_top20,TCGA-19-1388,4,0.09069561213254929,4.2644243240356445,215
cancer_type_top20,TCGA-19-1389,4,0.0642116367816925,4.940590858459473,377
cancer_type_top20,TCGA-19-1790,4,0.07750257849693298,4.251744270324707,157
cancer_type_top20,TCGA-19-2623,4,0.0687999352812767,4.082901954650879,105
cancer_type_top20,TCGA-19-2629,4,0.22910921275615692,3.603323221206665,122
cancer_type_top20,TCGA-19-5959,4,0.20896540582180023,3.926522970199585,114
cancer_type_top20,TCGA-20-0991,4,0.05355139821767807,4.615865707397461,327
cancer_type_top20,TCGA-20-1686,4,0.1204109713435173,3.594757080078125,140
cancer_type_top20,TCGA-20-1687,4,0.08425170183181763,3.8507022857666016,103
cancer_type_top20,TCGA-21-1080,4,0.06501097232103348,5.13990592956543,1304
cancer_type_top20,TCGA-21-5784,4,0.09189075976610184,4.355934143066406,263
cancer_type_top20,TCGA-22-4593,4,0.06519747525453568,4.438631057739258,247
cancer_type_top20,TCGA-22-4595,4,0.06207198277115822,4.8864240646362305,426
cancer_type_top20,TCGA-22-4604,4,0.05089635029435158,4.722476959228516,322
cancer_type_top20,TCGA-22-4607,4,0.0805143266916275,3.4632155895233154,87
cancer_type_top20,TCGA-22-5480,4,0.09677650779485703,4.264448165893555,207
cancer_type_top20,TCGA-22-5481,4,0.07446577399969101,4.708303451538086,396
cancer_type_top20,TCGA-23-1022,4,0.0873626247048378,4.474412441253662,281
cancer_type_top20,TCGA-23-1027,4,0.09354373812675476,3.6317262649536133,75
cancer_type_top20,TCGA-23-1030,4,0.12575119733810425,3.507302761077881,67
cancer_type_top20,TCGA-23-1110,4,0.06884646415710449,4.327278137207031,181
cancer_type_top20,TCGA-23-1111,4,0.12277975678443909,3.2509970664978027,84
cancer_type_top20,TCGA-23-1116,4,0.09979727864265442,4.256082057952881,296
cancer_type_top20,TCGA-23-1122,4,0.05302723869681358,4.329904556274414,202
cancer_type_top20,TCGA-23-2077,4,0.07556191086769104,4.180790424346924,162
cancer_type_top20,TCGA-23-2649,4,0.08598648756742477,4.101897239685059,175
cancer_type_top20,TCGA-24-1103,4,0.09144912660121918,3.7210023403167725,92
cancer_type_top20,TCGA-24-1413,4,0.09950599074363708,3.633054256439209,67
cancer_type_top20,TCGA-24-1435,4,0.08795060962438583,3.9633960723876953,140
cancer_type_top20,TCGA-24-1466,4,0.10395587980747223,3.8085713386535645,90
cancer_type_top20,TCGA-24-1550,4,0.24822331964969635,3.4312682151794434,86
cancer_type_top20,TCGA-24-1565,4,0.23261521756649017,2.893451690673828,57
cancer_type_top20,TCGA-24-1616,4,0.15764181315898895,3.403637647628784,79
cancer_type_top20,TCGA-24-1844,4,0.09368540346622467,4.165349960327148,220
cancer_type_top20,TCGA-24-1845,4,0.05045808106660843,4.717959403991699,253
cancer_type_top20,TCGA-24-1847,4,0.06405072659254074,4.196464538574219,135
cancer_type_top20,TCGA-24-2033,4,0.1751817911863327,3.5792927742004395,150
cancer_type_top20,TCGA-24-2035,4,0.12213723361492157,4.024245262145996,177
cancer_type_top20,TCGA-24-2260,4,0.2543417811393738,3.046109676361084,103
cancer_type_top20,TCGA-24-2280,4,0.05970381200313568,4.838784694671631,288
cancer_type_top20,TCGA-24-2290,4,0.23726294934749603,2.9817099571228027,88
cancer_type_top20,TCGA-24-2293,4,0.1671905219554901,3.7533984184265137,169
cancer_type_top20,TCGA-24-2295,4,0.2922365963459015,3.455087423324585,126
cancer_type_top20,TCGA-24-2298,4,0.05333714187145233,4.264284133911133,190
cancer_type_top20,TCGA-25-1315,4,0.10605121403932571,3.587338924407959,98
cancer_type_top20,TCGA-25-2392,4,0.049736250191926956,4.263684272766113,172
cancer_type_top20,TCGA-26-5134,4,0.25885382294654846,2.8522262573242188,68
cancer_type_top20,TCGA-26-6173,4,0.17249418795108795,2.868701457977295,44
cancer_type_top20,TCGA-27-1830,4,0.14083361625671387,3.4840526580810547,61
cancer_type_top20,TCGA-27-1833,4,0.09989126771688461,3.99080753326416,90
cancer_type_top20,TCGA-27-2519,4,0.2003345787525177,3.2901084423065186,54
cancer_type_top20,TCGA-28-1745,4,0.24215306341648102,3.309014081954956,84
cancer_type_top20,TCGA-28-1753,4,0.17847996950149536,3.6055397987365723,70
cancer_type_top20,TCGA-28-1760,4,0.07433461397886276,5.028395652770996,460
cancer_type_top20,TCGA-28-5220,4,0.19332481920719147,2.6741011142730713,47
cancer_type_top20,TCGA-29-1694,4,0.1911478340625763,3.0678329467773438,53
cancer_type_top20,TCGA-29-1701,4,0.07625255733728409,3.9395463466644287,111
cancer_type_top20,TCGA-29-1703,4,0.09774712473154068,3.9818124771118164,108
cancer_type_top20,TCGA-29-1707,4,0.17352411150932312,3.5199272632598877,74
cancer_type_top20,TCGA-29-1761,4,0.04844704270362854,4.562872886657715,267
cancer_type_top20,TCGA-29-1770,4,0.07249020040035248,4.195562839508057,209
cancer_type_top20,TCGA-29-1771,4,0.3151274025440216,2.5439043045043945,31
cancer_type_top20,TCGA-29-1785,4,0.09423139691352844,3.7456960678100586,94
cancer_type_top20,TCGA-29-2434,4,0.11208105087280273,3.940497875213623,157
cancer_type_top20,TCGA-29-A5NZ,4,0.10645470023155212,3.6229615211486816,86
cancer_type_top20,TCGA-2A-A8VV,4,0.07661917060613632,3.1674346923828125,32
cancer_type_top20,TCGA-2A-A8W3,4,0.06185262277722359,3.6705405712127686,53
cancer_type_top20,TCGA-2A-AAYF,4,0.270589143037796,2.393914222717285,24
cancer_type_top20,TCGA-2E-A9G8,4,0.10448380559682846,3.7657711505889893,116
cancer_type_top20,TCGA-2F-A9KR,4,0.08852989971637726,4.223202228546143,319
cancer_type_top20,TCGA-2F-A9KT,4,0.03357691317796707,4.870060443878174,461
cancer_type_top20,TCGA-2H-A9GH,4,0.10274633020162582,3.851153612136841,183
cancer_type_top20,TCGA-2H-A9GN,4,0.06877300888299942,4.145716190338135,196
cancer_type_top20,TCGA-2Y-A9GU,4,0.06834055483341217,4.292564868927002,215
cancer_type_top20,TCGA-2Y-A9GV,4,0.1258833408355713,3.428687334060669,90
cancer_type_top20,TCGA-2Y-A9H6,4,0.0633431077003479,3.9116954803466797,94
cancer_type_top20,TCGA-2Y-A9HB,4,0.13790491223335266,3.7541158199310303,117
cancer_type_top20,TCGA-2Z-A9J8,4,0.2007165551185608,3.029583692550659,45
cancer_type_top20,TCGA-2Z-A9JQ,4,0.1811252385377884,3.462686777114868,126
cancer_type_top20,TCGA-30-1857,4,0.08080700039863586,4.169132232666016,141
cancer_type_top20,TCGA-31-1953,4,0.08215553313493729,3.7408673763275146,81
cancer_type_top20,TCGA-32-1982,4,0.2866620421409607,2.8019449710845947,101
cancer_type_top20,TCGA-32-2616,4,0.03551836311817169,6.358373641967773,1539
cancer_type_top20,TCGA-32-4209,4,0.09884743392467499,3.3117499351501465,44
cancer_type_top20,TCGA-33-4538,4,0.08377771824598312,4.107303619384766,238
cancer_type_top20,TCGA-33-4583,4,0.0483807772397995,5.250556945800781,776
cancer_type_top20,TCGA-33-AASI,4,0.04164859279990196,4.957104206085205,511
cancer_type_top20,TCGA-34-2596,4,0.07424074411392212,4.351968288421631,346
cancer_type_top20,TCGA-34-2600,4,0.0515313483774662,4.840343475341797,580
cancer_type_top20,TCGA-34-5231,4,0.04730716347694397,5.160661697387695,871
cancer_type_top20,TCGA-34-5232,4,0.05342654511332512,4.289837837219238,265
cancer_type_top20,TCGA-34-5929,4,0.057765040546655655,4.530130863189697,284
cancer_type_top20,TCGA-34-7107,4,0.05636804178357124,5.018444538116455,711
cancer_type_top20,TCGA-34-8454,4,0.05894387140870094,5.048316955566406,731
cancer_type_top20,TCGA-35-5375,4,0.04898367077112198,5.018634796142578,545
cancer_type_top20,TCGA-36-2533,4,0.12116026133298874,3.772648334503174,126
cancer_type_top20,TCGA-36-2543,4,0.12958167493343353,3.5361924171447754,94
cancer_type_top20,TCGA-36-2547,4,0.0747879222035408,4.279956340789795,214
cancer_type_top20,TCGA-36-2548,4,0.16748441755771637,3.32065486907959,76
cancer_type_top20,TCGA-37-5819,4,0.029644493013620377,5.502251625061035,958
cancer_type_top20,TCGA-37-A5EM,4,0.06187587231397629,4.837757110595703,448
cancer_type_top20,TCGA-38-6178,4,0.4616265296936035,2.4921047687530518,96
cancer_type_top20,TCGA-38-7271,4,0.17597706615924835,3.628533124923706,118
cancer_type_top20,TCGA-38-A44F,4,0.1534637063741684,2.663332462310791,19
cancer_type_top20,TCGA-39-5019,4,0.11580582708120346,4.100805759429932,235
cancer_type_top20,TCGA-39-5028,4,0.07081294804811478,4.144917964935303,227
cancer_type_top20,TCGA-39-5029,4,0.18865343928337097,3.6514806747436523,187
cancer_type_top20,TCGA-3B-A9HP,4,0.13608986139297485,3.4962317943573,77
cancer_type_top20,TCGA-3B-A9HZ,4,0.38748791813850403,2.622720718383789,61
cancer_type_top20,TCGA-3C-AALK,4,0.10605238378047943,3.6377737522125244,69
cancer_type_top20,TCGA-41-2571,4,0.37922579050064087,2.7087252140045166,70
cancer_type_top20,TCGA-41-2573,4,0.31714069843292236,2.8629894256591797,62
cancer_type_top20,TCGA-41-3392,4,0.15008121728897095,3.7761294841766357,90
cancer_type_top20,TCGA-42-2588,4,0.1682245433330536,3.2427079677581787,50
cancer_type_top20,TCGA-43-2581,4,0.037464119493961334,5.4127044677734375,1164
cancer_type_top20,TCGA-43-7656,4,0.03639264032244682,5.5456461906433105,895
cancer_type_top20,TCGA-43-7657,4,0.020501958206295967,5.181905269622803,350
cancer_type_top20,TCGA-43-8116,4,0.053197599947452545,4.867341995239258,472
cancer_type_top20,TCGA-43-8118,4,0.021350324153900146,5.7526326179504395,1619
cancer_type_top20,TCGA-43-A56V,4,0.07221906632184982,4.120857238769531,284
cancer_type_top20,TCGA-44-2655,4,0.04683404788374901,4.655093193054199,239
cancer_type_top20,TCGA-44-2659,4,0.0367477647960186,5.506152153015137,1058
cancer_type_top20,TCGA-44-3396,4,0.04786986485123634,4.561589241027832,506
cancer_type_top20,TCGA-44-6146,4,0.08229056745767593,3.5508129596710205,100
cancer_type_top20,TCGA-44-6148,4,0.1093699261546135,2.843472957611084,19
cancer_type_top20,TCGA-44-6777,4,0.0365518294274807,5.561895370483398,981
cancer_type_top20,TCGA-44-A47G,4,0.2378360480070114,3.2480382919311523,103
cancer_type_top20,TCGA-49-4494,4,0.24259111285209656,3.6104929447174072,248
cancer_type_top20,TCGA-49-4501,4,0.4831707179546356,2.365586042404175,79
cancer_type_top20,TCGA-49-4505,4,0.08121874928474426,4.3074541091918945,284
cancer_type_top20,TCGA-49-AAQV,4,0.09097151458263397,3.542395830154419,90
cancer_type_top20,TCGA-4B-A93V,4,0.10903358459472656,4.037090301513672,174
cancer_type_top20,TCGA-4T-AA8H,4,0.26062172651290894,3.3390564918518066,187
cancer_type_top20,TCGA-4Z-AA7Q,4,0.030894620344042778,4.646739959716797,330
cancer_type_top20,TCGA-4Z-AA82,4,0.07185687869787216,3.704800605773926,143
cancer_type_top20,TCGA-50-5044,4,0.10133888572454453,3.788891315460205,184
cancer_type_top20,TCGA-50-5051,4,0.09157188981771469,3.809070110321045,153
cancer_type_top20,TCGA-50-5066,4,0.059786442667245865,5.126465797424316,825
cancer_type_top20,TCGA-50-5068,4,0.08809759467840195,4.040598392486572,125
cancer_type_top20,TCGA-50-5935,4,0.24104735255241394,3.2530736923217773,125
cancer_type_top20,TCGA-50-8457,4,0.196253702044487,3.4497318267822266,72
cancer_type_top20,TCGA-50-8460,4,0.22795960307121277,2.5937533378601074,39
cancer_type_top20,TCGA-51-4081,4,0.09431841224431992,4.188966751098633,256
cancer_type_top20,TCGA-51-6867,4,0.07372736930847168,4.988994598388672,816
cancer_type_top20,TCGA-52-7810,4,0.05021015554666519,4.845729827880859,554
cancer_type_top20,TCGA-52-7811,4,0.1261000633239746,3.843987464904785,199
cancer_type_top20,TCGA-53-7624,4,0.039485864341259,5.250566482543945,1057
cancer_type_top20,TCGA-53-7626,4,0.028279516845941544,6.010195732116699,1517
cancer_type_top20,TCGA-53-7813,4,0.09406482428312302,4.3272480964660645,197
cancer_type_top20,TCGA-55-1594,4,0.09155412763357162,4.17573356628418,246
cancer_type_top20,TCGA-55-6980,4,0.22691521048545837,2.896235466003418,41
cancer_type_top20,TCGA-55-6984,4,0.1330629140138626,3.100191831588745,53
cancer_type_top20,TCGA-55-6986,4,0.2936035692691803,2.708772659301758,35
cancer_type_top20,TCGA-55-6987,4,0.10958782583475113,4.1594953536987305,295
cancer_type_top20,TCGA-55-7284,4,0.19878919422626495,3.3117525577545166,58
cancer_type_top20,TCGA-55-8089,4,0.023115264251828194,5.7002434730529785,1577
cancer_type_top20,TCGA-55-8094,4,0.06374292820692062,4.7963104248046875,582
cancer_type_top20,TCGA-55-8204,4,0.06184983253479004,4.345372676849365,274
cancer_type_top20,TCGA-55-8302,4,0.023914869874715805,5.460582733154297,878
cancer_type_top20,TCGA-55-8508,4,0.13238859176635742,3.985602855682373,240
cancer_type_top20,TCGA-55-8510,4,0.07861998677253723,4.619548797607422,408
cancer_type_top20,TCGA-55-8514,4,0.05675250664353371,4.6465840339660645,369
cancer_type_top20,TCGA-55-8614,4,0.060855794697999954,4.337183475494385,311
cancer_type_top20,TCGA-55-8619,4,0.2376973181962967,2.674806833267212,27
cancer_type_top20,TCGA-55-A491,4,0.053770557045936584,4.697927951812744,477
cancer_type_top20,TCGA-55-A492,4,0.07018603384494781,4.727635383605957,376
cancer_type_top20,TCGA-56-7731,4,0.017930950969457626,5.602444171905518,950
cancer_type_top20,TCGA-56-7823,4,0.05834643170237541,4.523626327514648,364
cancer_type_top20,TCGA-56-8304,4,0.04316684603691101,4.572516918182373,316
cancer_type_top20,TCGA-56-8308,4,0.0677831619977951,4.877820014953613,449
cancer_type_top20,TCGA-56-A4BW,4,0.08781800419092178,4.285898208618164,304
cancer_type_top20,TCGA-56-A4BY,4,0.05863839387893677,4.276933193206787,193
cancer_type_top20,TCGA-56-A4ZJ,4,0.09164294600486755,4.121695041656494,146
cancer_type_top20,TCGA-58-A46J,4,0.12758849561214447,3.9662954807281494,229
cancer_type_top20,TCGA-58-A46N,4,0.060988228768110275,4.377692699432373,274
cancer_type_top20,TCGA-5B-A90C,4,0.13148054480552673,3.5303592681884766,81
cancer_type_top20,TCGA-5M-AATE,4,0.14674320816993713,3.899209976196289,193
cancer_type_top20,TCGA-5P-A9K0,4,0.19385144114494324,3.6533217430114746,131
cancer_type_top20,TCGA-5P-A9K8,4,0.27045467495918274,2.4966485500335693,28
cancer_type_top20,TCGA-5X-AA5U,4,0.19317489862442017,3.0728063583374023,52
cancer_type_top20,TCGA-60-2697,4,0.1992502510547638,2.2696175575256348,24
cancer_type_top20,TCGA-60-2711,4,0.13157007098197937,3.8392181396484375,165
cancer_type_top20,TCGA-60-2721,4,0.06818535923957825,4.293684482574463,275
cancer_type_top20,TCGA-60-2725,4,0.09073884040117264,4.069421768188477,196
cancer_type_top20,TCGA-61-1733,4,0.2158610075712204,3.053332567214966,71
cancer_type_top20,TCGA-61-1740,4,0.08075495064258575,4.521631240844727,287
cancer_type_top20,TCGA-61-1907,4,0.09678614884614944,4.090923309326172,156
cancer_type_top20,TCGA-61-1914,4,0.07557172328233719,3.7785143852233887,164
cancer_type_top20,TCGA-61-1915,4,0.08007945865392685,4.092843532562256,127
cancer_type_top20,TCGA-61-1919,4,0.1649501472711563,3.487992763519287,107
cancer_type_top20,TCGA-61-1998,4,0.06452442705631256,4.516351222991943,322
cancer_type_top20,TCGA-61-2087,4,0.05996302515268326,3.824415922164917,109
cancer_type_top20,TCGA-61-2102,4,0.2601093053817749,3.259218692779541,96
cancer_type_top20,TCGA-61-2113,4,0.04806039482355118,4.776951313018799,354
cancer_type_top20,TCGA-62-8397,4,0.19882209599018097,2.818070650100708,36
cancer_type_top20,TCGA-62-8399,4,0.058343518525362015,5.00949764251709,674
cancer_type_top20,TCGA-62-A46P,4,0.049492012709379196,4.888314723968506,364
cancer_type_top20,TCGA-62-A472,4,0.19960808753967285,3.479461193084717,78
cancer_type_top20,TCGA-63-7022,4,0.09992469847202301,4.296547889709473,253
cancer_type_top20,TCGA-63-7023,4,0.06138019263744354,4.205682277679443,200
cancer_type_top20,TCGA-63-A5MG,4,0.10398171097040176,3.801424980163574,143
cancer_type_top20,TCGA-63-A5ML,4,0.08349388092756271,4.407857894897461,321
cancer_type_top20,TCGA-64-5779,4,0.06699984520673752,4.741703510284424,453
cancer_type_top20,TCGA-64-5781,4,0.04504686966538429,5.631134510040283,1465
cancer_type_top20,TCGA-66-2742,4,0.049278032034635544,4.510737419128418,313
cancer_type_top20,TCGA-66-2763,4,0.03488636761903763,5.072135925292969,508
cancer_type_top20,TCGA-66-2769,4,0.07046299427747726,4.779451370239258,470
cancer_type_top20,TCGA-66-2777,4,0.10735269635915756,4.294299125671387,222
cancer_type_top20,TCGA-66-2788,4,0.11205732077360153,4.29338264465332,270
cancer_type_top20,TCGA-67-6216,4,0.10826588422060013,2.99536395072937,52
cancer_type_top20,TCGA-68-7755,4,0.07455697655677795,4.664601802825928,359
cancer_type_top20,TCGA-68-A59J,4,0.07231998443603516,4.654266834259033,490
cancer_type_top20,TCGA-69-7760,4,0.3970862030982971,2.7656266689300537,94
cancer_type_top20,TCGA-69-7764,4,0.08387592434883118,3.7522761821746826,119
cancer_type_top20,TCGA-69-7973,4,0.059723157435655594,4.627066612243652,322
cancer_type_top20,TCGA-69-8253,4,0.1136370599269867,3.7088232040405273,213
cancer_type_top20,TCGA-69-8254,4,0.35654309391975403,3.028104543685913,101
cancer_type_top20,TCGA-69-A59K,4,0.048608552664518356,5.040675640106201,654
cancer_type_top20,TCGA-73-4662,4,0.06294915080070496,4.377968788146973,289
cancer_type_top20,TCGA-73-4668,4,0.059384435415267944,5.096320152282715,666
cancer_type_top20,TCGA-73-A9RS,4,0.02967323549091816,5.587365627288818,1211
cancer_type_top20,TCGA-74-6575,4,0.12037107348442078,3.90789794921875,132
cancer_type_top20,TCGA-74-6581,4,0.09084494411945343,3.2993457317352295,59
cancer_type_top20,TCGA-75-5125,4,0.12077977508306503,4.130246162414551,228
cancer_type_top20,TCGA-75-6206,4,0.11943387240171432,3.693370819091797,110
cancer_type_top20,TCGA-75-6207,4,0.4590189754962921,2.6288797855377197,87
cancer_type_top20,TCGA-75-6211,4,0.09147793054580688,4.852672100067139,471
cancer_type_top20,TCGA-75-6212,4,0.6513881683349609,1.49875807762146,27
cancer_type_top20,TCGA-75-6214,4,0.053834766149520874,5.271340847015381,925
cancer_type_top20,TCGA-75-7030,4,0.2537360191345215,2.3073301315307617,19
cancer_type_top20,TCGA-76-4925,4,0.3074091970920563,3.103891134262085,85
cancer_type_top20,TCGA-76-4928,4,0.2741868197917938,2.884485960006714,98
cancer_type_top20,TCGA-76-4929,4,0.14921416342258453,3.7255661487579346,90
cancer_type_top20,TCGA-76-6192,4,0.33522361516952515,3.0206425189971924,66
cancer_type_top20,TCGA-76-6280,4,0.0852833166718483,3.722630500793457,73
cancer_type_top20,TCGA-76-6282,4,0.36453598737716675,2.8210997581481934,61
cancer_type_top20,TCGA-76-6283,4,0.3612651228904724,3.0899100303649902,132
cancer_type_top20,TCGA-76-6286,4,0.2407861351966858,3.339528799057007,91
cancer_type_top20,TCGA-76-6657,4,0.25986477732658386,3.346451759338379,77
cancer_type_top20,TCGA-77-7335,4,0.1261877715587616,4.138705253601074,310
cancer_type_top20,TCGA-77-8133,4,0.06704674661159515,4.757166862487793,486
cancer_type_top20,TCGA-77-8143,4,0.09187420457601547,3.95963454246521,186
cancer_type_top20,TCGA-77-8146,4,0.10680913925170898,4.151547431945801,208
cancer_type_top20,TCGA-77-8153,4,0.08146220445632935,4.273540496826172,229
cancer_type_top20,TCGA-77-A5GA,4,0.11502427607774734,4.2981038093566895,201
cancer_type_top20,TCGA-77-A5GF,4,0.07063852995634079,3.914623260498047,155
cancer_type_top20,TCGA-78-7158,4,0.18575836718082428,4.0283942222595215,351
cancer_type_top20,TCGA-78-7163,4,0.31609413027763367,2.886042356491089,73
cancer_type_top20,TCGA-78-7167,4,0.10432327538728714,3.851407527923584,160
cancer_type_top20,TCGA-78-8648,4,0.18801148235797882,2.478616952896118,17
cancer_type_top20,TCGA-78-8655,4,0.16311435401439667,3.8435120582580566,142
cancer_type_top20,TCGA-80-5607,4,0.3163650929927826,3.097710609436035,162
cancer_type_top20,TCGA-80-5611,4,0.13125260174274445,4.333552360534668,262
cancer_type_top20,TCGA-81-5911,4,0.26886698603630066,2.5763163566589355,37
cancer_type_top20,TCGA-85-7696,4,0.07799886912107468,4.224035739898682,284
cancer_type_top20,TCGA-85-7697,4,0.09609217196702957,4.174298286437988,365
cancer_type_top20,TCGA-85-8048,4,0.10868493467569351,3.558488130569458,153
cancer_type_top20,TCGA-85-8049,4,0.07044461369514465,4.326449394226074,281
cancer_type_top20,TCGA-85-8350,4,0.0936644896864891,4.614239692687988,408
cancer_type_top20,TCGA-85-8580,4,0.07186862081289291,4.697142601013184,357
cancer_type_top20,TCGA-85-8584,4,0.05807449668645859,4.4719696044921875,341
cancer_type_top20,TCGA-85-8664,4,0.08236982673406601,4.255120754241943,295
cancer_type_top20,TCGA-85-A4CL,4,0.037445586174726486,5.186888694763184,1050
cancer_type_top20,TCGA-85-A4CN,4,0.06251455098390579,4.448339462280273,243
cancer_type_top20,TCGA-85-A4PA,4,0.5671236515045166,1.5655397176742554,16
cancer_type_top20,TCGA-85-A513,4,0.48671209812164307,1.8645590543746948,28
cancer_type_top20,TCGA-86-7713,4,0.04441751167178154,4.616845607757568,417
cancer_type_top20,TCGA-86-8280,4,0.46950629353523254,2.416564464569092,56
cancer_type_top20,TCGA-86-8358,4,0.01828444004058838,5.936770439147949,1411
cancer_type_top20,TCGA-86-8674,4,0.12394001334905624,4.158664703369141,399
cancer_type_top20,TCGA-86-A4JF,4,0.020308932289481163,6.026533603668213,1806
cancer_type_top20,TCGA-90-A4ED,4,0.02990340068936348,6.531030178070068,2763
cancer_type_top20,TCGA-91-6847,4,0.13430942595005035,3.849707841873169,125
cancer_type_top20,TCGA-91-6848,4,0.04499126970767975,5.083702087402344,801
cancer_type_top20,TCGA-91-6849,4,0.11179656535387039,4.0578718185424805,162
cancer_type_top20,TCGA-91-8497,4,0.10600902885198593,3.5043065547943115,60
cancer_type_top20,TCGA-92-8063,4,0.09495826810598373,4.686061859130859,464
cancer_type_top20,TCGA-93-A4JQ,4,0.06139572709798813,4.050989151000977,145
cancer_type_top20,TCGA-94-7557,4,0.14309069514274597,3.3458545207977295,142
cancer_type_top20,TCGA-94-8491,4,0.03176597133278847,5.361429214477539,703
cancer_type_top20,TCGA-95-A4VK,4,0.08304978162050247,4.365523338317871,324
cancer_type_top20,TCGA-97-7553,4,0.15410883724689484,3.4454293251037598,58
cancer_type_top20,TCGA-97-8172,4,0.06431031972169876,4.67125129699707,350
cancer_type_top20,TCGA-98-8023,4,0.07745286822319031,4.059976577758789,259
cancer_type_top20,TCGA-98-A539,4,0.06811720877885818,4.164347171783447,237
cancer_type_top20,TCGA-98-A53J,4,0.09779872000217438,3.785849094390869,149
cancer_type_top20,TCGA-99-7458,4,0.035585012286901474,5.245581150054932,622
cancer_type_top20,TCGA-99-8028,4,0.04699731990695,4.785262107849121,549
cancer_type_top20,TCGA-A1-A0SF,4,0.18875420093536377,2.933967113494873,67
cancer_type_top20,TCGA-A1-A0SK,4,0.2305782437324524,3.374552011489868,88
cancer_type_top20,TCGA-A1-A0SM,4,0.1726001650094986,2.942558526992798,34
cancer_type_top20,TCGA-A2-A04P,4,0.08795421570539474,4.213058948516846,180
cancer_type_top20,TCGA-A2-A04U,4,0.2299395501613617,3.019568681716919,71
cancer_type_top20,TCGA-A2-A04V,4,0.19216707348823547,3.098954200744629,44
cancer_type_top20,TCGA-A2-A04Y,4,0.10352737456560135,3.4518966674804688,66
cancer_type_top20,TCGA-A2-A0CL,4,0.15118832886219025,3.8827571868896484,205
cancer_type_top20,TCGA-A2-A0CP,4,0.10352228581905365,3.290555953979492,52
cancer_type_top20,TCGA-A2-A0CS,4,0.10893946141004562,3.482656955718994,57
cancer_type_top20,TCGA-A2-A0D2,4,0.07334109395742416,4.130975723266602,116
cancer_type_top20,TCGA-A2-A0D4,4,0.20967116951942444,3.0122549533843994,48
cancer_type_top20,TCGA-A2-A0EM,4,0.16602306067943573,2.887847423553467,39
cancer_type_top20,TCGA-A2-A0EN,4,0.12209212779998779,3.224106550216675,43
cancer_type_top20,TCGA-A2-A0EP,4,0.359671950340271,2.1545217037200928,22
cancer_type_top20,TCGA-A2-A0ST,4,0.37832075357437134,2.353372812271118,28
cancer_type_top20,TCGA-A2-A0SV,4,0.21471451222896576,2.984492063522339,51
cancer_type_top20,TCGA-A2-A0SX,4,0.13105730712413788,3.185504674911499,42
cancer_type_top20,TCGA-A2-A0T5,4,0.26970505714416504,2.0857090950012207,17
cancer_type_top20,TCGA-A2-A0YF,4,0.07108686864376068,3.5132877826690674,49
cancer_type_top20,TCGA-A2-A0YJ,4,0.08336799591779709,3.7079474925994873,101
cancer_type_top20,TCGA-A2-A0YT,4,0.11177416145801544,3.4346721172332764,87
cancer_type_top20,TCGA-A2-A25B,4,0.05563263222575188,4.252410411834717,144
cancer_type_top20,TCGA-A2-A25C,4,0.1471451222896576,3.2020788192749023,46
cancer_type_top20,TCGA-A2-A3XT,4,0.07890649884939194,3.749220371246338,131
cancer_type_top20,TCGA-A2-A3XX,4,0.12943731248378754,3.219099521636963,55
cancer_type_top20,TCGA-A3-3317,4,0.10024290531873703,3.6586310863494873,105
cancer_type_top20,TCGA-A3-3320,4,0.129023477435112,3.9119856357574463,114
cancer_type_top20,TCGA-A3-3326,4,0.2950494885444641,3.005159378051758,75
cancer_type_top20,TCGA-A3-3346,4,0.15085916221141815,3.632768392562866,122
cancer_type_top20,TCGA-A3-3347,4,0.1665755808353424,2.9218125343322754,48
cancer_type_top20,TCGA-A3-3357,4,0.10027977079153061,3.6163692474365234,122
cancer_type_top20,TCGA-A3-3383,4,0.2017488181591034,3.2992446422576904,65
cancer_type_top20,TCGA-A3-A8OU,4,0.22424264252185822,3.3242530822753906,112
cancer_type_top20,TCGA-A3-A8OW,4,0.11384088546037674,3.198668956756592,43
cancer_type_top20,TCGA-A4-8630,4,0.08672133088111877,3.55344820022583,68
cancer_type_top20,TCGA-A4-A4ZT,4,0.07626651227474213,3.8659396171569824,135
cancer_type_top20,TCGA-A4-A5DU,4,0.14961667358875275,2.877959728240967,40
cancer_type_top20,TCGA-A4-A5Y0,4,0.13133053481578827,3.282581329345703,84
cancer_type_top20,TCGA-A4-A5Y1,4,0.17059074342250824,3.4550931453704834,99
cancer_type_top20,TCGA-A4-A7UZ,4,0.07041765749454498,3.895904779434204,98
cancer_type_top20,TCGA-A5-A0G5,4,0.06570849567651749,4.078619480133057,189
cancer_type_top20,TCGA-A5-A0GB,4,0.06338153779506683,4.971587181091309,1061
cancer_type_top20,TCGA-A5-A0GH,4,0.0849316418170929,4.3758463859558105,675
cancer_type_top20,TCGA-A5-A0GX,4,0.2575984597206116,2.875765323638916,47
cancer_type_top20,TCGA-A5-A0R6,4,0.0992283821105957,3.4928789138793945,72
cancer_type_top20,TCGA-A5-A7WK,4,0.12468607723712921,3.9866232872009277,129
cancer_type_top20,TCGA-A6-3807,4,0.21376924216747284,2.9638171195983887,126
cancer_type_top20,TCGA-A6-3808,4,0.04514496773481369,4.572683811187744,208
cancer_type_top20,TCGA-A6-4107,4,0.02686951868236065,5.441036224365234,512
cancer_type_top20,TCGA-A6-5659,4,0.05723441392183304,5.137184143066406,623
cancer_type_top20,TCGA-A6-A567,4,0.49856802821159363,2.3205604553222656,80
cancer_type_top20,TCGA-A6-A56B,4,0.290833055973053,3.279672145843506,137
cancer_type_top20,TCGA-A7-A0D9,4,0.1376190185546875,2.931344985961914,63
cancer_type_top20,TCGA-A7-A0DB,4,0.0963820070028305,3.3098220825195312,60
cancer_type_top20,TCGA-A7-A26J,4,0.10338839888572693,3.2201645374298096,52
cancer_type_top20,TCGA-A7-A2KD,4,0.1327558159828186,3.271599054336548,63
cancer_type_top20,TCGA-A7-A4SC,4,0.1287958174943924,3.518594980239868,83
cancer_type_top20,TCGA-A7-A56D,4,0.06721527129411697,4.667412757873535,472
cancer_type_top20,TCGA-A8-A06O,4,0.2588106095790863,3.21386456489563,90
cancer_type_top20,TCGA-A8-A06P,4,0.13243164122104645,3.235579490661621,48
cancer_type_top20,TCGA-A8-A06X,4,0.03826753422617912,4.872844696044922,275
cancer_type_top20,TCGA-A8-A06Z,4,0.17412599921226501,3.4618659019470215,108
cancer_type_top20,TCGA-A8-A07B,4,0.1720484346151352,3.286129951477051,93
cancer_type_top20,TCGA-A8-A07C,4,0.2095838040113449,4.123446941375732,195
cancer_type_top20,TCGA-A8-A07F,4,0.22557511925697327,2.684361696243286,41
cancer_type_top20,TCGA-A8-A07L,4,0.06286578625440598,4.040327548980713,106
cancer_type_top20,TCGA-A8-A07P,4,0.13613559305667877,3.4641873836517334,69
cancer_type_top20,TCGA-A8-A085,4,0.13362322747707367,3.613579273223877,88
cancer_type_top20,TCGA-A8-A08F,4,0.057250794023275375,4.22782039642334,188
cancer_type_top20,TCGA-A8-A08L,4,0.04986277595162392,4.583749771118164,284
cancer_type_top20,TCGA-A8-A097,4,0.11731258779764175,3.972734212875366,136
cancer_type_top20,TCGA-A8-A09B,4,0.11691654473543167,3.4334871768951416,60
cancer_type_top20,TCGA-A8-A09G,4,0.04155786335468292,4.62667179107666,363
cancer_type_top20,TCGA-A8-A09K,4,0.23703229427337646,3.1746597290039062,50
cancer_type_top20,TCGA-A8-A09M,4,0.055485449731349945,4.3136444091796875,194
cancer_type_top20,TCGA-A8-A0A4,4,0.1998373568058014,2.913524866104126,41
cancer_type_top20,TCGA-A8-A0AB,4,0.18662533164024353,3.0497944355010986,43
cancer_type_top20,TCGA-AA-3489,4,0.47111776471138,2.9239425659179688,156
cancer_type_top20,TCGA-AA-3520,4,0.2895391881465912,2.4983513355255127,33
cancer_type_top20,TCGA-AA-3530,4,0.2792387902736664,3.667715311050415,119
cancer_type_top20,TCGA-AA-3532,4,0.14262403547763824,2.882396936416626,27
cancer_type_top20,TCGA-AA-3548,4,0.1493256688117981,2.7864015102386475,28
cancer_type_top20,TCGA-AA-3549,4,0.14786559343338013,2.9369261264801025,25
cancer_type_top20,TCGA-AA-3561,4,0.2575477063655853,2.649503231048584,21
cancer_type_top20,TCGA-AA-3662,4,0.33892691135406494,3.0655174255371094,119
cancer_type_top20,TCGA-AA-3666,4,0.17587487399578094,3.7933578491210938,233
cancer_type_top20,TCGA-AA-3696,4,0.2904464304447174,3.4495511054992676,125
cancer_type_top20,TCGA-AA-3812,4,0.33188650012016296,2.914637327194214,170
cancer_type_top20,TCGA-AA-3837,4,0.22567258775234222,3.577526569366455,189
cancer_type_top20,TCGA-AA-3850,4,0.25266289710998535,3.602712392807007,176
cancer_type_top20,TCGA-AA-3861,4,0.3105538785457611,3.630056858062744,191
cancer_type_top20,TCGA-AA-3866,4,0.24386273324489594,3.2924814224243164,149
cancer_type_top20,TCGA-AA-3955,4,0.1801585853099823,3.9524922370910645,194
cancer_type_top20,TCGA-AA-3966,4,0.13703586161136627,4.835978984832764,1723
cancer_type_top20,TCGA-AA-3967,4,0.2649894654750824,3.140408754348755,248
cancer_type_top20,TCGA-AA-3973,4,0.2054900974035263,3.6629042625427246,127
cancer_type_top20,TCGA-AA-A01P,4,0.27911943197250366,4.402944564819336,1310
cancer_type_top20,TCGA-AA-A03F,4,0.2653936743736267,3.5065035820007324,185
cancer_type_top20,TCGA-AC-A23E,4,0.16726930439472198,2.7959671020507812,28
cancer_type_top20,TCGA-AC-A2B8,4,0.07111787796020508,3.666365146636963,133
cancer_type_top20,TCGA-AC-A2FF,4,0.4046584963798523,2.089198112487793,19
cancer_type_top20,TCGA-AC-A2FK,4,0.38995927572250366,1.0830554962158203,3
cancer_type_top20,TCGA-AC-A2QH,4,0.23534314334392548,2.9037551879882812,37
cancer_type_top20,TCGA-AC-A3QQ,4,0.19641168415546417,3.06085205078125,37
cancer_type_top20,TCGA-AC-A4ZE,4,0.13244475424289703,3.503833293914795,80
cancer_type_top20,TCGA-AC-A5XS,4,0.01090235635638237,5.959717273712158,1454
cancer_type_top20,TCGA-AC-A5XU,4,0.15774187445640564,3.407475709915161,119
cancer_type_top20,TCGA-AC-A6IX,4,0.10168463736772537,3.750309705734253,142
cancer_type_top20,TCGA-AD-5900,4,0.1253274530172348,5.31403923034668,2329
cancer_type_top20,TCGA-AD-6965,4,0.28728917241096497,3.311527729034424,171
cancer_type_top20,TCGA-AD-A5EJ,4,0.15725378692150116,5.2500319480896,2226
cancer_type_top20,TCGA-AD-A5EK,4,0.48230186104774475,2.831413745880127,128
cancer_type_top20,TCGA-AJ-A2QO,4,0.028266550973057747,5.686621189117432,2186
cancer_type_top20,TCGA-AJ-A3EK,4,0.030115678906440735,6.923035621643066,5000
cancer_type_top20,TCGA-AJ-A3EM,4,0.13162782788276672,3.4094154834747314,90
cancer_type_top20,TCGA-AJ-A3I9,4,0.3023124039173126,2.722027063369751,52
cancer_type_top20,TCGA-AJ-A3OJ,4,0.029252683743834496,5.245181083679199,1733
cancer_type_top20,TCGA-AJ-A3OK,4,0.07511024922132492,5.687346458435059,1150
cancer_type_top20,TCGA-AJ-A5DW,4,0.014644725248217583,7.211761474609375,5000
cancer_type_top20,TCGA-AJ-A8CT,4,0.08453720808029175,5.155580997467041,1071
cancer_type_top20,TCGA-AJ-A8CV,4,0.10882912576198578,4.04139518737793,389
cancer_type_top20,TCGA-AK-3426,4,0.39751774072647095,2.567493438720703,41
cancer_type_top20,TCGA-AK-3456,4,0.09997079521417618,3.1597700119018555,45
cancer_type_top20,TCGA-AL-3472,4,0.16382423043251038,3.1243789196014404,61
cancer_type_top20,TCGA-AL-3473,4,0.2334669530391693,2.822967052459717,63
cancer_type_top20,TCGA-AL-A5DJ,4,0.16370542347431183,2.9471254348754883,48
cancer_type_top20,TCGA-AN-A04D,4,0.09589684754610062,4.010448455810547,126
cancer_type_top20,TCGA-AN-A0AK,4,0.07517358660697937,5.150611877441406,1748
cancer_type_top20,TCGA-AN-A0AT,4,0.08021479099988937,4.053115367889404,153
cancer_type_top20,TCGA-AN-A0FD,4,0.21398180723190308,2.9807748794555664,47
cancer_type_top20,TCGA-AN-A0FJ,4,0.09483499079942703,3.578244686126709,129
cancer_type_top20,TCGA-AN-A0FL,4,0.05689360946416855,4.23478364944458,218
cancer_type_top20,TCGA-AN-A0FN,4,0.15505285561084747,3.032365083694458,59
cancer_type_top20,TCGA-AN-A0FZ,4,0.08589426428079605,3.8050966262817383,97
cancer_type_top20,TCGA-AN-A0XR,4,0.25003665685653687,2.8267266750335693,42
cancer_type_top20,TCGA-AN-A0XW,4,0.04153896123170853,4.703070640563965,429
cancer_type_top20,TCGA-AO-A03T,4,0.17669183015823364,3.7218546867370605,131
cancer_type_top20,TCGA-AO-A03U,4,0.4349733889102936,1.4647711515426636,7
cancer_type_top20,TCGA-AO-A03V,4,0.15559257566928864,3.161060333251953,74
cancer_type_top20,TCGA-AO-A0J3,4,0.10099158436059952,3.4525442123413086,108
cancer_type_top20,TCGA-AO-A0JA,4,0.2719059884548187,2.5199480056762695,36
cancer_type_top20,TCGA-AO-A0JG,4,0.135380357503891,2.6994221210479736,22
cancer_type_top20,TCGA-AO-A124,4,0.08445080369710922,4.142831802368164,194
cancer_type_top20,TCGA-AO-A126,4,0.15832634270191193,2.8660483360290527,29
cancer_type_top20,TCGA-AO-A12A,4,0.11569760739803314,2.821280002593994,21
cancer_type_top20,TCGA-AO-A12H,4,0.18086948990821838,3.089334011077881,33
cancer_type_top20,TCGA-AO-A1KP,4,0.2604168951511383,2.3251330852508545,27
cancer_type_top20,TCGA-AP-A051,4,0.03914845362305641,6.580813884735107,5000
cancer_type_top20,TCGA-AP-A05J,4,0.16515807807445526,3.423198699951172,61
cancer_type_top20,TCGA-AP-A0L8,4,0.16666334867477417,3.433225631713867,88
cancer_type_top20,TCGA-AP-A0LD,4,0.0712776929140091,4.334897041320801,726
cancer_type_top20,TCGA-AP-A0LE,4,0.08473909646272659,4.647330284118652,801
cancer_type_top20,TCGA-AP-A0LF,4,0.09055791050195694,4.381341457366943,332
cancer_type_top20,TCGA-AP-A0LI,4,0.09928541630506516,3.9238836765289307,163
cancer_type_top20,TCGA-AP-A1DO,4,0.037657588720321655,4.952151298522949,1173
cancer_type_top20,TCGA-AP-A1E4,4,0.21269358694553375,2.9149527549743652,43
cancer_type_top20,TCGA-AR-A0U4,4,0.11256705969572067,4.1385722160339355,212
cancer_type_top20,TCGA-AR-A1AI,4,0.17942869663238525,3.3058106899261475,92
cancer_type_top20,TCGA-AR-A1AV,4,0.2798374891281128,2.960314989089966,56
cancer_type_top20,TCGA-AR-A24L,4,0.07684467732906342,3.374138832092285,61
cancer_type_top20,TCGA-AR-A24R,4,0.22268454730510712,2.70340895652771,31
cancer_type_top20,TCGA-AR-A24W,4,0.6682394742965698,1.4944771528244019,19
cancer_type_top20,TCGA-AR-A255,4,0.09838221222162247,3.6019487380981445,97
cancer_type_top20,TCGA-AR-A2LR,4,0.15102654695510864,3.5642223358154297,79
cancer_type_top20,TCGA-AR-A5QM,4,0.07936830818653107,3.3115999698638916,38
cancer_type_top20,TCGA-AR-A5QP,4,0.08387251198291779,3.283787250518799,38
cancer_type_top20,TCGA-AX-A06L,4,0.5260119438171387,2.1103224754333496,60
cancer_type_top20,TCGA-AX-A1C9,4,0.09643300622701645,5.700542449951172,1703
cancer_type_top20,TCGA-AX-A1CE,4,0.030466584488749504,6.600704669952393,5000
cancer_type_top20,TCGA-AX-A1CF,4,0.06064171344041824,4.433609962463379,162
cancer_type_top20,TCGA-AX-A1CJ,4,0.44690215587615967,2.5898044109344482,92
cancer_type_top20,TCGA-AX-A2H4,4,0.044951699674129486,4.635964870452881,294
cancer_type_top20,TCGA-AX-A2HD,4,0.03375579044222832,6.51816987991333,5000
cancer_type_top20,TCGA-AX-A3FW,4,0.28826704621315,3.1422653198242188,79
cancer_type_top20,TCGA-AX-A3G1,4,0.09499554336071014,3.7242674827575684,89
cancer_type_top20,TCGA-AX-A3G8,4,0.04723431169986725,4.816286087036133,1495
cancer_type_top20,TCGA-AY-6196,4,0.13002963364124298,4.4976091384887695,328
cancer_type_top20,TCGA-AZ-4616,4,0.20749473571777344,2.660781145095825,135
cancer_type_top20,TCGA-AZ-6605,4,0.2443145215511322,3.571784496307373,175
cancer_type_top20,TCGA-AZ-6607,4,0.13951732218265533,3.397859811782837,103
cancer_type_top20,TCGA-B0-4700,4,0.5470369458198547,2.052276849746704,43
cancer_type_top20,TCGA-B0-4842,4,0.23190492391586304,3.0155365467071533,73
cancer_type_top20,TCGA-B0-5081,4,0.21220190823078156,2.9218368530273438,61
cancer_type_top20,TCGA-B0-5092,4,0.07297057658433914,3.8945043087005615,102
cancer_type_top20,TCGA-B0-5094,4,0.23255082964897156,3.433333396911621,102
cancer_type_top20,TCGA-B0-5119,4,0.11885923147201538,3.871575117111206,115
cancer_type_top20,TCGA-B0-5121,4,0.23909948766231537,3.2395358085632324,59
cancer_type_top20,TCGA-B0-5399,4,0.10641933977603912,3.447530746459961,56
cancer_type_top20,TCGA-B0-5697,4,0.07505336403846741,3.6012954711914062,80
cancer_type_top20,TCGA-B0-5698,4,0.42562103271484375,2.588923692703247,90
cancer_type_top20,TCGA-B1-A47N,4,0.17356005311012268,3.1172454357147217,43
cancer_type_top20,TCGA-B1-A655,4,0.08079171925783157,4.000491142272949,129
cancer_type_top20,TCGA-B2-4098,4,0.08553462475538254,4.159330368041992,159
cancer_type_top20,TCGA-B2-5636,4,0.08484658598899841,3.484315872192383,50
cancer_type_top20,TCGA-B2-5639,4,0.07552371919155121,4.158774375915527,148
cancer_type_top20,TCGA-B4-5844,4,0.13915638625621796,3.6823997497558594,90
cancer_type_top20,TCGA-B5-A0JX,4,0.22121384739875793,3.4950523376464844,111
cancer_type_top20,TCGA-B5-A0K3,4,0.13204577565193176,3.435910701751709,79
cancer_type_top20,TCGA-B5-A11F,4,0.25426140427589417,3.0144760608673096,60
cancer_type_top20,TCGA-B5-A11H,4,0.03884343430399895,5.419302940368652,1569
cancer_type_top20,TCGA-B5-A11I,4,0.09094349294900894,3.4852817058563232,74
cancer_type_top20,TCGA-B5-A11Z,4,0.5687147974967957,2.184490919113159,82
cancer_type_top20,TCGA-B5-A121,4,0.13756538927555084,3.1759469509124756,47
cancer_type_top20,TCGA-B5-A1MR,4,0.010465630330145359,7.275913238525391,5000
cancer_type_top20,TCGA-B5-A3FA,4,0.019314169883728027,7.104970932006836,5000
cancer_type_top20,TCGA-B5-A5OC,4,0.044627923518419266,5.308070182800293,1919
cancer_type_top20,TCGA-B5-A5OD,4,0.1283390074968338,3.122659921646118,72
cancer_type_top20,TCGA-B5-A5OE,4,0.16057957708835602,3.366671562194824,122
cancer_type_top20,TCGA-B6-A0I2,4,0.10108927637338638,3.327040910720825,80
cancer_type_top20,TCGA-B6-A0IN,4,0.16983641684055328,3.0208752155303955,52
cancer_type_top20,TCGA-B6-A0RH,4,0.20018799602985382,3.121134042739868,50
cancer_type_top20,TCGA-B6-A0RI,4,0.22898511588573456,2.3744020462036133,32
cancer_type_top20,TCGA-B6-A0RN,4,0.1592518389225006,2.7119598388671875,38
cancer_type_top20,TCGA-B6-A0RP,4,0.14212308824062347,3.0195980072021484,31
cancer_type_top20,TCGA-B6-A0RU,4,0.29819223284721375,2.800093173980713,65
cancer_type_top20,TCGA-B6-A0X4,4,0.1364690363407135,2.8391880989074707,24
cancer_type_top20,TCGA-B6-A1KF,4,0.22304894030094147,3.0991756916046143,83
cancer_type_top20,TCGA-B6-A1KI,4,0.12596604228019714,2.946897029876709,33
cancer_type_top20,TCGA-B6-A2IU,4,0.2025512456893921,2.975782632827759,56
cancer_type_top20,TCGA-B6-A401,4,0.2339881807565689,2.7018258571624756,33
cancer_type_top20,TCGA-B7-A5TK,4,0.20740512013435364,3.089468240737915,75
cancer_type_top20,TCGA-B8-4620,4,0.09027530997991562,3.9519901275634766,132
cancer_type_top20,TCGA-B8-5545,4,0.17270097136497498,2.9426958560943604,33
cancer_type_top20,TCGA-B8-5546,4,0.22624151408672333,2.5466296672821045,38
cancer_type_top20,TCGA-B8-5553,4,0.1488698571920395,3.5858731269836426,78
cancer_type_top20,TCGA-B8-A54E,4,0.09759404510259628,3.352022171020508,60
cancer_type_top20,TCGA-B8-A54G,4,0.2835838198661804,2.978282928466797,64
cancer_type_top20,TCGA-B8-A54J,4,0.15317122638225555,3.481794595718384,86
cancer_type_top20,TCGA-B8-A7U6,4,0.14621230959892273,3.5763936042785645,92
cancer_type_top20,TCGA-B9-4114,4,0.09380235522985458,3.834139823913574,92
cancer_type_top20,TCGA-B9-4117,4,0.1082308366894722,3.31845760345459,53
cancer_type_top20,TCGA-B9-5155,4,0.19020579755306244,3.579210042953491,131
cancer_type_top20,TCGA-B9-A44B,4,0.097623810172081,4.272339820861816,185
cancer_type_top20,TCGA-B9-A69E,4,0.1035790890455246,4.145142078399658,123
cancer_type_top20,TCGA-BA-4075,4,0.07172401994466782,4.385307312011719,218
cancer_type_top20,TCGA-BA-5558,4,0.10511482506990433,3.8513717651367188,211
cancer_type_top20,TCGA-BA-6869,4,0.04460388049483299,4.9243316650390625,624
cancer_type_top20,TCGA-BA-6871,4,0.19695279002189636,3.6974222660064697,171
cancer_type_top20,TCGA-BA-A4IF,4,0.1081680878996849,3.6910457611083984,120
cancer_type_top20,TCGA-BA-A4IG,4,0.0896611139178276,4.107212066650391,177
cancer_type_top20,TCGA-BA-A4IH,4,0.08976161479949951,3.3585574626922607,58
cancer_type_top20,TCGA-BA-A6DA,4,0.026673374697566032,5.541672706604004,909
cancer_type_top20,TCGA-BA-A6DL,4,0.10400830954313278,3.5161736011505127,116
cancer_type_top20,TCGA-BB-4217,4,0.153785839676857,3.125460624694824,42
cancer_type_top20,TCGA-BB-4228,4,0.13071975111961365,2.9760820865631104,58
cancer_type_top20,TCGA-BB-8601,4,0.1568625271320343,3.5502307415008545,84
cancer_type_top20,TCGA-BB-A5HU,4,0.10341387987136841,4.104803562164307,249
cancer_type_top20,TCGA-BB-A6UM,4,0.1676567941904068,3.5025293827056885,89
cancer_type_top20,TCGA-BC-A10W,4,0.07570919394493103,4.20947265625,150
cancer_type_top20,TCGA-BC-A10Y,4,0.06757362931966782,3.743309259414673,89
cancer_type_top20,TCGA-BC-A10Z,4,0.0684199333190918,4.539441108703613,251
cancer_type_top20,TCGA-BD-A2L6,4,0.12685920298099518,3.4549381732940674,105
cancer_type_top20,TCGA-BG-A0MS,4,0.3704747259616852,2.527792453765869,65
cancer_type_top20,TCGA-BG-A0RY,4,0.22926385700702667,2.9530067443847656,74
cancer_type_top20,TCGA-BG-A0VT,4,0.17517118155956268,2.845524787902832,47
cancer_type_top20,TCGA-BG-A0VV,4,0.16746638715267181,3.168484687805176,64
cancer_type_top20,TCGA-BG-A0W2,4,0.7278806567192078,1.4947810173034668,51
cancer_type_top20,TCGA-BG-A186,4,0.25869083404541016,2.435055732727051,47
cancer_type_top20,TCGA-BG-A2L7,4,0.024918517097830772,5.584235191345215,2394
cancer_type_top20,TCGA-BG-A3PP,4,0.07043977826833725,4.198000907897949,172
cancer_type_top20,TCGA-BH-A0BM,4,0.06651479750871658,3.4978675842285156,77
cancer_type_top20,TCGA-BH-A0BQ,4,0.11898130923509598,3.580965280532837,63
cancer_type_top20,TCGA-BH-A0BR,4,0.1221952736377716,3.2398459911346436,78
cancer_type_top20,TCGA-BH-A0BV,4,0.06646338850259781,3.7762606143951416,83
cancer_type_top20,TCGA-BH-A0C0,4,0.03055109828710556,4.749873161315918,244
cancer_type_top20,TCGA-BH-A0C1,4,0.14309203624725342,3.0582475662231445,54
cancer_type_top20,TCGA-BH-A0EE,4,0.23871302604675293,3.263998508453369,186
cancer_type_top20,TCGA-BH-A0GZ,4,0.5081961154937744,1.8777849674224854,47
cancer_type_top20,TCGA-BH-A0H3,4,0.11227164417505264,2.846601963043213,21
cancer_type_top20,TCGA-BH-A0WA,4,0.11299437284469604,4.079409122467041,123
cancer_type_top20,TCGA-BH-A1EN,4,0.10142730921506882,3.5437729358673096,90
cancer_type_top20,TCGA-BH-A1EV,4,0.08649951219558716,3.742542266845703,131
cancer_type_top20,TCGA-BH-A1EX,4,0.39203035831451416,2.4095208644866943,35
cancer_type_top20,TCGA-BH-A1F5,4,0.09727712720632553,3.1396963596343994,45
cancer_type_top20,TCGA-BH-A1F6,4,0.13059884309768677,2.98138427734375,58
cancer_type_top20,TCGA-BH-A201,4,0.15752583742141724,2.7244315147399902,28
cancer_type_top20,TCGA-BH-A203,4,0.23971223831176758,3.435950994491577,106
cancer_type_top20,TCGA-BH-A28Q,4,0.14089013636112213,2.7832069396972656,30
cancer_type_top20,TCGA-BH-A5J0,4,0.09522616118192673,3.6421701908111572,109
cancer_type_top20,TCGA-BI-A20A,4,0.22204504907131195,2.8959596157073975,75
cancer_type_top20,TCGA-BJ-A0Z0,4,0.4615190327167511,1.9589948654174805,36
cancer_type_top20,TCGA-BJ-A0Z9,4,0.45697444677352905,2.191176652908325,22
cancer_type_top20,TCGA-BJ-A0ZA,4,0.5184037089347839,1.6662143468856812,12
cancer_type_top20,TCGA-BJ-A0ZF,4,0.24545682966709137,2.652923822402954,28
cancer_type_top20,TCGA-BJ-A28R,4,0.3745923638343811,1.7151914834976196,24
cancer_type_top20,TCGA-BJ-A28Z,4,0.24442212283611298,2.53119158744812,32
cancer_type_top20,TCGA-BJ-A45F,4,0.10150296241044998,2.8815746307373047,24
cancer_type_top20,TCGA-BK-A0CA,4,0.2170543223619461,3.030230760574341,80
cancer_type_top20,TCGA-BK-A0CC,4,0.18668372929096222,3.2996015548706055,90
cancer_type_top20,TCGA-BK-A13C,4,0.07300908118486404,3.9991395473480225,120
cancer_type_top20,TCGA-BL-A13I,4,0.06305457651615143,4.448977947235107,270
cancer_type_top20,TCGA-BP-4161,4,0.5510391592979431,2.258002519607544,89
cancer_type_top20,TCGA-BP-4162,4,0.20035958290100098,3.0679519176483154,60
cancer_type_top20,TCGA-BP-4177,4,0.1740664690732956,2.3187644481658936,21
cancer_type_top20,TCGA-BP-4795,4,0.12998127937316895,2.91109037399292,31
cancer_type_top20,TCGA-BP-4968,4,0.150406152009964,3.070244789123535,54
cancer_type_top20,TCGA-BP-4973,4,0.1703554093837738,3.1218154430389404,37
cancer_type_top20,TCGA-BP-4985,4,0.16101443767547607,3.286447525024414,112
cancer_type_top20,TCGA-BP-4986,4,0.14112168550491333,3.154059886932373,53
cancer_type_top20,TCGA-BP-4989,4,0.24563638865947723,3.1581108570098877,85
cancer_type_top20,TCGA-BP-4993,4,0.11891991645097733,3.4923853874206543,82
cancer_type_top20,TCGA-BP-4994,4,0.14785464107990265,2.991267681121826,33
cancer_type_top20,TCGA-BP-5170,4,0.08587459474802017,3.3591995239257812,56
cancer_type_top20,TCGA-BP-5180,4,0.15975281596183777,3.043541669845581,49
cancer_type_top20,TCGA-BP-5183,4,0.30511942505836487,2.991546869277954,61
cancer_type_top20,TCGA-BP-5187,4,0.09357184171676636,3.637218713760376,85
cancer_type_top20,TCGA-BP-5190,4,0.37301141023635864,2.7478842735290527,54
cancer_type_top20,TCGA-BP-5196,4,0.23379720747470856,2.8692994117736816,68
cancer_type_top20,TCGA-BP-5199,4,0.14710934460163116,3.5913872718811035,96
cancer_type_top20,TCGA-BQ-5877,4,0.1630667746067047,3.56477427482605,93
cancer_type_top20,TCGA-BQ-5880,4,0.08218798041343689,3.6170654296875,61
cancer_type_top20,TCGA-BQ-5882,4,0.19497904181480408,3.3684709072113037,78
cancer_type_top20,TCGA-BQ-5888,4,0.11436346918344498,3.017674684524536,26
cancer_type_top20,TCGA-BQ-7044,4,0.045567020773887634,5.125992298126221,424
cancer_type_top20,TCGA-BQ-7061,4,0.1568913757801056,3.8761541843414307,129
cancer_type_top20,TCGA-BR-4255,4,0.13315409421920776,3.746110200881958,86
cancer_type_top20,TCGA-BR-4256,4,0.05735389515757561,5.086974143981934,1388
cancer_type_top20,TCGA-BR-4257,4,0.08079516142606735,5.025598526000977,1501
cancer_type_top20,TCGA-BR-4279,4,0.2853034436702728,2.8237555027008057,66
cancer_type_top20,TCGA-BR-4363,4,0.09996155649423599,4.55735445022583,806
cancer_type_top20,TCGA-BR-4369,4,0.07025146484375,4.186362266540527,236
cancer_type_top20,TCGA-BR-6455,4,0.1911422461271286,3.61181640625,119
cancer_type_top20,TCGA-BR-6457,4,0.02980056032538414,4.795234203338623,302
cancer_type_top20,TCGA-BR-6707,4,0.15368585288524628,3.500936269760132,94
cancer_type_top20,TCGA-BR-7196,4,0.15975119173526764,3.4990241527557373,89
cancer_type_top20,TCGA-BR-7197,4,0.02527107112109661,4.825741767883301,463
cancer_type_top20,TCGA-BR-7957,4,0.03271132707595825,4.4319562911987305,126
cancer_type_top20,TCGA-BR-8060,4,0.08799831569194794,4.316041946411133,289
cancer_type_top20,TCGA-BR-8080,4,0.07159486413002014,4.140957355499268,226
cancer_type_top20,TCGA-BR-8285,4,0.15167327225208282,3.4378225803375244,124
cancer_type_top20,TCGA-BR-8367,4,0.12687237560749054,3.349241256713867,80
cancer_type_top20,TCGA-BR-8679,4,0.07757312059402466,4.266131401062012,207
cancer_type_top20,TCGA-BR-8680,4,0.01745680719614029,7.355971336364746,5000
cancer_type_top20,TCGA-BR-A44U,4,0.21553514897823334,3.199491500854492,120
cancer_type_top20,TCGA-BR-A4IV,4,0.20978917181491852,2.604027271270752,42
cancer_type_top20,TCGA-BR-A4J2,4,0.21849438548088074,3.0108346939086914,71
cancer_type_top20,TCGA-BR-A4J5,4,0.0729433223605156,3.907311201095581,119
cancer_type_top20,TCGA-BR-A4J8,4,0.31328487396240234,3.128467082977295,118
cancer_type_top20,TCGA-BR-A4QL,4,0.051361486315727234,5.6918416023254395,2510
cancer_type_top20,TCGA-BS-A0TA,4,0.07982384413480759,5.12061071395874,685
cancer_type_top20,TCGA-BS-A0TI,4,0.056279852986335754,4.095231056213379,116
cancer_type_top20,TCGA-BS-A0TJ,4,0.07829833775758743,4.628878593444824,1077
cancer_type_top20,TCGA-BS-A0UJ,4,0.027851330116391182,6.7066192626953125,2455
cancer_type_top20,TCGA-BS-A0UM,4,0.07498480379581451,4.422588348388672,691
cancer_type_top20,TCGA-BT-A20O,4,0.14200688898563385,4.181816101074219,242
cancer_type_top20,TCGA-BT-A20U,4,0.14148229360580444,3.4525487422943115,121
cancer_type_top20,TCGA-BT-A20V,4,0.08522526174783707,3.8449344635009766,141
cancer_type_top20,TCGA-BT-A20W,4,0.16170687973499298,3.4991562366485596,112
cancer_type_top20,TCGA-BT-A3PH,4,0.057179130613803864,4.827146530151367,602
cancer_type_top20,TCGA-BT-A3PJ,4,0.07269728928804398,4.876548767089844,693
cancer_type_top20,TCGA-BT-A3PK,4,0.06912266463041306,4.734190464019775,488
cancer_type_top20,TCGA-C4-A0F0,4,0.05480730161070824,4.108489990234375,140
cancer_type_top20,TCGA-C5-A1BF,4,0.19313062727451324,3.438837766647339,100
cancer_type_top20,TCGA-C5-A1BM,4,0.13423286378383636,3.6320078372955322,180
cancer_type_top20,TCGA-C5-A1M6,4,0.18104363977909088,3.5326333045959473,200
cancer_type_top20,TCGA-C5-A1M8,4,0.09136096388101578,3.5445806980133057,88
cancer_type_top20,TCGA-C5-A1ME,4,0.1021699532866478,3.35810923576355,91
cancer_type_top20,TCGA-C5-A1MN,4,0.12220335006713867,3.9611330032348633,197
cancer_type_top20,TCGA-C5-A1MQ,4,0.15552014112472534,3.061349630355835,62
cancer_type_top20,TCGA-C5-A7CG,4,0.08505100756883621,3.8739969730377197,81
cancer_type_top20,TCGA-C5-A7CL,4,0.18210087716579437,3.783597707748413,187
cancer_type_top20,TCGA-C5-A7CM,4,0.168146014213562,2.6534063816070557,32
cancer_type_top20,TCGA-C5-A7UE,4,0.06320817023515701,4.322340965270996,247
cancer_type_top20,TCGA-C5-A7X3,4,0.06983184814453125,3.6581079959869385,106
cancer_type_top20,TCGA-C5-A7XC,4,0.13115011155605316,3.6809945106506348,123
cancer_type_top20,TCGA-C5-A901,4,0.06682844460010529,3.8803348541259766,172
cancer_type_top20,TCGA-C8-A12K,4,0.12211507558822632,4.032831192016602,184
cancer_type_top20,TCGA-C8-A12L,4,0.10515925288200378,3.8282761573791504,102
cancer_type_top20,TCGA-C8-A12P,4,0.09156337380409241,3.8964290618896484,210
cancer_type_top20,TCGA-C8-A12Q,4,0.11633428931236267,3.7428317070007324,146
cancer_type_top20,TCGA-C8-A12T,4,0.06837573647499084,4.114831447601318,214
cancer_type_top20,TCGA-C8-A12V,4,0.17304353415966034,3.2016477584838867,55
cancer_type_top20,TCGA-C8-A12W,4,0.18132685124874115,3.282578468322754,83
cancer_type_top20,TCGA-C8-A132,4,0.11868084967136383,3.6510398387908936,88
cancer_type_top20,TCGA-C8-A133,4,0.06257198750972748,3.4342806339263916,36
cancer_type_top20,TCGA-C8-A1HK,4,0.17343416810035706,3.2221426963806152,76
cancer_type_top20,TCGA-C8-A1HL,4,0.13556073606014252,3.0431694984436035,38
cancer_type_top20,TCGA-C8-A26W,4,0.12900656461715698,3.2632601261138916,73
cancer_type_top20,TCGA-C8-A26Z,4,0.09470463544130325,3.368842124938965,62
cancer_type_top20,TCGA-C8-A274,4,0.09003937244415283,4.305379867553711,297
cancer_type_top20,TCGA-C8-A3M7,4,0.0487317331135273,4.162285804748535,229
cancer_type_top20,TCGA-C8-A8HP,4,0.03860458731651306,4.375298500061035,276
cancer_type_top20,TCGA-CA-5255,4,0.05731824412941933,3.9249625205993652,80
cancer_type_top20,TCGA-CA-6718,4,0.012115157209336758,7.226743698120117,4523
cancer_type_top20,TCGA-CA-6719,4,0.11236192286014557,4.136444091796875,167
cancer_type_top20,TCGA-CC-5259,4,0.06507107615470886,4.611198425292969,204
cancer_type_top20,TCGA-CC-5260,4,0.2833337187767029,2.9471945762634277,87
cancer_type_top20,TCGA-CC-5263,4,0.09358356893062592,4.015626907348633,171
cancer_type_top20,TCGA-CC-A1HT,4,0.07007279992103577,4.028859615325928,131
cancer_type_top20,TCGA-CC-A5UC,4,0.340165376663208,2.996028423309326,79
cancer_type_top20,TCGA-CC-A7IE,4,0.16906039416790009,4.211576461791992,254
cancer_type_top20,TCGA-CC-A7IL,4,0.08116176724433899,4.154654502868652,161
cancer_type_top20,TCGA-CC-A8HS,4,0.20288820564746857,3.246577262878418,72
cancer_type_top20,TCGA-CC-A8HU,4,0.1500450223684311,3.517779588699341,139
cancer_type_top20,TCGA-CD-5798,4,0.20339125394821167,3.5507864952087402,124
cancer_type_top20,TCGA-CD-8524,4,0.13382922112941742,3.7634992599487305,200
cancer_type_top20,TCGA-CD-8533,4,0.2307087481021881,3.5958242416381836,164
cancer_type_top20,TCGA-CD-A4MH,4,0.09349583089351654,3.8078365325927734,106
cancer_type_top20,TCGA-CE-A482,4,0.2921147048473358,1.9004273414611816,10
cancer_type_top20,TCGA-CF-A1HR,4,0.03994031623005867,4.665279865264893,387
cancer_type_top20,TCGA-CF-A3MG,4,0.06058831140398979,4.181369781494141,192
cancer_type_top20,TCGA-CF-A47V,4,0.06990352272987366,3.6996092796325684,107
cancer_type_top20,TCGA-CF-A47W,4,0.12883725762367249,2.962095260620117,41
cancer_type_top20,TCGA-CG-4301,4,0.12775497138500214,3.333859443664551,72
cancer_type_top20,TCGA-CG-4304,4,0.08277779817581177,3.728134870529175,99
cancer_type_top20,TCGA-CG-4437,4,0.07317250221967697,5.104526996612549,688
cancer_type_top20,TCGA-CG-4442,4,0.05365812033414841,5.298818111419678,2058
cancer_type_top20,TCGA-CG-4443,4,0.0783664658665657,3.944882869720459,126
cancer_type_top20,TCGA-CG-4460,4,0.04960566759109497,5.7823286056518555,2605
cancer_type_top20,TCGA-CG-4465,4,0.09599793702363968,4.590065956115723,861
cancer_type_top20,TCGA-CG-5722,4,0.13389576971530914,3.331501007080078,110
cancer_type_top20,TCGA-CG-5724,4,0.10203578323125839,3.9283268451690674,151
cancer_type_top20,TCGA-CG-5725,4,0.24400973320007324,3.679823160171509,121
cancer_type_top20,TCGA-CG-5732,4,0.2918376922607422,3.3204703330993652,83
cancer_type_top20,TCGA-CG-5733,4,0.08027398586273193,4.852119445800781,1546
cancer_type_top20,TCGA-CH-5741,4,0.0959073156118393,3.286769390106201,35
cancer_type_top20,TCGA-CH-5746,4,0.2549665868282318,2.0482048988342285,14
cancer_type_top20,TCGA-CH-5767,4,0.1458095908164978,3.0822150707244873,47
cancer_type_top20,TCGA-CH-5789,4,0.33118632435798645,1.9001309871673584,9
cancer_type_top20,TCGA-CJ-4640,4,0.13968737423419952,3.311088800430298,78
cancer_type_top20,TCGA-CJ-4644,4,0.11986397206783295,3.5748980045318604,86
cancer_type_top20,TCGA-CJ-4869,4,0.22753936052322388,3.393289566040039,91
cancer_type_top20,TCGA-CJ-4899,4,0.09915671497583389,3.488863945007324,51
cancer_type_top20,TCGA-CJ-4901,4,0.11932402849197388,3.413377523422241,69
cancer_type_top20,TCGA-CJ-4902,4,0.1370527744293213,3.4779648780822754,88
cancer_type_top20,TCGA-CJ-4908,4,0.19876663386821747,3.012615919113159,42
cancer_type_top20,TCGA-CJ-4923,4,0.16806261241436005,2.982895612716675,72
cancer_type_top20,TCGA-CJ-5676,4,0.11123314499855042,3.7206125259399414,87
cancer_type_top20,TCGA-CJ-5677,4,0.12400492280721664,3.66813588142395,99
cancer_type_top20,TCGA-CJ-5681,4,0.3062158226966858,2.6798911094665527,34
cancer_type_top20,TCGA-CJ-5683,4,0.31158775091171265,2.995918035507202,85
cancer_type_top20,TCGA-CK-4947,4,0.29157552123069763,2.766180992126465,139
cancer_type_top20,TCGA-CK-4948,4,0.4867219626903534,2.6203184127807617,148
cancer_type_top20,TCGA-CK-5915,4,0.31471025943756104,3.397970199584961,140
cancer_type_top20,TCGA-CK-5916,4,0.04656670615077019,5.557411193847656,2226
cancer_type_top20,TCGA-CK-6751,4,0.41126349568367004,3.420637607574463,240
cancer_type_top20,TCGA-CM-4751,4,0.15206506848335266,4.042051792144775,133
cancer_type_top20,TCGA-CM-5341,4,0.20553058385849,3.9029977321624756,217
cancer_type_top20,TCGA-CM-5863,4,0.5233361721038818,2.3178138732910156,95
cancer_type_top20,TCGA-CM-6164,4,0.18051064014434814,3.943366527557373,104
cancer_type_top20,TCGA-CM-6165,4,0.4105418026447296,3.2175326347351074,164
cancer_type_top20,TCGA-CM-6678,4,0.2933266758918762,3.072695732116699,191
cancer_type_top20,TCGA-CM-6679,4,0.11846496909856796,3.746504783630371,112
cancer_type_top20,TCGA-CN-4727,4,0.058372337371110916,5.025995254516602,548
cancer_type_top20,TCGA-CN-4738,4,0.16868871450424194,3.3041937351226807,130
cancer_type_top20,TCGA-CN-6013,4,0.050189029425382614,4.294756889343262,243
cancer_type_top20,TCGA-CN-6016,4,0.06617967784404755,4.010106086730957,155
cancer_type_top20,TCGA-CN-6017,4,0.3966400623321533,1.2473067045211792,4
cancer_type_top20,TCGA-CN-6018,4,0.10778658837080002,3.72530460357666,141
cancer_type_top20,TCGA-CN-6019,4,0.07016813009977341,4.215231895446777,168
cancer_type_top20,TCGA-CN-6021,4,0.11067573726177216,4.665922164916992,372
cancer_type_top20,TCGA-CN-6992,4,0.04891574755311012,4.805325031280518,478
cancer_type_top20,TCGA-CN-6998,4,0.09656229615211487,3.6320865154266357,117
cancer_type_top20,TCGA-CN-A63V,4,0.151057168841362,3.644136428833008,103
cancer_type_top20,TCGA-CN-A63W,4,0.03808198124170303,4.970821380615234,518
cancer_type_top20,TCGA-CN-A6UY,4,0.2182728350162506,3.196941614151001,51
cancer_type_top20,TCGA-CQ-6222,4,0.10556023567914963,3.3814308643341064,82
cancer_type_top20,TCGA-CQ-6229,4,0.0871044397354126,3.1558732986450195,40
cancer_type_top20,TCGA-CQ-7064,4,0.10231208801269531,3.7017970085144043,139
cancer_type_top20,TCGA-CQ-7071,4,0.03488099202513695,4.9891510009765625,575
cancer_type_top20,TCGA-CQ-A4CD,4,0.08205810189247131,3.9678664207458496,194
cancer_type_top20,TCGA-CQ-A4CI,4,0.11713116616010666,3.861848831176758,131
cancer_type_top20,TCGA-CR-5247,4,0.1488105207681656,3.050485849380493,98
cancer_type_top20,TCGA-CR-5248,4,0.08133099973201752,4.568854331970215,472
cancer_type_top20,TCGA-CR-5249,4,0.113726407289505,3.3832602500915527,45
cancer_type_top20,TCGA-CR-6470,4,0.11697471886873245,3.2145400047302246,46
cancer_type_top20,TCGA-CR-6474,4,0.13304191827774048,3.776093006134033,131
cancer_type_top20,TCGA-CR-6480,4,0.11661749333143234,3.540271282196045,140
cancer_type_top20,TCGA-CR-7373,4,0.22268474102020264,3.4882607460021973,156
cancer_type_top20,TCGA-CR-7383,4,0.09753864258527756,4.072454452514648,159
cancer_type_top20,TCGA-CR-7388,4,0.053657416254282,5.295755386352539,1000
cancer_type_top20,TCGA-CR-7399,4,0.10000964999198914,4.160961627960205,413
cancer_type_top20,TCGA-CS-4944,4,0.6259692311286926,1.7032297849655151,24
cancer_type_top20,TCGA-CS-5395,4,0.2158735692501068,2.9380717277526855,57
cancer_type_top20,TCGA-CS-6290,4,0.43177881836891174,2.367295742034912,26
cancer_type_top20,TCGA-CS-6670,4,0.5453661680221558,2.1935412883758545,48
cancer_type_top20,TCGA-CU-A0YR,4,0.04745083302259445,4.989413261413574,413
cancer_type_top20,TCGA-CU-A3KJ,4,0.052751149982213974,4.411787033081055,307
cancer_type_top20,TCGA-CU-A3YL,4,0.0628221333026886,4.257247447967529,295
cancer_type_top20,TCGA-CU-A5W6,4,0.08776013553142548,4.354456901550293,298
cancer_type_top20,TCGA-CU-A72E,4,0.13899728655815125,3.6278796195983887,138
cancer_type_top20,TCGA-CV-5966,4,0.08317653834819794,4.437069892883301,295
cancer_type_top20,TCGA-CV-5977,4,0.15259194374084473,3.598820209503174,114
cancer_type_top20,TCGA-CV-6935,4,0.04281395673751831,4.9919891357421875,561
cancer_type_top20,TCGA-CV-6937,4,0.1257242113351822,4.022979736328125,210
cancer_type_top20,TCGA-CV-6948,4,0.08650930970907211,4.0246076583862305,263
cancer_type_top20,TCGA-CV-6950,4,0.22910472750663757,3.2113397121429443,87
cancer_type_top20,TCGA-CV-6953,4,0.06598833203315735,4.6946306228637695,402
cancer_type_top20,TCGA-CV-6960,4,0.04119793325662613,5.012921333312988,460
cancer_type_top20,TCGA-CV-7178,4,0.08902862668037415,4.362796783447266,320
cancer_type_top20,TCGA-CV-7242,4,0.0270882248878479,5.374353408813477,800
cancer_type_top20,TCGA-CV-7252,4,0.055801987648010254,4.805461883544922,691
cancer_type_top20,TCGA-CV-7406,4,0.03840496763586998,4.592281818389893,512
cancer_type_top20,TCGA-CV-7414,4,0.1485307216644287,4.1954145431518555,340
cancer_type_top20,TCGA-CV-7421,4,0.13450805842876434,3.864285945892334,249
cancer_type_top20,TCGA-CV-7424,4,0.047306809574365616,4.795729160308838,479
cancer_type_top20,TCGA-CV-7425,4,0.06486289203166962,4.452722072601318,228
cancer_type_top20,TCGA-CV-7434,4,0.05570537969470024,4.528351306915283,254
cancer_type_top20,TCGA-CV-7438,4,0.21811652183532715,3.507138252258301,189
cancer_type_top20,TCGA-CV-A45U,4,0.06525135785341263,4.078661918640137,278
cancer_type_top20,TCGA-CV-A45Z,4,0.039071228355169296,5.475552558898926,900
cancer_type_top20,TCGA-CV-A461,4,0.03455345332622528,5.356166839599609,777
cancer_type_top20,TCGA-CV-A6JT,4,0.1513424962759018,3.21744441986084,65
cancer_type_top20,TCGA-CV-A6JU,4,0.05920354276895523,4.28634786605835,175
cancer_type_top20,TCGA-CV-A6JY,4,0.12130119651556015,3.7638144493103027,113
cancer_type_top20,TCGA-CW-5591,4,0.14167653024196625,3.361915349960327,49
cancer_type_top20,TCGA-CX-7086,4,0.15380243957042694,4.131629943847656,305
cancer_type_top20,TCGA-CZ-4865,4,0.0863237977027893,4.174402713775635,111
cancer_type_top20,TCGA-CZ-5453,4,0.1583334356546402,3.6250386238098145,107
cancer_type_top20,TCGA-CZ-5456,4,0.20159481465816498,3.0604259967803955,92
cancer_type_top20,TCGA-CZ-5457,4,0.22672955691814423,3.411440849304199,93
cancer_type_top20,TCGA-CZ-5461,4,0.13826291263103485,3.517277240753174,86
cancer_type_top20,TCGA-CZ-5982,4,0.17681072652339935,2.7998414039611816,62
cancer_type_top20,TCGA-D1-A0ZR,4,0.4095821976661682,2.2018308639526367,76
cancer_type_top20,TCGA-D1-A0ZS,4,0.14330145716667175,4.165570259094238,618
cancer_type_top20,TCGA-D1-A0ZV,4,0.325302392244339,2.999784469604492,56
cancer_type_top20,TCGA-D1-A0ZZ,4,0.1721077561378479,3.50107741355896,88
cancer_type_top20,TCGA-D1-A101,4,0.24653546512126923,4.071236610412598,684
cancer_type_top20,TCGA-D1-A15W,4,0.27641135454177856,2.859173536300659,96
cancer_type_top20,TCGA-D1-A16E,4,0.1909695863723755,3.0882787704467773,81
cancer_type_top20,TCGA-D1-A16X,4,0.015878546983003616,6.867332458496094,3845
cancer_type_top20,TCGA-D1-A176,4,0.10201065987348557,4.5618791580200195,650
cancer_type_top20,TCGA-D1-A177,4,0.0555262453854084,5.251285076141357,1199
cancer_type_top20,TCGA-D1-A17C,4,0.43419522047042847,2.775824785232544,74
cancer_type_top20,TCGA-D1-A17H,4,0.09327001869678497,4.97354793548584,1019
cancer_type_top20,TCGA-D1-A17S,4,0.23546938598155975,3.3209660053253174,62
cancer_type_top20,TCGA-D1-A1NS,4,0.09312015771865845,4.518858909606934,554
cancer_type_top20,TCGA-D1-A1NU,4,0.09922608733177185,3.7344040870666504,113
cancer_type_top20,TCGA-D1-A1NX,4,0.14974093437194824,3.3845114707946777,54
cancer_type_top20,TCGA-D1-A1O0,4,0.09642276912927628,3.5956246852874756,97
cancer_type_top20,TCGA-D1-A1O7,4,0.1458010971546173,4.2400312423706055,628
cancer_type_top20,TCGA-D1-A2G5,4,0.12159783393144608,4.108174800872803,387
cancer_type_top20,TCGA-D1-A2G7,4,0.1382552981376648,3.3896212577819824,82
cancer_type_top20,TCGA-D1-A3DG,4,0.1173725426197052,3.998727560043335,187
cancer_type_top20,TCGA-D3-A1Q5,4,0.1342633217573166,4.986580848693848,502
cancer_type_top20,TCGA-D3-A1Q8,4,0.03481074422597885,4.960292816162109,331
cancer_type_top20,TCGA-D3-A2J6,4,0.01256967056542635,6.810178756713867,2142
cancer_type_top20,TCGA-D3-A2JB,4,0.018563944846391678,6.217669486999512,1330
cancer_type_top20,TCGA-D3-A2JL,4,0.019244499504566193,6.5080647468566895,1879
cancer_type_top20,TCGA-D3-A2JP,4,0.008415513671934605,7.638606548309326,5000
cancer_type_top20,TCGA-D3-A3BZ,4,0.11455628275871277,3.5609989166259766,84
cancer_type_top20,TCGA-D3-A3C3,4,0.16056348383426666,4.406759262084961,347
cancer_type_top20,TCGA-D3-A3C7,4,0.03517623245716095,6.409703254699707,2273
cancer_type_top20,TCGA-D3-A8GC,4,0.0630459114909172,5.608201026916504,1178
cancer_type_top20,TCGA-D3-A8GO,4,0.09088481962680817,4.983417510986328,816
cancer_type_top20,TCGA-D3-A8GQ,4,0.02712566778063774,6.150664806365967,2000
cancer_type_top20,TCGA-D5-5541,4,0.4871981739997864,2.477290391921997,95
cancer_type_top20,TCGA-D5-6529,4,0.1218629702925682,3.921097755432129,156
cancer_type_top20,TCGA-D5-6537,4,0.28573742508888245,3.626138687133789,149
cancer_type_top20,TCGA-D5-6539,4,0.17299538850784302,3.558976650238037,132
cancer_type_top20,TCGA-D5-6540,4,0.17289595305919647,5.426533222198486,1881
cancer_type_top20,TCGA-D5-6927,4,0.10507694631814957,4.329338073730469,1013
cancer_type_top20,TCGA-D5-6928,4,0.1842023730278015,5.1882452964782715,2431
cancer_type_top20,TCGA-D5-6929,4,0.18463853001594543,3.7893409729003906,175
cancer_type_top20,TCGA-D6-6516,4,0.009939289651811123,6.7350969314575195,2618
cancer_type_top20,TCGA-D6-6823,4,0.07169178128242493,4.275792598724365,207
cancer_type_top20,TCGA-D6-6825,4,0.1594727635383606,3.389814615249634,101
cancer_type_top20,TCGA-D6-6827,4,0.19857445359230042,2.7369890213012695,21
cancer_type_top20,TCGA-D6-A6EO,4,0.11098276823759079,3.6017768383026123,111
cancer_type_top20,TCGA-D6-A6EP,4,0.19702984392642975,3.7842986583709717,160
cancer_type_top20,TCGA-D7-6527,4,0.07066434621810913,4.117287635803223,277
cancer_type_top20,TCGA-D7-6822,4,0.04013539105653763,4.586935043334961,320
cancer_type_top20,TCGA-D7-8578,4,0.12182305753231049,3.5036511421203613,69
cancer_type_top20,TCGA-D7-8579,4,0.09300863742828369,3.9156429767608643,145
cancer_type_top20,TCGA-D7-A4YT,4,0.05940869078040123,4.865633964538574,387
cancer_type_top20,TCGA-D7-A4YY,4,0.08937782049179077,5.0554304122924805,680
cancer_type_top20,TCGA-D7-A4Z0,4,0.024663591757416725,4.84516716003418,374
cancer_type_top20,TCGA-D7-A6EV,4,0.0545869842171669,4.177680015563965,216
cancer_type_top20,TCGA-D7-A74B,4,0.323803573846817,2.4789087772369385,46
cancer_type_top20,TCGA-D8-A13Y,4,0.25158196687698364,3.015087842941284,92
cancer_type_top20,TCGA-D8-A145,4,0.1525089591741562,3.3427743911743164,54
cancer_type_top20,TCGA-D8-A1JG,4,0.08067278563976288,3.994168758392334,185
cancer_type_top20,TCGA-D8-A1JN,4,0.0742056593298912,3.9123849868774414,213
cancer_type_top20,TCGA-D8-A1JS,4,0.12695527076721191,3.092258930206299,33
cancer_type_top20,TCGA-D8-A1X6,4,0.08721264451742172,3.42648983001709,49
cancer_type_top20,TCGA-D8-A1XB,4,0.16122345626354218,2.9509615898132324,54
cancer_type_top20,TCGA-D8-A1XO,4,0.19951681792736053,2.9214093685150146,31
cancer_type_top20,TCGA-D8-A1XS,4,0.19014833867549896,2.980684518814087,32
cancer_type_top20,TCGA-D8-A73W,4,0.09102167189121246,3.4713969230651855,58
cancer_type_top20,TCGA-D9-A1X3,4,0.019670119509100914,5.579569339752197,634
cancer_type_top20,TCGA-D9-A3Z1,4,0.06990110874176025,5.0428972244262695,692
cancer_type_top20,TCGA-D9-A3Z4,4,0.06654138118028641,4.304226875305176,211
cancer_type_top20,TCGA-D9-A4Z2,4,0.27712857723236084,2.4069509506225586,31
cancer_type_top20,TCGA-D9-A4Z5,4,0.14523372054100037,3.448268175125122,91
cancer_type_top20,TCGA-DA-A1I4,4,0.13306386768817902,4.709818363189697,371
cancer_type_top20,TCGA-DA-A1I5,4,0.07743355631828308,5.546006202697754,1005
cancer_type_top20,TCGA-DA-A1IB,4,0.017590999603271484,7.10581111907959,3082
cancer_type_top20,TCGA-DA-A1IC,4,0.05174968019127846,5.785216331481934,1389
cancer_type_top20,TCGA-DA-A95X,4,0.047902148216962814,5.2737717628479,688
cancer_type_top20,TCGA-DB-5275,4,0.37082841992378235,2.5229885578155518,48
cancer_type_top20,TCGA-DB-5279,4,0.5210071802139282,2.4381940364837646,65
cancer_type_top20,TCGA-DB-5280,4,0.4435763359069824,2.332827568054199,31
cancer_type_top20,TCGA-DB-A4XA,4,0.802859902381897,1.0038105249404907,20
cancer_type_top20,TCGA-DB-A4XC,4,0.6244107484817505,1.349539875984192,22
cancer_type_top20,TCGA-DB-A4XD,4,0.3158348500728607,2.534616470336914,40
cancer_type_top20,TCGA-DB-A4XE,4,0.4442926347255707,2.1015775203704834,33
cancer_type_top20,TCGA-DB-A75M,4,0.3388617932796478,2.3882334232330322,30
cancer_type_top20,TCGA-DB-A75O,4,0.5217587947845459,1.856931447982788,19
cancer_type_top20,TCGA-DB-A75P,4,0.7383518815040588,0.9563624858856201,6
cancer_type_top20,TCGA-DD-A115,4,0.037331290543079376,4.595859527587891,246
cancer_type_top20,TCGA-DD-A11A,4,0.09282553195953369,4.0480475425720215,180
cancer_type_top20,TCGA-DD-A11C,4,0.14236792922019958,3.7974724769592285,132
cancer_type_top20,TCGA-DD-A1EI,4,0.11511160433292389,3.7054293155670166,79
cancer_type_top20,TCGA-DD-A1EK,4,0.30060112476348877,3.1198744773864746,94
cancer_type_top20,TCGA-DD-A1EL,4,0.11505188792943954,3.754775047302246,143
cancer_type_top20,TCGA-DD-A39V,4,0.09758037328720093,3.695714235305786,98
cancer_type_top20,TCGA-DD-A39X,4,0.30559659004211426,2.9252419471740723,88
cancer_type_top20,TCGA-DD-A4ND,4,0.06672009825706482,3.81284761428833,76
cancer_type_top20,TCGA-DD-A4NI,4,0.026563797146081924,5.030952453613281,447
cancer_type_top20,TCGA-DD-A4NK,4,0.06725740432739258,4.586831092834473,250
cancer_type_top20,TCGA-DD-A4NP,4,0.07841287553310394,3.7593040466308594,72
cancer_type_top20,TCGA-DD-A4NV,4,0.02255025878548622,5.320817947387695,383
cancer_type_top20,TCGA-DD-AACE,4,0.11607826501131058,3.556499481201172,124
cancer_type_top20,TCGA-DD-AACI,4,0.095621258020401,5.100459575653076,546
cancer_type_top20,TCGA-DD-AACL,4,0.020005181431770325,5.5616655349731445,427
cancer_type_top20,TCGA-DD-AACX,4,0.05199607461690903,4.515814781188965,173
cancer_type_top20,TCGA-DD-AACY,4,0.2885214686393738,2.938737392425537,125
cancer_type_top20,TCGA-DD-AAD6,4,0.08295732736587524,4.298260688781738,155
cancer_type_top20,TCGA-DD-AADG,4,0.030783187597990036,4.707424163818359,249
cancer_type_top20,TCGA-DD-AADK,4,0.14118988811969757,3.548755407333374,87
cancer_type_top20,TCGA-DD-AADN,4,0.08103878051042557,4.12535285949707,155
cancer_type_top20,TCGA-DD-AAE7,4,0.05471643805503845,4.953486919403076,385
cancer_type_top20,TCGA-DD-AAE8,4,0.1266499161720276,3.670778512954712,99
cancer_type_top20,TCGA-DD-AAE9,4,0.08494884520769119,4.389357566833496,167
cancer_type_top20,TCGA-DD-AAEA,4,0.08021027594804764,4.516654014587402,260
cancer_type_top20,TCGA-DD-AAEI,4,0.0657849907875061,4.332090377807617,162
cancer_type_top20,TCGA-DE-A0Y3,4,0.5507294535636902,1.4638721942901611,19
cancer_type_top20,TCGA-DE-A4MA,4,0.7371045351028442,1.050491452217102,11
cancer_type_top20,TCGA-DH-5144,4,0.5437731146812439,2.2449026107788086,55
cancer_type_top20,TCGA-DH-A66B,4,0.41988399624824524,2.680814743041992,61
cancer_type_top20,TCGA-DH-A66F,4,0.6479375958442688,1.5918155908584595,23
cancer_type_top20,TCGA-DH-A66G,4,0.37141311168670654,2.7064638137817383,45
cancer_type_top20,TCGA-DH-A7UU,4,0.21083174645900726,2.9682319164276123,62
cancer_type_top20,TCGA-DH-A7UV,4,0.2991239130496979,2.7489521503448486,44
cancer_type_top20,TCGA-DJ-A13L,4,0.5784046053886414,1.874434232711792,44
cancer_type_top20,TCGA-DJ-A13W,4,0.26291191577911377,2.0611953735351562,15
cancer_type_top20,TCGA-DJ-A1QF,4,0.5013421177864075,1.9188748598098755,17
cancer_type_top20,TCGA-DJ-A1QH,4,0.3955206871032715,2.3575100898742676,26
cancer_type_top20,TCGA-DJ-A1QM,4,0.7396062612533569,1.0902256965637207,15
cancer_type_top20,TCGA-DJ-A2PV,4,0.62197345495224,1.4197807312011719,11
cancer_type_top20,TCGA-DJ-A2PW,4,0.518959105014801,2.0570664405822754,25
cancer_type_top20,TCGA-DJ-A2PX,4,0.10356510430574417,4.024703502655029,121
cancer_type_top20,TCGA-DJ-A2Q3,4,0.34886401891708374,2.0985372066497803,22
cancer_type_top20,TCGA-DJ-A2Q4,4,0.465304434299469,1.9979703426361084,19
cancer_type_top20,TCGA-DJ-A2Q8,4,0.29365241527557373,1.9589993953704834,10
cancer_type_top20,TCGA-DJ-A2QA,4,0.5862593054771423,1.6623084545135498,17
cancer_type_top20,TCGA-DJ-A3UN,4,0.33618131279945374,2.2267746925354004,19
cancer_type_top20,TCGA-DJ-A3UQ,4,0.6351567506790161,1.4256869554519653,11
cancer_type_top20,TCGA-DJ-A3UR,4,0.6209107041358948,1.2688333988189697,9
cancer_type_top20,TCGA-DJ-A3UT,4,0.17226241528987885,2.2340643405914307,13
cancer_type_top20,TCGA-DJ-A3V0,4,0.3368978798389435,2.4696881771087646,25
cancer_type_top20,TCGA-DJ-A3V2,4,0.7493679523468018,0.8847874402999878,5
cancer_type_top20,TCGA-DJ-A3V4,4,0.47701960802078247,1.9882783889770508,16
cancer_type_top20,TCGA-DJ-A3V5,4,0.5594793558120728,1.833248257637024,22
cancer_type_top20,TCGA-DJ-A3V7,4,0.48899880051612854,2.071106195449829,35
cancer_type_top20,TCGA-DJ-A3V8,4,0.5461971163749695,1.7245160341262817,13
cancer_type_top20,TCGA-DJ-A3V9,4,0.8164530992507935,0.7034420967102051,6
cancer_type_top20,TCGA-DJ-A3VG,4,0.2022194266319275,2.5634777545928955,20
cancer_type_top20,TCGA-DJ-A4UL,4,0.5341431498527527,1.6426283121109009,10
cancer_type_top20,TCGA-DJ-A4V4,4,0.47900524735450745,1.8093597888946533,28
cancer_type_top20,TCGA-DK-A3IM,4,0.1996055543422699,3.5451345443725586,113
cancer_type_top20,TCGA-DK-A3IV,4,0.07656290382146835,3.619115114212036,107
cancer_type_top20,TCGA-DK-A3WW,4,0.02657361328601837,6.0279998779296875,1637
cancer_type_top20,TCGA-DK-A3WX,4,0.19182659685611725,3.097261905670166,56
cancer_type_top20,TCGA-DK-A6AW,4,0.014668943360447884,7.220552444458008,5000
cancer_type_top20,TCGA-DK-A6B2,4,0.04412379115819931,4.360621452331543,271
cancer_type_top20,TCGA-DK-A6B6,4,0.024465156719088554,5.549344062805176,1365
cancer_type_top20,TCGA-DK-AA6M,4,0.14850430190563202,3.4841954708099365,94
cancer_type_top20,TCGA-DK-AA6P,4,0.16765210032463074,3.6524713039398193,258
cancer_type_top20,TCGA-DK-AA6X,4,0.0741586908698082,3.9241514205932617,149
cancer_type_top20,TCGA-DM-A1D8,4,0.21048736572265625,3.6947340965270996,234
cancer_type_top20,TCGA-DM-A1HB,4,0.15267546474933624,5.05637788772583,1805
cancer_type_top20,TCGA-DM-A28A,4,0.3039431869983673,3.052436351776123,202
cancer_type_top20,TCGA-DQ-5630,4,0.12985126674175262,3.6360628604888916,91
cancer_type_top20,TCGA-DQ-7593,4,0.12837639451026917,2.9813573360443115,35
cancer_type_top20,TCGA-DQ-7596,4,0.24727720022201538,2.708552837371826,39
cancer_type_top20,TCGA-DU-5847,4,0.37412500381469727,2.6191437244415283,51
cancer_type_top20,TCGA-DU-5852,4,0.31333744525909424,3.1404051780700684,96
cancer_type_top20,TCGA-DU-5874,4,0.6017721891403198,2.0654783248901367,60
cancer_type_top20,TCGA-DU-6410,4,0.2633168399333954,3.08613920211792,54
cancer_type_top20,TCGA-DU-6542,4,0.45203229784965515,2.095496654510498,32
cancer_type_top20,TCGA-DU-7007,4,0.42702731490135193,2.4323410987854004,51
cancer_type_top20,TCGA-DU-7012,4,0.3511812686920166,2.5846469402313232,78
cancer_type_top20,TCGA-DU-7290,4,0.3061324656009674,2.875957489013672,42
cancer_type_top20,TCGA-DU-7292,4,0.5163710713386536,2.409494161605835,63
cancer_type_top20,TCGA-DU-7302,4,0.43456581234931946,2.6964824199676514,56
cancer_type_top20,TCGA-DU-8162,4,0.2969672679901123,2.534468173980713,35
cancer_type_top20,TCGA-DU-8168,4,0.3438536524772644,2.8711962699890137,84
cancer_type_top20,TCGA-DU-A6S8,4,0.3107466995716095,2.798321485519409,68
cancer_type_top20,TCGA-DU-A7T6,4,0.24093127250671387,3.4193484783172607,143
cancer_type_top20,TCGA-DU-A7TA,4,0.1067865788936615,3.151108741760254,47
cancer_type_top20,TCGA-DU-A7TC,4,0.5452894568443298,2.0132877826690674,37
cancer_type_top20,TCGA-DU-A7TG,4,0.7768902778625488,1.0627057552337646,14
cancer_type_top20,TCGA-DU-A7TJ,4,0.1400928646326065,3.0444118976593018,59
cancer_type_top20,TCGA-DW-5560,4,0.124311164021492,3.1743931770324707,42
cancer_type_top20,TCGA-DW-7836,4,0.3051494061946869,3.0515310764312744,54
cancer_type_top20,TCGA-DW-7840,4,0.18024423718452454,3.586531162261963,109
cancer_type_top20,TCGA-DX-A1L0,4,0.14733192324638367,3.69901704788208,128
cancer_type_top20,TCGA-DX-A1L2,4,0.0785435289144516,4.152963638305664,214
cancer_type_top20,TCGA-DX-A23V,4,0.2951647639274597,2.4527511596679688,24
cancer_type_top20,TCGA-DX-A2IZ,4,0.09009062498807907,3.4876015186309814,70
cancer_type_top20,TCGA-DX-A3LS,4,0.10480960458517075,3.4425806999206543,71
cancer_type_top20,TCGA-DX-A3LW,4,0.20383310317993164,2.8985111713409424,45
cancer_type_top20,TCGA-DX-A3LY,4,0.08992817997932434,3.677700996398926,80
cancer_type_top20,TCGA-DX-A3U6,4,0.35382387042045593,1.3318641185760498,4
cancer_type_top20,TCGA-DX-A3UC,4,0.17772121727466583,3.280505418777466,57
cancer_type_top20,TCGA-DX-A3UE,4,0.15101778507232666,3.5435385704040527,106
cancer_type_top20,TCGA-DX-A48O,4,0.08795958757400513,4.007787227630615,101
cancer_type_top20,TCGA-DX-A48U,4,0.2038421332836151,3.0381650924682617,47
cancer_type_top20,TCGA-DX-A6BB,4,0.16229011118412018,3.057079315185547,67
cancer_type_top20,TCGA-DX-A6BE,4,0.36405760049819946,2.3197107315063477,42
cancer_type_top20,TCGA-DX-A6YZ,4,0.06715963035821915,4.106865406036377,117
cancer_type_top20,TCGA-DX-A8BG,4,0.07627122104167938,4.047839641571045,141
cancer_type_top20,TCGA-DX-A8BK,4,0.19875259697437286,2.669761896133423,37
cancer_type_top20,TCGA-DX-A8BM,4,0.09419739246368408,3.8136446475982666,118
cancer_type_top20,TCGA-DX-A8BU,4,0.12686683237552643,3.62884521484375,132
cancer_type_top20,TCGA-DX-AB2S,4,0.23017969727516174,2.801915407180786,33
cancer_type_top20,TCGA-DX-AB2Z,4,0.06498561799526215,4.114762306213379,121
cancer_type_top20,TCGA-DX-AB37,4,0.0907365083694458,3.66711688041687,101
cancer_type_top20,TCGA-E1-5304,4,0.47820615768432617,2.207503080368042,39
cancer_type_top20,TCGA-E1-5305,4,0.4713723361492157,2.216395854949951,36
cancer_type_top20,TCGA-E1-5322,4,0.39431333541870117,2.3480310440063477,37
cancer_type_top20,TCGA-E1-A7YK,4,0.34556859731674194,2.859684467315674,73
cancer_type_top20,TCGA-E2-A107,4,0.14540605247020721,2.937530040740967,44
cancer_type_top20,TCGA-E2-A10B,4,0.18822243809700012,3.188991069793701,75
cancer_type_top20,TCGA-E2-A10C,4,0.08586429059505463,4.661835670471191,523
cancer_type_top20,TCGA-E2-A10F,4,0.10538975149393082,3.053969383239746,32
cancer_type_top20,TCGA-E2-A14Q,4,0.14749780297279358,2.8304009437561035,44
cancer_type_top20,TCGA-E2-A14R,4,0.11741286516189575,4.0133514404296875,153
cancer_type_top20,TCGA-E2-A152,4,0.07896051555871964,4.020922660827637,175
cancer_type_top20,TCGA-E2-A15E,4,0.11429469287395477,3.3914103507995605,84
cancer_type_top20,TCGA-E2-A15P,4,0.10952907800674438,3.4935312271118164,54
cancer_type_top20,TCGA-E2-A15T,4,0.18350493907928467,3.133903741836548,42
cancer_type_top20,TCGA-E2-A1B5,4,0.06082242354750633,3.439138650894165,101
cancer_type_top20,TCGA-E2-A1IO,4,0.18818922340869904,2.588366746902466,17
cancer_type_top20,TCGA-E2-A1LG,4,0.06512454152107239,4.270277976989746,222
cancer_type_top20,TCGA-E2-A572,4,0.17918455600738525,2.7725093364715576,29
cancer_type_top20,TCGA-E2-A573,4,0.08539368212223053,3.6301043033599854,81
cancer_type_top20,TCGA-E2-A9RU,4,0.15520313382148743,3.4051759243011475,115
cancer_type_top20,TCGA-E3-A3E1,4,0.48366594314575195,1.9267146587371826,15
cancer_type_top20,TCGA-E5-A2PC,4,0.11985896527767181,3.983734607696533,331
cancer_type_top20,TCGA-E7-A3Y1,4,0.07774889469146729,4.190349102020264,229
cancer_type_top20,TCGA-E7-A541,4,0.05365350469946861,4.716367721557617,587
cancer_type_top20,TCGA-E7-A5KF,4,0.15596182644367218,3.9211232662200928,275
cancer_type_top20,TCGA-E7-A7DU,4,0.04897812753915787,4.55412483215332,359
cancer_type_top20,TCGA-E7-A7XN,4,0.022615235298871994,5.795450687408447,1257
cancer_type_top20,TCGA-E8-A242,4,0.6075298190116882,1.4581233263015747,18
cancer_type_top20,TCGA-E8-A419,4,0.7494176030158997,1.0035967826843262,11
cancer_type_top20,TCGA-E8-A437,4,0.42798784375190735,2.038297653198242,20
cancer_type_top20,TCGA-E9-A1NA,4,0.06745358556509018,3.936086416244507,124
cancer_type_top20,TCGA-E9-A1NH,4,0.0816572904586792,2.9894886016845703,42
cancer_type_top20,TCGA-E9-A1R0,4,0.12094400078058243,3.0460948944091797,38
cancer_type_top20,TCGA-E9-A1RC,4,0.15282370150089264,3.1621456146240234,59
cancer_type_top20,TCGA-E9-A1RF,4,0.04699741303920746,4.307223320007324,181
cancer_type_top20,TCGA-E9-A1RG,4,0.30668455362319946,2.7254858016967773,45
cancer_type_top20,TCGA-E9-A228,4,0.2112920880317688,3.0196352005004883,56
cancer_type_top20,TCGA-E9-A247,4,0.1390535980463028,3.216395854949951,53
cancer_type_top20,TCGA-E9-A3X8,4,0.115489661693573,3.0758183002471924,44
cancer_type_top20,TCGA-EA-A1QS,4,0.14616869390010834,3.226198196411133,100
cancer_type_top20,TCGA-EA-A1QT,4,0.09561645984649658,3.700352907180786,92
cancer_type_top20,TCGA-EA-A3HT,4,0.12755677103996277,3.7857847213745117,173
cancer_type_top20,TCGA-EA-A3QE,4,0.07926046848297119,3.6759636402130127,110
cancer_type_top20,TCGA-EA-A6QX,4,0.4051586985588074,2.7063660621643066,115
cancer_type_top20,TCGA-EA-A97N,4,0.08744806796312332,3.841244697570801,216
cancer_type_top20,TCGA-EB-A24D,4,0.03015291690826416,5.761480331420898,1159
cancer_type_top20,TCGA-EB-A3XD,4,0.164408877491951,4.606506824493408,528
cancer_type_top20,TCGA-EB-A44P,4,0.11078715324401855,4.654155731201172,482
cancer_type_top20,TCGA-EB-A4IS,4,0.07962418347597122,5.3051323890686035,777
cancer_type_top20,TCGA-EB-A4XL,4,0.029693273827433586,5.387081623077393,668
cancer_type_top20,TCGA-EB-A6R0,4,0.0930391177535057,4.788249969482422,536
cancer_type_top20,TCGA-EB-A97M,4,0.1228942796587944,4.54326057434082,433
cancer_type_top20,TCGA-ED-A459,4,0.056052763015031815,5.044536590576172,323
cancer_type_top20,TCGA-ED-A4XI,4,0.11138143390417099,3.934342861175537,201
cancer_type_top20,TCGA-ED-A82E,4,0.23465579748153687,3.0986647605895996,47
cancer_type_top20,TCGA-ED-A97K,4,0.14054656028747559,3.4102768898010254,69
cancer_type_top20,TCGA-EE-A185,4,0.05262337625026703,4.539280891418457,302
cancer_type_top20,TCGA-EE-A20H,4,0.07762306928634644,5.358964443206787,843
cancer_type_top20,TCGA-EE-A29B,4,0.06963291764259338,5.191786766052246,785
cancer_type_top20,TCGA-EE-A29N,4,0.054206036031246185,5.38238000869751,976
cancer_type_top20,TCGA-EE-A29P,4,0.08059902489185333,5.223282814025879,672
cancer_type_top20,TCGA-EE-A2A0,4,0.04041706770658493,5.3505988121032715,793
cancer_type_top20,TCGA-EE-A2A2,4,0.024493100121617317,6.302423000335693,2159
cancer_type_top20,TCGA-EE-A2GB,4,0.1502598226070404,5.167026042938232,942
cancer_type_top20,TCGA-EE-A2GJ,4,0.015846004709601402,6.106620788574219,1660
cancer_type_top20,TCGA-EE-A2GO,4,0.02260390855371952,6.588143348693848,3262
cancer_type_top20,TCGA-EE-A2M7,4,0.07207316160202026,5.732407569885254,953
cancer_type_top20,TCGA-EE-A2MI,4,0.05270648002624512,5.84271240234375,1518
cancer_type_top20,TCGA-EE-A2MM,4,0.01520579494535923,6.458491325378418,2061
cancer_type_top20,TCGA-EE-A3AA,4,0.011723728850483894,7.09803581237793,4321
cancer_type_top20,TCGA-EE-A3AE,4,0.0247501228004694,6.232998371124268,2120
cancer_type_top20,TCGA-EE-A3AG,4,0.026081068441271782,6.699817657470703,3249
cancer_type_top20,TCGA-EE-A3AH,4,0.07316645979881287,5.11171817779541,808
cancer_type_top20,TCGA-EE-A3J3,4,0.19247053563594818,4.132175922393799,229
cancer_type_top20,TCGA-EE-A3JA,4,0.043911051005125046,5.981142520904541,1448
cancer_type_top20,TCGA-EJ-5497,4,0.1371575891971588,2.880204439163208,28
cancer_type_top20,TCGA-EJ-5502,4,0.1731853485107422,2.36643123626709,13
cancer_type_top20,TCGA-EJ-5504,4,0.34132620692253113,2.8042688369750977,61
cancer_type_top20,TCGA-EJ-5511,4,0.11431235074996948,3.3041090965270996,57
cancer_type_top20,TCGA-EJ-5526,4,0.1635797619819641,3.0629992485046387,39
cancer_type_top20,TCGA-EJ-5530,4,0.14949610829353333,3.5585341453552246,66
cancer_type_top20,TCGA-EJ-5532,4,0.16816292703151703,2.894162893295288,35
cancer_type_top20,TCGA-EJ-7782,4,0.1334867775440216,5.527515411376953,969
cancer_type_top20,TCGA-EJ-7792,4,0.11183878034353256,3.0683579444885254,39
cancer_type_top20,TCGA-EJ-8469,4,0.16883115470409393,3.007061004638672,36
cancer_type_top20,TCGA-EJ-A46D,4,0.2176431268453598,2.357349395751953,16
cancer_type_top20,TCGA-EJ-A46I,4,0.39656734466552734,1.6309421062469482,9
cancer_type_top20,TCGA-EJ-A65B,4,0.20528046786785126,2.7167558670043945,39
cancer_type_top20,TCGA-EJ-A7NF,4,0.15292449295520782,2.8980348110198975,26
cancer_type_top20,TCGA-EJ-A7NM,4,0.09693349152803421,3.4703481197357178,67
cancer_type_top20,TCGA-EJ-A8FO,4,0.1354169398546219,2.8170690536499023,20
cancer_type_top20,TCGA-EK-A2PI,4,0.06230321153998375,3.663926839828491,132
cancer_type_top20,TCGA-EK-A2R9,4,0.12711675465106964,3.2643532752990723,91
cancer_type_top20,TCGA-EK-A2RL,4,0.07600178569555283,3.4794788360595703,52
cancer_type_top20,TCGA-EK-A2RO,4,0.07111485302448273,4.024585723876953,195
cancer_type_top20,TCGA-EL-A3CR,4,0.29723435640335083,2.6860530376434326,38
cancer_type_top20,TCGA-EL-A3CU,4,0.514076828956604,1.895427942276001,23
cancer_type_top20,TCGA-EL-A3CV,4,0.4467068314552307,1.495318055152893,8
cancer_type_top20,TCGA-EL-A3D5,4,0.6891811490058899,0.8949806690216064,14
cancer_type_top20,TCGA-EL-A3GW,4,0.1781717985868454,2.352715015411377,14
cancer_type_top20,TCGA-EL-A3H1,4,0.15565237402915955,3.0256845951080322,29
cancer_type_top20,TCGA-EL-A3H5,4,0.4619075357913971,2.103358268737793,31
cancer_type_top20,TCGA-EL-A3T0,4,0.2630458176136017,2.334322929382324,19
cancer_type_top20,TCGA-EL-A3T2,4,0.28181037306785583,2.486191987991333,23
cancer_type_top20,TCGA-EL-A3T3,4,0.5597310066223145,1.7283746004104614,22
cancer_type_top20,TCGA-EL-A3T7,4,0.42648178339004517,1.7930049896240234,12
cancer_type_top20,TCGA-EL-A3TA,4,0.5340343117713928,1.1328110694885254,6
cancer_type_top20,TCGA-EL-A3ZO,4,0.2502959370613098,3.1558239459991455,117
cancer_type_top20,TCGA-EL-A4K2,4,0.42757731676101685,1.9018574953079224,14
cancer_type_top20,TCGA-EL-A4K7,4,0.48785504698753357,2.2677195072174072,54
cancer_type_top20,TCGA-EM-A1CU,4,0.26138579845428467,2.46754789352417,35
cancer_type_top20,TCGA-EM-A1CW,4,0.11138009279966354,2.5773816108703613,19
cancer_type_top20,TCGA-EM-A1YA,4,0.2526192367076874,2.3780322074890137,16
cancer_type_top20,TCGA-EM-A22O,4,0.3766392469406128,2.6188406944274902,42
cancer_type_top20,TCGA-EM-A2CJ,4,0.09607541561126709,3.5957202911376953,78
cancer_type_top20,TCGA-EM-A2CP,4,0.14897093176841736,2.728848695755005,26
cancer_type_top20,TCGA-EM-A2CU,4,0.20820845663547516,2.527667999267578,24
cancer_type_top20,TCGA-EM-A3FO,4,0.6230143308639526,1.2625830173492432,8
cancer_type_top20,TCGA-EM-A3FP,4,0.24377523362636566,2.067875623703003,15
cancer_type_top20,TCGA-EM-A3O7,4,0.40550482273101807,1.9278103113174438,15
cancer_type_top20,TCGA-EM-A3SU,4,0.3133874833583832,2.044419050216675,24
cancer_type_top20,TCGA-EM-A4FK,4,0.1808454394340515,2.2306394577026367,11
cancer_type_top20,TCGA-EM-A4FN,4,0.602127730846405,1.6063098907470703,16
cancer_type_top20,TCGA-EM-A4FV,4,0.3893555998802185,2.3490536212921143,31
cancer_type_top20,TCGA-EO-A3KU,4,0.09435579925775528,3.7142677307128906,88
cancer_type_top20,TCGA-EP-A2KB,4,0.18613743782043457,3.490610122680664,125
cancer_type_top20,TCGA-EP-A3RK,4,0.046254925429821014,4.235588550567627,165
cancer_type_top20,TCGA-EQ-5647,4,0.046446945518255234,4.7130327224731445,220
cancer_type_top20,TCGA-EQ-A4SO,4,0.023163527250289917,5.146076679229736,455
cancer_type_top20,TCGA-ER-A193,4,0.01955258846282959,6.288229942321777,2717
cancer_type_top20,TCGA-ER-A198,4,0.13587196171283722,4.799086093902588,681
cancer_type_top20,TCGA-ER-A19C,4,0.05794501304626465,5.630266189575195,961
cancer_type_top20,TCGA-ER-A19D,4,0.036827243864536285,5.165511131286621,676
cancer_type_top20,TCGA-ER-A19E,4,0.08928751200437546,5.046441078186035,849
cancer_type_top20,TCGA-ER-A19M,4,0.07747919112443924,5.153148651123047,686
cancer_type_top20,TCGA-ER-A19N,4,0.011014696210622787,6.4178080558776855,1821
cancer_type_top20,TCGA-ER-A19Q,4,0.08054108172655106,5.524742603302002,719
cancer_type_top20,TCGA-ER-A19T,4,0.032880574464797974,5.846595764160156,952
cancer_type_top20,TCGA-ER-A19W,4,0.07519681751728058,4.801090717315674,494
cancer_type_top20,TCGA-ER-A2NC,4,0.1772763729095459,4.547493934631348,591
cancer_type_top20,TCGA-ER-A3ET,4,0.147968590259552,3.6499388217926025,122
cancer_type_top20,TCGA-ER-A3EV,4,0.10713072121143341,3.608736515045166,104
cancer_type_top20,TCGA-ES-A2HT,4,0.11995220929384232,3.7577362060546875,109
cancer_type_top20,TCGA-ET-A25K,4,0.6196962594985962,1.6042089462280273,24
cancer_type_top20,TCGA-ET-A2MX,4,0.38432639837265015,1.9055485725402832,15
cancer_type_top20,TCGA-ET-A2MY,4,0.3437337279319763,2.785521984100342,71
cancer_type_top20,TCGA-ET-A39J,4,0.5754736661911011,1.6975371837615967,28
cancer_type_top20,TCGA-ET-A39L,4,0.5218190550804138,1.186405897140503,4
cancer_type_top20,TCGA-ET-A3BN,4,0.2006295919418335,2.229567050933838,13
cancer_type_top20,TCGA-ET-A3BQ,4,0.47060349583625793,1.7506020069122314,19
cancer_type_top20,TCGA-ET-A3BT,4,0.3533438742160797,2.670393466949463,30
cancer_type_top20,TCGA-ET-A3DP,4,0.4603789150714874,2.0332183837890625,23
cancer_type_top20,TCGA-ET-A3DS,4,0.5890911817550659,1.3660458326339722,11
cancer_type_top20,TCGA-ET-A3DW,4,0.4864093065261841,2.00419545173645,24
cancer_type_top20,TCGA-EU-5906,4,0.10826177150011063,3.6687915325164795,84
cancer_type_top20,TCGA-EW-A1PD,4,0.09625543653964996,3.756268262863159,101
cancer_type_top20,TCGA-EW-A2FR,4,0.13455133140087128,3.3645825386047363,57
cancer_type_top20,TCGA-EW-A2FS,4,0.1026771292090416,3.258509874343872,50
cancer_type_top20,TCGA-EW-A6S9,4,0.22194065153598785,3.059074640274048,51
cancer_type_top20,TCGA-EX-A69L,4,0.09218863397836685,3.4139881134033203,100
cancer_type_top20,TCGA-EY-A1GD,4,0.01570802740752697,6.543498992919922,1911
cancer_type_top20,TCGA-EY-A1GJ,4,0.1762314736843109,3.2238988876342773,69
cancer_type_top20,TCGA-EY-A1GL,4,0.11568424850702286,3.4870362281799316,74
cancer_type_top20,TCGA-EY-A1GR,4,0.10906269401311874,3.3503477573394775,86
cancer_type_top20,TCGA-EY-A1GS,4,0.023386051878333092,4.976071357727051,508
cancer_type_top20,TCGA-EY-A2OO,4,0.33064883947372437,2.950690746307373,95
cancer_type_top20,TCGA-EY-A548,4,0.04179593548178673,4.859218120574951,1107
cancer_type_top20,TCGA-EY-A72D,4,0.15590959787368774,3.4920995235443115,79
cancer_type_top20,TCGA-F4-6463,4,0.47330015897750854,2.8166537284851074,104
cancer_type_top20,TCGA-F4-6806,4,0.3386133313179016,3.0508663654327393,160
cancer_type_top20,TCGA-F4-6854,4,0.08121563494205475,4.092309474945068,158
cancer_type_top20,TCGA-F6-A8O4,4,0.4291783571243286,1.9822912216186523,40
cancer_type_top20,TCGA-F7-A61S,4,0.1284831464290619,3.7224297523498535,142
cancer_type_top20,TCGA-F7-A61W,4,0.17721958458423615,3.6556615829467773,92
cancer_type_top20,TCGA-F7-A622,4,0.22130873799324036,3.2863399982452393,81
cancer_type_top20,TCGA-F7-A624,4,0.029056793078780174,6.342005729675293,4131
cancer_type_top20,TCGA-F9-A4JJ,4,0.08590289205312729,3.3938663005828857,49
cancer_type_top20,TCGA-F9-A7Q0,4,0.28549277782440186,2.5000314712524414,27
cancer_type_top20,TCGA-F9-A7VF,4,0.09887944161891937,3.631598949432373,107
cancer_type_top20,TCGA-FC-A66V,4,0.7658999562263489,0.5441832542419434,2
cancer_type_top20,TCGA-FD-A3B7,4,0.08570510149002075,3.696671724319458,91
cancer_type_top20,TCGA-FD-A3SJ,4,0.05627885460853577,4.415948867797852,326
cancer_type_top20,TCGA-FD-A3SO,4,0.04513748735189438,4.68158483505249,495
cancer_type_top20,TCGA-FD-A43N,4,0.058162935078144073,4.359015464782715,249
cancer_type_top20,TCGA-FD-A5C0,4,0.05661240592598915,4.205414772033691,171
cancer_type_top20,TCGA-FD-A5C1,4,0.03912803903222084,4.274955749511719,192
cancer_type_top20,TCGA-FD-A62P,4,0.044167470186948776,4.855582237243652,532
cancer_type_top20,TCGA-FE-A230,4,0.6570557951927185,0.8862282037734985,6
cancer_type_top20,TCGA-FE-A232,4,0.5418590903282166,1.7624092102050781,16
cancer_type_top20,TCGA-FG-7641,4,0.5779381990432739,1.790056586265564,35
cancer_type_top20,TCGA-FG-8181,4,0.5561660528182983,0.68682461977005,2
cancer_type_top20,TCGA-FG-A70Z,4,0.2039005011320114,3.429929494857788,81
cancer_type_top20,TCGA-FG-A713,4,0.5395671725273132,2.0409326553344727,40
cancer_type_top20,TCGA-FI-A2CX,4,0.21504579484462738,2.6056501865386963,34
cancer_type_top20,TCGA-FI-A2EW,4,0.1582885980606079,3.747755527496338,144
cancer_type_top20,TCGA-FI-A2EY,4,0.1138995885848999,3.8009302616119385,157
cancer_type_top20,TCGA-FI-A2F9,4,0.11764290928840637,3.3447487354278564,69
cancer_type_top20,TCGA-FI-A3PX,4,0.07196798920631409,4.222527027130127,135
cancer_type_top20,TCGA-FK-A3SG,4,0.4274238348007202,1.7680952548980713,12
cancer_type_top20,TCGA-FK-A4UB,4,0.33370015025138855,1.72495698928833,7
cancer_type_top20,TCGA-FP-8099,4,0.08896388858556747,4.017301082611084,178
cancer_type_top20,TCGA-FR-A44A,4,0.11563071608543396,4.490477085113525,427
cancer_type_top20,TCGA-FR-A7UA,4,0.19954626262187958,3.999995231628418,243
cancer_type_top20,TCGA-FR-A8YC,4,0.015909511595964432,6.736948490142822,4136
cancer_type_top20,TCGA-FS-A1Z0,4,0.03594682738184929,6.255077838897705,1579
cancer_type_top20,TCGA-FS-A1ZA,4,0.020163442939519882,6.106250762939453,1757
cancer_type_top20,TCGA-FS-A1ZB,4,0.017981715500354767,6.487725734710693,1937
cancer_type_top20,TCGA-FS-A1ZF,4,0.13149493932724,4.528504371643066,352
cancer_type_top20,TCGA-FS-A1ZK,4,0.02473847195506096,6.453879356384277,2483
cancer_type_top20,TCGA-FS-A1ZP,4,0.01889420859515667,6.2811431884765625,2014
cancer_type_top20,TCGA-FS-A1ZQ,4,0.06308767199516296,5.996066093444824,1756
cancer_type_top20,TCGA-FS-A1ZR,4,0.04383719339966774,6.213779449462891,1549
cancer_type_top20,TCGA-FS-A1ZT,4,0.10465243458747864,4.632405757904053,245
cancer_type_top20,TCGA-FS-A1ZW,4,0.05345941707491875,5.430629730224609,951
cancer_type_top20,TCGA-FS-A1ZZ,4,0.01988903619349003,6.411518573760986,2604
cancer_type_top20,TCGA-FS-A4FB,4,0.23198378086090088,3.7277562618255615,256
cancer_type_top20,TCGA-FS-A4FC,4,0.05511988326907158,5.583728313446045,1014
cancer_type_top20,TCGA-FS-A4FD,4,0.06705097109079361,5.067825794219971,612
cancer_type_top20,TCGA-FU-A3NI,4,0.09875288605690002,3.7789947986602783,167
cancer_type_top20,TCGA-FU-A3WB,4,0.10234560817480087,3.714735269546509,108
cancer_type_top20,TCGA-FU-A3YQ,4,0.11282239109277725,3.6072611808776855,136
cancer_type_top20,TCGA-FU-A40J,4,0.07623126357793808,4.307389259338379,342
cancer_type_top20,TCGA-FV-A23B,4,0.039835311472415924,4.443445205688477,166
cancer_type_top20,TCGA-FV-A2QR,4,0.07374648749828339,4.161280632019043,169
cancer_type_top20,TCGA-FV-A3I1,4,0.04651126265525818,4.571269512176514,216
cancer_type_top20,TCGA-FX-A3TO,4,0.06014937907457352,4.185801029205322,118
cancer_type_top20,TCGA-FX-A76Y,4,0.09010031819343567,3.3562042713165283,49
cancer_type_top20,TCGA-FY-A2QD,4,0.23717936873435974,2.220090866088867,19
cancer_type_top20,TCGA-FY-A3RA,4,0.7567402720451355,0.8931221961975098,6
cancer_type_top20,TCGA-FY-A3TY,4,0.2803420424461365,2.10809063911438,16
cancer_type_top20,TCGA-FY-A40K,4,0.5913053750991821,1.3090652227401733,6
cancer_type_top20,TCGA-FY-A40M,4,0.18422701954841614,2.379379987716675,17
cancer_type_top20,TCGA-G2-A2EO,4,0.034683957695961,5.626317024230957,1228
cancer_type_top20,TCGA-G2-AA3B,4,0.015248318202793598,5.698832988739014,955
cancer_type_top20,TCGA-G3-A25Z,4,0.1393503099679947,3.5677833557128906,122
cancer_type_top20,TCGA-G3-A3CH,4,0.2459573596715927,3.0009171962738037,60
cancer_type_top20,TCGA-G3-A5SL,4,0.0613509900867939,4.211220741271973,178
cancer_type_top20,TCGA-G3-AAV1,4,0.08226257562637329,3.794612407684326,87
cancer_type_top20,TCGA-G4-6293,4,0.19658266007900238,3.695565700531006,168
cancer_type_top20,TCGA-G4-6299,4,0.10567373782396317,4.135566234588623,232
cancer_type_top20,TCGA-G4-6304,4,0.08329422771930695,5.287982940673828,1403
cancer_type_top20,TCGA-G4-6309,4,0.08743118494749069,4.983054161071777,1196
cancer_type_top20,TCGA-G4-6315,4,0.2155630737543106,3.552311420440674,207
cancer_type_top20,TCGA-G4-6320,4,0.05374934524297714,6.428461074829102,3164
cancer_type_top20,TCGA-G4-6626,4,0.13007648289203644,4.245633125305176,200
cancer_type_top20,TCGA-G4-6627,4,0.23431847989559174,3.2532906532287598,137
cancer_type_top20,TCGA-G7-7502,4,0.30810126662254333,3.251115083694458,82
cancer_type_top20,TCGA-G7-A8LC,4,0.1558203101158142,2.680999279022217,21
cancer_type_top20,TCGA-G7-A8LD,4,0.3307045102119446,2.8391430377960205,67
cancer_type_top20,TCGA-G9-6333,4,0.2508210837841034,2.8590173721313477,92
cancer_type_top20,TCGA-G9-6336,4,0.35217857360839844,2.502965211868286,23
cancer_type_top20,TCGA-G9-6348,4,0.11782814562320709,3.7156267166137695,102
cancer_type_top20,TCGA-G9-6351,4,0.042821016162633896,4.626193046569824,183
cancer_type_top20,TCGA-G9-6362,4,0.10295306146144867,3.433896541595459,78
cancer_type_top20,TCGA-G9-6365,4,0.09145428240299225,3.6766929626464844,65
cancer_type_top20,TCGA-G9-6367,4,0.25441890954971313,1.5831941366195679,5
cancer_type_top20,TCGA-G9-6373,4,0.13910306990146637,3.294295310974121,62
cancer_type_top20,TCGA-G9-7519,4,0.09417932480573654,3.383382797241211,40
cancer_type_top20,TCGA-GC-A3BM,4,0.04007281735539436,4.498361587524414,303
cancer_type_top20,TCGA-GC-A3OO,4,0.10824477672576904,3.698171615600586,186
cancer_type_top20,TCGA-GC-A6I1,4,0.0553373284637928,4.416741371154785,333
cancer_type_top20,TCGA-GD-A76B,4,0.06962214410305023,4.152187347412109,254
cancer_type_top20,TCGA-GF-A2C7,4,0.06041128188371658,5.393912315368652,599
cancer_type_top20,TCGA-GJ-A6C0,4,0.04724450036883354,4.469234466552734,235
cancer_type_top20,TCGA-GL-7773,4,0.08229833841323853,4.127811431884766,160
cancer_type_top20,TCGA-GL-8500,4,0.04438192769885063,4.594037055969238,218
cancer_type_top20,TCGA-GM-A2DA,4,0.11160147190093994,3.1989364624023438,49
cancer_type_top20,TCGA-GM-A2DI,4,0.08816664665937424,3.5453367233276367,94
cancer_type_top20,TCGA-GM-A2DL,4,0.1852509081363678,3.129725456237793,56
cancer_type_top20,TCGA-GM-A2DM,4,0.2112414389848709,2.3502321243286133,28
cancer_type_top20,TCGA-GM-A2DN,4,0.11993695795536041,3.0304088592529297,28
cancer_type_top20,TCGA-GN-A264,4,0.056221459060907364,4.36836576461792,265
cancer_type_top20,TCGA-GN-A268,4,0.06626449525356293,4.742598056793213,518
cancer_type_top20,TCGA-GN-A269,4,0.060628313571214676,5.489960193634033,1004
cancer_type_top20,TCGA-GN-A26C,4,0.023751424625515938,7.067256927490234,4057
cancer_type_top20,TCGA-GN-A4U3,4,0.11598587781190872,4.809325218200684,467
cancer_type_top20,TCGA-GN-A4U9,4,0.09543602168560028,3.477766990661621,80
cancer_type_top20,TCGA-GN-A8LK,4,0.04004869982600212,6.365668296813965,2835
cancer_type_top20,TCGA-GN-A9SD,4,0.18594050407409668,3.6246283054351807,209
cancer_type_top20,TCGA-GU-AATO,4,0.03787759318947792,4.71675968170166,424
cancer_type_top20,TCGA-GV-A3JW,4,0.14347945153713226,3.242216110229492,104
cancer_type_top20,TCGA-GV-A3QH,4,0.05771876499056816,4.16245174407959,221
cancer_type_top20,TCGA-GV-A3QI,4,0.07854724675416946,4.906863689422607,632
cancer_type_top20,TCGA-H2-A26U,4,0.4704064726829529,2.202327013015747,43
cancer_type_top20,TCGA-H5-A2HR,4,0.07471341639757156,3.665220022201538,76
cancer_type_top20,TCGA-H7-A6C4,4,0.12260351330041885,3.12095308303833,48
cancer_type_top20,TCGA-H9-A6BX,4,0.3140757083892822,1.6605395078659058,7
cancer_type_top20,TCGA-HC-7080,4,0.20467525720596313,2.7796895503997803,53
cancer_type_top20,TCGA-HC-7211,4,0.18055415153503418,2.70576810836792,28
cancer_type_top20,TCGA-HC-7230,4,0.4496421217918396,2.2558979988098145,32
cancer_type_top20,TCGA-HC-7736,4,0.163643941283226,2.6897153854370117,25
cancer_type_top20,TCGA-HC-7737,4,0.1589089035987854,2.6070058345794678,24
cancer_type_top20,TCGA-HC-7752,4,0.08555245399475098,3.602062940597534,81
cancer_type_top20,TCGA-HC-7819,4,0.13192054629325867,3.3593573570251465,59
cancer_type_top20,TCGA-HC-7820,4,0.06889674067497253,3.4432759284973145,78
cancer_type_top20,TCGA-HC-8213,4,0.14063714444637299,2.8115041255950928,22
cancer_type_top20,TCGA-HC-8258,4,0.22962869703769684,2.3816988468170166,20
cancer_type_top20,TCGA-HC-8261,4,0.1325979381799698,3.029606342315674,35
cancer_type_top20,TCGA-HC-A6AO,4,0.1436404138803482,3.056828498840332,49
cancer_type_top20,TCGA-HC-A6AS,4,0.10361836850643158,3.1307876110076904,30
cancer_type_top20,TCGA-HC-A8D0,4,0.6105367541313171,1.8187036514282227,38
cancer_type_top20,TCGA-HD-7229,4,0.07499512284994125,4.111973762512207,211
cancer_type_top20,TCGA-HD-A633,4,0.10404528677463531,3.6720056533813477,178
cancer_type_top20,TCGA-HE-A5NF,4,0.13885916769504547,3.2574727535247803,91
cancer_type_top20,TCGA-HE-A5NI,4,0.05175819620490074,4.2272539138793945,151
cancer_type_top20,TCGA-HE-A5NK,4,0.10935232043266296,3.8377909660339355,128
cancer_type_top20,TCGA-HF-A5NB,4,0.05910349264740944,5.380535125732422,1986
cancer_type_top20,TCGA-HG-A9SC,4,0.06508828699588776,4.217881202697754,135
cancer_type_top20,TCGA-HI-7170,4,0.09170163422822952,3.151130437850952,37
cancer_type_top20,TCGA-HM-A3JJ,4,0.05745016410946846,4.396065711975098,200
cancer_type_top20,TCGA-HM-A3JK,4,0.15896515548229218,3.2912092208862305,88
cancer_type_top20,TCGA-HN-A2NL,4,0.049295682460069656,4.1078667640686035,102
cancer_type_top20,TCGA-HQ-A5ND,4,0.2541153132915497,3.1732990741729736,122
cancer_type_top20,TCGA-HR-A2OH,4,0.17153024673461914,3.67769718170166,214
cancer_type_top20,TCGA-HR-A5NC,4,0.30256137251853943,3.2176661491394043,94
cancer_type_top20,TCGA-HT-7467,4,0.5139337778091431,2.2205698490142822,39
cancer_type_top20,TCGA-HT-7473,4,0.6830680966377258,1.4233611822128296,26
cancer_type_top20,TCGA-HT-7475,4,0.3624950349330902,2.753999948501587,70
cancer_type_top20,TCGA-HT-7478,4,0.28538572788238525,2.4740142822265625,34
cancer_type_top20,TCGA-HT-7693,4,0.24998889863491058,2.860583782196045,51
cancer_type_top20,TCGA-HT-7854,4,0.12195771932601929,3.1622235774993896,33
cancer_type_top20,TCGA-HT-7858,4,0.5762360692024231,1.8346459865570068,27
cancer_type_top20,TCGA-HT-8012,4,0.7176669239997864,1.453857183456421,33
cancer_type_top20,TCGA-HT-8015,4,0.41734811663627625,1.0685220956802368,3
cancer_type_top20,TCGA-HT-8105,4,0.35036829113960266,2.952434539794922,63
cancer_type_top20,TCGA-HT-8106,4,0.545617938041687,2.1378962993621826,44
cancer_type_top20,TCGA-HT-8109,4,0.47304967045783997,2.457594156265259,51
cancer_type_top20,TCGA-HT-8558,4,0.513028085231781,0.692807674407959,2
cancer_type_top20,TCGA-HT-A4DS,4,0.21532557904720306,3.222951650619507,46
cancer_type_top20,TCGA-HT-A5RA,4,0.1157417967915535,3.62819504737854,69
cancer_type_top20,TCGA-HT-A74H,4,0.1457134336233139,3.459761142730713,66
cancer_type_top20,TCGA-HT-A74J,4,0.4154684543609619,2.2249817848205566,30
cancer_type_top20,TCGA-HU-8604,4,0.10485297441482544,4.419913291931152,534
cancer_type_top20,TCGA-HU-A4GQ,4,0.07320000231266022,5.35923957824707,2457
cancer_type_top20,TCGA-HU-A4HD,4,0.05891901254653931,4.461316108703613,235
cancer_type_top20,TCGA-HW-7486,4,0.7115687131881714,1.2931689023971558,20
cancer_type_top20,TCGA-HW-7489,4,0.5825637578964233,1.8842694759368896,30
cancer_type_top20,TCGA-HW-A5KM,4,0.6153358221054077,1.6079699993133545,26
cancer_type_top20,TCGA-IA-A83V,4,0.0857987180352211,3.701350688934326,96
cancer_type_top20,TCGA-IA-A83W,4,0.05946021154522896,4.015439033508301,103
cancer_type_top20,TCGA-IC-A6RE,4,0.0186576209962368,6.067625999450684,1515
cancer_type_top20,TCGA-IG-A3YA,4,0.11995829641819,3.860355854034424,131
cancer_type_top20,TCGA-IG-A50L,4,0.09247295558452606,4.092032432556152,171
cancer_type_top20,TCGA-IG-A625,4,0.1010226160287857,3.7271251678466797,103
cancer_type_top20,TCGA-IM-A420,4,0.502021849155426,1.4653785228729248,8
cancer_type_top20,TCGA-IN-8663,4,0.023946160450577736,4.929401874542236,467
cancer_type_top20,TCGA-IN-A6RJ,4,0.054414402693510056,4.121645927429199,169
cancer_type_top20,TCGA-IN-A6RO,4,0.1089271679520607,4.25374698638916,380
cancer_type_top20,TCGA-IN-A6RR,4,0.09035445004701614,4.108762741088867,208
cancer_type_top20,TCGA-IN-AB1X,4,0.043781835585832596,4.536701202392578,288
cancer_type_top20,TCGA-IQ-7630,4,0.13715340197086334,3.669468402862549,173
cancer_type_top20,TCGA-IQ-A61J,4,0.15275374054908752,3.385551929473877,53
cancer_type_top20,TCGA-IQ-A61O,4,0.07211284339427948,3.430163860321045,56
cancer_type_top20,TCGA-IQ-A6SH,4,0.12349610030651093,3.561126232147217,110
cancer_type_top20,TCGA-IR-A3LA,4,0.01937198080122471,6.103867053985596,1823
cancer_type_top20,TCGA-IZ-A6M8,4,0.06482046097517014,4.048742294311523,119
cancer_type_top20,TCGA-J4-A67N,4,0.16838772594928741,3.1117372512817383,32
cancer_type_top20,TCGA-J4-A67R,4,0.2832048535346985,2.438978672027588,22
cancer_type_top20,TCGA-J4-A83J,4,0.3064592778682709,2.9841880798339844,63
cancer_type_top20,TCGA-J4-A83M,4,0.3352165222167969,2.7128992080688477,42
cancer_type_top20,TCGA-J7-8537,4,0.0733070820569992,3.5220515727996826,58
cancer_type_top20,TCGA-J7-A8I2,4,0.10303536057472229,3.145810127258301,85
cancer_type_top20,TCGA-J8-A3NZ,4,0.4027254283428192,2.073678493499756,14
cancer_type_top20,TCGA-J8-A3O0,4,0.20227926969528198,2.2899980545043945,16
cancer_type_top20,TCGA-J8-A42S,4,0.5879830121994019,1.6276613473892212,14
cancer_type_top20,TCGA-J9-A8CM,4,0.1533801555633545,3.8116414546966553,97
cancer_type_top20,TCGA-J9-A8CN,4,0.10338568687438965,2.997570037841797,27
cancer_type_top20,TCGA-JV-A5VE,4,0.07720435410737991,3.7192559242248535,76
cancer_type_top20,TCGA-JV-A5VF,4,0.14526639878749847,3.3010928630828857,47
cancer_type_top20,TCGA-JV-A75J,4,0.17178179323673248,2.9268360137939453,57
cancer_type_top20,TCGA-JW-A5VG,4,0.1439855396747589,3.1996636390686035,40
cancer_type_top20,TCGA-JW-A5VJ,4,0.07560895383358002,4.548465251922607,344
cancer_type_top20,TCGA-JW-A5VK,4,0.10894883424043655,3.303640365600586,79
cancer_type_top20,TCGA-JX-A3Q8,4,0.13811002671718597,3.628356456756592,94
cancer_type_top20,TCGA-JY-A6FE,4,0.16946494579315186,3.826326370239258,116
cancer_type_top20,TCGA-JY-A939,4,0.22338250279426575,3.5294766426086426,101
cancer_type_top20,TCGA-JY-A93D,4,0.10102477669715881,3.732996702194214,157
cancer_type_top20,TCGA-JY-A93E,4,0.13682079315185547,4.405177116394043,298
cancer_type_top20,TCGA-JY-A93F,4,0.21948130428791046,3.525007724761963,165
cancer_type_top20,TCGA-K1-A6RU,4,0.17261342704296112,2.9077417850494385,54
cancer_type_top20,TCGA-K4-A4AC,4,0.14630597829818726,3.8691630363464355,200
cancer_type_top20,TCGA-KB-A93G,4,0.16901324689388275,3.5427637100219727,129
cancer_type_top20,TCGA-KC-A4BL,4,0.1513311266899109,2.7781269550323486,25
cancer_type_top20,TCGA-KC-A4BN,4,0.1312335580587387,2.866942882537842,27
cancer_type_top20,TCGA-KC-A4BO,4,0.45556849241256714,0.9515118598937988,3
cancer_type_top20,TCGA-KC-A4BR,4,0.2924167513847351,1.9038310050964355,10
cancer_type_top20,TCGA-KC-A7F5,4,0.32219016551971436,2.7403876781463623,36
cancer_type_top20,TCGA-KH-A6WC,4,0.10950731486082077,3.2464070320129395,38
cancer_type_top20,TCGA-KJ-A3U4,4,0.11442560702562332,3.5734035968780518,76
cancer_type_top20,TCGA-KK-A6E6,4,0.21894465386867523,2.8565244674682617,56
cancer_type_top20,TCGA-KK-A6E8,4,0.09972984343767166,3.419637680053711,50
cancer_type_top20,TCGA-KK-A7AW,4,0.1264708787202835,3.235750198364258,40
cancer_type_top20,TCGA-KK-A7AZ,4,0.11414163559675217,2.9733006954193115,41
cancer_type_top20,TCGA-KK-A7B0,4,0.3040061593055725,2.656895399093628,40
cancer_type_top20,TCGA-KK-A8I4,4,0.11842159181833267,3.227940559387207,33
cancer_type_top20,TCGA-KK-A8IC,4,0.4722670316696167,1.9303501844406128,20
cancer_type_top20,TCGA-KK-A8IF,4,0.3112737238407135,2.3738889694213867,38
cancer_type_top20,TCGA-KK-A8IG,4,0.1709439754486084,2.997061014175415,45
cancer_type_top20,TCGA-KQ-A41N,4,0.01883525215089321,7.156022071838379,3583
cancer_type_top20,TCGA-KQ-A41P,4,0.059087447822093964,4.540437698364258,417
cancer_type_top20,TCGA-KR-A7K2,4,0.10354325920343399,3.5354065895080566,84
cancer_type_top20,TCGA-KT-A7W1,4,0.22014085948467255,2.6245005130767822,60
cancer_type_top20,TCGA-L4-A4E5,4,0.04480503499507904,4.794039726257324,429
cancer_type_top20,TCGA-L5-A43J,4,0.04521189630031586,5.008966445922852,1355
cancer_type_top20,TCGA-L5-A4OF,4,0.13772375881671906,3.8670926094055176,116
cancer_type_top20,TCGA-L5-A4OO,4,0.08737702667713165,4.076257705688477,167
cancer_type_top20,TCGA-L5-A4OP,4,0.1382366120815277,3.5900299549102783,162
cancer_type_top20,TCGA-L5-A4OX,4,0.07011887431144714,4.212801933288574,233
cancer_type_top20,TCGA-L5-A88W,4,0.06379376351833344,4.218474864959717,241
cancer_type_top20,TCGA-L5-A8NE,4,0.06992976367473602,4.745649814605713,372
cancer_type_top20,TCGA-L5-A8NJ,4,0.06807504594326019,4.390651702880859,358
cancer_type_top20,TCGA-L5-A8NL,4,0.08466069400310516,4.000449180603027,163
cancer_type_top20,TCGA-L5-A8NR,4,0.036658499389886856,4.674424171447754,370
cancer_type_top20,TCGA-L6-A4EP,4,0.4811449944972992,1.7879488468170166,15
cancer_type_top20,TCGA-L6-A4EU,4,0.6763926148414612,1.6416606903076172,83
cancer_type_top20,TCGA-L7-A56G,4,0.15070557594299316,3.7116036415100098,131
cancer_type_top20,TCGA-LA-A446,4,0.04652194678783417,4.850303649902344,432
cancer_type_top20,TCGA-LC-A66R,4,0.06750787794589996,4.025702953338623,190
cancer_type_top20,TCGA-LD-A66U,4,0.21103613078594208,3.1978747844696045,49
cancer_type_top20,TCGA-LG-A6GG,4,0.02825840935111046,5.3964128494262695,552
cancer_type_top20,TCGA-LI-A9QH,4,0.08581092208623886,4.126485347747803,163
cancer_type_top20,TCGA-LL-A50Y,4,0.11831533908843994,3.367828607559204,50
cancer_type_top20,TCGA-LL-A5YO,4,0.14695394039154053,3.086970806121826,63
cancer_type_top20,TCGA-LL-A6FR,4,0.1726154088973999,3.358788013458252,73
cancer_type_top20,TCGA-LL-A740,4,0.10921570658683777,3.5279760360717773,80
cancer_type_top20,TCGA-LL-A7T0,4,0.10303714871406555,3.5700201988220215,81
cancer_type_top20,TCGA-LN-A4A4,4,0.06504788249731064,4.105204105377197,155
cancer_type_top20,TCGA-LN-A4A6,4,0.07827026396989822,4.13273811340332,156
cancer_type_top20,TCGA-LN-A5U5,4,0.11381052434444427,3.8091020584106445,90
cancer_type_top20,TCGA-LN-A7HV,4,0.1753823161125183,3.842317581176758,149
cancer_type_top20,TCGA-LN-A7HW,4,0.07998695224523544,3.9255855083465576,154
cancer_type_top20,TCGA-LN-A7HY,4,0.1171700656414032,4.191525459289551,246
cancer_type_top20,TCGA-LN-A9FQ,4,0.081781767308712,3.7335238456726074,150
cancer_type_top20,TCGA-M7-A725,4,0.225070059299469,2.780017375946045,38
cancer_type_top20,TCGA-MB-A5YA,4,0.0965430960059166,3.3524067401885986,53
cancer_type_top20,TCGA-MI-A75C,4,0.11260251700878143,4.174200057983398,175
cancer_type_top20,TCGA-MI-A75I,4,0.04343124106526375,4.604757308959961,238
cancer_type_top20,TCGA-MJ-A850,4,0.0971486046910286,3.256141424179077,36
cancer_type_top20,TCGA-MK-A4N9,4,0.5892162919044495,1.4359612464904785,10
cancer_type_top20,TCGA-MK-A84Z,4,0.3350542187690735,2.314453363418579,22
cancer_type_top20,TCGA-MM-A84U,4,0.05461573973298073,4.145991802215576,124
cancer_type_top20,TCGA-MN-A4N4,4,0.024531450122594833,5.782401084899902,1928
cancer_type_top20,TCGA-MO-A47R,4,0.09312708675861359,3.3147265911102295,53
cancer_type_top20,TCGA-MP-A4T8,4,0.10436208546161652,4.095973968505859,157
cancer_type_top20,TCGA-MP-A4TI,4,0.09646394848823547,4.076695442199707,318
cancer_type_top20,TCGA-MP-A4TK,4,0.0676405131816864,4.592056751251221,456
cancer_type_top20,TCGA-MT-A67F,4,0.05268526077270508,4.412921905517578,397
cancer_type_top20,TCGA-MW-A4EC,4,0.18571016192436218,3.3049979209899902,61
cancer_type_top20,TCGA-MX-A5UJ,4,0.08044937998056412,5.34963321685791,1906
cancer_type_top20,TCGA-MZ-A5BI,4,0.11486829072237015,3.205352544784546,50
cancer_type_top20,TCGA-MZ-A6I9,4,0.21528343856334686,3.210700035095215,53
cancer_type_top20,TCGA-MZ-A7D7,4,0.09656237065792084,3.820945978164673,209
cancer_type_top20,TCGA-N1-A6IA,4,0.2662637233734131,3.0976881980895996,58
cancer_type_top20,TCGA-NC-A5HG,4,0.10370274633169174,4.93576717376709,802
cancer_type_top20,TCGA-NC-A5HH,4,0.06298815459012985,4.7786688804626465,455
cancer_type_top20,TCGA-NC-A5HK,4,0.08469422906637192,4.391948223114014,352
cancer_type_top20,TCGA-NC-A5HM,4,0.05081149935722351,4.718935489654541,370
cancer_type_top20,TCGA-NH-A50U,4,0.147893488407135,3.497917652130127,128
cancer_type_top20,TCGA-NH-A6GA,4,0.34330594539642334,2.240859031677246,137
cancer_type_top20,TCGA-NH-A6GB,4,0.20848803222179413,3.796006202697754,251
cancer_type_top20,TCGA-NJ-A4YI,4,0.04829917103052139,5.019468307495117,580
cancer_type_top20,TCGA-NJ-A55A,4,0.10944244265556335,3.898977041244507,150
cancer_type_top20,TCGA-NJ-A55R,4,0.07254821807146072,4.477482795715332,338
cancer_type_top20,TCGA-NK-A5CR,4,0.1390073597431183,4.375216960906982,398
cancer_type_top20,TCGA-NK-A5D1,4,0.158938467502594,3.7745602130889893,164
cancer_type_top20,TCGA-O2-A52V,4,0.04290677607059479,4.715248107910156,344
cancer_type_top20,TCGA-OK-A5Q2,4,0.2641383111476898,2.8718066215515137,44
cancer_type_top20,TCGA-OL-A5DA,4,0.08672381937503815,3.6390416622161865,118
cancer_type_top20,TCGA-OL-A5RZ,4,0.21335327625274658,3.875943183898926,167
cancer_type_top20,TCGA-OL-A66J,4,0.24524302780628204,2.874621629714966,72
cancer_type_top20,TCGA-OL-A66L,4,0.14242590963840485,3.4349262714385986,98
cancer_type_top20,TCGA-OL-A66N,4,0.28563958406448364,2.9937286376953125,62
cancer_type_top20,TCGA-P3-A6SX,4,0.06194412335753441,4.36306619644165,224
cancer_type_top20,TCGA-P3-A6T4,4,0.09394175559282303,3.8715856075286865,193
cancer_type_top20,TCGA-P3-A6T6,4,0.07179912179708481,4.0729827880859375,163
cancer_type_top20,TCGA-P3-A6T8,4,0.11351107060909271,3.7881319522857666,113
cancer_type_top20,TCGA-P4-A5EB,4,0.09077437222003937,4.364221572875977,204
cancer_type_top20,TCGA-P4-AAVM,4,0.1080770492553711,3.5592763423919678,76
cancer_type_top20,TCGA-P5-A5ET,4,0.6098266839981079,1.869958519935608,32
cancer_type_top20,TCGA-P5-A5EU,4,0.6121606230735779,1.673917293548584,35
cancer_type_top20,TCGA-P5-A5F4,4,0.2882193624973297,2.711434841156006,43
cancer_type_top20,TCGA-P5-A72U,4,0.11105915904045105,3.594658613204956,73
cancer_type_top20,TCGA-P5-A72W,4,0.29027992486953735,2.5247957706451416,44
cancer_type_top20,TCGA-P5-A72X,4,0.6700336933135986,1.3298759460449219,13
cancer_type_top20,TCGA-P5-A72Z,4,0.5829369425773621,1.9647530317306519,38
cancer_type_top20,TCGA-P5-A737,4,0.566399872303009,1.9185434579849243,31
cancer_type_top20,TCGA-P5-A77X,4,0.6323882937431335,1.775682806968689,42
cancer_type_top20,TCGA-P5-A781,4,0.4739704728126526,2.0500950813293457,23
cancer_type_top20,TCGA-PD-A5DF,4,0.1132996678352356,3.6230721473693848,66
cancer_type_top20,TCGA-PE-A5DC,4,0.0690297782421112,4.202214241027832,171
cancer_type_top20,TCGA-PG-A6IB,4,0.09529655426740646,4.498761177062988,812
cancer_type_top20,TCGA-PG-A916,4,0.25701871514320374,3.053929090499878,67
cancer_type_top20,TCGA-PJ-A5Z8,4,0.07292872667312622,3.7136950492858887,96
cancer_type_top20,TCGA-PJ-A8JU,4,0.14684328436851501,3.5361647605895996,137
cancer_type_top20,TCGA-PL-A8LY,4,0.48083990812301636,1.1397327184677124,8
cancer_type_top20,TCGA-Q9-A6FW,4,0.031421154737472534,4.655529022216797,308
cancer_type_top20,TCGA-QC-A6FX,4,0.16594095528125763,3.1234140396118164,77
cancer_type_top20,TCGA-QG-A5Z2,4,0.18125541508197784,4.6801042556762695,1573
cancer_type_top20,TCGA-QH-A6CZ,4,0.5109947919845581,2.2231576442718506,46
cancer_type_top20,TCGA-QH-A6XC,4,0.2353011965751648,3.2015926837921143,65
cancer_type_top20,TCGA-QK-A6IH,4,0.1516701579093933,3.2816483974456787,84
cancer_type_top20,TCGA-QK-A6IJ,4,0.165683776140213,3.586395740509033,85
cancer_type_top20,TCGA-QK-A8Z8,4,0.0536113865673542,4.882768154144287,519
cancer_type_top20,TCGA-QL-A97D,4,0.18025143444538116,4.183509826660156,344
cancer_type_top20,TCGA-QQ-A5VB,4,0.1255565881729126,3.647404670715332,102
cancer_type_top20,TCGA-QQ-A8VG,4,0.04747544229030609,5.048600673675537,695
cancer_type_top20,TCGA-QS-A5YQ,4,0.035833023488521576,6.313114166259766,1677
cancer_type_top20,TCGA-QU-A6IP,4,0.28267377614974976,2.393125534057617,20
cancer_type_top20,TCGA-R5-A7ZE,4,0.07339701056480408,4.012272834777832,211
cancer_type_top20,TCGA-R5-A805,4,0.09149262309074402,3.8318679332733154,160
cancer_type_top20,TCGA-R6-A6KZ,4,0.06843734532594681,4.294668197631836,229
cancer_type_top20,TCGA-R6-A8W8,4,0.0570223368704319,4.198573112487793,220
cancer_type_top20,TCGA-RC-A7SF,4,0.0768374428153038,4.021255970001221,106
cancer_type_top20,TCGA-RC-A7SK,4,0.0582004077732563,4.646278381347656,218
cancer_type_top20,TCGA-RD-A7BS,4,0.08927782624959946,3.573180675506592,72
cancer_type_top20,TCGA-RD-A8N4,4,0.4190566837787628,1.4485766887664795,9
cancer_type_top20,TCGA-RD-A8N9,4,0.14249074459075928,3.7673020362854004,165
cancer_type_top20,TCGA-RN-AAAQ,4,0.07410075515508652,3.693575143814087,80
cancer_type_top20,TCGA-RR-A6KB,4,0.11449290812015533,3.306713342666626,61
cancer_type_top20,TCGA-RS-A6TO,4,0.11207397282123566,3.864637851715088,219
cancer_type_top20,TCGA-RU-A8FL,4,0.27378329634666443,3.216280221939087,218
cancer_type_top20,TCGA-RY-A843,4,0.521088182926178,1.998931884765625,27
cancer_type_top20,TCGA-S3-A6ZF,4,0.15883943438529968,3.2637815475463867,60
cancer_type_top20,TCGA-S3-AA14,4,0.0961260050535202,3.1503641605377197,27
cancer_type_top20,TCGA-S3-AA15,4,0.18492953479290009,2.8322927951812744,81
cancer_type_top20,TCGA-S3-AA17,4,0.11611726880073547,3.95736026763916,161
cancer_type_top20,TCGA-S5-A6DX,4,0.018894966691732407,5.440651893615723,911
cancer_type_top20,TCGA-S5-AA26,4,0.12324255704879761,4.144262790679932,309
cancer_type_top20,TCGA-S8-A6BV,4,0.11018675565719604,3.8885984420776367,203
cancer_type_top20,TCGA-S9-A6TX,4,0.4023095667362213,2.354363441467285,46
cancer_type_top20,TCGA-S9-A6U5,4,0.3957352340221405,1.8228541612625122,28
cancer_type_top20,TCGA-S9-A6U9,4,0.6048606038093567,1.721051573753357,30
cancer_type_top20,TCGA-S9-A6WD,4,0.7316272854804993,1.4002712965011597,46
cancer_type_top20,TCGA-S9-A6WL,4,0.3512367606163025,3.1008658409118652,73
cancer_type_top20,TCGA-S9-A7IX,4,0.40500909090042114,2.484302043914795,38
cancer_type_top20,TCGA-S9-A7J3,4,0.7044246196746826,1.4701753854751587,36
cancer_type_top20,TCGA-S9-A7QY,4,0.18437620997428894,3.141340970993042,57
cancer_type_top20,TCGA-S9-A7R7,4,0.4568701684474945,2.098576307296753,30
cancer_type_top20,TCGA-SG-A6Z7,4,0.10910163074731827,3.800999879837036,93
cancer_type_top20,TCGA-SI-A71O,4,0.13267900049686432,3.845005989074707,148
cancer_type_top20,TCGA-SI-AA8B,4,0.14777728915214539,3.526982307434082,79
cancer_type_top20,TCGA-SJ-A6ZI,4,0.04702216014266014,5.934770107269287,2462
cancer_type_top20,TCGA-SJ-A6ZJ,4,0.13600435853004456,3.5752947330474854,109
cancer_type_top20,TCGA-SX-A71S,4,0.05465536192059517,4.560511112213135,193
cancer_type_top20,TCGA-SX-A7SQ,4,0.22666394710540771,3.437432289123535,135
cancer_type_top20,TCGA-SY-A9G0,4,0.13997936248779297,3.3550987243652344,68
cancer_type_top20,TCGA-T2-A6WZ,4,0.13526317477226257,3.8129611015319824,134
cancer_type_top20,TCGA-T7-A92I,4,0.11525236070156097,3.136704921722412,48
cancer_type_top20,TCGA-TM-A7C4,4,0.36128026247024536,2.8601489067077637,48
cancer_type_top20,TCGA-TM-A7CA,4,0.3390170931816101,2.499112606048584,47
cancer_type_top20,TCGA-TM-A84R,4,0.16810058057308197,2.458749294281006,14
cancer_type_top20,TCGA-TM-A84S,4,0.4485722482204437,2.18436598777771,25
cancer_type_top20,TCGA-TM-A84T,4,0.4169231951236725,2.2386045455932617,26
cancer_type_top20,TCGA-TP-A8TT,4,0.12641499936580658,3.167527437210083,34
cancer_type_top20,TCGA-TQ-A7RF,4,0.5789068937301636,1.9233168363571167,34
cancer_type_top20,TCGA-TQ-A7RI,4,0.5615363121032715,1.984330177307129,39
cancer_type_top20,TCGA-TQ-A7RO,4,0.16006013751029968,2.8696985244750977,26
cancer_type_top20,TCGA-TQ-A7RQ,4,0.5374841690063477,1.8857345581054688,39
cancer_type_top20,TCGA-UB-A7MD,4,0.07287702709436417,4.139634132385254,161
cancer_type_top20,TCGA-UB-A7ME,4,0.15207120776176453,3.9783778190612793,129
cancer_type_top20,TCGA-UB-AA0U,4,0.10069745033979416,4.12547492980957,119
cancer_type_top20,TCGA-UC-A7PG,4,0.04399489238858223,5.204950332641602,835
cancer_type_top20,TCGA-UF-A7JJ,4,0.12550485134124756,3.673898458480835,99
cancer_type_top20,TCGA-UL-AAZ6,4,0.1347692459821701,3.9351468086242676,150
cancer_type_top20,TCGA-UY-A78N,4,0.05683374032378197,4.425158500671387,386
cancer_type_top20,TCGA-UY-A78O,4,0.10093412548303604,4.16616153717041,249
cancer_type_top20,TCGA-UY-A78P,4,0.035672876983881,4.736255645751953,385
cancer_type_top20,TCGA-UZ-A9PJ,4,0.2394668012857437,3.431326150894165,94
cancer_type_top20,TCGA-UZ-A9PU,4,0.09195879101753235,3.5995285511016846,76
cancer_type_top20,TCGA-UZ-A9Q0,4,0.1241358295083046,3.617339849472046,83
cancer_type_top20,TCGA-UZ-A9Q1,4,0.12974479794502258,3.647791862487793,115
cancer_type_top20,TCGA-V1-A8MJ,4,0.4298286736011505,1.614153265953064,20
cancer_type_top20,TCGA-V1-A9O5,4,0.09451904892921448,3.8138785362243652,95
cancer_type_top20,TCGA-V1-A9O9,4,0.17797566950321198,2.817732334136963,39
cancer_type_top20,TCGA-V1-A9OF,4,0.7699151039123535,1.090852975845337,18
cancer_type_top20,TCGA-V1-A9Z8,4,0.15133735537528992,2.9724631309509277,36
cancer_type_top20,TCGA-V1-A9ZI,4,0.2167188972234726,3.125824451446533,39
cancer_type_top20,TCGA-VM-A8CA,4,0.5931380987167358,1.895383596420288,34
cancer_type_top20,TCGA-VN-A88O,4,0.3857651650905609,2.5614752769470215,46
cancer_type_top20,TCGA-VN-A88P,4,0.18780173361301422,3.0644900798797607,52
cancer_type_top20,TCGA-VN-A88Q,4,0.14142626523971558,3.355612277984619,48
cancer_type_top20,TCGA-VP-A879,4,0.08562954515218735,3.6448190212249756,54
cancer_type_top20,TCGA-VP-A87J,4,0.11118917912244797,3.2981255054473877,42
cancer_type_top20,TCGA-VQ-A8DL,4,0.18296395242214203,4.0505690574646,180
cancer_type_top20,TCGA-VQ-A8DT,4,0.0636884942650795,4.221007823944092,239
cancer_type_top20,TCGA-VQ-A8DU,4,0.07193257659673691,4.086703300476074,178
cancer_type_top20,TCGA-VQ-A8DV,4,0.39608073234558105,2.647468328475952,88
cancer_type_top20,TCGA-VQ-A8DZ,4,0.12795576453208923,3.6487913131713867,111
cancer_type_top20,TCGA-VQ-A8E0,4,0.22712723910808563,3.235893726348877,128
cancer_type_top20,TCGA-VQ-A8E7,4,0.04782562330365181,4.23649787902832,144
cancer_type_top20,TCGA-VQ-A8P2,4,0.04900749400258064,6.928606986999512,5000
cancer_type_top20,TCGA-VQ-A8PO,4,0.06562008708715439,4.949628829956055,1133
cancer_type_top20,TCGA-VQ-A8PY,4,0.15596184134483337,3.409048080444336,120
cancer_type_top20,TCGA-VQ-A8PZ,4,0.08851473778486252,3.9569783210754395,110
cancer_type_top20,TCGA-VQ-A91N,4,0.10449723154306412,3.9688873291015625,160
cancer_type_top20,TCGA-VQ-A91X,4,0.07582282274961472,4.372307777404785,266
cancer_type_top20,TCGA-VQ-A91Z,4,0.11581885814666748,4.068251132965088,179
cancer_type_top20,TCGA-VQ-A924,4,0.07071420550346375,5.093049049377441,1739
cancer_type_top20,TCGA-VQ-A92D,4,0.09796502441167831,4.245323181152344,173
cancer_type_top20,TCGA-VQ-AA69,4,0.12614011764526367,3.731274127960205,86
cancer_type_top20,TCGA-VQ-AA6D,4,0.04746648296713829,5.509668350219727,998
cancer_type_top20,TCGA-VR-A8EQ,4,0.04650088772177696,4.150522708892822,257
cancer_type_top20,TCGA-VR-AA7D,4,0.10183555632829666,3.897214651107788,172
cancer_type_top20,TCGA-VS-A8EJ,4,0.0555373914539814,4.607492446899414,225
cancer_type_top20,TCGA-VS-A8EL,4,0.05395149067044258,4.673386096954346,525
cancer_type_top20,TCGA-VS-A8Q8,4,0.1541614979505539,3.4281606674194336,143
cancer_type_top20,TCGA-VS-A8QC,4,0.06786690652370453,4.4544477462768555,236
cancer_type_top20,TCGA-VS-A94W,4,0.19463582336902618,3.5036258697509766,119
cancer_type_top20,TCGA-VS-A950,4,0.11507110297679901,3.831308364868164,163
cancer_type_top20,TCGA-VS-A959,4,0.09418715536594391,4.390697479248047,429
cancer_type_top20,TCGA-VS-A9U5,4,0.14540480077266693,3.6649022102355957,150
cancer_type_top20,TCGA-VS-A9U7,4,0.057890430092811584,4.504987716674805,285
cancer_type_top20,TCGA-VS-A9UA,4,0.10630621016025543,4.333056926727295,303
cancer_type_top20,TCGA-VS-A9UD,4,0.15840263664722443,3.8623971939086914,309
cancer_type_top20,TCGA-VS-A9UH,4,0.05587362125515938,4.721236228942871,350
cancer_type_top20,TCGA-VS-A9UJ,4,0.13208431005477905,4.227791786193848,602
cancer_type_top20,TCGA-VS-A9UQ,4,0.31629064679145813,2.618253469467163,49
cancer_type_top20,TCGA-VS-A9UV,4,0.3880290985107422,3.1280899047851562,153
cancer_type_top20,TCGA-VS-A9UZ,4,0.10157383978366852,4.123199462890625,315
cancer_type_top20,TCGA-VS-AA62,4,0.18656258285045624,3.8280959129333496,167
cancer_type_top20,TCGA-W3-A825,4,0.030631495639681816,5.839845180511475,1568
cancer_type_top20,TCGA-W3-AA1V,4,0.017104165628552437,7.084988594055176,5000
cancer_type_top20,TCGA-W9-A837,4,0.49095234274864197,2.1722936630249023,35
cancer_type_top20,TCGA-WE-A8K6,4,0.10715377330780029,4.56891393661499,371
cancer_type_top20,TCGA-WE-A8ZM,4,0.07487020641565323,3.959235668182373,106
cancer_type_top20,TCGA-WK-A8XY,4,0.28848356008529663,3.1889946460723877,92
cancer_type_top20,TCGA-WK-A8Y0,4,0.15955005586147308,3.4348971843719482,77
cancer_type_top20,TCGA-WL-A834,4,0.23493453860282898,3.4168686866760254,147
cancer_type_top20,TCGA-WQ-AB4B,4,0.09381840378046036,3.5523900985717773,106
cancer_type_top20,TCGA-WS-AB45,4,0.03517699986696243,5.899428367614746,3943
cancer_type_top20,TCGA-WW-A8ZI,4,0.12403443455696106,3.163058042526245,38
cancer_type_top20,TCGA-WY-A85D,4,0.43359240889549255,2.3487656116485596,48
cancer_type_top20,TCGA-X2-A95T,4,0.10886290669441223,3.829174518585205,93
cancer_type_top20,TCGA-X6-A7WA,4,0.03272653743624687,5.7570037841796875,699
cancer_type_top20,TCGA-XF-A8HE,4,0.03671511262655258,5.076719760894775,570
cancer_type_top20,TCGA-XF-A8HF,4,0.08326588571071625,3.8261642456054688,202
cancer_type_top20,TCGA-XF-A8HG,4,0.08807329088449478,4.4681854248046875,422
cancer_type_top20,TCGA-XF-A9SJ,4,0.04216591641306877,4.491611480712891,395
cancer_type_top20,TCGA-XF-A9SP,4,0.05780613049864769,4.605569839477539,422
cancer_type_top20,TCGA-XF-A9T2,4,0.11313101649284363,3.5492053031921387,125
cancer_type_top20,TCGA-XF-A9T5,4,0.026512742042541504,5.528487205505371,942
cancer_type_top20,TCGA-XF-AAMJ,4,0.24727891385555267,3.0509250164031982,58
cancer_type_top20,TCGA-XF-AAN0,4,0.04223502427339554,4.965484619140625,563
cancer_type_top20,TCGA-XF-AAN1,4,0.1146659106016159,3.819767951965332,112
cancer_type_top20,TCGA-XF-AAN3,4,0.058666717261075974,3.9510066509246826,213
cancer_type_top20,TCGA-XJ-A9DI,4,0.16492822766304016,2.8138089179992676,24
cancer_type_top20,TCGA-XK-AAIW,4,0.007884734310209751,7.567408084869385,5000
cancer_type_top20,TCGA-XK-AAJP,4,0.1208951398730278,3.488492012023926,49
cancer_type_top20,TCGA-XR-A8TE,4,0.3745233416557312,2.2934927940368652,27
cancer_type_top20,TCGA-Y8-A895,4,0.09095455706119537,4.003644943237305,149
cancer_type_top20,TCGA-Y8-A898,4,0.12929974496364594,3.578439474105835,95
cancer_type_top20,TCGA-YF-AA3L,4,0.11061712354421616,4.333652496337891,425
cancer_type_top20,TCGA-YJ-A8SW,4,0.152383491396904,3.3803720474243164,78
cancer_type_top20,TCGA-YL-A8HJ,4,0.12346887588500977,3.261780261993408,40
cancer_type_top20,TCGA-YL-A8HL,4,0.27677425742149353,2.645233392715454,26
cancer_type_top20,TCGA-YL-A8HM,4,0.4944606125354767,2.367938280105591,53
cancer_type_top20,TCGA-YL-A8SF,4,0.13551926612854004,2.6038269996643066,20
cancer_type_top20,TCGA-YL-A9WX,4,0.17168262600898743,2.4097819328308105,13
cancer_type_top20,TCGA-Z4-A9VC,4,0.44829389452934265,1.983941674232483,50
cancer_type_top20,TCGA-ZA-A8F6,4,0.22325988113880157,2.8964290618896484,60
cancer_type_top20,TCGA-ZF-A9R5,4,0.08894789963960648,3.9477200508117676,130
cancer_type_top20,TCGA-ZF-A9RE,4,0.16710522770881653,3.471465826034546,89
cancer_type_top20,TCGA-ZF-AA4X,4,0.023956239223480225,5.344399452209473,870
cancer_type_top20,TCGA-ZF-AA52,4,0.15769332647323608,3.5417044162750244,160
cancer_type_top20,TCGA-ZF-AA54,4,0.049147360026836395,4.294454574584961,253
cancer_type_top20,TCGA-ZG-A8QW,4,0.14905957877635956,3.25712251663208,46
cancer_type_top20,TCGA-ZG-A9L1,4,0.09071808308362961,3.348285436630249,39
cancer_type_top20,TCGA-ZG-A9L4,4,0.3301714360713959,2.682778835296631,32
cancer_type_top20,TCGA-ZG-A9LB,4,0.2758084535598755,2.968549966812134,69
cancer_type_top20,TCGA-ZG-A9LS,4,0.2186884880065918,2.740292549133301,28
cancer_type_top20,TCGA-ZG-A9N3,4,0.1411827653646469,3.6034445762634277,77
cancer_type_top20,TCGA-ZJ-A8QR,4,0.08323848992586136,4.080955982208252,216
cancer_type_top20,TCGA-ZP-A9D2,4,0.0717160627245903,3.8524158000946045,84
cancer_type_top20,TCGA-02-0055,5,0.22238224744796753,2.6222083568573,77
cancer_type_top20,TCGA-02-2470,5,0.39395129680633545,1.4846510887145996,76
cancer_type_top20,TCGA-04-1348,5,0.7790303230285645,0.9987080693244934,82
cancer_type_top20,TCGA-04-1362,5,0.8659040927886963,0.6771971583366394,93
cancer_type_top20,TCGA-05-4384,5,0.5504335761070251,1.8043895959854126,174
cancer_type_top20,TCGA-05-4415,5,0.39524638652801514,2.4046483039855957,263
cancer_type_top20,TCGA-05-4418,5,0.23069123923778534,2.646533966064453,351
cancer_type_top20,TCGA-05-4424,5,0.46397650241851807,2.3383617401123047,958
cancer_type_top20,TCGA-05-4427,5,0.1324634999036789,3.663936138153076,1324
cancer_type_top20,TCGA-05-5420,5,0.48868176341056824,1.7595311403274536,121
cancer_type_top20,TCGA-05-5425,5,0.19555479288101196,3.0501351356506348,750
cancer_type_top20,TCGA-06-0122,5,0.6932076215744019,1.5636179447174072,105
cancer_type_top20,TCGA-06-0139,5,0.27266407012939453,1.382340908050537,4
cancer_type_top20,TCGA-06-0167,5,0.41090285778045654,1.1995922327041626,4
cancer_type_top20,TCGA-06-0168,5,0.21955864131450653,2.658724784851074,55
cancer_type_top20,TCGA-06-0169,5,0.42952263355255127,2.521951198577881,69
cancer_type_top20,TCGA-06-0195,5,0.4902149438858032,1.6358834505081177,94
cancer_type_top20,TCGA-06-0213,5,0.9541013240814209,0.2623986005783081,79
cancer_type_top20,TCGA-06-0216,5,0.8244187235832214,0.681615948677063,76
cancer_type_top20,TCGA-06-0237,5,0.9574805498123169,0.2562946379184723,60
cancer_type_top20,TCGA-06-0648,5,0.24113082885742188,2.527524948120117,87
cancer_type_top20,TCGA-06-0875,5,0.3431553244590759,1.987837314605713,86
cancer_type_top20,TCGA-06-0876,5,0.6246434450149536,0.8325846791267395,96
cancer_type_top20,TCGA-06-1087,5,0.862074077129364,0.7725622057914734,126
cancer_type_top20,TCGA-06-1804,5,0.7362121939659119,1.2814868688583374,110
cancer_type_top20,TCGA-06-2558,5,0.40666741132736206,2.0404326915740967,103
cancer_type_top20,TCGA-06-5414,5,0.5190918445587158,2.194945812225342,48
cancer_type_top20,TCGA-06-5856,5,0.8343251347541809,0.6356839537620544,73
cancer_type_top20,TCGA-06-5858,5,0.1912001222372055,4.299029350280762,257
cancer_type_top20,TCGA-06-6391,5,0.6575151085853577,1.0131924152374268,84
cancer_type_top20,TCGA-06-6693,5,0.37063026428222656,1.3403351306915283,69
cancer_type_top20,TCGA-06-6695,5,0.8779125809669495,0.44045108556747437,76
cancer_type_top20,TCGA-06-6699,5,0.1008099764585495,3.7280821800231934,74
cancer_type_top20,TCGA-06-6701,5,0.3763493001461029,1.2598626613616943,51
cancer_type_top20,TCGA-06-A6S1,5,0.47305330634117126,1.110395908355713,58
cancer_type_top20,TCGA-06-A7TK,5,0.3356444239616394,2.586888551712036,74
cancer_type_top20,TCGA-09-0369,5,0.7372715473175049,0.920642077922821,140
cancer_type_top20,TCGA-09-2044,5,0.0718463733792305,5.380250930786133,2926
cancer_type_top20,TCGA-09-2056,5,0.49043112993240356,2.350081443786621,111
cancer_type_top20,TCGA-10-0927,5,0.8949049115180969,0.48743706941604614,26
cancer_type_top20,TCGA-10-0930,5,0.498075008392334,2.178030490875244,223
cancer_type_top20,TCGA-12-0616,5,0.9608703255653381,0.2839575707912445,58
cancer_type_top20,TCGA-12-0656,5,0.7759132981300354,0.7434278726577759,78
cancer_type_top20,TCGA-12-0662,5,0.5804551243782043,1.2060647010803223,39
cancer_type_top20,TCGA-12-0691,5,0.8206068277359009,0.6440211534500122,81
cancer_type_top20,TCGA-12-0775,5,0.3100176155567169,2.8423407077789307,282
cancer_type_top20,TCGA-12-0821,5,0.610588550567627,1.5919113159179688,91
cancer_type_top20,TCGA-12-0822,5,0.41560277342796326,1.8329294919967651,100
cancer_type_top20,TCGA-12-1093,5,0.2377886027097702,3.0555384159088135,126
cancer_type_top20,TCGA-12-1600,5,0.5236505270004272,1.7106645107269287,93
cancer_type_top20,TCGA-12-3650,5,0.9665067791938782,0.2739913761615753,67
cancer_type_top20,TCGA-12-3652,5,0.9344713091850281,0.4189470708370209,82
cancer_type_top20,TCGA-12-5295,5,0.40635767579078674,1.8451882600784302,93
cancer_type_top20,TCGA-13-0757,5,0.5185223817825317,1.606900691986084,130
cancer_type_top20,TCGA-13-0804,5,0.957684338092804,0.2886817157268524,52
cancer_type_top20,TCGA-13-0884,5,0.44986096024513245,1.3690195083618164,155
cancer_type_top20,TCGA-13-0885,5,0.5271114706993103,2.1623382568359375,260
cancer_type_top20,TCGA-13-0888,5,0.4738710820674896,2.377795457839966,260
cancer_type_top20,TCGA-13-0920,5,0.6713582873344421,1.8297983407974243,386
cancer_type_top20,TCGA-13-1403,5,0.49472132325172424,1.3124198913574219,89
cancer_type_top20,TCGA-13-1404,5,0.5323249697685242,1.382201075553894,79
cancer_type_top20,TCGA-13-1405,5,0.3612963855266571,1.6034961938858032,75
cancer_type_top20,TCGA-13-1412,5,0.46265244483947754,1.6863244771957397,93
cancer_type_top20,TCGA-13-1477,5,0.17078693211078644,2.9397342205047607,300
cancer_type_top20,TCGA-13-1509,5,0.7800149917602539,0.9939590692520142,131
cancer_type_top20,TCGA-13-2057,5,0.4227489233016968,1.9336144924163818,266
cancer_type_top20,TCGA-14-0740,5,0.7490124702453613,1.3118412494659424,62
cancer_type_top20,TCGA-14-0790,5,0.5026845932006836,0.9572151303291321,86
cancer_type_top20,TCGA-14-0817,5,0.5817292332649231,1.9629145860671997,91
cancer_type_top20,TCGA-14-0862,5,0.9704838395118713,0.19576892256736755,51
cancer_type_top20,TCGA-14-0871,5,0.9606757760047913,0.24403177201747894,69
cancer_type_top20,TCGA-14-1037,5,0.8542221784591675,0.8450621962547302,78
cancer_type_top20,TCGA-14-1456,5,0.22207136452198029,2.1705286502838135,33
cancer_type_top20,TCGA-14-1794,5,0.741671085357666,1.3310083150863647,304
cancer_type_top20,TCGA-14-1827,5,0.3464365601539612,1.5519826412200928,80
cancer_type_top20,TCGA-15-1446,5,0.4700213670730591,2.2180521488189697,255
cancer_type_top20,TCGA-16-1460,5,0.22486382722854614,2.0591886043548584,154
cancer_type_top20,TCGA-18-3411,5,0.2042790651321411,2.463515043258667,551
cancer_type_top20,TCGA-18-5592,5,0.3502715229988098,2.2215049266815186,383
cancer_type_top20,TCGA-18-5595,5,0.5003358721733093,1.915199637413025,321
cancer_type_top20,TCGA-19-0957,5,0.19999726116657257,2.8398890495300293,182
cancer_type_top20,TCGA-19-1390,5,0.8817399740219116,0.6078174710273743,147
cancer_type_top20,TCGA-19-4068,5,0.4838227331638336,2.1185872554779053,84
cancer_type_top20,TCGA-19-5952,5,0.42224815487861633,2.334479331970215,56
cancer_type_top20,TCGA-19-5955,5,0.6849269270896912,0.9069005250930786,95
cancer_type_top20,TCGA-19-A60I,5,0.28727802634239197,2.9679064750671387,43
cancer_type_top20,TCGA-20-0996,5,0.9354581236839294,0.3504454493522644,40
cancer_type_top20,TCGA-20-1684,5,0.4152947962284088,1.7138932943344116,59
cancer_type_top20,TCGA-21-1078,5,0.48063135147094727,1.5188950300216675,105
cancer_type_top20,TCGA-22-0944,5,0.7563458681106567,1.0619010925292969,170
cancer_type_top20,TCGA-22-4591,5,0.4459105134010315,2.3602917194366455,280
cancer_type_top20,TCGA-22-4609,5,0.31307458877563477,2.1052114963531494,265
cancer_type_top20,TCGA-22-5473,5,0.18826593458652496,3.07613468170166,1043
cancer_type_top20,TCGA-22-5478,5,0.20826184749603271,2.3971972465515137,242
cancer_type_top20,TCGA-22-5489,5,0.3438906967639923,1.702321171760559,318
cancer_type_top20,TCGA-22-5491,5,0.537198007106781,1.4579041004180908,431
cancer_type_top20,TCGA-23-1032,5,0.9240723252296448,0.3766828775405884,299
cancer_type_top20,TCGA-23-1113,5,0.8398925065994263,0.8862336874008179,71
cancer_type_top20,TCGA-23-1114,5,0.5763727426528931,1.574547290802002,189
cancer_type_top20,TCGA-23-1809,5,0.7716933488845825,0.9439292550086975,62
cancer_type_top20,TCGA-23-2078,5,0.751034677028656,1.235856294631958,284
cancer_type_top20,TCGA-24-0982,5,0.8015244007110596,0.9601453542709351,92
cancer_type_top20,TCGA-24-1418,5,0.907263457775116,0.505009651184082,87
cancer_type_top20,TCGA-24-1422,5,0.5726701617240906,1.767674446105957,242
cancer_type_top20,TCGA-24-1423,5,0.8813072443008423,0.7351555824279785,126
cancer_type_top20,TCGA-24-1463,5,0.629132866859436,0.8401424288749695,93
cancer_type_top20,TCGA-24-1470,5,0.744030773639679,1.174669861793518,95
cancer_type_top20,TCGA-24-1552,5,0.692427396774292,1.2967212200164795,73
cancer_type_top20,TCGA-24-2019,5,0.9674555063247681,0.22514505684375763,71
cancer_type_top20,TCGA-24-2030,5,0.4308406114578247,1.779200553894043,96
cancer_type_top20,TCGA-24-2254,5,0.41250622272491455,1.3904505968093872,94
cancer_type_top20,TCGA-24-2262,5,0.4558561444282532,1.655472755432129,146
cancer_type_top20,TCGA-24-2267,5,0.8626892566680908,0.7068061828613281,165
cancer_type_top20,TCGA-24-2271,5,0.9273890256881714,0.47041094303131104,74
cancer_type_top20,TCGA-24-2289,5,0.40106478333473206,1.791135549545288,229
cancer_type_top20,TCGA-25-1313,5,0.5765994787216187,1.6843373775482178,255
cancer_type_top20,TCGA-25-1314,5,0.942223846912384,0.35091352462768555,117
cancer_type_top20,TCGA-25-1320,5,0.8116112351417542,1.0186643600463867,165
cancer_type_top20,TCGA-25-1323,5,0.8469793796539307,0.7255461812019348,116
cancer_type_top20,TCGA-25-1328,5,0.643123209476471,1.0358471870422363,48
cancer_type_top20,TCGA-25-1329,5,0.6144735813140869,1.6927299499511719,84
cancer_type_top20,TCGA-25-2393,5,0.5330217480659485,2.0249454975128174,99
cancer_type_top20,TCGA-25-2408,5,0.4938238263130188,1.8780577182769775,24
cancer_type_top20,TCGA-26-5136,5,0.5103963613510132,1.5863497257232666,68
cancer_type_top20,TCGA-27-1831,5,0.6535617709159851,1.206771969795227,67
cancer_type_top20,TCGA-27-1832,5,0.6023530960083008,1.6637767553329468,50
cancer_type_top20,TCGA-27-1835,5,0.7167421579360962,1.2467718124389648,88
cancer_type_top20,TCGA-28-1747,5,0.9199026226997375,0.38190749287605286,60
cancer_type_top20,TCGA-28-1752,5,0.40509477257728577,1.5131102800369263,118
cancer_type_top20,TCGA-28-1755,5,0.7604858875274658,1.1363470554351807,117
cancer_type_top20,TCGA-28-2502,5,0.9703798890113831,0.2140759527683258,67
cancer_type_top20,TCGA-28-2513,5,0.9482367038726807,0.3093509376049042,99
cancer_type_top20,TCGA-28-2514,5,0.10431400686502457,3.523122787475586,72
cancer_type_top20,TCGA-28-5209,5,0.50685715675354,1.264183759689331,112
cancer_type_top20,TCGA-28-5214,5,0.2237122803926468,2.588632106781006,62
cancer_type_top20,TCGA-28-5216,5,0.32164886593818665,1.9230657815933228,67
cancer_type_top20,TCGA-29-1693,5,0.8314433097839355,0.8602060675621033,146
cancer_type_top20,TCGA-29-1696,5,0.9376531839370728,0.34591034054756165,80
cancer_type_top20,TCGA-29-1697,5,0.8237802386283875,0.7563327550888062,48
cancer_type_top20,TCGA-29-1768,5,0.7199230194091797,0.7856764197349548,62
cancer_type_top20,TCGA-29-1769,5,0.6465679407119751,1.3496886491775513,115
cancer_type_top20,TCGA-29-1774,5,0.9049966931343079,0.6036404967308044,71
cancer_type_top20,TCGA-29-1777,5,0.503958523273468,2.2406845092773438,191
cancer_type_top20,TCGA-29-1783,5,0.8070158958435059,0.9655015468597412,102
cancer_type_top20,TCGA-29-2427,5,0.4418514370918274,1.50751531124115,99
cancer_type_top20,TCGA-29-2429,5,0.6195468902587891,1.7444230318069458,117
cancer_type_top20,TCGA-29-2431,5,0.808318555355072,0.9109247326850891,58
cancer_type_top20,TCGA-2A-A8VT,5,0.44763922691345215,1.7750450372695923,55
cancer_type_top20,TCGA-2F-A9KO,5,0.2675049602985382,1.9913272857666016,740
cancer_type_top20,TCGA-2H-A9GQ,5,0.248007133603096,2.2887468338012695,234
cancer_type_top20,TCGA-2Y-A9GS,5,0.818210244178772,0.7210792899131775,95
cancer_type_top20,TCGA-2Y-A9H8,5,0.6309542655944824,1.684704303741455,116
cancer_type_top20,TCGA-2Y-A9HA,5,0.7128711938858032,1.3215899467468262,220
cancer_type_top20,TCGA-2Z-A9J1,5,0.4923132359981537,2.1850056648254395,141
cancer_type_top20,TCGA-2Z-A9J6,5,0.38617458939552307,1.9719866514205933,74
cancer_type_top20,TCGA-2Z-A9JG,5,0.6388623118400574,1.8874975442886353,116
cancer_type_top20,TCGA-2Z-A9JL,5,0.44369906187057495,1.5537643432617188,129
cancer_type_top20,TCGA-2Z-A9JO,5,0.3260667026042938,2.450833320617676,54
cancer_type_top20,TCGA-2Z-A9JR,5,0.2783688008785248,2.382086753845215,71
cancer_type_top20,TCGA-2Z-A9JS,5,0.23400907218456268,3.178093433380127,168
cancer_type_top20,TCGA-30-1718,5,0.5071854591369629,1.877373456954956,217
cancer_type_top20,TCGA-30-1891,5,0.8774728178977966,0.6872261762619019,99
cancer_type_top20,TCGA-32-1991,5,0.6545653343200684,0.9679068326950073,75
cancer_type_top20,TCGA-32-2632,5,0.9847695231437683,0.11502958834171295,130
cancer_type_top20,TCGA-32-4213,5,0.6683316826820374,1.405160665512085,86
cancer_type_top20,TCGA-33-4582,5,0.6290574073791504,1.5814522504806519,257
cancer_type_top20,TCGA-33-AASB,5,0.29269975423812866,2.256812334060669,477
cancer_type_top20,TCGA-33-AASL,5,0.38428637385368347,1.8485018014907837,388
cancer_type_top20,TCGA-34-2609,5,0.5443267822265625,1.9492214918136597,316
cancer_type_top20,TCGA-34-5236,5,0.400936484336853,2.227818489074707,281
cancer_type_top20,TCGA-34-8456,5,0.5918943285942078,1.7210067510604858,51
cancer_type_top20,TCGA-34-A5IX,5,0.17847178876399994,2.811343193054199,368
cancer_type_top20,TCGA-36-2542,5,0.909587025642395,0.5661960244178772,114
cancer_type_top20,TCGA-36-2545,5,0.923679769039154,0.4719279706478119,101
cancer_type_top20,TCGA-36-2551,5,0.9509792327880859,0.2461555451154709,49
cancer_type_top20,TCGA-36-2552,5,0.9403966069221497,0.3043048679828644,86
cancer_type_top20,TCGA-37-4130,5,0.09613166749477386,3.7900781631469727,1457
cancer_type_top20,TCGA-37-4133,5,0.5908081531524658,1.8996803760528564,377
cancer_type_top20,TCGA-37-4135,5,0.27229076623916626,2.826322078704834,407
cancer_type_top20,TCGA-37-A5EL,5,0.28719717264175415,2.6377930641174316,555
cancer_type_top20,TCGA-38-4626,5,0.2584340274333954,2.495753049850464,345
cancer_type_top20,TCGA-38-4632,5,0.18584100902080536,2.6288516521453857,693
cancer_type_top20,TCGA-39-5021,5,0.6444841027259827,1.3145582675933838,203
cancer_type_top20,TCGA-39-5035,5,0.441875696182251,1.6891939640045166,203
cancer_type_top20,TCGA-39-5036,5,0.3221519887447357,2.4332594871520996,341
cancer_type_top20,TCGA-39-5039,5,0.4696061611175537,1.9715368747711182,225
cancer_type_top20,TCGA-3B-A9HL,5,0.952517032623291,0.29797911643981934,74
cancer_type_top20,TCGA-3B-A9HO,5,0.7569378614425659,1.042589545249939,90
cancer_type_top20,TCGA-3B-A9HR,5,0.8947710394859314,0.5589011907577515,59
cancer_type_top20,TCGA-3B-A9HX,5,0.6945594549179077,1.1318422555923462,66
cancer_type_top20,TCGA-3K-AAZ8,5,0.139595165848732,3.06352162361145,203
cancer_type_top20,TCGA-3N-A9WB,5,0.9707250595092773,0.2109905183315277,224
cancer_type_top20,TCGA-41-4097,5,0.5888947248458862,1.7068136930465698,76
cancer_type_top20,TCGA-43-2578,5,0.18165574967861176,2.735194683074951,441
cancer_type_top20,TCGA-43-A474,5,0.35912343859672546,2.3059260845184326,485
cancer_type_top20,TCGA-44-2657,5,0.3024480640888214,2.823598623275757,1059
cancer_type_top20,TCGA-44-2661,5,0.4866107106208801,0.8495176434516907,108
cancer_type_top20,TCGA-44-2665,5,0.38535284996032715,1.827768325805664,131
cancer_type_top20,TCGA-44-2668,5,0.09903980791568756,3.0993235111236572,910
cancer_type_top20,TCGA-44-5645,5,0.1524512618780136,2.8654205799102783,92
cancer_type_top20,TCGA-44-6144,5,0.21094636619091034,2.7273221015930176,569
cancer_type_top20,TCGA-44-6778,5,0.06884749233722687,3.6664109230041504,1014
cancer_type_top20,TCGA-44-7659,5,0.28105098009109497,2.648414373397827,387
cancer_type_top20,TCGA-44-8119,5,0.11783129721879959,3.108342409133911,800
cancer_type_top20,TCGA-44-A47B,5,0.28170403838157654,2.283440113067627,64
cancer_type_top20,TCGA-44-A47F,5,0.10963559150695801,3.119229793548584,117
cancer_type_top20,TCGA-44-A4SU,5,0.5382959246635437,1.5454157590866089,193
cancer_type_top20,TCGA-46-3767,5,0.33453306555747986,2.0716981887817383,345
cancer_type_top20,TCGA-46-3769,5,0.0709553137421608,3.5779004096984863,1234
cancer_type_top20,TCGA-46-6025,5,0.47408226132392883,1.785316824913025,250
cancer_type_top20,TCGA-49-4512,5,0.292804092168808,2.01202654838562,59
cancer_type_top20,TCGA-49-6744,5,0.19384048879146576,2.524477243423462,304
cancer_type_top20,TCGA-49-6745,5,0.8097468614578247,0.9648512601852417,179
cancer_type_top20,TCGA-49-6761,5,0.16793428361415863,2.6355810165405273,424
cancer_type_top20,TCGA-49-AAR3,5,0.3836657702922821,2.141899824142456,174
cancer_type_top20,TCGA-4C-A93U,5,0.9644831418991089,0.17797818779945374,73
cancer_type_top20,TCGA-4W-AA9S,5,0.7382339835166931,1.0647307634353638,71
cancer_type_top20,TCGA-4W-AA9T,5,0.34752804040908813,2.338641881942749,66
cancer_type_top20,TCGA-4Z-AA7W,5,0.5611675977706909,1.6989167928695679,712
cancer_type_top20,TCGA-50-5931,5,0.34425076842308044,2.4673728942871094,398
cancer_type_top20,TCGA-50-5933,5,0.28580090403556824,2.7973623275756836,687
cancer_type_top20,TCGA-50-5939,5,0.4679269790649414,1.9388916492462158,110
cancer_type_top20,TCGA-50-5942,5,0.755940318107605,0.9543648362159729,75
cancer_type_top20,TCGA-50-5946,5,0.1562448889017105,2.96775221824646,1723
cancer_type_top20,TCGA-50-6591,5,0.5764499306678772,1.108998417854309,76
cancer_type_top20,TCGA-50-6595,5,0.8126694560050964,0.7338736653327942,125
cancer_type_top20,TCGA-50-6597,5,0.690720796585083,1.008317232131958,81
cancer_type_top20,TCGA-55-1592,5,0.20252364873886108,2.9764347076416016,715
cancer_type_top20,TCGA-55-5899,5,0.3125750720500946,2.498507022857666,561
cancer_type_top20,TCGA-55-6971,5,0.3805429935455322,2.2788989543914795,300
cancer_type_top20,TCGA-55-6975,5,0.45904776453971863,1.5528078079223633,114
cancer_type_top20,TCGA-55-6983,5,0.6550717949867249,1.4362521171569824,145
cancer_type_top20,TCGA-55-7724,5,0.23189038038253784,2.502408504486084,290
cancer_type_top20,TCGA-55-7726,5,0.8729904294013977,0.7303644418716431,146
cancer_type_top20,TCGA-55-7727,5,0.4337826669216156,1.635834813117981,322
cancer_type_top20,TCGA-55-7728,5,0.36396077275276184,2.0257039070129395,124
cancer_type_top20,TCGA-55-7903,5,0.4692150056362152,1.0885262489318848,202
cancer_type_top20,TCGA-55-8096,5,0.6532348394393921,0.931693434715271,182
cancer_type_top20,TCGA-55-8206,5,0.9722384810447693,0.17139391601085663,41
cancer_type_top20,TCGA-55-8301,5,0.27531811594963074,2.38615083694458,387
cancer_type_top20,TCGA-55-8513,5,0.2788231372833252,1.9074763059616089,9
cancer_type_top20,TCGA-55-8620,5,0.21377640962600708,2.762061595916748,639
cancer_type_top20,TCGA-55-8621,5,0.22590240836143494,2.511352300643921,91
cancer_type_top20,TCGA-55-A494,5,0.35680779814720154,2.365466356277466,309
cancer_type_top20,TCGA-55-A57B,5,0.5467734932899475,1.3627701997756958,52
cancer_type_top20,TCGA-56-1622,5,0.6945653557777405,1.4423320293426514,300
cancer_type_top20,TCGA-56-6545,5,0.27944380044937134,2.4451189041137695,379
cancer_type_top20,TCGA-56-6546,5,0.2559976279735565,2.5717225074768066,449
cancer_type_top20,TCGA-56-7222,5,0.09779515862464905,3.6366891860961914,1041
cancer_type_top20,TCGA-56-7223,5,0.37711992859840393,1.7078685760498047,385
cancer_type_top20,TCGA-56-7582,5,0.3886183798313141,1.836897373199463,421
cancer_type_top20,TCGA-56-8624,5,0.181942418217659,2.6457695960998535,321
cancer_type_top20,TCGA-56-8629,5,0.18554463982582092,2.8476295471191406,577
cancer_type_top20,TCGA-56-A49D,5,0.5411312580108643,1.9958391189575195,385
cancer_type_top20,TCGA-56-A4ZK,5,0.38952478766441345,2.363968849182129,306
cancer_type_top20,TCGA-58-8386,5,0.5769391059875488,1.6954333782196045,332
cancer_type_top20,TCGA-58-8387,5,0.3967309594154358,1.461198091506958,239
cancer_type_top20,TCGA-58-8393,5,0.7379730343818665,0.6990809440612793,347
cancer_type_top20,TCGA-59-2349,5,0.3320634365081787,3.814685583114624,1211
cancer_type_top20,TCGA-59-2363,5,0.847025990486145,0.7582963705062866,117
cancer_type_top20,TCGA-59-2372,5,0.8705753087997437,0.7775480151176453,116
cancer_type_top20,TCGA-59-A5PD,5,0.5846661329269409,2.096334457397461,265
cancer_type_top20,TCGA-5C-A9VG,5,0.1357889473438263,3.092017650604248,223
cancer_type_top20,TCGA-5L-AAT1,5,0.3772478699684143,1.838979721069336,1998
cancer_type_top20,TCGA-5P-A9JU,5,0.5812634825706482,1.4246457815170288,109
cancer_type_top20,TCGA-5P-A9K2,5,0.20128917694091797,3.2540645599365234,108
cancer_type_top20,TCGA-5T-A9QA,5,0.21313036978244781,3.5420210361480713,93
cancer_type_top20,TCGA-60-2698,5,0.14059148728847504,3.0543136596679688,1422
cancer_type_top20,TCGA-60-2703,5,0.34502214193344116,2.3933324813842773,388
cancer_type_top20,TCGA-60-2706,5,0.8311607837677002,0.8459041118621826,14
cancer_type_top20,TCGA-61-1738,5,0.5818142294883728,1.4464893341064453,81
cancer_type_top20,TCGA-61-1903,5,0.5197541117668152,2.250652551651001,89
cancer_type_top20,TCGA-61-2008,5,0.8880403637886047,0.6275313496589661,105
cancer_type_top20,TCGA-61-2016,5,0.6101506352424622,0.9031020998954773,46
cancer_type_top20,TCGA-61-2018,5,0.7768551707267761,1.1893656253814697,154
cancer_type_top20,TCGA-61-2088,5,0.887624204158783,0.5523640513420105,27
cancer_type_top20,TCGA-61-2094,5,0.7810841798782349,0.9350171089172363,94
cancer_type_top20,TCGA-61-2096,5,0.5064127445220947,1.458445429801941,156
cancer_type_top20,TCGA-61-2104,5,0.7531592845916748,0.9718486666679382,102
cancer_type_top20,TCGA-61-2111,5,0.7026957273483276,0.9445036053657532,141
cancer_type_top20,TCGA-61-2614,5,0.6596463322639465,1.6683584451675415,74
cancer_type_top20,TCGA-62-8394,5,0.894933819770813,0.4128448963165283,178
cancer_type_top20,TCGA-62-8398,5,0.4582290053367615,2.0623345375061035,106
cancer_type_top20,TCGA-62-8402,5,0.9718772768974304,0.16089721024036407,76
cancer_type_top20,TCGA-62-A46R,5,0.4839785695075989,1.7815861701965332,220
cancer_type_top20,TCGA-62-A46U,5,0.8544715642929077,0.6265522837638855,54
cancer_type_top20,TCGA-62-A46Y,5,0.909720778465271,0.46732524037361145,46
cancer_type_top20,TCGA-62-A471,5,0.985531210899353,0.11825200915336609,150
cancer_type_top20,TCGA-63-6202,5,0.29603856801986694,2.4340708255767822,441
cancer_type_top20,TCGA-63-7020,5,0.5808067917823792,1.6232670545578003,270
cancer_type_top20,TCGA-63-A5MI,5,0.5520279407501221,1.8527668714523315,278
cancer_type_top20,TCGA-63-A5MJ,5,0.5398240089416504,1.9575082063674927,252
cancer_type_top20,TCGA-63-A5MS,5,0.1752687245607376,2.544736623764038,510
cancer_type_top20,TCGA-63-A5MW,5,0.17591822147369385,2.8685522079467773,605
cancer_type_top20,TCGA-64-1679,5,0.317997008562088,2.5164413452148438,655
cancer_type_top20,TCGA-64-5778,5,0.36140868067741394,2.295583486557007,607
cancer_type_top20,TCGA-66-2754,5,0.5324043035507202,1.906991958618164,477
cancer_type_top20,TCGA-66-2755,5,0.403533399105072,2.3154029846191406,302
cancer_type_top20,TCGA-66-2756,5,0.1915781944990158,2.9481184482574463,657
cancer_type_top20,TCGA-66-2766,5,0.43421533703804016,1.7520644664764404,517
cancer_type_top20,TCGA-66-2771,5,0.40866145491600037,1.957259178161621,360
cancer_type_top20,TCGA-66-2787,5,0.15064436197280884,2.960050344467163,756
cancer_type_top20,TCGA-66-2795,5,0.6524672508239746,1.5369653701782227,568
cancer_type_top20,TCGA-66-2800,5,0.6365678310394287,1.3196274042129517,265
cancer_type_top20,TCGA-67-3772,5,0.9880262613296509,0.09094706177711487,84
cancer_type_top20,TCGA-67-3773,5,0.26028069853782654,2.3857226371765137,132
cancer_type_top20,TCGA-68-8250,5,0.36093220114707947,2.145118236541748,387
cancer_type_top20,TCGA-68-8251,5,0.243382066488266,2.602534294128418,401
cancer_type_top20,TCGA-69-7765,5,0.06828751415014267,3.3608782291412354,771
cancer_type_top20,TCGA-70-6722,5,0.1922842115163803,2.7360620498657227,383
cancer_type_top20,TCGA-73-4666,5,0.18151400983333588,3.069037675857544,500
cancer_type_top20,TCGA-75-5146,5,0.6019058227539062,1.266566276550293,249
cancer_type_top20,TCGA-75-5147,5,0.7972577214241028,0.9130465984344482,50
cancer_type_top20,TCGA-75-6205,5,0.6752464175224304,1.178431510925293,63
cancer_type_top20,TCGA-75-7025,5,0.9795235395431519,0.11426753550767899,46
cancer_type_top20,TCGA-75-7027,5,0.36055997014045715,2.009082794189453,323
cancer_type_top20,TCGA-76-4931,5,0.940915584564209,0.31851935386657715,65
cancer_type_top20,TCGA-76-4932,5,0.25761494040489197,2.7974467277526855,77
cancer_type_top20,TCGA-76-6660,5,0.4531223773956299,1.6312251091003418,110
cancer_type_top20,TCGA-77-6845,5,0.11821884661912918,3.0059762001037598,667
cancer_type_top20,TCGA-77-7139,5,0.19024252891540527,2.6237478256225586,491
cancer_type_top20,TCGA-77-7142,5,0.23510949313640594,2.448601245880127,346
cancer_type_top20,TCGA-77-8007,5,0.4029621481895447,1.9996254444122314,121
cancer_type_top20,TCGA-77-A5G3,5,0.22966141998767853,3.0715723037719727,811
cancer_type_top20,TCGA-77-A5G8,5,0.19810539484024048,2.272434949874878,289
cancer_type_top20,TCGA-78-7146,5,0.17375992238521576,2.944875717163086,518
cancer_type_top20,TCGA-78-7149,5,0.6846190690994263,1.3578221797943115,205
cancer_type_top20,TCGA-78-7155,5,0.18925096094608307,3.598517894744873,1939
cancer_type_top20,TCGA-78-7159,5,0.19244587421417236,2.6844515800476074,436
cancer_type_top20,TCGA-78-7539,5,0.30257701873779297,2.179269790649414,625
cancer_type_top20,TCGA-78-7542,5,0.2706817388534546,2.474039316177368,495
cancer_type_top20,TCGA-85-6561,5,0.3710833191871643,2.4129037857055664,1622
cancer_type_top20,TCGA-85-7699,5,0.5482698082923889,1.7841832637786865,246
cancer_type_top20,TCGA-85-7843,5,0.5751913785934448,1.9606295824050903,309
cancer_type_top20,TCGA-85-8052,5,0.4340950548648834,2.1976492404937744,164
cancer_type_top20,TCGA-85-8071,5,0.12207658588886261,3.066483497619629,494
cancer_type_top20,TCGA-85-8072,5,0.2738489806652069,1.9413927793502808,232
cancer_type_top20,TCGA-85-8277,5,0.4226634204387665,1.923486351966858,310
cancer_type_top20,TCGA-85-8353,5,0.46850675344467163,1.7936457395553589,228
cancer_type_top20,TCGA-85-8355,5,0.24834246933460236,2.5232999324798584,294
cancer_type_top20,TCGA-85-A50M,5,0.8307397365570068,0.5555397868156433,111
cancer_type_top20,TCGA-85-A511,5,0.2881455719470978,1.9215724468231201,270
cancer_type_top20,TCGA-86-6562,5,0.3309039771556854,1.9057995080947876,77
cancer_type_top20,TCGA-86-7701,5,0.6468536257743835,1.6292693614959717,575
cancer_type_top20,TCGA-86-7953,5,0.2876774072647095,1.9551055431365967,66
cancer_type_top20,TCGA-86-7954,5,0.22232088446617126,2.4711287021636963,295
cancer_type_top20,TCGA-86-8073,5,0.10792521387338638,3.808784008026123,1894
cancer_type_top20,TCGA-86-8076,5,0.7920617461204529,0.9569523930549622,84
cancer_type_top20,TCGA-86-8585,5,0.27996742725372314,2.488386869430542,742
cancer_type_top20,TCGA-86-8668,5,0.9970501065254211,0.028703168034553528,49
cancer_type_top20,TCGA-90-7766,5,0.45576655864715576,1.2483198642730713,289
cancer_type_top20,TCGA-90-7767,5,0.33716699481010437,2.018906831741333,290
cancer_type_top20,TCGA-90-7964,5,0.34656330943107605,2.268745183944702,1231
cancer_type_top20,TCGA-91-6829,5,0.35544151067733765,2.7392821311950684,849
cancer_type_top20,TCGA-91-6831,5,0.3166506588459015,1.9911017417907715,362
cancer_type_top20,TCGA-92-8064,5,0.4401768743991852,1.9967066049575806,289
cancer_type_top20,TCGA-93-8067,5,0.24541358649730682,2.5408153533935547,686
cancer_type_top20,TCGA-94-A5I6,5,0.2610860764980316,2.570340871810913,224
cancer_type_top20,TCGA-95-8494,5,0.7764638662338257,1.0315189361572266,135
cancer_type_top20,TCGA-95-A4VN,5,0.45213645696640015,2.426994562149048,605
cancer_type_top20,TCGA-95-A4VP,5,0.45869871973991394,2.068084955215454,166
cancer_type_top20,TCGA-96-8169,5,0.33546966314315796,2.4583094120025635,220
cancer_type_top20,TCGA-96-8170,5,0.3319537043571472,1.9426655769348145,340
cancer_type_top20,TCGA-97-7938,5,0.3321857452392578,2.3584933280944824,515
cancer_type_top20,TCGA-97-8174,5,0.25735607743263245,2.5578010082244873,220
cancer_type_top20,TCGA-97-8179,5,0.4281512498855591,1.7973437309265137,220
cancer_type_top20,TCGA-97-A4M0,5,0.2305000275373459,2.564938545227051,516
cancer_type_top20,TCGA-98-A53H,5,0.3502991199493408,2.546424627304077,37
cancer_type_top20,TCGA-A1-A0SB,5,0.20906364917755127,2.498940944671631,19
cancer_type_top20,TCGA-A1-A0SP,5,0.4402844309806824,1.984334945678711,75
cancer_type_top20,TCGA-A1-A0SQ,5,0.9877410531044006,0.10429321229457855,40
cancer_type_top20,TCGA-A2-A04W,5,0.39409804344177246,1.5831305980682373,190
cancer_type_top20,TCGA-A2-A04X,5,0.23456551134586334,3.032552719116211,54
cancer_type_top20,TCGA-A2-A0CR,5,0.41935494542121887,2.5265514850616455,221
cancer_type_top20,TCGA-A2-A0CV,5,0.9284157752990723,0.3974422812461853,27
cancer_type_top20,TCGA-A2-A0CX,5,0.5117534399032593,1.9522905349731445,371
cancer_type_top20,TCGA-A2-A0EU,5,0.8141596913337708,0.7223714590072632,57
cancer_type_top20,TCGA-A2-A0EX,5,0.4006285071372986,1.8780936002731323,35
cancer_type_top20,TCGA-A2-A0SY,5,0.6279120445251465,1.0701537132263184,181
cancer_type_top20,TCGA-A2-A0T0,5,0.21213313937187195,3.106842041015625,239
cancer_type_top20,TCGA-A2-A0T2,5,0.9370957612991333,0.39038026332855225,43
cancer_type_top20,TCGA-A2-A0YC,5,0.6376560926437378,1.6709251403808594,35
cancer_type_top20,TCGA-A2-A0YG,5,0.880106508731842,0.6695282459259033,79
cancer_type_top20,TCGA-A2-A0YL,5,0.515647828578949,1.3350088596343994,50
cancer_type_top20,TCGA-A2-A1G1,5,0.8998479843139648,0.5552809238433838,46
cancer_type_top20,TCGA-A2-A25E,5,0.3561002016067505,1.8453688621520996,69
cancer_type_top20,TCGA-A2-A3XW,5,0.37728896737098694,1.9706332683563232,19
cancer_type_top20,TCGA-A2-A3Y0,5,0.2613699734210968,2.4655611515045166,252
cancer_type_top20,TCGA-A3-3316,5,0.809516191482544,0.8156594038009644,46
cancer_type_top20,TCGA-A3-3319,5,0.4572160542011261,1.8036341667175293,109
cancer_type_top20,TCGA-A3-3322,5,0.7276687622070312,1.2230525016784668,69
cancer_type_top20,TCGA-A3-3349,5,0.5714541673660278,1.146212100982666,53
cancer_type_top20,TCGA-A3-3358,5,0.6761664152145386,1.5250511169433594,98
cancer_type_top20,TCGA-A3-3362,5,0.9035690426826477,0.521454393863678,64
cancer_type_top20,TCGA-A3-3385,5,0.7368661165237427,1.4220764636993408,80
cancer_type_top20,TCGA-A3-A6NN,5,0.38108301162719727,2.240996837615967,131
cancer_type_top20,TCGA-A3-A8OX,5,0.6002184152603149,0.9166772961616516,66
cancer_type_top20,TCGA-A4-7583,5,0.680793285369873,1.1422961950302124,445
cancer_type_top20,TCGA-A4-7584,5,0.4082663059234619,2.6012661457061768,95
cancer_type_top20,TCGA-A4-7828,5,0.8842366337776184,0.6648289561271667,40
cancer_type_top20,TCGA-A4-7915,5,0.723728358745575,1.0354262590408325,36
cancer_type_top20,TCGA-A4-7996,5,0.4363514184951782,1.726085901260376,112
cancer_type_top20,TCGA-A4-8098,5,0.6903914213180542,1.405704379081726,114
cancer_type_top20,TCGA-A4-8312,5,0.42508670687675476,1.9626294374465942,19
cancer_type_top20,TCGA-A4-8517,5,0.5593252778053284,1.7080355882644653,113
cancer_type_top20,TCGA-A4-A5XZ,5,0.32415568828582764,2.4109930992126465,164
cancer_type_top20,TCGA-A4-A772,5,0.43213173747062683,2.0337932109832764,67
cancer_type_top20,TCGA-A5-A0G1,5,0.3454294502735138,2.6894054412841797,5000
cancer_type_top20,TCGA-A5-A0G3,5,0.43530741333961487,1.8059499263763428,58
cancer_type_top20,TCGA-A5-A0GI,5,0.3057999610900879,2.126718521118164,508
cancer_type_top20,TCGA-A5-A0GM,5,0.11672092974185944,2.768524646759033,56
cancer_type_top20,TCGA-A5-A0GQ,5,0.916806161403656,0.4236289858818054,91
cancer_type_top20,TCGA-A5-A0GU,5,0.4212896525859833,1.6299548149108887,65
cancer_type_top20,TCGA-A5-A0GW,5,0.17902380228042603,2.7095649242401123,490
cancer_type_top20,TCGA-A5-A0R7,5,0.390452116727829,1.6388671398162842,105
cancer_type_top20,TCGA-A5-A0R8,5,0.6603274345397949,0.8990880846977234,101
cancer_type_top20,TCGA-A5-A1OF,5,0.2956047058105469,2.8076441287994385,5000
cancer_type_top20,TCGA-A5-A3LO,5,0.9100610017776489,0.49144867062568665,52
cancer_type_top20,TCGA-A5-A3LP,5,0.7427145838737488,1.1173059940338135,84
cancer_type_top20,TCGA-A6-2671,5,0.12289577722549438,3.279792308807373,203
cancer_type_top20,TCGA-A6-2678,5,0.3575965166091919,1.6894007921218872,64
cancer_type_top20,TCGA-A6-2683,5,0.4464280903339386,1.2389116287231445,93
cancer_type_top20,TCGA-A6-2685,5,0.1530233919620514,3.07590651512146,137
cancer_type_top20,TCGA-A6-2686,5,0.38015297055244446,1.6567442417144775,5000
cancer_type_top20,TCGA-A6-5660,5,0.27179256081581116,2.3262996673583984,353
cancer_type_top20,TCGA-A6-5662,5,0.15461617708206177,3.206935405731201,195
cancer_type_top20,TCGA-A6-5665,5,0.15546853840351105,3.066272735595703,5000
cancer_type_top20,TCGA-A6-6649,5,0.664206326007843,0.8026769757270813,174
cancer_type_top20,TCGA-A6-A565,5,0.8297907114028931,1.061146855354309,559
cancer_type_top20,TCGA-A6-A566,5,0.2487717717885971,2.756547451019287,231
cancer_type_top20,TCGA-A7-A0CE,5,0.39865583181381226,1.5991027355194092,285
cancer_type_top20,TCGA-A7-A0CH,5,0.2990219295024872,1.9519128799438477,80
cancer_type_top20,TCGA-A7-A13F,5,0.30128487944602966,2.2145228385925293,97
cancer_type_top20,TCGA-A7-A26G,5,0.6700058579444885,1.2597758769989014,72
cancer_type_top20,TCGA-A8-A06Q,5,0.429375022649765,1.4156715869903564,322
cancer_type_top20,TCGA-A8-A07I,5,0.456626296043396,1.924300193786621,60
cancer_type_top20,TCGA-A8-A07W,5,0.4974533021450043,1.5735015869140625,186
cancer_type_top20,TCGA-A8-A084,5,0.8385902047157288,0.6694546937942505,90
cancer_type_top20,TCGA-A8-A086,5,0.791964054107666,0.87064129114151,26
cancer_type_top20,TCGA-A8-A08A,5,0.3075917065143585,2.325904369354248,34
cancer_type_top20,TCGA-A8-A08P,5,0.8770688772201538,0.5771138072013855,90
cancer_type_top20,TCGA-A8-A08R,5,0.4591660797595978,2.0750393867492676,347
cancer_type_top20,TCGA-A8-A09D,5,0.7542057633399963,0.7892564535140991,64
cancer_type_top20,TCGA-A8-A09E,5,0.47848010063171387,2.098736047744751,82
cancer_type_top20,TCGA-A8-A09Q,5,0.583804726600647,1.764630675315857,202
cancer_type_top20,TCGA-A8-A09R,5,0.6508476734161377,1.475908875465393,88
cancer_type_top20,TCGA-A8-A09T,5,0.8501302003860474,0.5360586643218994,27
cancer_type_top20,TCGA-A8-A09X,5,0.5090650916099548,1.0677416324615479,74
cancer_type_top20,TCGA-A8-A0A2,5,0.5163052082061768,1.0533205270767212,57
cancer_type_top20,TCGA-A8-A0A6,5,0.5239086151123047,1.2853115797042847,43
cancer_type_top20,TCGA-AA-3519,5,0.14102821052074432,3.6593422889709473,64
cancer_type_top20,TCGA-AA-3526,5,0.8372960686683655,0.7789126038551331,32
cancer_type_top20,TCGA-AA-3531,5,0.2524076998233795,2.7515978813171387,55
cancer_type_top20,TCGA-AA-3560,5,0.1490766555070877,2.8727869987487793,28
cancer_type_top20,TCGA-AA-3655,5,0.4298193156719208,2.371563673019409,112
cancer_type_top20,TCGA-AA-3663,5,0.15443547070026398,3.106930732727051,2898
cancer_type_top20,TCGA-AA-3678,5,0.8389570713043213,0.7762481570243835,100
cancer_type_top20,TCGA-AA-3680,5,0.2163575142621994,3.0273518562316895,158
cancer_type_top20,TCGA-AA-3681,5,0.5613662600517273,2.12339448928833,146
cancer_type_top20,TCGA-AA-3811,5,0.21629337966442108,3.1022090911865234,2880
cancer_type_top20,TCGA-AA-3819,5,0.3896569013595581,1.7230761051177979,275
cancer_type_top20,TCGA-AA-3844,5,0.3243681788444519,2.0199594497680664,165
cancer_type_top20,TCGA-AA-3846,5,0.1868685632944107,2.9410400390625,151
cancer_type_top20,TCGA-AA-3848,5,0.30529263615608215,2.321748971939087,215
cancer_type_top20,TCGA-AA-3855,5,0.20250099897384644,2.710507392883301,234
cancer_type_top20,TCGA-AA-3856,5,0.3467881381511688,2.3210690021514893,86
cancer_type_top20,TCGA-AA-3947,5,0.34158048033714294,2.4949703216552734,3523
cancer_type_top20,TCGA-AA-3956,5,0.34212028980255127,2.304539203643799,204
cancer_type_top20,TCGA-AA-3968,5,0.39431414008140564,2.011326789855957,184
cancer_type_top20,TCGA-AA-A004,5,0.7857455611228943,0.7964969873428345,100
cancer_type_top20,TCGA-AA-A00Z,5,0.46795228123664856,1.8547030687332153,18
cancer_type_top20,TCGA-AA-A01S,5,0.24067825078964233,2.5458362102508545,81
cancer_type_top20,TCGA-AA-A01X,5,0.16143497824668884,3.2913925647735596,107
cancer_type_top20,TCGA-AA-A022,5,0.6414013504981995,1.045001745223999,2354
cancer_type_top20,TCGA-AA-A03J,5,0.4850301444530487,2.139328718185425,133
cancer_type_top20,TCGA-AC-A3YI,5,0.9681175351142883,0.20850229263305664,21
cancer_type_top20,TCGA-AC-A3YJ,5,0.7402087450027466,1.1369407176971436,43
cancer_type_top20,TCGA-AC-A62Y,5,0.4575810432434082,1.5167796611785889,95
cancer_type_top20,TCGA-AC-A6IV,5,0.9164379835128784,0.4696733355522156,33
cancer_type_top20,TCGA-AC-A8OQ,5,0.6025555729866028,1.5307426452636719,149
cancer_type_top20,TCGA-AD-6963,5,0.6628258228302002,1.6771169900894165,119
cancer_type_top20,TCGA-AJ-A3BI,5,0.3369137942790985,1.4546074867248535,59
cancer_type_top20,TCGA-AJ-A3EJ,5,0.5122509002685547,1.2563672065734863,96
cancer_type_top20,TCGA-AJ-A3EL,5,0.18755219876766205,3.0667953491210938,5000
cancer_type_top20,TCGA-AJ-A3IA,5,0.45226821303367615,2.3196094036102295,401
cancer_type_top20,TCGA-AJ-A6NU,5,0.8052014708518982,0.6240757703781128,73
cancer_type_top20,TCGA-AK-3427,5,0.37977099418640137,2.000300884246826,22
cancer_type_top20,TCGA-AK-3430,5,0.4755810499191284,2.1098344326019287,100
cancer_type_top20,TCGA-AK-3440,5,0.9957244992256165,0.03933596611022949,29
cancer_type_top20,TCGA-AK-3451,5,0.27296483516693115,2.6492555141448975,99
cancer_type_top20,TCGA-AK-3453,5,0.3716892600059509,1.9631211757659912,30
cancer_type_top20,TCGA-AM-5820,5,0.21189117431640625,3.3272650241851807,106
cancer_type_top20,TCGA-AM-5821,5,0.5757057666778564,1.895297884941101,1898
cancer_type_top20,TCGA-AN-A03X,5,0.37191149592399597,1.6197385787963867,54
cancer_type_top20,TCGA-AN-A0AJ,5,0.5671983957290649,1.1751748323440552,119
cancer_type_top20,TCGA-AN-A0AR,5,0.9403880834579468,0.38823986053466797,162
cancer_type_top20,TCGA-AN-A0FS,5,0.6012967228889465,1.1518725156784058,96
cancer_type_top20,TCGA-AN-A0FV,5,0.7771719098091125,0.8001284599304199,121
cancer_type_top20,TCGA-AN-A0XN,5,0.41376784443855286,1.9799742698669434,193
cancer_type_top20,TCGA-AN-A0XS,5,0.6071044206619263,1.192177653312683,35
cancer_type_top20,TCGA-AO-A03L,5,0.3397299349308014,1.8143024444580078,39
cancer_type_top20,TCGA-AO-A03O,5,0.4186652898788452,1.5708953142166138,103
cancer_type_top20,TCGA-AO-A03P,5,0.9574260115623474,0.27942028641700745,71
cancer_type_top20,TCGA-AO-A0J2,5,0.5365090370178223,1.8022618293762207,91
cancer_type_top20,TCGA-AO-A0J6,5,0.839785635471344,0.8651390075683594,147
cancer_type_top20,TCGA-AO-A0JD,5,0.39932873845100403,2.1214356422424316,142
cancer_type_top20,TCGA-AO-A0JI,5,0.9491116404533386,0.2714664936065674,24
cancer_type_top20,TCGA-AO-A128,5,0.2574111819267273,2.094247817993164,1263
cancer_type_top20,TCGA-AO-A1KR,5,0.42558184266090393,2.1508913040161133,94
cancer_type_top20,TCGA-AP-A052,5,0.8384385108947754,0.6913533806800842,56
cancer_type_top20,TCGA-AP-A05A,5,0.7046610116958618,1.126981496810913,96
cancer_type_top20,TCGA-AP-A05N,5,0.2833971083164215,2.402958393096924,384
cancer_type_top20,TCGA-AP-A0LJ,5,0.7858506441116333,1.038029670715332,56
cancer_type_top20,TCGA-AP-A1DQ,5,0.8283874988555908,0.7213900089263916,43
cancer_type_top20,TCGA-AR-A0TR,5,0.8808245658874512,0.6764971613883972,46
cancer_type_top20,TCGA-AR-A0TX,5,0.8706347942352295,0.943507194519043,414
cancer_type_top20,TCGA-AR-A0TY,5,0.8626107573509216,0.7422182559967041,121
cancer_type_top20,TCGA-AR-A1AS,5,0.4078408479690552,1.6638271808624268,44
cancer_type_top20,TCGA-AR-A1AU,5,0.5563474297523499,0.9563602805137634,27
cancer_type_top20,TCGA-AR-A24U,5,0.9447641372680664,0.37634915113449097,49
cancer_type_top20,TCGA-AR-A256,5,0.7742297053337097,1.0457658767700195,245
cancer_type_top20,TCGA-AR-A2LH,5,0.6221997737884521,0.8360311985015869,75
cancer_type_top20,TCGA-AR-A2LK,5,0.7989282011985779,0.6414792537689209,53
cancer_type_top20,TCGA-AR-A2LL,5,0.40591710805892944,1.6822572946548462,40
cancer_type_top20,TCGA-AR-A2LM,5,0.5073219537734985,1.881130337715149,18
cancer_type_top20,TCGA-AR-A2LN,5,0.794546365737915,0.7652495503425598,61
cancer_type_top20,TCGA-AR-A5QN,5,0.19070081412792206,2.632664442062378,59
cancer_type_top20,TCGA-AU-6004,5,0.9480389952659607,0.3471909761428833,1478
cancer_type_top20,TCGA-AW-A1PO,5,0.7538697123527527,1.1598013639450073,117
cancer_type_top20,TCGA-AX-A05Y,5,0.5454137325286865,1.5958683490753174,287
cancer_type_top20,TCGA-AX-A060,5,0.36400964856147766,2.1562702655792236,1142
cancer_type_top20,TCGA-AX-A06B,5,0.8696804046630859,0.5307184457778931,58
cancer_type_top20,TCGA-AX-A0IS,5,0.4551040232181549,1.5492146015167236,69
cancer_type_top20,TCGA-AX-A0IU,5,0.9369267821311951,0.37079182267189026,85
cancer_type_top20,TCGA-AX-A1C5,5,0.5508195161819458,1.9738576412200928,1635
cancer_type_top20,TCGA-AX-A1C8,5,0.23085153102874756,2.5851025581359863,101
cancer_type_top20,TCGA-AX-A1CI,5,0.23935464024543762,2.4895966053009033,109
cancer_type_top20,TCGA-AX-A1CK,5,0.3894976079463959,2.1133697032928467,91
cancer_type_top20,TCGA-AX-A1CP,5,0.5427840948104858,1.5211304426193237,39
cancer_type_top20,TCGA-AX-A2H2,5,0.6548224687576294,1.2707875967025757,324
cancer_type_top20,TCGA-AX-A3FX,5,0.7554292678833008,1.0494744777679443,101
cancer_type_top20,TCGA-AX-A3G3,5,0.355116605758667,2.3804078102111816,243
cancer_type_top20,TCGA-AX-A3GI,5,0.6675114035606384,1.4229538440704346,77
cancer_type_top20,TCGA-AY-4070,5,0.6138464212417603,1.7470026016235352,229
cancer_type_top20,TCGA-AY-A71X,5,0.8420553207397461,0.7129293084144592,125
cancer_type_top20,TCGA-AZ-5403,5,0.30290430784225464,1.7204941511154175,109
cancer_type_top20,TCGA-AZ-6598,5,0.6933530569076538,1.319030523300171,3577
cancer_type_top20,TCGA-B0-4710,5,0.49810898303985596,1.8684519529342651,111
cancer_type_top20,TCGA-B0-4816,5,0.9835529327392578,0.12879522144794464,74
cancer_type_top20,TCGA-B0-4818,5,0.9371457099914551,0.35095614194869995,94
cancer_type_top20,TCGA-B0-4823,5,0.5487923622131348,1.1888189315795898,142
cancer_type_top20,TCGA-B0-4827,5,0.5338462591171265,2.0853922367095947,108
cancer_type_top20,TCGA-B0-5075,5,0.18188320100307465,2.932845115661621,113
cancer_type_top20,TCGA-B0-5083,5,0.3086995780467987,2.5037102699279785,32
cancer_type_top20,TCGA-B0-5085,5,0.872735857963562,0.6936803460121155,98
cancer_type_top20,TCGA-B0-5088,5,0.9456948041915894,0.36111152172088623,88
cancer_type_top20,TCGA-B0-5095,5,0.25344982743263245,2.324812889099121,102
cancer_type_top20,TCGA-B0-5096,5,0.7558983564376831,1.0600074529647827,115
cancer_type_top20,TCGA-B0-5097,5,0.5103847980499268,1.3851332664489746,78
cancer_type_top20,TCGA-B0-5107,5,0.3677438199520111,1.9289958477020264,75
cancer_type_top20,TCGA-B0-5108,5,0.9696425795555115,0.21778352558612823,57
cancer_type_top20,TCGA-B0-5117,5,0.9440042972564697,0.3410288095474243,24
cancer_type_top20,TCGA-B0-5696,5,0.8504385948181152,0.7352882027626038,69
cancer_type_top20,TCGA-B0-5699,5,0.5884444117546082,1.6196041107177734,66
cancer_type_top20,TCGA-B1-7332,5,0.30859437584877014,2.811460256576538,66
cancer_type_top20,TCGA-B1-A654,5,0.24140730500221252,2.5955827236175537,87
cancer_type_top20,TCGA-B1-A656,5,0.18335486948490143,2.8780484199523926,151
cancer_type_top20,TCGA-B3-8121,5,0.5861786007881165,1.5657538175582886,46
cancer_type_top20,TCGA-B5-A0JU,5,0.3372536599636078,2.7702736854553223,905
cancer_type_top20,TCGA-B5-A0JV,5,0.5147147178649902,1.5244266986846924,524
cancer_type_top20,TCGA-B5-A0JY,5,0.23434968292713165,3.4693593978881836,5000
cancer_type_top20,TCGA-B5-A0JZ,5,0.24226348102092743,2.491771697998047,760
cancer_type_top20,TCGA-B5-A0K4,5,0.6605077981948853,1.101334571838379,65
cancer_type_top20,TCGA-B5-A0K6,5,0.28821927309036255,2.2415075302124023,520
cancer_type_top20,TCGA-B5-A0K9,5,0.6339770555496216,1.4576499462127686,1176
cancer_type_top20,TCGA-B5-A11M,5,0.6074776649475098,1.2177293300628662,43
cancer_type_top20,TCGA-B5-A11N,5,0.4175424873828888,2.3090481758117676,2744
cancer_type_top20,TCGA-B5-A11Q,5,0.7492905855178833,1.0457788705825806,54
cancer_type_top20,TCGA-B5-A11S,5,0.4589390754699707,1.4836100339889526,67
cancer_type_top20,TCGA-B5-A1MW,5,0.3010811507701874,2.3746871948242188,1175
cancer_type_top20,TCGA-B5-A1MX,5,0.5996886491775513,2.1133790016174316,5000
cancer_type_top20,TCGA-B6-A0I1,5,0.45077642798423767,1.7397100925445557,92
cancer_type_top20,TCGA-B6-A0IA,5,0.634366512298584,1.6239556074142456,45
cancer_type_top20,TCGA-B6-A0IC,5,0.5784386396408081,1.5520474910736084,49
cancer_type_top20,TCGA-B6-A0IH,5,0.70745849609375,1.1536773443222046,48
cancer_type_top20,TCGA-B6-A0RL,5,0.4246479570865631,2.3095033168792725,76
cancer_type_top20,TCGA-B6-A0WY,5,0.9544044733047485,0.26278015971183777,39
cancer_type_top20,TCGA-B6-A0X1,5,0.9608316421508789,0.2749731242656708,99
cancer_type_top20,TCGA-B6-A0X5,5,0.857078492641449,0.6282690763473511,54
cancer_type_top20,TCGA-B6-A409,5,0.5070064067840576,1.1103724241256714,58
cancer_type_top20,TCGA-B8-4151,5,0.9619531631469727,0.25727230310440063,69
cancer_type_top20,TCGA-B8-4153,5,0.5703558325767517,0.9083209037780762,100
cancer_type_top20,TCGA-B8-4621,5,0.6152000427246094,1.4480178356170654,110
cancer_type_top20,TCGA-B8-5164,5,0.4787490963935852,2.062262535095215,107
cancer_type_top20,TCGA-B8-5549,5,0.369915634393692,1.9116618633270264,151
cancer_type_top20,TCGA-B8-5550,5,0.26217976212501526,2.666165351867676,145
cancer_type_top20,TCGA-B8-5552,5,0.24989672005176544,2.425482988357544,64
cancer_type_top20,TCGA-B8-A54I,5,0.5847620964050293,1.5125384330749512,89
cancer_type_top20,TCGA-B8-A54K,5,0.39672258496284485,1.8030143976211548,35
cancer_type_top20,TCGA-B9-5156,5,0.5149585008621216,2.104618549346924,102
cancer_type_top20,TCGA-B9-A5W9,5,0.4552336037158966,1.6806875467300415,75
cancer_type_top20,TCGA-B9-A8YH,5,0.5048632025718689,1.3735473155975342,135
cancer_type_top20,TCGA-B9-A8YI,5,0.26453423500061035,2.508662223815918,158
cancer_type_top20,TCGA-BA-4074,5,0.7547677159309387,0.9351557493209839,182
cancer_type_top20,TCGA-BA-5151,5,0.7771093845367432,0.9972870945930481,107
cancer_type_top20,TCGA-BA-7269,5,0.6877280473709106,0.7347392439842224,115
cancer_type_top20,TCGA-BA-A6DB,5,0.6842722296714783,1.1467281579971313,24
cancer_type_top20,TCGA-BA-A6DD,5,0.8974646329879761,0.6002402305603027,72
cancer_type_top20,TCGA-BA-A6DE,5,0.7316132187843323,1.2801260948181152,160
cancer_type_top20,TCGA-BA-A6DI,5,0.7763517498970032,0.7236329913139343,128
cancer_type_top20,TCGA-BA-A6DJ,5,0.6319558024406433,1.4238662719726562,351
cancer_type_top20,TCGA-BB-4223,5,0.32344698905944824,1.962620496749878,279
cancer_type_top20,TCGA-BB-4227,5,0.22173044085502625,2.341254949569702,343
cancer_type_top20,TCGA-BB-8596,5,0.7788150310516357,1.0899972915649414,120
cancer_type_top20,TCGA-BB-A5HZ,5,0.5014488101005554,1.1234031915664673,99
cancer_type_top20,TCGA-BB-A6UO,5,0.5646948218345642,1.4834401607513428,152
cancer_type_top20,TCGA-BC-A10T,5,0.8412374258041382,0.7824751734733582,115
cancer_type_top20,TCGA-BC-A10U,5,0.5420823097229004,1.5261120796203613,183
cancer_type_top20,TCGA-BC-A10X,5,0.39547619223594666,1.2273756265640259,5
cancer_type_top20,TCGA-BC-A216,5,0.36390411853790283,2.6349072456359863,96
cancer_type_top20,TCGA-BC-A217,5,0.6000247597694397,1.6143690347671509,159
cancer_type_top20,TCGA-BD-A3EP,5,0.6315970420837402,1.7729437351226807,146
cancer_type_top20,TCGA-BF-A5EO,5,0.7625335454940796,0.8614715337753296,864
cancer_type_top20,TCGA-BF-A5EP,5,0.4813773036003113,2.2495241165161133,225
cancer_type_top20,TCGA-BF-A5ER,5,0.9448950886726379,0.24873356521129608,283
cancer_type_top20,TCGA-BF-A5ES,5,0.5789557099342346,2.1675922870635986,722
cancer_type_top20,TCGA-BF-AAOU,5,0.3773532211780548,2.0808663368225098,458
cancer_type_top20,TCGA-BF-AAP2,5,0.524035632610321,1.8289155960083008,1847
cancer_type_top20,TCGA-BG-A0M4,5,0.3316635489463806,2.1635234355926514,877
cancer_type_top20,TCGA-BG-A0M7,5,0.3070436120033264,2.046781301498413,90
cancer_type_top20,TCGA-BG-A0MG,5,0.7023262977600098,0.8074139356613159,163
cancer_type_top20,TCGA-BG-A0MK,5,0.6858175992965698,1.4871771335601807,151
cancer_type_top20,TCGA-BG-A0MT,5,0.5511396527290344,1.498090386390686,46
cancer_type_top20,TCGA-BG-A2AE,5,0.1307368278503418,2.8617775440216064,173
cancer_type_top20,TCGA-BH-A0AV,5,0.4336620569229126,1.551478385925293,92
cancer_type_top20,TCGA-BH-A0BF,5,0.4899410903453827,1.2167476415634155,37
cancer_type_top20,TCGA-BH-A0BJ,5,0.3954896926879883,1.6872937679290771,75
cancer_type_top20,TCGA-BH-A0BS,5,0.6745049953460693,1.186126470565796,26
cancer_type_top20,TCGA-BH-A0BZ,5,0.8401528000831604,0.6489479541778564,331
cancer_type_top20,TCGA-BH-A0DE,5,0.4543692171573639,1.1888115406036377,82
cancer_type_top20,TCGA-BH-A0DP,5,0.4473481774330139,1.2915091514587402,78
cancer_type_top20,TCGA-BH-A0DT,5,0.35639870166778564,1.6722090244293213,20
cancer_type_top20,TCGA-BH-A0DV,5,0.1435466855764389,2.5408694744110107,21
cancer_type_top20,TCGA-BH-A0E1,5,0.25957775115966797,2.927070140838623,72
cancer_type_top20,TCGA-BH-A0EA,5,0.8249636292457581,0.5526673793792725,33
cancer_type_top20,TCGA-BH-A0GY,5,0.4562794268131256,1.295523762702942,48
cancer_type_top20,TCGA-BH-A0H6,5,0.7939206957817078,0.6948287487030029,30
cancer_type_top20,TCGA-BH-A0H7,5,0.3359702229499817,1.5010448694229126,119
cancer_type_top20,TCGA-BH-A0HN,5,0.45857906341552734,1.5671720504760742,37
cancer_type_top20,TCGA-BH-A0HU,5,0.7727298140525818,1.0561331510543823,50
cancer_type_top20,TCGA-BH-A0W3,5,0.48737943172454834,1.919789433479309,24
cancer_type_top20,TCGA-BH-A0W5,5,0.4033307731151581,1.427077293395996,31
cancer_type_top20,TCGA-BH-A18L,5,0.6599031090736389,1.3621370792388916,72
cancer_type_top20,TCGA-BH-A18N,5,0.7354537844657898,1.2718514204025269,47
cancer_type_top20,TCGA-BH-A18T,5,0.8619225025177002,0.7391500473022461,111
cancer_type_top20,TCGA-BH-A18U,5,0.5523870587348938,1.26996648311615,188
cancer_type_top20,TCGA-BH-A1F0,5,0.9231601357460022,0.4501895606517792,101
cancer_type_top20,TCGA-BH-A1FG,5,0.8854237198829651,0.4800904095172882,27
cancer_type_top20,TCGA-BH-A1FL,5,0.7395625710487366,0.9558781981468201,30
cancer_type_top20,TCGA-BH-A1FR,5,0.3238953948020935,1.8716353178024292,17
cancer_type_top20,TCGA-BH-A208,5,0.7339717745780945,0.8899718523025513,88
cancer_type_top20,TCGA-BH-A42U,5,0.5401489734649658,1.762669324874878,37
cancer_type_top20,TCGA-BH-A42V,5,0.8203303813934326,0.7359126806259155,62
cancer_type_top20,TCGA-BH-A5IZ,5,0.46295714378356934,1.1295032501220703,207
cancer_type_top20,TCGA-BJ-A0ZC,5,0.5490707755088806,1.3305071592330933,11
cancer_type_top20,TCGA-BJ-A0ZH,5,0.7806288003921509,1.0073293447494507,27
cancer_type_top20,TCGA-BJ-A191,5,0.08998696506023407,4.040930271148682,151
cancer_type_top20,TCGA-BJ-A28T,5,0.1340300291776657,2.190760612487793,9
cancer_type_top20,TCGA-BJ-A2N9,5,0.30160120129585266,1.984451413154602,21
cancer_type_top20,TCGA-BJ-A3F0,5,0.20216794312000275,2.3518781661987305,16
cancer_type_top20,TCGA-BJ-A3PT,5,0.9371601343154907,0.2956674098968506,17
cancer_type_top20,TCGA-BK-A4ZD,5,0.3009697198867798,2.319228410720825,246
cancer_type_top20,TCGA-BL-A0C8,5,0.3707170784473419,2.031986951828003,164
cancer_type_top20,TCGA-BP-4163,5,0.5617788434028625,1.5494369268417358,60
cancer_type_top20,TCGA-BP-4164,5,0.8861545324325562,0.4558977782726288,56
cancer_type_top20,TCGA-BP-4167,5,0.3846331536769867,2.3274285793304443,84
cancer_type_top20,TCGA-BP-4782,5,0.578056275844574,1.0176820755004883,105
cancer_type_top20,TCGA-BP-4964,5,0.8051589727401733,0.9656745195388794,117
cancer_type_top20,TCGA-BP-4970,5,0.9500769376754761,0.24448849260807037,35
cancer_type_top20,TCGA-BP-4971,5,0.914829671382904,0.4440980553627014,56
cancer_type_top20,TCGA-BP-4972,5,0.35473617911338806,2.1769955158233643,57
cancer_type_top20,TCGA-BP-4983,5,0.2693486213684082,2.7721803188323975,104
cancer_type_top20,TCGA-BP-5001,5,0.4343893229961395,1.558218002319336,44
cancer_type_top20,TCGA-BP-5175,5,0.9098923802375793,0.4612172544002533,56
cancer_type_top20,TCGA-BP-5181,5,0.31406867504119873,2.388650894165039,74
cancer_type_top20,TCGA-BP-5185,5,0.9118652939796448,0.5102887153625488,104
cancer_type_top20,TCGA-BP-5191,5,0.32860493659973145,1.9112597703933716,75
cancer_type_top20,TCGA-BP-5194,5,0.42286449670791626,1.9848172664642334,38
cancer_type_top20,TCGA-BP-5201,5,0.9894324541091919,0.0860012099146843,54
cancer_type_top20,TCGA-BQ-5878,5,0.5284688472747803,1.6096453666687012,130
cancer_type_top20,TCGA-BQ-5886,5,0.47000858187675476,2.023853302001953,75
cancer_type_top20,TCGA-BQ-5889,5,0.522524356842041,1.639265537261963,74
cancer_type_top20,TCGA-BQ-5890,5,0.5393322110176086,1.5908305644989014,99
cancer_type_top20,TCGA-BQ-5893,5,0.1843484491109848,2.7310590744018555,59
cancer_type_top20,TCGA-BQ-7048,5,0.3761450946331024,2.801292657852173,281
cancer_type_top20,TCGA-BQ-7049,5,0.1546858549118042,3.9804563522338867,351
cancer_type_top20,TCGA-BQ-7051,5,0.6177030205726624,1.7143363952636719,150
cancer_type_top20,TCGA-BQ-7055,5,0.2022792100906372,2.3375463485717773,15
cancer_type_top20,TCGA-BR-4183,5,0.6807336807250977,1.1064995527267456,85
cancer_type_top20,TCGA-BR-4201,5,0.35169753432273865,2.322861671447754,1904
cancer_type_top20,TCGA-BR-4294,5,0.48077642917633057,2.2234232425689697,41
cancer_type_top20,TCGA-BR-4362,5,0.1357182115316391,3.2951087951660156,2120
cancer_type_top20,TCGA-BR-4366,5,0.40143710374832153,1.6257119178771973,183
cancer_type_top20,TCGA-BR-4370,5,0.31614547967910767,2.044658660888672,1488
cancer_type_top20,TCGA-BR-4371,5,0.42030200362205505,1.714116096496582,209
cancer_type_top20,TCGA-BR-6456,5,0.2222098559141159,2.256934404373169,243
cancer_type_top20,TCGA-BR-6458,5,0.026085196062922478,4.608358383178711,773
cancer_type_top20,TCGA-BR-6564,5,0.32092398405075073,2.1590123176574707,94
cancer_type_top20,TCGA-BR-6801,5,0.9220851063728333,0.4944360554218292,65
cancer_type_top20,TCGA-BR-7901,5,0.3239327371120453,2.1320619583129883,235
cancer_type_top20,TCGA-BR-8059,5,0.18790504336357117,2.7331457138061523,947
cancer_type_top20,TCGA-BR-8077,5,0.7471349239349365,1.1601059436798096,147
cancer_type_top20,TCGA-BR-8295,5,0.48592281341552734,1.6408804655075073,63
cancer_type_top20,TCGA-BR-8296,5,0.5918627381324768,1.2565258741378784,95
cancer_type_top20,TCGA-BR-8297,5,0.1999673694372177,2.7908291816711426,298
cancer_type_top20,TCGA-BR-8364,5,0.4007484018802643,1.4644733667373657,25
cancer_type_top20,TCGA-BR-8369,5,0.3798750936985016,2.218057632446289,268
cancer_type_top20,TCGA-BR-8381,5,0.49481940269470215,2.0237765312194824,166
cancer_type_top20,TCGA-BR-8384,5,0.45599350333213806,1.3647880554199219,63
cancer_type_top20,TCGA-BR-8485,5,0.05947703868150711,4.041565895080566,395
cancer_type_top20,TCGA-BR-8590,5,0.19523046910762787,2.589517831802368,165
cancer_type_top20,TCGA-BR-8592,5,0.8951380252838135,0.6720446348190308,44
cancer_type_top20,TCGA-BR-8676,5,0.5622599720954895,1.620306372642517,106
cancer_type_top20,TCGA-BR-8678,5,0.9007062911987305,0.5772265791893005,145
cancer_type_top20,TCGA-BR-8686,5,0.4230846166610718,2.4796791076660156,143
cancer_type_top20,TCGA-BR-A452,5,0.1929725855588913,2.4754109382629395,141
cancer_type_top20,TCGA-BR-A4CS,5,0.34003937244415283,1.8167321681976318,209
cancer_type_top20,TCGA-BR-A4J1,5,0.5540175437927246,1.2685139179229736,90
cancer_type_top20,TCGA-BR-A4J4,5,0.18578188121318817,2.738762378692627,103
cancer_type_top20,TCGA-BS-A0T9,5,0.9340823292732239,0.3743661940097809,79
cancer_type_top20,TCGA-BS-A0TD,5,0.5508403778076172,0.996732234954834,55
cancer_type_top20,TCGA-BS-A0TE,5,0.30202192068099976,2.0894219875335693,472
cancer_type_top20,TCGA-BS-A0U7,5,0.305014044046402,1.611372947692871,300
cancer_type_top20,TCGA-BS-A0UL,5,0.43571972846984863,1.522165298461914,572
cancer_type_top20,TCGA-BT-A20N,5,0.6055423021316528,1.5927015542984009,371
cancer_type_top20,TCGA-BT-A20T,5,0.43283772468566895,2.0401275157928467,358
cancer_type_top20,TCGA-BT-A20X,5,0.7733334898948669,0.9014406800270081,95
cancer_type_top20,TCGA-BW-A5NO,5,0.39675265550613403,1.784162998199463,161
cancer_type_top20,TCGA-BW-A5NP,5,0.5400146245956421,1.6622350215911865,108
cancer_type_top20,TCGA-BW-A5NQ,5,0.5115876793861389,2.156773567199707,139
cancer_type_top20,TCGA-C4-A0EZ,5,0.617755651473999,1.3473557233810425,262
cancer_type_top20,TCGA-C4-A0F6,5,0.4361872375011444,2.208676338195801,272
cancer_type_top20,TCGA-C5-A1MH,5,0.39958909153938293,2.296515464782715,638
cancer_type_top20,TCGA-C5-A1ML,5,0.3316124677658081,1.9625821113586426,101
cancer_type_top20,TCGA-C5-A2LS,5,0.6514322757720947,1.5073304176330566,90
cancer_type_top20,TCGA-C5-A2LT,5,0.5038766860961914,1.6354306936264038,67
cancer_type_top20,TCGA-C5-A2LX,5,0.8328153491020203,0.8956555128097534,317
cancer_type_top20,TCGA-C5-A3HF,5,0.2543867528438568,2.8416991233825684,61
cancer_type_top20,TCGA-C5-A7CH,5,0.5504220724105835,1.5549702644348145,106
cancer_type_top20,TCGA-C5-A7CO,5,0.2975286543369293,1.9184412956237793,170
cancer_type_top20,TCGA-C5-A7UI,5,0.7413670420646667,1.518800973892212,188
cancer_type_top20,TCGA-C5-A8XJ,5,0.2584497332572937,3.2611725330352783,559
cancer_type_top20,TCGA-C5-A8YQ,5,0.8301519155502319,0.8351386785507202,271
cancer_type_top20,TCGA-C5-A8YR,5,0.5958575010299683,1.8097240924835205,210
cancer_type_top20,TCGA-C8-A12N,5,0.30701884627342224,1.6716355085372925,33
cancer_type_top20,TCGA-C8-A12O,5,0.7577378749847412,1.0806145668029785,52
cancer_type_top20,TCGA-C8-A12X,5,0.665894091129303,1.2279610633850098,72
cancer_type_top20,TCGA-C8-A130,5,0.5691388249397278,1.528141975402832,58
cancer_type_top20,TCGA-C8-A135,5,0.7645905017852783,0.6853564977645874,87
cancer_type_top20,TCGA-C8-A137,5,0.4360058605670929,2.0440900325775146,64
cancer_type_top20,TCGA-C8-A1HE,5,0.750299870967865,1.1201237440109253,58
cancer_type_top20,TCGA-C8-A1HG,5,0.2845925986766815,1.6718934774398804,75
cancer_type_top20,TCGA-C8-A26V,5,0.752005398273468,0.8634191751480103,99
cancer_type_top20,TCGA-C8-A26X,5,0.712565004825592,1.373429298400879,90
cancer_type_top20,TCGA-CA-5256,5,0.7104846835136414,1.3687844276428223,114
cancer_type_top20,TCGA-CC-5258,5,0.422012060880661,1.972886323928833,189
cancer_type_top20,TCGA-CC-A123,5,0.4865986108779907,2.036205291748047,116
cancer_type_top20,TCGA-CC-A3MB,5,0.860979437828064,0.7933852076530457,108
cancer_type_top20,TCGA-CC-A7IK,5,0.2037283480167389,3.4676904678344727,434
cancer_type_top20,TCGA-CC-A8HV,5,0.4538368284702301,1.7989122867584229,209
cancer_type_top20,TCGA-CD-5801,5,0.13742291927337646,3.664564371109009,553
cancer_type_top20,TCGA-CD-5802,5,0.22643893957138062,2.5281081199645996,71
cancer_type_top20,TCGA-CD-5804,5,0.3990834057331085,1.8364940881729126,96
cancer_type_top20,TCGA-CD-8525,5,0.574905514717102,1.332568645477295,107
cancer_type_top20,TCGA-CD-8528,5,0.42149364948272705,1.6432645320892334,139
cancer_type_top20,TCGA-CD-8534,5,0.4984143376350403,1.7616149187088013,77
cancer_type_top20,TCGA-CD-8535,5,0.16828025877475739,2.9431800842285156,352
cancer_type_top20,TCGA-CD-8536,5,0.5860441327095032,1.5238672494888306,1190
cancer_type_top20,TCGA-CD-A486,5,0.6305705308914185,1.2261120080947876,119
cancer_type_top20,TCGA-CE-A13K,5,0.3318551480770111,1.750135064125061,16
cancer_type_top20,TCGA-CE-A483,5,0.6738868951797485,1.0248745679855347,7
cancer_type_top20,TCGA-CF-A3MH,5,0.6551819443702698,1.63165283203125,62
cancer_type_top20,TCGA-CF-A5U8,5,0.9417309165000916,0.36019280552864075,74
cancer_type_top20,TCGA-CF-A8HY,5,0.802997887134552,0.9232906699180603,129
cancer_type_top20,TCGA-CG-4306,5,0.3557955324649811,2.9039177894592285,1526
cancer_type_top20,TCGA-CG-4444,5,0.10843203961849213,3.1295602321624756,236
cancer_type_top20,TCGA-CG-4449,5,0.6879321932792664,1.0387113094329834,120
cancer_type_top20,TCGA-CG-4475,5,0.1761758178472519,2.7351274490356445,78
cancer_type_top20,TCGA-CG-5721,5,0.09506691247224808,4.941292762756348,5000
cancer_type_top20,TCGA-CH-5738,5,0.5562385320663452,1.8565112352371216,26
cancer_type_top20,TCGA-CH-5740,5,0.3529278337955475,1.495466709136963,28
cancer_type_top20,TCGA-CH-5745,5,0.3625086843967438,2.0202109813690186,35
cancer_type_top20,TCGA-CH-5750,5,0.7193513512611389,1.1941168308258057,54
cancer_type_top20,TCGA-CH-5762,5,0.46744921803474426,1.893406629562378,87
cancer_type_top20,TCGA-CH-5764,5,0.7897850871086121,0.9335850477218628,40
cancer_type_top20,TCGA-CH-5790,5,0.18306678533554077,2.907013416290283,30
cancer_type_top20,TCGA-CJ-4638,5,0.8694262504577637,0.7411866784095764,98
cancer_type_top20,TCGA-CJ-4900,5,0.898414134979248,0.5845022797584534,56
cancer_type_top20,TCGA-CJ-4912,5,0.7914201021194458,1.1016383171081543,103
cancer_type_top20,TCGA-CJ-5672,5,0.900454580783844,0.5018817186355591,126
cancer_type_top20,TCGA-CJ-5686,5,0.9032083749771118,0.39621102809906006,81
cancer_type_top20,TCGA-CJ-6027,5,0.630051851272583,1.2349451780319214,116
cancer_type_top20,TCGA-CJ-6032,5,0.6994590759277344,1.1300283670425415,62
cancer_type_top20,TCGA-CK-4951,5,0.7838928699493408,1.4105877876281738,5000
cancer_type_top20,TCGA-CK-4952,5,0.6944752931594849,1.0807135105133057,220
cancer_type_top20,TCGA-CK-6748,5,0.4388972520828247,1.9903658628463745,99
cancer_type_top20,TCGA-CM-4746,5,0.41732513904571533,1.4543306827545166,1132
cancer_type_top20,TCGA-CM-4752,5,0.4276597797870636,1.8812050819396973,185
cancer_type_top20,TCGA-CM-5349,5,0.2744878828525543,2.7897701263427734,156
cancer_type_top20,TCGA-CM-5861,5,0.875792384147644,0.7226530909538269,2187
cancer_type_top20,TCGA-CM-6161,5,0.13104848563671112,3.586460828781128,144
cancer_type_top20,TCGA-CM-6171,5,0.9066542387008667,0.44700539112091064,1820
cancer_type_top20,TCGA-CM-6677,5,0.16005592048168182,2.8846850395202637,196
cancer_type_top20,TCGA-CN-4723,5,0.27594929933547974,2.640873432159424,1116
cancer_type_top20,TCGA-CN-4730,5,0.5916792154312134,1.6077686548233032,214
cancer_type_top20,TCGA-CN-4731,5,0.6152721047401428,1.178185224533081,152
cancer_type_top20,TCGA-CN-4736,5,0.4946461021900177,1.027092456817627,117
cancer_type_top20,TCGA-CN-5356,5,0.24580441415309906,2.3404226303100586,460
cancer_type_top20,TCGA-CN-5364,5,0.7502369284629822,1.1210877895355225,174
cancer_type_top20,TCGA-CN-5367,5,0.7114825248718262,1.1057994365692139,131
cancer_type_top20,TCGA-CN-5369,5,0.4556558132171631,2.6494860649108887,597
cancer_type_top20,TCGA-CN-6023,5,0.7292296290397644,1.142620325088501,140
cancer_type_top20,TCGA-CN-6995,5,0.45967191457748413,1.3512734174728394,287
cancer_type_top20,TCGA-CN-A497,5,0.38344261050224304,2.1885976791381836,454
cancer_type_top20,TCGA-CN-A499,5,0.8461676239967346,0.844552218914032,56
cancer_type_top20,TCGA-CN-A49A,5,0.4400544762611389,1.8602216243743896,159
cancer_type_top20,TCGA-CN-A63T,5,0.3882896602153778,2.0837488174438477,342
cancer_type_top20,TCGA-CN-A640,5,0.8954158425331116,0.5341465473175049,83
cancer_type_top20,TCGA-CQ-5323,5,0.3868749439716339,1.8858343362808228,83
cancer_type_top20,TCGA-CQ-5333,5,0.4585714340209961,1.4665093421936035,267
cancer_type_top20,TCGA-CQ-5334,5,0.5468712449073792,1.5905206203460693,232
cancer_type_top20,TCGA-CQ-6223,5,0.5910425782203674,1.4593685865402222,138
cancer_type_top20,TCGA-CQ-6224,5,0.4934858977794647,1.3838800191879272,85
cancer_type_top20,TCGA-CQ-A4C7,5,0.7150725722312927,0.9790380001068115,77
cancer_type_top20,TCGA-CR-5243,5,0.40164709091186523,1.8416727781295776,82
cancer_type_top20,TCGA-CR-6473,5,0.6601956486701965,1.6327143907546997,122
cancer_type_top20,TCGA-CR-6482,5,0.6387833952903748,1.0478335618972778,53
cancer_type_top20,TCGA-CR-6488,5,0.17564938962459564,2.9145727157592773,52
cancer_type_top20,TCGA-CR-6493,5,0.6900925636291504,1.0315214395523071,47
cancer_type_top20,TCGA-CR-7365,5,0.6162757277488708,1.682126522064209,224
cancer_type_top20,TCGA-CR-7367,5,0.3238055109977722,2.1826229095458984,220
cancer_type_top20,TCGA-CR-7370,5,0.30279237031936646,2.6750025749206543,718
cancer_type_top20,TCGA-CR-7389,5,0.29801738262176514,2.288802146911621,160
cancer_type_top20,TCGA-CR-7394,5,0.4276390075683594,2.2033140659332275,206
cancer_type_top20,TCGA-CR-7404,5,0.26447054743766785,2.211146116256714,166
cancer_type_top20,TCGA-CS-6188,5,0.9983388185501099,0.01685105636715889,58
cancer_type_top20,TCGA-CS-6665,5,0.49243029952049255,1.692634105682373,93
cancer_type_top20,TCGA-CS-6668,5,0.3136034607887268,1.9067884683609009,34
cancer_type_top20,TCGA-CU-A3QU,5,0.7370823621749878,1.1254563331604004,141
cancer_type_top20,TCGA-CV-5441,5,0.32160529494285583,2.5727970600128174,509
cancer_type_top20,TCGA-CV-5970,5,0.14509059488773346,2.796248435974121,516
cancer_type_top20,TCGA-CV-5979,5,0.8717153072357178,0.637794017791748,42
cancer_type_top20,TCGA-CV-6436,5,0.5153704881668091,1.190764307975769,103
cancer_type_top20,TCGA-CV-6940,5,0.7382539510726929,0.8100782632827759,182
cancer_type_top20,TCGA-CV-6955,5,0.17825119197368622,3.089216709136963,236
cancer_type_top20,TCGA-CV-6962,5,0.27581241726875305,2.3190255165100098,338
cancer_type_top20,TCGA-CV-7089,5,0.39264899492263794,1.2773665189743042,460
cancer_type_top20,TCGA-CV-7095,5,0.26744377613067627,2.890233039855957,612
cancer_type_top20,TCGA-CV-7099,5,0.7290876507759094,1.2616026401519775,395
cancer_type_top20,TCGA-CV-7100,5,0.3114844560623169,2.4473464488983154,51
cancer_type_top20,TCGA-CV-7104,5,0.5524181127548218,1.0808359384536743,180
cancer_type_top20,TCGA-CV-7236,5,0.8027486205101013,1.0064499378204346,64
cancer_type_top20,TCGA-CV-7243,5,0.8915343284606934,0.4540010094642639,144
cancer_type_top20,TCGA-CV-7254,5,0.6932579278945923,1.2875607013702393,366
cancer_type_top20,TCGA-CV-7413,5,0.22940969467163086,1.80265212059021,193
cancer_type_top20,TCGA-CV-7415,5,0.9491445422172546,0.3193379044532776,322
cancer_type_top20,TCGA-CV-7423,5,0.3322004973888397,1.6530154943466187,179
cancer_type_top20,TCGA-CV-7435,5,0.3784033954143524,1.6850147247314453,217
cancer_type_top20,TCGA-CV-7437,5,0.23446117341518402,2.3458964824676514,345
cancer_type_top20,TCGA-CV-A45X,5,0.881105363368988,0.6889228224754333,149
cancer_type_top20,TCGA-CV-A45Y,5,0.7651800513267517,0.9378426671028137,92
cancer_type_top20,TCGA-CV-A463,5,0.3432769775390625,1.7784101963043213,284
cancer_type_top20,TCGA-CV-A468,5,0.514893114566803,2.2162392139434814,537
cancer_type_top20,TCGA-CV-A6JO,5,0.4872550964355469,1.576124906539917,91
cancer_type_top20,TCGA-CV-A6K0,5,0.35815757513046265,2.4031057357788086,23
cancer_type_top20,TCGA-CW-5580,5,0.6719399094581604,1.2738828659057617,125
cancer_type_top20,TCGA-CW-6093,5,0.5882540345191956,1.094473958015442,137
cancer_type_top20,TCGA-CZ-5452,5,0.35416102409362793,1.5499237775802612,44
cancer_type_top20,TCGA-CZ-5454,5,0.30596354603767395,2.1845476627349854,39
cancer_type_top20,TCGA-CZ-5460,5,0.9571177363395691,0.30443689227104187,73
cancer_type_top20,TCGA-CZ-5467,5,0.34568077325820923,2.2031426429748535,78
cancer_type_top20,TCGA-CZ-5469,5,0.6477477550506592,1.45597505569458,64
cancer_type_top20,TCGA-CZ-5470,5,0.807152509689331,0.8360733389854431,73
cancer_type_top20,TCGA-D1-A0ZN,5,0.7556664347648621,1.1250908374786377,63
cancer_type_top20,TCGA-D1-A0ZQ,5,0.6190950274467468,0.8751757144927979,117
cancer_type_top20,TCGA-D1-A0ZU,5,0.4077965021133423,1.791349172592163,47
cancer_type_top20,TCGA-D1-A15Z,5,0.5575270652770996,1.952483892440796,101
cancer_type_top20,TCGA-D1-A161,5,0.7399693727493286,0.912642776966095,122
cancer_type_top20,TCGA-D1-A165,5,0.4769881069660187,1.1366288661956787,92
cancer_type_top20,TCGA-D1-A169,5,0.8481942415237427,0.7025381326675415,80
cancer_type_top20,TCGA-D1-A16B,5,0.42639032006263733,1.75754714012146,66
cancer_type_top20,TCGA-D1-A16G,5,0.5563575625419617,1.2053383588790894,57
cancer_type_top20,TCGA-D1-A16R,5,0.6730413436889648,1.2791430950164795,61
cancer_type_top20,TCGA-D1-A16V,5,0.44221481680870056,1.6951841115951538,60
cancer_type_top20,TCGA-D1-A17D,5,0.7373083233833313,1.2258424758911133,723
cancer_type_top20,TCGA-D1-A17Q,5,0.559328556060791,2.41843843460083,5000
cancer_type_top20,TCGA-D1-A17T,5,0.2090415358543396,2.0851340293884277,102
cancer_type_top20,TCGA-D1-A1NW,5,0.6822905540466309,1.3181828260421753,74
cancer_type_top20,TCGA-D1-A1O8,5,0.5746340751647949,1.3878765106201172,108
cancer_type_top20,TCGA-D1-A2G6,5,0.3534707725048065,1.5124046802520752,141
cancer_type_top20,TCGA-D1-A3DH,5,0.8756980895996094,0.63090580701828,160
cancer_type_top20,TCGA-D1-A3JP,5,0.8027158975601196,0.789486825466156,74
cancer_type_top20,TCGA-D3-A1QB,5,0.7775887846946716,1.163346529006958,581
cancer_type_top20,TCGA-D3-A2J8,5,0.5103819370269775,2.9392948150634766,1497
cancer_type_top20,TCGA-D3-A2JO,5,0.22033828496932983,3.499929666519165,2026
cancer_type_top20,TCGA-D3-A3CB,5,0.856142520904541,0.7747610807418823,846
cancer_type_top20,TCGA-D3-A3CE,5,0.83253413438797,1.171046495437622,3026
cancer_type_top20,TCGA-D3-A3ML,5,0.5067517757415771,1.9341530799865723,1285
cancer_type_top20,TCGA-D3-A3MV,5,0.8907243609428406,0.6670783758163452,747
cancer_type_top20,TCGA-D3-A51F,5,0.06369604915380478,4.427114963531494,165
cancer_type_top20,TCGA-D3-A5GL,5,0.4430462718009949,1.926027774810791,589
cancer_type_top20,TCGA-D3-A8GE,5,0.5626139640808105,1.3412048816680908,8
cancer_type_top20,TCGA-D3-A8GI,5,0.41954079270362854,4.007681369781494,5000
cancer_type_top20,TCGA-D3-A8GJ,5,0.9852437973022461,0.10258667916059494,274
cancer_type_top20,TCGA-D3-A8GV,5,0.9795831441879272,0.1797047108411789,569
cancer_type_top20,TCGA-D5-5540,5,0.3685298264026642,2.1590044498443604,182
cancer_type_top20,TCGA-D5-6530,5,0.5050751566886902,1.9737133979797363,1674
cancer_type_top20,TCGA-D5-6533,5,0.13512471318244934,3.447838068008423,235
cancer_type_top20,TCGA-D5-6534,5,0.6191199421882629,1.3239459991455078,219
cancer_type_top20,TCGA-D5-6535,5,0.2897090017795563,2.0442581176757812,239
cancer_type_top20,TCGA-D5-6898,5,0.4304269254207611,1.624234676361084,104
cancer_type_top20,TCGA-D5-6924,5,0.2381659299135208,2.7848751544952393,210
cancer_type_top20,TCGA-D5-6932,5,0.4580787122249603,1.6110376119613647,184
cancer_type_top20,TCGA-D5-7000,5,0.4998525083065033,2.130540370941162,158
cancer_type_top20,TCGA-D6-8568,5,0.5717761516571045,1.626009464263916,137
cancer_type_top20,TCGA-D6-A6EM,5,0.7660630941390991,1.119405746459961,121
cancer_type_top20,TCGA-D6-A6ES,5,0.5092923641204834,1.8138023614883423,259
cancer_type_top20,TCGA-D7-5578,5,0.259653776884079,2.722337245941162,302
cancer_type_top20,TCGA-D7-5579,5,0.4396064877510071,1.6612685918807983,183
cancer_type_top20,TCGA-D7-6518,5,0.5069963335990906,1.2315313816070557,112
cancer_type_top20,TCGA-D7-6528,5,0.11794976145029068,3.369943857192993,436
cancer_type_top20,TCGA-D7-6820,5,0.44743332266807556,1.6532973051071167,127
cancer_type_top20,TCGA-D7-A4YU,5,0.24944482743740082,2.6174731254577637,292
cancer_type_top20,TCGA-D7-A6F0,5,0.3169225752353668,1.8133811950683594,162
cancer_type_top20,TCGA-D7-A747,5,0.13829486072063446,2.838834285736084,131
cancer_type_top20,TCGA-D8-A13Z,5,0.3800603449344635,1.888129472732544,112
cancer_type_top20,TCGA-D8-A147,5,0.7074916362762451,1.212931752204895,215
cancer_type_top20,TCGA-D8-A1JB,5,0.20090976357460022,2.6478748321533203,69
cancer_type_top20,TCGA-D8-A1JD,5,0.602606475353241,1.4925918579101562,137
cancer_type_top20,TCGA-D8-A1JL,5,0.6550495624542236,1.2762857675552368,136
cancer_type_top20,TCGA-D8-A1JM,5,0.9084039330482483,0.4623256325721741,58
cancer_type_top20,TCGA-D8-A1X5,5,0.5974664688110352,1.172513484954834,73
cancer_type_top20,TCGA-D8-A1X9,5,0.3516720235347748,2.4257006645202637,108
cancer_type_top20,TCGA-D8-A1XA,5,0.570486843585968,0.9137724041938782,34
cancer_type_top20,TCGA-D8-A1XF,5,0.38006868958473206,1.9499101638793945,56
cancer_type_top20,TCGA-D8-A1XQ,5,0.4001834988594055,2.23586368560791,1180
cancer_type_top20,TCGA-D8-A1XV,5,0.4904486835002899,1.818258285522461,38
cancer_type_top20,TCGA-D8-A1XZ,5,0.5466358065605164,1.7744065523147583,105
cancer_type_top20,TCGA-D8-A27R,5,0.8161839246749878,0.948234498500824,44
cancer_type_top20,TCGA-D8-A27T,5,0.37816888093948364,1.9576706886291504,34
cancer_type_top20,TCGA-D8-A27V,5,0.01976463757455349,6.481670379638672,3333
cancer_type_top20,TCGA-D8-A27W,5,0.5240762829780579,2.199579954147339,60
cancer_type_top20,TCGA-D8-A3Z6,5,0.31472161412239075,1.765844464302063,44
cancer_type_top20,TCGA-D9-A6EA,5,0.7123957276344299,1.0969980955123901,897
cancer_type_top20,TCGA-DA-A1IA,5,0.2467571496963501,2.8916289806365967,539
cancer_type_top20,TCGA-DA-A3F3,5,0.7283022403717041,0.8589991331100464,399
cancer_type_top20,TCGA-DA-A3F8,5,0.8722496628761292,0.805804431438446,1657
cancer_type_top20,TCGA-DA-A95V,5,0.7120644450187683,1.230918288230896,377
cancer_type_top20,TCGA-DA-A95Z,5,0.31571587920188904,2.1873059272766113,2690
cancer_type_top20,TCGA-DB-5277,5,0.4401821196079254,1.539794683456421,55
cancer_type_top20,TCGA-DB-5278,5,0.3022427558898926,1.6169359683990479,8
cancer_type_top20,TCGA-DB-5281,5,0.35293710231781006,2.1615428924560547,69
cancer_type_top20,TCGA-DB-A4XF,5,0.5373386740684509,1.4486167430877686,44
cancer_type_top20,TCGA-DB-A4XG,5,0.35472342371940613,1.6216541528701782,30
cancer_type_top20,TCGA-DB-A64L,5,0.5481998324394226,1.1033395528793335,98
cancer_type_top20,TCGA-DB-A64P,5,0.5475298762321472,1.7456897497177124,33
cancer_type_top20,TCGA-DB-A75K,5,0.4859420657157898,1.313969373703003,50
cancer_type_top20,TCGA-DD-A118,5,0.1563117653131485,3.1488285064697266,161
cancer_type_top20,TCGA-DD-A1EB,5,0.7794246077537537,1.2026383876800537,250
cancer_type_top20,TCGA-DD-A1EJ,5,0.43866172432899475,2.11694073677063,92
cancer_type_top20,TCGA-DD-A39W,5,0.534060537815094,1.9174476861953735,55
cancer_type_top20,TCGA-DD-A3A4,5,0.45167967677116394,2.01743221282959,56
cancer_type_top20,TCGA-DD-A3A6,5,0.23479963839054108,2.8555023670196533,34
cancer_type_top20,TCGA-DD-A3A7,5,0.6262276768684387,1.7616493701934814,180
cancer_type_top20,TCGA-DD-A3A9,5,0.09647236764431,3.9577419757843018,541
cancer_type_top20,TCGA-DD-A4NA,5,0.3554776608943939,1.9568490982055664,42
cancer_type_top20,TCGA-DD-A4NN,5,0.14534711837768555,3.0291757583618164,161
cancer_type_top20,TCGA-DD-A4NQ,5,0.15094289183616638,2.555482864379883,240
cancer_type_top20,TCGA-DD-A73D,5,0.4638820290565491,2.10927677154541,106
cancer_type_top20,TCGA-DD-A73F,5,0.13496460020542145,3.0048208236694336,126
cancer_type_top20,TCGA-DD-AA3A,5,0.4040754437446594,2.1763951778411865,76
cancer_type_top20,TCGA-DD-AACG,5,0.5102015733718872,2.1308646202087402,150
cancer_type_top20,TCGA-DD-AACZ,5,0.33084404468536377,2.653409481048584,241
cancer_type_top20,TCGA-DD-AAD3,5,0.9016313552856445,0.5268938541412354,110
cancer_type_top20,TCGA-DD-AAD8,5,0.4681437015533447,2.199615478515625,168
cancer_type_top20,TCGA-DD-AADJ,5,0.5953803658485413,1.9892652034759521,91
cancer_type_top20,TCGA-DD-AADM,5,0.5477497577667236,2.1150004863739014,288
cancer_type_top20,TCGA-DD-AADV,5,0.6353337168693542,1.2144410610198975,157
cancer_type_top20,TCGA-DD-AAE1,5,0.6954982280731201,1.454594373703003,72
cancer_type_top20,TCGA-DD-AAE2,5,0.6155556440353394,1.7746520042419434,147
cancer_type_top20,TCGA-DD-AAE6,5,0.9409521818161011,0.3669567108154297,129
cancer_type_top20,TCGA-DD-AAVU,5,0.9732900261878967,0.2001645416021347,89
cancer_type_top20,TCGA-DD-AAVV,5,0.38443171977996826,1.5399178266525269,197
cancer_type_top20,TCGA-DE-A0Y2,5,0.1256832778453827,2.955836534500122,27
cancer_type_top20,TCGA-DE-A4M8,5,0.6904532313346863,1.2548240423202515,13
cancer_type_top20,TCGA-DE-A7U5,5,0.44679781794548035,1.518226981163025,6
cancer_type_top20,TCGA-DG-A2KJ,5,0.5007643103599548,2.247074604034424,139
cancer_type_top20,TCGA-DG-A2KM,5,0.5825328230857849,1.910785436630249,302
cancer_type_top20,TCGA-DI-A0WH,5,0.2998194396495819,3.2065346240997314,920
cancer_type_top20,TCGA-DI-A1BU,5,0.13683702051639557,4.842918872833252,5000
cancer_type_top20,TCGA-DI-A1NO,5,0.5155881643295288,2.003084659576416,391
cancer_type_top20,TCGA-DJ-A13P,5,0.5136667490005493,1.7116228342056274,10
cancer_type_top20,TCGA-DJ-A13R,5,0.48742246627807617,1.86293625831604,15
cancer_type_top20,TCGA-DJ-A13S,5,0.4672773778438568,1.2685291767120361,17
cancer_type_top20,TCGA-DJ-A13V,5,0.8515207767486572,0.5693454742431641,12
cancer_type_top20,TCGA-DJ-A13X,5,0.7614156603813171,0.9770726561546326,14
cancer_type_top20,TCGA-DJ-A1QG,5,0.7863177061080933,1.0195293426513672,20
cancer_type_top20,TCGA-DJ-A2PN,5,0.7488878965377808,0.9292563199996948,8
cancer_type_top20,TCGA-DJ-A2PO,5,0.45299816131591797,1.519850492477417,7
cancer_type_top20,TCGA-DJ-A2PR,5,0.47033947706222534,1.7310092449188232,9
cancer_type_top20,TCGA-DJ-A2PZ,5,0.9405709505081177,0.3408573567867279,22
cancer_type_top20,TCGA-DJ-A2Q7,5,0.9077268838882446,0.4551007151603699,20
cancer_type_top20,TCGA-DJ-A3UM,5,0.8727169036865234,0.5473014116287231,6
cancer_type_top20,TCGA-DJ-A3UV,5,0.4094257652759552,1.8359261751174927,11
cancer_type_top20,TCGA-DJ-A3UY,5,0.3853423595428467,1.5673072338104248,6
cancer_type_top20,TCGA-DJ-A3V3,5,0.5466871857643127,1.1140291690826416,9
cancer_type_top20,TCGA-DJ-A3VD,5,0.5995438694953918,1.476652979850769,10
cancer_type_top20,TCGA-DJ-A3VE,5,0.9682947993278503,0.19994565844535828,13
cancer_type_top20,TCGA-DJ-A3VF,5,0.6417205333709717,1.2501800060272217,9
cancer_type_top20,TCGA-DJ-A3VJ,5,0.7847890257835388,0.7038629651069641,9
cancer_type_top20,TCGA-DJ-A4V5,5,0.3592621684074402,1.6338067054748535,7
cancer_type_top20,TCGA-DK-A1AB,5,0.8700409531593323,0.7456393241882324,274
cancer_type_top20,TCGA-DK-A1AC,5,0.4066924452781677,2.2466771602630615,2121
cancer_type_top20,TCGA-DK-A1AE,5,0.5027292966842651,1.6555429697036743,157
cancer_type_top20,TCGA-DK-A1AG,5,0.36208850145339966,2.1271705627441406,163
cancer_type_top20,TCGA-DK-A2I4,5,0.25061899423599243,3.2725491523742676,1279
cancer_type_top20,TCGA-DK-A3IL,5,0.7286301255226135,1.3276278972625732,237
cancer_type_top20,TCGA-DK-A6B0,5,0.21438190340995789,2.447366952896118,33
cancer_type_top20,TCGA-DK-A6B1,5,0.9136029481887817,0.44819074869155884,197
cancer_type_top20,TCGA-DK-AA6U,5,0.6289649605751038,1.4122655391693115,587
cancer_type_top20,TCGA-DK-AA6W,5,0.5926850438117981,1.418779730796814,346
cancer_type_top20,TCGA-DK-AA71,5,0.38369181752204895,1.941189169883728,898
cancer_type_top20,TCGA-DK-AA75,5,0.569304883480072,1.8321020603179932,658
cancer_type_top20,TCGA-DM-A1D7,5,0.19772081077098846,3.1114602088928223,201
cancer_type_top20,TCGA-DM-A280,5,0.20789717137813568,2.4620931148529053,189
cancer_type_top20,TCGA-DM-A28C,5,0.4789237380027771,2.2571043968200684,150
cancer_type_top20,TCGA-DM-A28H,5,0.5247400999069214,1.7241356372833252,181
cancer_type_top20,TCGA-DM-A28K,5,0.4680119454860687,1.7678991556167603,157
cancer_type_top20,TCGA-DM-A28M,5,0.3167601227760315,2.722775459289551,146
cancer_type_top20,TCGA-DO-A1JZ,5,0.36585310101509094,1.81766676902771,11
cancer_type_top20,TCGA-DS-A0VM,5,0.40274450182914734,2.7281744480133057,412
cancer_type_top20,TCGA-DS-A7WI,5,0.19324590265750885,2.395237922668457,52
cancer_type_top20,TCGA-DU-5854,5,0.5712539553642273,0.8862428665161133,58
cancer_type_top20,TCGA-DU-5871,5,0.6484715342521667,1.1516247987747192,39
cancer_type_top20,TCGA-DU-6394,5,0.6835036277770996,1.1554640531539917,39
cancer_type_top20,TCGA-DU-6395,5,0.3003074824810028,2.136488676071167,35
cancer_type_top20,TCGA-DU-6402,5,0.4443213939666748,1.4904524087905884,63
cancer_type_top20,TCGA-DU-6407,5,0.24922390282154083,3.765294075012207,2669
cancer_type_top20,TCGA-DU-7009,5,0.3621089458465576,2.0075478553771973,28
cancer_type_top20,TCGA-DU-7010,5,0.21441476047039032,2.635418176651001,118
cancer_type_top20,TCGA-DU-7011,5,0.26143455505371094,2.0071728229522705,22
cancer_type_top20,TCGA-DU-7306,5,0.45813482999801636,1.9348082542419434,80
cancer_type_top20,TCGA-DU-8163,5,0.33546093106269836,1.8046964406967163,24
cancer_type_top20,TCGA-DU-A76K,5,0.5347956418991089,2.0108094215393066,71
cancer_type_top20,TCGA-DU-A76O,5,0.17441856861114502,2.5376970767974854,35
cancer_type_top20,TCGA-DU-A7T8,5,0.2292911261320114,2.380361557006836,22
cancer_type_top20,TCGA-DU-A7TB,5,0.9948921799659729,0.04481884092092514,43
cancer_type_top20,TCGA-DV-5568,5,0.9338106513023376,0.3273059129714966,26
cancer_type_top20,TCGA-DW-7834,5,0.32808294892311096,2.2932889461517334,82
cancer_type_top20,TCGA-DW-7839,5,0.7099820375442505,1.3830459117889404,58
cancer_type_top20,TCGA-DX-A3M1,5,0.4159153699874878,1.6817247867584229,102
cancer_type_top20,TCGA-DX-A3UF,5,0.7946041226387024,0.9719297885894775,79
cancer_type_top20,TCGA-DX-A48V,5,0.9516465663909912,0.30662408471107483,71
cancer_type_top20,TCGA-DX-A6B8,5,0.547888457775116,0.8922228217124939,80
cancer_type_top20,TCGA-DX-A6BG,5,0.5207000374794006,1.4547138214111328,30
cancer_type_top20,TCGA-DX-A6YR,5,0.39788898825645447,1.9700665473937988,119
cancer_type_top20,TCGA-DX-A7EL,5,0.5853434205055237,1.606675386428833,70
cancer_type_top20,TCGA-DX-A7ES,5,0.26021260023117065,2.3039488792419434,63
cancer_type_top20,TCGA-DX-A7ET,5,0.7361275553703308,1.2203935384750366,68
cancer_type_top20,TCGA-DX-A8BN,5,0.6747543811798096,1.1110467910766602,62
cancer_type_top20,TCGA-DX-A8BO,5,0.5151617527008057,1.8241604566574097,58
cancer_type_top20,TCGA-DX-AB2E,5,0.5964593887329102,1.899775743484497,1613
cancer_type_top20,TCGA-DX-AB2Q,5,0.671515703201294,1.5875095129013062,140
cancer_type_top20,TCGA-DX-AB2V,5,0.4708424508571625,2.1179211139678955,143
cancer_type_top20,TCGA-DX-AB30,5,0.5227335095405579,0.93703693151474,31
cancer_type_top20,TCGA-DX-AB3B,5,0.573154866695404,1.814500093460083,52
cancer_type_top20,TCGA-DZ-6131,5,0.7536359429359436,0.9383450150489807,229
cancer_type_top20,TCGA-DZ-6134,5,0.40292245149612427,2.7463278770446777,108
cancer_type_top20,TCGA-E1-5302,5,0.6949893236160278,1.0274614095687866,46
cancer_type_top20,TCGA-E1-5311,5,0.23236183822155,2.358954906463623,23
cancer_type_top20,TCGA-E1-A7YD,5,0.8662247061729431,0.6504473686218262,78
cancer_type_top20,TCGA-E1-A7YJ,5,0.4058169722557068,1.7864551544189453,59
cancer_type_top20,TCGA-E1-A7YW,5,0.47814348340034485,1.2798172235488892,27
cancer_type_top20,TCGA-E1-A7Z6,5,0.38570037484169006,1.4416173696517944,30
cancer_type_top20,TCGA-E2-A109,5,0.5694343447685242,1.6295126676559448,94
cancer_type_top20,TCGA-E2-A10A,5,0.5175486207008362,0.7452258467674255,36
cancer_type_top20,TCGA-E2-A14W,5,0.38074010610580444,1.8866127729415894,128
cancer_type_top20,TCGA-E2-A150,5,0.761949360370636,1.0674494504928589,96
cancer_type_top20,TCGA-E2-A153,5,0.22480565309524536,2.605020761489868,61
cancer_type_top20,TCGA-E2-A156,5,0.46247491240501404,1.2354450225830078,32
cancer_type_top20,TCGA-E2-A159,5,0.30114126205444336,1.9795955419540405,203
cancer_type_top20,TCGA-E2-A15A,5,0.30268508195877075,1.5009286403656006,109
cancer_type_top20,TCGA-E2-A15G,5,0.4805102050304413,1.4157018661499023,78
cancer_type_top20,TCGA-E2-A15I,5,0.49583956599235535,0.7623468637466431,95
cancer_type_top20,TCGA-E2-A15M,5,0.4405059218406677,1.271407961845398,226
cancer_type_top20,TCGA-E2-A15O,5,0.5271448493003845,1.3894416093826294,38
cancer_type_top20,TCGA-E2-A15R,5,0.33238381147384644,1.9158834218978882,51
cancer_type_top20,TCGA-E2-A15S,5,0.18158726394176483,2.579512357711792,75
cancer_type_top20,TCGA-E2-A1B0,5,0.48240000009536743,2.116990089416504,63
cancer_type_top20,TCGA-E2-A1BC,5,0.22574855387210846,2.739799976348877,97
cancer_type_top20,TCGA-E2-A1IK,5,0.250530868768692,2.07071590423584,22
cancer_type_top20,TCGA-E2-A1L7,5,0.5808155536651611,1.404201626777649,83
cancer_type_top20,TCGA-E2-A1LI,5,0.8737779259681702,0.5344977974891663,39
cancer_type_top20,TCGA-E2-A1LK,5,0.48719656467437744,1.4730398654937744,64
cancer_type_top20,TCGA-E3-A3DY,5,0.697594404220581,1.0630543231964111,11
cancer_type_top20,TCGA-E5-A4TZ,5,0.5342661738395691,1.8796645402908325,625
cancer_type_top20,TCGA-E6-A1LX,5,0.3822179138660431,3.3281261920928955,5000
cancer_type_top20,TCGA-E6-A8L9,5,0.712039589881897,1.301977276802063,84
cancer_type_top20,TCGA-E7-A4XJ,5,0.43444007635116577,2.1343600749969482,61
cancer_type_top20,TCGA-E7-A5KE,5,0.2386341094970703,2.7991127967834473,295
cancer_type_top20,TCGA-E7-A97P,5,0.4501166343688965,1.9072473049163818,276
cancer_type_top20,TCGA-E7-A97Q,5,0.8880462050437927,0.4019494950771332,89
cancer_type_top20,TCGA-E8-A3X7,5,0.7787388563156128,0.7602920532226562,10
cancer_type_top20,TCGA-E8-A414,5,0.5270574688911438,1.466678500175476,8
cancer_type_top20,TCGA-E8-A436,5,0.3949379324913025,1.6506251096725464,18
cancer_type_top20,TCGA-E9-A1NC,5,0.7204242944717407,1.13844633102417,94
cancer_type_top20,TCGA-E9-A1ND,5,0.36597689986228943,1.7721490859985352,113
cancer_type_top20,TCGA-E9-A1NE,5,0.7291373610496521,0.85962975025177,63
cancer_type_top20,TCGA-E9-A1QZ,5,0.1621965616941452,2.831519365310669,27
cancer_type_top20,TCGA-E9-A1R4,5,0.6588267087936401,1.2174694538116455,162
cancer_type_top20,TCGA-E9-A1RD,5,0.5228340029716492,0.9877236485481262,27
cancer_type_top20,TCGA-E9-A1RE,5,0.4146861433982849,1.64319908618927,68
cancer_type_top20,TCGA-E9-A1RI,5,0.8623751997947693,0.6870168447494507,31
cancer_type_top20,TCGA-E9-A229,5,0.4893640875816345,1.224724531173706,35
cancer_type_top20,TCGA-E9-A22D,5,0.951297402381897,0.29403233528137207,44
cancer_type_top20,TCGA-E9-A22E,5,0.3272721767425537,2.031362533569336,158
cancer_type_top20,TCGA-E9-A295,5,0.3277185261249542,2.4013211727142334,119
cancer_type_top20,TCGA-E9-A2JS,5,0.27287527918815613,2.1115686893463135,98
cancer_type_top20,TCGA-EA-A3HU,5,0.16487444937229156,3.5272414684295654,1789
cancer_type_top20,TCGA-EA-A3QD,5,0.388356477022171,2.2284483909606934,164
cancer_type_top20,TCGA-EA-A439,5,0.1956830471754074,2.8942646980285645,165
cancer_type_top20,TCGA-EA-A5O9,5,0.39495718479156494,1.641924500465393,87
cancer_type_top20,TCGA-EB-A24C,5,0.9281330704689026,0.4939761757850647,470
cancer_type_top20,TCGA-EB-A3XF,5,0.9189472794532776,0.4016168415546417,543
cancer_type_top20,TCGA-EB-A3Y7,5,0.4441972076892853,2.3375823497772217,1531
cancer_type_top20,TCGA-EB-A44O,5,0.9330103993415833,0.5023314356803894,701
cancer_type_top20,TCGA-EB-A551,5,0.945213258266449,0.45808228850364685,479
cancer_type_top20,TCGA-EB-A5SH,5,0.3935190439224243,2.1951026916503906,128
cancer_type_top20,TCGA-EB-A5UL,5,0.7565357685089111,0.802028477191925,636
cancer_type_top20,TCGA-EB-A85J,5,0.9352484345436096,0.5993293523788452,571
cancer_type_top20,TCGA-EC-A1QX,5,0.15411730110645294,2.903508186340332,1218
cancer_type_top20,TCGA-EE-A17Y,5,0.9020670056343079,0.5268658399581909,493
cancer_type_top20,TCGA-EE-A180,5,0.8777232766151428,0.7776511907577515,738
cancer_type_top20,TCGA-EE-A182,5,0.10136763751506805,5.32467794418335,2061
cancer_type_top20,TCGA-EE-A184,5,0.39062923192977905,2.904736042022705,1612
cancer_type_top20,TCGA-EE-A20C,5,0.5265207290649414,1.6503217220306396,3432
cancer_type_top20,TCGA-EE-A29C,5,0.9858494400978088,0.12583468854427338,584
cancer_type_top20,TCGA-EE-A29H,5,0.9881514310836792,0.11664831638336182,443
cancer_type_top20,TCGA-EE-A29L,5,0.4245772957801819,2.4698081016540527,3660
cancer_type_top20,TCGA-EE-A29V,5,0.6858170032501221,1.2343827486038208,1627
cancer_type_top20,TCGA-EE-A29W,5,0.9679731130599976,0.21963681280612946,415
cancer_type_top20,TCGA-EE-A2A1,5,0.6654491424560547,1.004414439201355,559
cancer_type_top20,TCGA-EE-A2A5,5,0.5551093220710754,1.4847362041473389,728
cancer_type_top20,TCGA-EE-A2GH,5,0.8182982206344604,1.042672872543335,1635
cancer_type_top20,TCGA-EE-A2GI,5,0.6813714504241943,1.9685285091400146,2626
cancer_type_top20,TCGA-EE-A2GM,5,0.9208947420120239,0.5455229878425598,1037
cancer_type_top20,TCGA-EE-A2GT,5,0.5887452363967896,2.195066213607788,2603
cancer_type_top20,TCGA-EE-A2MD,5,0.6887661814689636,1.877152442932129,3539
cancer_type_top20,TCGA-EE-A2ME,5,0.9460355639457703,0.418728768825531,806
cancer_type_top20,TCGA-EE-A2MF,5,0.4777413606643677,2.332639217376709,1042
cancer_type_top20,TCGA-EE-A2MH,5,0.9224334955215454,0.4475749135017395,352
cancer_type_top20,TCGA-EE-A2MP,5,0.8676276803016663,0.6238076686859131,623
cancer_type_top20,TCGA-EE-A2MR,5,0.23929356038570404,5.369636535644531,5000
cancer_type_top20,TCGA-EE-A2MS,5,0.22236262261867523,3.3757684230804443,4245
cancer_type_top20,TCGA-EE-A3JH,5,0.5294036269187927,2.467953681945801,249
cancer_type_top20,TCGA-EJ-5494,5,0.4171590805053711,1.9731464385986328,39
cancer_type_top20,TCGA-EJ-5498,5,0.3015943467617035,2.1218996047973633,48
cancer_type_top20,TCGA-EJ-5503,5,0.2957790791988373,1.9367408752441406,8
cancer_type_top20,TCGA-EJ-5507,5,0.5178349614143372,1.940190076828003,40
cancer_type_top20,TCGA-EJ-5510,5,0.8714023232460022,0.665988028049469,27
cancer_type_top20,TCGA-EJ-5512,5,0.8915315270423889,0.6009812951087952,20
cancer_type_top20,TCGA-EJ-5516,5,0.24333637952804565,2.666257381439209,33
cancer_type_top20,TCGA-EJ-5524,5,0.38221076130867004,2.0316812992095947,49
cancer_type_top20,TCGA-EJ-5525,5,0.44552263617515564,1.823276162147522,86
cancer_type_top20,TCGA-EJ-5531,5,0.8313364386558533,0.7335452437400818,39
cancer_type_top20,TCGA-EJ-5542,5,0.3316732943058014,2.40718412399292,38
cancer_type_top20,TCGA-EJ-7115,5,0.2324403077363968,2.9261229038238525,85
cancer_type_top20,TCGA-EJ-7123,5,0.3929298520088196,1.7617993354797363,153
cancer_type_top20,TCGA-EJ-7125,5,0.22291626036167145,2.5215747356414795,242
cancer_type_top20,TCGA-EJ-7218,5,0.8072764873504639,0.8339596390724182,35
cancer_type_top20,TCGA-EJ-7318,5,0.35978230834007263,2.18015718460083,39
cancer_type_top20,TCGA-EJ-7784,5,0.0753801017999649,3.909512758255005,102
cancer_type_top20,TCGA-EJ-8470,5,0.35742107033729553,2.121387004852295,29
cancer_type_top20,TCGA-EJ-A65F,5,0.801444411277771,1.0222575664520264,94
cancer_type_top20,TCGA-EJ-A6RA,5,0.27798619866371155,1.8159446716308594,15
cancer_type_top20,TCGA-EJ-A6RC,5,0.5624593496322632,1.228079915046692,28
cancer_type_top20,TCGA-EJ-A8FS,5,0.33687353134155273,2.342108726501465,41
cancer_type_top20,TCGA-EK-A2PK,5,0.323178768157959,1.7278995513916016,51
cancer_type_top20,TCGA-EK-A2R7,5,0.37153738737106323,2.086871385574341,211
cancer_type_top20,TCGA-EK-A2RB,5,0.4960855543613434,1.5674867630004883,167
cancer_type_top20,TCGA-EK-A2RN,5,0.4859839975833893,1.4530075788497925,245
cancer_type_top20,TCGA-EK-A3GM,5,0.512283205986023,2.1248080730438232,304
cancer_type_top20,TCGA-EK-A3GN,5,0.31773850321769714,2.754730463027954,107
cancer_type_top20,TCGA-EL-A3CM,5,0.7504490613937378,0.9853130578994751,29
cancer_type_top20,TCGA-EL-A3CY,5,0.6643059253692627,0.9305388927459717,4
cancer_type_top20,TCGA-EL-A3D4,5,0.5704563856124878,1.5360984802246094,10
cancer_type_top20,TCGA-EL-A3D6,5,0.5360314249992371,1.4864782094955444,36
cancer_type_top20,TCGA-EL-A3GP,5,0.9300551414489746,0.36594754457473755,28
cancer_type_top20,TCGA-EL-A3GQ,5,0.8253732919692993,0.8299119472503662,17
cancer_type_top20,TCGA-EL-A3GS,5,0.6595141887664795,1.2367005348205566,14
cancer_type_top20,TCGA-EL-A3GV,5,0.8172103762626648,0.6929852962493896,23
cancer_type_top20,TCGA-EL-A3H4,5,0.5485088229179382,1.764931321144104,15
cancer_type_top20,TCGA-EL-A3MW,5,0.602810800075531,1.0864760875701904,10
cancer_type_top20,TCGA-EL-A3MY,5,0.942945659160614,0.3056531250476837,23
cancer_type_top20,TCGA-EL-A3T1,5,0.4945296049118042,1.6436737775802612,17
cancer_type_top20,TCGA-EL-A3ZN,5,0.3331843316555023,1.4587198495864868,6
cancer_type_top20,TCGA-EL-A4K1,5,0.4828110337257385,1.6695138216018677,14
cancer_type_top20,TCGA-EM-A1CV,5,0.2260453999042511,2.4095067977905273,27
cancer_type_top20,TCGA-EM-A22J,5,0.7016391754150391,1.328395962715149,186
cancer_type_top20,TCGA-EM-A22P,5,0.8204399943351746,0.6416181325912476,20
cancer_type_top20,TCGA-EM-A2CL,5,0.11626176536083221,3.5884101390838623,82
cancer_type_top20,TCGA-EM-A2CO,5,0.22847048938274384,2.4810614585876465,17
cancer_type_top20,TCGA-EM-A2CQ,5,0.39119255542755127,1.643589735031128,10
cancer_type_top20,TCGA-EM-A2CS,5,0.37772420048713684,1.5494508743286133,31
cancer_type_top20,TCGA-EM-A2CT,5,0.9686220288276672,0.20158281922340393,36
cancer_type_top20,TCGA-EM-A2OZ,5,0.9667137265205383,0.23623213171958923,66
cancer_type_top20,TCGA-EM-A2P2,5,0.2470443695783615,2.1888606548309326,22
cancer_type_top20,TCGA-EM-A3AQ,5,0.4400908648967743,1.9884848594665527,13
cancer_type_top20,TCGA-EM-A3FQ,5,0.25904935598373413,2.1554219722747803,19
cancer_type_top20,TCGA-EM-A3O6,5,0.8945862054824829,0.5418952107429504,16
cancer_type_top20,TCGA-EM-A3SY,5,0.697437584400177,1.2831194400787354,16
cancer_type_top20,TCGA-EM-A4FH,5,0.36597391963005066,1.618131399154663,11
cancer_type_top20,TCGA-EM-A4FO,5,0.943824052810669,0.3342696726322174,19
cancer_type_top20,TCGA-EO-A1Y7,5,0.5870503783226013,1.5640220642089844,80
cancer_type_top20,TCGA-EO-A3AS,5,0.6130910515785217,1.6207749843597412,255
cancer_type_top20,TCGA-EO-A3AY,5,0.289605051279068,3.252236843109131,5000
cancer_type_top20,TCGA-EO-A3L0,5,0.28632885217666626,2.387937068939209,132
cancer_type_top20,TCGA-EP-A12J,5,0.5758922696113586,1.7667412757873535,83
cancer_type_top20,TCGA-EP-A2KC,5,0.3945697844028473,2.026031732559204,120
cancer_type_top20,TCGA-ER-A19B,5,0.7536514401435852,1.146806240081787,2290
cancer_type_top20,TCGA-ER-A19K,5,0.9293524026870728,0.3979372978210449,605
cancer_type_top20,TCGA-ER-A2ND,5,0.9914240837097168,0.05678075924515724,158
cancer_type_top20,TCGA-ER-A3ES,5,0.6950003504753113,1.2208057641983032,30
cancer_type_top20,TCGA-ER-A42H,5,0.2480981945991516,2.4896202087402344,87
cancer_type_top20,TCGA-ET-A25I,5,0.8734179735183716,0.6605419516563416,19
cancer_type_top20,TCGA-ET-A25O,5,0.8042880892753601,0.8422050476074219,24
cancer_type_top20,TCGA-ET-A2N5,5,0.8584815859794617,0.5557645559310913,12
cancer_type_top20,TCGA-ET-A39N,5,0.7781023383140564,1.0104095935821533,14
cancer_type_top20,TCGA-ET-A3DO,5,0.849461555480957,0.7444510459899902,17
cancer_type_top20,TCGA-ET-A3DU,5,0.8240432739257812,0.6741923689842224,20
cancer_type_top20,TCGA-ET-A3DV,5,0.34780529141426086,1.7509593963623047,11
cancer_type_top20,TCGA-ET-A40T,5,0.2789347469806671,2.58585524559021,23
cancer_type_top20,TCGA-EW-A1OX,5,0.8099416494369507,0.8507134914398193,24
cancer_type_top20,TCGA-EW-A1P0,5,0.845449686050415,0.7406777739524841,29
cancer_type_top20,TCGA-EW-A1PA,5,0.4271642863750458,1.589646577835083,46
cancer_type_top20,TCGA-EW-A2FV,5,0.015417014248669147,6.89973258972168,4232
cancer_type_top20,TCGA-EW-A6SC,5,0.8908663392066956,0.42071571946144104,47
cancer_type_top20,TCGA-EW-A6SD,5,0.7478192448616028,0.6592636108398438,80
cancer_type_top20,TCGA-EX-A1H5,5,0.17293305695056915,3.425863027572632,64
cancer_type_top20,TCGA-EX-A3L1,5,0.2176133394241333,2.6707985401153564,64
cancer_type_top20,TCGA-EX-A69M,5,0.5755197405815125,1.7340251207351685,85
cancer_type_top20,TCGA-EY-A1GC,5,0.4292234778404236,1.8356510400772095,70
cancer_type_top20,TCGA-EY-A1GI,5,0.22486551105976105,3.4366414546966553,5000
cancer_type_top20,TCGA-EY-A1GO,5,0.27606862783432007,2.446481227874756,557
cancer_type_top20,TCGA-EY-A1H0,5,0.20213761925697327,3.192807912826538,712
cancer_type_top20,TCGA-EY-A2ON,5,0.8909730911254883,0.531902015209198,117
cancer_type_top20,TCGA-EY-A4KR,5,0.4167986214160919,2.0127789974212646,145
cancer_type_top20,TCGA-EZ-7264,5,0.4358980059623718,1.8367390632629395,39
cancer_type_top20,TCGA-F4-6459,5,0.21607506275177002,2.5092129707336426,189
cancer_type_top20,TCGA-F4-6808,5,0.5581085085868835,1.9191702604293823,194
cancer_type_top20,TCGA-F4-6809,5,0.297640860080719,2.329308032989502,220
cancer_type_top20,TCGA-F4-6856,5,0.5485092401504517,1.893344759941101,1517
cancer_type_top20,TCGA-F7-7848,5,0.49427157640457153,1.6286779642105103,429
cancer_type_top20,TCGA-F7-8489,5,0.42520013451576233,1.8503203392028809,180
cancer_type_top20,TCGA-F9-A97G,5,0.4677012264728546,2.2223329544067383,92
cancer_type_top20,TCGA-FC-A5OB,5,0.9768798351287842,0.1625942885875702,37
cancer_type_top20,TCGA-FD-A3B5,5,0.3972320556640625,1.881103515625,195
cancer_type_top20,TCGA-FD-A3B6,5,0.8586101531982422,0.6769888997077942,357
cancer_type_top20,TCGA-FD-A3N5,5,0.295461505651474,2.154327392578125,434
cancer_type_top20,TCGA-FD-A3N6,5,0.5423584580421448,2.0753679275512695,158
cancer_type_top20,TCGA-FD-A5BS,5,0.20196188986301422,2.52231502532959,34
cancer_type_top20,TCGA-FD-A5BX,5,0.7792477607727051,1.3621597290039062,473
cancer_type_top20,TCGA-FD-A5BY,5,0.8781159520149231,0.5187790393829346,65
cancer_type_top20,TCGA-FD-A6TA,5,0.4516635835170746,2.3575801849365234,355
cancer_type_top20,TCGA-FD-A6TC,5,0.2887018620967865,2.1193933486938477,1314
cancer_type_top20,TCGA-FD-A6TD,5,0.7522047758102417,0.9040725231170654,189
cancer_type_top20,TCGA-FD-A6TF,5,0.8656228184700012,0.7509191632270813,195
cancer_type_top20,TCGA-FD-A6TK,5,0.46976912021636963,1.4935014247894287,163
cancer_type_top20,TCGA-FE-A231,5,0.7337883710861206,0.7714625000953674,20
cancer_type_top20,TCGA-FE-A234,5,0.9216586947441101,0.3710465133190155,12
cancer_type_top20,TCGA-FE-A23A,5,0.6207298040390015,1.5189117193222046,15
cancer_type_top20,TCGA-FE-A3PB,5,0.6301112771034241,0.9196361303329468,4
cancer_type_top20,TCGA-FG-6688,5,0.4728117883205414,1.9264216423034668,85
cancer_type_top20,TCGA-FG-6692,5,0.3807714283466339,1.6803197860717773,103
cancer_type_top20,TCGA-FG-7638,5,0.46110379695892334,1.43296480178833,24
cancer_type_top20,TCGA-FG-8189,5,0.3839557468891144,1.7202767133712769,11
cancer_type_top20,TCGA-FG-8191,5,0.5459808707237244,1.4497666358947754,33
cancer_type_top20,TCGA-FG-A4MY,5,0.4151304066181183,1.6544517278671265,36
cancer_type_top20,TCGA-FG-A6J1,5,0.3762149214744568,1.966162085533142,39
cancer_type_top20,TCGA-FG-A70Y,5,0.32798516750335693,1.9160858392715454,24
cancer_type_top20,TCGA-FG-A711,5,0.5395492911338806,1.290225863456726,56
cancer_type_top20,TCGA-FI-A2D6,5,0.3041483163833618,2.5256829261779785,1246
cancer_type_top20,TCGA-FI-A2EU,5,0.5823438167572021,1.1486845016479492,76
cancer_type_top20,TCGA-FI-A2F4,5,0.30763107538223267,3.1102168560028076,3618
cancer_type_top20,TCGA-FJ-A3Z7,5,0.2566671371459961,2.3987157344818115,437
cancer_type_top20,TCGA-FJ-A871,5,0.5768301486968994,1.560664415359497,65
cancer_type_top20,TCGA-FP-7916,5,0.47966268658638,1.7554903030395508,130
cancer_type_top20,TCGA-FP-7998,5,0.4167008101940155,1.8212076425552368,83
cancer_type_top20,TCGA-FP-8211,5,0.503044843673706,1.6864584684371948,125
cancer_type_top20,TCGA-FP-8631,5,0.7328093647956848,1.0236598253250122,130
cancer_type_top20,TCGA-FP-A4BF,5,0.5390154719352722,1.2647194862365723,130
cancer_type_top20,TCGA-FP-A9TM,5,0.6384994387626648,1.9098161458969116,215
cancer_type_top20,TCGA-FR-A3R1,5,0.258866548538208,3.1444554328918457,595
cancer_type_top20,TCGA-FR-A3YO,5,0.5212797522544861,2.389451742172241,1199
cancer_type_top20,TCGA-FR-A8YE,5,0.9850170612335205,0.13989989459514618,473
cancer_type_top20,TCGA-FS-A1YY,5,0.9889928102493286,0.09700217843055725,283
cancer_type_top20,TCGA-FS-A1ZC,5,0.8746227622032166,0.7088465690612793,1256
cancer_type_top20,TCGA-FS-A1ZJ,5,0.5676862597465515,1.6587440967559814,692
cancer_type_top20,TCGA-FS-A1ZU,5,0.3846316933631897,2.714890480041504,206
cancer_type_top20,TCGA-FS-A4F5,5,0.8860639333724976,0.7362378239631653,1033
cancer_type_top20,TCGA-FS-A4F8,5,0.9856065511703491,0.08661697804927826,237
cancer_type_top20,TCGA-FS-A4F9,5,0.5961437225341797,1.1187565326690674,625
cancer_type_top20,TCGA-FT-A3EE,5,0.44738009572029114,1.735388159751892,167
cancer_type_top20,TCGA-FT-A61P,5,0.5691479444503784,1.41073477268219,226
cancer_type_top20,TCGA-FU-A23K,5,0.9250507354736328,0.43140387535095215,149
cancer_type_top20,TCGA-FU-A3TQ,5,0.2831278443336487,2.6905860900878906,91
cancer_type_top20,TCGA-FU-A3TX,5,0.9129903316497803,0.5171349048614502,94
cancer_type_top20,TCGA-FV-A3I0,5,0.14094571769237518,2.9635629653930664,112
cancer_type_top20,TCGA-FV-A4ZP,5,0.4940526783466339,1.5744874477386475,137
cancer_type_top20,TCGA-FW-A3I3,5,0.4665581285953522,1.0615525245666504,79
cancer_type_top20,TCGA-FW-A3R5,5,0.07869932055473328,5.92761754989624,5000
cancer_type_top20,TCGA-FX-A3RE,5,0.16737259924411774,2.8658242225646973,189
cancer_type_top20,TCGA-FX-A48G,5,0.32281509041786194,1.870474100112915,117
cancer_type_top20,TCGA-FY-A3NN,5,0.6694477796554565,1.2541167736053467,14
cancer_type_top20,TCGA-FY-A3NP,5,0.8974339365959167,0.45922592282295227,15
cancer_type_top20,TCGA-FY-A3R6,5,0.4535765051841736,1.7622904777526855,12
cancer_type_top20,TCGA-FY-A3R8,5,0.7834842205047607,0.9894457459449768,20
cancer_type_top20,TCGA-FY-A3R9,5,0.8019380569458008,0.9013064503669739,28
cancer_type_top20,TCGA-FY-A40N,5,0.43602362275123596,1.2936031818389893,5
cancer_type_top20,TCGA-FY-A4B4,5,0.8877100944519043,0.5280419588088989,16
cancer_type_top20,TCGA-FY-A76V,5,0.2850134074687958,1.9562671184539795,16
cancer_type_top20,TCGA-G2-A2ES,5,0.3957667350769043,2.444721221923828,641
cancer_type_top20,TCGA-G3-A25S,5,0.5607733130455017,1.4973244667053223,198
cancer_type_top20,TCGA-G3-A25V,5,0.9702852964401245,0.22379449009895325,110
cancer_type_top20,TCGA-G3-A3CG,5,0.5929399132728577,1.9722453355789185,166
cancer_type_top20,TCGA-G3-A5SJ,5,0.376023530960083,1.9704160690307617,140
cancer_type_top20,TCGA-G3-A5SM,5,0.39614295959472656,1.9724555015563965,178
cancer_type_top20,TCGA-G3-A7M9,5,0.5702099204063416,1.4998204708099365,183
cancer_type_top20,TCGA-G3-AAV0,5,0.23727862536907196,2.777405261993408,261
cancer_type_top20,TCGA-G4-6295,5,0.24086126685142517,2.6153242588043213,311
cancer_type_top20,TCGA-G4-6302,5,0.3834856450557709,1.6155250072479248,2635
cancer_type_top20,TCGA-G4-6303,5,0.35869306325912476,2.19051194190979,140
cancer_type_top20,TCGA-G4-6306,5,0.5473344326019287,1.9009957313537598,159
cancer_type_top20,TCGA-G4-6323,5,0.32170626521110535,2.9741244316101074,143
cancer_type_top20,TCGA-G7-A4TM,5,0.5437349677085876,1.867976188659668,48
cancer_type_top20,TCGA-G9-6353,5,0.3087884783744812,1.9330843687057495,15
cancer_type_top20,TCGA-G9-6354,5,0.39944225549697876,1.8423035144805908,35
cancer_type_top20,TCGA-G9-6370,5,1.0,-0.0,1
cancer_type_top20,TCGA-G9-6378,5,0.6349592804908752,1.1437064409255981,39
cancer_type_top20,TCGA-G9-7521,5,0.45717653632164,1.9316157102584839,34
cancer_type_top20,TCGA-G9-7525,5,0.6883395910263062,1.048619031906128,43
cancer_type_top20,TCGA-GD-A2C5,5,0.7196377515792847,1.357928991317749,605
cancer_type_top20,TCGA-GD-A6C6,5,0.2813884913921356,2.142359733581543,373
cancer_type_top20,TCGA-GF-A6C8,5,0.9341748952865601,0.3687390089035034,531
cancer_type_top20,TCGA-GF-A769,5,0.9820829033851624,0.11706003546714783,217
cancer_type_top20,TCGA-GJ-A9DB,5,0.3817687928676605,1.9943596124649048,133
cancer_type_top20,TCGA-GL-A59T,5,0.20377683639526367,3.086960792541504,219
cancer_type_top20,TCGA-GL-A9DC,5,0.1624101847410202,3.163595676422119,159
cancer_type_top20,TCGA-GM-A2DC,5,0.7594014406204224,1.0363789796829224,32
cancer_type_top20,TCGA-GM-A2DF,5,0.5192235708236694,1.1907144784927368,55
cancer_type_top20,TCGA-GM-A3NW,5,0.6243955492973328,1.3178496360778809,100
cancer_type_top20,TCGA-GM-A3XL,5,0.5363165736198425,1.3967838287353516,156
cancer_type_top20,TCGA-GM-A5PX,5,0.4378219544887543,1.60526442527771,44
cancer_type_top20,TCGA-GN-A266,5,0.25396114587783813,5.145655155181885,5000
cancer_type_top20,TCGA-GN-A4U5,5,0.9689775705337524,0.2160181999206543,459
cancer_type_top20,TCGA-GN-A8LN,5,0.9798652529716492,0.15023133158683777,362
cancer_type_top20,TCGA-GU-A766,5,0.4691552519798279,1.6053094863891602,256
cancer_type_top20,TCGA-GU-A767,5,0.36749517917633057,2.4478936195373535,530
cancer_type_top20,TCGA-H7-A76A,5,0.4256180226802826,1.9720348119735718,103
cancer_type_top20,TCGA-H9-A6BY,5,0.9554064273834229,0.2854919135570526,37
cancer_type_top20,TCGA-HB-A3YV,5,0.2701357305049896,2.345970630645752,80
cancer_type_top20,TCGA-HC-7210,5,0.31289374828338623,1.952850580215454,44
cancer_type_top20,TCGA-HC-7212,5,0.9682348966598511,0.2204979956150055,38
cancer_type_top20,TCGA-HC-7213,5,0.541172206401825,0.990937352180481,54
cancer_type_top20,TCGA-HC-7231,5,0.8423680663108826,0.8755527138710022,51
cancer_type_top20,TCGA-HC-7232,5,0.5403302311897278,1.8542028665542603,41
cancer_type_top20,TCGA-HC-7745,5,0.26271483302116394,2.3569753170013428,78
cancer_type_top20,TCGA-HC-8256,5,0.885991096496582,0.6308502554893494,36
cancer_type_top20,TCGA-HC-8257,5,0.48983514308929443,2.1070189476013184,59
cancer_type_top20,TCGA-HC-8262,5,0.30300089716911316,2.4534504413604736,46
cancer_type_top20,TCGA-HC-8265,5,0.6211334466934204,1.487483024597168,77
cancer_type_top20,TCGA-HC-A6AQ,5,0.645239531993866,1.305412769317627,33
cancer_type_top20,TCGA-HE-7129,5,0.10173975676298141,4.795679569244385,659
cancer_type_top20,TCGA-HE-A5NJ,5,0.770304799079895,1.0112837553024292,81
cancer_type_top20,TCGA-HE-A5NL,5,0.4184783399105072,2.247845411300659,105
cancer_type_top20,TCGA-HF-7132,5,0.5482389330863953,2.1914758682250977,1656
cancer_type_top20,TCGA-HF-7134,5,0.12286544591188431,3.2593159675598145,362
cancer_type_top20,TCGA-HG-A2PA,5,0.701398491859436,1.217302680015564,105
cancer_type_top20,TCGA-HI-7168,5,0.7745968699455261,0.7356400489807129,65
cancer_type_top20,TCGA-HJ-7597,5,0.1678675264120102,3.4766387939453125,1041
cancer_type_top20,TCGA-HN-A2OB,5,0.5260374546051025,1.0821138620376587,26
cancer_type_top20,TCGA-HP-A5MZ,5,0.44248104095458984,1.571327805519104,67
cancer_type_top20,TCGA-HQ-A2OF,5,0.6373776197433472,1.4971344470977783,158
cancer_type_top20,TCGA-HT-7468,5,0.40379756689071655,1.8356528282165527,18
cancer_type_top20,TCGA-HT-7474,5,0.7454383373260498,0.874919056892395,35
cancer_type_top20,TCGA-HT-7481,5,0.3631466031074524,2.0117695331573486,35
cancer_type_top20,TCGA-HT-7483,5,0.5668966770172119,1.2737164497375488,22
cancer_type_top20,TCGA-HT-7485,5,0.274962842464447,1.8835289478302002,19
cancer_type_top20,TCGA-HT-7607,5,0.5527158379554749,1.0961076021194458,39
cancer_type_top20,TCGA-HT-7608,5,0.36361393332481384,2.101454734802246,31
cancer_type_top20,TCGA-HT-7620,5,0.3652225434780121,1.669690489768982,23
cancer_type_top20,TCGA-HT-7676,5,0.5688238143920898,1.5188283920288086,21
cancer_type_top20,TCGA-HT-7680,5,0.5092005729675293,1.1335140466690063,4
cancer_type_top20,TCGA-HT-7690,5,0.23848725855350494,2.204806327819824,27
cancer_type_top20,TCGA-HT-7692,5,0.2884407937526703,2.2536697387695312,34
cancer_type_top20,TCGA-HT-7880,5,0.22784307599067688,1.905500888824463,11
cancer_type_top20,TCGA-HT-7882,5,0.7278258204460144,1.4927431344985962,66
cancer_type_top20,TCGA-HT-7884,5,0.3316285014152527,2.4006845951080322,51
cancer_type_top20,TCGA-HT-8018,5,0.4122263193130493,1.7567906379699707,26
cancer_type_top20,TCGA-HT-8108,5,0.5824295878410339,1.082581877708435,28
cancer_type_top20,TCGA-HT-8110,5,0.37590354681015015,2.2902965545654297,49
cancer_type_top20,TCGA-HT-A617,5,0.8965390920639038,0.5720962882041931,30
cancer_type_top20,TCGA-HT-A74K,5,0.3709404766559601,1.7423086166381836,40
cancer_type_top20,TCGA-HU-8610,5,0.29286640882492065,1.9751887321472168,144
cancer_type_top20,TCGA-HU-A4G3,5,0.6634846925735474,1.3941500186920166,281
cancer_type_top20,TCGA-HU-A4G6,5,0.4827500581741333,1.9243508577346802,104
cancer_type_top20,TCGA-HU-A4GD,5,0.7584737539291382,1.0188806056976318,113
cancer_type_top20,TCGA-HU-A4GN,5,0.11116018891334534,3.100691556930542,3113
cancer_type_top20,TCGA-HU-A4H0,5,0.32492199540138245,2.2157459259033203,224
cancer_type_top20,TCGA-HW-7490,5,0.3690662980079651,1.707910418510437,144
cancer_type_top20,TCGA-HW-7491,5,0.6122615933418274,0.9845766425132751,25
cancer_type_top20,TCGA-HW-A5KK,5,0.31916889548301697,2.5450241565704346,51
cancer_type_top20,TCGA-IA-A83S,5,0.5501939058303833,1.5386428833007812,182
cancer_type_top20,TCGA-IE-A3OV,5,0.8975121974945068,0.6169142127037048,61
cancer_type_top20,TCGA-IE-A4EH,5,0.5467612743377686,1.0421230792999268,43
cancer_type_top20,TCGA-IG-A4P3,5,0.49970924854278564,1.8022243976593018,372
cancer_type_top20,TCGA-IG-A51D,5,0.8944154381752014,0.5788238048553467,222
cancer_type_top20,TCGA-IG-A5B8,5,0.44596046209335327,1.5227385759353638,450
cancer_type_top20,TCGA-IG-A6QS,5,0.8791696429252625,0.611177384853363,105
cancer_type_top20,TCGA-IG-A7DP,5,0.3832568824291229,2.0699052810668945,16
cancer_type_top20,TCGA-IG-A97H,5,0.8012482523918152,1.14481782913208,162
cancer_type_top20,TCGA-IG-A97I,5,0.6611050963401794,1.0115444660186768,196
cancer_type_top20,TCGA-IM-A3U2,5,0.7295528054237366,0.6435773968696594,51
cancer_type_top20,TCGA-IN-7808,5,0.28411638736724854,2.1658051013946533,272
cancer_type_top20,TCGA-IN-AB1V,5,0.26395127177238464,2.1218974590301514,77
cancer_type_top20,TCGA-IQ-7631,5,0.9287167191505432,0.48565661907196045,43
cancer_type_top20,TCGA-IQ-A61G,5,0.3027946650981903,2.1105246543884277,173
cancer_type_top20,TCGA-IQ-A6SG,5,0.3863227665424347,1.8410136699676514,131
cancer_type_top20,TCGA-IR-A3L7,5,0.9128487706184387,0.5800786018371582,51
cancer_type_top20,TCGA-IR-A3LH,5,0.45953819155693054,1.5265353918075562,1384
cancer_type_top20,TCGA-IS-A3K7,5,0.7515899538993835,0.9375811219215393,168
cancer_type_top20,TCGA-IW-A3M4,5,0.16712616384029388,2.678744077682495,33
cancer_type_top20,TCGA-J2-A4AG,5,0.2739626169204712,2.2410950660705566,120
cancer_type_top20,TCGA-J4-A67M,5,0.23881110548973083,2.7254133224487305,46
cancer_type_top20,TCGA-J4-AATV,5,0.4133513867855072,1.5751490592956543,6
cancer_type_top20,TCGA-J8-A3YD,5,0.7539392113685608,0.8550241589546204,14
cancer_type_top20,TCGA-J8-A3YE,5,0.5492778420448303,1.4637198448181152,9
cancer_type_top20,TCGA-J8-A3YH,5,0.3693526089191437,1.566724419593811,18
cancer_type_top20,TCGA-J8-A4HW,5,0.4446970522403717,2.1940383911132812,25
cancer_type_top20,TCGA-J8-A4HY,5,0.9891564249992371,0.07224353402853012,49
cancer_type_top20,TCGA-J9-A8CP,5,0.2254706472158432,2.119283676147461,38
cancer_type_top20,TCGA-JL-A3YX,5,0.2984025180339813,1.8427228927612305,56
cancer_type_top20,TCGA-JU-AAVI,5,0.3167835474014282,1.9344065189361572,84
cancer_type_top20,TCGA-JW-A5VI,5,0.8215172290802002,0.9429194927215576,103
cancer_type_top20,TCGA-JW-AAVH,5,0.5352190732955933,1.955179214477539,175
cancer_type_top20,TCGA-JY-A6FA,5,0.7785516977310181,0.9209249019622803,198
cancer_type_top20,TCGA-K1-A3PN,5,0.3517914414405823,1.708219051361084,132
cancer_type_top20,TCGA-K4-A4AB,5,0.4482397437095642,1.5587886571884155,140
cancer_type_top20,TCGA-K4-A54R,5,0.17008104920387268,3.221604585647583,2501
cancer_type_top20,TCGA-K4-A6MB,5,0.6204494833946228,1.5805901288986206,473
cancer_type_top20,TCGA-K7-A6G5,5,0.30403056740760803,2.5232174396514893,122
cancer_type_top20,TCGA-KC-A7FD,5,0.7889056205749512,1.0088316202163696,57
cancer_type_top20,TCGA-KC-A7FE,5,0.23885147273540497,1.916768193244934,9
cancer_type_top20,TCGA-KD-A5QS,5,0.18618427217006683,2.852278709411621,123
cancer_type_top20,TCGA-KK-A6E0,5,0.22668953239917755,2.5310235023498535,36
cancer_type_top20,TCGA-KK-A6E5,5,0.37875938415527344,2.0361592769622803,25
cancer_type_top20,TCGA-KK-A6E7,5,0.2713741958141327,2.2358126640319824,36
cancer_type_top20,TCGA-KK-A7AV,5,0.6116328239440918,0.8281168937683105,25
cancer_type_top20,TCGA-KK-A7B2,5,0.8841776251792908,0.5592072010040283,22
cancer_type_top20,TCGA-KK-A7B4,5,0.5610401034355164,1.1431050300598145,46
cancer_type_top20,TCGA-KK-A8I8,5,0.301239013671875,2.337097406387329,29
cancer_type_top20,TCGA-KK-A8IA,5,0.1587696075439453,3.1641228199005127,43
cancer_type_top20,TCGA-KK-A8IL,5,0.8839555382728577,0.6061014533042908,50
cancer_type_top20,TCGA-KP-A3W1,5,0.8686515688896179,0.695842981338501,76
cancer_type_top20,TCGA-KP-A3W4,5,0.6380769610404968,1.0991352796554565,77
cancer_type_top20,TCGA-KQ-A41O,5,0.8270312547683716,0.7948824763298035,325
cancer_type_top20,TCGA-KS-A4I1,5,0.6883319020271301,1.066726565361023,12
cancer_type_top20,TCGA-KS-A4I5,5,0.44750645756721497,1.9575104713439941,16
cancer_type_top20,TCGA-KS-A4I7,5,0.8975962400436401,0.5067407488822937,10
cancer_type_top20,TCGA-KT-A74X,5,0.5138593316078186,1.3320844173431396,16
cancer_type_top20,TCGA-KU-A66S,5,0.18492525815963745,3.0208253860473633,656
cancer_type_top20,TCGA-KU-A66T,5,0.4928872585296631,1.6652872562408447,142
cancer_type_top20,TCGA-L3-A524,5,0.35673803091049194,2.2161731719970703,445
cancer_type_top20,TCGA-L5-A43H,5,0.940345823764801,0.337095707654953,125
cancer_type_top20,TCGA-L5-A43I,5,0.7163102030754089,1.2566614151000977,328
cancer_type_top20,TCGA-L5-A4OI,5,0.683513879776001,1.795738935470581,3307
cancer_type_top20,TCGA-L5-A4OJ,5,0.18657156825065613,3.120737075805664,390
cancer_type_top20,TCGA-L5-A4ON,5,0.09851708263158798,3.2756290435791016,248
cancer_type_top20,TCGA-L5-A4OT,5,0.048380933701992035,4.038216590881348,368
cancer_type_top20,TCGA-L5-A88T,5,0.37488818168640137,1.6879714727401733,97
cancer_type_top20,TCGA-L5-A891,5,0.3133229911327362,2.181549310684204,253
cancer_type_top20,TCGA-L5-A893,5,0.15995362401008606,2.6797080039978027,207
cancer_type_top20,TCGA-L5-A8NF,5,0.46684426069259644,1.8191885948181152,212
cancer_type_top20,TCGA-L5-A8NG,5,0.33019137382507324,2.1934573650360107,239
cancer_type_top20,TCGA-L5-A8NW,5,0.19463087618350983,2.5004074573516846,249
cancer_type_top20,TCGA-L9-A444,5,0.3093651235103607,2.9884133338928223,723
cancer_type_top20,TCGA-LD-A9QF,5,0.269431471824646,2.15445876121521,41
cancer_type_top20,TCGA-LG-A9QC,5,0.6896643042564392,1.2655463218688965,73
cancer_type_top20,TCGA-LG-A9QD,5,0.18521204590797424,3.066101551055908,175
cancer_type_top20,TCGA-LH-A9QB,5,0.9941007494926453,0.06531208008527756,363
cancer_type_top20,TCGA-LL-A5YN,5,0.5592485070228577,1.2351468801498413,51
cancer_type_top20,TCGA-LL-A5YP,5,0.7731940150260925,1.1854220628738403,110
cancer_type_top20,TCGA-LL-A73Y,5,0.6652930974960327,1.1289806365966797,199
cancer_type_top20,TCGA-LN-A49M,5,0.3461705446243286,1.6127731800079346,369
cancer_type_top20,TCGA-LN-A49N,5,0.7617634534835815,0.8637622594833374,80
cancer_type_top20,TCGA-LN-A49R,5,0.6273819208145142,1.5050302743911743,183
cancer_type_top20,TCGA-LN-A49S,5,0.3974776566028595,1.6638983488082886,243
cancer_type_top20,TCGA-LN-A49Y,5,0.2864793837070465,2.1672604084014893,382
cancer_type_top20,TCGA-LN-A4A8,5,0.953172504901886,0.30196529626846313,203
cancer_type_top20,TCGA-LN-A4MR,5,0.5764740109443665,1.7083618640899658,246
cancer_type_top20,TCGA-LN-A5U7,5,0.5855056047439575,1.590678095817566,200
cancer_type_top20,TCGA-LP-A4AV,5,0.6610851883888245,1.43182373046875,622
cancer_type_top20,TCGA-M7-A71Z,5,0.26562562584877014,2.366959810256958,34
cancer_type_top20,TCGA-M7-A720,5,0.4223695397377014,1.6018303632736206,10
cancer_type_top20,TCGA-M7-A724,5,0.5044929385185242,1.8120406866073608,36
cancer_type_top20,TCGA-MB-A8JL,5,0.46120211482048035,1.078980803489685,56
cancer_type_top20,TCGA-MF-A522,5,0.4369405210018158,1.998979091644287,768
cancer_type_top20,TCGA-MH-A55W,5,0.3563573360443115,2.4463348388671875,112
cancer_type_top20,TCGA-MH-A562,5,0.3222503066062927,2.3255650997161865,86
cancer_type_top20,TCGA-MM-A563,5,0.9407047629356384,0.39497679471969604,60
cancer_type_top20,TCGA-MM-A564,5,0.6270590424537659,1.4317418336868286,119
cancer_type_top20,TCGA-MN-A4N1,5,0.10911564528942108,3.1210131645202637,606
cancer_type_top20,TCGA-MP-A4T9,5,0.9287455081939697,0.30806028842926025,48
cancer_type_top20,TCGA-MP-A4TA,5,0.29446691274642944,2.8649463653564453,467
cancer_type_top20,TCGA-MP-A4TD,5,0.5280066728591919,1.6555103063583374,108
cancer_type_top20,TCGA-MR-A8JO,5,0.5468924641609192,1.901396632194519,45
cancer_type_top20,TCGA-MT-A51X,5,0.5362330079078674,1.1307035684585571,74
cancer_type_top20,TCGA-MT-A67A,5,0.6779449582099915,1.010629653930664,143
cancer_type_top20,TCGA-MU-A8JM,5,0.4126036465167999,2.1937754154205322,189
cancer_type_top20,TCGA-NC-A5HI,5,0.31568145751953125,2.448728561401367,564
cancer_type_top20,TCGA-NC-A5HJ,5,0.24325820803642273,2.293416976928711,517
cancer_type_top20,TCGA-NC-A5HN,5,0.14040519297122955,3.284299850463867,762
cancer_type_top20,TCGA-NC-A5HP,5,0.14937886595726013,2.750720977783203,525
cancer_type_top20,TCGA-NH-A50T,5,0.3780498504638672,1.9051721096038818,172
cancer_type_top20,TCGA-NJ-A4YF,5,0.16183656454086304,3.052680015563965,807
cancer_type_top20,TCGA-NJ-A4YP,5,0.44408419728279114,1.7119344472885132,702
cancer_type_top20,TCGA-NK-A5CX,5,0.3849180340766907,1.7531851530075073,223
cancer_type_top20,TCGA-O2-A52S,5,0.37678349018096924,2.4471821784973145,487
cancer_type_top20,TCGA-OD-A75X,5,0.7047079801559448,1.1030157804489136,1469
cancer_type_top20,TCGA-OL-A5D7,5,0.8380058407783508,0.8087702393531799,86
cancer_type_top20,TCGA-OL-A5RW,5,0.5964928865432739,1.8096652030944824,261
cancer_type_top20,TCGA-OL-A6VR,5,0.3615140914916992,2.613372325897217,40
cancer_type_top20,TCGA-OY-A56Q,5,0.9077752232551575,0.49156203866004944,91
cancer_type_top20,TCGA-P3-A5Q5,5,0.5258508920669556,1.7950072288513184,359
cancer_type_top20,TCGA-P3-A5Q6,5,0.28655481338500977,2.324544668197632,168
cancer_type_top20,TCGA-P3-A5QE,5,0.524703323841095,1.6693873405456543,51
cancer_type_top20,TCGA-P3-A5QF,5,0.40638577938079834,1.928041934967041,535
cancer_type_top20,TCGA-P3-A6T0,5,0.666537880897522,1.145355463027954,112
cancer_type_top20,TCGA-P5-A5EW,5,0.40450945496559143,1.8426910638809204,26
cancer_type_top20,TCGA-P5-A5EX,5,0.8592804670333862,0.6223666667938232,31
cancer_type_top20,TCGA-P5-A5EY,5,0.6199315786361694,0.6640976667404175,2
cancer_type_top20,TCGA-P5-A5F1,5,0.43950551748275757,1.3763947486877441,30
cancer_type_top20,TCGA-P5-A5F2,5,0.4084135591983795,1.609951376914978,37
cancer_type_top20,TCGA-P5-A730,5,0.2078516185283661,2.2012243270874023,25
cancer_type_top20,TCGA-PC-A5DK,5,0.7435059547424316,0.9798972606658936,23
cancer_type_top20,TCGA-PC-A5DM,5,0.6718689799308777,1.3028647899627686,63
cancer_type_top20,TCGA-PG-A915,5,0.41919222474098206,2.048565149307251,123
cancer_type_top20,TCGA-PQ-A6FN,5,0.973518967628479,0.19029463827610016,110
cancer_type_top20,TCGA-Q1-A5R1,5,0.24796736240386963,2.303959608078003,108
cancer_type_top20,TCGA-Q1-A5R2,5,0.15586665272712708,3.350389003753662,649
cancer_type_top20,TCGA-Q1-A6DT,5,0.44935163855552673,2.248706817626953,265
cancer_type_top20,TCGA-Q1-A73Q,5,0.5016376972198486,1.6520975828170776,113
cancer_type_top20,TCGA-Q1-A73R,5,0.28870609402656555,2.0538864135742188,92
cancer_type_top20,TCGA-Q1-A73S,5,0.4501231610774994,2.019554615020752,48
cancer_type_top20,TCGA-Q9-A6FU,5,0.3858698308467865,2.437490224838257,245
cancer_type_top20,TCGA-QA-A7B7,5,0.7878391146659851,1.077422857284546,140
cancer_type_top20,TCGA-QC-AA9N,5,0.9539129137992859,0.2906239628791809,67
cancer_type_top20,TCGA-QD-A8IV,5,0.8568253517150879,0.5284231901168823,12
cancer_type_top20,TCGA-QF-A5YT,5,0.46724581718444824,1.4812653064727783,12
cancer_type_top20,TCGA-QH-A65R,5,0.5144428014755249,1.5956205129623413,41
cancer_type_top20,TCGA-QH-A6X9,5,0.3528206944465637,1.8925284147262573,66
cancer_type_top20,TCGA-QH-A870,5,0.2634638249874115,1.9275448322296143,27
cancer_type_top20,TCGA-QK-A6V9,5,0.742239236831665,1.1020231246948242,100
cancer_type_top20,TCGA-QK-A6VB,5,0.8051236867904663,1.0544869899749756,623
cancer_type_top20,TCGA-QK-A8Z7,5,0.8860245943069458,0.7091794013977051,182
cancer_type_top20,TCGA-QK-A8ZB,5,0.7933083772659302,1.0627636909484863,130
cancer_type_top20,TCGA-QK-AA3J,5,0.6688870191574097,1.1429672241210938,163
cancer_type_top20,TCGA-QQ-A5VC,5,0.9211667776107788,0.4846942722797394,99
cancer_type_top20,TCGA-QQ-A5VD,5,0.5469143986701965,1.6562583446502686,656
cancer_type_top20,TCGA-QQ-A8VD,5,0.8172821402549744,0.8178750872612,28
cancer_type_top20,TCGA-QQ-A8VH,5,0.8664534091949463,0.6917885541915894,87
cancer_type_top20,TCGA-QS-A8F1,5,0.8689089417457581,0.6717675924301147,110
cancer_type_top20,TCGA-QU-A6IM,5,0.3202883303165436,2.5362417697906494,80
cancer_type_top20,TCGA-R5-A7ZF,5,0.24018695950508118,2.914991617202759,89
cancer_type_top20,TCGA-R5-A7ZR,5,0.5960344076156616,1.0242631435394287,95
cancer_type_top20,TCGA-R6-A6L6,5,0.44739195704460144,2.165167808532715,190
cancer_type_top20,TCGA-R8-A6MO,5,0.31509190797805786,2.204798936843872,43
cancer_type_top20,TCGA-RC-A6M3,5,0.7545263767242432,1.31975257396698,108
cancer_type_top20,TCGA-RC-A6M6,5,0.5809129476547241,1.6418910026550293,255
cancer_type_top20,TCGA-RD-A8N0,5,0.6597340703010559,0.6412116885185242,2
cancer_type_top20,TCGA-RD-A8N1,5,0.6910057067871094,1.1686866283416748,133
cancer_type_top20,TCGA-RD-A8N5,5,0.9287430644035339,0.46938151121139526,45
cancer_type_top20,TCGA-RD-A8NB,5,0.5093380808830261,2.2488503456115723,836
cancer_type_top20,TCGA-RN-A68Q,5,0.1514773666858673,2.709491491317749,34
cancer_type_top20,TCGA-RP-A690,5,0.30504024028778076,1.9354610443115234,22
cancer_type_top20,TCGA-RS-A6TP,5,0.7981921434402466,0.7510637640953064,171
cancer_type_top20,TCGA-S2-AA1A,5,0.32550564408302307,1.822272539138794,146
cancer_type_top20,TCGA-S3-A6ZH,5,0.325025349855423,2.166804075241089,52
cancer_type_top20,TCGA-S3-AA10,5,0.6016861200332642,1.5225605964660645,231
cancer_type_top20,TCGA-S3-AA11,5,0.24627111852169037,2.2031774520874023,110
cancer_type_top20,TCGA-S8-A6BW,5,0.9589853882789612,0.253094881772995,159
cancer_type_top20,TCGA-S9-A6TU,5,0.2408675104379654,2.267415761947632,27
cancer_type_top20,TCGA-S9-A6U8,5,0.6072548627853394,1.474838376045227,24
cancer_type_top20,TCGA-S9-A6UB,5,0.542553722858429,1.3167997598648071,36
cancer_type_top20,TCGA-S9-A6WE,5,0.3516455888748169,1.739948034286499,16
cancer_type_top20,TCGA-S9-A6WG,5,0.7465180158615112,0.6703778505325317,28
cancer_type_top20,TCGA-S9-A6WM,5,0.2632600665092468,2.883354425430298,73
cancer_type_top20,TCGA-S9-A7R2,5,0.9789190292358398,0.14870977401733398,57
cancer_type_top20,TCGA-S9-A89V,5,0.6297096610069275,1.032811164855957,56
cancer_type_top20,TCGA-SI-A71Q,5,0.3941933512687683,1.7995227575302124,54
cancer_type_top20,TCGA-SU-A7E7,5,0.6629464626312256,1.4641873836517334,29
cancer_type_top20,TCGA-SW-A7EA,5,0.3625864088535309,1.8700295686721802,847
cancer_type_top20,TCGA-SX-A71V,5,0.3341124653816223,2.7006120681762695,151
cancer_type_top20,TCGA-T3-A92N,5,0.1869715303182602,2.895376443862915,215
cancer_type_top20,TCGA-T9-A92H,5,0.3928358852863312,2.4154341220855713,272
cancer_type_top20,TCGA-TM-A84B,5,0.3840472400188446,2.0290184020996094,48
cancer_type_top20,TCGA-TM-A84F,5,0.5905091762542725,1.3702806234359741,21
cancer_type_top20,TCGA-TM-A84H,5,0.43176737427711487,1.4587571620941162,53
cancer_type_top20,TCGA-TM-A84I,5,0.4940561354160309,1.8263722658157349,46
cancer_type_top20,TCGA-TM-A84M,5,0.47602578997612,1.704164981842041,37
cancer_type_top20,TCGA-TM-A84O,5,0.31982940435409546,2.109714984893799,34
cancer_type_top20,TCGA-TQ-A7RJ,5,0.6105454564094543,1.3264325857162476,62
cancer_type_top20,TCGA-TQ-A7RN,5,0.46009519696235657,1.216569423675537,38
cancer_type_top20,TCGA-TQ-A7RP,5,0.37706229090690613,1.8917925357818604,53
cancer_type_top20,TCGA-TQ-A7RS,5,0.33743250370025635,2.0150558948516846,21
cancer_type_top20,TCGA-TQ-A7RU,5,0.38000860810279846,1.9211524724960327,37
cancer_type_top20,TCGA-UB-A7MC,5,0.4823341369628906,1.7513842582702637,99
cancer_type_top20,TCGA-UC-A7PD,5,0.9082303643226624,0.5081914663314819,63
cancer_type_top20,TCGA-UE-A6QT,5,0.4113559424877167,1.3990463018417358,21
cancer_type_top20,TCGA-UE-A6QU,5,0.7752634286880493,1.1870012283325195,99
cancer_type_top20,TCGA-UF-A718,5,0.6534603834152222,1.0363410711288452,80
cancer_type_top20,TCGA-UF-A719,5,0.47885197401046753,2.0668718814849854,150
cancer_type_top20,TCGA-UF-A71E,5,0.37297192215919495,2.2862205505371094,224
cancer_type_top20,TCGA-UF-A7J9,5,0.33557990193367004,2.2452902793884277,326
cancer_type_top20,TCGA-UF-A7JV,5,0.9791857004165649,0.13092920184135437,102
cancer_type_top20,TCGA-UU-A93S,5,0.7703090906143188,1.2373119592666626,241
cancer_type_top20,TCGA-UY-A8OB,5,0.5455734133720398,1.9026528596878052,417
cancer_type_top20,TCGA-UY-A9PF,5,0.3430000841617584,2.758068084716797,678
cancer_type_top20,TCGA-UZ-A9PK,5,0.3764982223510742,2.8651745319366455,105
cancer_type_top20,TCGA-UZ-A9PP,5,0.8459141254425049,0.8555669188499451,111
cancer_type_top20,TCGA-UZ-A9PX,5,0.22287707030773163,2.845972776412964,146
cancer_type_top20,TCGA-V1-A8MF,5,0.2379462569952011,2.662595510482788,37
cancer_type_top20,TCGA-V1-A8ML,5,0.6613966822624207,1.2696812152862549,15
cancer_type_top20,TCGA-V1-A8WL,5,0.6200067400932312,1.590449571609497,34
cancer_type_top20,TCGA-V1-A8WN,5,0.9531026482582092,0.25100913643836975,20
cancer_type_top20,TCGA-V1-A8WS,5,0.666784942150116,0.8741127848625183,31
cancer_type_top20,TCGA-V1-A9OY,5,0.9524016380310059,0.2763269543647766,24
cancer_type_top20,TCGA-V1-A9Z7,5,0.960923969745636,0.23802787065505981,37
cancer_type_top20,TCGA-V1-A9Z9,5,0.2945309579372406,2.074263095855713,38
cancer_type_top20,TCGA-V1-A9ZK,5,0.72084641456604,1.282570242881775,27
cancer_type_top20,TCGA-V5-AASX,5,0.15574075281620026,2.9655022621154785,774
cancer_type_top20,TCGA-V7-A7HQ,5,0.4927675426006317,1.371265172958374,35
cancer_type_top20,TCGA-V9-A7HT,5,0.33024483919143677,2.281039237976074,106
cancer_type_top20,TCGA-VM-A8CE,5,0.199947789311409,2.3411567211151123,22
cancer_type_top20,TCGA-VM-A8CF,5,0.338111937046051,2.276522636413574,50
cancer_type_top20,TCGA-VM-A8CH,5,0.8762060403823853,0.5522229671478271,17
cancer_type_top20,TCGA-VN-A88I,5,0.548610508441925,1.3283179998397827,17
cancer_type_top20,TCGA-VN-A88L,5,0.4495781660079956,2.046720504760742,30
cancer_type_top20,TCGA-VP-A87H,5,0.39204901456832886,2.1459739208221436,36
cancer_type_top20,TCGA-VP-A87K,5,0.6093938946723938,1.2652920484542847,37
cancer_type_top20,TCGA-VQ-A8P3,5,0.06114913150668144,4.046233177185059,371
cancer_type_top20,TCGA-VQ-A8PJ,5,0.24479496479034424,2.492440700531006,191
cancer_type_top20,TCGA-VQ-A8PU,5,0.38970640301704407,2.1449923515319824,165
cancer_type_top20,TCGA-VQ-A91V,5,0.058458756655454636,3.9795982837677,306
cancer_type_top20,TCGA-VQ-A91Y,5,0.4027060270309448,1.6053684949874878,57
cancer_type_top20,TCGA-VQ-A922,5,0.2182168811559677,2.53940486907959,212
cancer_type_top20,TCGA-VQ-A923,5,0.5585728883743286,1.4835190773010254,135
cancer_type_top20,TCGA-VQ-A927,5,0.49751952290534973,1.7976704835891724,69
cancer_type_top20,TCGA-VQ-AA6A,5,0.25922396779060364,1.9936922788619995,127
cancer_type_top20,TCGA-VQ-AA6J,5,0.19460809230804443,2.6656322479248047,184
cancer_type_top20,TCGA-VR-A8EO,5,0.8173189759254456,0.5011422038078308,83
cancer_type_top20,TCGA-VR-A8ET,5,0.4738525152206421,1.3560423851013184,32
cancer_type_top20,TCGA-VR-AA7B,5,0.49317729473114014,1.2566287517547607,271
cancer_type_top20,TCGA-VS-A8EI,5,0.49788716435432434,1.8934708833694458,196
cancer_type_top20,TCGA-VS-A8Q9,5,0.8533061146736145,0.8532930016517639,85
cancer_type_top20,TCGA-VS-A8QM,5,0.4197078347206116,2.1862449645996094,162
cancer_type_top20,TCGA-VS-A94X,5,0.36985182762145996,1.709939956665039,480
cancer_type_top20,TCGA-VS-A94Z,5,0.5373256802558899,1.3936874866485596,1206
cancer_type_top20,TCGA-VS-A9UP,5,0.1577591896057129,3.277656316757202,322
cancer_type_top20,TCGA-VS-A9V0,5,0.526543140411377,1.4582569599151611,78
cancer_type_top20,TCGA-VS-A9V3,5,0.4358917772769928,2.187641143798828,287
cancer_type_top20,TCGA-VS-A9V4,5,0.1727333664894104,2.4609315395355225,197
cancer_type_top20,TCGA-VT-A80G,5,0.3995727598667145,1.567622423171997,131
cancer_type_top20,TCGA-VV-A86M,5,0.32181963324546814,1.7584198713302612,17
cancer_type_top20,TCGA-W3-A824,5,0.42398056387901306,1.8261662721633911,2083
cancer_type_top20,TCGA-W3-AA1Q,5,0.9536268711090088,0.3411165773868561,1283
cancer_type_top20,TCGA-W3-AA1W,5,0.9191570281982422,0.45940935611724854,971
cancer_type_top20,TCGA-WE-A8K1,5,0.9796099066734314,0.18858352303504944,465
cancer_type_top20,TCGA-WE-A8ZQ,5,0.9772275686264038,0.15877149999141693,253
cancer_type_top20,TCGA-WE-A8ZR,5,0.9712998867034912,0.17587009072303772,37
cancer_type_top20,TCGA-WE-A8ZX,5,0.9007802605628967,0.47954028844833374,805
cancer_type_top20,TCGA-WE-AAA4,5,0.9140564799308777,0.36962926387786865,312
cancer_type_top20,TCGA-WJ-A86L,5,0.58342045545578,1.738907814025879,190
cancer_type_top20,TCGA-WK-A8XT,5,0.7336032390594482,1.303790807723999,81
cancer_type_top20,TCGA-WK-A8XX,5,0.8541043996810913,0.6720797419548035,85
cancer_type_top20,TCGA-WN-A9G9,5,0.4188554286956787,1.544633388519287,91
cancer_type_top20,TCGA-WT-AB41,5,0.4745215177536011,1.0876648426055908,66
cancer_type_top20,TCGA-WT-AB44,5,0.8187844157218933,0.7534180879592896,66
cancer_type_top20,TCGA-WX-AA47,5,0.3953586220741272,2.2437119483947754,60
cancer_type_top20,TCGA-WY-A859,5,0.4349265992641449,2.1389853954315186,37
cancer_type_top20,TCGA-WY-A85A,5,0.2872840464115143,1.8271632194519043,19
cancer_type_top20,TCGA-WY-A85C,5,0.36401107907295227,2.1604654788970947,38
cancer_type_top20,TCGA-WY-A85E,5,0.7051928043365479,1.0413116216659546,84
cancer_type_top20,TCGA-X4-A8KS,5,0.27877750992774963,2.502523183822632,30
cancer_type_top20,TCGA-X6-A7WC,5,0.7091623544692993,1.0826759338378906,139
cancer_type_top20,TCGA-X6-A8C6,5,0.9105260968208313,0.524900496006012,110
cancer_type_top20,TCGA-X9-A973,5,0.6148042678833008,1.7391284704208374,70
cancer_type_top20,TCGA-XF-A8HD,5,0.3963475823402405,2.106433391571045,645
cancer_type_top20,TCGA-XF-A8HI,5,0.6683239936828613,1.3101038932800293,108
cancer_type_top20,TCGA-XF-A9SK,5,0.9237743020057678,0.3568529486656189,203
cancer_type_top20,TCGA-XF-A9SX,5,0.28870657086372375,2.125082015991211,146
cancer_type_top20,TCGA-XF-A9T0,5,0.2177262157201767,2.961918354034424,1090
cancer_type_top20,TCGA-XF-A9T6,5,0.6402705907821655,1.1805912256240845,425
cancer_type_top20,TCGA-XF-AAME,5,0.6579792499542236,1.4460117816925049,25
cancer_type_top20,TCGA-XF-AAMF,5,0.7663520574569702,0.8997005224227905,100
cancer_type_top20,TCGA-XF-AAMT,5,0.31515413522720337,2.0795717239379883,141
cancer_type_top20,TCGA-XF-AAMX,5,0.462705135345459,1.6765403747558594,442
cancer_type_top20,TCGA-XF-AAN8,5,0.7275885343551636,0.5856426358222961,2
cancer_type_top20,TCGA-XJ-A9DK,5,0.4964824318885803,1.288984775543213,5
cancer_type_top20,TCGA-XK-AAJA,5,0.6075407266616821,1.2430551052093506,59
cancer_type_top20,TCGA-XK-AAJR,5,0.21988049149513245,2.442216634750366,38
cancer_type_top20,TCGA-XK-AAJT,5,0.9161490797996521,0.43354788422584534,36
cancer_type_top20,TCGA-XQ-A8TB,5,0.9938699007034302,0.049272242933511734,36
cancer_type_top20,TCGA-XR-A8TD,5,0.9724788665771484,0.18878480792045593,75
cancer_type_top20,TCGA-XR-A8TF,5,0.3463324308395386,2.6109938621520996,212
cancer_type_top20,TCGA-XV-AAZY,5,0.9771233797073364,0.21277713775634766,241
cancer_type_top20,TCGA-Y6-A8TL,5,0.503494918346405,1.901343822479248,34
cancer_type_top20,TCGA-YA-A8S7,5,0.613364040851593,1.6638296842575073,121
cancer_type_top20,TCGA-YL-A8HO,5,0.8287574052810669,0.8451389670372009,46
cancer_type_top20,TCGA-YL-A8S9,5,0.17745335400104523,2.8135290145874023,42
cancer_type_top20,TCGA-YL-A8SH,5,0.21108750998973846,2.452195644378662,39
cancer_type_top20,TCGA-YL-A8SI,5,0.5647299289703369,1.6131081581115723,26
cancer_type_top20,TCGA-YL-A8SK,5,0.2138320356607437,2.683164596557617,45
cancer_type_top20,TCGA-YL-A8SR,5,0.4823746979236603,2.1751270294189453,31
cancer_type_top20,TCGA-YL-A9WH,5,0.7585124373435974,1.2377643585205078,73
cancer_type_top20,TCGA-YL-A9WJ,5,0.5307888984680176,1.8580107688903809,27
cancer_type_top20,TCGA-Z2-A8RT,5,0.7942632436752319,1.3798866271972656,4112
cancer_type_top20,TCGA-Z7-A8R6,5,0.6715078949928284,1.1207444667816162,117
cancer_type_top20,TCGA-ZF-A9R0,5,0.5707090497016907,1.3369864225387573,271
cancer_type_top20,TCGA-ZF-A9R1,5,0.39448198676109314,2.04386043548584,130
cancer_type_top20,TCGA-ZF-A9R2,5,0.33524155616760254,2.125946283340454,196
cancer_type_top20,TCGA-ZF-A9R3,5,0.26480695605278015,2.4201812744140625,118
cancer_type_top20,TCGA-ZF-A9R4,5,0.9097404479980469,0.532936155796051,332
cancer_type_top20,TCGA-ZF-A9RF,5,0.4008820652961731,2.106034755706787,325
cancer_type_top20,TCGA-ZF-A9RM,5,0.8280472159385681,0.8548867106437683,116
cancer_type_top20,TCGA-ZF-A9RN,5,0.5002946853637695,1.8397634029388428,259
cancer_type_top20,TCGA-ZF-AA4N,5,0.71342533826828,0.8852687478065491,218
cancer_type_top20,TCGA-ZF-AA4R,5,0.6873536705970764,1.2927157878875732,85
cancer_type_top20,TCGA-ZF-AA4U,5,0.2793574035167694,2.063467502593994,86
cancer_type_top20,TCGA-ZF-AA4W,5,0.5121150612831116,1.991121768951416,699
cancer_type_top20,TCGA-ZF-AA5N,5,0.4979022443294525,1.5137604475021362,69
cancer_type_top20,TCGA-ZG-A9L2,5,0.9403806924819946,0.32935139536857605,31
cancer_type_top20,TCGA-ZG-A9M4,5,0.7860279083251953,0.8607085347175598,45
cancer_type_top20,TCGA-ZJ-AAXJ,5,0.42921337485313416,1.9281585216522217,167
cancer_type_top20,TCGA-ZJ-AAXN,5,0.10878945887088776,3.4470837116241455,92
cancer_type_top20,TCGA-ZP-A9CV,5,0.8427074551582336,0.9138716459274292,165
cancer_type_top20,TCGA-ZP-A9D4,5,0.7451691031455994,1.153376817703247,101
cancer_type_top20,TCGA-ZQ-A9CR,5,0.7719514966011047,1.126368761062622,148
cancer_type_top20,TCGA-ZR-A9CJ,5,0.34960028529167175,2.2694568634033203,204
cancer_type_top20,TCGA-ZX-AA5X,5,0.35859695076942444,2.304046869277954,103
