sample,benchmark,endpoint,representation,learner,true_value,pred_value,pred_value_z,fold,predicted_class,pred_class_0,class_label_0,pred_class_1,class_label_1
TCGA-3C-AALI,tcga_mc3_wes,HRD_Score,MuAt-compatible reimplementation,muat_compatible_qkv_attention,32.0,43.46622914956905,0.8369140625,3,,,,,
TCGA-3C-AALJ,tcga_mc3_wes,HRD_Score,MuAt-compatible reimplementation,muat_compatible_qkv_attention,31.0,49.632524031168465,1.1630859375,4,,,,,
TCGA-5L-AAT0,tcga_mc3_wes,HRD_Score,MuAt-compatible reimplementation,muat_compatible_qkv_attention,9.0,30.957125007036417,0.2401123046875,4,,,,,
TCGA-5T-A9QA,tcga_mc3_wes,HRD_Score,MuAt-compatible reimplementation,muat_compatible_qkv_attention,15.0,32.82218921492617,0.341064453125,1,,,,,
TCGA-A1-A0SB,tcga_mc3_wes,HRD_Score,MuAt-compatible reimplementation,muat_compatible_qkv_attention,0.0,21.104335381559814,-0.2236328125,5,,,,,
TCGA-A1-A0SD,tcga_mc3_wes,HRD_Score,MuAt-compatible reimplementation,muat_compatible_qkv_attention,25.0,25.200404659719787,-0.015625,5,,,,,
TCGA-A1-A0SE,tcga_mc3_wes,HRD_Score,MuAt-compatible reimplementation,muat_compatible_qkv_attention,15.0,14.983866775445104,-0.54931640625,4,,,,,
TCGA-A1-A0SF,tcga_mc3_wes,HRD_Score,MuAt-compatible reimplementation,muat_compatible_qkv_attention,23.0,16.48372388006926,-0.469970703125,1,,,,,
TCGA-A1-A0SG,tcga_mc3_wes,HRD_Score,MuAt-compatible reimplementation,muat_compatible_qkv_attention,12.0,4.876773427111772,-1.048828125,4,,,,,
TCGA-A1-A0SI,tcga_mc3_wes,HRD_Score,MuAt-compatible reimplementation,muat_compatible_qkv_attention,13.0,34.78803942132405,0.429443359375,4,,,,,
TCGA-A1-A0SJ,tcga_mc3_wes,HRD_Score,MuAt-compatible reimplementation,muat_compatible_qkv_attention,22.0,17.028997101060938,-0.4482421875,4,,,,,
TCGA-A1-A0SK,tcga_mc3_wes,HRD_Score,MuAt-compatible reimplementation,muat_compatible_qkv_attention,33.0,23.617352807187668,-0.0965576171875,2,,,,,
TCGA-A1-A0SO,tcga_mc3_wes,HRD_Score,MuAt-compatible reimplementation,muat_compatible_qkv_attention,82.0,35.42633443953268,0.49609375,2,,,,,
TCGA-A1-A0SQ,tcga_mc3_wes,HRD_Score,MuAt-compatible reimplementation,muat_compatible_qkv_attention,8.0,30.996644433618368,0.2420654296875,4,,,,,
TCGA-A2-A04N,tcga_mc3_wes,HRD_Score,MuAt-compatible reimplementation,muat_compatible_qkv_attention,7.0,16.93573127391233,-0.431884765625,2,,,,,
TCGA-A2-A04P,tcga_mc3_wes,HRD_Score,MuAt-compatible reimplementation,muat_compatible_qkv_attention,83.0,40.14240385751462,0.7431640625,5,,,,,
TCGA-A2-A04Q,tcga_mc3_wes,HRD_Score,MuAt-compatible reimplementation,muat_compatible_qkv_attention,16.0,35.62068011665211,0.47998046875,1,,,,,
TCGA-A2-A04R,tcga_mc3_wes,HRD_Score,MuAt-compatible reimplementation,muat_compatible_qkv_attention,36.0,59.114771543372115,1.6123046875,3,,,,,
TCGA-A2-A04T,tcga_mc3_wes,HRD_Score,MuAt-compatible reimplementation,muat_compatible_qkv_attention,77.0,41.77834375278723,0.78564453125,1,,,,,
TCGA-A2-A04U,tcga_mc3_wes,HRD_Score,MuAt-compatible reimplementation,muat_compatible_qkv_attention,59.0,33.75665893606489,0.387451171875,1,,,,,
TCGA-A2-A04V,tcga_mc3_wes,HRD_Score,MuAt-compatible reimplementation,muat_compatible_qkv_attention,10.0,22.144104713428394,-0.2196044921875,3,,,,,
TCGA-A2-A04W,tcga_mc3_wes,HRD_Score,MuAt-compatible reimplementation,muat_compatible_qkv_attention,22.0,31.505638261358435,0.2442626953125,3,,,,,
TCGA-A2-A04Y,tcga_mc3_wes,HRD_Score,MuAt-compatible reimplementation,muat_compatible_qkv_attention,20.0,49.13853119889411,1.138671875,4,,,,,
TCGA-A2-A0CM,tcga_mc3_wes,HRD_Score,MuAt-compatible reimplementation,muat_compatible_qkv_attention,40.0,33.96814418874365,0.39794921875,1,,,,,
TCGA-A2-A0CP,tcga_mc3_wes,HRD_Score,MuAt-compatible reimplementation,muat_compatible_qkv_attention,5.0,23.609091360340734,-0.096435546875,5,,,,,
TCGA-A2-A0CR,tcga_mc3_wes,HRD_Score,MuAt-compatible reimplementation,muat_compatible_qkv_attention,2.0,19.990742794041136,-0.278564453125,2,,,,,
TCGA-A2-A0CS,tcga_mc3_wes,HRD_Score,MuAt-compatible reimplementation,muat_compatible_qkv_attention,3.0,19.071320537187084,-0.32470703125,2,,,,,
TCGA-A2-A0CT,tcga_mc3_wes,HRD_Score,MuAt-compatible reimplementation,muat_compatible_qkv_attention,30.0,22.779781559304826,-0.1385498046875,5,,,,,
TCGA-A2-A0CU,tcga_mc3_wes,HRD_Score,MuAt-compatible reimplementation,muat_compatible_qkv_attention,21.0,30.539922169045653,0.1964111328125,3,,,,,
TCGA-A2-A0CV,tcga_mc3_wes,HRD_Score,MuAt-compatible reimplementation,muat_compatible_qkv_attention,3.0,21.006065504211623,-0.2454833984375,1,,,,,
TCGA-A2-A0CW,tcga_mc3_wes,HRD_Score,MuAt-compatible reimplementation,muat_compatible_qkv_attention,44.0,29.789252225451822,0.2174072265625,5,,,,,
TCGA-A2-A0CX,tcga_mc3_wes,HRD_Score,MuAt-compatible reimplementation,muat_compatible_qkv_attention,21.0,30.068092622321867,0.2315673828125,5,,,,,
TCGA-A2-A0D0,tcga_mc3_wes,HRD_Score,MuAt-compatible reimplementation,muat_compatible_qkv_attention,62.0,28.46985916280627,0.14697265625,2,,,,,
TCGA-A2-A0D1,tcga_mc3_wes,HRD_Score,MuAt-compatible reimplementation,muat_compatible_qkv_attention,30.0,28.337964118882887,0.11846923828125,1,,,,,
TCGA-A2-A0D3,tcga_mc3_wes,HRD_Score,MuAt-compatible reimplementation,muat_compatible_qkv_attention,4.0,2.545127258776809,-1.1640625,4,,,,,
TCGA-A2-A0D4,tcga_mc3_wes,HRD_Score,MuAt-compatible reimplementation,muat_compatible_qkv_attention,31.0,25.830499823767724,0.0163726806640625,5,,,,,
TCGA-A2-A0EM,tcga_mc3_wes,HRD_Score,MuAt-compatible reimplementation,muat_compatible_qkv_attention,8.0,22.313445033504923,-0.1622314453125,5,,,,,
TCGA-A2-A0EN,tcga_mc3_wes,HRD_Score,MuAt-compatible reimplementation,muat_compatible_qkv_attention,7.0,23.62872855051278,-0.11529541015625,1,,,,,
TCGA-A2-A0ES,tcga_mc3_wes,HRD_Score,MuAt-compatible reimplementation,muat_compatible_qkv_attention,1.0,30.436452587726425,0.1912841796875,3,,,,,
TCGA-A2-A0EU,tcga_mc3_wes,HRD_Score,MuAt-compatible reimplementation,muat_compatible_qkv_attention,3.0,15.953174764494658,-0.5263671875,3,,,,,
TCGA-A2-A0EV,tcga_mc3_wes,HRD_Score,MuAt-compatible reimplementation,muat_compatible_qkv_attention,25.0,26.252093447947694,-0.01605224609375,3,,,,,
TCGA-A2-A0EW,tcga_mc3_wes,HRD_Score,MuAt-compatible reimplementation,muat_compatible_qkv_attention,8.0,12.711499746983066,-0.66162109375,4,,,,,
TCGA-A2-A0EX,tcga_mc3_wes,HRD_Score,MuAt-compatible reimplementation,muat_compatible_qkv_attention,10.0,5.113504340575663,-1.0634765625,3,,,,,
TCGA-A2-A0EY,tcga_mc3_wes,HRD_Score,MuAt-compatible reimplementation,muat_compatible_qkv_attention,49.0,26.28397508051154,0.016510009765625,1,,,,,
TCGA-A2-A0SU,tcga_mc3_wes,HRD_Score,MuAt-compatible reimplementation,muat_compatible_qkv_attention,18.0,41.75159037342186,0.751953125,3,,,,,
TCGA-A2-A0SV,tcga_mc3_wes,HRD_Score,MuAt-compatible reimplementation,muat_compatible_qkv_attention,35.0,22.70526386703783,-0.142333984375,5,,,,,
TCGA-A2-A0SW,tcga_mc3_wes,HRD_Score,MuAt-compatible reimplementation,muat_compatible_qkv_attention,32.0,26.03812774859229,0.02691650390625,5,,,,,
TCGA-A2-A0SX,tcga_mc3_wes,HRD_Score,MuAt-compatible reimplementation,muat_compatible_qkv_attention,36.0,34.5875536477954,0.39697265625,3,,,,,
TCGA-A2-A0SY,tcga_mc3_wes,HRD_Score,MuAt-compatible reimplementation,muat_compatible_qkv_attention,10.0,25.92382388340515,-0.032318115234375,3,,,,,
TCGA-A2-A0T0,tcga_mc3_wes,HRD_Score,MuAt-compatible reimplementation,muat_compatible_qkv_attention,70.0,33.611813265952996,0.405029296875,2,,,,,
TCGA-A2-A0T1,tcga_mc3_wes,HRD_Score,MuAt-compatible reimplementation,muat_compatible_qkv_attention,31.0,14.99472873166489,-0.529296875,2,,,,,
TCGA-A2-A0T2,tcga_mc3_wes,HRD_Score,MuAt-compatible reimplementation,muat_compatible_qkv_attention,26.0,16.838437913398675,-0.436767578125,2,,,,,
TCGA-A2-A0T3,tcga_mc3_wes,HRD_Score,MuAt-compatible reimplementation,muat_compatible_qkv_attention,39.0,20.888274044779614,-0.2335205078125,2,,,,,
TCGA-A2-A0T4,tcga_mc3_wes,HRD_Score,MuAt-compatible reimplementation,muat_compatible_qkv_attention,15.0,18.730793775389287,-0.341796875,2,,,,,
TCGA-A2-A0T5,tcga_mc3_wes,HRD_Score,MuAt-compatible reimplementation,muat_compatible_qkv_attention,3.0,9.429548510283759,-0.80859375,2,,,,,
TCGA-A2-A0T6,tcga_mc3_wes,HRD_Score,MuAt-compatible reimplementation,muat_compatible_qkv_attention,4.0,8.407968224890368,-0.85986328125,2,,,,,
TCGA-A2-A0T7,tcga_mc3_wes,HRD_Score,MuAt-compatible reimplementation,muat_compatible_qkv_attention,23.0,4.125904322054751,-1.0859375,4,,,,,
TCGA-A2-A0YC,tcga_mc3_wes,HRD_Score,MuAt-compatible reimplementation,muat_compatible_qkv_attention,6.0,24.86013832119755,-0.054168701171875,1,,,,,
TCGA-A2-A0YD,tcga_mc3_wes,HRD_Score,MuAt-compatible reimplementation,muat_compatible_qkv_attention,8.0,15.046584147221434,-0.5712890625,3,,,,,
TCGA-A2-A0YE,tcga_mc3_wes,HRD_Score,MuAt-compatible reimplementation,muat_compatible_qkv_attention,40.0,25.5806636588124,-0.018402099609375,1,,,,,
TCGA-A2-A0YF,tcga_mc3_wes,HRD_Score,MuAt-compatible reimplementation,muat_compatible_qkv_attention,14.0,23.64348333558339,-0.11456298828125,1,,,,,
TCGA-A2-A0YG,tcga_mc3_wes,HRD_Score,MuAt-compatible reimplementation,muat_compatible_qkv_attention,29.0,16.906543265758234,-0.433349609375,2,,,,,
TCGA-A2-A0YH,tcga_mc3_wes,HRD_Score,MuAt-compatible reimplementation,muat_compatible_qkv_attention,21.0,22.58361085173007,-0.1484375,2,,,,,
TCGA-A2-A0YJ,tcga_mc3_wes,HRD_Score,MuAt-compatible reimplementation,muat_compatible_qkv_attention,25.0,34.932123480023584,0.44580078125,1,,,,,
TCGA-A2-A0YK,tcga_mc3_wes,HRD_Score,MuAt-compatible reimplementation,muat_compatible_qkv_attention,6.0,31.87270891889569,0.262451171875,3,,,,,
TCGA-A2-A0YL,tcga_mc3_wes,HRD_Score,MuAt-compatible reimplementation,muat_compatible_qkv_attention,8.0,21.580287093458683,-0.199462890625,5,,,,,
TCGA-A2-A0YM,tcga_mc3_wes,HRD_Score,MuAt-compatible reimplementation,muat_compatible_qkv_attention,36.0,38.247031859220925,0.6103515625,1,,,,,
TCGA-A2-A0YT,tcga_mc3_wes,HRD_Score,MuAt-compatible reimplementation,muat_compatible_qkv_attention,44.0,10.933125550795381,-0.74951171875,4,,,,,
TCGA-A2-A1FV,tcga_mc3_wes,HRD_Score,MuAt-compatible reimplementation,muat_compatible_qkv_attention,34.0,23.084031068322712,-0.142333984375,1,,,,,
TCGA-A2-A1FX,tcga_mc3_wes,HRD_Score,MuAt-compatible reimplementation,muat_compatible_qkv_attention,17.0,15.398820754555564,-0.52880859375,4,,,,,
TCGA-A2-A1FZ,tcga_mc3_wes,HRD_Score,MuAt-compatible reimplementation,muat_compatible_qkv_attention,4.0,24.739640909787557,-0.060150146484375,1,,,,,
TCGA-A2-A1G0,tcga_mc3_wes,HRD_Score,MuAt-compatible reimplementation,muat_compatible_qkv_attention,10.0,5.074370560021514,-1.0390625,4,,,,,
TCGA-A2-A1G1,tcga_mc3_wes,HRD_Score,MuAt-compatible reimplementation,muat_compatible_qkv_attention,17.0,21.084678254033406,-0.247802734375,4,,,,,
TCGA-A2-A1G4,tcga_mc3_wes,HRD_Score,MuAt-compatible reimplementation,muat_compatible_qkv_attention,11.0,25.6251254581851,0.00594329833984375,5,,,,,
TCGA-A2-A259,tcga_mc3_wes,HRD_Score,MuAt-compatible reimplementation,muat_compatible_qkv_attention,8.0,16.88932811928766,-0.47998046875,3,,,,,
TCGA-A2-A25A,tcga_mc3_wes,HRD_Score,MuAt-compatible reimplementation,muat_compatible_qkv_attention,6.0,52.88688817253865,1.3037109375,3,,,,,
TCGA-A2-A25C,tcga_mc3_wes,HRD_Score,MuAt-compatible reimplementation,muat_compatible_qkv_attention,14.0,39.61356862207143,0.71630859375,5,,,,,
TCGA-A2-A25D,tcga_mc3_wes,HRD_Score,MuAt-compatible reimplementation,muat_compatible_qkv_attention,33.0,49.375647758385796,1.150390625,4,,,,,
TCGA-A2-A25E,tcga_mc3_wes,HRD_Score,MuAt-compatible reimplementation,muat_compatible_qkv_attention,53.0,42.64395781026309,0.82861328125,1,,,,,
TCGA-A2-A3KD,tcga_mc3_wes,HRD_Score,MuAt-compatible reimplementation,muat_compatible_qkv_attention,13.0,12.29724955788198,-0.70751953125,3,,,,,
TCGA-A2-A3XU,tcga_mc3_wes,HRD_Score,MuAt-compatible reimplementation,muat_compatible_qkv_attention,10.0,16.556287167909073,-0.450927734375,2,,,,,
TCGA-A2-A3Y0,tcga_mc3_wes,HRD_Score,MuAt-compatible reimplementation,muat_compatible_qkv_attention,55.0,34.02044538011035,0.425537109375,2,,,,,
TCGA-A2-A4S1,tcga_mc3_wes,HRD_Score,MuAt-compatible reimplementation,muat_compatible_qkv_attention,29.0,36.50596722088879,0.52392578125,1,,,,,
TCGA-A2-A4S3,tcga_mc3_wes,HRD_Score,MuAt-compatible reimplementation,muat_compatible_qkv_attention,65.0,30.757982224922756,0.2666015625,5,,,,,
TCGA-A7-A0CE,tcga_mc3_wes,HRD_Score,MuAt-compatible reimplementation,muat_compatible_qkv_attention,50.0,58.08968131970545,1.5810546875,4,,,,,
TCGA-A7-A0CG,tcga_mc3_wes,HRD_Score,MuAt-compatible reimplementation,muat_compatible_qkv_attention,11.0,23.071735414097205,-0.1429443359375,1,,,,,
TCGA-A7-A0CH,tcga_mc3_wes,HRD_Score,MuAt-compatible reimplementation,muat_compatible_qkv_attention,4.0,9.203016364145103,-0.86083984375,3,,,,,
TCGA-A7-A0CJ,tcga_mc3_wes,HRD_Score,MuAt-compatible reimplementation,muat_compatible_qkv_attention,54.0,26.599414237119497,0.055419921875,5,,,,,
TCGA-A7-A0D9,tcga_mc3_wes,HRD_Score,MuAt-compatible reimplementation,muat_compatible_qkv_attention,16.0,22.498857563665744,-0.2020263671875,3,,,,,
TCGA-A7-A0DA,tcga_mc3_wes,HRD_Score,MuAt-compatible reimplementation,muat_compatible_qkv_attention,74.0,37.07059223221347,0.57861328125,2,,,,,
TCGA-A7-A0DB,tcga_mc3_wes,HRD_Score,MuAt-compatible reimplementation,muat_compatible_qkv_attention,4.0,20.83233036248426,-0.236328125,2,,,,,
TCGA-A7-A13D,tcga_mc3_wes,HRD_Score,MuAt-compatible reimplementation,muat_compatible_qkv_attention,46.0,46.90317243397955,1.0400390625,1,,,,,
TCGA-A7-A13E,tcga_mc3_wes,HRD_Score,MuAt-compatible reimplementation,muat_compatible_qkv_attention,31.0,28.719562771941735,0.1630859375,5,,,,,
TCGA-A7-A13F,tcga_mc3_wes,HRD_Score,MuAt-compatible reimplementation,muat_compatible_qkv_attention,9.0,24.925465601747607,-0.081787109375,3,,,,,
TCGA-A7-A26E,tcga_mc3_wes,HRD_Score,MuAt-compatible reimplementation,muat_compatible_qkv_attention,4.0,18.66251380882953,-0.36181640625,1,,,,,
TCGA-A7-A26H,tcga_mc3_wes,HRD_Score,MuAt-compatible reimplementation,muat_compatible_qkv_attention,18.0,29.40464478149314,0.1978759765625,5,,,,,
TCGA-A7-A26I,tcga_mc3_wes,HRD_Score,MuAt-compatible reimplementation,muat_compatible_qkv_attention,38.0,31.312282876033613,0.26611328125,1,,,,,
TCGA-A7-A26J,tcga_mc3_wes,HRD_Score,MuAt-compatible reimplementation,muat_compatible_qkv_attention,15.0,29.09381159203646,0.124755859375,3,,,,,
TCGA-A7-A4SE,tcga_mc3_wes,HRD_Score,MuAt-compatible reimplementation,muat_compatible_qkv_attention,60.0,48.49668922160557,1.119140625,1,,,,,
TCGA-A7-A56D,tcga_mc3_wes,HRD_Score,MuAt-compatible reimplementation,muat_compatible_qkv_attention,34.0,23.313311055582492,-0.11181640625,2,,,,,
TCGA-A7-A5ZV,tcga_mc3_wes,HRD_Score,MuAt-compatible reimplementation,muat_compatible_qkv_attention,55.0,55.468700582599354,1.431640625,3,,,,,
TCGA-A7-A5ZW,tcga_mc3_wes,HRD_Score,MuAt-compatible reimplementation,muat_compatible_qkv_attention,4.0,16.67303920052546,-0.445068359375,2,,,,,
TCGA-A7-A5ZX,tcga_mc3_wes,HRD_Score,MuAt-compatible reimplementation,muat_compatible_qkv_attention,6.0,20.556105923499846,-0.27392578125,4,,,,,
TCGA-A7-A6VW,tcga_mc3_wes,HRD_Score,MuAt-compatible reimplementation,muat_compatible_qkv_attention,48.0,51.80292113014676,1.25,3,,,,,
TCGA-A7-A6VX,tcga_mc3_wes,HRD_Score,MuAt-compatible reimplementation,muat_compatible_qkv_attention,68.0,31.53460001898644,0.30078125,2,,,,,
TCGA-A7-A6VY,tcga_mc3_wes,HRD_Score,MuAt-compatible reimplementation,muat_compatible_qkv_attention,76.0,67.15938972026262,2.029296875,4,,,,,
TCGA-A8-A06P,tcga_mc3_wes,HRD_Score,MuAt-compatible reimplementation,muat_compatible_qkv_attention,8.0,13.866125749706478,-0.5859375,2,,,,,
TCGA-A8-A06Q,tcga_mc3_wes,HRD_Score,MuAt-compatible reimplementation,muat_compatible_qkv_attention,38.0,19.4069826309592,-0.307861328125,2,,,,,
TCGA-A8-A06R,tcga_mc3_wes,HRD_Score,MuAt-compatible reimplementation,muat_compatible_qkv_attention,63.0,47.379916715997396,1.0517578125,4,,,,,
TCGA-A8-A06U,tcga_mc3_wes,HRD_Score,MuAt-compatible reimplementation,muat_compatible_qkv_attention,67.0,27.885445377856342,0.1207275390625,5,,,,,
TCGA-A8-A06X,tcga_mc3_wes,HRD_Score,MuAt-compatible reimplementation,muat_compatible_qkv_attention,59.0,46.58840368580651,1.0244140625,1,,,,,
TCGA-A8-A06Y,tcga_mc3_wes,HRD_Score,MuAt-compatible reimplementation,muat_compatible_qkv_attention,4.0,25.294999820744845,-0.0634765625,3,,,,,
TCGA-A8-A06Z,tcga_mc3_wes,HRD_Score,MuAt-compatible reimplementation,muat_compatible_qkv_attention,31.0,41.0846920952134,0.791015625,5,,,,,
TCGA-A8-A075,tcga_mc3_wes,HRD_Score,MuAt-compatible reimplementation,muat_compatible_qkv_attention,55.0,24.85260858220606,-0.06158447265625,4,,,,,
TCGA-A8-A076,tcga_mc3_wes,HRD_Score,MuAt-compatible reimplementation,muat_compatible_qkv_attention,21.0,27.348994188004497,0.038299560546875,3,,,,,
TCGA-A8-A079,tcga_mc3_wes,HRD_Score,MuAt-compatible reimplementation,muat_compatible_qkv_attention,31.0,31.382969321355617,0.29833984375,5,,,,,
TCGA-A8-A07B,tcga_mc3_wes,HRD_Score,MuAt-compatible reimplementation,muat_compatible_qkv_attention,29.0,47.16255986979668,1.041015625,4,,,,,
TCGA-A8-A07I,tcga_mc3_wes,HRD_Score,MuAt-compatible reimplementation,muat_compatible_qkv_attention,25.0,25.545537257623725,0.0019016265869140625,5,,,,,
TCGA-A8-A07J,tcga_mc3_wes,HRD_Score,MuAt-compatible reimplementation,muat_compatible_qkv_attention,13.0,30.092130587569287,0.2327880859375,5,,,,,
TCGA-A8-A07L,tcga_mc3_wes,HRD_Score,MuAt-compatible reimplementation,muat_compatible_qkv_attention,71.0,41.21930470059893,0.7978515625,5,,,,,
TCGA-A8-A07O,tcga_mc3_wes,HRD_Score,MuAt-compatible reimplementation,muat_compatible_qkv_attention,23.0,19.965853156733527,-0.297119140625,1,,,,,
TCGA-A8-A07P,tcga_mc3_wes,HRD_Score,MuAt-compatible reimplementation,muat_compatible_qkv_attention,23.0,25.495714818716383,-0.0006284713745117188,5,,,,,
TCGA-A8-A07U,tcga_mc3_wes,HRD_Score,MuAt-compatible reimplementation,muat_compatible_qkv_attention,33.0,30.581921015038354,0.2298583984375,1,,,,,
TCGA-A8-A07W,tcga_mc3_wes,HRD_Score,MuAt-compatible reimplementation,muat_compatible_qkv_attention,24.0,28.489317834909002,0.14794921875,2,,,,,
TCGA-A8-A07Z,tcga_mc3_wes,HRD_Score,MuAt-compatible reimplementation,muat_compatible_qkv_attention,11.0,9.5380607227026,-0.84423828125,3,,,,,
TCGA-A8-A081,tcga_mc3_wes,HRD_Score,MuAt-compatible reimplementation,muat_compatible_qkv_attention,33.0,23.75842817993247,-0.0894775390625,2,,,,,
TCGA-A8-A082,tcga_mc3_wes,HRD_Score,MuAt-compatible reimplementation,muat_compatible_qkv_attention,12.0,9.577477706062304,-0.84228515625,3,,,,,
TCGA-A8-A083,tcga_mc3_wes,HRD_Score,MuAt-compatible reimplementation,muat_compatible_qkv_attention,8.0,20.49188685530418,-0.277099609375,4,,,,,
TCGA-A8-A08B,tcga_mc3_wes,HRD_Score,MuAt-compatible reimplementation,muat_compatible_qkv_attention,26.0,22.145179276773,-0.1707763671875,5,,,,,
TCGA-A8-A08G,tcga_mc3_wes,HRD_Score,MuAt-compatible reimplementation,muat_compatible_qkv_attention,24.0,23.1467742276409,-0.169921875,3,,,,,
TCGA-A8-A08H,tcga_mc3_wes,HRD_Score,MuAt-compatible reimplementation,muat_compatible_qkv_attention,0.0,14.88770603509987,-0.53466796875,2,,,,,
TCGA-A8-A08L,tcga_mc3_wes,HRD_Score,MuAt-compatible reimplementation,muat_compatible_qkv_attention,79.0,34.399889486113615,0.444580078125,2,,,,,
TCGA-A8-A08O,tcga_mc3_wes,HRD_Score,MuAt-compatible reimplementation,muat_compatible_qkv_attention,25.0,17.724597467772885,-0.395263671875,5,,,,,
TCGA-A8-A08R,tcga_mc3_wes,HRD_Score,MuAt-compatible reimplementation,muat_compatible_qkv_attention,85.0,44.82499948771159,0.98095703125,5,,,,,
TCGA-A8-A08T,tcga_mc3_wes,HRD_Score,MuAt-compatible reimplementation,muat_compatible_qkv_attention,12.0,25.96571337828445,0.0232391357421875,5,,,,,
TCGA-A8-A08X,tcga_mc3_wes,HRD_Score,MuAt-compatible reimplementation,muat_compatible_qkv_attention,35.0,25.10543662299646,-0.0419921875,1,,,,,
TCGA-A8-A08Z,tcga_mc3_wes,HRD_Score,MuAt-compatible reimplementation,muat_compatible_qkv_attention,13.0,12.366229278761464,-0.7041015625,3,,,,,
TCGA-A8-A090,tcga_mc3_wes,HRD_Score,MuAt-compatible reimplementation,muat_compatible_qkv_attention,13.0,14.090722300748578,-0.61865234375,3,,,,,
TCGA-A8-A091,tcga_mc3_wes,HRD_Score,MuAt-compatible reimplementation,muat_compatible_qkv_attention,11.0,17.22941538367608,-0.42041015625,5,,,,,
TCGA-A8-A092,tcga_mc3_wes,HRD_Score,MuAt-compatible reimplementation,muat_compatible_qkv_attention,13.0,17.850117088680484,-0.432373046875,3,,,,,
TCGA-A8-A093,tcga_mc3_wes,HRD_Score,MuAt-compatible reimplementation,muat_compatible_qkv_attention,7.0,18.493812355690253,-0.356201171875,5,,,,,
TCGA-A8-A094,tcga_mc3_wes,HRD_Score,MuAt-compatible reimplementation,muat_compatible_qkv_attention,39.0,33.01891968253432,0.350830078125,1,,,,,
TCGA-A8-A095,tcga_mc3_wes,HRD_Score,MuAt-compatible reimplementation,muat_compatible_qkv_attention,6.0,30.947245150390934,0.2396240234375,4,,,,,
TCGA-A8-A096,tcga_mc3_wes,HRD_Score,MuAt-compatible reimplementation,muat_compatible_qkv_attention,6.0,15.263377555699813,-0.560546875,3,,,,,
TCGA-A8-A097,tcga_mc3_wes,HRD_Score,MuAt-compatible reimplementation,muat_compatible_qkv_attention,51.0,65.40077523736592,1.9423828125,4,,,,,
TCGA-A8-A099,tcga_mc3_wes,HRD_Score,MuAt-compatible reimplementation,muat_compatible_qkv_attention,12.0,13.096814156157063,-0.642578125,4,,,,,
TCGA-A8-A09A,tcga_mc3_wes,HRD_Score,MuAt-compatible reimplementation,muat_compatible_qkv_attention,70.0,43.82502013341902,0.93017578125,5,,,,,
TCGA-A8-A09B,tcga_mc3_wes,HRD_Score,MuAt-compatible reimplementation,muat_compatible_qkv_attention,13.0,25.975699974726346,0.0012073516845703125,1,,,,,
TCGA-A8-A09C,tcga_mc3_wes,HRD_Score,MuAt-compatible reimplementation,muat_compatible_qkv_attention,24.0,23.51641094565475,-0.10162353515625,2,,,,,
TCGA-A8-A09D,tcga_mc3_wes,HRD_Score,MuAt-compatible reimplementation,muat_compatible_qkv_attention,24.0,28.11049451571096,0.107177734375,1,,,,,
TCGA-A8-A09G,tcga_mc3_wes,HRD_Score,MuAt-compatible reimplementation,muat_compatible_qkv_attention,10.0,33.05412458004106,0.34375,4,,,,,
TCGA-A8-A09M,tcga_mc3_wes,HRD_Score,MuAt-compatible reimplementation,muat_compatible_qkv_attention,51.0,53.458434431254375,1.33203125,3,,,,,
TCGA-A8-A09N,tcga_mc3_wes,HRD_Score,MuAt-compatible reimplementation,muat_compatible_qkv_attention,22.0,27.96879835616094,0.121826171875,2,,,,,
TCGA-A8-A09Q,tcga_mc3_wes,HRD_Score,MuAt-compatible reimplementation,muat_compatible_qkv_attention,46.0,35.36365636632799,0.50048828125,5,,,,,
TCGA-A8-A09T,tcga_mc3_wes,HRD_Score,MuAt-compatible reimplementation,muat_compatible_qkv_attention,10.0,12.810298313437936,-0.65673828125,4,,,,,
TCGA-A8-A09V,tcga_mc3_wes,HRD_Score,MuAt-compatible reimplementation,muat_compatible_qkv_attention,4.0,51.371378800774195,1.2490234375,4,,,,,
TCGA-A8-A09W,tcga_mc3_wes,HRD_Score,MuAt-compatible reimplementation,muat_compatible_qkv_attention,56.0,44.43420506549726,0.91748046875,1,,,,,
TCGA-A8-A09X,tcga_mc3_wes,HRD_Score,MuAt-compatible reimplementation,muat_compatible_qkv_attention,26.0,25.23577055778686,-0.0355224609375,1,,,,,
TCGA-A8-A09Z,tcga_mc3_wes,HRD_Score,MuAt-compatible reimplementation,muat_compatible_qkv_attention,10.0,45.47687654382046,0.96923828125,1,,,,,
TCGA-A8-A0A1,tcga_mc3_wes,HRD_Score,MuAt-compatible reimplementation,muat_compatible_qkv_attention,18.0,22.169234393944812,-0.187744140625,1,,,,,
TCGA-A8-A0A2,tcga_mc3_wes,HRD_Score,MuAt-compatible reimplementation,muat_compatible_qkv_attention,14.0,27.20364406186558,0.031097412109375,3,,,,,
TCGA-A8-A0A4,tcga_mc3_wes,HRD_Score,MuAt-compatible reimplementation,muat_compatible_qkv_attention,28.0,14.35259255227476,-0.5615234375,2,,,,,
TCGA-A8-A0A6,tcga_mc3_wes,HRD_Score,MuAt-compatible reimplementation,muat_compatible_qkv_attention,14.0,15.953174764494658,-0.5263671875,3,,,,,
TCGA-A8-A0A7,tcga_mc3_wes,HRD_Score,MuAt-compatible reimplementation,muat_compatible_qkv_attention,21.0,22.286991278107326,-0.2125244140625,3,,,,,
TCGA-A8-A0AB,tcga_mc3_wes,HRD_Score,MuAt-compatible reimplementation,muat_compatible_qkv_attention,18.0,27.63665243754557,0.10809326171875,5,,,,,
TCGA-A8-A0AD,tcga_mc3_wes,HRD_Score,MuAt-compatible reimplementation,muat_compatible_qkv_attention,8.0,28.17149716430061,0.13525390625,5,,,,,
TCGA-AC-A23C,tcga_mc3_wes,HRD_Score,MuAt-compatible reimplementation,muat_compatible_qkv_attention,26.0,22.605501857845645,-0.1473388671875,2,,,,,
TCGA-AC-A23E,tcga_mc3_wes,HRD_Score,MuAt-compatible reimplementation,muat_compatible_qkv_attention,8.0,11.824245757565514,-0.73095703125,3,,,,,
TCGA-AC-A23H,tcga_mc3_wes,HRD_Score,MuAt-compatible reimplementation,muat_compatible_qkv_attention,21.0,52.177382472063954,1.2685546875,3,,,,,
TCGA-AC-A2B8,tcga_mc3_wes,HRD_Score,MuAt-compatible reimplementation,muat_compatible_qkv_attention,19.0,21.0724554783364,-0.272705078125,3,,,,,
TCGA-AC-A2FB,tcga_mc3_wes,HRD_Score,MuAt-compatible reimplementation,muat_compatible_qkv_attention,8.0,16.124690776684385,-0.48779296875,1,,,,,
TCGA-AC-A2FG,tcga_mc3_wes,HRD_Score,MuAt-compatible reimplementation,muat_compatible_qkv_attention,10.0,28.48345589942258,0.11785888671875,4,,,,,
TCGA-AC-A2FO,tcga_mc3_wes,HRD_Score,MuAt-compatible reimplementation,muat_compatible_qkv_attention,22.0,19.469108726022945,-0.32177734375,1,,,,,
TCGA-AC-A2QH,tcga_mc3_wes,HRD_Score,MuAt-compatible reimplementation,muat_compatible_qkv_attention,40.0,23.921584908557165,-0.08056640625,5,,,,,
TCGA-AC-A3OD,tcga_mc3_wes,HRD_Score,MuAt-compatible reimplementation,muat_compatible_qkv_attention,25.0,8.354482966323243,-0.876953125,4,,,,,
TCGA-AC-A3QQ,tcga_mc3_wes,HRD_Score,MuAt-compatible reimplementation,muat_compatible_qkv_attention,14.0,17.463710793462376,-0.4267578125,4,,,,,
TCGA-AC-A3YI,tcga_mc3_wes,HRD_Score,MuAt-compatible reimplementation,muat_compatible_qkv_attention,3.0,16.697170325409097,-0.489501953125,3,,,,,
TCGA-AC-A4ZE,tcga_mc3_wes,HRD_Score,MuAt-compatible reimplementation,muat_compatible_qkv_attention,13.0,22.94116395161776,-0.1304931640625,2,,,,,
TCGA-AC-A5EH,tcga_mc3_wes,HRD_Score,MuAt-compatible reimplementation,muat_compatible_qkv_attention,37.0,30.508155065567365,0.249267578125,2,,,,,
TCGA-AC-A5XS,tcga_mc3_wes,HRD_Score,MuAt-compatible reimplementation,muat_compatible_qkv_attention,25.0,38.18801271893848,0.607421875,1,,,,,
TCGA-AC-A5XU,tcga_mc3_wes,HRD_Score,MuAt-compatible reimplementation,muat_compatible_qkv_attention,23.0,25.710536506569344,-0.01195526123046875,1,,,,,
TCGA-AC-A62Y,tcga_mc3_wes,HRD_Score,MuAt-compatible reimplementation,muat_compatible_qkv_attention,15.0,36.95666795500848,0.53662109375,4,,,,,
TCGA-AC-A6IV,tcga_mc3_wes,HRD_Score,MuAt-compatible reimplementation,muat_compatible_qkv_attention,12.0,9.633864567362437,-0.79833984375,2,,,,,
TCGA-AC-A6IW,tcga_mc3_wes,HRD_Score,MuAt-compatible reimplementation,muat_compatible_qkv_attention,31.0,51.01570396153666,1.2314453125,4,,,,,
TCGA-AC-A6IX,tcga_mc3_wes,HRD_Score,MuAt-compatible reimplementation,muat_compatible_qkv_attention,24.0,15.923880324570307,-0.482666015625,2,,,,,
TCGA-AC-A6NO,tcga_mc3_wes,HRD_Score,MuAt-compatible reimplementation,muat_compatible_qkv_attention,6.0,29.33682851717653,0.1600341796875,4,,,,,
TCGA-AC-A7VB,tcga_mc3_wes,HRD_Score,MuAt-compatible reimplementation,muat_compatible_qkv_attention,24.0,21.33269605141028,-0.2120361328125,5,,,,,
TCGA-AC-A7VC,tcga_mc3_wes,HRD_Score,MuAt-compatible reimplementation,muat_compatible_qkv_attention,8.0,20.259480196542476,-0.31298828125,3,,,,,
TCGA-AC-A8OP,tcga_mc3_wes,HRD_Score,MuAt-compatible reimplementation,muat_compatible_qkv_attention,36.0,30.476534723400427,0.2476806640625,2,,,,,
TCGA-AC-A8OQ,tcga_mc3_wes,HRD_Score,MuAt-compatible reimplementation,muat_compatible_qkv_attention,71.0,46.125174922020534,0.98974609375,4,,,,,
TCGA-AC-A8OR,tcga_mc3_wes,HRD_Score,MuAt-compatible reimplementation,muat_compatible_qkv_attention,4.0,29.435495765904307,0.1954345703125,2,,,,,
TCGA-AC-A8OS,tcga_mc3_wes,HRD_Score,MuAt-compatible reimplementation,muat_compatible_qkv_attention,7.0,25.372585839204348,-0.0084686279296875,2,,,,,
TCGA-AN-A03X,tcga_mc3_wes,HRD_Score,MuAt-compatible reimplementation,muat_compatible_qkv_attention,12.0,26.09800331035071,0.0072784423828125,1,,,,,
TCGA-AN-A03Y,tcga_mc3_wes,HRD_Score,MuAt-compatible reimplementation,muat_compatible_qkv_attention,10.0,7.8339373978597955,-0.888671875,2,,,,,
TCGA-AN-A041,tcga_mc3_wes,HRD_Score,MuAt-compatible reimplementation,muat_compatible_qkv_attention,17.0,21.943260368694688,-0.1810302734375,5,,,,,
TCGA-AN-A046,tcga_mc3_wes,HRD_Score,MuAt-compatible reimplementation,muat_compatible_qkv_attention,8.0,56.45412516659199,1.48046875,3,,,,,
TCGA-AN-A049,tcga_mc3_wes,HRD_Score,MuAt-compatible reimplementation,muat_compatible_qkv_attention,40.0,14.99472873166489,-0.529296875,2,,,,,
TCGA-AN-A04C,tcga_mc3_wes,HRD_Score,MuAt-compatible reimplementation,muat_compatible_qkv_attention,35.0,29.0512866923561,0.179931640625,5,,,,,
TCGA-AN-A04D,tcga_mc3_wes,HRD_Score,MuAt-compatible reimplementation,muat_compatible_qkv_attention,61.0,44.58961317532066,0.892578125,3,,,,,
TCGA-AN-A0AJ,tcga_mc3_wes,HRD_Score,MuAt-compatible reimplementation,muat_compatible_qkv_attention,40.0,33.73023425972181,0.3544921875,3,,,,,
TCGA-AN-A0AL,tcga_mc3_wes,HRD_Score,MuAt-compatible reimplementation,muat_compatible_qkv_attention,66.0,68.77968621012252,2.109375,4,,,,,
TCGA-AN-A0AM,tcga_mc3_wes,HRD_Score,MuAt-compatible reimplementation,muat_compatible_qkv_attention,44.0,41.6111228553203,0.77734375,1,,,,,
TCGA-AN-A0AR,tcga_mc3_wes,HRD_Score,MuAt-compatible reimplementation,muat_compatible_qkv_attention,75.0,32.31781157112137,0.340087890625,2,,,,,
TCGA-AN-A0AS,tcga_mc3_wes,HRD_Score,MuAt-compatible reimplementation,muat_compatible_qkv_attention,21.0,9.035494184866355,-0.869140625,3,,,,,
TCGA-AN-A0AT,tcga_mc3_wes,HRD_Score,MuAt-compatible reimplementation,muat_compatible_qkv_attention,67.0,34.53123552280705,0.451171875,2,,,,,
TCGA-AN-A0FJ,tcga_mc3_wes,HRD_Score,MuAt-compatible reimplementation,muat_compatible_qkv_attention,27.0,37.05592911974619,0.58642578125,5,,,,,
TCGA-AN-A0FK,tcga_mc3_wes,HRD_Score,MuAt-compatible reimplementation,muat_compatible_qkv_attention,9.0,14.167735167298813,-0.57080078125,2,,,,,
TCGA-AN-A0FN,tcga_mc3_wes,HRD_Score,MuAt-compatible reimplementation,muat_compatible_qkv_attention,3.0,40.266419931246666,0.7001953125,4,,,,,
TCGA-AN-A0FS,tcga_mc3_wes,HRD_Score,MuAt-compatible reimplementation,muat_compatible_qkv_attention,12.0,17.636243469610655,-0.396728515625,2,,,,,
TCGA-AN-A0FT,tcga_mc3_wes,HRD_Score,MuAt-compatible reimplementation,muat_compatible_qkv_attention,57.0,21.57175990238805,-0.19921875,2,,,,,
TCGA-AN-A0FV,tcga_mc3_wes,HRD_Score,MuAt-compatible reimplementation,muat_compatible_qkv_attention,35.0,26.988829274127664,0.0751953125,5,,,,,
TCGA-AN-A0FW,tcga_mc3_wes,HRD_Score,MuAt-compatible reimplementation,muat_compatible_qkv_attention,23.0,51.312099660901275,1.24609375,4,,,,,
TCGA-AN-A0FX,tcga_mc3_wes,HRD_Score,MuAt-compatible reimplementation,muat_compatible_qkv_attention,59.0,61.72546856524471,1.7607421875,4,,,,,
TCGA-AN-A0FY,tcga_mc3_wes,HRD_Score,MuAt-compatible reimplementation,muat_compatible_qkv_attention,42.0,9.154751354607697,-0.83740234375,4,,,,,
TCGA-AN-A0FZ,tcga_mc3_wes,HRD_Score,MuAt-compatible reimplementation,muat_compatible_qkv_attention,28.0,24.312038798212193,-0.1121826171875,3,,,,,
TCGA-AN-A0XN,tcga_mc3_wes,HRD_Score,MuAt-compatible reimplementation,muat_compatible_qkv_attention,71.0,59.63093895640144,1.6572265625,4,,,,,
TCGA-AN-A0XO,tcga_mc3_wes,HRD_Score,MuAt-compatible reimplementation,muat_compatible_qkv_attention,23.0,19.291484272877494,-0.33642578125,4,,,,,
TCGA-AN-A0XP,tcga_mc3_wes,HRD_Score,MuAt-compatible reimplementation,muat_compatible_qkv_attention,5.0,22.589745768457234,-0.1668701171875,1,,,,,
TCGA-AN-A0XR,tcga_mc3_wes,HRD_Score,MuAt-compatible reimplementation,muat_compatible_qkv_attention,10.0,28.951517264735806,0.14892578125,1,,,,,
TCGA-AN-A0XS,tcga_mc3_wes,HRD_Score,MuAt-compatible reimplementation,muat_compatible_qkv_attention,9.0,4.560618014456185,-1.064453125,4,,,,,
TCGA-AN-A0XT,tcga_mc3_wes,HRD_Score,MuAt-compatible reimplementation,muat_compatible_qkv_attention,35.0,10.95705427034816,-0.73193359375,2,,,,,
TCGA-AN-A0XU,tcga_mc3_wes,HRD_Score,MuAt-compatible reimplementation,muat_compatible_qkv_attention,84.0,37.402075819309005,0.60400390625,5,,,,,
TCGA-AN-A0XV,tcga_mc3_wes,HRD_Score,MuAt-compatible reimplementation,muat_compatible_qkv_attention,7.0,34.39111469410117,0.4189453125,1,,,,,
TCGA-AN-A0XW,tcga_mc3_wes,HRD_Score,MuAt-compatible reimplementation,muat_compatible_qkv_attention,26.0,32.099356573213996,0.273681640625,3,,,,,
TCGA-AO-A03L,tcga_mc3_wes,HRD_Score,MuAt-compatible reimplementation,muat_compatible_qkv_attention,32.0,32.4680743732315,0.323486328125,1,,,,,
TCGA-AO-A03O,tcga_mc3_wes,HRD_Score,MuAt-compatible reimplementation,muat_compatible_qkv_attention,46.0,22.47415582115221,-0.1539306640625,2,,,,,
TCGA-AO-A03P,tcga_mc3_wes,HRD_Score,MuAt-compatible reimplementation,muat_compatible_qkv_attention,25.0,29.435966041220876,0.1729736328125,1,,,,,
TCGA-AO-A03R,tcga_mc3_wes,HRD_Score,MuAt-compatible reimplementation,muat_compatible_qkv_attention,13.0,30.61388971602468,0.2314453125,1,,,,,
TCGA-AO-A03T,tcga_mc3_wes,HRD_Score,MuAt-compatible reimplementation,muat_compatible_qkv_attention,43.0,40.190479788009455,0.74560546875,5,,,,,
TCGA-AO-A03V,tcga_mc3_wes,HRD_Score,MuAt-compatible reimplementation,muat_compatible_qkv_attention,41.0,28.976108573186824,0.150146484375,1,,,,,
TCGA-AO-A0J2,tcga_mc3_wes,HRD_Score,MuAt-compatible reimplementation,muat_compatible_qkv_attention,83.0,26.35433665513746,0.040802001953125,2,,,,,
TCGA-AO-A0J3,tcga_mc3_wes,HRD_Score,MuAt-compatible reimplementation,muat_compatible_qkv_attention,39.0,33.17762278810965,0.349853515625,4,,,,,
TCGA-AO-A0J4,tcga_mc3_wes,HRD_Score,MuAt-compatible reimplementation,muat_compatible_qkv_attention,52.0,39.35395859739932,0.703125,5,,,,,
TCGA-AO-A0J6,tcga_mc3_wes,HRD_Score,MuAt-compatible reimplementation,muat_compatible_qkv_attention,73.0,43.0472552688598,0.8486328125,1,,,,,
TCGA-AO-A0J7,tcga_mc3_wes,HRD_Score,MuAt-compatible reimplementation,muat_compatible_qkv_attention,4.0,21.936048979120464,-0.181396484375,5,,,,,
TCGA-AO-A0J8,tcga_mc3_wes,HRD_Score,MuAt-compatible reimplementation,muat_compatible_qkv_attention,4.0,21.815859152883377,-0.1875,5,,,,,
TCGA-AO-A0J9,tcga_mc3_wes,HRD_Score,MuAt-compatible reimplementation,muat_compatible_qkv_attention,9.0,25.080845314545442,-0.043212890625,1,,,,,
TCGA-AO-A0JA,tcga_mc3_wes,HRD_Score,MuAt-compatible reimplementation,muat_compatible_qkv_attention,37.0,9.332255149770102,-0.8134765625,2,,,,,
TCGA-AO-A0JB,tcga_mc3_wes,HRD_Score,MuAt-compatible reimplementation,muat_compatible_qkv_attention,68.0,40.01740643822805,0.73681640625,5,,,,,
TCGA-AO-A0JD,tcga_mc3_wes,HRD_Score,MuAt-compatible reimplementation,muat_compatible_qkv_attention,51.0,39.860221693607755,0.6904296875,1,,,,,
TCGA-AO-A0JE,tcga_mc3_wes,HRD_Score,MuAt-compatible reimplementation,muat_compatible_qkv_attention,34.0,13.065880733396236,-0.66943359375,3,,,,,
TCGA-AO-A0JF,tcga_mc3_wes,HRD_Score,MuAt-compatible reimplementation,muat_compatible_qkv_attention,4.0,22.577450114231727,-0.16748046875,1,,,,,
TCGA-AO-A0JG,tcga_mc3_wes,HRD_Score,MuAt-compatible reimplementation,muat_compatible_qkv_attention,16.0,27.589778405313105,0.105712890625,5,,,,,
TCGA-AO-A0JI,tcga_mc3_wes,HRD_Score,MuAt-compatible reimplementation,muat_compatible_qkv_attention,14.0,29.224380349415483,0.1312255859375,3,,,,,
TCGA-AO-A0JJ,tcga_mc3_wes,HRD_Score,MuAt-compatible reimplementation,muat_compatible_qkv_attention,10.0,27.523674000882707,0.10235595703125,5,,,,,
TCGA-AO-A0JM,tcga_mc3_wes,HRD_Score,MuAt-compatible reimplementation,muat_compatible_qkv_attention,36.0,28.57772937628032,0.13037109375,1,,,,,
TCGA-AO-A124,tcga_mc3_wes,HRD_Score,MuAt-compatible reimplementation,muat_compatible_qkv_attention,89.0,49.20491890499491,1.154296875,1,,,,,
TCGA-AO-A128,tcga_mc3_wes,HRD_Score,MuAt-compatible reimplementation,muat_compatible_qkv_attention,15.0,29.715214177381068,0.20947265625,2,,,,,
TCGA-AO-A12A,tcga_mc3_wes,HRD_Score,MuAt-compatible reimplementation,muat_compatible_qkv_attention,7.0,-1.6636916722007058,-1.3720703125,4,,,,,
TCGA-AO-A12D,tcga_mc3_wes,HRD_Score,MuAt-compatible reimplementation,muat_compatible_qkv_attention,26.0,18.325546598958326,-0.36474609375,5,,,,,
TCGA-AO-A12F,tcga_mc3_wes,HRD_Score,MuAt-compatible reimplementation,muat_compatible_qkv_attention,56.0,11.97051049857153,-0.6982421875,4,,,,,
TCGA-AO-A12H,tcga_mc3_wes,HRD_Score,MuAt-compatible reimplementation,muat_compatible_qkv_attention,0.0,9.964899599537642,-0.79736328125,4,,,,,
TCGA-AO-A1KP,tcga_mc3_wes,HRD_Score,MuAt-compatible reimplementation,muat_compatible_qkv_attention,16.0,19.306304057845722,-0.335693359375,4,,,,,
TCGA-AO-A1KR,tcga_mc3_wes,HRD_Score,MuAt-compatible reimplementation,muat_compatible_qkv_attention,40.0,27.84474932150603,0.1156005859375,2,,,,,
TCGA-AO-A1KT,tcga_mc3_wes,HRD_Score,MuAt-compatible reimplementation,muat_compatible_qkv_attention,29.0,19.15401989362369,-0.320556640625,2,,,,,
TCGA-AQ-A04H,tcga_mc3_wes,HRD_Score,MuAt-compatible reimplementation,muat_compatible_qkv_attention,25.0,21.1379885329062,-0.221923828125,5,,,,,
TCGA-AQ-A04J,tcga_mc3_wes,HRD_Score,MuAt-compatible reimplementation,muat_compatible_qkv_attention,59.0,39.8201581887963,0.65625,3,,,,,
TCGA-AQ-A1H2,tcga_mc3_wes,HRD_Score,MuAt-compatible reimplementation,muat_compatible_qkv_attention,27.0,28.229762361698405,0.11309814453125,1,,,,,
TCGA-AQ-A1H3,tcga_mc3_wes,HRD_Score,MuAt-compatible reimplementation,muat_compatible_qkv_attention,9.0,14.440156576737051,-0.55712890625,2,,,,,
TCGA-AR-A0TP,tcga_mc3_wes,HRD_Score,MuAt-compatible reimplementation,muat_compatible_qkv_attention,70.0,48.59043698633076,1.0908203125,3,,,,,
TCGA-AR-A0TQ,tcga_mc3_wes,HRD_Score,MuAt-compatible reimplementation,muat_compatible_qkv_attention,10.0,25.337421061630067,-0.0086669921875,5,,,,,
TCGA-AR-A0TR,tcga_mc3_wes,HRD_Score,MuAt-compatible reimplementation,muat_compatible_qkv_attention,16.0,26.320611251053432,-0.01265716552734375,3,,,,,
TCGA-AR-A0TS,tcga_mc3_wes,HRD_Score,MuAt-compatible reimplementation,muat_compatible_qkv_attention,49.0,36.4405572094123,0.55517578125,5,,,,,
TCGA-AR-A0TT,tcga_mc3_wes,HRD_Score,MuAt-compatible reimplementation,muat_compatible_qkv_attention,38.0,24.411813037341446,-0.10723876953125,3,,,,,
TCGA-AR-A0TV,tcga_mc3_wes,HRD_Score,MuAt-compatible reimplementation,muat_compatible_qkv_attention,36.0,32.350036092666606,0.317626953125,1,,,,,
TCGA-AR-A0TW,tcga_mc3_wes,HRD_Score,MuAt-compatible reimplementation,muat_compatible_qkv_attention,58.0,18.6140417427729,-0.34765625,2,,,,,
TCGA-AR-A0TX,tcga_mc3_wes,HRD_Score,MuAt-compatible reimplementation,muat_compatible_qkv_attention,22.0,27.540536091518067,0.04779052734375,3,,,,,
TCGA-AR-A0TY,tcga_mc3_wes,HRD_Score,MuAt-compatible reimplementation,muat_compatible_qkv_attention,35.0,44.5304877002811,0.8896484375,3,,,,,
TCGA-AR-A0TZ,tcga_mc3_wes,HRD_Score,MuAt-compatible reimplementation,muat_compatible_qkv_attention,26.0,21.23997765761515,-0.264404296875,3,,,,,
TCGA-AR-A0U0,tcga_mc3_wes,HRD_Score,MuAt-compatible reimplementation,muat_compatible_qkv_attention,32.0,31.690655276522563,0.31396484375,5,,,,,
TCGA-AR-A1AH,tcga_mc3_wes,HRD_Score,MuAt-compatible reimplementation,muat_compatible_qkv_attention,27.0,28.499047170960367,0.1484375,2,,,,,
TCGA-AR-A1AI,tcga_mc3_wes,HRD_Score,MuAt-compatible reimplementation,muat_compatible_qkv_attention,47.0,27.022482425474045,0.076904296875,5,,,,,
TCGA-AR-A1AJ,tcga_mc3_wes,HRD_Score,MuAt-compatible reimplementation,muat_compatible_qkv_attention,12.0,10.715768704594664,-0.76025390625,4,,,,,
TCGA-AR-A1AK,tcga_mc3_wes,HRD_Score,MuAt-compatible reimplementation,muat_compatible_qkv_attention,18.0,21.45677106609353,-0.253662109375,3,,,,,
TCGA-AR-A1AN,tcga_mc3_wes,HRD_Score,MuAt-compatible reimplementation,muat_compatible_qkv_attention,30.0,19.926475084436348,-0.283447265625,5,,,,,
TCGA-AR-A1AO,tcga_mc3_wes,HRD_Score,MuAt-compatible reimplementation,muat_compatible_qkv_attention,0.0,51.48993708052004,1.2548828125,4,,,,,
TCGA-AR-A1AP,tcga_mc3_wes,HRD_Score,MuAt-compatible reimplementation,muat_compatible_qkv_attention,19.0,21.664419971824643,-0.1951904296875,5,,,,,
TCGA-AR-A1AQ,tcga_mc3_wes,HRD_Score,MuAt-compatible reimplementation,muat_compatible_qkv_attention,31.0,36.17901435094351,0.475830078125,3,,,,,
TCGA-AR-A1AR,tcga_mc3_wes,HRD_Score,MuAt-compatible reimplementation,muat_compatible_qkv_attention,26.0,23.016566306015843,-0.126708984375,2,,,,,
TCGA-AR-A1AU,tcga_mc3_wes,HRD_Score,MuAt-compatible reimplementation,muat_compatible_qkv_attention,22.0,21.532211162963847,-0.201904296875,5,,,,,
TCGA-AR-A1AW,tcga_mc3_wes,HRD_Score,MuAt-compatible reimplementation,muat_compatible_qkv_attention,16.0,31.37622027800626,0.269287109375,1,,,,,
TCGA-AR-A1AX,tcga_mc3_wes,HRD_Score,MuAt-compatible reimplementation,muat_compatible_qkv_attention,6.0,39.308073836634414,0.65283203125,4,,,,,
TCGA-AR-A1AY,tcga_mc3_wes,HRD_Score,MuAt-compatible reimplementation,muat_compatible_qkv_attention,33.0,24.144516618933444,-0.1204833984375,3,,,,,
TCGA-AR-A24L,tcga_mc3_wes,HRD_Score,MuAt-compatible reimplementation,muat_compatible_qkv_attention,50.0,29.914665566434063,0.219482421875,2,,,,,
TCGA-AR-A24N,tcga_mc3_wes,HRD_Score,MuAt-compatible reimplementation,muat_compatible_qkv_attention,9.0,14.120285038268356,-0.6171875,3,,,,,
TCGA-AR-A24O,tcga_mc3_wes,HRD_Score,MuAt-compatible reimplementation,muat_compatible_qkv_attention,4.0,18.064334255870744,-0.375244140625,2,,,,,
TCGA-AR-A24P,tcga_mc3_wes,HRD_Score,MuAt-compatible reimplementation,muat_compatible_qkv_attention,6.0,22.410229216764797,-0.17578125,1,,,,,
TCGA-AR-A24Q,tcga_mc3_wes,HRD_Score,MuAt-compatible reimplementation,muat_compatible_qkv_attention,72.0,44.06041717704177,0.89892578125,1,,,,,
TCGA-AR-A24R,tcga_mc3_wes,HRD_Score,MuAt-compatible reimplementation,muat_compatible_qkv_attention,14.0,16.455741302330903,-0.50146484375,3,,,,,
TCGA-AR-A24S,tcga_mc3_wes,HRD_Score,MuAt-compatible reimplementation,muat_compatible_qkv_attention,28.0,16.463858475421098,-0.45556640625,2,,,,,
TCGA-AR-A24U,tcga_mc3_wes,HRD_Score,MuAt-compatible reimplementation,muat_compatible_qkv_attention,23.0,26.721753961324154,0.030792236328125,4,,,,,
TCGA-AR-A24V,tcga_mc3_wes,HRD_Score,MuAt-compatible reimplementation,muat_compatible_qkv_attention,18.0,17.78606449072096,-0.435546875,3,,,,,
TCGA-AR-A24W,tcga_mc3_wes,HRD_Score,MuAt-compatible reimplementation,muat_compatible_qkv_attention,8.0,21.72691868146793,-0.1920166015625,5,,,,,
TCGA-AR-A24X,tcga_mc3_wes,HRD_Score,MuAt-compatible reimplementation,muat_compatible_qkv_attention,4.0,23.461257874069116,-0.10394287109375,5,,,,,
TCGA-AR-A24Z,tcga_mc3_wes,HRD_Score,MuAt-compatible reimplementation,muat_compatible_qkv_attention,33.0,19.064247570031288,-0.34765625,4,,,,,
TCGA-AR-A250,tcga_mc3_wes,HRD_Score,MuAt-compatible reimplementation,muat_compatible_qkv_attention,30.0,39.73290767239036,0.673828125,4,,,,,
TCGA-AR-A251,tcga_mc3_wes,HRD_Score,MuAt-compatible reimplementation,muat_compatible_qkv_attention,79.0,51.684670180067634,1.244140625,3,,,,,
TCGA-AR-A252,tcga_mc3_wes,HRD_Score,MuAt-compatible reimplementation,muat_compatible_qkv_attention,3.0,19.951098371662916,-0.2978515625,1,,,,,
TCGA-AR-A254,tcga_mc3_wes,HRD_Score,MuAt-compatible reimplementation,muat_compatible_qkv_attention,21.0,5.568363392295872,-1.0146484375,4,,,,,
TCGA-AR-A256,tcga_mc3_wes,HRD_Score,MuAt-compatible reimplementation,muat_compatible_qkv_attention,63.0,40.95007948982786,0.7841796875,5,,,,,
TCGA-AR-A2LH,tcga_mc3_wes,HRD_Score,MuAt-compatible reimplementation,muat_compatible_qkv_attention,0.0,21.289248886814782,-0.261962890625,3,,,,,
TCGA-AR-A2LK,tcga_mc3_wes,HRD_Score,MuAt-compatible reimplementation,muat_compatible_qkv_attention,8.0,19.78879573588619,-0.305908203125,1,,,,,
TCGA-AR-A2LN,tcga_mc3_wes,HRD_Score,MuAt-compatible reimplementation,muat_compatible_qkv_attention,8.0,24.181194933229275,-0.0673828125,5,,,,,
TCGA-AR-A2LO,tcga_mc3_wes,HRD_Score,MuAt-compatible reimplementation,muat_compatible_qkv_attention,20.0,30.23395458252905,0.239990234375,5,,,,,
TCGA-AR-A2LQ,tcga_mc3_wes,HRD_Score,MuAt-compatible reimplementation,muat_compatible_qkv_attention,2.0,27.064548864657027,0.07904052734375,5,,,,,
TCGA-AR-A5QM,tcga_mc3_wes,HRD_Score,MuAt-compatible reimplementation,muat_compatible_qkv_attention,13.0,19.963314524770617,-0.30322265625,4,,,,,
TCGA-AR-A5QN,tcga_mc3_wes,HRD_Score,MuAt-compatible reimplementation,muat_compatible_qkv_attention,17.0,10.09114336177662,-0.775390625,2,,,,,
TCGA-AR-A5QP,tcga_mc3_wes,HRD_Score,MuAt-compatible reimplementation,muat_compatible_qkv_attention,15.0,9.905620459664721,-0.80029296875,4,,,,,
TCGA-AR-A5QQ,tcga_mc3_wes,HRD_Score,MuAt-compatible reimplementation,muat_compatible_qkv_attention,13.0,37.26746321392346,0.59716796875,5,,,,,
TCGA-B6-A0I2,tcga_mc3_wes,HRD_Score,MuAt-compatible reimplementation,muat_compatible_qkv_attention,40.0,30.277222919974403,0.2421875,5,,,,,
TCGA-B6-A0I5,tcga_mc3_wes,HRD_Score,MuAt-compatible reimplementation,muat_compatible_qkv_attention,4.0,10.59721042484882,-0.76611328125,4,,,,,
TCGA-B6-A0I9,tcga_mc3_wes,HRD_Score,MuAt-compatible reimplementation,muat_compatible_qkv_attention,33.0,33.15663100986003,0.357666015625,1,,,,,
TCGA-B6-A0IB,tcga_mc3_wes,HRD_Score,MuAt-compatible reimplementation,muat_compatible_qkv_attention,22.0,20.837195030509942,-0.236083984375,2,,,,,
TCGA-B6-A0IC,tcga_mc3_wes,HRD_Score,MuAt-compatible reimplementation,muat_compatible_qkv_attention,5.0,28.85271554154766,0.1361083984375,4,,,,,
TCGA-B6-A0IE,tcga_mc3_wes,HRD_Score,MuAt-compatible reimplementation,muat_compatible_qkv_attention,21.0,17.736793261521328,-0.43798828125,3,,,,,
TCGA-B6-A0IH,tcga_mc3_wes,HRD_Score,MuAt-compatible reimplementation,muat_compatible_qkv_attention,16.0,9.381988057453903,-0.826171875,4,,,,,
TCGA-B6-A0IJ,tcga_mc3_wes,HRD_Score,MuAt-compatible reimplementation,muat_compatible_qkv_attention,73.0,72.29691517591594,2.283203125,4,,,,,
TCGA-B6-A0IN,tcga_mc3_wes,HRD_Score,MuAt-compatible reimplementation,muat_compatible_qkv_attention,21.0,26.028813037058917,0.0264434814453125,5,,,,,
TCGA-B6-A0RE,tcga_mc3_wes,HRD_Score,MuAt-compatible reimplementation,muat_compatible_qkv_attention,39.0,59.512380676655596,1.6513671875,4,,,,,
TCGA-B6-A0RG,tcga_mc3_wes,HRD_Score,MuAt-compatible reimplementation,muat_compatible_qkv_attention,30.0,46.78712531726817,1.0224609375,4,,,,,
TCGA-B6-A0RH,tcga_mc3_wes,HRD_Score,MuAt-compatible reimplementation,muat_compatible_qkv_attention,24.0,15.072563420075817,-0.525390625,2,,,,,
TCGA-B6-A0RI,tcga_mc3_wes,HRD_Score,MuAt-compatible reimplementation,muat_compatible_qkv_attention,13.0,21.26427424294732,-0.232666015625,1,,,,,
TCGA-B6-A0RL,tcga_mc3_wes,HRD_Score,MuAt-compatible reimplementation,muat_compatible_qkv_attention,20.0,23.846425682275672,-0.13525390625,3,,,,,
TCGA-B6-A0RN,tcga_mc3_wes,HRD_Score,MuAt-compatible reimplementation,muat_compatible_qkv_attention,4.0,22.118737515000838,-0.172119140625,5,,,,,
TCGA-B6-A0RO,tcga_mc3_wes,HRD_Score,MuAt-compatible reimplementation,muat_compatible_qkv_attention,18.0,21.784609798061734,-0.1890869140625,5,,,,,
TCGA-B6-A0RP,tcga_mc3_wes,HRD_Score,MuAt-compatible reimplementation,muat_compatible_qkv_attention,4.0,24.830219994909555,-0.034423828125,5,,,,,
TCGA-B6-A0RS,tcga_mc3_wes,HRD_Score,MuAt-compatible reimplementation,muat_compatible_qkv_attention,77.0,50.79778805447427,1.2001953125,3,,,,,
TCGA-B6-A0RU,tcga_mc3_wes,HRD_Score,MuAt-compatible reimplementation,muat_compatible_qkv_attention,32.0,27.641460030595052,0.10833740234375,5,,,,,
TCGA-B6-A0RV,tcga_mc3_wes,HRD_Score,MuAt-compatible reimplementation,muat_compatible_qkv_attention,18.0,18.11084140374178,-0.394775390625,4,,,,,
TCGA-B6-A0WS,tcga_mc3_wes,HRD_Score,MuAt-compatible reimplementation,muat_compatible_qkv_attention,20.0,17.246353947261657,-0.4375,4,,,,,
TCGA-B6-A0WT,tcga_mc3_wes,HRD_Score,MuAt-compatible reimplementation,muat_compatible_qkv_attention,28.0,20.000280988564953,-0.29541015625,1,,,,,
TCGA-B6-A0WW,tcga_mc3_wes,HRD_Score,MuAt-compatible reimplementation,muat_compatible_qkv_attention,27.0,26.55554495054296,0.053192138671875,5,,,,,
TCGA-B6-A0WY,tcga_mc3_wes,HRD_Score,MuAt-compatible reimplementation,muat_compatible_qkv_attention,29.0,22.80187562324348,-0.18701171875,3,,,,,
TCGA-B6-A0WZ,tcga_mc3_wes,HRD_Score,MuAt-compatible reimplementation,muat_compatible_qkv_attention,6.0,17.898424485863806,-0.4052734375,4,,,,,
TCGA-B6-A0X0,tcga_mc3_wes,HRD_Score,MuAt-compatible reimplementation,muat_compatible_qkv_attention,6.0,21.205255102664875,-0.235595703125,1,,,,,
TCGA-B6-A0X1,tcga_mc3_wes,HRD_Score,MuAt-compatible reimplementation,muat_compatible_qkv_attention,78.0,34.507904803519914,0.45703125,5,,,,,
TCGA-B6-A0X4,tcga_mc3_wes,HRD_Score,MuAt-compatible reimplementation,muat_compatible_qkv_attention,1.0,16.87718481528556,-0.450439453125,1,,,,,
TCGA-B6-A0X5,tcga_mc3_wes,HRD_Score,MuAt-compatible reimplementation,muat_compatible_qkv_attention,5.0,25.74644745828647,-0.041107177734375,3,,,,,
TCGA-B6-A1KC,tcga_mc3_wes,HRD_Score,MuAt-compatible reimplementation,muat_compatible_qkv_attention,13.0,24.300071271225594,-0.08197021484375,1,,,,,
TCGA-B6-A1KF,tcga_mc3_wes,HRD_Score,MuAt-compatible reimplementation,muat_compatible_qkv_attention,21.0,27.08017354206785,0.079833984375,5,,,,,
TCGA-B6-A1KN,tcga_mc3_wes,HRD_Score,MuAt-compatible reimplementation,muat_compatible_qkv_attention,33.0,34.8925122474786,0.4765625,5,,,,,
TCGA-B6-A2IU,tcga_mc3_wes,HRD_Score,MuAt-compatible reimplementation,muat_compatible_qkv_attention,10.0,5.212046798974928,-1.05859375,3,,,,,
TCGA-B6-A401,tcga_mc3_wes,HRD_Score,MuAt-compatible reimplementation,muat_compatible_qkv_attention,27.0,10.666369421367229,-0.7626953125,4,,,,,
TCGA-B6-A409,tcga_mc3_wes,HRD_Score,MuAt-compatible reimplementation,muat_compatible_qkv_attention,51.0,39.87122566542718,0.6806640625,4,,,,,
TCGA-B6-A40C,tcga_mc3_wes,HRD_Score,MuAt-compatible reimplementation,muat_compatible_qkv_attention,12.0,29.71630695756249,0.1868896484375,1,,,,,
TCGA-BH-A0AU,tcga_mc3_wes,HRD_Score,MuAt-compatible reimplementation,muat_compatible_qkv_attention,32.0,14.946082051408062,-0.53173828125,2,,,,,
TCGA-BH-A0AV,tcga_mc3_wes,HRD_Score,MuAt-compatible reimplementation,muat_compatible_qkv_attention,68.0,69.2539193291059,2.1328125,4,,,,,
TCGA-BH-A0AW,tcga_mc3_wes,HRD_Score,MuAt-compatible reimplementation,muat_compatible_qkv_attention,41.0,34.47682393699121,0.4140625,4,,,,,
TCGA-BH-A0AY,tcga_mc3_wes,HRD_Score,MuAt-compatible reimplementation,muat_compatible_qkv_attention,17.0,18.87186914813409,-0.334716796875,2,,,,,
TCGA-BH-A0AZ,tcga_mc3_wes,HRD_Score,MuAt-compatible reimplementation,muat_compatible_qkv_attention,42.0,36.18094718474019,0.5419921875,5,,,,,
TCGA-BH-A0B3,tcga_mc3_wes,HRD_Score,MuAt-compatible reimplementation,muat_compatible_qkv_attention,37.0,31.26758708816801,0.29248046875,5,,,,,
TCGA-BH-A0B5,tcga_mc3_wes,HRD_Score,MuAt-compatible reimplementation,muat_compatible_qkv_attention,10.0,29.312128875562813,0.1588134765625,4,,,,,
TCGA-BH-A0B7,tcga_mc3_wes,HRD_Score,MuAt-compatible reimplementation,muat_compatible_qkv_attention,27.0,25.82634619980586,-0.006206512451171875,1,,,,,
TCGA-BH-A0B9,tcga_mc3_wes,HRD_Score,MuAt-compatible reimplementation,muat_compatible_qkv_attention,37.0,39.762547242326825,0.67529296875,4,,,,,
TCGA-BH-A0BA,tcga_mc3_wes,HRD_Score,MuAt-compatible reimplementation,muat_compatible_qkv_attention,23.0,24.865056582887753,-0.053924560546875,1,,,,,
TCGA-BH-A0BC,tcga_mc3_wes,HRD_Score,MuAt-compatible reimplementation,muat_compatible_qkv_attention,14.0,11.433791736865075,-0.7080078125,2,,,,,
TCGA-BH-A0BF,tcga_mc3_wes,HRD_Score,MuAt-compatible reimplementation,muat_compatible_qkv_attention,26.0,23.039391583976936,-0.1253662109375,5,,,,,
TCGA-BH-A0BJ,tcga_mc3_wes,HRD_Score,MuAt-compatible reimplementation,muat_compatible_qkv_attention,7.0,21.42553330830271,-0.23095703125,4,,,,,
TCGA-BH-A0BL,tcga_mc3_wes,HRD_Score,MuAt-compatible reimplementation,muat_compatible_qkv_attention,41.0,40.942239265452585,0.744140625,1,,,,,
TCGA-BH-A0BM,tcga_mc3_wes,HRD_Score,MuAt-compatible reimplementation,muat_compatible_qkv_attention,8.0,66.05284577596807,1.974609375,4,,,,,
TCGA-BH-A0BO,tcga_mc3_wes,HRD_Score,MuAt-compatible reimplementation,muat_compatible_qkv_attention,5.0,20.837195030509942,-0.236083984375,2,,,,,
TCGA-BH-A0BP,tcga_mc3_wes,HRD_Score,MuAt-compatible reimplementation,muat_compatible_qkv_attention,62.0,35.38288673852592,0.50146484375,5,,,,,
TCGA-BH-A0BR,tcga_mc3_wes,HRD_Score,MuAt-compatible reimplementation,muat_compatible_qkv_attention,37.0,12.037010572049743,-0.677734375,2,,,,,
TCGA-BH-A0BT,tcga_mc3_wes,HRD_Score,MuAt-compatible reimplementation,muat_compatible_qkv_attention,16.0,12.494289366463928,-0.65478515625,2,,,,,
TCGA-BH-A0BZ,tcga_mc3_wes,HRD_Score,MuAt-compatible reimplementation,muat_compatible_qkv_attention,22.0,45.353834723154776,1.0078125,5,,,,,
TCGA-BH-A0C1,tcga_mc3_wes,HRD_Score,MuAt-compatible reimplementation,muat_compatible_qkv_attention,11.0,14.770665263703496,-0.5849609375,3,,,,,
TCGA-BH-A0C3,tcga_mc3_wes,HRD_Score,MuAt-compatible reimplementation,muat_compatible_qkv_attention,14.0,21.693376603030117,-0.193115234375,2,,,,,
TCGA-BH-A0C7,tcga_mc3_wes,HRD_Score,MuAt-compatible reimplementation,muat_compatible_qkv_attention,39.0,16.872490589578454,-0.43505859375,2,,,,,
TCGA-BH-A0DE,tcga_mc3_wes,HRD_Score,MuAt-compatible reimplementation,muat_compatible_qkv_attention,18.0,29.00807727417315,0.1517333984375,1,,,,,
TCGA-BH-A0DG,tcga_mc3_wes,HRD_Score,MuAt-compatible reimplementation,muat_compatible_qkv_attention,19.0,25.885211644410486,-0.003284454345703125,1,,,,,
TCGA-BH-A0DH,tcga_mc3_wes,HRD_Score,MuAt-compatible reimplementation,muat_compatible_qkv_attention,26.0,16.278364877212226,-0.51025390625,3,,,,,
TCGA-BH-A0DI,tcga_mc3_wes,HRD_Score,MuAt-compatible reimplementation,muat_compatible_qkv_attention,29.0,20.131818166785937,-0.271484375,2,,,,,
TCGA-BH-A0DK,tcga_mc3_wes,HRD_Score,MuAt-compatible reimplementation,muat_compatible_qkv_attention,16.0,57.24001364819355,1.5390625,4,,,,,
TCGA-BH-A0DL,tcga_mc3_wes,HRD_Score,MuAt-compatible reimplementation,muat_compatible_qkv_attention,18.0,31.922880994132786,0.287841796875,4,,,,,
TCGA-BH-A0DO,tcga_mc3_wes,HRD_Score,MuAt-compatible reimplementation,muat_compatible_qkv_attention,4.0,23.654267888397108,-0.144775390625,3,,,,,
TCGA-BH-A0DQ,tcga_mc3_wes,HRD_Score,MuAt-compatible reimplementation,muat_compatible_qkv_attention,26.0,20.822601026432896,-0.23681640625,2,,,,,
TCGA-BH-A0DS,tcga_mc3_wes,HRD_Score,MuAt-compatible reimplementation,muat_compatible_qkv_attention,12.0,8.107486550186064,-0.88916015625,4,,,,,
TCGA-BH-A0DT,tcga_mc3_wes,HRD_Score,MuAt-compatible reimplementation,muat_compatible_qkv_attention,4.0,7.931818650794604,-0.923828125,3,,,,,
TCGA-BH-A0DV,tcga_mc3_wes,HRD_Score,MuAt-compatible reimplementation,muat_compatible_qkv_attention,5.0,11.239401106805483,-0.734375,4,,,,,
TCGA-BH-A0DX,tcga_mc3_wes,HRD_Score,MuAt-compatible reimplementation,muat_compatible_qkv_attention,27.0,21.037029078867043,-0.22705078125,5,,,,,
TCGA-BH-A0DZ,tcga_mc3_wes,HRD_Score,MuAt-compatible reimplementation,muat_compatible_qkv_attention,22.0,27.560166242003586,0.101318359375,2,,,,,
TCGA-BH-A0E0,tcga_mc3_wes,HRD_Score,MuAt-compatible reimplementation,muat_compatible_qkv_attention,27.0,16.500424770527378,-0.474365234375,4,,,,,
TCGA-BH-A0E1,tcga_mc3_wes,HRD_Score,MuAt-compatible reimplementation,muat_compatible_qkv_attention,4.0,18.894667147712678,-0.380615234375,3,,,,,
TCGA-BH-A0E2,tcga_mc3_wes,HRD_Score,MuAt-compatible reimplementation,muat_compatible_qkv_attention,28.0,13.03753501628414,-0.6455078125,4,,,,,
TCGA-BH-A0E7,tcga_mc3_wes,HRD_Score,MuAt-compatible reimplementation,muat_compatible_qkv_attention,4.0,26.072081374504272,0.0286407470703125,5,,,,,
TCGA-BH-A0E9,tcga_mc3_wes,HRD_Score,MuAt-compatible reimplementation,muat_compatible_qkv_attention,10.0,23.952834263378808,-0.0789794921875,5,,,,,
TCGA-BH-A0EA,tcga_mc3_wes,HRD_Score,MuAt-compatible reimplementation,muat_compatible_qkv_attention,4.0,17.359220396012134,-0.413818359375,5,,,,,
TCGA-BH-A0EB,tcga_mc3_wes,HRD_Score,MuAt-compatible reimplementation,muat_compatible_qkv_attention,8.0,16.634121856319997,-0.447021484375,2,,,,,
TCGA-BH-A0EE,tcga_mc3_wes,HRD_Score,MuAt-compatible reimplementation,muat_compatible_qkv_attention,21.0,27.929748398595972,0.09820556640625,1,,,,,
TCGA-BH-A0GY,tcga_mc3_wes,HRD_Score,MuAt-compatible reimplementation,muat_compatible_qkv_attention,22.0,26.520666424352594,0.02825927734375,1,,,,,
TCGA-BH-A0H0,tcga_mc3_wes,HRD_Score,MuAt-compatible reimplementation,muat_compatible_qkv_attention,17.0,24.713820035913987,-0.061431884765625,1,,,,,
TCGA-BH-A0H6,tcga_mc3_wes,HRD_Score,MuAt-compatible reimplementation,muat_compatible_qkv_attention,9.0,21.588879514500768,-0.216552734375,1,,,,,
TCGA-BH-A0H7,tcga_mc3_wes,HRD_Score,MuAt-compatible reimplementation,muat_compatible_qkv_attention,39.0,16.595204512114535,-0.448974609375,2,,,,,
TCGA-BH-A0HA,tcga_mc3_wes,HRD_Score,MuAt-compatible reimplementation,muat_compatible_qkv_attention,7.0,39.317591650960054,0.63134765625,3,,,,,
TCGA-BH-A0HB,tcga_mc3_wes,HRD_Score,MuAt-compatible reimplementation,muat_compatible_qkv_attention,27.0,5.252207979640282,-1.0302734375,4,,,,,
TCGA-BH-A0HI,tcga_mc3_wes,HRD_Score,MuAt-compatible reimplementation,muat_compatible_qkv_attention,7.0,8.030361109193866,-0.9189453125,3,,,,,
TCGA-BH-A0HK,tcga_mc3_wes,HRD_Score,MuAt-compatible reimplementation,muat_compatible_qkv_attention,10.0,24.214490807340233,-0.06658935546875,2,,,,,
TCGA-BH-A0HO,tcga_mc3_wes,HRD_Score,MuAt-compatible reimplementation,muat_compatible_qkv_attention,3.0,18.718452587439238,-0.36474609375,4,,,,,
TCGA-BH-A0HP,tcga_mc3_wes,HRD_Score,MuAt-compatible reimplementation,muat_compatible_qkv_attention,12.0,32.392174184793426,0.31103515625,4,,,,,
TCGA-BH-A0HQ,tcga_mc3_wes,HRD_Score,MuAt-compatible reimplementation,muat_compatible_qkv_attention,4.0,18.032976312483445,-0.39306640625,1,,,,,
TCGA-BH-A0HU,tcga_mc3_wes,HRD_Score,MuAt-compatible reimplementation,muat_compatible_qkv_attention,33.0,18.832951803928626,-0.336669921875,2,,,,,
TCGA-BH-A0HW,tcga_mc3_wes,HRD_Score,MuAt-compatible reimplementation,muat_compatible_qkv_attention,21.0,20.80145701944235,-0.239013671875,5,,,,,
TCGA-BH-A0HX,tcga_mc3_wes,HRD_Score,MuAt-compatible reimplementation,muat_compatible_qkv_attention,44.0,39.700105296962136,0.720703125,5,,,,,
TCGA-BH-A0HY,tcga_mc3_wes,HRD_Score,MuAt-compatible reimplementation,muat_compatible_qkv_attention,49.0,46.92544331030499,1.029296875,4,,,,,
TCGA-BH-A0W3,tcga_mc3_wes,HRD_Score,MuAt-compatible reimplementation,muat_compatible_qkv_attention,6.0,3.0835296975508335,-1.1640625,3,,,,,
TCGA-BH-A0W4,tcga_mc3_wes,HRD_Score,MuAt-compatible reimplementation,muat_compatible_qkv_attention,4.0,19.742132289946344,-0.338623046875,3,,,,,
TCGA-BH-A0WA,tcga_mc3_wes,HRD_Score,MuAt-compatible reimplementation,muat_compatible_qkv_attention,63.0,32.85652744713132,0.333984375,4,,,,,
TCGA-BH-A18F,tcga_mc3_wes,HRD_Score,MuAt-compatible reimplementation,muat_compatible_qkv_attention,7.0,7.2775785919651454,-0.93017578125,4,,,,,
TCGA-BH-A18G,tcga_mc3_wes,HRD_Score,MuAt-compatible reimplementation,muat_compatible_qkv_attention,6.0,45.073579085223756,0.94921875,1,,,,,
TCGA-BH-A18H,tcga_mc3_wes,HRD_Score,MuAt-compatible reimplementation,muat_compatible_qkv_attention,30.0,18.983756512724796,-0.3291015625,2,,,,,
TCGA-BH-A18I,tcga_mc3_wes,HRD_Score,MuAt-compatible reimplementation,muat_compatible_qkv_attention,12.0,17.10441796438951,-0.4267578125,5,,,,,
TCGA-BH-A18J,tcga_mc3_wes,HRD_Score,MuAt-compatible reimplementation,muat_compatible_qkv_attention,25.0,25.27492235198678,-0.0118408203125,5,,,,,
TCGA-BH-A18K,tcga_mc3_wes,HRD_Score,MuAt-compatible reimplementation,muat_compatible_qkv_attention,30.0,27.237622214438435,0.08782958984375,5,,,,,
TCGA-BH-A18L,tcga_mc3_wes,HRD_Score,MuAt-compatible reimplementation,muat_compatible_qkv_attention,26.0,30.500505185685945,0.1944580078125,3,,,,,
TCGA-BH-A18M,tcga_mc3_wes,HRD_Score,MuAt-compatible reimplementation,muat_compatible_qkv_attention,10.0,5.231755290654782,-1.0576171875,3,,,,,
TCGA-BH-A18N,tcga_mc3_wes,HRD_Score,MuAt-compatible reimplementation,muat_compatible_qkv_attention,4.0,16.405482459112903,-0.45849609375,2,,,,,
TCGA-BH-A18P,tcga_mc3_wes,HRD_Score,MuAt-compatible reimplementation,muat_compatible_qkv_attention,8.0,28.608988131803613,0.157470703125,5,,,,,
TCGA-BH-A18Q,tcga_mc3_wes,HRD_Score,MuAt-compatible reimplementation,muat_compatible_qkv_attention,62.0,45.69328005818943,0.97998046875,1,,,,,
TCGA-BH-A18R,tcga_mc3_wes,HRD_Score,MuAt-compatible reimplementation,muat_compatible_qkv_attention,27.0,24.878517992845936,-0.03326416015625,2,,,,,
TCGA-BH-A18S,tcga_mc3_wes,HRD_Score,MuAt-compatible reimplementation,muat_compatible_qkv_attention,10.0,29.485148658122913,0.1754150390625,1,,,,,
TCGA-BH-A18T,tcga_mc3_wes,HRD_Score,MuAt-compatible reimplementation,muat_compatible_qkv_attention,53.0,64.6499061323089,1.9052734375,4,,,,,
TCGA-BH-A18U,tcga_mc3_wes,HRD_Score,MuAt-compatible reimplementation,muat_compatible_qkv_attention,54.0,21.031781751537256,-0.226318359375,2,,,,,
TCGA-BH-A1EO,tcga_mc3_wes,HRD_Score,MuAt-compatible reimplementation,muat_compatible_qkv_attention,21.0,22.66351969381029,-0.1632080078125,1,,,,,
TCGA-BH-A1ET,tcga_mc3_wes,HRD_Score,MuAt-compatible reimplementation,muat_compatible_qkv_attention,3.0,17.544635467642763,-0.447509765625,3,,,,,
TCGA-BH-A1EU,tcga_mc3_wes,HRD_Score,MuAt-compatible reimplementation,muat_compatible_qkv_attention,17.0,28.719562771941735,0.1630859375,5,,,,,
TCGA-BH-A1EV,tcga_mc3_wes,HRD_Score,MuAt-compatible reimplementation,muat_compatible_qkv_attention,26.0,33.71113504696596,0.376220703125,4,,,,,
TCGA-BH-A1EW,tcga_mc3_wes,HRD_Score,MuAt-compatible reimplementation,muat_compatible_qkv_attention,26.0,23.404768655737684,-0.1068115234375,5,,,,,
TCGA-BH-A1EX,tcga_mc3_wes,HRD_Score,MuAt-compatible reimplementation,muat_compatible_qkv_attention,2.0,21.608552561261583,-0.215576171875,1,,,,,
TCGA-BH-A1EY,tcga_mc3_wes,HRD_Score,MuAt-compatible reimplementation,muat_compatible_qkv_attention,35.0,24.644619595309706,-0.095703125,3,,,,,
TCGA-BH-A1F0,tcga_mc3_wes,HRD_Score,MuAt-compatible reimplementation,muat_compatible_qkv_attention,42.0,44.05748389996464,0.8662109375,3,,,,,
TCGA-BH-A1F2,tcga_mc3_wes,HRD_Score,MuAt-compatible reimplementation,muat_compatible_qkv_attention,39.0,17.393010068326515,-0.408935546875,2,,,,,
TCGA-BH-A1FC,tcga_mc3_wes,HRD_Score,MuAt-compatible reimplementation,muat_compatible_qkv_attention,40.0,36.2600541363786,0.51171875,1,,,,,
TCGA-BH-A1FE,tcga_mc3_wes,HRD_Score,MuAt-compatible reimplementation,muat_compatible_qkv_attention,26.0,30.88796601051801,0.2366943359375,4,,,,,
TCGA-BH-A1FG,tcga_mc3_wes,HRD_Score,MuAt-compatible reimplementation,muat_compatible_qkv_attention,8.0,23.53096797328663,-0.10040283203125,5,,,,,
TCGA-BH-A1FJ,tcga_mc3_wes,HRD_Score,MuAt-compatible reimplementation,muat_compatible_qkv_attention,4.0,15.675782255260485,-0.4951171875,2,,,,,
TCGA-BH-A1FL,tcga_mc3_wes,HRD_Score,MuAt-compatible reimplementation,muat_compatible_qkv_attention,10.0,15.82658696405665,-0.487548828125,2,,,,,
TCGA-BH-A1FM,tcga_mc3_wes,HRD_Score,MuAt-compatible reimplementation,muat_compatible_qkv_attention,33.0,14.625013961712998,-0.5478515625,2,,,,,
TCGA-BH-A1FN,tcga_mc3_wes,HRD_Score,MuAt-compatible reimplementation,muat_compatible_qkv_attention,64.0,29.778454861714945,0.212646484375,2,,,,,
TCGA-BH-A1FU,tcga_mc3_wes,HRD_Score,MuAt-compatible reimplementation,muat_compatible_qkv_attention,20.0,58.34655759248811,1.59375,4,,,,,
TCGA-BH-A201,tcga_mc3_wes,HRD_Score,MuAt-compatible reimplementation,muat_compatible_qkv_attention,10.0,25.377477972735857,-0.0284881591796875,1,,,,,
TCGA-BH-A202,tcga_mc3_wes,HRD_Score,MuAt-compatible reimplementation,muat_compatible_qkv_attention,13.0,18.539557266574434,-0.367919921875,1,,,,,
TCGA-BH-A203,tcga_mc3_wes,HRD_Score,MuAt-compatible reimplementation,muat_compatible_qkv_attention,49.0,24.87735223711326,-0.053314208984375,1,,,,,
TCGA-BH-A204,tcga_mc3_wes,HRD_Score,MuAt-compatible reimplementation,muat_compatible_qkv_attention,28.0,29.5933504153074,0.1807861328125,1,,,,,
TCGA-BH-A208,tcga_mc3_wes,HRD_Score,MuAt-compatible reimplementation,muat_compatible_qkv_attention,26.0,33.34064042276019,0.35791015625,4,,,,,
TCGA-BH-A209,tcga_mc3_wes,HRD_Score,MuAt-compatible reimplementation,muat_compatible_qkv_attention,29.0,23.65919501131707,-0.14453125,3,,,,,
TCGA-BH-A28Q,tcga_mc3_wes,HRD_Score,MuAt-compatible reimplementation,muat_compatible_qkv_attention,11.0,8.56363760171222,-0.85205078125,2,,,,,
TCGA-BH-A2L8,tcga_mc3_wes,HRD_Score,MuAt-compatible reimplementation,muat_compatible_qkv_attention,3.0,32.153554925333594,0.2763671875,3,,,,,
TCGA-BH-A42V,tcga_mc3_wes,HRD_Score,MuAt-compatible reimplementation,muat_compatible_qkv_attention,11.0,18.3674181074173,-0.37646484375,1,,,,,
TCGA-BH-A5IZ,tcga_mc3_wes,HRD_Score,MuAt-compatible reimplementation,muat_compatible_qkv_attention,55.0,47.171425585381364,1.0205078125,3,,,,,
TCGA-BH-A6R8,tcga_mc3_wes,HRD_Score,MuAt-compatible reimplementation,muat_compatible_qkv_attention,13.0,36.136639853433046,0.49609375,4,,,,,
TCGA-BH-A6R9,tcga_mc3_wes,HRD_Score,MuAt-compatible reimplementation,muat_compatible_qkv_attention,0.0,19.7183213846029,-0.292236328125,2,,,,,
TCGA-BH-A8FY,tcga_mc3_wes,HRD_Score,MuAt-compatible reimplementation,muat_compatible_qkv_attention,8.0,34.62227299354075,0.430419921875,1,,,,,
TCGA-BH-A8FZ,tcga_mc3_wes,HRD_Score,MuAt-compatible reimplementation,muat_compatible_qkv_attention,43.0,25.5872393158376,0.0023040771484375,2,,,,,
TCGA-BH-A8G0,tcga_mc3_wes,HRD_Score,MuAt-compatible reimplementation,muat_compatible_qkv_attention,3.0,4.580377727747159,-1.0634765625,4,,,,,
TCGA-BH-AB28,tcga_mc3_wes,HRD_Score,MuAt-compatible reimplementation,muat_compatible_qkv_attention,13.0,28.779378105578672,0.140380859375,1,,,,,
TCGA-C8-A12L,tcga_mc3_wes,HRD_Score,MuAt-compatible reimplementation,muat_compatible_qkv_attention,76.0,34.4550212799756,0.454345703125,5,,,,,
TCGA-C8-A12M,tcga_mc3_wes,HRD_Score,MuAt-compatible reimplementation,muat_compatible_qkv_attention,25.0,27.552271813872835,0.0794677734375,1,,,,,
TCGA-C8-A12N,tcga_mc3_wes,HRD_Score,MuAt-compatible reimplementation,muat_compatible_qkv_attention,8.0,12.296545767872605,-0.68212890625,4,,,,,
TCGA-C8-A12O,tcga_mc3_wes,HRD_Score,MuAt-compatible reimplementation,muat_compatible_qkv_attention,28.0,13.554786996062779,-0.6015625,2,,,,,
TCGA-C8-A12P,tcga_mc3_wes,HRD_Score,MuAt-compatible reimplementation,muat_compatible_qkv_attention,51.0,47.79487069510786,1.072265625,4,,,,,
TCGA-C8-A12Q,tcga_mc3_wes,HRD_Score,MuAt-compatible reimplementation,muat_compatible_qkv_attention,41.0,25.40176188983124,-0.02728271484375,1,,,,,
TCGA-C8-A12U,tcga_mc3_wes,HRD_Score,MuAt-compatible reimplementation,muat_compatible_qkv_attention,44.0,27.557327152229092,0.10406494140625,5,,,,,
TCGA-C8-A12W,tcga_mc3_wes,HRD_Score,MuAt-compatible reimplementation,muat_compatible_qkv_attention,28.0,40.66161419706615,0.7197265625,4,,,,,
TCGA-C8-A12Y,tcga_mc3_wes,HRD_Score,MuAt-compatible reimplementation,muat_compatible_qkv_attention,17.0,22.125948904575065,-0.1717529296875,5,,,,,
TCGA-C8-A12Z,tcga_mc3_wes,HRD_Score,MuAt-compatible reimplementation,muat_compatible_qkv_attention,29.0,25.133101845003857,-0.040618896484375,1,,,,,
TCGA-C8-A130,tcga_mc3_wes,HRD_Score,MuAt-compatible reimplementation,muat_compatible_qkv_attention,53.0,17.089995185241058,-0.427490234375,5,,,,,
TCGA-C8-A131,tcga_mc3_wes,HRD_Score,MuAt-compatible reimplementation,muat_compatible_qkv_attention,15.0,25.207015100162828,-0.015289306640625,5,,,,,
TCGA-C8-A132,tcga_mc3_wes,HRD_Score,MuAt-compatible reimplementation,muat_compatible_qkv_attention,36.0,42.45124182805664,0.78662109375,3,,,,,
TCGA-C8-A133,tcga_mc3_wes,HRD_Score,MuAt-compatible reimplementation,muat_compatible_qkv_attention,0.0,14.167735167298813,-0.57080078125,2,,,,,
TCGA-C8-A135,tcga_mc3_wes,HRD_Score,MuAt-compatible reimplementation,muat_compatible_qkv_attention,29.0,28.229762361698405,0.11309814453125,1,,,,,
TCGA-C8-A137,tcga_mc3_wes,HRD_Score,MuAt-compatible reimplementation,muat_compatible_qkv_attention,34.0,27.430016184597513,0.0657958984375,4,,,,,
TCGA-C8-A138,tcga_mc3_wes,HRD_Score,MuAt-compatible reimplementation,muat_compatible_qkv_attention,33.0,20.808007022355845,-0.237548828125,2,,,,,
TCGA-C8-A1HE,tcga_mc3_wes,HRD_Score,MuAt-compatible reimplementation,muat_compatible_qkv_attention,16.0,17.616848571467422,-0.419189453125,4,,,,,
TCGA-C8-A1HF,tcga_mc3_wes,HRD_Score,MuAt-compatible reimplementation,muat_compatible_qkv_attention,26.0,33.068944365009294,0.344482421875,4,,,,,
TCGA-C8-A1HG,tcga_mc3_wes,HRD_Score,MuAt-compatible reimplementation,muat_compatible_qkv_attention,39.0,28.803969414029694,0.1416015625,1,,,,,
TCGA-C8-A1HJ,tcga_mc3_wes,HRD_Score,MuAt-compatible reimplementation,muat_compatible_qkv_attention,72.0,51.09341542967205,1.21484375,3,,,,,
TCGA-C8-A1HK,tcga_mc3_wes,HRD_Score,MuAt-compatible reimplementation,muat_compatible_qkv_attention,22.0,46.72784617739525,1.01953125,4,,,,,
TCGA-C8-A1HL,tcga_mc3_wes,HRD_Score,MuAt-compatible reimplementation,muat_compatible_qkv_attention,17.0,18.496155812915777,-0.375732421875,4,,,,,
TCGA-C8-A1HM,tcga_mc3_wes,HRD_Score,MuAt-compatible reimplementation,muat_compatible_qkv_attention,60.0,39.180885247617915,0.6943359375,5,,,,,
TCGA-C8-A26V,tcga_mc3_wes,HRD_Score,MuAt-compatible reimplementation,muat_compatible_qkv_attention,28.0,16.741144552885018,-0.441650390625,2,,,,,
TCGA-C8-A26W,tcga_mc3_wes,HRD_Score,MuAt-compatible reimplementation,muat_compatible_qkv_attention,32.0,29.863854808268606,0.1942138671875,1,,,,,
TCGA-C8-A26X,tcga_mc3_wes,HRD_Score,MuAt-compatible reimplementation,muat_compatible_qkv_attention,31.0,21.311500163014017,-0.2122802734375,2,,,,,
TCGA-C8-A26Y,tcga_mc3_wes,HRD_Score,MuAt-compatible reimplementation,muat_compatible_qkv_attention,42.0,41.49152215528707,0.7607421875,4,,,,,
TCGA-C8-A26Z,tcga_mc3_wes,HRD_Score,MuAt-compatible reimplementation,muat_compatible_qkv_attention,22.0,29.996647873904106,0.2008056640625,1,,,,,
TCGA-C8-A273,tcga_mc3_wes,HRD_Score,MuAt-compatible reimplementation,muat_compatible_qkv_attention,17.0,17.748635433020304,-0.39404296875,5,,,,,
TCGA-C8-A275,tcga_mc3_wes,HRD_Score,MuAt-compatible reimplementation,muat_compatible_qkv_attention,17.0,24.73823493078901,-0.091064453125,3,,,,,
TCGA-C8-A278,tcga_mc3_wes,HRD_Score,MuAt-compatible reimplementation,muat_compatible_qkv_attention,29.0,25.96918712037877,0.0008840560913085938,1,,,,,
TCGA-C8-A27A,tcga_mc3_wes,HRD_Score,MuAt-compatible reimplementation,muat_compatible_qkv_attention,42.0,5.2719676929312556,-1.029296875,4,,,,,
TCGA-C8-A27B,tcga_mc3_wes,HRD_Score,MuAt-compatible reimplementation,muat_compatible_qkv_attention,67.0,53.16280705605659,1.3173828125,3,,,,,
TCGA-C8-A8HP,tcga_mc3_wes,HRD_Score,MuAt-compatible reimplementation,muat_compatible_qkv_attention,32.0,28.809270243408584,0.11065673828125,3,,,,,
TCGA-C8-A8HQ,tcga_mc3_wes,HRD_Score,MuAt-compatible reimplementation,muat_compatible_qkv_attention,23.0,21.233665474603093,-0.2161865234375,2,,,,,
TCGA-C8-A8HR,tcga_mc3_wes,HRD_Score,MuAt-compatible reimplementation,muat_compatible_qkv_attention,35.0,56.291547410226784,1.4921875,4,,,,,
TCGA-D8-A13Y,tcga_mc3_wes,HRD_Score,MuAt-compatible reimplementation,muat_compatible_qkv_attention,58.0,33.51344085124343,0.34375,3,,,,,
TCGA-D8-A13Z,tcga_mc3_wes,HRD_Score,MuAt-compatible reimplementation,muat_compatible_qkv_attention,37.0,59.41358211020072,1.646484375,4,,,,,
TCGA-D8-A140,tcga_mc3_wes,HRD_Score,MuAt-compatible reimplementation,muat_compatible_qkv_attention,20.0,27.181132996107003,0.0849609375,5,,,,,
TCGA-D8-A141,tcga_mc3_wes,HRD_Score,MuAt-compatible reimplementation,muat_compatible_qkv_attention,4.0,29.638258674692388,0.1517333984375,3,,,,,
TCGA-D8-A143,tcga_mc3_wes,HRD_Score,MuAt-compatible reimplementation,muat_compatible_qkv_attention,34.0,30.515286554445836,0.1951904296875,3,,,,,
TCGA-D8-A145,tcga_mc3_wes,HRD_Score,MuAt-compatible reimplementation,muat_compatible_qkv_attention,6.0,24.955028339267386,-0.080322265625,3,,,,,
TCGA-D8-A147,tcga_mc3_wes,HRD_Score,MuAt-compatible reimplementation,muat_compatible_qkv_attention,69.0,34.56528819898683,0.452880859375,2,,,,,
TCGA-D8-A1J8,tcga_mc3_wes,HRD_Score,MuAt-compatible reimplementation,muat_compatible_qkv_attention,7.0,41.02237618126732,0.7158203125,3,,,,,
TCGA-D8-A1J9,tcga_mc3_wes,HRD_Score,MuAt-compatible reimplementation,muat_compatible_qkv_attention,31.0,21.00259374338316,-0.227783203125,2,,,,,
TCGA-D8-A1JA,tcga_mc3_wes,HRD_Score,MuAt-compatible reimplementation,muat_compatible_qkv_attention,28.0,41.450069166974146,0.8095703125,5,,,,,
TCGA-D8-A1JB,tcga_mc3_wes,HRD_Score,MuAt-compatible reimplementation,muat_compatible_qkv_attention,41.0,23.87573775638352,-0.10986328125,4,,,,,
TCGA-D8-A1JC,tcga_mc3_wes,HRD_Score,MuAt-compatible reimplementation,muat_compatible_qkv_attention,33.0,25.965163213082835,0.021270751953125,2,,,,,
TCGA-D8-A1JD,tcga_mc3_wes,HRD_Score,MuAt-compatible reimplementation,muat_compatible_qkv_attention,40.0,39.299539860924526,0.66259765625,1,,,,,
TCGA-D8-A1JF,tcga_mc3_wes,HRD_Score,MuAt-compatible reimplementation,muat_compatible_qkv_attention,23.0,23.31823198084698,-0.1112060546875,5,,,,,
TCGA-D8-A1JG,tcga_mc3_wes,HRD_Score,MuAt-compatible reimplementation,muat_compatible_qkv_attention,27.0,41.997946519420026,0.76416015625,3,,,,,
TCGA-D8-A1JH,tcga_mc3_wes,HRD_Score,MuAt-compatible reimplementation,muat_compatible_qkv_attention,0.0,12.858941570757782,-0.6796875,3,,,,,
TCGA-D8-A1JI,tcga_mc3_wes,HRD_Score,MuAt-compatible reimplementation,muat_compatible_qkv_attention,17.0,25.85793066159764,-0.004638671875,1,,,,,
TCGA-D8-A1JJ,tcga_mc3_wes,HRD_Score,MuAt-compatible reimplementation,muat_compatible_qkv_attention,25.0,29.5319556859249,0.169677734375,4,,,,,
TCGA-D8-A1JK,tcga_mc3_wes,HRD_Score,MuAt-compatible reimplementation,muat_compatible_qkv_attention,53.0,41.33570020066889,0.763671875,1,,,,,
TCGA-D8-A1JL,tcga_mc3_wes,HRD_Score,MuAt-compatible reimplementation,muat_compatible_qkv_attention,51.0,33.986392703930576,0.423828125,2,,,,,
TCGA-D8-A1JM,tcga_mc3_wes,HRD_Score,MuAt-compatible reimplementation,muat_compatible_qkv_attention,42.0,21.75336044324009,-0.190673828125,5,,,,,
TCGA-D8-A1JN,tcga_mc3_wes,HRD_Score,MuAt-compatible reimplementation,muat_compatible_qkv_attention,6.0,15.690376259337533,-0.494384765625,2,,,,,
TCGA-D8-A1JP,tcga_mc3_wes,HRD_Score,MuAt-compatible reimplementation,muat_compatible_qkv_attention,69.0,51.32991732983029,1.2265625,3,,,,,
TCGA-D8-A1JS,tcga_mc3_wes,HRD_Score,MuAt-compatible reimplementation,muat_compatible_qkv_attention,6.0,15.036729901381507,-0.57177734375,3,,,,,
TCGA-D8-A1JT,tcga_mc3_wes,HRD_Score,MuAt-compatible reimplementation,muat_compatible_qkv_attention,13.0,30.377327112686867,0.1883544921875,3,,,,,
TCGA-D8-A1JU,tcga_mc3_wes,HRD_Score,MuAt-compatible reimplementation,muat_compatible_qkv_attention,6.0,17.983793695581408,-0.3955078125,1,,,,,
TCGA-D8-A1X5,tcga_mc3_wes,HRD_Score,MuAt-compatible reimplementation,muat_compatible_qkv_attention,37.0,28.245746712191565,0.1138916015625,1,,,,,
TCGA-D8-A1X7,tcga_mc3_wes,HRD_Score,MuAt-compatible reimplementation,muat_compatible_qkv_attention,4.0,17.096265318759862,-0.423828125,2,,,,,
TCGA-D8-A1X8,tcga_mc3_wes,HRD_Score,MuAt-compatible reimplementation,muat_compatible_qkv_attention,15.0,16.361700446881763,-0.460693359375,2,,,,,
TCGA-D8-A1X9,tcga_mc3_wes,HRD_Score,MuAt-compatible reimplementation,muat_compatible_qkv_attention,55.0,70.83469639238385,2.2109375,4,,,,,
TCGA-D8-A1XA,tcga_mc3_wes,HRD_Score,MuAt-compatible reimplementation,muat_compatible_qkv_attention,12.0,22.634010123669068,-0.1646728515625,1,,,,,
TCGA-D8-A1XB,tcga_mc3_wes,HRD_Score,MuAt-compatible reimplementation,muat_compatible_qkv_attention,8.0,14.59328883858482,-0.59375,3,,,,,
TCGA-D8-A1XC,tcga_mc3_wes,HRD_Score,MuAt-compatible reimplementation,muat_compatible_qkv_attention,3.0,21.738886496051983,-0.2091064453125,1,,,,,
TCGA-D8-A1XF,tcga_mc3_wes,HRD_Score,MuAt-compatible reimplementation,muat_compatible_qkv_attention,27.0,21.651392421432075,-0.2440185546875,3,,,,,
TCGA-D8-A1XG,tcga_mc3_wes,HRD_Score,MuAt-compatible reimplementation,muat_compatible_qkv_attention,8.0,24.57597259613242,-0.07525634765625,4,,,,,
TCGA-D8-A1XJ,tcga_mc3_wes,HRD_Score,MuAt-compatible reimplementation,muat_compatible_qkv_attention,40.0,11.150482396996098,-0.73876953125,4,,,,,
TCGA-D8-A1XK,tcga_mc3_wes,HRD_Score,MuAt-compatible reimplementation,muat_compatible_qkv_attention,72.0,50.93064266055568,1.291015625,5,,,,,
TCGA-D8-A1XL,tcga_mc3_wes,HRD_Score,MuAt-compatible reimplementation,muat_compatible_qkv_attention,47.0,41.020931452495844,0.748046875,1,,,,,
TCGA-D8-A1XM,tcga_mc3_wes,HRD_Score,MuAt-compatible reimplementation,muat_compatible_qkv_attention,16.0,12.04673990810111,-0.67724609375,2,,,,,
TCGA-D8-A1XO,tcga_mc3_wes,HRD_Score,MuAt-compatible reimplementation,muat_compatible_qkv_attention,12.0,25.24156967520599,-0.0135345458984375,5,,,,,
TCGA-D8-A1XQ,tcga_mc3_wes,HRD_Score,MuAt-compatible reimplementation,muat_compatible_qkv_attention,72.0,46.352327124676734,1.0126953125,1,,,,,
TCGA-D8-A1XR,tcga_mc3_wes,HRD_Score,MuAt-compatible reimplementation,muat_compatible_qkv_attention,13.0,24.688613944751694,-0.06268310546875,1,,,,,
TCGA-D8-A1XT,tcga_mc3_wes,HRD_Score,MuAt-compatible reimplementation,muat_compatible_qkv_attention,36.0,32.23409647846563,0.30322265625,4,,,,,
TCGA-D8-A1XV,tcga_mc3_wes,HRD_Score,MuAt-compatible reimplementation,muat_compatible_qkv_attention,2.0,21.72451488494319,-0.192138671875,5,,,,,
TCGA-D8-A1XW,tcga_mc3_wes,HRD_Score,MuAt-compatible reimplementation,muat_compatible_qkv_attention,50.0,40.37172090938895,0.7158203125,1,,,,,
TCGA-D8-A1XY,tcga_mc3_wes,HRD_Score,MuAt-compatible reimplementation,muat_compatible_qkv_attention,25.0,13.039132185340401,-0.62744140625,2,,,,,
TCGA-D8-A1XZ,tcga_mc3_wes,HRD_Score,MuAt-compatible reimplementation,muat_compatible_qkv_attention,26.0,24.161964561031343,-0.068359375,5,,,,,
TCGA-D8-A1Y0,tcga_mc3_wes,HRD_Score,MuAt-compatible reimplementation,muat_compatible_qkv_attention,44.0,56.133469703898996,1.484375,4,,,,,
TCGA-D8-A1Y1,tcga_mc3_wes,HRD_Score,MuAt-compatible reimplementation,muat_compatible_qkv_attention,10.0,18.68214709513246,-0.34423828125,2,,,,,
TCGA-D8-A1Y2,tcga_mc3_wes,HRD_Score,MuAt-compatible reimplementation,muat_compatible_qkv_attention,12.0,11.31607593281133,-0.720703125,5,,,,,
TCGA-D8-A1Y3,tcga_mc3_wes,HRD_Score,MuAt-compatible reimplementation,muat_compatible_qkv_attention,35.0,18.025416911665282,-0.377197265625,2,,,,,
TCGA-D8-A27E,tcga_mc3_wes,HRD_Score,MuAt-compatible reimplementation,muat_compatible_qkv_attention,0.0,13.321282930830005,-0.61328125,2,,,,,
TCGA-D8-A27F,tcga_mc3_wes,HRD_Score,MuAt-compatible reimplementation,muat_compatible_qkv_attention,77.0,43.20463964294632,0.8564453125,1,,,,,
TCGA-D8-A27H,tcga_mc3_wes,HRD_Score,MuAt-compatible reimplementation,muat_compatible_qkv_attention,75.0,34.818250936322336,0.465576171875,2,,,,,
TCGA-D8-A27K,tcga_mc3_wes,HRD_Score,MuAt-compatible reimplementation,muat_compatible_qkv_attention,4.0,22.16185700140951,-0.1881103515625,1,,,,,
TCGA-D8-A27L,tcga_mc3_wes,HRD_Score,MuAt-compatible reimplementation,muat_compatible_qkv_attention,9.0,18.728332444084728,-0.3642578125,4,,,,,
TCGA-D8-A27M,tcga_mc3_wes,HRD_Score,MuAt-compatible reimplementation,muat_compatible_qkv_attention,48.0,65.0253406848374,1.923828125,4,,,,,
TCGA-D8-A27N,tcga_mc3_wes,HRD_Score,MuAt-compatible reimplementation,muat_compatible_qkv_attention,22.0,26.914127359568894,0.04779052734375,1,,,,,
TCGA-D8-A27P,tcga_mc3_wes,HRD_Score,MuAt-compatible reimplementation,muat_compatible_qkv_attention,4.0,21.414281224498534,-0.2252197265625,1,,,,,
TCGA-D8-A27R,tcga_mc3_wes,HRD_Score,MuAt-compatible reimplementation,muat_compatible_qkv_attention,37.0,16.989242622194844,-0.42919921875,2,,,,,
TCGA-D8-A27T,tcga_mc3_wes,HRD_Score,MuAt-compatible reimplementation,muat_compatible_qkv_attention,10.0,11.171099663478204,-0.72119140625,2,,,,,
TCGA-D8-A27V,tcga_mc3_wes,HRD_Score,MuAt-compatible reimplementation,muat_compatible_qkv_attention,18.0,51.16840017064226,1.2861328125,2,,,,,
TCGA-D8-A27W,tcga_mc3_wes,HRD_Score,MuAt-compatible reimplementation,muat_compatible_qkv_attention,21.0,12.277541066202128,-0.70849609375,3,,,,,
TCGA-D8-A3Z6,tcga_mc3_wes,HRD_Score,MuAt-compatible reimplementation,muat_compatible_qkv_attention,11.0,17.39287354735852,-0.412109375,5,,,,,
TCGA-D8-A4Z1,tcga_mc3_wes,HRD_Score,MuAt-compatible reimplementation,muat_compatible_qkv_attention,6.0,16.05091685133133,-0.491455078125,1,,,,,
TCGA-D8-A73U,tcga_mc3_wes,HRD_Score,MuAt-compatible reimplementation,muat_compatible_qkv_attention,13.0,22.89022205599618,-0.1585693359375,4,,,,,
TCGA-D8-A73W,tcga_mc3_wes,HRD_Score,MuAt-compatible reimplementation,muat_compatible_qkv_attention,15.0,23.484093941054162,-0.102783203125,5,,,,,
TCGA-D8-A73X,tcga_mc3_wes,HRD_Score,MuAt-compatible reimplementation,muat_compatible_qkv_attention,4.0,21.705284512745255,-0.193115234375,5,,,,,
TCGA-E2-A10A,tcga_mc3_wes,HRD_Score,MuAt-compatible reimplementation,muat_compatible_qkv_attention,18.0,25.72083411698321,-0.011444091796875,1,,,,,
TCGA-E2-A10C,tcga_mc3_wes,HRD_Score,MuAt-compatible reimplementation,muat_compatible_qkv_attention,22.0,31.591905796508968,0.271484375,4,,,,,
TCGA-E2-A14O,tcga_mc3_wes,HRD_Score,MuAt-compatible reimplementation,muat_compatible_qkv_attention,10.0,12.719893103260523,-0.6494140625,5,,,,,
TCGA-E2-A14Q,tcga_mc3_wes,HRD_Score,MuAt-compatible reimplementation,muat_compatible_qkv_attention,18.0,13.205492579257422,-0.63720703125,4,,,,,
TCGA-E2-A14R,tcga_mc3_wes,HRD_Score,MuAt-compatible reimplementation,muat_compatible_qkv_attention,85.0,39.87317864674354,0.7294921875,5,,,,,
TCGA-E2-A14T,tcga_mc3_wes,HRD_Score,MuAt-compatible reimplementation,muat_compatible_qkv_attention,30.0,26.172392018415042,0.0109710693359375,1,,,,,
TCGA-E2-A14X,tcga_mc3_wes,HRD_Score,MuAt-compatible reimplementation,muat_compatible_qkv_attention,12.0,18.072322406005078,-0.39111328125,1,,,,,
TCGA-E2-A14Y,tcga_mc3_wes,HRD_Score,MuAt-compatible reimplementation,muat_compatible_qkv_attention,19.0,40.01942351510949,0.68798828125,4,,,,,
TCGA-E2-A14Z,tcga_mc3_wes,HRD_Score,MuAt-compatible reimplementation,muat_compatible_qkv_attention,44.0,19.883720097476115,-0.283935546875,2,,,,,
TCGA-E2-A150,tcga_mc3_wes,HRD_Score,MuAt-compatible reimplementation,muat_compatible_qkv_attention,49.0,27.88183968306923,0.12054443359375,5,,,,,
TCGA-E2-A152,tcga_mc3_wes,HRD_Score,MuAt-compatible reimplementation,muat_compatible_qkv_attention,18.0,26.03160469727934,-0.0269775390625,3,,,,,
TCGA-E2-A153,tcga_mc3_wes,HRD_Score,MuAt-compatible reimplementation,muat_compatible_qkv_attention,8.0,0.8170531543677733,-1.2763671875,3,,,,,
TCGA-E2-A154,tcga_mc3_wes,HRD_Score,MuAt-compatible reimplementation,muat_compatible_qkv_attention,8.0,23.69562803523144,-0.092041015625,5,,,,,
TCGA-E2-A155,tcga_mc3_wes,HRD_Score,MuAt-compatible reimplementation,muat_compatible_qkv_attention,26.0,23.183727649540625,-0.1680908203125,3,,,,,
TCGA-E2-A156,tcga_mc3_wes,HRD_Score,MuAt-compatible reimplementation,muat_compatible_qkv_attention,6.0,15.831451632082334,-0.4873046875,2,,,,,
TCGA-E2-A158,tcga_mc3_wes,HRD_Score,MuAt-compatible reimplementation,muat_compatible_qkv_attention,76.0,68.62160850379472,2.1015625,4,,,,,
TCGA-E2-A159,tcga_mc3_wes,HRD_Score,MuAt-compatible reimplementation,muat_compatible_qkv_attention,26.0,35.59442083270319,0.51220703125,5,,,,,
TCGA-E2-A15A,tcga_mc3_wes,HRD_Score,MuAt-compatible reimplementation,muat_compatible_qkv_attention,58.0,33.988684754175694,0.4306640625,5,,,,,
TCGA-E2-A15C,tcga_mc3_wes,HRD_Score,MuAt-compatible reimplementation,muat_compatible_qkv_attention,5.0,23.38674018180212,-0.10772705078125,5,,,,,
TCGA-E2-A15D,tcga_mc3_wes,HRD_Score,MuAt-compatible reimplementation,muat_compatible_qkv_attention,6.0,13.282365586624543,-0.615234375,2,,,,,
TCGA-E2-A15E,tcga_mc3_wes,HRD_Score,MuAt-compatible reimplementation,muat_compatible_qkv_attention,33.0,21.18015412632058,-0.2188720703125,2,,,,,
TCGA-E2-A15G,tcga_mc3_wes,HRD_Score,MuAt-compatible reimplementation,muat_compatible_qkv_attention,5.0,19.81603913374579,-0.3349609375,3,,,,,
TCGA-E2-A15H,tcga_mc3_wes,HRD_Score,MuAt-compatible reimplementation,muat_compatible_qkv_attention,15.0,18.722217845513967,-0.38916015625,3,,,,,
TCGA-E2-A15I,tcga_mc3_wes,HRD_Score,MuAt-compatible reimplementation,muat_compatible_qkv_attention,7.0,28.128937997049228,0.10809326171875,1,,,,,
TCGA-E2-A15J,tcga_mc3_wes,HRD_Score,MuAt-compatible reimplementation,muat_compatible_qkv_attention,6.0,19.791403519145973,-0.336181640625,3,,,,,
TCGA-E2-A15K,tcga_mc3_wes,HRD_Score,MuAt-compatible reimplementation,muat_compatible_qkv_attention,11.0,36.58123340247997,0.51806640625,4,,,,,
TCGA-E2-A15M,tcga_mc3_wes,HRD_Score,MuAt-compatible reimplementation,muat_compatible_qkv_attention,39.0,33.284505813805325,0.364013671875,1,,,,,
TCGA-E2-A15O,tcga_mc3_wes,HRD_Score,MuAt-compatible reimplementation,muat_compatible_qkv_attention,21.0,13.203840175155205,-0.66259765625,3,,,,,
TCGA-E2-A15P,tcga_mc3_wes,HRD_Score,MuAt-compatible reimplementation,muat_compatible_qkv_attention,17.0,34.78674520038996,0.47119140625,5,,,,,
TCGA-E2-A15R,tcga_mc3_wes,HRD_Score,MuAt-compatible reimplementation,muat_compatible_qkv_attention,27.0,20.659328055052256,-0.2626953125,1,,,,,
TCGA-E2-A15T,tcga_mc3_wes,HRD_Score,MuAt-compatible reimplementation,muat_compatible_qkv_attention,19.0,30.89290593884075,0.2369384765625,4,,,,,
TCGA-E2-A1AZ,tcga_mc3_wes,HRD_Score,MuAt-compatible reimplementation,muat_compatible_qkv_attention,42.0,27.834965650836764,0.1181640625,5,,,,,
TCGA-E2-A1B0,tcga_mc3_wes,HRD_Score,MuAt-compatible reimplementation,muat_compatible_qkv_attention,35.0,23.20765734070886,-0.1168212890625,5,,,,,
TCGA-E2-A1B4,tcga_mc3_wes,HRD_Score,MuAt-compatible reimplementation,muat_compatible_qkv_attention,3.0,16.189676664652893,-0.5146484375,3,,,,,
TCGA-E2-A1B5,tcga_mc3_wes,HRD_Score,MuAt-compatible reimplementation,muat_compatible_qkv_attention,18.0,14.031524462579695,-0.57763671875,2,,,,,
TCGA-E2-A1BC,tcga_mc3_wes,HRD_Score,MuAt-compatible reimplementation,muat_compatible_qkv_attention,11.0,35.374767032141925,0.4677734375,1,,,,,
TCGA-E2-A1BD,tcga_mc3_wes,HRD_Score,MuAt-compatible reimplementation,muat_compatible_qkv_attention,7.0,22.373539946623467,-0.1591796875,5,,,,,
TCGA-E2-A1IE,tcga_mc3_wes,HRD_Score,MuAt-compatible reimplementation,muat_compatible_qkv_attention,32.0,26.33259282287316,0.0418701171875,5,,,,,
TCGA-E2-A1IF,tcga_mc3_wes,HRD_Score,MuAt-compatible reimplementation,muat_compatible_qkv_attention,6.0,17.076558790246263,-0.470703125,3,,,,,
TCGA-E2-A1IG,tcga_mc3_wes,HRD_Score,MuAt-compatible reimplementation,muat_compatible_qkv_attention,12.0,15.559030222644097,-0.5009765625,2,,,,,
TCGA-E2-A1IH,tcga_mc3_wes,HRD_Score,MuAt-compatible reimplementation,muat_compatible_qkv_attention,28.0,29.49839284595807,0.20263671875,5,,,,,
TCGA-E2-A1IJ,tcga_mc3_wes,HRD_Score,MuAt-compatible reimplementation,muat_compatible_qkv_attention,7.0,21.31591599069446,-0.2301025390625,1,,,,,
TCGA-E2-A1IK,tcga_mc3_wes,HRD_Score,MuAt-compatible reimplementation,muat_compatible_qkv_attention,0.0,21.31591599069446,-0.2301025390625,1,,,,,
TCGA-E2-A1IL,tcga_mc3_wes,HRD_Score,MuAt-compatible reimplementation,muat_compatible_qkv_attention,13.0,21.681246547497835,-0.1943359375,5,,,,,
TCGA-E2-A1IO,tcga_mc3_wes,HRD_Score,MuAt-compatible reimplementation,muat_compatible_qkv_attention,30.0,-10.5744550365871,-1.8408203125,3,,,,,
TCGA-E2-A1IU,tcga_mc3_wes,HRD_Score,MuAt-compatible reimplementation,muat_compatible_qkv_attention,5.0,15.993863969958811,-0.483154296875,5,,,,,
TCGA-E2-A1L6,tcga_mc3_wes,HRD_Score,MuAt-compatible reimplementation,muat_compatible_qkv_attention,9.0,15.214106326500183,-0.56298828125,3,,,,,
TCGA-E2-A1L8,tcga_mc3_wes,HRD_Score,MuAt-compatible reimplementation,muat_compatible_qkv_attention,14.0,19.08400728332226,-0.3466796875,4,,,,,
TCGA-E2-A1L9,tcga_mc3_wes,HRD_Score,MuAt-compatible reimplementation,muat_compatible_qkv_attention,6.0,25.432959262503815,-0.056640625,3,,,,,
TCGA-E2-A1LA,tcga_mc3_wes,HRD_Score,MuAt-compatible reimplementation,muat_compatible_qkv_attention,58.0,53.79347878981187,1.3486328125,3,,,,,
TCGA-E2-A1LG,tcga_mc3_wes,HRD_Score,MuAt-compatible reimplementation,muat_compatible_qkv_attention,15.0,29.246552402555317,0.13232421875,3,,,,,
TCGA-E2-A1LH,tcga_mc3_wes,HRD_Score,MuAt-compatible reimplementation,muat_compatible_qkv_attention,74.0,42.988498942808874,0.8876953125,5,,,,,
TCGA-E2-A1LK,tcga_mc3_wes,HRD_Score,MuAt-compatible reimplementation,muat_compatible_qkv_attention,24.0,22.990584096208842,-0.14697265625,1,,,,,
TCGA-E2-A1LL,tcga_mc3_wes,HRD_Score,MuAt-compatible reimplementation,muat_compatible_qkv_attention,52.0,36.9191012028659,0.54443359375,1,,,,,
TCGA-E2-A56Z,tcga_mc3_wes,HRD_Score,MuAt-compatible reimplementation,muat_compatible_qkv_attention,31.0,23.963651347740146,-0.07843017578125,5,,,,,
TCGA-E2-A570,tcga_mc3_wes,HRD_Score,MuAt-compatible reimplementation,muat_compatible_qkv_attention,5.0,43.18045602021119,0.82275390625,3,,,,,
TCGA-E2-A573,tcga_mc3_wes,HRD_Score,MuAt-compatible reimplementation,muat_compatible_qkv_attention,43.0,23.86180237547823,-0.08428955078125,2,,,,,
TCGA-E2-A576,tcga_mc3_wes,HRD_Score,MuAt-compatible reimplementation,muat_compatible_qkv_attention,23.0,28.155988436345346,0.10943603515625,1,,,,,
TCGA-E2-A9RU,tcga_mc3_wes,HRD_Score,MuAt-compatible reimplementation,muat_compatible_qkv_attention,54.0,29.290896508834987,0.134521484375,3,,,,,
TCGA-E9-A1N3,tcga_mc3_wes,HRD_Score,MuAt-compatible reimplementation,muat_compatible_qkv_attention,4.0,20.06857748245206,-0.274658203125,2,,,,,
TCGA-E9-A1N5,tcga_mc3_wes,HRD_Score,MuAt-compatible reimplementation,muat_compatible_qkv_attention,14.0,25.503623403181084,-0.00022685527801513672,5,,,,,
TCGA-E9-A1N8,tcga_mc3_wes,HRD_Score,MuAt-compatible reimplementation,muat_compatible_qkv_attention,28.0,44.22824244608701,0.89599609375,4,,,,,
TCGA-E9-A1N9,tcga_mc3_wes,HRD_Score,MuAt-compatible reimplementation,muat_compatible_qkv_attention,50.0,55.185003465932226,1.4375,4,,,,,
TCGA-E9-A1NA,tcga_mc3_wes,HRD_Score,MuAt-compatible reimplementation,muat_compatible_qkv_attention,42.0,26.32332439647373,0.03924560546875,2,,,,,
TCGA-E9-A1NC,tcga_mc3_wes,HRD_Score,MuAt-compatible reimplementation,muat_compatible_qkv_attention,75.0,25.2933829629112,-0.01244354248046875,2,,,,,
TCGA-E9-A1ND,tcga_mc3_wes,HRD_Score,MuAt-compatible reimplementation,muat_compatible_qkv_attention,42.0,41.268732327265475,0.72802734375,3,,,,,
TCGA-E9-A1NE,tcga_mc3_wes,HRD_Score,MuAt-compatible reimplementation,muat_compatible_qkv_attention,6.0,54.02998068997011,1.3603515625,3,,,,,
TCGA-E9-A1NG,tcga_mc3_wes,HRD_Score,MuAt-compatible reimplementation,muat_compatible_qkv_attention,14.0,1.6645182966014396,-1.234375,3,,,,,
TCGA-E9-A1NH,tcga_mc3_wes,HRD_Score,MuAt-compatible reimplementation,muat_compatible_qkv_attention,13.0,17.95244689128004,-0.380859375,2,,,,,
TCGA-E9-A1NI,tcga_mc3_wes,HRD_Score,MuAt-compatible reimplementation,muat_compatible_qkv_attention,23.0,27.25324689184926,0.088623046875,5,,,,,
TCGA-E9-A1R0,tcga_mc3_wes,HRD_Score,MuAt-compatible reimplementation,muat_compatible_qkv_attention,7.0,10.606798172498998,-0.74951171875,2,,,,,
TCGA-E9-A1R3,tcga_mc3_wes,HRD_Score,MuAt-compatible reimplementation,muat_compatible_qkv_attention,9.0,21.40392885550199,-0.2076416015625,2,,,,,
TCGA-E9-A1R5,tcga_mc3_wes,HRD_Score,MuAt-compatible reimplementation,muat_compatible_qkv_attention,13.0,16.201166402034225,-0.46875,2,,,,,
TCGA-E9-A1R6,tcga_mc3_wes,HRD_Score,MuAt-compatible reimplementation,muat_compatible_qkv_attention,13.0,9.322708917580979,-0.8291015625,4,,,,,
TCGA-E9-A1R7,tcga_mc3_wes,HRD_Score,MuAt-compatible reimplementation,muat_compatible_qkv_attention,37.0,23.82425362913584,-0.1363525390625,3,,,,,
TCGA-E9-A1RA,tcga_mc3_wes,HRD_Score,MuAt-compatible reimplementation,muat_compatible_qkv_attention,4.0,2.8020035315594747,-1.1513671875,4,,,,,
TCGA-E9-A1RB,tcga_mc3_wes,HRD_Score,MuAt-compatible reimplementation,muat_compatible_qkv_attention,30.0,30.16140964052593,0.208984375,1,,,,,
TCGA-E9-A1RC,tcga_mc3_wes,HRD_Score,MuAt-compatible reimplementation,muat_compatible_qkv_attention,16.0,28.318291072122072,0.11749267578125,1,,,,,
TCGA-E9-A1RD,tcga_mc3_wes,HRD_Score,MuAt-compatible reimplementation,muat_compatible_qkv_attention,3.0,19.46975374473541,-0.306640625,5,,,,,
TCGA-E9-A1RE,tcga_mc3_wes,HRD_Score,MuAt-compatible reimplementation,muat_compatible_qkv_attention,42.0,19.28390985838977,-0.361328125,3,,,,,
TCGA-E9-A1RF,tcga_mc3_wes,HRD_Score,MuAt-compatible reimplementation,muat_compatible_qkv_attention,49.0,41.217661920104,0.7578125,1,,,,,
TCGA-E9-A1RG,tcga_mc3_wes,HRD_Score,MuAt-compatible reimplementation,muat_compatible_qkv_attention,47.0,31.263100259131576,0.263671875,1,,,,,
TCGA-E9-A1RH,tcga_mc3_wes,HRD_Score,MuAt-compatible reimplementation,muat_compatible_qkv_attention,39.0,25.556293566307037,0.0007510185241699219,2,,,,,
TCGA-E9-A226,tcga_mc3_wes,HRD_Score,MuAt-compatible reimplementation,muat_compatible_qkv_attention,22.0,23.83264443714172,-0.0850830078125,5,,,,,
TCGA-E9-A227,tcga_mc3_wes,HRD_Score,MuAt-compatible reimplementation,muat_compatible_qkv_attention,3.0,29.479162473760134,0.20166015625,5,,,,,
TCGA-E9-A228,tcga_mc3_wes,HRD_Score,MuAt-compatible reimplementation,muat_compatible_qkv_attention,26.0,13.973148446271502,-0.58056640625,2,,,,,
TCGA-E9-A229,tcga_mc3_wes,HRD_Score,MuAt-compatible reimplementation,muat_compatible_qkv_attention,23.0,12.153762604666131,-0.671875,2,,,,,
TCGA-E9-A22A,tcga_mc3_wes,HRD_Score,MuAt-compatible reimplementation,muat_compatible_qkv_attention,26.0,34.827558847906005,0.431396484375,4,,,,,
TCGA-E9-A22B,tcga_mc3_wes,HRD_Score,MuAt-compatible reimplementation,muat_compatible_qkv_attention,22.0,29.85505208317077,0.1624755859375,3,,,,,
TCGA-E9-A22D,tcga_mc3_wes,HRD_Score,MuAt-compatible reimplementation,muat_compatible_qkv_attention,35.0,9.78441686870076,-0.83203125,3,,,,,
TCGA-E9-A22E,tcga_mc3_wes,HRD_Score,MuAt-compatible reimplementation,muat_compatible_qkv_attention,67.0,33.884234675391234,0.418701171875,2,,,,,
TCGA-E9-A22G,tcga_mc3_wes,HRD_Score,MuAt-compatible reimplementation,muat_compatible_qkv_attention,79.0,46.5687306390457,1.0234375,1,,,,,
TCGA-E9-A22H,tcga_mc3_wes,HRD_Score,MuAt-compatible reimplementation,muat_compatible_qkv_attention,9.0,19.44943567926213,-0.32275390625,1,,,,,
TCGA-E9-A243,tcga_mc3_wes,HRD_Score,MuAt-compatible reimplementation,muat_compatible_qkv_attention,42.0,48.84664737816884,1.103515625,3,,,,,
TCGA-E9-A244,tcga_mc3_wes,HRD_Score,MuAt-compatible reimplementation,muat_compatible_qkv_attention,77.0,54.77004948682177,1.4169921875,4,,,,,
TCGA-E9-A245,tcga_mc3_wes,HRD_Score,MuAt-compatible reimplementation,muat_compatible_qkv_attention,2.0,31.73516371786853,0.278564453125,4,,,,,
TCGA-E9-A247,tcga_mc3_wes,HRD_Score,MuAt-compatible reimplementation,muat_compatible_qkv_attention,44.0,32.79230837893565,0.330810546875,4,,,,,
TCGA-E9-A248,tcga_mc3_wes,HRD_Score,MuAt-compatible reimplementation,muat_compatible_qkv_attention,14.0,12.652220607110142,-0.66455078125,4,,,,,
TCGA-E9-A24A,tcga_mc3_wes,HRD_Score,MuAt-compatible reimplementation,muat_compatible_qkv_attention,6.0,22.299022254356473,-0.1629638671875,5,,,,,
TCGA-E9-A295,tcga_mc3_wes,HRD_Score,MuAt-compatible reimplementation,muat_compatible_qkv_attention,21.0,20.66936398362389,-0.2445068359375,2,,,,,
TCGA-E9-A2JS,tcga_mc3_wes,HRD_Score,MuAt-compatible reimplementation,muat_compatible_qkv_attention,61.0,15.675456740629203,-0.51513671875,4,,,,,
TCGA-E9-A2JT,tcga_mc3_wes,HRD_Score,MuAt-compatible reimplementation,muat_compatible_qkv_attention,0.0,15.344984829514052,-0.51171875,2,,,,,
TCGA-E9-A3X8,tcga_mc3_wes,HRD_Score,MuAt-compatible reimplementation,muat_compatible_qkv_attention,5.0,32.301368612932485,0.28369140625,3,,,,,
TCGA-E9-A5FL,tcga_mc3_wes,HRD_Score,MuAt-compatible reimplementation,muat_compatible_qkv_attention,65.0,36.68093686188647,0.5673828125,5,,,,,
TCGA-E9-A5UO,tcga_mc3_wes,HRD_Score,MuAt-compatible reimplementation,muat_compatible_qkv_attention,20.0,53.18927242354383,1.3388671875,4,,,,,
TCGA-E9-A6HE,tcga_mc3_wes,HRD_Score,MuAt-compatible reimplementation,muat_compatible_qkv_attention,12.0,16.31597270427421,-0.466796875,5,,,,,
TCGA-EW-A1IW,tcga_mc3_wes,HRD_Score,MuAt-compatible reimplementation,muat_compatible_qkv_attention,20.0,29.398577621210826,0.1630859375,4,,,,,
TCGA-EW-A1IY,tcga_mc3_wes,HRD_Score,MuAt-compatible reimplementation,muat_compatible_qkv_attention,1.0,15.122184768481924,-0.54248046875,4,,,,,
TCGA-EW-A1IZ,tcga_mc3_wes,HRD_Score,MuAt-compatible reimplementation,muat_compatible_qkv_attention,6.0,25.270650016518236,-0.040924072265625,4,,,,,
TCGA-EW-A1J1,tcga_mc3_wes,HRD_Score,MuAt-compatible reimplementation,muat_compatible_qkv_attention,19.0,20.319967998428197,-0.279541015625,1,,,,,
TCGA-EW-A1J3,tcga_mc3_wes,HRD_Score,MuAt-compatible reimplementation,muat_compatible_qkv_attention,13.0,25.575115650992345,0.0016956329345703125,2,,,,,
TCGA-EW-A1J6,tcga_mc3_wes,HRD_Score,MuAt-compatible reimplementation,muat_compatible_qkv_attention,37.0,37.159511812016184,0.5244140625,3,,,,,
TCGA-EW-A1OV,tcga_mc3_wes,HRD_Score,MuAt-compatible reimplementation,muat_compatible_qkv_attention,36.0,23.634876377625535,-0.114990234375,1,,,,,
TCGA-EW-A1OX,tcga_mc3_wes,HRD_Score,MuAt-compatible reimplementation,muat_compatible_qkv_attention,10.0,26.857567350131553,0.04498291015625,1,,,,,
TCGA-EW-A1OY,tcga_mc3_wes,HRD_Score,MuAt-compatible reimplementation,muat_compatible_qkv_attention,40.0,35.40052892958933,0.437255859375,3,,,,,
TCGA-EW-A1OZ,tcga_mc3_wes,HRD_Score,MuAt-compatible reimplementation,muat_compatible_qkv_attention,51.0,26.42361891459891,-0.0075531005859375,3,,,,,
TCGA-EW-A1P0,tcga_mc3_wes,HRD_Score,MuAt-compatible reimplementation,muat_compatible_qkv_attention,21.0,21.357714509258003,-0.2099609375,2,,,,,
TCGA-EW-A1P1,tcga_mc3_wes,HRD_Score,MuAt-compatible reimplementation,muat_compatible_qkv_attention,0.0,33.57468325352735,0.37841796875,1,,,,,
TCGA-EW-A1P3,tcga_mc3_wes,HRD_Score,MuAt-compatible reimplementation,muat_compatible_qkv_attention,9.0,11.190558335580935,-0.72021484375,2,,,,,
TCGA-EW-A1P4,tcga_mc3_wes,HRD_Score,MuAt-compatible reimplementation,muat_compatible_qkv_attention,67.0,39.43725118825024,0.66943359375,1,,,,,
TCGA-EW-A1P5,tcga_mc3_wes,HRD_Score,MuAt-compatible reimplementation,muat_compatible_qkv_attention,16.0,20.039627082086582,-0.29345703125,1,,,,,
TCGA-EW-A1P6,tcga_mc3_wes,HRD_Score,MuAt-compatible reimplementation,muat_compatible_qkv_attention,5.0,2.2684912727031694,-1.177734375,4,,,,,
TCGA-EW-A1P7,tcga_mc3_wes,HRD_Score,MuAt-compatible reimplementation,muat_compatible_qkv_attention,14.0,44.680118150007445,0.9296875,1,,,,,
TCGA-EW-A1P8,tcga_mc3_wes,HRD_Score,MuAt-compatible reimplementation,muat_compatible_qkv_attention,39.0,18.273514980975104,-0.36474609375,2,,,,,
TCGA-EW-A1PA,tcga_mc3_wes,HRD_Score,MuAt-compatible reimplementation,muat_compatible_qkv_attention,26.0,53.143098564376736,1.31640625,3,,,,,
TCGA-EW-A1PB,tcga_mc3_wes,HRD_Score,MuAt-compatible reimplementation,muat_compatible_qkv_attention,72.0,46.72798452258468,0.99853515625,3,,,,,
TCGA-EW-A1PE,tcga_mc3_wes,HRD_Score,MuAt-compatible reimplementation,muat_compatible_qkv_attention,6.0,20.160937738143215,-0.31787109375,3,,,,,
TCGA-EW-A1PG,tcga_mc3_wes,HRD_Score,MuAt-compatible reimplementation,muat_compatible_qkv_attention,0.0,9.263429777708058,-0.83203125,4,,,,,
TCGA-EW-A1PH,tcga_mc3_wes,HRD_Score,MuAt-compatible reimplementation,muat_compatible_qkv_attention,38.0,29.27857870153508,0.1339111328125,3,,,,,
TCGA-EW-A2FS,tcga_mc3_wes,HRD_Score,MuAt-compatible reimplementation,muat_compatible_qkv_attention,23.0,32.7287422428123,0.33642578125,1,,,,,
TCGA-EW-A2FV,tcga_mc3_wes,HRD_Score,MuAt-compatible reimplementation,muat_compatible_qkv_attention,16.0,57.63520791401304,1.55859375,4,,,,,
TCGA-EW-A6SB,tcga_mc3_wes,HRD_Score,MuAt-compatible reimplementation,muat_compatible_qkv_attention,32.0,23.67694499050228,-0.09356689453125,2,,,,,
TCGA-EW-A6SC,tcga_mc3_wes,HRD_Score,MuAt-compatible reimplementation,muat_compatible_qkv_attention,17.0,29.25560939695915,0.1903076171875,5,,,,,
TCGA-EW-A6SD,tcga_mc3_wes,HRD_Score,MuAt-compatible reimplementation,muat_compatible_qkv_attention,45.0,33.36040013605116,0.35888671875,4,,,,,
TCGA-GM-A2DA,tcga_mc3_wes,HRD_Score,MuAt-compatible reimplementation,muat_compatible_qkv_attention,13.0,24.300071271225594,-0.08197021484375,1,,,,,
TCGA-GM-A2DB,tcga_mc3_wes,HRD_Score,MuAt-compatible reimplementation,muat_compatible_qkv_attention,32.0,36.39248127891746,0.552734375,5,,,,,
TCGA-GM-A2DC,tcga_mc3_wes,HRD_Score,MuAt-compatible reimplementation,muat_compatible_qkv_attention,21.0,13.08777886559723,-0.625,2,,,,,
TCGA-GM-A2DD,tcga_mc3_wes,HRD_Score,MuAt-compatible reimplementation,muat_compatible_qkv_attention,32.0,31.96149341914051,0.29833984375,1,,,,,
TCGA-GM-A2DF,tcga_mc3_wes,HRD_Score,MuAt-compatible reimplementation,muat_compatible_qkv_attention,48.0,17.470844756737442,-0.405029296875,2,,,,,
TCGA-GM-A2DH,tcga_mc3_wes,HRD_Score,MuAt-compatible reimplementation,muat_compatible_qkv_attention,42.0,31.067591888520887,0.27734375,2,,,,,
TCGA-GM-A2DK,tcga_mc3_wes,HRD_Score,MuAt-compatible reimplementation,muat_compatible_qkv_attention,18.0,14.303945872017932,-0.56396484375,2,,,,,
TCGA-GM-A2DL,tcga_mc3_wes,HRD_Score,MuAt-compatible reimplementation,muat_compatible_qkv_attention,18.0,24.113177326997853,-0.09124755859375,1,,,,,
TCGA-GM-A2DM,tcga_mc3_wes,HRD_Score,MuAt-compatible reimplementation,muat_compatible_qkv_attention,3.0,17.217882019401934,-0.417724609375,2,,,,,
TCGA-GM-A2DN,tcga_mc3_wes,HRD_Score,MuAt-compatible reimplementation,muat_compatible_qkv_attention,4.0,31.729116020918433,0.31591796875,5,,,,,
TCGA-GM-A3NW,tcga_mc3_wes,HRD_Score,MuAt-compatible reimplementation,muat_compatible_qkv_attention,14.0,20.027905419304208,-0.324462890625,3,,,,,
TCGA-GM-A5PX,tcga_mc3_wes,HRD_Score,MuAt-compatible reimplementation,muat_compatible_qkv_attention,12.0,18.57512439856744,-0.349609375,2,,,,,
TCGA-HN-A2NL,tcga_mc3_wes,HRD_Score,MuAt-compatible reimplementation,muat_compatible_qkv_attention,68.0,36.58303843038049,0.495849609375,3,,,,,
TCGA-HN-A2OB,tcga_mc3_wes,HRD_Score,MuAt-compatible reimplementation,muat_compatible_qkv_attention,7.0,22.770166373205857,-0.1390380859375,5,,,,,
TCGA-LD-A66U,tcga_mc3_wes,HRD_Score,MuAt-compatible reimplementation,muat_compatible_qkv_attention,12.0,14.983866775445104,-0.54931640625,4,,,,,
TCGA-LD-A74U,tcga_mc3_wes,HRD_Score,MuAt-compatible reimplementation,muat_compatible_qkv_attention,7.0,28.426492829306554,0.12286376953125,1,,,,,
TCGA-LD-A7W5,tcga_mc3_wes,HRD_Score,MuAt-compatible reimplementation,muat_compatible_qkv_attention,41.0,16.741144552885018,-0.441650390625,2,,,,,
TCGA-LD-A7W6,tcga_mc3_wes,HRD_Score,MuAt-compatible reimplementation,muat_compatible_qkv_attention,14.0,26.785637772912324,0.041412353515625,1,,,,,
TCGA-LL-A50Y,tcga_mc3_wes,HRD_Score,MuAt-compatible reimplementation,muat_compatible_qkv_attention,9.0,30.767597411021722,0.26708984375,5,,,,,
TCGA-LL-A5YL,tcga_mc3_wes,HRD_Score,MuAt-compatible reimplementation,muat_compatible_qkv_attention,27.0,12.987046766676825,-0.67333984375,3,,,,,
TCGA-LL-A5YM,tcga_mc3_wes,HRD_Score,MuAt-compatible reimplementation,muat_compatible_qkv_attention,28.0,26.95763553873516,0.042449951171875,4,,,,,
TCGA-LL-A5YN,tcga_mc3_wes,HRD_Score,MuAt-compatible reimplementation,muat_compatible_qkv_attention,34.0,29.44791311893849,0.2000732421875,5,,,,,
TCGA-LL-A5YP,tcga_mc3_wes,HRD_Score,MuAt-compatible reimplementation,muat_compatible_qkv_attention,79.0,36.79631909507408,0.5732421875,5,,,,,
TCGA-LL-A6FQ,tcga_mc3_wes,HRD_Score,MuAt-compatible reimplementation,muat_compatible_qkv_attention,8.0,14.213237957097109,-0.58740234375,4,,,,,
TCGA-LL-A6FR,tcga_mc3_wes,HRD_Score,MuAt-compatible reimplementation,muat_compatible_qkv_attention,50.0,22.68333654625657,-0.1434326171875,2,,,,,
TCGA-LL-A73Y,tcga_mc3_wes,HRD_Score,MuAt-compatible reimplementation,muat_compatible_qkv_attention,29.0,33.594462124118046,0.41064453125,5,,,,,
TCGA-LL-A73Z,tcga_mc3_wes,HRD_Score,MuAt-compatible reimplementation,muat_compatible_qkv_attention,32.0,48.03198725459955,1.083984375,4,,,,,
TCGA-LL-A7SZ,tcga_mc3_wes,HRD_Score,MuAt-compatible reimplementation,muat_compatible_qkv_attention,53.0,22.666310208166678,-0.144287109375,2,,,,,
TCGA-LL-A7T0,tcga_mc3_wes,HRD_Score,MuAt-compatible reimplementation,muat_compatible_qkv_attention,34.0,24.43521687121127,-0.1060791015625,3,,,,,
TCGA-LL-A8F5,tcga_mc3_wes,HRD_Score,MuAt-compatible reimplementation,muat_compatible_qkv_attention,85.0,49.12622671795165,1.150390625,1,,,,,
TCGA-LL-A9Q3,tcga_mc3_wes,HRD_Score,MuAt-compatible reimplementation,muat_compatible_qkv_attention,14.0,13.943960438117404,-0.58203125,2,,,,,
TCGA-OK-A5Q2,tcga_mc3_wes,HRD_Score,MuAt-compatible reimplementation,muat_compatible_qkv_attention,11.0,11.656723578286766,-0.7392578125,3,,,,,
TCGA-OL-A5D6,tcga_mc3_wes,HRD_Score,MuAt-compatible reimplementation,muat_compatible_qkv_attention,19.0,25.169988807680387,-0.038787841796875,1,,,,,
TCGA-OL-A5D7,tcga_mc3_wes,HRD_Score,MuAt-compatible reimplementation,muat_compatible_qkv_attention,43.0,48.84213549952949,1.1240234375,4,,,,,
TCGA-OL-A5D8,tcga_mc3_wes,HRD_Score,MuAt-compatible reimplementation,muat_compatible_qkv_attention,20.0,14.885068208990234,-0.55419921875,4,,,,,
TCGA-OL-A5DA,tcga_mc3_wes,HRD_Score,MuAt-compatible reimplementation,muat_compatible_qkv_attention,18.0,25.149323983569023,-0.018218994140625,5,,,,,
TCGA-OL-A5RU,tcga_mc3_wes,HRD_Score,MuAt-compatible reimplementation,muat_compatible_qkv_attention,2.0,26.847730826751146,0.04449462890625,1,,,,,
TCGA-OL-A5RV,tcga_mc3_wes,HRD_Score,MuAt-compatible reimplementation,muat_compatible_qkv_attention,4.0,17.406676025883797,-0.454345703125,3,,,,,
TCGA-OL-A5RW,tcga_mc3_wes,HRD_Score,MuAt-compatible reimplementation,muat_compatible_qkv_attention,76.0,40.37316832388983,0.7548828125,5,,,,,
TCGA-OL-A5RX,tcga_mc3_wes,HRD_Score,MuAt-compatible reimplementation,muat_compatible_qkv_attention,6.0,18.974571660638606,-0.331787109375,5,,,,,
TCGA-OL-A5RY,tcga_mc3_wes,HRD_Score,MuAt-compatible reimplementation,muat_compatible_qkv_attention,2.0,22.707444708054666,-0.1676025390625,4,,,,,
TCGA-OL-A5RZ,tcga_mc3_wes,HRD_Score,MuAt-compatible reimplementation,muat_compatible_qkv_attention,26.0,44.392528258522134,0.8828125,3,,,,,
TCGA-OL-A5S0,tcga_mc3_wes,HRD_Score,MuAt-compatible reimplementation,muat_compatible_qkv_attention,53.0,15.169856780589472,-0.5205078125,2,,,,,
TCGA-OL-A66H,tcga_mc3_wes,HRD_Score,MuAt-compatible reimplementation,muat_compatible_qkv_attention,0.0,30.525361005601013,0.22705078125,1,,,,,
TCGA-OL-A66I,tcga_mc3_wes,HRD_Score,MuAt-compatible reimplementation,muat_compatible_qkv_attention,51.0,43.57462585380824,0.84228515625,3,,,,,
TCGA-OL-A66J,tcga_mc3_wes,HRD_Score,MuAt-compatible reimplementation,muat_compatible_qkv_attention,9.0,18.89132782023682,-0.333740234375,2,,,,,
TCGA-OL-A66K,tcga_mc3_wes,HRD_Score,MuAt-compatible reimplementation,muat_compatible_qkv_attention,8.0,13.700727036833264,-0.59423828125,2,,,,,
TCGA-OL-A66L,tcga_mc3_wes,HRD_Score,MuAt-compatible reimplementation,muat_compatible_qkv_attention,9.0,19.95343466812513,-0.3037109375,4,,,,,
TCGA-OL-A66N,tcga_mc3_wes,HRD_Score,MuAt-compatible reimplementation,muat_compatible_qkv_attention,6.0,13.26290691452181,-0.6162109375,2,,,,,
TCGA-OL-A66O,tcga_mc3_wes,HRD_Score,MuAt-compatible reimplementation,muat_compatible_qkv_attention,10.0,16.82870857734731,-0.437255859375,2,,,,,
TCGA-OL-A66P,tcga_mc3_wes,HRD_Score,MuAt-compatible reimplementation,muat_compatible_qkv_attention,28.0,36.39776546370431,0.5185546875,1,,,,,
TCGA-OL-A6VO,tcga_mc3_wes,HRD_Score,MuAt-compatible reimplementation,muat_compatible_qkv_attention,42.0,56.41010568997264,1.498046875,4,,,,,
TCGA-OL-A6VQ,tcga_mc3_wes,HRD_Score,MuAt-compatible reimplementation,muat_compatible_qkv_attention,6.0,30.155606581288524,0.1773681640625,3,,,,,
TCGA-OL-A6VR,tcga_mc3_wes,HRD_Score,MuAt-compatible reimplementation,muat_compatible_qkv_attention,13.0,20.42766778710851,-0.2802734375,4,,,,,
TCGA-OL-A97C,tcga_mc3_wes,HRD_Score,MuAt-compatible reimplementation,muat_compatible_qkv_attention,10.0,35.30198647119006,0.432373046875,3,,,,,
TCGA-PE-A5DD,tcga_mc3_wes,HRD_Score,MuAt-compatible reimplementation,muat_compatible_qkv_attention,21.0,25.724282064830696,0.01097869873046875,5,,,,,
TCGA-PE-A5DE,tcga_mc3_wes,HRD_Score,MuAt-compatible reimplementation,muat_compatible_qkv_attention,16.0,29.508008032057035,0.203125,5,,,,,
TCGA-PL-A8LV,tcga_mc3_wes,HRD_Score,MuAt-compatible reimplementation,muat_compatible_qkv_attention,55.0,42.99322534925258,0.8134765625,3,,,,,
TCGA-PL-A8LX,tcga_mc3_wes,HRD_Score,MuAt-compatible reimplementation,muat_compatible_qkv_attention,12.0,31.533604652092784,0.277099609375,1,,,,,
TCGA-PL-A8LY,tcga_mc3_wes,HRD_Score,MuAt-compatible reimplementation,muat_compatible_qkv_attention,0.0,20.90000617613769,-0.28125,3,,,,,
TCGA-PL-A8LZ,tcga_mc3_wes,HRD_Score,MuAt-compatible reimplementation,muat_compatible_qkv_attention,64.0,24.785481216854752,-0.037933349609375,2,,,,,
TCGA-S3-A6ZF,tcga_mc3_wes,HRD_Score,MuAt-compatible reimplementation,muat_compatible_qkv_attention,38.0,14.342863216223394,-0.56201171875,2,,,,,
TCGA-S3-A6ZG,tcga_mc3_wes,HRD_Score,MuAt-compatible reimplementation,muat_compatible_qkv_attention,20.0,16.772694043975143,-0.443603515625,5,,,,,
TCGA-S3-A6ZH,tcga_mc3_wes,HRD_Score,MuAt-compatible reimplementation,muat_compatible_qkv_attention,19.0,25.249423933735187,-0.06573486328125,3,,,,,
TCGA-S3-AA0Z,tcga_mc3_wes,HRD_Score,MuAt-compatible reimplementation,muat_compatible_qkv_attention,35.0,27.616209215845483,0.0826416015625,1,,,,,
TCGA-S3-AA10,tcga_mc3_wes,HRD_Score,MuAt-compatible reimplementation,muat_compatible_qkv_attention,64.0,77.27636292524144,2.529296875,4,,,,,
TCGA-S3-AA11,tcga_mc3_wes,HRD_Score,MuAt-compatible reimplementation,muat_compatible_qkv_attention,5.0,33.68099879900875,0.4150390625,5,,,,,
TCGA-S3-AA12,tcga_mc3_wes,HRD_Score,MuAt-compatible reimplementation,muat_compatible_qkv_attention,19.0,23.0458297981626,-0.15087890625,4,,,,,
TCGA-S3-AA14,tcga_mc3_wes,HRD_Score,MuAt-compatible reimplementation,muat_compatible_qkv_attention,21.0,16.803410889932504,-0.4541015625,1,,,,,
TCGA-S3-AA17,tcga_mc3_wes,HRD_Score,MuAt-compatible reimplementation,muat_compatible_qkv_attention,72.0,41.524942719103564,0.74072265625,3,,,,,
TCGA-UU-A93S,tcga_mc3_wes,HRD_Score,MuAt-compatible reimplementation,muat_compatible_qkv_attention,48.0,49.85178045384133,1.1533203125,3,,,,,
TCGA-V7-A7HQ,tcga_mc3_wes,HRD_Score,MuAt-compatible reimplementation,muat_compatible_qkv_attention,9.0,21.554733564298157,-0.2000732421875,2,,,,,
TCGA-W8-A86G,tcga_mc3_wes,HRD_Score,MuAt-compatible reimplementation,muat_compatible_qkv_attention,11.0,20.584670309260048,-0.296875,3,,,,,
TCGA-WT-AB41,tcga_mc3_wes,HRD_Score,MuAt-compatible reimplementation,muat_compatible_qkv_attention,28.0,22.58507404080074,-0.1484375,5,,,,,
TCGA-WT-AB44,tcga_mc3_wes,HRD_Score,MuAt-compatible reimplementation,muat_compatible_qkv_attention,11.0,24.437199263114273,-0.05438232421875,5,,,,,
TCGA-XX-A899,tcga_mc3_wes,HRD_Score,MuAt-compatible reimplementation,muat_compatible_qkv_attention,14.0,17.98240326735045,-0.401123046875,4,,,,,
TCGA-XX-A89A,tcga_mc3_wes,HRD_Score,MuAt-compatible reimplementation,muat_compatible_qkv_attention,12.0,30.82076817548355,0.2103271484375,3,,,,,
TCGA-Z7-A8R6,tcga_mc3_wes,HRD_Score,MuAt-compatible reimplementation,muat_compatible_qkv_attention,18.0,24.792512222957246,-0.057525634765625,1,,,,,
TCGA-3C-AALI,tcga_mc3_wes,hrd_binary_33,MuAt-compatible reimplementation,muat_compatible_qkv_attention,0.0,,,3,0.0,0.5595703125,0,0.4404296875,1
TCGA-3C-AALJ,tcga_mc3_wes,hrd_binary_33,MuAt-compatible reimplementation,muat_compatible_qkv_attention,0.0,,,4,0.0,0.57958984375,0,0.42041015625,1
TCGA-5L-AAT0,tcga_mc3_wes,hrd_binary_33,MuAt-compatible reimplementation,muat_compatible_qkv_attention,0.0,,,2,0.0,0.818359375,0,0.181640625,1
TCGA-5T-A9QA,tcga_mc3_wes,hrd_binary_33,MuAt-compatible reimplementation,muat_compatible_qkv_attention,0.0,,,1,0.0,0.77880859375,0,0.2213134765625,1
TCGA-A1-A0SB,tcga_mc3_wes,hrd_binary_33,MuAt-compatible reimplementation,muat_compatible_qkv_attention,0.0,,,1,0.0,0.83740234375,0,0.1627197265625,1
TCGA-A1-A0SD,tcga_mc3_wes,hrd_binary_33,MuAt-compatible reimplementation,muat_compatible_qkv_attention,0.0,,,5,0.0,0.69873046875,0,0.30126953125,1
TCGA-A1-A0SE,tcga_mc3_wes,hrd_binary_33,MuAt-compatible reimplementation,muat_compatible_qkv_attention,0.0,,,3,0.0,0.9306640625,0,0.069091796875,1
TCGA-A1-A0SF,tcga_mc3_wes,hrd_binary_33,MuAt-compatible reimplementation,muat_compatible_qkv_attention,0.0,,,2,0.0,0.943359375,0,0.05657958984375,1
TCGA-A1-A0SG,tcga_mc3_wes,hrd_binary_33,MuAt-compatible reimplementation,muat_compatible_qkv_attention,0.0,,,4,0.0,0.8623046875,0,0.1378173828125,1
TCGA-A1-A0SI,tcga_mc3_wes,hrd_binary_33,MuAt-compatible reimplementation,muat_compatible_qkv_attention,0.0,,,5,0.0,0.86083984375,0,0.1390380859375,1
TCGA-A1-A0SJ,tcga_mc3_wes,hrd_binary_33,MuAt-compatible reimplementation,muat_compatible_qkv_attention,0.0,,,3,0.0,0.9150390625,0,0.085205078125,1
TCGA-A1-A0SK,tcga_mc3_wes,hrd_binary_33,MuAt-compatible reimplementation,muat_compatible_qkv_attention,1.0,,,1,1.0,0.4990234375,0,0.5009765625,1
TCGA-A1-A0SO,tcga_mc3_wes,hrd_binary_33,MuAt-compatible reimplementation,muat_compatible_qkv_attention,1.0,,,5,1.0,0.2218017578125,0,0.7783203125,1
TCGA-A1-A0SQ,tcga_mc3_wes,hrd_binary_33,MuAt-compatible reimplementation,muat_compatible_qkv_attention,0.0,,,2,0.0,0.95703125,0,0.042816162109375,1
TCGA-A2-A04N,tcga_mc3_wes,hrd_binary_33,MuAt-compatible reimplementation,muat_compatible_qkv_attention,0.0,,,5,0.0,0.9794921875,0,0.0205230712890625,1
TCGA-A2-A04P,tcga_mc3_wes,hrd_binary_33,MuAt-compatible reimplementation,muat_compatible_qkv_attention,1.0,,,1,1.0,0.489990234375,0,0.51025390625,1
TCGA-A2-A04Q,tcga_mc3_wes,hrd_binary_33,MuAt-compatible reimplementation,muat_compatible_qkv_attention,0.0,,,4,0.0,0.5888671875,0,0.411376953125,1
TCGA-A2-A04R,tcga_mc3_wes,hrd_binary_33,MuAt-compatible reimplementation,muat_compatible_qkv_attention,1.0,,,4,1.0,0.499755859375,0,0.5,1
TCGA-A2-A04T,tcga_mc3_wes,hrd_binary_33,MuAt-compatible reimplementation,muat_compatible_qkv_attention,1.0,,,4,1.0,0.4775390625,0,0.5224609375,1
TCGA-A2-A04U,tcga_mc3_wes,hrd_binary_33,MuAt-compatible reimplementation,muat_compatible_qkv_attention,1.0,,,5,0.0,0.57080078125,0,0.42919921875,1
TCGA-A2-A04V,tcga_mc3_wes,hrd_binary_33,MuAt-compatible reimplementation,muat_compatible_qkv_attention,0.0,,,4,0.0,0.6640625,0,0.336181640625,1
TCGA-A2-A04W,tcga_mc3_wes,hrd_binary_33,MuAt-compatible reimplementation,muat_compatible_qkv_attention,0.0,,,1,0.0,0.8408203125,0,0.159423828125,1
TCGA-A2-A04Y,tcga_mc3_wes,hrd_binary_33,MuAt-compatible reimplementation,muat_compatible_qkv_attention,0.0,,,4,0.0,0.65087890625,0,0.349365234375,1
TCGA-A2-A0CM,tcga_mc3_wes,hrd_binary_33,MuAt-compatible reimplementation,muat_compatible_qkv_attention,1.0,,,4,0.0,0.67724609375,0,0.32275390625,1
TCGA-A2-A0CP,tcga_mc3_wes,hrd_binary_33,MuAt-compatible reimplementation,muat_compatible_qkv_attention,0.0,,,4,0.0,0.7490234375,0,0.250732421875,1
TCGA-A2-A0CR,tcga_mc3_wes,hrd_binary_33,MuAt-compatible reimplementation,muat_compatible_qkv_attention,0.0,,,4,0.0,0.81787109375,0,0.1822509765625,1
TCGA-A2-A0CS,tcga_mc3_wes,hrd_binary_33,MuAt-compatible reimplementation,muat_compatible_qkv_attention,0.0,,,3,0.0,0.62109375,0,0.379150390625,1
TCGA-A2-A0CT,tcga_mc3_wes,hrd_binary_33,MuAt-compatible reimplementation,muat_compatible_qkv_attention,0.0,,,4,0.0,0.81103515625,0,0.1888427734375,1
TCGA-A2-A0CU,tcga_mc3_wes,hrd_binary_33,MuAt-compatible reimplementation,muat_compatible_qkv_attention,0.0,,,1,0.0,0.8759765625,0,0.12420654296875,1
TCGA-A2-A0CV,tcga_mc3_wes,hrd_binary_33,MuAt-compatible reimplementation,muat_compatible_qkv_attention,0.0,,,5,0.0,0.84228515625,0,0.1575927734375,1
TCGA-A2-A0CW,tcga_mc3_wes,hrd_binary_33,MuAt-compatible reimplementation,muat_compatible_qkv_attention,1.0,,,5,0.0,0.62744140625,0,0.37255859375,1
TCGA-A2-A0CX,tcga_mc3_wes,hrd_binary_33,MuAt-compatible reimplementation,muat_compatible_qkv_attention,0.0,,,2,0.0,0.85302734375,0,0.1470947265625,1
TCGA-A2-A0D0,tcga_mc3_wes,hrd_binary_33,MuAt-compatible reimplementation,muat_compatible_qkv_attention,1.0,,,5,1.0,0.310791015625,0,0.689453125,1
TCGA-A2-A0D1,tcga_mc3_wes,hrd_binary_33,MuAt-compatible reimplementation,muat_compatible_qkv_attention,0.0,,,5,0.0,0.9697265625,0,0.0301513671875,1
TCGA-A2-A0D3,tcga_mc3_wes,hrd_binary_33,MuAt-compatible reimplementation,muat_compatible_qkv_attention,0.0,,,2,0.0,0.94873046875,0,0.05120849609375,1
TCGA-A2-A0D4,tcga_mc3_wes,hrd_binary_33,MuAt-compatible reimplementation,muat_compatible_qkv_attention,0.0,,,3,0.0,0.7666015625,0,0.2333984375,1
TCGA-A2-A0EM,tcga_mc3_wes,hrd_binary_33,MuAt-compatible reimplementation,muat_compatible_qkv_attention,0.0,,,1,0.0,0.96142578125,0,0.038421630859375,1
TCGA-A2-A0EN,tcga_mc3_wes,hrd_binary_33,MuAt-compatible reimplementation,muat_compatible_qkv_attention,0.0,,,4,0.0,0.830078125,0,0.169677734375,1
TCGA-A2-A0ES,tcga_mc3_wes,hrd_binary_33,MuAt-compatible reimplementation,muat_compatible_qkv_attention,0.0,,,1,0.0,0.92138671875,0,0.0787353515625,1
TCGA-A2-A0EU,tcga_mc3_wes,hrd_binary_33,MuAt-compatible reimplementation,muat_compatible_qkv_attention,0.0,,,1,0.0,0.97216796875,0,0.027984619140625,1
TCGA-A2-A0EV,tcga_mc3_wes,hrd_binary_33,MuAt-compatible reimplementation,muat_compatible_qkv_attention,0.0,,,5,0.0,0.82861328125,0,0.17138671875,1
TCGA-A2-A0EW,tcga_mc3_wes,hrd_binary_33,MuAt-compatible reimplementation,muat_compatible_qkv_attention,0.0,,,4,0.0,0.81640625,0,0.183837890625,1
TCGA-A2-A0EX,tcga_mc3_wes,hrd_binary_33,MuAt-compatible reimplementation,muat_compatible_qkv_attention,0.0,,,2,0.0,0.947265625,0,0.0528564453125,1
TCGA-A2-A0EY,tcga_mc3_wes,hrd_binary_33,MuAt-compatible reimplementation,muat_compatible_qkv_attention,1.0,,,1,0.0,0.94775390625,0,0.05206298828125,1
TCGA-A2-A0SU,tcga_mc3_wes,hrd_binary_33,MuAt-compatible reimplementation,muat_compatible_qkv_attention,0.0,,,3,0.0,0.84375,0,0.1563720703125,1
TCGA-A2-A0SV,tcga_mc3_wes,hrd_binary_33,MuAt-compatible reimplementation,muat_compatible_qkv_attention,1.0,,,4,0.0,0.6845703125,0,0.315185546875,1
TCGA-A2-A0SW,tcga_mc3_wes,hrd_binary_33,MuAt-compatible reimplementation,muat_compatible_qkv_attention,0.0,,,1,0.0,0.8671875,0,0.1326904296875,1
TCGA-A2-A0SX,tcga_mc3_wes,hrd_binary_33,MuAt-compatible reimplementation,muat_compatible_qkv_attention,1.0,,,2,0.0,0.76318359375,0,0.2369384765625,1
TCGA-A2-A0SY,tcga_mc3_wes,hrd_binary_33,MuAt-compatible reimplementation,muat_compatible_qkv_attention,0.0,,,4,0.0,0.77734375,0,0.2225341796875,1
TCGA-A2-A0T0,tcga_mc3_wes,hrd_binary_33,MuAt-compatible reimplementation,muat_compatible_qkv_attention,1.0,,,3,1.0,0.443115234375,0,0.55712890625,1
TCGA-A2-A0T1,tcga_mc3_wes,hrd_binary_33,MuAt-compatible reimplementation,muat_compatible_qkv_attention,0.0,,,1,0.0,0.89501953125,0,0.10491943359375,1
TCGA-A2-A0T2,tcga_mc3_wes,hrd_binary_33,MuAt-compatible reimplementation,muat_compatible_qkv_attention,0.0,,,4,0.0,0.60791015625,0,0.39208984375,1
TCGA-A2-A0T3,tcga_mc3_wes,hrd_binary_33,MuAt-compatible reimplementation,muat_compatible_qkv_attention,1.0,,,5,0.0,0.69970703125,0,0.30029296875,1
TCGA-A2-A0T4,tcga_mc3_wes,hrd_binary_33,MuAt-compatible reimplementation,muat_compatible_qkv_attention,0.0,,,5,0.0,0.859375,0,0.140869140625,1
TCGA-A2-A0T5,tcga_mc3_wes,hrd_binary_33,MuAt-compatible reimplementation,muat_compatible_qkv_attention,0.0,,,3,0.0,0.94970703125,0,0.050048828125,1
TCGA-A2-A0T6,tcga_mc3_wes,hrd_binary_33,MuAt-compatible reimplementation,muat_compatible_qkv_attention,0.0,,,3,0.0,0.94189453125,0,0.058349609375,1
TCGA-A2-A0T7,tcga_mc3_wes,hrd_binary_33,MuAt-compatible reimplementation,muat_compatible_qkv_attention,0.0,,,5,0.0,0.9931640625,0,0.006771087646484375,1
TCGA-A2-A0YC,tcga_mc3_wes,hrd_binary_33,MuAt-compatible reimplementation,muat_compatible_qkv_attention,0.0,,,1,0.0,0.8603515625,0,0.1396484375,1
TCGA-A2-A0YD,tcga_mc3_wes,hrd_binary_33,MuAt-compatible reimplementation,muat_compatible_qkv_attention,0.0,,,4,0.0,0.79150390625,0,0.2086181640625,1
TCGA-A2-A0YE,tcga_mc3_wes,hrd_binary_33,MuAt-compatible reimplementation,muat_compatible_qkv_attention,1.0,,,1,0.0,0.90185546875,0,0.0980224609375,1
TCGA-A2-A0YF,tcga_mc3_wes,hrd_binary_33,MuAt-compatible reimplementation,muat_compatible_qkv_attention,0.0,,,2,0.0,0.7392578125,0,0.2607421875,1
TCGA-A2-A0YG,tcga_mc3_wes,hrd_binary_33,MuAt-compatible reimplementation,muat_compatible_qkv_attention,0.0,,,1,1.0,0.422607421875,0,0.5771484375,1
TCGA-A2-A0YH,tcga_mc3_wes,hrd_binary_33,MuAt-compatible reimplementation,muat_compatible_qkv_attention,0.0,,,5,0.0,0.89208984375,0,0.10797119140625,1
TCGA-A2-A0YJ,tcga_mc3_wes,hrd_binary_33,MuAt-compatible reimplementation,muat_compatible_qkv_attention,0.0,,,2,0.0,0.84326171875,0,0.156982421875,1
TCGA-A2-A0YK,tcga_mc3_wes,hrd_binary_33,MuAt-compatible reimplementation,muat_compatible_qkv_attention,0.0,,,5,0.0,0.80859375,0,0.19140625,1
TCGA-A2-A0YL,tcga_mc3_wes,hrd_binary_33,MuAt-compatible reimplementation,muat_compatible_qkv_attention,0.0,,,5,0.0,0.921875,0,0.077880859375,1
TCGA-A2-A0YM,tcga_mc3_wes,hrd_binary_33,MuAt-compatible reimplementation,muat_compatible_qkv_attention,1.0,,,1,0.0,0.54541015625,0,0.454833984375,1
TCGA-A2-A0YT,tcga_mc3_wes,hrd_binary_33,MuAt-compatible reimplementation,muat_compatible_qkv_attention,1.0,,,2,0.0,0.88623046875,0,0.113525390625,1
TCGA-A2-A1FV,tcga_mc3_wes,hrd_binary_33,MuAt-compatible reimplementation,muat_compatible_qkv_attention,1.0,,,5,0.0,0.82568359375,0,0.17431640625,1
TCGA-A2-A1FX,tcga_mc3_wes,hrd_binary_33,MuAt-compatible reimplementation,muat_compatible_qkv_attention,0.0,,,1,0.0,0.837890625,0,0.161865234375,1
TCGA-A2-A1FZ,tcga_mc3_wes,hrd_binary_33,MuAt-compatible reimplementation,muat_compatible_qkv_attention,0.0,,,4,0.0,0.5693359375,0,0.4306640625,1
TCGA-A2-A1G0,tcga_mc3_wes,hrd_binary_33,MuAt-compatible reimplementation,muat_compatible_qkv_attention,0.0,,,2,0.0,0.95654296875,0,0.043243408203125,1
TCGA-A2-A1G1,tcga_mc3_wes,hrd_binary_33,MuAt-compatible reimplementation,muat_compatible_qkv_attention,0.0,,,4,1.0,0.36376953125,0,0.63623046875,1
TCGA-A2-A1G4,tcga_mc3_wes,hrd_binary_33,MuAt-compatible reimplementation,muat_compatible_qkv_attention,0.0,,,1,0.0,0.908203125,0,0.09185791015625,1
TCGA-A2-A259,tcga_mc3_wes,hrd_binary_33,MuAt-compatible reimplementation,muat_compatible_qkv_attention,0.0,,,2,0.0,0.92822265625,0,0.07171630859375,1
TCGA-A2-A25A,tcga_mc3_wes,hrd_binary_33,MuAt-compatible reimplementation,muat_compatible_qkv_attention,0.0,,,1,0.0,0.52490234375,0,0.47509765625,1
TCGA-A2-A25C,tcga_mc3_wes,hrd_binary_33,MuAt-compatible reimplementation,muat_compatible_qkv_attention,0.0,,,2,0.0,0.70556640625,0,0.29443359375,1
TCGA-A2-A25D,tcga_mc3_wes,hrd_binary_33,MuAt-compatible reimplementation,muat_compatible_qkv_attention,1.0,,,2,0.0,0.8330078125,0,0.1668701171875,1
TCGA-A2-A25E,tcga_mc3_wes,hrd_binary_33,MuAt-compatible reimplementation,muat_compatible_qkv_attention,1.0,,,1,1.0,0.467041015625,0,0.533203125,1
TCGA-A2-A3KD,tcga_mc3_wes,hrd_binary_33,MuAt-compatible reimplementation,muat_compatible_qkv_attention,0.0,,,2,0.0,0.93408203125,0,0.06610107421875,1
TCGA-A2-A3XU,tcga_mc3_wes,hrd_binary_33,MuAt-compatible reimplementation,muat_compatible_qkv_attention,0.0,,,2,0.0,0.91796875,0,0.08221435546875,1
TCGA-A2-A3Y0,tcga_mc3_wes,hrd_binary_33,MuAt-compatible reimplementation,muat_compatible_qkv_attention,1.0,,,5,1.0,0.365478515625,0,0.634765625,1
TCGA-A2-A4S1,tcga_mc3_wes,hrd_binary_33,MuAt-compatible reimplementation,muat_compatible_qkv_attention,0.0,,,1,0.0,0.83447265625,0,0.1654052734375,1
TCGA-A2-A4S3,tcga_mc3_wes,hrd_binary_33,MuAt-compatible reimplementation,muat_compatible_qkv_attention,1.0,,,3,1.0,0.400634765625,0,0.59912109375,1
TCGA-A7-A0CE,tcga_mc3_wes,hrd_binary_33,MuAt-compatible reimplementation,muat_compatible_qkv_attention,1.0,,,2,1.0,0.449462890625,0,0.55078125,1
TCGA-A7-A0CG,tcga_mc3_wes,hrd_binary_33,MuAt-compatible reimplementation,muat_compatible_qkv_attention,0.0,,,1,0.0,0.90771484375,0,0.09246826171875,1
TCGA-A7-A0CH,tcga_mc3_wes,hrd_binary_33,MuAt-compatible reimplementation,muat_compatible_qkv_attention,0.0,,,5,0.0,0.9873046875,0,0.01288604736328125,1
TCGA-A7-A0CJ,tcga_mc3_wes,hrd_binary_33,MuAt-compatible reimplementation,muat_compatible_qkv_attention,1.0,,,2,0.0,0.87548828125,0,0.12451171875,1
TCGA-A7-A0D9,tcga_mc3_wes,hrd_binary_33,MuAt-compatible reimplementation,muat_compatible_qkv_attention,0.0,,,3,0.0,0.89013671875,0,0.10980224609375,1
TCGA-A7-A0DA,tcga_mc3_wes,hrd_binary_33,MuAt-compatible reimplementation,muat_compatible_qkv_attention,1.0,,,4,1.0,0.390380859375,0,0.60986328125,1
TCGA-A7-A0DB,tcga_mc3_wes,hrd_binary_33,MuAt-compatible reimplementation,muat_compatible_qkv_attention,0.0,,,4,0.0,0.81689453125,0,0.1832275390625,1
TCGA-A7-A13D,tcga_mc3_wes,hrd_binary_33,MuAt-compatible reimplementation,muat_compatible_qkv_attention,1.0,,,2,0.0,0.58447265625,0,0.415283203125,1
TCGA-A7-A13E,tcga_mc3_wes,hrd_binary_33,MuAt-compatible reimplementation,muat_compatible_qkv_attention,0.0,,,2,0.0,0.82666015625,0,0.1734619140625,1
TCGA-A7-A13F,tcga_mc3_wes,hrd_binary_33,MuAt-compatible reimplementation,muat_compatible_qkv_attention,0.0,,,4,0.0,0.82177734375,0,0.1781005859375,1
TCGA-A7-A26E,tcga_mc3_wes,hrd_binary_33,MuAt-compatible reimplementation,muat_compatible_qkv_attention,0.0,,,2,0.0,0.96240234375,0,0.0377197265625,1
TCGA-A7-A26H,tcga_mc3_wes,hrd_binary_33,MuAt-compatible reimplementation,muat_compatible_qkv_attention,0.0,,,4,0.0,0.77734375,0,0.222900390625,1
TCGA-A7-A26I,tcga_mc3_wes,hrd_binary_33,MuAt-compatible reimplementation,muat_compatible_qkv_attention,1.0,,,2,0.0,0.77685546875,0,0.2230224609375,1
TCGA-A7-A26J,tcga_mc3_wes,hrd_binary_33,MuAt-compatible reimplementation,muat_compatible_qkv_attention,0.0,,,2,0.0,0.62353515625,0,0.37646484375,1
TCGA-A7-A4SE,tcga_mc3_wes,hrd_binary_33,MuAt-compatible reimplementation,muat_compatible_qkv_attention,1.0,,,3,1.0,0.161865234375,0,0.837890625,1
TCGA-A7-A56D,tcga_mc3_wes,hrd_binary_33,MuAt-compatible reimplementation,muat_compatible_qkv_attention,1.0,,,1,0.0,0.9287109375,0,0.071044921875,1
TCGA-A7-A5ZV,tcga_mc3_wes,hrd_binary_33,MuAt-compatible reimplementation,muat_compatible_qkv_attention,1.0,,,4,1.0,0.4716796875,0,0.5283203125,1
TCGA-A7-A5ZW,tcga_mc3_wes,hrd_binary_33,MuAt-compatible reimplementation,muat_compatible_qkv_attention,0.0,,,5,0.0,0.919921875,0,0.08013916015625,1
TCGA-A7-A5ZX,tcga_mc3_wes,hrd_binary_33,MuAt-compatible reimplementation,muat_compatible_qkv_attention,0.0,,,3,0.0,0.91015625,0,0.09002685546875,1
TCGA-A7-A6VW,tcga_mc3_wes,hrd_binary_33,MuAt-compatible reimplementation,muat_compatible_qkv_attention,1.0,,,2,0.0,0.56494140625,0,0.434814453125,1
TCGA-A7-A6VX,tcga_mc3_wes,hrd_binary_33,MuAt-compatible reimplementation,muat_compatible_qkv_attention,1.0,,,1,0.0,0.85986328125,0,0.139892578125,1
TCGA-A7-A6VY,tcga_mc3_wes,hrd_binary_33,MuAt-compatible reimplementation,muat_compatible_qkv_attention,1.0,,,4,1.0,0.478271484375,0,0.521484375,1
TCGA-A8-A06P,tcga_mc3_wes,hrd_binary_33,MuAt-compatible reimplementation,muat_compatible_qkv_attention,0.0,,,2,0.0,0.9375,0,0.06256103515625,1
TCGA-A8-A06Q,tcga_mc3_wes,hrd_binary_33,MuAt-compatible reimplementation,muat_compatible_qkv_attention,1.0,,,4,0.0,0.72705078125,0,0.27294921875,1
TCGA-A8-A06R,tcga_mc3_wes,hrd_binary_33,MuAt-compatible reimplementation,muat_compatible_qkv_attention,1.0,,,5,0.0,0.953125,0,0.046905517578125,1
TCGA-A8-A06U,tcga_mc3_wes,hrd_binary_33,MuAt-compatible reimplementation,muat_compatible_qkv_attention,1.0,,,3,1.0,0.331298828125,0,0.66845703125,1
TCGA-A8-A06X,tcga_mc3_wes,hrd_binary_33,MuAt-compatible reimplementation,muat_compatible_qkv_attention,1.0,,,5,1.0,0.24951171875,0,0.75048828125,1
TCGA-A8-A06Y,tcga_mc3_wes,hrd_binary_33,MuAt-compatible reimplementation,muat_compatible_qkv_attention,0.0,,,1,0.0,0.92333984375,0,0.0767822265625,1
TCGA-A8-A06Z,tcga_mc3_wes,hrd_binary_33,MuAt-compatible reimplementation,muat_compatible_qkv_attention,0.0,,,3,1.0,0.327880859375,0,0.67236328125,1
TCGA-A8-A075,tcga_mc3_wes,hrd_binary_33,MuAt-compatible reimplementation,muat_compatible_qkv_attention,1.0,,,2,0.0,0.515625,0,0.484375,1
TCGA-A8-A076,tcga_mc3_wes,hrd_binary_33,MuAt-compatible reimplementation,muat_compatible_qkv_attention,0.0,,,4,1.0,0.48388671875,0,0.51611328125,1
TCGA-A8-A079,tcga_mc3_wes,hrd_binary_33,MuAt-compatible reimplementation,muat_compatible_qkv_attention,0.0,,,4,0.0,0.51708984375,0,0.48291015625,1
TCGA-A8-A07B,tcga_mc3_wes,hrd_binary_33,MuAt-compatible reimplementation,muat_compatible_qkv_attention,0.0,,,3,1.0,0.3505859375,0,0.6494140625,1
TCGA-A8-A07I,tcga_mc3_wes,hrd_binary_33,MuAt-compatible reimplementation,muat_compatible_qkv_attention,0.0,,,5,0.0,0.6826171875,0,0.317138671875,1
TCGA-A8-A07J,tcga_mc3_wes,hrd_binary_33,MuAt-compatible reimplementation,muat_compatible_qkv_attention,0.0,,,3,0.0,0.89208984375,0,0.10797119140625,1
TCGA-A8-A07L,tcga_mc3_wes,hrd_binary_33,MuAt-compatible reimplementation,muat_compatible_qkv_attention,1.0,,,5,1.0,0.3525390625,0,0.6474609375,1
TCGA-A8-A07O,tcga_mc3_wes,hrd_binary_33,MuAt-compatible reimplementation,muat_compatible_qkv_attention,0.0,,,4,0.0,0.5810546875,0,0.4189453125,1
TCGA-A8-A07P,tcga_mc3_wes,hrd_binary_33,MuAt-compatible reimplementation,muat_compatible_qkv_attention,0.0,,,1,0.0,0.88720703125,0,0.1129150390625,1
TCGA-A8-A07U,tcga_mc3_wes,hrd_binary_33,MuAt-compatible reimplementation,muat_compatible_qkv_attention,1.0,,,3,1.0,0.328125,0,0.671875,1
TCGA-A8-A07W,tcga_mc3_wes,hrd_binary_33,MuAt-compatible reimplementation,muat_compatible_qkv_attention,0.0,,,5,1.0,0.483154296875,0,0.5166015625,1
TCGA-A8-A07Z,tcga_mc3_wes,hrd_binary_33,MuAt-compatible reimplementation,muat_compatible_qkv_attention,0.0,,,2,0.0,0.94287109375,0,0.057373046875,1
TCGA-A8-A081,tcga_mc3_wes,hrd_binary_33,MuAt-compatible reimplementation,muat_compatible_qkv_attention,1.0,,,5,0.0,0.7197265625,0,0.2802734375,1
TCGA-A8-A082,tcga_mc3_wes,hrd_binary_33,MuAt-compatible reimplementation,muat_compatible_qkv_attention,0.0,,,4,0.0,0.88134765625,0,0.11883544921875,1
TCGA-A8-A083,tcga_mc3_wes,hrd_binary_33,MuAt-compatible reimplementation,muat_compatible_qkv_attention,0.0,,,5,1.0,0.397216796875,0,0.60302734375,1
TCGA-A8-A08B,tcga_mc3_wes,hrd_binary_33,MuAt-compatible reimplementation,muat_compatible_qkv_attention,0.0,,,3,0.0,0.6240234375,0,0.376220703125,1
TCGA-A8-A08G,tcga_mc3_wes,hrd_binary_33,MuAt-compatible reimplementation,muat_compatible_qkv_attention,0.0,,,5,0.0,0.55419921875,0,0.445556640625,1
TCGA-A8-A08H,tcga_mc3_wes,hrd_binary_33,MuAt-compatible reimplementation,muat_compatible_qkv_attention,0.0,,,3,0.0,0.935546875,0,0.06451416015625,1
TCGA-A8-A08L,tcga_mc3_wes,hrd_binary_33,MuAt-compatible reimplementation,muat_compatible_qkv_attention,1.0,,,5,0.0,0.50244140625,0,0.49755859375,1
TCGA-A8-A08O,tcga_mc3_wes,hrd_binary_33,MuAt-compatible reimplementation,muat_compatible_qkv_attention,0.0,,,3,0.0,0.9287109375,0,0.07122802734375,1
TCGA-A8-A08R,tcga_mc3_wes,hrd_binary_33,MuAt-compatible reimplementation,muat_compatible_qkv_attention,1.0,,,3,1.0,0.1427001953125,0,0.857421875,1
TCGA-A8-A08T,tcga_mc3_wes,hrd_binary_33,MuAt-compatible reimplementation,muat_compatible_qkv_attention,0.0,,,4,0.0,0.75244140625,0,0.24755859375,1
TCGA-A8-A08X,tcga_mc3_wes,hrd_binary_33,MuAt-compatible reimplementation,muat_compatible_qkv_attention,1.0,,,4,0.0,0.765625,0,0.2344970703125,1
TCGA-A8-A08Z,tcga_mc3_wes,hrd_binary_33,MuAt-compatible reimplementation,muat_compatible_qkv_attention,0.0,,,3,0.0,0.859375,0,0.140380859375,1
TCGA-A8-A090,tcga_mc3_wes,hrd_binary_33,MuAt-compatible reimplementation,muat_compatible_qkv_attention,0.0,,,1,0.0,0.9267578125,0,0.0733642578125,1
TCGA-A8-A091,tcga_mc3_wes,hrd_binary_33,MuAt-compatible reimplementation,muat_compatible_qkv_attention,0.0,,,5,0.0,0.9404296875,0,0.059478759765625,1
TCGA-A8-A092,tcga_mc3_wes,hrd_binary_33,MuAt-compatible reimplementation,muat_compatible_qkv_attention,0.0,,,3,1.0,0.454833984375,0,0.544921875,1
TCGA-A8-A093,tcga_mc3_wes,hrd_binary_33,MuAt-compatible reimplementation,muat_compatible_qkv_attention,0.0,,,1,0.0,0.7998046875,0,0.199951171875,1
TCGA-A8-A094,tcga_mc3_wes,hrd_binary_33,MuAt-compatible reimplementation,muat_compatible_qkv_attention,1.0,,,3,1.0,0.385498046875,0,0.61474609375,1
TCGA-A8-A095,tcga_mc3_wes,hrd_binary_33,MuAt-compatible reimplementation,muat_compatible_qkv_attention,0.0,,,5,0.0,0.9404296875,0,0.0596923828125,1
TCGA-A8-A096,tcga_mc3_wes,hrd_binary_33,MuAt-compatible reimplementation,muat_compatible_qkv_attention,0.0,,,2,0.0,0.90380859375,0,0.09625244140625,1
TCGA-A8-A097,tcga_mc3_wes,hrd_binary_33,MuAt-compatible reimplementation,muat_compatible_qkv_attention,1.0,,,5,1.0,0.362060546875,0,0.6376953125,1
TCGA-A8-A099,tcga_mc3_wes,hrd_binary_33,MuAt-compatible reimplementation,muat_compatible_qkv_attention,0.0,,,2,0.0,0.90234375,0,0.09783935546875,1
TCGA-A8-A09A,tcga_mc3_wes,hrd_binary_33,MuAt-compatible reimplementation,muat_compatible_qkv_attention,1.0,,,4,1.0,0.46435546875,0,0.53564453125,1
TCGA-A8-A09B,tcga_mc3_wes,hrd_binary_33,MuAt-compatible reimplementation,muat_compatible_qkv_attention,0.0,,,1,0.0,0.91796875,0,0.0821533203125,1
TCGA-A8-A09C,tcga_mc3_wes,hrd_binary_33,MuAt-compatible reimplementation,muat_compatible_qkv_attention,0.0,,,2,0.0,0.82958984375,0,0.1705322265625,1
TCGA-A8-A09D,tcga_mc3_wes,hrd_binary_33,MuAt-compatible reimplementation,muat_compatible_qkv_attention,0.0,,,2,0.0,0.826171875,0,0.1737060546875,1
TCGA-A8-A09G,tcga_mc3_wes,hrd_binary_33,MuAt-compatible reimplementation,muat_compatible_qkv_attention,0.0,,,4,0.0,0.70458984375,0,0.29541015625,1
TCGA-A8-A09M,tcga_mc3_wes,hrd_binary_33,MuAt-compatible reimplementation,muat_compatible_qkv_attention,1.0,,,1,0.0,0.73583984375,0,0.26416015625,1
TCGA-A8-A09N,tcga_mc3_wes,hrd_binary_33,MuAt-compatible reimplementation,muat_compatible_qkv_attention,0.0,,,3,1.0,0.488037109375,0,0.51171875,1
TCGA-A8-A09Q,tcga_mc3_wes,hrd_binary_33,MuAt-compatible reimplementation,muat_compatible_qkv_attention,1.0,,,4,1.0,0.406005859375,0,0.59423828125,1
TCGA-A8-A09T,tcga_mc3_wes,hrd_binary_33,MuAt-compatible reimplementation,muat_compatible_qkv_attention,0.0,,,2,0.0,0.88330078125,0,0.11663818359375,1
TCGA-A8-A09V,tcga_mc3_wes,hrd_binary_33,MuAt-compatible reimplementation,muat_compatible_qkv_attention,0.0,,,5,0.0,0.689453125,0,0.310546875,1
TCGA-A8-A09W,tcga_mc3_wes,hrd_binary_33,MuAt-compatible reimplementation,muat_compatible_qkv_attention,1.0,,,5,1.0,0.4384765625,0,0.5615234375,1
TCGA-A8-A09X,tcga_mc3_wes,hrd_binary_33,MuAt-compatible reimplementation,muat_compatible_qkv_attention,0.0,,,5,0.0,0.767578125,0,0.2325439453125,1
TCGA-A8-A09Z,tcga_mc3_wes,hrd_binary_33,MuAt-compatible reimplementation,muat_compatible_qkv_attention,0.0,,,3,1.0,0.1944580078125,0,0.8056640625,1
TCGA-A8-A0A1,tcga_mc3_wes,hrd_binary_33,MuAt-compatible reimplementation,muat_compatible_qkv_attention,0.0,,,4,0.0,0.791015625,0,0.209228515625,1
TCGA-A8-A0A2,tcga_mc3_wes,hrd_binary_33,MuAt-compatible reimplementation,muat_compatible_qkv_attention,0.0,,,5,0.0,0.86279296875,0,0.1373291015625,1
TCGA-A8-A0A4,tcga_mc3_wes,hrd_binary_33,MuAt-compatible reimplementation,muat_compatible_qkv_attention,0.0,,,1,0.0,0.8076171875,0,0.1922607421875,1
TCGA-A8-A0A6,tcga_mc3_wes,hrd_binary_33,MuAt-compatible reimplementation,muat_compatible_qkv_attention,0.0,,,1,0.0,0.93701171875,0,0.06280517578125,1
TCGA-A8-A0A7,tcga_mc3_wes,hrd_binary_33,MuAt-compatible reimplementation,muat_compatible_qkv_attention,0.0,,,3,0.0,0.91796875,0,0.0821533203125,1
TCGA-A8-A0AB,tcga_mc3_wes,hrd_binary_33,MuAt-compatible reimplementation,muat_compatible_qkv_attention,0.0,,,1,0.0,0.74267578125,0,0.257568359375,1
TCGA-A8-A0AD,tcga_mc3_wes,hrd_binary_33,MuAt-compatible reimplementation,muat_compatible_qkv_attention,0.0,,,5,0.0,0.65283203125,0,0.34716796875,1
TCGA-AC-A23C,tcga_mc3_wes,hrd_binary_33,MuAt-compatible reimplementation,muat_compatible_qkv_attention,0.0,,,2,0.0,0.72998046875,0,0.27001953125,1
TCGA-AC-A23E,tcga_mc3_wes,hrd_binary_33,MuAt-compatible reimplementation,muat_compatible_qkv_attention,0.0,,,4,0.0,0.88037109375,0,0.11962890625,1
TCGA-AC-A23H,tcga_mc3_wes,hrd_binary_33,MuAt-compatible reimplementation,muat_compatible_qkv_attention,0.0,,,5,1.0,0.453125,0,0.546875,1
TCGA-AC-A2B8,tcga_mc3_wes,hrd_binary_33,MuAt-compatible reimplementation,muat_compatible_qkv_attention,0.0,,,2,0.0,0.90771484375,0,0.09222412109375,1
TCGA-AC-A2FB,tcga_mc3_wes,hrd_binary_33,MuAt-compatible reimplementation,muat_compatible_qkv_attention,0.0,,,1,0.0,0.9091796875,0,0.09075927734375,1
TCGA-AC-A2FG,tcga_mc3_wes,hrd_binary_33,MuAt-compatible reimplementation,muat_compatible_qkv_attention,0.0,,,4,0.0,0.77294921875,0,0.22705078125,1
TCGA-AC-A2FO,tcga_mc3_wes,hrd_binary_33,MuAt-compatible reimplementation,muat_compatible_qkv_attention,0.0,,,5,0.0,0.9892578125,0,0.0107879638671875,1
TCGA-AC-A2QH,tcga_mc3_wes,hrd_binary_33,MuAt-compatible reimplementation,muat_compatible_qkv_attention,1.0,,,5,0.0,0.5478515625,0,0.452392578125,1
TCGA-AC-A3OD,tcga_mc3_wes,hrd_binary_33,MuAt-compatible reimplementation,muat_compatible_qkv_attention,0.0,,,2,0.0,0.62109375,0,0.378662109375,1
TCGA-AC-A3QQ,tcga_mc3_wes,hrd_binary_33,MuAt-compatible reimplementation,muat_compatible_qkv_attention,0.0,,,3,0.0,0.884765625,0,0.115234375,1
TCGA-AC-A3YI,tcga_mc3_wes,hrd_binary_33,MuAt-compatible reimplementation,muat_compatible_qkv_attention,0.0,,,5,0.0,0.8408203125,0,0.1593017578125,1
TCGA-AC-A4ZE,tcga_mc3_wes,hrd_binary_33,MuAt-compatible reimplementation,muat_compatible_qkv_attention,0.0,,,4,0.0,0.701171875,0,0.298828125,1
TCGA-AC-A5EH,tcga_mc3_wes,hrd_binary_33,MuAt-compatible reimplementation,muat_compatible_qkv_attention,1.0,,,2,0.0,0.7041015625,0,0.295654296875,1
TCGA-AC-A5XS,tcga_mc3_wes,hrd_binary_33,MuAt-compatible reimplementation,muat_compatible_qkv_attention,0.0,,,5,0.0,0.6875,0,0.312255859375,1
TCGA-AC-A5XU,tcga_mc3_wes,hrd_binary_33,MuAt-compatible reimplementation,muat_compatible_qkv_attention,0.0,,,2,0.0,0.69921875,0,0.30078125,1
TCGA-AC-A62Y,tcga_mc3_wes,hrd_binary_33,MuAt-compatible reimplementation,muat_compatible_qkv_attention,0.0,,,4,0.0,0.76806640625,0,0.2318115234375,1
TCGA-AC-A6IV,tcga_mc3_wes,hrd_binary_33,MuAt-compatible reimplementation,muat_compatible_qkv_attention,0.0,,,5,0.0,0.83251953125,0,0.167724609375,1
TCGA-AC-A6IW,tcga_mc3_wes,hrd_binary_33,MuAt-compatible reimplementation,muat_compatible_qkv_attention,0.0,,,3,1.0,0.1915283203125,0,0.80859375,1
TCGA-AC-A6IX,tcga_mc3_wes,hrd_binary_33,MuAt-compatible reimplementation,muat_compatible_qkv_attention,0.0,,,5,0.0,0.78271484375,0,0.2174072265625,1
TCGA-AC-A6NO,tcga_mc3_wes,hrd_binary_33,MuAt-compatible reimplementation,muat_compatible_qkv_attention,0.0,,,3,0.0,0.92529296875,0,0.07476806640625,1
TCGA-AC-A7VB,tcga_mc3_wes,hrd_binary_33,MuAt-compatible reimplementation,muat_compatible_qkv_attention,0.0,,,3,0.0,0.8486328125,0,0.1514892578125,1
TCGA-AC-A7VC,tcga_mc3_wes,hrd_binary_33,MuAt-compatible reimplementation,muat_compatible_qkv_attention,0.0,,,5,0.0,0.74365234375,0,0.25634765625,1
TCGA-AC-A8OP,tcga_mc3_wes,hrd_binary_33,MuAt-compatible reimplementation,muat_compatible_qkv_attention,1.0,,,5,1.0,0.4130859375,0,0.5869140625,1
TCGA-AC-A8OQ,tcga_mc3_wes,hrd_binary_33,MuAt-compatible reimplementation,muat_compatible_qkv_attention,1.0,,,1,0.0,0.81787109375,0,0.181884765625,1
TCGA-AC-A8OR,tcga_mc3_wes,hrd_binary_33,MuAt-compatible reimplementation,muat_compatible_qkv_attention,0.0,,,3,0.0,0.841796875,0,0.1583251953125,1
TCGA-AC-A8OS,tcga_mc3_wes,hrd_binary_33,MuAt-compatible reimplementation,muat_compatible_qkv_attention,0.0,,,4,0.0,0.6787109375,0,0.3212890625,1
TCGA-AN-A03X,tcga_mc3_wes,hrd_binary_33,MuAt-compatible reimplementation,muat_compatible_qkv_attention,0.0,,,5,0.0,0.90087890625,0,0.0992431640625,1
TCGA-AN-A03Y,tcga_mc3_wes,hrd_binary_33,MuAt-compatible reimplementation,muat_compatible_qkv_attention,0.0,,,1,0.0,0.8974609375,0,0.10247802734375,1
TCGA-AN-A041,tcga_mc3_wes,hrd_binary_33,MuAt-compatible reimplementation,muat_compatible_qkv_attention,0.0,,,4,0.0,0.873046875,0,0.127197265625,1
TCGA-AN-A046,tcga_mc3_wes,hrd_binary_33,MuAt-compatible reimplementation,muat_compatible_qkv_attention,0.0,,,3,0.0,0.70458984375,0,0.295166015625,1
TCGA-AN-A049,tcga_mc3_wes,hrd_binary_33,MuAt-compatible reimplementation,muat_compatible_qkv_attention,1.0,,,3,0.0,0.9013671875,0,0.0987548828125,1
TCGA-AN-A04C,tcga_mc3_wes,hrd_binary_33,MuAt-compatible reimplementation,muat_compatible_qkv_attention,1.0,,,4,0.0,0.6650390625,0,0.3349609375,1
TCGA-AN-A04D,tcga_mc3_wes,hrd_binary_33,MuAt-compatible reimplementation,muat_compatible_qkv_attention,1.0,,,2,0.0,0.74755859375,0,0.252685546875,1
TCGA-AN-A0AJ,tcga_mc3_wes,hrd_binary_33,MuAt-compatible reimplementation,muat_compatible_qkv_attention,1.0,,,4,0.0,0.67236328125,0,0.327880859375,1
TCGA-AN-A0AL,tcga_mc3_wes,hrd_binary_33,MuAt-compatible reimplementation,muat_compatible_qkv_attention,1.0,,,4,0.0,0.5,0,0.5,1
TCGA-AN-A0AM,tcga_mc3_wes,hrd_binary_33,MuAt-compatible reimplementation,muat_compatible_qkv_attention,1.0,,,5,0.0,0.5078125,0,0.491943359375,1
TCGA-AN-A0AR,tcga_mc3_wes,hrd_binary_33,MuAt-compatible reimplementation,muat_compatible_qkv_attention,1.0,,,1,1.0,0.3037109375,0,0.6962890625,1
TCGA-AN-A0AS,tcga_mc3_wes,hrd_binary_33,MuAt-compatible reimplementation,muat_compatible_qkv_attention,0.0,,,3,1.0,0.449462890625,0,0.55078125,1
TCGA-AN-A0AT,tcga_mc3_wes,hrd_binary_33,MuAt-compatible reimplementation,muat_compatible_qkv_attention,1.0,,,3,0.0,0.6630859375,0,0.337158203125,1
TCGA-AN-A0FJ,tcga_mc3_wes,hrd_binary_33,MuAt-compatible reimplementation,muat_compatible_qkv_attention,0.0,,,5,1.0,0.470947265625,0,0.529296875,1
TCGA-AN-A0FK,tcga_mc3_wes,hrd_binary_33,MuAt-compatible reimplementation,muat_compatible_qkv_attention,0.0,,,3,0.0,0.9365234375,0,0.0633544921875,1
TCGA-AN-A0FN,tcga_mc3_wes,hrd_binary_33,MuAt-compatible reimplementation,muat_compatible_qkv_attention,0.0,,,1,0.0,0.93359375,0,0.06622314453125,1
TCGA-AN-A0FS,tcga_mc3_wes,hrd_binary_33,MuAt-compatible reimplementation,muat_compatible_qkv_attention,0.0,,,2,0.0,0.9150390625,0,0.08502197265625,1
TCGA-AN-A0FT,tcga_mc3_wes,hrd_binary_33,MuAt-compatible reimplementation,muat_compatible_qkv_attention,1.0,,,3,1.0,0.461669921875,0,0.53857421875,1
TCGA-AN-A0FV,tcga_mc3_wes,hrd_binary_33,MuAt-compatible reimplementation,muat_compatible_qkv_attention,1.0,,,4,0.0,0.7802734375,0,0.219970703125,1
TCGA-AN-A0FW,tcga_mc3_wes,hrd_binary_33,MuAt-compatible reimplementation,muat_compatible_qkv_attention,0.0,,,5,1.0,0.455322265625,0,0.544921875,1
TCGA-AN-A0FX,tcga_mc3_wes,hrd_binary_33,MuAt-compatible reimplementation,muat_compatible_qkv_attention,1.0,,,4,1.0,0.4501953125,0,0.5498046875,1
TCGA-AN-A0FY,tcga_mc3_wes,hrd_binary_33,MuAt-compatible reimplementation,muat_compatible_qkv_attention,1.0,,,2,0.0,0.8017578125,0,0.198486328125,1
TCGA-AN-A0FZ,tcga_mc3_wes,hrd_binary_33,MuAt-compatible reimplementation,muat_compatible_qkv_attention,0.0,,,2,0.0,0.9052734375,0,0.0947265625,1
TCGA-AN-A0XN,tcga_mc3_wes,hrd_binary_33,MuAt-compatible reimplementation,muat_compatible_qkv_attention,1.0,,,5,1.0,0.33837890625,0,0.66162109375,1
TCGA-AN-A0XO,tcga_mc3_wes,hrd_binary_33,MuAt-compatible reimplementation,muat_compatible_qkv_attention,0.0,,,3,0.0,0.9287109375,0,0.0711669921875,1
TCGA-AN-A0XP,tcga_mc3_wes,hrd_binary_33,MuAt-compatible reimplementation,muat_compatible_qkv_attention,0.0,,,4,0.0,0.712890625,0,0.286865234375,1
TCGA-AN-A0XR,tcga_mc3_wes,hrd_binary_33,MuAt-compatible reimplementation,muat_compatible_qkv_attention,0.0,,,1,0.0,0.900390625,0,0.0994873046875,1
TCGA-AN-A0XS,tcga_mc3_wes,hrd_binary_33,MuAt-compatible reimplementation,muat_compatible_qkv_attention,0.0,,,3,0.0,0.92431640625,0,0.07574462890625,1
TCGA-AN-A0XT,tcga_mc3_wes,hrd_binary_33,MuAt-compatible reimplementation,muat_compatible_qkv_attention,1.0,,,5,0.0,0.8876953125,0,0.112060546875,1
TCGA-AN-A0XU,tcga_mc3_wes,hrd_binary_33,MuAt-compatible reimplementation,muat_compatible_qkv_attention,1.0,,,2,0.0,0.638671875,0,0.361328125,1
TCGA-AN-A0XV,tcga_mc3_wes,hrd_binary_33,MuAt-compatible reimplementation,muat_compatible_qkv_attention,0.0,,,1,0.0,0.68359375,0,0.31640625,1
TCGA-AN-A0XW,tcga_mc3_wes,hrd_binary_33,MuAt-compatible reimplementation,muat_compatible_qkv_attention,0.0,,,4,0.0,0.73974609375,0,0.260009765625,1
TCGA-AO-A03L,tcga_mc3_wes,hrd_binary_33,MuAt-compatible reimplementation,muat_compatible_qkv_attention,0.0,,,4,1.0,0.371826171875,0,0.6279296875,1
TCGA-AO-A03O,tcga_mc3_wes,hrd_binary_33,MuAt-compatible reimplementation,muat_compatible_qkv_attention,1.0,,,4,0.0,0.525390625,0,0.474853515625,1
TCGA-AO-A03P,tcga_mc3_wes,hrd_binary_33,MuAt-compatible reimplementation,muat_compatible_qkv_attention,0.0,,,1,0.0,0.88671875,0,0.11328125,1
TCGA-AO-A03R,tcga_mc3_wes,hrd_binary_33,MuAt-compatible reimplementation,muat_compatible_qkv_attention,0.0,,,3,1.0,0.3486328125,0,0.6513671875,1
TCGA-AO-A03T,tcga_mc3_wes,hrd_binary_33,MuAt-compatible reimplementation,muat_compatible_qkv_attention,1.0,,,3,0.0,0.736328125,0,0.263427734375,1
TCGA-AO-A03V,tcga_mc3_wes,hrd_binary_33,MuAt-compatible reimplementation,muat_compatible_qkv_attention,1.0,,,2,0.0,0.55517578125,0,0.445068359375,1
TCGA-AO-A0J2,tcga_mc3_wes,hrd_binary_33,MuAt-compatible reimplementation,muat_compatible_qkv_attention,1.0,,,1,1.0,0.459716796875,0,0.5400390625,1
TCGA-AO-A0J3,tcga_mc3_wes,hrd_binary_33,MuAt-compatible reimplementation,muat_compatible_qkv_attention,1.0,,,5,0.0,0.685546875,0,0.314453125,1
TCGA-AO-A0J4,tcga_mc3_wes,hrd_binary_33,MuAt-compatible reimplementation,muat_compatible_qkv_attention,1.0,,,2,0.0,0.59033203125,0,0.40966796875,1
TCGA-AO-A0J6,tcga_mc3_wes,hrd_binary_33,MuAt-compatible reimplementation,muat_compatible_qkv_attention,1.0,,,1,0.0,0.61572265625,0,0.38427734375,1
TCGA-AO-A0J7,tcga_mc3_wes,hrd_binary_33,MuAt-compatible reimplementation,muat_compatible_qkv_attention,0.0,,,5,0.0,0.97802734375,0,0.0222015380859375,1
TCGA-AO-A0J8,tcga_mc3_wes,hrd_binary_33,MuAt-compatible reimplementation,muat_compatible_qkv_attention,0.0,,,1,0.0,0.88720703125,0,0.11260986328125,1
TCGA-AO-A0J9,tcga_mc3_wes,hrd_binary_33,MuAt-compatible reimplementation,muat_compatible_qkv_attention,0.0,,,5,0.0,0.82373046875,0,0.17626953125,1
TCGA-AO-A0JA,tcga_mc3_wes,hrd_binary_33,MuAt-compatible reimplementation,muat_compatible_qkv_attention,1.0,,,2,0.0,0.92236328125,0,0.07763671875,1
TCGA-AO-A0JB,tcga_mc3_wes,hrd_binary_33,MuAt-compatible reimplementation,muat_compatible_qkv_attention,1.0,,,2,0.0,0.76611328125,0,0.2337646484375,1
TCGA-AO-A0JD,tcga_mc3_wes,hrd_binary_33,MuAt-compatible reimplementation,muat_compatible_qkv_attention,1.0,,,1,0.0,0.7294921875,0,0.270263671875,1
TCGA-AO-A0JE,tcga_mc3_wes,hrd_binary_33,MuAt-compatible reimplementation,muat_compatible_qkv_attention,1.0,,,1,0.0,0.83544921875,0,0.16455078125,1
TCGA-AO-A0JF,tcga_mc3_wes,hrd_binary_33,MuAt-compatible reimplementation,muat_compatible_qkv_attention,0.0,,,2,0.0,0.90966796875,0,0.09039306640625,1
TCGA-AO-A0JG,tcga_mc3_wes,hrd_binary_33,MuAt-compatible reimplementation,muat_compatible_qkv_attention,0.0,,,3,0.0,0.87109375,0,0.129150390625,1
TCGA-AO-A0JI,tcga_mc3_wes,hrd_binary_33,MuAt-compatible reimplementation,muat_compatible_qkv_attention,0.0,,,4,0.0,0.59765625,0,0.40234375,1
TCGA-AO-A0JJ,tcga_mc3_wes,hrd_binary_33,MuAt-compatible reimplementation,muat_compatible_qkv_attention,0.0,,,2,0.0,0.89013671875,0,0.1097412109375,1
TCGA-AO-A0JM,tcga_mc3_wes,hrd_binary_33,MuAt-compatible reimplementation,muat_compatible_qkv_attention,1.0,,,2,0.0,0.91796875,0,0.08203125,1
TCGA-AO-A124,tcga_mc3_wes,hrd_binary_33,MuAt-compatible reimplementation,muat_compatible_qkv_attention,1.0,,,5,1.0,0.287109375,0,0.712890625,1
TCGA-AO-A128,tcga_mc3_wes,hrd_binary_33,MuAt-compatible reimplementation,muat_compatible_qkv_attention,0.0,,,3,1.0,0.388916015625,0,0.61083984375,1
TCGA-AO-A12A,tcga_mc3_wes,hrd_binary_33,MuAt-compatible reimplementation,muat_compatible_qkv_attention,0.0,,,2,0.0,0.9677734375,0,0.0322265625,1
TCGA-AO-A12D,tcga_mc3_wes,hrd_binary_33,MuAt-compatible reimplementation,muat_compatible_qkv_attention,0.0,,,5,0.0,0.888671875,0,0.11151123046875,1
TCGA-AO-A12F,tcga_mc3_wes,hrd_binary_33,MuAt-compatible reimplementation,muat_compatible_qkv_attention,1.0,,,4,0.0,0.76220703125,0,0.23779296875,1
TCGA-AO-A12H,tcga_mc3_wes,hrd_binary_33,MuAt-compatible reimplementation,muat_compatible_qkv_attention,0.0,,,1,0.0,0.95166015625,0,0.048370361328125,1
TCGA-AO-A1KP,tcga_mc3_wes,hrd_binary_33,MuAt-compatible reimplementation,muat_compatible_qkv_attention,0.0,,,4,0.0,0.6259765625,0,0.3740234375,1
TCGA-AO-A1KR,tcga_mc3_wes,hrd_binary_33,MuAt-compatible reimplementation,muat_compatible_qkv_attention,1.0,,,1,0.0,0.75732421875,0,0.2425537109375,1
TCGA-AO-A1KT,tcga_mc3_wes,hrd_binary_33,MuAt-compatible reimplementation,muat_compatible_qkv_attention,0.0,,,5,0.0,0.654296875,0,0.345947265625,1
TCGA-AQ-A04H,tcga_mc3_wes,hrd_binary_33,MuAt-compatible reimplementation,muat_compatible_qkv_attention,0.0,,,2,0.0,0.8486328125,0,0.1513671875,1
TCGA-AQ-A04J,tcga_mc3_wes,hrd_binary_33,MuAt-compatible reimplementation,muat_compatible_qkv_attention,1.0,,,2,1.0,0.45947265625,0,0.54052734375,1
TCGA-AQ-A1H2,tcga_mc3_wes,hrd_binary_33,MuAt-compatible reimplementation,muat_compatible_qkv_attention,0.0,,,2,0.0,0.90966796875,0,0.09051513671875,1
TCGA-AQ-A1H3,tcga_mc3_wes,hrd_binary_33,MuAt-compatible reimplementation,muat_compatible_qkv_attention,0.0,,,5,0.0,0.75048828125,0,0.2493896484375,1
TCGA-AR-A0TP,tcga_mc3_wes,hrd_binary_33,MuAt-compatible reimplementation,muat_compatible_qkv_attention,1.0,,,5,1.0,0.353271484375,0,0.64697265625,1
TCGA-AR-A0TQ,tcga_mc3_wes,hrd_binary_33,MuAt-compatible reimplementation,muat_compatible_qkv_attention,0.0,,,4,0.0,0.8388671875,0,0.160888671875,1
TCGA-AR-A0TR,tcga_mc3_wes,hrd_binary_33,MuAt-compatible reimplementation,muat_compatible_qkv_attention,0.0,,,4,0.0,0.796875,0,0.2032470703125,1
TCGA-AR-A0TS,tcga_mc3_wes,hrd_binary_33,MuAt-compatible reimplementation,muat_compatible_qkv_attention,1.0,,,5,1.0,0.404296875,0,0.595703125,1
TCGA-AR-A0TT,tcga_mc3_wes,hrd_binary_33,MuAt-compatible reimplementation,muat_compatible_qkv_attention,1.0,,,1,0.0,0.71826171875,0,0.281982421875,1
TCGA-AR-A0TV,tcga_mc3_wes,hrd_binary_33,MuAt-compatible reimplementation,muat_compatible_qkv_attention,1.0,,,3,1.0,0.2418212890625,0,0.75830078125,1
TCGA-AR-A0TW,tcga_mc3_wes,hrd_binary_33,MuAt-compatible reimplementation,muat_compatible_qkv_attention,1.0,,,2,0.0,0.90185546875,0,0.09796142578125,1
TCGA-AR-A0TX,tcga_mc3_wes,hrd_binary_33,MuAt-compatible reimplementation,muat_compatible_qkv_attention,0.0,,,2,0.0,0.6298828125,0,0.3701171875,1
TCGA-AR-A0TY,tcga_mc3_wes,hrd_binary_33,MuAt-compatible reimplementation,muat_compatible_qkv_attention,1.0,,,3,0.0,0.8681640625,0,0.1317138671875,1
TCGA-AR-A0TZ,tcga_mc3_wes,hrd_binary_33,MuAt-compatible reimplementation,muat_compatible_qkv_attention,0.0,,,5,0.0,0.91552734375,0,0.0845947265625,1
TCGA-AR-A0U0,tcga_mc3_wes,hrd_binary_33,MuAt-compatible reimplementation,muat_compatible_qkv_attention,0.0,,,3,1.0,0.24951171875,0,0.75048828125,1
TCGA-AR-A1AH,tcga_mc3_wes,hrd_binary_33,MuAt-compatible reimplementation,muat_compatible_qkv_attention,0.0,,,4,1.0,0.48583984375,0,0.51416015625,1
TCGA-AR-A1AI,tcga_mc3_wes,hrd_binary_33,MuAt-compatible reimplementation,muat_compatible_qkv_attention,1.0,,,1,0.0,0.85205078125,0,0.1478271484375,1
TCGA-AR-A1AJ,tcga_mc3_wes,hrd_binary_33,MuAt-compatible reimplementation,muat_compatible_qkv_attention,0.0,,,5,0.0,0.8720703125,0,0.1280517578125,1
TCGA-AR-A1AK,tcga_mc3_wes,hrd_binary_33,MuAt-compatible reimplementation,muat_compatible_qkv_attention,0.0,,,5,0.0,0.740234375,0,0.259765625,1
TCGA-AR-A1AN,tcga_mc3_wes,hrd_binary_33,MuAt-compatible reimplementation,muat_compatible_qkv_attention,0.0,,,3,1.0,0.494384765625,0,0.50537109375,1
TCGA-AR-A1AO,tcga_mc3_wes,hrd_binary_33,MuAt-compatible reimplementation,muat_compatible_qkv_attention,0.0,,,3,0.0,0.84765625,0,0.15234375,1
TCGA-AR-A1AP,tcga_mc3_wes,hrd_binary_33,MuAt-compatible reimplementation,muat_compatible_qkv_attention,0.0,,,3,1.0,0.46484375,0,0.53515625,1
TCGA-AR-A1AQ,tcga_mc3_wes,hrd_binary_33,MuAt-compatible reimplementation,muat_compatible_qkv_attention,0.0,,,1,0.0,0.76513671875,0,0.234619140625,1
TCGA-AR-A1AR,tcga_mc3_wes,hrd_binary_33,MuAt-compatible reimplementation,muat_compatible_qkv_attention,0.0,,,3,1.0,0.16796875,0,0.83203125,1
TCGA-AR-A1AU,tcga_mc3_wes,hrd_binary_33,MuAt-compatible reimplementation,muat_compatible_qkv_attention,0.0,,,3,0.0,0.67822265625,0,0.322021484375,1
TCGA-AR-A1AW,tcga_mc3_wes,hrd_binary_33,MuAt-compatible reimplementation,muat_compatible_qkv_attention,0.0,,,1,0.0,0.88427734375,0,0.1158447265625,1
TCGA-AR-A1AX,tcga_mc3_wes,hrd_binary_33,MuAt-compatible reimplementation,muat_compatible_qkv_attention,0.0,,,5,0.0,0.76708984375,0,0.23291015625,1
TCGA-AR-A1AY,tcga_mc3_wes,hrd_binary_33,MuAt-compatible reimplementation,muat_compatible_qkv_attention,1.0,,,2,0.0,0.72119140625,0,0.278564453125,1
TCGA-AR-A24L,tcga_mc3_wes,hrd_binary_33,MuAt-compatible reimplementation,muat_compatible_qkv_attention,1.0,,,5,1.0,0.332763671875,0,0.6669921875,1
TCGA-AR-A24N,tcga_mc3_wes,hrd_binary_33,MuAt-compatible reimplementation,muat_compatible_qkv_attention,0.0,,,3,0.0,0.908203125,0,0.09185791015625,1
TCGA-AR-A24O,tcga_mc3_wes,hrd_binary_33,MuAt-compatible reimplementation,muat_compatible_qkv_attention,0.0,,,3,1.0,0.323486328125,0,0.67626953125,1
TCGA-AR-A24P,tcga_mc3_wes,hrd_binary_33,MuAt-compatible reimplementation,muat_compatible_qkv_attention,0.0,,,3,1.0,0.486083984375,0,0.513671875,1
TCGA-AR-A24Q,tcga_mc3_wes,hrd_binary_33,MuAt-compatible reimplementation,muat_compatible_qkv_attention,1.0,,,3,1.0,0.2607421875,0,0.7392578125,1
TCGA-AR-A24R,tcga_mc3_wes,hrd_binary_33,MuAt-compatible reimplementation,muat_compatible_qkv_attention,0.0,,,5,0.0,0.72998046875,0,0.270263671875,1
TCGA-AR-A24S,tcga_mc3_wes,hrd_binary_33,MuAt-compatible reimplementation,muat_compatible_qkv_attention,0.0,,,3,1.0,0.285400390625,0,0.71484375,1
TCGA-AR-A24U,tcga_mc3_wes,hrd_binary_33,MuAt-compatible reimplementation,muat_compatible_qkv_attention,0.0,,,3,0.0,0.6005859375,0,0.3994140625,1
TCGA-AR-A24V,tcga_mc3_wes,hrd_binary_33,MuAt-compatible reimplementation,muat_compatible_qkv_attention,0.0,,,2,0.0,0.9091796875,0,0.09088134765625,1
TCGA-AR-A24W,tcga_mc3_wes,hrd_binary_33,MuAt-compatible reimplementation,muat_compatible_qkv_attention,0.0,,,3,0.0,0.93798828125,0,0.0618896484375,1
TCGA-AR-A24X,tcga_mc3_wes,hrd_binary_33,MuAt-compatible reimplementation,muat_compatible_qkv_attention,0.0,,,4,0.0,0.79833984375,0,0.201416015625,1
TCGA-AR-A24Z,tcga_mc3_wes,hrd_binary_33,MuAt-compatible reimplementation,muat_compatible_qkv_attention,1.0,,,2,0.0,0.7939453125,0,0.2059326171875,1
TCGA-AR-A250,tcga_mc3_wes,hrd_binary_33,MuAt-compatible reimplementation,muat_compatible_qkv_attention,0.0,,,2,0.0,0.865234375,0,0.1348876953125,1
TCGA-AR-A251,tcga_mc3_wes,hrd_binary_33,MuAt-compatible reimplementation,muat_compatible_qkv_attention,1.0,,,3,1.0,0.1099853515625,0,0.89013671875,1
TCGA-AR-A252,tcga_mc3_wes,hrd_binary_33,MuAt-compatible reimplementation,muat_compatible_qkv_attention,0.0,,,5,0.0,0.77978515625,0,0.219970703125,1
TCGA-AR-A254,tcga_mc3_wes,hrd_binary_33,MuAt-compatible reimplementation,muat_compatible_qkv_attention,0.0,,,2,0.0,0.90771484375,0,0.092529296875,1
TCGA-AR-A256,tcga_mc3_wes,hrd_binary_33,MuAt-compatible reimplementation,muat_compatible_qkv_attention,1.0,,,5,1.0,0.2391357421875,0,0.7607421875,1
TCGA-AR-A2LH,tcga_mc3_wes,hrd_binary_33,MuAt-compatible reimplementation,muat_compatible_qkv_attention,0.0,,,4,0.0,0.7548828125,0,0.245361328125,1
TCGA-AR-A2LK,tcga_mc3_wes,hrd_binary_33,MuAt-compatible reimplementation,muat_compatible_qkv_attention,0.0,,,1,0.0,0.9248046875,0,0.0751953125,1
TCGA-AR-A2LN,tcga_mc3_wes,hrd_binary_33,MuAt-compatible reimplementation,muat_compatible_qkv_attention,0.0,,,1,0.0,0.9208984375,0,0.0792236328125,1
TCGA-AR-A2LO,tcga_mc3_wes,hrd_binary_33,MuAt-compatible reimplementation,muat_compatible_qkv_attention,0.0,,,4,0.0,0.6513671875,0,0.348388671875,1
TCGA-AR-A2LQ,tcga_mc3_wes,hrd_binary_33,MuAt-compatible reimplementation,muat_compatible_qkv_attention,0.0,,,1,0.0,0.89794921875,0,0.1019287109375,1
TCGA-AR-A5QM,tcga_mc3_wes,hrd_binary_33,MuAt-compatible reimplementation,muat_compatible_qkv_attention,0.0,,,5,0.0,0.89453125,0,0.10528564453125,1
TCGA-AR-A5QN,tcga_mc3_wes,hrd_binary_33,MuAt-compatible reimplementation,muat_compatible_qkv_attention,0.0,,,2,0.0,0.91259765625,0,0.0872802734375,1
TCGA-AR-A5QP,tcga_mc3_wes,hrd_binary_33,MuAt-compatible reimplementation,muat_compatible_qkv_attention,0.0,,,4,0.0,0.7626953125,0,0.2374267578125,1
TCGA-AR-A5QQ,tcga_mc3_wes,hrd_binary_33,MuAt-compatible reimplementation,muat_compatible_qkv_attention,0.0,,,2,1.0,0.477783203125,0,0.5224609375,1
TCGA-B6-A0I2,tcga_mc3_wes,hrd_binary_33,MuAt-compatible reimplementation,muat_compatible_qkv_attention,1.0,,,3,1.0,0.346435546875,0,0.65380859375,1
TCGA-B6-A0I5,tcga_mc3_wes,hrd_binary_33,MuAt-compatible reimplementation,muat_compatible_qkv_attention,0.0,,,3,0.0,0.89501953125,0,0.10504150390625,1
TCGA-B6-A0I9,tcga_mc3_wes,hrd_binary_33,MuAt-compatible reimplementation,muat_compatible_qkv_attention,1.0,,,1,0.0,0.896484375,0,0.103759765625,1
TCGA-B6-A0IB,tcga_mc3_wes,hrd_binary_33,MuAt-compatible reimplementation,muat_compatible_qkv_attention,0.0,,,4,0.0,0.77978515625,0,0.220458984375,1
TCGA-B6-A0IC,tcga_mc3_wes,hrd_binary_33,MuAt-compatible reimplementation,muat_compatible_qkv_attention,0.0,,,4,0.0,0.79296875,0,0.2069091796875,1
TCGA-B6-A0IE,tcga_mc3_wes,hrd_binary_33,MuAt-compatible reimplementation,muat_compatible_qkv_attention,0.0,,,4,1.0,0.429931640625,0,0.56982421875,1
TCGA-B6-A0IH,tcga_mc3_wes,hrd_binary_33,MuAt-compatible reimplementation,muat_compatible_qkv_attention,0.0,,,5,0.0,0.8115234375,0,0.1883544921875,1
TCGA-B6-A0IJ,tcga_mc3_wes,hrd_binary_33,MuAt-compatible reimplementation,muat_compatible_qkv_attention,1.0,,,2,1.0,0.2998046875,0,0.7001953125,1
TCGA-B6-A0IN,tcga_mc3_wes,hrd_binary_33,MuAt-compatible reimplementation,muat_compatible_qkv_attention,0.0,,,4,0.0,0.591796875,0,0.408203125,1
TCGA-B6-A0RE,tcga_mc3_wes,hrd_binary_33,MuAt-compatible reimplementation,muat_compatible_qkv_attention,1.0,,,1,1.0,0.467041015625,0,0.533203125,1
TCGA-B6-A0RG,tcga_mc3_wes,hrd_binary_33,MuAt-compatible reimplementation,muat_compatible_qkv_attention,0.0,,,1,0.0,0.74658203125,0,0.253173828125,1
TCGA-B6-A0RH,tcga_mc3_wes,hrd_binary_33,MuAt-compatible reimplementation,muat_compatible_qkv_attention,0.0,,,2,0.0,0.81005859375,0,0.1898193359375,1
TCGA-B6-A0RI,tcga_mc3_wes,hrd_binary_33,MuAt-compatible reimplementation,muat_compatible_qkv_attention,0.0,,,4,0.0,0.84619140625,0,0.1536865234375,1
TCGA-B6-A0RL,tcga_mc3_wes,hrd_binary_33,MuAt-compatible reimplementation,muat_compatible_qkv_attention,0.0,,,3,0.0,0.9423828125,0,0.057373046875,1
TCGA-B6-A0RN,tcga_mc3_wes,hrd_binary_33,MuAt-compatible reimplementation,muat_compatible_qkv_attention,0.0,,,4,0.0,0.87548828125,0,0.12457275390625,1
TCGA-B6-A0RO,tcga_mc3_wes,hrd_binary_33,MuAt-compatible reimplementation,muat_compatible_qkv_attention,0.0,,,2,0.0,0.74755859375,0,0.252685546875,1
TCGA-B6-A0RP,tcga_mc3_wes,hrd_binary_33,MuAt-compatible reimplementation,muat_compatible_qkv_attention,0.0,,,5,0.0,0.962890625,0,0.036956787109375,1
TCGA-B6-A0RS,tcga_mc3_wes,hrd_binary_33,MuAt-compatible reimplementation,muat_compatible_qkv_attention,1.0,,,3,0.0,0.66845703125,0,0.33154296875,1
TCGA-B6-A0RU,tcga_mc3_wes,hrd_binary_33,MuAt-compatible reimplementation,muat_compatible_qkv_attention,0.0,,,3,1.0,0.459716796875,0,0.5400390625,1
TCGA-B6-A0RV,tcga_mc3_wes,hrd_binary_33,MuAt-compatible reimplementation,muat_compatible_qkv_attention,0.0,,,5,0.0,0.849609375,0,0.150390625,1
TCGA-B6-A0WS,tcga_mc3_wes,hrd_binary_33,MuAt-compatible reimplementation,muat_compatible_qkv_attention,0.0,,,3,0.0,0.85400390625,0,0.14599609375,1
TCGA-B6-A0WT,tcga_mc3_wes,hrd_binary_33,MuAt-compatible reimplementation,muat_compatible_qkv_attention,0.0,,,3,0.0,0.9013671875,0,0.09857177734375,1
TCGA-B6-A0WW,tcga_mc3_wes,hrd_binary_33,MuAt-compatible reimplementation,muat_compatible_qkv_attention,0.0,,,4,0.0,0.7822265625,0,0.217529296875,1
TCGA-B6-A0WY,tcga_mc3_wes,hrd_binary_33,MuAt-compatible reimplementation,muat_compatible_qkv_attention,0.0,,,4,0.0,0.74072265625,0,0.259521484375,1
TCGA-B6-A0WZ,tcga_mc3_wes,hrd_binary_33,MuAt-compatible reimplementation,muat_compatible_qkv_attention,0.0,,,3,0.0,0.94677734375,0,0.053466796875,1
TCGA-B6-A0X0,tcga_mc3_wes,hrd_binary_33,MuAt-compatible reimplementation,muat_compatible_qkv_attention,0.0,,,3,0.0,0.92822265625,0,0.07159423828125,1
TCGA-B6-A0X1,tcga_mc3_wes,hrd_binary_33,MuAt-compatible reimplementation,muat_compatible_qkv_attention,1.0,,,1,0.0,0.53369140625,0,0.46630859375,1
TCGA-B6-A0X4,tcga_mc3_wes,hrd_binary_33,MuAt-compatible reimplementation,muat_compatible_qkv_attention,0.0,,,3,0.0,0.96142578125,0,0.038543701171875,1
TCGA-B6-A0X5,tcga_mc3_wes,hrd_binary_33,MuAt-compatible reimplementation,muat_compatible_qkv_attention,0.0,,,2,0.0,0.89990234375,0,0.10009765625,1
TCGA-B6-A1KC,tcga_mc3_wes,hrd_binary_33,MuAt-compatible reimplementation,muat_compatible_qkv_attention,0.0,,,5,0.0,0.703125,0,0.296875,1
TCGA-B6-A1KF,tcga_mc3_wes,hrd_binary_33,MuAt-compatible reimplementation,muat_compatible_qkv_attention,0.0,,,3,1.0,0.1702880859375,0,0.82958984375,1
TCGA-B6-A1KN,tcga_mc3_wes,hrd_binary_33,MuAt-compatible reimplementation,muat_compatible_qkv_attention,1.0,,,5,0.0,0.56201171875,0,0.43798828125,1
TCGA-B6-A2IU,tcga_mc3_wes,hrd_binary_33,MuAt-compatible reimplementation,muat_compatible_qkv_attention,0.0,,,3,0.0,0.9560546875,0,0.044097900390625,1
TCGA-B6-A401,tcga_mc3_wes,hrd_binary_33,MuAt-compatible reimplementation,muat_compatible_qkv_attention,0.0,,,2,0.0,0.935546875,0,0.0643310546875,1
TCGA-B6-A409,tcga_mc3_wes,hrd_binary_33,MuAt-compatible reimplementation,muat_compatible_qkv_attention,1.0,,,2,0.0,0.8046875,0,0.1951904296875,1
TCGA-B6-A40C,tcga_mc3_wes,hrd_binary_33,MuAt-compatible reimplementation,muat_compatible_qkv_attention,0.0,,,1,0.0,0.7431640625,0,0.2568359375,1
TCGA-BH-A0AU,tcga_mc3_wes,hrd_binary_33,MuAt-compatible reimplementation,muat_compatible_qkv_attention,0.0,,,3,0.0,0.89794921875,0,0.1019287109375,1
TCGA-BH-A0AV,tcga_mc3_wes,hrd_binary_33,MuAt-compatible reimplementation,muat_compatible_qkv_attention,1.0,,,4,1.0,0.46728515625,0,0.53271484375,1
TCGA-BH-A0AW,tcga_mc3_wes,hrd_binary_33,MuAt-compatible reimplementation,muat_compatible_qkv_attention,1.0,,,5,0.0,0.513671875,0,0.486083984375,1
TCGA-BH-A0AY,tcga_mc3_wes,hrd_binary_33,MuAt-compatible reimplementation,muat_compatible_qkv_attention,0.0,,,4,1.0,0.31689453125,0,0.68310546875,1
TCGA-BH-A0AZ,tcga_mc3_wes,hrd_binary_33,MuAt-compatible reimplementation,muat_compatible_qkv_attention,1.0,,,3,0.0,0.78564453125,0,0.21435546875,1
TCGA-BH-A0B3,tcga_mc3_wes,hrd_binary_33,MuAt-compatible reimplementation,muat_compatible_qkv_attention,1.0,,,3,1.0,0.2132568359375,0,0.78662109375,1
TCGA-BH-A0B5,tcga_mc3_wes,hrd_binary_33,MuAt-compatible reimplementation,muat_compatible_qkv_attention,0.0,,,2,0.0,0.90966796875,0,0.0904541015625,1
TCGA-BH-A0B7,tcga_mc3_wes,hrd_binary_33,MuAt-compatible reimplementation,muat_compatible_qkv_attention,0.0,,,2,0.0,0.79638671875,0,0.2037353515625,1
TCGA-BH-A0B9,tcga_mc3_wes,hrd_binary_33,MuAt-compatible reimplementation,muat_compatible_qkv_attention,1.0,,,2,0.0,0.7587890625,0,0.241455078125,1
TCGA-BH-A0BA,tcga_mc3_wes,hrd_binary_33,MuAt-compatible reimplementation,muat_compatible_qkv_attention,0.0,,,1,0.0,0.84375,0,0.156005859375,1
TCGA-BH-A0BC,tcga_mc3_wes,hrd_binary_33,MuAt-compatible reimplementation,muat_compatible_qkv_attention,0.0,,,5,0.0,0.9580078125,0,0.042022705078125,1
TCGA-BH-A0BF,tcga_mc3_wes,hrd_binary_33,MuAt-compatible reimplementation,muat_compatible_qkv_attention,0.0,,,2,0.0,0.884765625,0,0.115478515625,1
TCGA-BH-A0BJ,tcga_mc3_wes,hrd_binary_33,MuAt-compatible reimplementation,muat_compatible_qkv_attention,0.0,,,2,0.0,0.85693359375,0,0.1431884765625,1
TCGA-BH-A0BL,tcga_mc3_wes,hrd_binary_33,MuAt-compatible reimplementation,muat_compatible_qkv_attention,1.0,,,3,1.0,0.35205078125,0,0.64794921875,1
TCGA-BH-A0BM,tcga_mc3_wes,hrd_binary_33,MuAt-compatible reimplementation,muat_compatible_qkv_attention,0.0,,,1,0.0,0.83056640625,0,0.16943359375,1
TCGA-BH-A0BO,tcga_mc3_wes,hrd_binary_33,MuAt-compatible reimplementation,muat_compatible_qkv_attention,0.0,,,2,0.0,0.86328125,0,0.136962890625,1
TCGA-BH-A0BP,tcga_mc3_wes,hrd_binary_33,MuAt-compatible reimplementation,muat_compatible_qkv_attention,1.0,,,3,1.0,0.27978515625,0,0.72021484375,1
TCGA-BH-A0BR,tcga_mc3_wes,hrd_binary_33,MuAt-compatible reimplementation,muat_compatible_qkv_attention,1.0,,,3,0.0,0.5791015625,0,0.4208984375,1
TCGA-BH-A0BT,tcga_mc3_wes,hrd_binary_33,MuAt-compatible reimplementation,muat_compatible_qkv_attention,0.0,,,1,0.0,0.95654296875,0,0.04339599609375,1
TCGA-BH-A0BZ,tcga_mc3_wes,hrd_binary_33,MuAt-compatible reimplementation,muat_compatible_qkv_attention,0.0,,,5,1.0,0.253662109375,0,0.74609375,1
TCGA-BH-A0C1,tcga_mc3_wes,hrd_binary_33,MuAt-compatible reimplementation,muat_compatible_qkv_attention,0.0,,,1,0.0,0.95361328125,0,0.04638671875,1
TCGA-BH-A0C3,tcga_mc3_wes,hrd_binary_33,MuAt-compatible reimplementation,muat_compatible_qkv_attention,0.0,,,1,0.0,0.73388671875,0,0.265869140625,1
TCGA-BH-A0C7,tcga_mc3_wes,hrd_binary_33,MuAt-compatible reimplementation,muat_compatible_qkv_attention,1.0,,,3,0.0,0.89306640625,0,0.10687255859375,1
TCGA-BH-A0DE,tcga_mc3_wes,hrd_binary_33,MuAt-compatible reimplementation,muat_compatible_qkv_attention,0.0,,,5,0.0,0.8134765625,0,0.186767578125,1
TCGA-BH-A0DG,tcga_mc3_wes,hrd_binary_33,MuAt-compatible reimplementation,muat_compatible_qkv_attention,0.0,,,3,0.0,0.90966796875,0,0.09033203125,1
TCGA-BH-A0DH,tcga_mc3_wes,hrd_binary_33,MuAt-compatible reimplementation,muat_compatible_qkv_attention,0.0,,,1,0.0,0.96875,0,0.0311431884765625,1
TCGA-BH-A0DI,tcga_mc3_wes,hrd_binary_33,MuAt-compatible reimplementation,muat_compatible_qkv_attention,0.0,,,3,1.0,0.31689453125,0,0.68310546875,1
TCGA-BH-A0DK,tcga_mc3_wes,hrd_binary_33,MuAt-compatible reimplementation,muat_compatible_qkv_attention,0.0,,,1,0.0,0.75634765625,0,0.243896484375,1
TCGA-BH-A0DL,tcga_mc3_wes,hrd_binary_33,MuAt-compatible reimplementation,muat_compatible_qkv_attention,0.0,,,1,0.0,0.93603515625,0,0.0638427734375,1
TCGA-BH-A0DO,tcga_mc3_wes,hrd_binary_33,MuAt-compatible reimplementation,muat_compatible_qkv_attention,0.0,,,1,0.0,0.8583984375,0,0.1414794921875,1
TCGA-BH-A0DQ,tcga_mc3_wes,hrd_binary_33,MuAt-compatible reimplementation,muat_compatible_qkv_attention,0.0,,,1,0.0,0.6474609375,0,0.352294921875,1
TCGA-BH-A0DS,tcga_mc3_wes,hrd_binary_33,MuAt-compatible reimplementation,muat_compatible_qkv_attention,0.0,,,4,0.0,0.76513671875,0,0.2349853515625,1
TCGA-BH-A0DT,tcga_mc3_wes,hrd_binary_33,MuAt-compatible reimplementation,muat_compatible_qkv_attention,0.0,,,3,0.0,0.9150390625,0,0.0849609375,1
TCGA-BH-A0DV,tcga_mc3_wes,hrd_binary_33,MuAt-compatible reimplementation,muat_compatible_qkv_attention,0.0,,,5,0.0,0.9931640625,0,0.00702667236328125,1
TCGA-BH-A0DX,tcga_mc3_wes,hrd_binary_33,MuAt-compatible reimplementation,muat_compatible_qkv_attention,0.0,,,4,0.0,0.8447265625,0,0.1553955078125,1
TCGA-BH-A0DZ,tcga_mc3_wes,hrd_binary_33,MuAt-compatible reimplementation,muat_compatible_qkv_attention,0.0,,,3,1.0,0.380615234375,0,0.61962890625,1
TCGA-BH-A0E0,tcga_mc3_wes,hrd_binary_33,MuAt-compatible reimplementation,muat_compatible_qkv_attention,0.0,,,5,0.0,0.751953125,0,0.248046875,1
TCGA-BH-A0E1,tcga_mc3_wes,hrd_binary_33,MuAt-compatible reimplementation,muat_compatible_qkv_attention,0.0,,,1,0.0,0.890625,0,0.10919189453125,1
TCGA-BH-A0E2,tcga_mc3_wes,hrd_binary_33,MuAt-compatible reimplementation,muat_compatible_qkv_attention,0.0,,,3,0.0,0.90869140625,0,0.09124755859375,1
TCGA-BH-A0E7,tcga_mc3_wes,hrd_binary_33,MuAt-compatible reimplementation,muat_compatible_qkv_attention,0.0,,,4,0.0,0.80712890625,0,0.193115234375,1
TCGA-BH-A0E9,tcga_mc3_wes,hrd_binary_33,MuAt-compatible reimplementation,muat_compatible_qkv_attention,0.0,,,5,0.0,0.85009765625,0,0.1500244140625,1
TCGA-BH-A0EA,tcga_mc3_wes,hrd_binary_33,MuAt-compatible reimplementation,muat_compatible_qkv_attention,0.0,,,5,0.0,0.9560546875,0,0.0440673828125,1
TCGA-BH-A0EB,tcga_mc3_wes,hrd_binary_33,MuAt-compatible reimplementation,muat_compatible_qkv_attention,0.0,,,1,0.0,0.927734375,0,0.07208251953125,1
TCGA-BH-A0EE,tcga_mc3_wes,hrd_binary_33,MuAt-compatible reimplementation,muat_compatible_qkv_attention,0.0,,,2,0.0,0.880859375,0,0.11895751953125,1
TCGA-BH-A0GY,tcga_mc3_wes,hrd_binary_33,MuAt-compatible reimplementation,muat_compatible_qkv_attention,0.0,,,4,0.0,0.7998046875,0,0.2003173828125,1
TCGA-BH-A0H0,tcga_mc3_wes,hrd_binary_33,MuAt-compatible reimplementation,muat_compatible_qkv_attention,0.0,,,1,0.0,0.9013671875,0,0.0987548828125,1
TCGA-BH-A0H6,tcga_mc3_wes,hrd_binary_33,MuAt-compatible reimplementation,muat_compatible_qkv_attention,0.0,,,5,0.0,0.6083984375,0,0.391357421875,1
TCGA-BH-A0H7,tcga_mc3_wes,hrd_binary_33,MuAt-compatible reimplementation,muat_compatible_qkv_attention,1.0,,,3,1.0,0.362060546875,0,0.6376953125,1
TCGA-BH-A0HA,tcga_mc3_wes,hrd_binary_33,MuAt-compatible reimplementation,muat_compatible_qkv_attention,0.0,,,4,0.0,0.68603515625,0,0.31396484375,1
TCGA-BH-A0HB,tcga_mc3_wes,hrd_binary_33,MuAt-compatible reimplementation,muat_compatible_qkv_attention,0.0,,,1,0.0,0.96533203125,0,0.034698486328125,1
TCGA-BH-A0HI,tcga_mc3_wes,hrd_binary_33,MuAt-compatible reimplementation,muat_compatible_qkv_attention,0.0,,,5,0.0,0.986328125,0,0.01364898681640625,1
TCGA-BH-A0HK,tcga_mc3_wes,hrd_binary_33,MuAt-compatible reimplementation,muat_compatible_qkv_attention,0.0,,,5,0.0,0.7587890625,0,0.2410888671875,1
TCGA-BH-A0HO,tcga_mc3_wes,hrd_binary_33,MuAt-compatible reimplementation,muat_compatible_qkv_attention,0.0,,,5,0.0,0.79296875,0,0.20703125,1
TCGA-BH-A0HP,tcga_mc3_wes,hrd_binary_33,MuAt-compatible reimplementation,muat_compatible_qkv_attention,0.0,,,2,0.0,0.6025390625,0,0.397216796875,1
TCGA-BH-A0HQ,tcga_mc3_wes,hrd_binary_33,MuAt-compatible reimplementation,muat_compatible_qkv_attention,0.0,,,1,0.0,0.9404296875,0,0.059539794921875,1
TCGA-BH-A0HU,tcga_mc3_wes,hrd_binary_33,MuAt-compatible reimplementation,muat_compatible_qkv_attention,1.0,,,3,0.0,0.85693359375,0,0.143310546875,1
TCGA-BH-A0HW,tcga_mc3_wes,hrd_binary_33,MuAt-compatible reimplementation,muat_compatible_qkv_attention,0.0,,,1,0.0,0.92138671875,0,0.07855224609375,1
TCGA-BH-A0HX,tcga_mc3_wes,hrd_binary_33,MuAt-compatible reimplementation,muat_compatible_qkv_attention,1.0,,,2,1.0,0.4267578125,0,0.5732421875,1
TCGA-BH-A0HY,tcga_mc3_wes,hrd_binary_33,MuAt-compatible reimplementation,muat_compatible_qkv_attention,1.0,,,1,0.0,0.541015625,0,0.458984375,1
TCGA-BH-A0W3,tcga_mc3_wes,hrd_binary_33,MuAt-compatible reimplementation,muat_compatible_qkv_attention,0.0,,,4,0.0,0.54541015625,0,0.454345703125,1
TCGA-BH-A0W4,tcga_mc3_wes,hrd_binary_33,MuAt-compatible reimplementation,muat_compatible_qkv_attention,0.0,,,5,0.0,0.69921875,0,0.301025390625,1
TCGA-BH-A0WA,tcga_mc3_wes,hrd_binary_33,MuAt-compatible reimplementation,muat_compatible_qkv_attention,1.0,,,3,1.0,0.347900390625,0,0.65234375,1
TCGA-BH-A18F,tcga_mc3_wes,hrd_binary_33,MuAt-compatible reimplementation,muat_compatible_qkv_attention,0.0,,,4,0.0,0.85986328125,0,0.14013671875,1
TCGA-BH-A18G,tcga_mc3_wes,hrd_binary_33,MuAt-compatible reimplementation,muat_compatible_qkv_attention,0.0,,,4,1.0,0.480224609375,0,0.51953125,1
TCGA-BH-A18H,tcga_mc3_wes,hrd_binary_33,MuAt-compatible reimplementation,muat_compatible_qkv_attention,0.0,,,1,0.0,0.81689453125,0,0.183349609375,1
TCGA-BH-A18I,tcga_mc3_wes,hrd_binary_33,MuAt-compatible reimplementation,muat_compatible_qkv_attention,0.0,,,1,0.0,0.96142578125,0,0.038604736328125,1
TCGA-BH-A18J,tcga_mc3_wes,hrd_binary_33,MuAt-compatible reimplementation,muat_compatible_qkv_attention,0.0,,,4,0.0,0.767578125,0,0.2325439453125,1
TCGA-BH-A18K,tcga_mc3_wes,hrd_binary_33,MuAt-compatible reimplementation,muat_compatible_qkv_attention,0.0,,,5,0.0,0.61865234375,0,0.381103515625,1
TCGA-BH-A18L,tcga_mc3_wes,hrd_binary_33,MuAt-compatible reimplementation,muat_compatible_qkv_attention,0.0,,,1,0.0,0.8408203125,0,0.1590576171875,1
TCGA-BH-A18M,tcga_mc3_wes,hrd_binary_33,MuAt-compatible reimplementation,muat_compatible_qkv_attention,0.0,,,4,0.0,0.88134765625,0,0.118896484375,1
TCGA-BH-A18N,tcga_mc3_wes,hrd_binary_33,MuAt-compatible reimplementation,muat_compatible_qkv_attention,0.0,,,2,0.0,0.708984375,0,0.291015625,1
TCGA-BH-A18P,tcga_mc3_wes,hrd_binary_33,MuAt-compatible reimplementation,muat_compatible_qkv_attention,0.0,,,1,0.0,0.9345703125,0,0.065185546875,1
TCGA-BH-A18Q,tcga_mc3_wes,hrd_binary_33,MuAt-compatible reimplementation,muat_compatible_qkv_attention,1.0,,,2,1.0,0.2919921875,0,0.7080078125,1
TCGA-BH-A18R,tcga_mc3_wes,hrd_binary_33,MuAt-compatible reimplementation,muat_compatible_qkv_attention,0.0,,,5,1.0,0.4599609375,0,0.5400390625,1
TCGA-BH-A18S,tcga_mc3_wes,hrd_binary_33,MuAt-compatible reimplementation,muat_compatible_qkv_attention,0.0,,,3,0.0,0.861328125,0,0.1385498046875,1
TCGA-BH-A18T,tcga_mc3_wes,hrd_binary_33,MuAt-compatible reimplementation,muat_compatible_qkv_attention,1.0,,,1,0.0,0.6044921875,0,0.395751953125,1
TCGA-BH-A18U,tcga_mc3_wes,hrd_binary_33,MuAt-compatible reimplementation,muat_compatible_qkv_attention,1.0,,,2,0.0,0.779296875,0,0.220703125,1
TCGA-BH-A1EO,tcga_mc3_wes,hrd_binary_33,MuAt-compatible reimplementation,muat_compatible_qkv_attention,0.0,,,5,0.0,0.84912109375,0,0.1510009765625,1
TCGA-BH-A1ET,tcga_mc3_wes,hrd_binary_33,MuAt-compatible reimplementation,muat_compatible_qkv_attention,0.0,,,2,0.0,0.89697265625,0,0.10321044921875,1
TCGA-BH-A1EU,tcga_mc3_wes,hrd_binary_33,MuAt-compatible reimplementation,muat_compatible_qkv_attention,0.0,,,4,0.0,0.798828125,0,0.2010498046875,1
TCGA-BH-A1EV,tcga_mc3_wes,hrd_binary_33,MuAt-compatible reimplementation,muat_compatible_qkv_attention,0.0,,,2,0.0,0.78564453125,0,0.21435546875,1
TCGA-BH-A1EW,tcga_mc3_wes,hrd_binary_33,MuAt-compatible reimplementation,muat_compatible_qkv_attention,0.0,,,2,0.0,0.8974609375,0,0.10235595703125,1
TCGA-BH-A1EX,tcga_mc3_wes,hrd_binary_33,MuAt-compatible reimplementation,muat_compatible_qkv_attention,0.0,,,2,0.0,0.94287109375,0,0.0570068359375,1
TCGA-BH-A1EY,tcga_mc3_wes,hrd_binary_33,MuAt-compatible reimplementation,muat_compatible_qkv_attention,1.0,,,2,0.0,0.72802734375,0,0.271728515625,1
TCGA-BH-A1F0,tcga_mc3_wes,hrd_binary_33,MuAt-compatible reimplementation,muat_compatible_qkv_attention,1.0,,,2,0.0,0.79931640625,0,0.2008056640625,1
TCGA-BH-A1F2,tcga_mc3_wes,hrd_binary_33,MuAt-compatible reimplementation,muat_compatible_qkv_attention,1.0,,,3,1.0,0.28125,0,0.71875,1
TCGA-BH-A1FC,tcga_mc3_wes,hrd_binary_33,MuAt-compatible reimplementation,muat_compatible_qkv_attention,1.0,,,2,1.0,0.47705078125,0,0.52294921875,1
TCGA-BH-A1FE,tcga_mc3_wes,hrd_binary_33,MuAt-compatible reimplementation,muat_compatible_qkv_attention,0.0,,,5,0.0,0.8779296875,0,0.12188720703125,1
TCGA-BH-A1FG,tcga_mc3_wes,hrd_binary_33,MuAt-compatible reimplementation,muat_compatible_qkv_attention,0.0,,,2,0.0,0.92138671875,0,0.07861328125,1
TCGA-BH-A1FJ,tcga_mc3_wes,hrd_binary_33,MuAt-compatible reimplementation,muat_compatible_qkv_attention,0.0,,,2,0.0,0.93359375,0,0.06640625,1
TCGA-BH-A1FL,tcga_mc3_wes,hrd_binary_33,MuAt-compatible reimplementation,muat_compatible_qkv_attention,0.0,,,5,0.0,0.8720703125,0,0.1280517578125,1
TCGA-BH-A1FM,tcga_mc3_wes,hrd_binary_33,MuAt-compatible reimplementation,muat_compatible_qkv_attention,1.0,,,2,0.0,0.8994140625,0,0.10052490234375,1
TCGA-BH-A1FN,tcga_mc3_wes,hrd_binary_33,MuAt-compatible reimplementation,muat_compatible_qkv_attention,1.0,,,5,1.0,0.413818359375,0,0.58642578125,1
TCGA-BH-A1FU,tcga_mc3_wes,hrd_binary_33,MuAt-compatible reimplementation,muat_compatible_qkv_attention,0.0,,,2,0.0,0.7783203125,0,0.2215576171875,1
TCGA-BH-A201,tcga_mc3_wes,hrd_binary_33,MuAt-compatible reimplementation,muat_compatible_qkv_attention,0.0,,,5,0.0,0.8984375,0,0.10137939453125,1
TCGA-BH-A202,tcga_mc3_wes,hrd_binary_33,MuAt-compatible reimplementation,muat_compatible_qkv_attention,0.0,,,2,0.0,0.923828125,0,0.07635498046875,1
TCGA-BH-A203,tcga_mc3_wes,hrd_binary_33,MuAt-compatible reimplementation,muat_compatible_qkv_attention,1.0,,,5,0.0,0.85498046875,0,0.1448974609375,1
TCGA-BH-A204,tcga_mc3_wes,hrd_binary_33,MuAt-compatible reimplementation,muat_compatible_qkv_attention,0.0,,,1,0.0,0.75927734375,0,0.2406005859375,1
TCGA-BH-A208,tcga_mc3_wes,hrd_binary_33,MuAt-compatible reimplementation,muat_compatible_qkv_attention,0.0,,,4,1.0,0.3212890625,0,0.6787109375,1
TCGA-BH-A209,tcga_mc3_wes,hrd_binary_33,MuAt-compatible reimplementation,muat_compatible_qkv_attention,0.0,,,3,0.0,0.91064453125,0,0.08929443359375,1
TCGA-BH-A28Q,tcga_mc3_wes,hrd_binary_33,MuAt-compatible reimplementation,muat_compatible_qkv_attention,0.0,,,3,0.0,0.92919921875,0,0.07073974609375,1
TCGA-BH-A2L8,tcga_mc3_wes,hrd_binary_33,MuAt-compatible reimplementation,muat_compatible_qkv_attention,0.0,,,5,0.0,0.7626953125,0,0.2373046875,1
TCGA-BH-A42V,tcga_mc3_wes,hrd_binary_33,MuAt-compatible reimplementation,muat_compatible_qkv_attention,0.0,,,1,0.0,0.96533203125,0,0.0347900390625,1
TCGA-BH-A5IZ,tcga_mc3_wes,hrd_binary_33,MuAt-compatible reimplementation,muat_compatible_qkv_attention,1.0,,,4,0.0,0.56884765625,0,0.43115234375,1
TCGA-BH-A6R8,tcga_mc3_wes,hrd_binary_33,MuAt-compatible reimplementation,muat_compatible_qkv_attention,0.0,,,4,0.0,0.81689453125,0,0.1832275390625,1
TCGA-BH-A6R9,tcga_mc3_wes,hrd_binary_33,MuAt-compatible reimplementation,muat_compatible_qkv_attention,0.0,,,5,0.0,0.73388671875,0,0.26611328125,1
TCGA-BH-A8FY,tcga_mc3_wes,hrd_binary_33,MuAt-compatible reimplementation,muat_compatible_qkv_attention,0.0,,,4,0.0,0.55859375,0,0.441650390625,1
TCGA-BH-A8FZ,tcga_mc3_wes,hrd_binary_33,MuAt-compatible reimplementation,muat_compatible_qkv_attention,1.0,,,3,0.0,0.740234375,0,0.259765625,1
TCGA-BH-A8G0,tcga_mc3_wes,hrd_binary_33,MuAt-compatible reimplementation,muat_compatible_qkv_attention,0.0,,,2,0.0,0.92529296875,0,0.07464599609375,1
TCGA-BH-AB28,tcga_mc3_wes,hrd_binary_33,MuAt-compatible reimplementation,muat_compatible_qkv_attention,0.0,,,3,0.0,0.90869140625,0,0.0914306640625,1
TCGA-C8-A12L,tcga_mc3_wes,hrd_binary_33,MuAt-compatible reimplementation,muat_compatible_qkv_attention,1.0,,,1,1.0,0.252685546875,0,0.74755859375,1
TCGA-C8-A12M,tcga_mc3_wes,hrd_binary_33,MuAt-compatible reimplementation,muat_compatible_qkv_attention,0.0,,,4,1.0,0.43994140625,0,0.56005859375,1
TCGA-C8-A12N,tcga_mc3_wes,hrd_binary_33,MuAt-compatible reimplementation,muat_compatible_qkv_attention,0.0,,,4,0.0,0.8291015625,0,0.170654296875,1
TCGA-C8-A12O,tcga_mc3_wes,hrd_binary_33,MuAt-compatible reimplementation,muat_compatible_qkv_attention,0.0,,,3,1.0,0.380126953125,0,0.61962890625,1
TCGA-C8-A12P,tcga_mc3_wes,hrd_binary_33,MuAt-compatible reimplementation,muat_compatible_qkv_attention,1.0,,,2,1.0,0.437255859375,0,0.56298828125,1
TCGA-C8-A12Q,tcga_mc3_wes,hrd_binary_33,MuAt-compatible reimplementation,muat_compatible_qkv_attention,1.0,,,4,0.0,0.73828125,0,0.26171875,1
TCGA-C8-A12U,tcga_mc3_wes,hrd_binary_33,MuAt-compatible reimplementation,muat_compatible_qkv_attention,1.0,,,1,0.0,0.88427734375,0,0.11553955078125,1
TCGA-C8-A12W,tcga_mc3_wes,hrd_binary_33,MuAt-compatible reimplementation,muat_compatible_qkv_attention,0.0,,,1,0.0,0.7275390625,0,0.272216796875,1
TCGA-C8-A12Y,tcga_mc3_wes,hrd_binary_33,MuAt-compatible reimplementation,muat_compatible_qkv_attention,0.0,,,2,0.0,0.88134765625,0,0.118896484375,1
TCGA-C8-A12Z,tcga_mc3_wes,hrd_binary_33,MuAt-compatible reimplementation,muat_compatible_qkv_attention,0.0,,,1,0.0,0.94140625,0,0.058746337890625,1
TCGA-C8-A130,tcga_mc3_wes,hrd_binary_33,MuAt-compatible reimplementation,muat_compatible_qkv_attention,1.0,,,2,0.0,0.9072265625,0,0.09295654296875,1
TCGA-C8-A131,tcga_mc3_wes,hrd_binary_33,MuAt-compatible reimplementation,muat_compatible_qkv_attention,0.0,,,2,0.0,0.80517578125,0,0.1947021484375,1
TCGA-C8-A132,tcga_mc3_wes,hrd_binary_33,MuAt-compatible reimplementation,muat_compatible_qkv_attention,1.0,,,5,1.0,0.40234375,0,0.59765625,1
TCGA-C8-A133,tcga_mc3_wes,hrd_binary_33,MuAt-compatible reimplementation,muat_compatible_qkv_attention,0.0,,,1,0.0,0.85302734375,0,0.1470947265625,1
TCGA-C8-A135,tcga_mc3_wes,hrd_binary_33,MuAt-compatible reimplementation,muat_compatible_qkv_attention,0.0,,,4,0.0,0.5498046875,0,0.450439453125,1
TCGA-C8-A137,tcga_mc3_wes,hrd_binary_33,MuAt-compatible reimplementation,muat_compatible_qkv_attention,1.0,,,4,0.0,0.724609375,0,0.275634765625,1
TCGA-C8-A138,tcga_mc3_wes,hrd_binary_33,MuAt-compatible reimplementation,muat_compatible_qkv_attention,1.0,,,4,0.0,0.64208984375,0,0.357666015625,1
TCGA-C8-A1HE,tcga_mc3_wes,hrd_binary_33,MuAt-compatible reimplementation,muat_compatible_qkv_attention,0.0,,,4,0.0,0.81103515625,0,0.188720703125,1
TCGA-C8-A1HF,tcga_mc3_wes,hrd_binary_33,MuAt-compatible reimplementation,muat_compatible_qkv_attention,0.0,,,2,0.0,0.78759765625,0,0.2122802734375,1
TCGA-C8-A1HG,tcga_mc3_wes,hrd_binary_33,MuAt-compatible reimplementation,muat_compatible_qkv_attention,1.0,,,4,0.0,0.5869140625,0,0.4130859375,1
TCGA-C8-A1HJ,tcga_mc3_wes,hrd_binary_33,MuAt-compatible reimplementation,muat_compatible_qkv_attention,1.0,,,5,1.0,0.3271484375,0,0.6728515625,1
TCGA-C8-A1HK,tcga_mc3_wes,hrd_binary_33,MuAt-compatible reimplementation,muat_compatible_qkv_attention,0.0,,,3,1.0,0.46435546875,0,0.53564453125,1
TCGA-C8-A1HL,tcga_mc3_wes,hrd_binary_33,MuAt-compatible reimplementation,muat_compatible_qkv_attention,0.0,,,4,0.0,0.61083984375,0,0.38916015625,1
TCGA-C8-A1HM,tcga_mc3_wes,hrd_binary_33,MuAt-compatible reimplementation,muat_compatible_qkv_attention,1.0,,,1,0.0,0.84765625,0,0.15234375,1
TCGA-C8-A26V,tcga_mc3_wes,hrd_binary_33,MuAt-compatible reimplementation,muat_compatible_qkv_attention,0.0,,,3,1.0,0.35888671875,0,0.64111328125,1
TCGA-C8-A26W,tcga_mc3_wes,hrd_binary_33,MuAt-compatible reimplementation,muat_compatible_qkv_attention,0.0,,,1,0.0,0.888671875,0,0.111328125,1
TCGA-C8-A26X,tcga_mc3_wes,hrd_binary_33,MuAt-compatible reimplementation,muat_compatible_qkv_attention,0.0,,,3,0.0,0.77734375,0,0.2227783203125,1
TCGA-C8-A26Y,tcga_mc3_wes,hrd_binary_33,MuAt-compatible reimplementation,muat_compatible_qkv_attention,1.0,,,3,1.0,0.429931640625,0,0.5703125,1
TCGA-C8-A26Z,tcga_mc3_wes,hrd_binary_33,MuAt-compatible reimplementation,muat_compatible_qkv_attention,0.0,,,1,0.0,0.70361328125,0,0.29638671875,1
TCGA-C8-A273,tcga_mc3_wes,hrd_binary_33,MuAt-compatible reimplementation,muat_compatible_qkv_attention,0.0,,,2,0.0,0.921875,0,0.07818603515625,1
TCGA-C8-A275,tcga_mc3_wes,hrd_binary_33,MuAt-compatible reimplementation,muat_compatible_qkv_attention,0.0,,,5,0.0,0.658203125,0,0.341552734375,1
TCGA-C8-A278,tcga_mc3_wes,hrd_binary_33,MuAt-compatible reimplementation,muat_compatible_qkv_attention,0.0,,,5,0.0,0.9306640625,0,0.06939697265625,1
TCGA-C8-A27A,tcga_mc3_wes,hrd_binary_33,MuAt-compatible reimplementation,muat_compatible_qkv_attention,1.0,,,4,0.0,0.82666015625,0,0.173583984375,1
TCGA-C8-A27B,tcga_mc3_wes,hrd_binary_33,MuAt-compatible reimplementation,muat_compatible_qkv_attention,1.0,,,3,1.0,0.269287109375,0,0.73046875,1
TCGA-C8-A8HP,tcga_mc3_wes,hrd_binary_33,MuAt-compatible reimplementation,muat_compatible_qkv_attention,0.0,,,2,0.0,0.85986328125,0,0.14013671875,1
TCGA-C8-A8HQ,tcga_mc3_wes,hrd_binary_33,MuAt-compatible reimplementation,muat_compatible_qkv_attention,0.0,,,4,0.0,0.73681640625,0,0.262939453125,1
TCGA-C8-A8HR,tcga_mc3_wes,hrd_binary_33,MuAt-compatible reimplementation,muat_compatible_qkv_attention,1.0,,,1,0.0,0.78662109375,0,0.213134765625,1
TCGA-D8-A13Y,tcga_mc3_wes,hrd_binary_33,MuAt-compatible reimplementation,muat_compatible_qkv_attention,1.0,,,2,0.0,0.62451171875,0,0.37548828125,1
TCGA-D8-A13Z,tcga_mc3_wes,hrd_binary_33,MuAt-compatible reimplementation,muat_compatible_qkv_attention,1.0,,,2,0.0,0.74609375,0,0.253662109375,1
TCGA-D8-A140,tcga_mc3_wes,hrd_binary_33,MuAt-compatible reimplementation,muat_compatible_qkv_attention,0.0,,,2,0.0,0.861328125,0,0.1387939453125,1
TCGA-D8-A141,tcga_mc3_wes,hrd_binary_33,MuAt-compatible reimplementation,muat_compatible_qkv_attention,0.0,,,5,0.0,0.52978515625,0,0.47021484375,1
TCGA-D8-A143,tcga_mc3_wes,hrd_binary_33,MuAt-compatible reimplementation,muat_compatible_qkv_attention,1.0,,,4,1.0,0.45654296875,0,0.54345703125,1
TCGA-D8-A145,tcga_mc3_wes,hrd_binary_33,MuAt-compatible reimplementation,muat_compatible_qkv_attention,0.0,,,2,0.0,0.88525390625,0,0.11468505859375,1
TCGA-D8-A147,tcga_mc3_wes,hrd_binary_33,MuAt-compatible reimplementation,muat_compatible_qkv_attention,1.0,,,2,0.0,0.5068359375,0,0.492919921875,1
TCGA-D8-A1J8,tcga_mc3_wes,hrd_binary_33,MuAt-compatible reimplementation,muat_compatible_qkv_attention,0.0,,,1,0.0,0.57666015625,0,0.423095703125,1
TCGA-D8-A1J9,tcga_mc3_wes,hrd_binary_33,MuAt-compatible reimplementation,muat_compatible_qkv_attention,0.0,,,1,0.0,0.9521484375,0,0.048065185546875,1
TCGA-D8-A1JA,tcga_mc3_wes,hrd_binary_33,MuAt-compatible reimplementation,muat_compatible_qkv_attention,0.0,,,2,0.0,0.68994140625,0,0.309814453125,1
TCGA-D8-A1JB,tcga_mc3_wes,hrd_binary_33,MuAt-compatible reimplementation,muat_compatible_qkv_attention,1.0,,,1,0.0,0.779296875,0,0.220458984375,1
TCGA-D8-A1JC,tcga_mc3_wes,hrd_binary_33,MuAt-compatible reimplementation,muat_compatible_qkv_attention,1.0,,,2,0.0,0.60498046875,0,0.395263671875,1
TCGA-D8-A1JD,tcga_mc3_wes,hrd_binary_33,MuAt-compatible reimplementation,muat_compatible_qkv_attention,1.0,,,1,0.0,0.8349609375,0,0.164794921875,1
TCGA-D8-A1JF,tcga_mc3_wes,hrd_binary_33,MuAt-compatible reimplementation,muat_compatible_qkv_attention,0.0,,,5,0.0,0.9814453125,0,0.018310546875,1
TCGA-D8-A1JG,tcga_mc3_wes,hrd_binary_33,MuAt-compatible reimplementation,muat_compatible_qkv_attention,0.0,,,5,0.0,0.654296875,0,0.345703125,1
TCGA-D8-A1JH,tcga_mc3_wes,hrd_binary_33,MuAt-compatible reimplementation,muat_compatible_qkv_attention,0.0,,,1,0.0,0.6943359375,0,0.3056640625,1
TCGA-D8-A1JI,tcga_mc3_wes,hrd_binary_33,MuAt-compatible reimplementation,muat_compatible_qkv_attention,0.0,,,2,0.0,0.8544921875,0,0.1453857421875,1
TCGA-D8-A1JJ,tcga_mc3_wes,hrd_binary_33,MuAt-compatible reimplementation,muat_compatible_qkv_attention,0.0,,,5,0.0,0.89208984375,0,0.10797119140625,1
TCGA-D8-A1JK,tcga_mc3_wes,hrd_binary_33,MuAt-compatible reimplementation,muat_compatible_qkv_attention,1.0,,,5,0.0,0.68017578125,0,0.320068359375,1
TCGA-D8-A1JL,tcga_mc3_wes,hrd_binary_33,MuAt-compatible reimplementation,muat_compatible_qkv_attention,1.0,,,4,1.0,0.421875,0,0.578125,1
TCGA-D8-A1JM,tcga_mc3_wes,hrd_binary_33,MuAt-compatible reimplementation,muat_compatible_qkv_attention,1.0,,,5,0.0,0.69873046875,0,0.30126953125,1
TCGA-D8-A1JN,tcga_mc3_wes,hrd_binary_33,MuAt-compatible reimplementation,muat_compatible_qkv_attention,0.0,,,2,0.0,0.9140625,0,0.0858154296875,1
TCGA-D8-A1JP,tcga_mc3_wes,hrd_binary_33,MuAt-compatible reimplementation,muat_compatible_qkv_attention,1.0,,,5,1.0,0.287353515625,0,0.71240234375,1
TCGA-D8-A1JS,tcga_mc3_wes,hrd_binary_33,MuAt-compatible reimplementation,muat_compatible_qkv_attention,0.0,,,2,0.0,0.9453125,0,0.054656982421875,1
TCGA-D8-A1JT,tcga_mc3_wes,hrd_binary_33,MuAt-compatible reimplementation,muat_compatible_qkv_attention,0.0,,,1,0.0,0.94677734375,0,0.05303955078125,1
TCGA-D8-A1JU,tcga_mc3_wes,hrd_binary_33,MuAt-compatible reimplementation,muat_compatible_qkv_attention,0.0,,,2,0.0,0.93994140625,0,0.060211181640625,1
TCGA-D8-A1X5,tcga_mc3_wes,hrd_binary_33,MuAt-compatible reimplementation,muat_compatible_qkv_attention,1.0,,,4,0.0,0.5693359375,0,0.4306640625,1
TCGA-D8-A1X7,tcga_mc3_wes,hrd_binary_33,MuAt-compatible reimplementation,muat_compatible_qkv_attention,0.0,,,3,0.0,0.91064453125,0,0.0894775390625,1
TCGA-D8-A1X8,tcga_mc3_wes,hrd_binary_33,MuAt-compatible reimplementation,muat_compatible_qkv_attention,0.0,,,5,0.0,0.67529296875,0,0.32470703125,1
TCGA-D8-A1X9,tcga_mc3_wes,hrd_binary_33,MuAt-compatible reimplementation,muat_compatible_qkv_attention,1.0,,,5,1.0,0.27783203125,0,0.72216796875,1
TCGA-D8-A1XA,tcga_mc3_wes,hrd_binary_33,MuAt-compatible reimplementation,muat_compatible_qkv_attention,0.0,,,5,0.0,0.517578125,0,0.482421875,1
TCGA-D8-A1XB,tcga_mc3_wes,hrd_binary_33,MuAt-compatible reimplementation,muat_compatible_qkv_attention,0.0,,,3,0.0,0.92431640625,0,0.075927734375,1
TCGA-D8-A1XC,tcga_mc3_wes,hrd_binary_33,MuAt-compatible reimplementation,muat_compatible_qkv_attention,0.0,,,4,0.0,0.73681640625,0,0.26318359375,1
TCGA-D8-A1XF,tcga_mc3_wes,hrd_binary_33,MuAt-compatible reimplementation,muat_compatible_qkv_attention,0.0,,,5,0.0,0.68310546875,0,0.316650390625,1
TCGA-D8-A1XG,tcga_mc3_wes,hrd_binary_33,MuAt-compatible reimplementation,muat_compatible_qkv_attention,0.0,,,1,0.0,0.72705078125,0,0.27294921875,1
TCGA-D8-A1XJ,tcga_mc3_wes,hrd_binary_33,MuAt-compatible reimplementation,muat_compatible_qkv_attention,1.0,,,3,0.0,0.681640625,0,0.318603515625,1
TCGA-D8-A1XK,tcga_mc3_wes,hrd_binary_33,MuAt-compatible reimplementation,muat_compatible_qkv_attention,1.0,,,5,1.0,0.181396484375,0,0.81884765625,1
TCGA-D8-A1XL,tcga_mc3_wes,hrd_binary_33,MuAt-compatible reimplementation,muat_compatible_qkv_attention,1.0,,,1,1.0,0.14892578125,0,0.85107421875,1
TCGA-D8-A1XM,tcga_mc3_wes,hrd_binary_33,MuAt-compatible reimplementation,muat_compatible_qkv_attention,0.0,,,1,0.0,0.951171875,0,0.048919677734375,1
TCGA-D8-A1XO,tcga_mc3_wes,hrd_binary_33,MuAt-compatible reimplementation,muat_compatible_qkv_attention,0.0,,,1,0.0,0.8544921875,0,0.1455078125,1
TCGA-D8-A1XQ,tcga_mc3_wes,hrd_binary_33,MuAt-compatible reimplementation,muat_compatible_qkv_attention,1.0,,,5,1.0,0.2386474609375,0,0.76123046875,1
TCGA-D8-A1XR,tcga_mc3_wes,hrd_binary_33,MuAt-compatible reimplementation,muat_compatible_qkv_attention,0.0,,,4,0.0,0.814453125,0,0.185546875,1
TCGA-D8-A1XT,tcga_mc3_wes,hrd_binary_33,MuAt-compatible reimplementation,muat_compatible_qkv_attention,1.0,,,4,0.0,0.79541015625,0,0.20458984375,1
TCGA-D8-A1XV,tcga_mc3_wes,hrd_binary_33,MuAt-compatible reimplementation,muat_compatible_qkv_attention,0.0,,,5,0.0,0.65576171875,0,0.34423828125,1
TCGA-D8-A1XW,tcga_mc3_wes,hrd_binary_33,MuAt-compatible reimplementation,muat_compatible_qkv_attention,1.0,,,5,1.0,0.432861328125,0,0.5673828125,1
TCGA-D8-A1XY,tcga_mc3_wes,hrd_binary_33,MuAt-compatible reimplementation,muat_compatible_qkv_attention,0.0,,,1,0.0,0.97998046875,0,0.020050048828125,1
TCGA-D8-A1XZ,tcga_mc3_wes,hrd_binary_33,MuAt-compatible reimplementation,muat_compatible_qkv_attention,0.0,,,3,1.0,0.26708984375,0,0.73291015625,1
TCGA-D8-A1Y0,tcga_mc3_wes,hrd_binary_33,MuAt-compatible reimplementation,muat_compatible_qkv_attention,1.0,,,5,1.0,0.4140625,0,0.5859375,1
TCGA-D8-A1Y1,tcga_mc3_wes,hrd_binary_33,MuAt-compatible reimplementation,muat_compatible_qkv_attention,0.0,,,4,0.0,0.802734375,0,0.1971435546875,1
TCGA-D8-A1Y2,tcga_mc3_wes,hrd_binary_33,MuAt-compatible reimplementation,muat_compatible_qkv_attention,0.0,,,4,0.0,0.96142578125,0,0.03851318359375,1
TCGA-D8-A1Y3,tcga_mc3_wes,hrd_binary_33,MuAt-compatible reimplementation,muat_compatible_qkv_attention,1.0,,,3,1.0,0.4931640625,0,0.5068359375,1
TCGA-D8-A27E,tcga_mc3_wes,hrd_binary_33,MuAt-compatible reimplementation,muat_compatible_qkv_attention,0.0,,,5,1.0,0.36279296875,0,0.63720703125,1
TCGA-D8-A27F,tcga_mc3_wes,hrd_binary_33,MuAt-compatible reimplementation,muat_compatible_qkv_attention,1.0,,,2,0.0,0.6435546875,0,0.3564453125,1
TCGA-D8-A27H,tcga_mc3_wes,hrd_binary_33,MuAt-compatible reimplementation,muat_compatible_qkv_attention,1.0,,,3,1.0,0.325439453125,0,0.6748046875,1
TCGA-D8-A27K,tcga_mc3_wes,hrd_binary_33,MuAt-compatible reimplementation,muat_compatible_qkv_attention,0.0,,,4,0.0,0.861328125,0,0.1385498046875,1
TCGA-D8-A27L,tcga_mc3_wes,hrd_binary_33,MuAt-compatible reimplementation,muat_compatible_qkv_attention,0.0,,,3,0.0,0.9443359375,0,0.0557861328125,1
TCGA-D8-A27M,tcga_mc3_wes,hrd_binary_33,MuAt-compatible reimplementation,muat_compatible_qkv_attention,1.0,,,5,1.0,0.430908203125,0,0.56884765625,1
TCGA-D8-A27N,tcga_mc3_wes,hrd_binary_33,MuAt-compatible reimplementation,muat_compatible_qkv_attention,0.0,,,4,0.0,0.7353515625,0,0.2646484375,1
TCGA-D8-A27P,tcga_mc3_wes,hrd_binary_33,MuAt-compatible reimplementation,muat_compatible_qkv_attention,0.0,,,4,0.0,0.84521484375,0,0.1549072265625,1
TCGA-D8-A27R,tcga_mc3_wes,hrd_binary_33,MuAt-compatible reimplementation,muat_compatible_qkv_attention,1.0,,,2,0.0,0.8876953125,0,0.1123046875,1
TCGA-D8-A27T,tcga_mc3_wes,hrd_binary_33,MuAt-compatible reimplementation,muat_compatible_qkv_attention,0.0,,,5,0.0,0.99169921875,0,0.00823211669921875,1
TCGA-D8-A27V,tcga_mc3_wes,hrd_binary_33,MuAt-compatible reimplementation,muat_compatible_qkv_attention,0.0,,,3,1.0,0.2301025390625,0,0.77001953125,1
TCGA-D8-A27W,tcga_mc3_wes,hrd_binary_33,MuAt-compatible reimplementation,muat_compatible_qkv_attention,0.0,,,1,0.0,0.927734375,0,0.072265625,1
TCGA-D8-A3Z6,tcga_mc3_wes,hrd_binary_33,MuAt-compatible reimplementation,muat_compatible_qkv_attention,0.0,,,4,0.0,0.8642578125,0,0.1356201171875,1
TCGA-D8-A4Z1,tcga_mc3_wes,hrd_binary_33,MuAt-compatible reimplementation,muat_compatible_qkv_attention,0.0,,,4,0.0,0.880859375,0,0.11895751953125,1
TCGA-D8-A73U,tcga_mc3_wes,hrd_binary_33,MuAt-compatible reimplementation,muat_compatible_qkv_attention,0.0,,,1,0.0,0.9619140625,0,0.03826904296875,1
TCGA-D8-A73W,tcga_mc3_wes,hrd_binary_33,MuAt-compatible reimplementation,muat_compatible_qkv_attention,0.0,,,2,0.0,0.8837890625,0,0.11602783203125,1
TCGA-D8-A73X,tcga_mc3_wes,hrd_binary_33,MuAt-compatible reimplementation,muat_compatible_qkv_attention,0.0,,,1,0.0,0.892578125,0,0.10760498046875,1
TCGA-E2-A10A,tcga_mc3_wes,hrd_binary_33,MuAt-compatible reimplementation,muat_compatible_qkv_attention,0.0,,,3,0.0,0.9091796875,0,0.0908203125,1
TCGA-E2-A10C,tcga_mc3_wes,hrd_binary_33,MuAt-compatible reimplementation,muat_compatible_qkv_attention,0.0,,,1,0.0,0.783203125,0,0.2169189453125,1
TCGA-E2-A14O,tcga_mc3_wes,hrd_binary_33,MuAt-compatible reimplementation,muat_compatible_qkv_attention,0.0,,,2,0.0,0.9658203125,0,0.034088134765625,1
TCGA-E2-A14Q,tcga_mc3_wes,hrd_binary_33,MuAt-compatible reimplementation,muat_compatible_qkv_attention,0.0,,,4,0.0,0.8125,0,0.187255859375,1
TCGA-E2-A14R,tcga_mc3_wes,hrd_binary_33,MuAt-compatible reimplementation,muat_compatible_qkv_attention,1.0,,,1,1.0,0.35400390625,0,0.64599609375,1
TCGA-E2-A14T,tcga_mc3_wes,hrd_binary_33,MuAt-compatible reimplementation,muat_compatible_qkv_attention,0.0,,,1,0.0,0.92822265625,0,0.0718994140625,1
TCGA-E2-A14X,tcga_mc3_wes,hrd_binary_33,MuAt-compatible reimplementation,muat_compatible_qkv_attention,0.0,,,3,0.0,0.64306640625,0,0.35693359375,1
TCGA-E2-A14Y,tcga_mc3_wes,hrd_binary_33,MuAt-compatible reimplementation,muat_compatible_qkv_attention,0.0,,,3,1.0,0.458984375,0,0.541015625,1
TCGA-E2-A14Z,tcga_mc3_wes,hrd_binary_33,MuAt-compatible reimplementation,muat_compatible_qkv_attention,1.0,,,4,0.0,0.634765625,0,0.365478515625,1
TCGA-E2-A150,tcga_mc3_wes,hrd_binary_33,MuAt-compatible reimplementation,muat_compatible_qkv_attention,1.0,,,1,0.0,0.8349609375,0,0.1650390625,1
TCGA-E2-A152,tcga_mc3_wes,hrd_binary_33,MuAt-compatible reimplementation,muat_compatible_qkv_attention,0.0,,,1,0.0,0.91943359375,0,0.08056640625,1
TCGA-E2-A153,tcga_mc3_wes,hrd_binary_33,MuAt-compatible reimplementation,muat_compatible_qkv_attention,0.0,,,4,0.0,0.89208984375,0,0.107666015625,1
TCGA-E2-A154,tcga_mc3_wes,hrd_binary_33,MuAt-compatible reimplementation,muat_compatible_qkv_attention,0.0,,,4,0.0,0.6103515625,0,0.389892578125,1
TCGA-E2-A155,tcga_mc3_wes,hrd_binary_33,MuAt-compatible reimplementation,muat_compatible_qkv_attention,0.0,,,1,0.0,0.81494140625,0,0.185302734375,1
TCGA-E2-A156,tcga_mc3_wes,hrd_binary_33,MuAt-compatible reimplementation,muat_compatible_qkv_attention,0.0,,,3,0.0,0.91064453125,0,0.08935546875,1
TCGA-E2-A158,tcga_mc3_wes,hrd_binary_33,MuAt-compatible reimplementation,muat_compatible_qkv_attention,1.0,,,3,1.0,0.1488037109375,0,0.85107421875,1
TCGA-E2-A159,tcga_mc3_wes,hrd_binary_33,MuAt-compatible reimplementation,muat_compatible_qkv_attention,0.0,,,2,0.0,0.8095703125,0,0.190673828125,1
TCGA-E2-A15A,tcga_mc3_wes,hrd_binary_33,MuAt-compatible reimplementation,muat_compatible_qkv_attention,1.0,,,1,0.0,0.81005859375,0,0.189697265625,1
TCGA-E2-A15C,tcga_mc3_wes,hrd_binary_33,MuAt-compatible reimplementation,muat_compatible_qkv_attention,0.0,,,3,0.0,0.91455078125,0,0.08544921875,1
TCGA-E2-A15D,tcga_mc3_wes,hrd_binary_33,MuAt-compatible reimplementation,muat_compatible_qkv_attention,0.0,,,3,0.0,0.8876953125,0,0.112060546875,1
TCGA-E2-A15E,tcga_mc3_wes,hrd_binary_33,MuAt-compatible reimplementation,muat_compatible_qkv_attention,1.0,,,5,0.0,0.802734375,0,0.1973876953125,1
TCGA-E2-A15G,tcga_mc3_wes,hrd_binary_33,MuAt-compatible reimplementation,muat_compatible_qkv_attention,0.0,,,1,0.0,0.84619140625,0,0.153564453125,1
TCGA-E2-A15H,tcga_mc3_wes,hrd_binary_33,MuAt-compatible reimplementation,muat_compatible_qkv_attention,0.0,,,1,0.0,0.95458984375,0,0.045318603515625,1
TCGA-E2-A15I,tcga_mc3_wes,hrd_binary_33,MuAt-compatible reimplementation,muat_compatible_qkv_attention,0.0,,,3,1.0,0.42529296875,0,0.57470703125,1
TCGA-E2-A15J,tcga_mc3_wes,hrd_binary_33,MuAt-compatible reimplementation,muat_compatible_qkv_attention,0.0,,,2,0.0,0.8876953125,0,0.11224365234375,1
TCGA-E2-A15K,tcga_mc3_wes,hrd_binary_33,MuAt-compatible reimplementation,muat_compatible_qkv_attention,0.0,,,5,0.0,0.79345703125,0,0.2066650390625,1
TCGA-E2-A15M,tcga_mc3_wes,hrd_binary_33,MuAt-compatible reimplementation,muat_compatible_qkv_attention,1.0,,,1,0.0,0.77392578125,0,0.2261962890625,1
TCGA-E2-A15O,tcga_mc3_wes,hrd_binary_33,MuAt-compatible reimplementation,muat_compatible_qkv_attention,0.0,,,1,0.0,0.966796875,0,0.033233642578125,1
TCGA-E2-A15P,tcga_mc3_wes,hrd_binary_33,MuAt-compatible reimplementation,muat_compatible_qkv_attention,0.0,,,3,1.0,0.3857421875,0,0.6142578125,1
TCGA-E2-A15R,tcga_mc3_wes,hrd_binary_33,MuAt-compatible reimplementation,muat_compatible_qkv_attention,0.0,,,4,0.0,0.810546875,0,0.189697265625,1
TCGA-E2-A15T,tcga_mc3_wes,hrd_binary_33,MuAt-compatible reimplementation,muat_compatible_qkv_attention,0.0,,,5,0.0,0.79638671875,0,0.20361328125,1
TCGA-E2-A1AZ,tcga_mc3_wes,hrd_binary_33,MuAt-compatible reimplementation,muat_compatible_qkv_attention,1.0,,,1,0.0,0.6923828125,0,0.307373046875,1
TCGA-E2-A1B0,tcga_mc3_wes,hrd_binary_33,MuAt-compatible reimplementation,muat_compatible_qkv_attention,1.0,,,2,0.0,0.74462890625,0,0.255126953125,1
TCGA-E2-A1B4,tcga_mc3_wes,hrd_binary_33,MuAt-compatible reimplementation,muat_compatible_qkv_attention,0.0,,,3,1.0,0.488525390625,0,0.51171875,1
TCGA-E2-A1B5,tcga_mc3_wes,hrd_binary_33,MuAt-compatible reimplementation,muat_compatible_qkv_attention,0.0,,,2,0.0,0.9404296875,0,0.059478759765625,1
TCGA-E2-A1BC,tcga_mc3_wes,hrd_binary_33,MuAt-compatible reimplementation,muat_compatible_qkv_attention,0.0,,,3,0.0,0.77783203125,0,0.221923828125,1
TCGA-E2-A1BD,tcga_mc3_wes,hrd_binary_33,MuAt-compatible reimplementation,muat_compatible_qkv_attention,0.0,,,4,0.0,0.79345703125,0,0.2066650390625,1
TCGA-E2-A1IE,tcga_mc3_wes,hrd_binary_33,MuAt-compatible reimplementation,muat_compatible_qkv_attention,0.0,,,5,0.0,0.64013671875,0,0.35986328125,1
TCGA-E2-A1IF,tcga_mc3_wes,hrd_binary_33,MuAt-compatible reimplementation,muat_compatible_qkv_attention,0.0,,,3,0.0,0.900390625,0,0.099609375,1
TCGA-E2-A1IG,tcga_mc3_wes,hrd_binary_33,MuAt-compatible reimplementation,muat_compatible_qkv_attention,0.0,,,4,0.0,0.71142578125,0,0.28857421875,1
TCGA-E2-A1IH,tcga_mc3_wes,hrd_binary_33,MuAt-compatible reimplementation,muat_compatible_qkv_attention,0.0,,,3,0.0,0.91162109375,0,0.08819580078125,1
TCGA-E2-A1IJ,tcga_mc3_wes,hrd_binary_33,MuAt-compatible reimplementation,muat_compatible_qkv_attention,0.0,,,3,0.0,0.904296875,0,0.09576416015625,1
TCGA-E2-A1IK,tcga_mc3_wes,hrd_binary_33,MuAt-compatible reimplementation,muat_compatible_qkv_attention,0.0,,,1,0.0,0.86181640625,0,0.13818359375,1
TCGA-E2-A1IL,tcga_mc3_wes,hrd_binary_33,MuAt-compatible reimplementation,muat_compatible_qkv_attention,0.0,,,5,0.0,0.9072265625,0,0.09295654296875,1
TCGA-E2-A1IO,tcga_mc3_wes,hrd_binary_33,MuAt-compatible reimplementation,muat_compatible_qkv_attention,0.0,,,4,0.0,0.701171875,0,0.298583984375,1
TCGA-E2-A1IU,tcga_mc3_wes,hrd_binary_33,MuAt-compatible reimplementation,muat_compatible_qkv_attention,0.0,,,3,0.0,0.94580078125,0,0.05413818359375,1
TCGA-E2-A1L6,tcga_mc3_wes,hrd_binary_33,MuAt-compatible reimplementation,muat_compatible_qkv_attention,0.0,,,2,0.0,0.904296875,0,0.095703125,1
TCGA-E2-A1L8,tcga_mc3_wes,hrd_binary_33,MuAt-compatible reimplementation,muat_compatible_qkv_attention,0.0,,,2,0.0,0.6923828125,0,0.307861328125,1
TCGA-E2-A1L9,tcga_mc3_wes,hrd_binary_33,MuAt-compatible reimplementation,muat_compatible_qkv_attention,0.0,,,5,0.0,0.6943359375,0,0.3056640625,1
TCGA-E2-A1LA,tcga_mc3_wes,hrd_binary_33,MuAt-compatible reimplementation,muat_compatible_qkv_attention,1.0,,,4,1.0,0.48291015625,0,0.51708984375,1
TCGA-E2-A1LG,tcga_mc3_wes,hrd_binary_33,MuAt-compatible reimplementation,muat_compatible_qkv_attention,0.0,,,2,0.0,0.75634765625,0,0.24365234375,1
TCGA-E2-A1LH,tcga_mc3_wes,hrd_binary_33,MuAt-compatible reimplementation,muat_compatible_qkv_attention,1.0,,,1,0.0,0.677734375,0,0.322265625,1
TCGA-E2-A1LK,tcga_mc3_wes,hrd_binary_33,MuAt-compatible reimplementation,muat_compatible_qkv_attention,0.0,,,3,1.0,0.385009765625,0,0.615234375,1
TCGA-E2-A1LL,tcga_mc3_wes,hrd_binary_33,MuAt-compatible reimplementation,muat_compatible_qkv_attention,1.0,,,1,0.0,0.91796875,0,0.082275390625,1
TCGA-E2-A56Z,tcga_mc3_wes,hrd_binary_33,MuAt-compatible reimplementation,muat_compatible_qkv_attention,0.0,,,2,0.0,0.91064453125,0,0.0894775390625,1
TCGA-E2-A570,tcga_mc3_wes,hrd_binary_33,MuAt-compatible reimplementation,muat_compatible_qkv_attention,0.0,,,2,0.0,0.91845703125,0,0.08172607421875,1
TCGA-E2-A573,tcga_mc3_wes,hrd_binary_33,MuAt-compatible reimplementation,muat_compatible_qkv_attention,1.0,,,4,0.0,0.5751953125,0,0.4248046875,1
TCGA-E2-A576,tcga_mc3_wes,hrd_binary_33,MuAt-compatible reimplementation,muat_compatible_qkv_attention,0.0,,,5,0.0,0.71826171875,0,0.28173828125,1
TCGA-E2-A9RU,tcga_mc3_wes,hrd_binary_33,MuAt-compatible reimplementation,muat_compatible_qkv_attention,1.0,,,2,0.0,0.8525390625,0,0.1474609375,1
TCGA-E9-A1N3,tcga_mc3_wes,hrd_binary_33,MuAt-compatible reimplementation,muat_compatible_qkv_attention,0.0,,,3,0.0,0.7978515625,0,0.2022705078125,1
TCGA-E9-A1N5,tcga_mc3_wes,hrd_binary_33,MuAt-compatible reimplementation,muat_compatible_qkv_attention,0.0,,,3,1.0,0.4501953125,0,0.5498046875,1
TCGA-E9-A1N8,tcga_mc3_wes,hrd_binary_33,MuAt-compatible reimplementation,muat_compatible_qkv_attention,0.0,,,5,1.0,0.40283203125,0,0.59716796875,1
TCGA-E9-A1N9,tcga_mc3_wes,hrd_binary_33,MuAt-compatible reimplementation,muat_compatible_qkv_attention,1.0,,,4,0.0,0.54150390625,0,0.458740234375,1
TCGA-E9-A1NA,tcga_mc3_wes,hrd_binary_33,MuAt-compatible reimplementation,muat_compatible_qkv_attention,1.0,,,3,0.0,0.8798828125,0,0.1199951171875,1
TCGA-E9-A1NC,tcga_mc3_wes,hrd_binary_33,MuAt-compatible reimplementation,muat_compatible_qkv_attention,1.0,,,3,1.0,0.181396484375,0,0.81884765625,1
TCGA-E9-A1ND,tcga_mc3_wes,hrd_binary_33,MuAt-compatible reimplementation,muat_compatible_qkv_attention,1.0,,,4,0.0,0.70166015625,0,0.298095703125,1
TCGA-E9-A1NE,tcga_mc3_wes,hrd_binary_33,MuAt-compatible reimplementation,muat_compatible_qkv_attention,0.0,,,5,1.0,0.304443359375,0,0.69580078125,1
TCGA-E9-A1NG,tcga_mc3_wes,hrd_binary_33,MuAt-compatible reimplementation,muat_compatible_qkv_attention,0.0,,,2,0.0,0.97021484375,0,0.0295867919921875,1
TCGA-E9-A1NH,tcga_mc3_wes,hrd_binary_33,MuAt-compatible reimplementation,muat_compatible_qkv_attention,0.0,,,2,0.0,0.8310546875,0,0.169189453125,1
TCGA-E9-A1NI,tcga_mc3_wes,hrd_binary_33,MuAt-compatible reimplementation,muat_compatible_qkv_attention,0.0,,,1,0.0,0.90966796875,0,0.09014892578125,1
TCGA-E9-A1R0,tcga_mc3_wes,hrd_binary_33,MuAt-compatible reimplementation,muat_compatible_qkv_attention,0.0,,,3,0.0,0.9326171875,0,0.06756591796875,1
TCGA-E9-A1R3,tcga_mc3_wes,hrd_binary_33,MuAt-compatible reimplementation,muat_compatible_qkv_attention,0.0,,,3,0.0,0.7890625,0,0.2108154296875,1
TCGA-E9-A1R5,tcga_mc3_wes,hrd_binary_33,MuAt-compatible reimplementation,muat_compatible_qkv_attention,0.0,,,4,0.0,0.68896484375,0,0.31103515625,1
TCGA-E9-A1R6,tcga_mc3_wes,hrd_binary_33,MuAt-compatible reimplementation,muat_compatible_qkv_attention,0.0,,,2,0.0,0.8974609375,0,0.10260009765625,1
TCGA-E9-A1R7,tcga_mc3_wes,hrd_binary_33,MuAt-compatible reimplementation,muat_compatible_qkv_attention,1.0,,,4,0.0,0.73974609375,0,0.260009765625,1
TCGA-E9-A1RA,tcga_mc3_wes,hrd_binary_33,MuAt-compatible reimplementation,muat_compatible_qkv_attention,0.0,,,1,0.0,0.93212890625,0,0.0677490234375,1
TCGA-E9-A1RB,tcga_mc3_wes,hrd_binary_33,MuAt-compatible reimplementation,muat_compatible_qkv_attention,0.0,,,2,0.0,0.61328125,0,0.38671875,1
TCGA-E9-A1RC,tcga_mc3_wes,hrd_binary_33,MuAt-compatible reimplementation,muat_compatible_qkv_attention,0.0,,,4,0.0,0.7919921875,0,0.2078857421875,1
TCGA-E9-A1RD,tcga_mc3_wes,hrd_binary_33,MuAt-compatible reimplementation,muat_compatible_qkv_attention,0.0,,,3,0.0,0.9072265625,0,0.09259033203125,1
TCGA-E9-A1RE,tcga_mc3_wes,hrd_binary_33,MuAt-compatible reimplementation,muat_compatible_qkv_attention,1.0,,,5,0.0,0.91748046875,0,0.082763671875,1
TCGA-E9-A1RF,tcga_mc3_wes,hrd_binary_33,MuAt-compatible reimplementation,muat_compatible_qkv_attention,1.0,,,2,1.0,0.4130859375,0,0.5869140625,1
TCGA-E9-A1RG,tcga_mc3_wes,hrd_binary_33,MuAt-compatible reimplementation,muat_compatible_qkv_attention,1.0,,,2,0.0,0.83935546875,0,0.1607666015625,1
TCGA-E9-A1RH,tcga_mc3_wes,hrd_binary_33,MuAt-compatible reimplementation,muat_compatible_qkv_attention,1.0,,,3,1.0,0.2188720703125,0,0.78125,1
TCGA-E9-A226,tcga_mc3_wes,hrd_binary_33,MuAt-compatible reimplementation,muat_compatible_qkv_attention,0.0,,,4,0.0,0.720703125,0,0.279052734375,1
TCGA-E9-A227,tcga_mc3_wes,hrd_binary_33,MuAt-compatible reimplementation,muat_compatible_qkv_attention,0.0,,,3,0.0,0.77001953125,0,0.2301025390625,1
TCGA-E9-A228,tcga_mc3_wes,hrd_binary_33,MuAt-compatible reimplementation,muat_compatible_qkv_attention,0.0,,,3,0.0,0.90185546875,0,0.097900390625,1
TCGA-E9-A229,tcga_mc3_wes,hrd_binary_33,MuAt-compatible reimplementation,muat_compatible_qkv_attention,0.0,,,4,0.0,0.8388671875,0,0.1610107421875,1
TCGA-E9-A22A,tcga_mc3_wes,hrd_binary_33,MuAt-compatible reimplementation,muat_compatible_qkv_attention,0.0,,,1,1.0,0.423828125,0,0.576171875,1
TCGA-E9-A22B,tcga_mc3_wes,hrd_binary_33,MuAt-compatible reimplementation,muat_compatible_qkv_attention,0.0,,,5,0.0,0.57568359375,0,0.424560546875,1
TCGA-E9-A22D,tcga_mc3_wes,hrd_binary_33,MuAt-compatible reimplementation,muat_compatible_qkv_attention,1.0,,,3,0.0,0.78564453125,0,0.214111328125,1
TCGA-E9-A22E,tcga_mc3_wes,hrd_binary_33,MuAt-compatible reimplementation,muat_compatible_qkv_attention,1.0,,,4,1.0,0.495361328125,0,0.5048828125,1
TCGA-E9-A22G,tcga_mc3_wes,hrd_binary_33,MuAt-compatible reimplementation,muat_compatible_qkv_attention,1.0,,,4,1.0,0.347900390625,0,0.65185546875,1
TCGA-E9-A22H,tcga_mc3_wes,hrd_binary_33,MuAt-compatible reimplementation,muat_compatible_qkv_attention,0.0,,,1,0.0,0.8759765625,0,0.1239013671875,1
TCGA-E9-A243,tcga_mc3_wes,hrd_binary_33,MuAt-compatible reimplementation,muat_compatible_qkv_attention,1.0,,,5,1.0,0.395263671875,0,0.60498046875,1
TCGA-E9-A244,tcga_mc3_wes,hrd_binary_33,MuAt-compatible reimplementation,muat_compatible_qkv_attention,1.0,,,3,0.0,0.65283203125,0,0.347412109375,1
TCGA-E9-A245,tcga_mc3_wes,hrd_binary_33,MuAt-compatible reimplementation,muat_compatible_qkv_attention,0.0,,,5,0.0,0.56884765625,0,0.43115234375,1
TCGA-E9-A247,tcga_mc3_wes,hrd_binary_33,MuAt-compatible reimplementation,muat_compatible_qkv_attention,1.0,,,4,1.0,0.2406005859375,0,0.75927734375,1
TCGA-E9-A248,tcga_mc3_wes,hrd_binary_33,MuAt-compatible reimplementation,muat_compatible_qkv_attention,0.0,,,2,0.0,0.85888671875,0,0.140869140625,1
TCGA-E9-A24A,tcga_mc3_wes,hrd_binary_33,MuAt-compatible reimplementation,muat_compatible_qkv_attention,0.0,,,5,0.0,0.685546875,0,0.314453125,1
TCGA-E9-A295,tcga_mc3_wes,hrd_binary_33,MuAt-compatible reimplementation,muat_compatible_qkv_attention,0.0,,,5,0.0,0.875,0,0.125,1
TCGA-E9-A2JS,tcga_mc3_wes,hrd_binary_33,MuAt-compatible reimplementation,muat_compatible_qkv_attention,1.0,,,1,0.0,0.9697265625,0,0.0301361083984375,1
TCGA-E9-A2JT,tcga_mc3_wes,hrd_binary_33,MuAt-compatible reimplementation,muat_compatible_qkv_attention,0.0,,,1,0.0,0.64013671875,0,0.35986328125,1
TCGA-E9-A3X8,tcga_mc3_wes,hrd_binary_33,MuAt-compatible reimplementation,muat_compatible_qkv_attention,0.0,,,2,0.0,0.859375,0,0.1407470703125,1
TCGA-E9-A5FL,tcga_mc3_wes,hrd_binary_33,MuAt-compatible reimplementation,muat_compatible_qkv_attention,1.0,,,2,1.0,0.399169921875,0,0.60107421875,1
TCGA-E9-A5UO,tcga_mc3_wes,hrd_binary_33,MuAt-compatible reimplementation,muat_compatible_qkv_attention,0.0,,,2,0.0,0.90234375,0,0.097412109375,1
TCGA-E9-A6HE,tcga_mc3_wes,hrd_binary_33,MuAt-compatible reimplementation,muat_compatible_qkv_attention,0.0,,,1,0.0,0.82275390625,0,0.177490234375,1
TCGA-EW-A1IW,tcga_mc3_wes,hrd_binary_33,MuAt-compatible reimplementation,muat_compatible_qkv_attention,0.0,,,2,0.0,0.8916015625,0,0.1083984375,1
TCGA-EW-A1IY,tcga_mc3_wes,hrd_binary_33,MuAt-compatible reimplementation,muat_compatible_qkv_attention,0.0,,,1,0.0,0.97900390625,0,0.0211181640625,1
TCGA-EW-A1IZ,tcga_mc3_wes,hrd_binary_33,MuAt-compatible reimplementation,muat_compatible_qkv_attention,0.0,,,4,0.0,0.6748046875,0,0.3251953125,1
TCGA-EW-A1J1,tcga_mc3_wes,hrd_binary_33,MuAt-compatible reimplementation,muat_compatible_qkv_attention,0.0,,,1,0.0,0.92919921875,0,0.070556640625,1
TCGA-EW-A1J3,tcga_mc3_wes,hrd_binary_33,MuAt-compatible reimplementation,muat_compatible_qkv_attention,0.0,,,5,0.0,0.63037109375,0,0.369873046875,1
TCGA-EW-A1J6,tcga_mc3_wes,hrd_binary_33,MuAt-compatible reimplementation,muat_compatible_qkv_attention,1.0,,,4,0.0,0.73828125,0,0.261962890625,1
TCGA-EW-A1OV,tcga_mc3_wes,hrd_binary_33,MuAt-compatible reimplementation,muat_compatible_qkv_attention,1.0,,,5,0.0,0.82763671875,0,0.172607421875,1
TCGA-EW-A1OX,tcga_mc3_wes,hrd_binary_33,MuAt-compatible reimplementation,muat_compatible_qkv_attention,0.0,,,2,0.0,0.85302734375,0,0.1468505859375,1
TCGA-EW-A1OY,tcga_mc3_wes,hrd_binary_33,MuAt-compatible reimplementation,muat_compatible_qkv_attention,1.0,,,4,0.0,0.55029296875,0,0.44970703125,1
TCGA-EW-A1OZ,tcga_mc3_wes,hrd_binary_33,MuAt-compatible reimplementation,muat_compatible_qkv_attention,1.0,,,1,0.0,0.8828125,0,0.11712646484375,1
TCGA-EW-A1P0,tcga_mc3_wes,hrd_binary_33,MuAt-compatible reimplementation,muat_compatible_qkv_attention,0.0,,,4,0.0,0.77197265625,0,0.228271484375,1
TCGA-EW-A1P1,tcga_mc3_wes,hrd_binary_33,MuAt-compatible reimplementation,muat_compatible_qkv_attention,0.0,,,4,0.0,0.63525390625,0,0.364501953125,1
TCGA-EW-A1P3,tcga_mc3_wes,hrd_binary_33,MuAt-compatible reimplementation,muat_compatible_qkv_attention,0.0,,,1,0.0,0.90478515625,0,0.09515380859375,1
TCGA-EW-A1P4,tcga_mc3_wes,hrd_binary_33,MuAt-compatible reimplementation,muat_compatible_qkv_attention,1.0,,,3,1.0,0.336181640625,0,0.66357421875,1
TCGA-EW-A1P5,tcga_mc3_wes,hrd_binary_33,MuAt-compatible reimplementation,muat_compatible_qkv_attention,0.0,,,1,0.0,0.95654296875,0,0.043365478515625,1
TCGA-EW-A1P6,tcga_mc3_wes,hrd_binary_33,MuAt-compatible reimplementation,muat_compatible_qkv_attention,0.0,,,2,0.0,0.94287109375,0,0.057159423828125,1
TCGA-EW-A1P7,tcga_mc3_wes,hrd_binary_33,MuAt-compatible reimplementation,muat_compatible_qkv_attention,0.0,,,2,0.0,0.65380859375,0,0.34619140625,1
TCGA-EW-A1P8,tcga_mc3_wes,hrd_binary_33,MuAt-compatible reimplementation,muat_compatible_qkv_attention,1.0,,,1,0.0,0.91015625,0,0.0897216796875,1
TCGA-EW-A1PA,tcga_mc3_wes,hrd_binary_33,MuAt-compatible reimplementation,muat_compatible_qkv_attention,0.0,,,2,0.0,0.90673828125,0,0.09332275390625,1
TCGA-EW-A1PB,tcga_mc3_wes,hrd_binary_33,MuAt-compatible reimplementation,muat_compatible_qkv_attention,1.0,,,5,1.0,0.3359375,0,0.6640625,1
TCGA-EW-A1PE,tcga_mc3_wes,hrd_binary_33,MuAt-compatible reimplementation,muat_compatible_qkv_attention,0.0,,,3,0.0,0.92529296875,0,0.07476806640625,1
TCGA-EW-A1PG,tcga_mc3_wes,hrd_binary_33,MuAt-compatible reimplementation,muat_compatible_qkv_attention,0.0,,,4,0.0,0.775390625,0,0.2247314453125,1
TCGA-EW-A1PH,tcga_mc3_wes,hrd_binary_33,MuAt-compatible reimplementation,muat_compatible_qkv_attention,1.0,,,1,0.0,0.82958984375,0,0.1702880859375,1
TCGA-EW-A2FS,tcga_mc3_wes,hrd_binary_33,MuAt-compatible reimplementation,muat_compatible_qkv_attention,0.0,,,1,0.0,0.8837890625,0,0.11639404296875,1
TCGA-EW-A2FV,tcga_mc3_wes,hrd_binary_33,MuAt-compatible reimplementation,muat_compatible_qkv_attention,0.0,,,2,1.0,0.289794921875,0,0.7099609375,1
TCGA-EW-A6SB,tcga_mc3_wes,hrd_binary_33,MuAt-compatible reimplementation,muat_compatible_qkv_attention,0.0,,,4,1.0,0.42724609375,0,0.57275390625,1
TCGA-EW-A6SC,tcga_mc3_wes,hrd_binary_33,MuAt-compatible reimplementation,muat_compatible_qkv_attention,0.0,,,5,0.0,0.98974609375,0,0.01013946533203125,1
TCGA-EW-A6SD,tcga_mc3_wes,hrd_binary_33,MuAt-compatible reimplementation,muat_compatible_qkv_attention,1.0,,,4,0.0,0.81396484375,0,0.1861572265625,1
TCGA-GM-A2DA,tcga_mc3_wes,hrd_binary_33,MuAt-compatible reimplementation,muat_compatible_qkv_attention,0.0,,,4,0.0,0.79931640625,0,0.200927734375,1
TCGA-GM-A2DB,tcga_mc3_wes,hrd_binary_33,MuAt-compatible reimplementation,muat_compatible_qkv_attention,0.0,,,5,1.0,0.4326171875,0,0.5673828125,1
TCGA-GM-A2DC,tcga_mc3_wes,hrd_binary_33,MuAt-compatible reimplementation,muat_compatible_qkv_attention,0.0,,,3,0.0,0.90185546875,0,0.0982666015625,1
TCGA-GM-A2DD,tcga_mc3_wes,hrd_binary_33,MuAt-compatible reimplementation,muat_compatible_qkv_attention,0.0,,,3,0.0,0.77294921875,0,0.2269287109375,1
TCGA-GM-A2DF,tcga_mc3_wes,hrd_binary_33,MuAt-compatible reimplementation,muat_compatible_qkv_attention,1.0,,,4,0.0,0.6015625,0,0.3984375,1
TCGA-GM-A2DH,tcga_mc3_wes,hrd_binary_33,MuAt-compatible reimplementation,muat_compatible_qkv_attention,1.0,,,1,0.0,0.75146484375,0,0.2486572265625,1
TCGA-GM-A2DK,tcga_mc3_wes,hrd_binary_33,MuAt-compatible reimplementation,muat_compatible_qkv_attention,0.0,,,2,0.0,0.92578125,0,0.074462890625,1
TCGA-GM-A2DL,tcga_mc3_wes,hrd_binary_33,MuAt-compatible reimplementation,muat_compatible_qkv_attention,0.0,,,1,0.0,0.83544921875,0,0.164306640625,1
TCGA-GM-A2DM,tcga_mc3_wes,hrd_binary_33,MuAt-compatible reimplementation,muat_compatible_qkv_attention,0.0,,,5,0.0,0.7822265625,0,0.2177734375,1
TCGA-GM-A2DN,tcga_mc3_wes,hrd_binary_33,MuAt-compatible reimplementation,muat_compatible_qkv_attention,0.0,,,4,0.0,0.50244140625,0,0.49755859375,1
TCGA-GM-A3NW,tcga_mc3_wes,hrd_binary_33,MuAt-compatible reimplementation,muat_compatible_qkv_attention,0.0,,,4,0.0,0.77978515625,0,0.219970703125,1
TCGA-GM-A5PX,tcga_mc3_wes,hrd_binary_33,MuAt-compatible reimplementation,muat_compatible_qkv_attention,0.0,,,3,1.0,0.49853515625,0,0.50146484375,1
TCGA-HN-A2NL,tcga_mc3_wes,hrd_binary_33,MuAt-compatible reimplementation,muat_compatible_qkv_attention,1.0,,,1,0.0,0.8486328125,0,0.1514892578125,1
TCGA-HN-A2OB,tcga_mc3_wes,hrd_binary_33,MuAt-compatible reimplementation,muat_compatible_qkv_attention,0.0,,,1,0.0,0.90576171875,0,0.0941162109375,1
TCGA-LD-A66U,tcga_mc3_wes,hrd_binary_33,MuAt-compatible reimplementation,muat_compatible_qkv_attention,0.0,,,3,0.0,0.8828125,0,0.1171875,1
TCGA-LD-A74U,tcga_mc3_wes,hrd_binary_33,MuAt-compatible reimplementation,muat_compatible_qkv_attention,0.0,,,5,0.0,0.8955078125,0,0.10467529296875,1
TCGA-LD-A7W5,tcga_mc3_wes,hrd_binary_33,MuAt-compatible reimplementation,muat_compatible_qkv_attention,1.0,,,5,0.0,0.65185546875,0,0.347900390625,1
TCGA-LD-A7W6,tcga_mc3_wes,hrd_binary_33,MuAt-compatible reimplementation,muat_compatible_qkv_attention,0.0,,,5,0.0,0.75927734375,0,0.2406005859375,1
TCGA-LL-A50Y,tcga_mc3_wes,hrd_binary_33,MuAt-compatible reimplementation,muat_compatible_qkv_attention,0.0,,,1,0.0,0.95068359375,0,0.0491943359375,1
TCGA-LL-A5YL,tcga_mc3_wes,hrd_binary_33,MuAt-compatible reimplementation,muat_compatible_qkv_attention,0.0,,,4,0.0,0.8134765625,0,0.186767578125,1
TCGA-LL-A5YM,tcga_mc3_wes,hrd_binary_33,MuAt-compatible reimplementation,muat_compatible_qkv_attention,0.0,,,3,0.0,0.85107421875,0,0.14892578125,1
TCGA-LL-A5YN,tcga_mc3_wes,hrd_binary_33,MuAt-compatible reimplementation,muat_compatible_qkv_attention,1.0,,,3,0.0,0.830078125,0,0.169677734375,1
TCGA-LL-A5YP,tcga_mc3_wes,hrd_binary_33,MuAt-compatible reimplementation,muat_compatible_qkv_attention,1.0,,,4,0.0,0.5517578125,0,0.4482421875,1
TCGA-LL-A6FQ,tcga_mc3_wes,hrd_binary_33,MuAt-compatible reimplementation,muat_compatible_qkv_attention,0.0,,,4,0.0,0.7685546875,0,0.2313232421875,1
TCGA-LL-A6FR,tcga_mc3_wes,hrd_binary_33,MuAt-compatible reimplementation,muat_compatible_qkv_attention,1.0,,,4,0.0,0.61767578125,0,0.382080078125,1
TCGA-LL-A73Y,tcga_mc3_wes,hrd_binary_33,MuAt-compatible reimplementation,muat_compatible_qkv_attention,0.0,,,4,1.0,0.40869140625,0,0.59130859375,1
TCGA-LL-A73Z,tcga_mc3_wes,hrd_binary_33,MuAt-compatible reimplementation,muat_compatible_qkv_attention,0.0,,,1,0.0,0.720703125,0,0.279052734375,1
TCGA-LL-A7SZ,tcga_mc3_wes,hrd_binary_33,MuAt-compatible reimplementation,muat_compatible_qkv_attention,1.0,,,4,0.0,0.615234375,0,0.385009765625,1
TCGA-LL-A7T0,tcga_mc3_wes,hrd_binary_33,MuAt-compatible reimplementation,muat_compatible_qkv_attention,1.0,,,3,0.0,0.9326171875,0,0.067626953125,1
TCGA-LL-A8F5,tcga_mc3_wes,hrd_binary_33,MuAt-compatible reimplementation,muat_compatible_qkv_attention,1.0,,,1,1.0,0.36181640625,0,0.63818359375,1
TCGA-LL-A9Q3,tcga_mc3_wes,hrd_binary_33,MuAt-compatible reimplementation,muat_compatible_qkv_attention,0.0,,,5,0.0,0.88134765625,0,0.11871337890625,1
TCGA-OK-A5Q2,tcga_mc3_wes,hrd_binary_33,MuAt-compatible reimplementation,muat_compatible_qkv_attention,0.0,,,5,0.0,0.94873046875,0,0.05145263671875,1
TCGA-OL-A5D6,tcga_mc3_wes,hrd_binary_33,MuAt-compatible reimplementation,muat_compatible_qkv_attention,0.0,,,4,1.0,0.2978515625,0,0.7021484375,1
TCGA-OL-A5D7,tcga_mc3_wes,hrd_binary_33,MuAt-compatible reimplementation,muat_compatible_qkv_attention,1.0,,,1,0.0,0.53076171875,0,0.468994140625,1
TCGA-OL-A5D8,tcga_mc3_wes,hrd_binary_33,MuAt-compatible reimplementation,muat_compatible_qkv_attention,0.0,,,2,0.0,0.86279296875,0,0.1370849609375,1
TCGA-OL-A5DA,tcga_mc3_wes,hrd_binary_33,MuAt-compatible reimplementation,muat_compatible_qkv_attention,0.0,,,3,0.0,0.6630859375,0,0.336669921875,1
TCGA-OL-A5RU,tcga_mc3_wes,hrd_binary_33,MuAt-compatible reimplementation,muat_compatible_qkv_attention,0.0,,,4,0.0,0.7080078125,0,0.291748046875,1
TCGA-OL-A5RV,tcga_mc3_wes,hrd_binary_33,MuAt-compatible reimplementation,muat_compatible_qkv_attention,0.0,,,4,0.0,0.859375,0,0.140625,1
TCGA-OL-A5RW,tcga_mc3_wes,hrd_binary_33,MuAt-compatible reimplementation,muat_compatible_qkv_attention,1.0,,,3,1.0,0.259765625,0,0.740234375,1
TCGA-OL-A5RX,tcga_mc3_wes,hrd_binary_33,MuAt-compatible reimplementation,muat_compatible_qkv_attention,0.0,,,2,0.0,0.93701171875,0,0.06317138671875,1
TCGA-OL-A5RY,tcga_mc3_wes,hrd_binary_33,MuAt-compatible reimplementation,muat_compatible_qkv_attention,0.0,,,5,0.0,0.5478515625,0,0.452392578125,1
TCGA-OL-A5RZ,tcga_mc3_wes,hrd_binary_33,MuAt-compatible reimplementation,muat_compatible_qkv_attention,0.0,,,2,0.0,0.59765625,0,0.402099609375,1
TCGA-OL-A5S0,tcga_mc3_wes,hrd_binary_33,MuAt-compatible reimplementation,muat_compatible_qkv_attention,1.0,,,2,0.0,0.7138671875,0,0.2861328125,1
TCGA-OL-A66H,tcga_mc3_wes,hrd_binary_33,MuAt-compatible reimplementation,muat_compatible_qkv_attention,0.0,,,3,0.0,0.82763671875,0,0.1722412109375,1
TCGA-OL-A66I,tcga_mc3_wes,hrd_binary_33,MuAt-compatible reimplementation,muat_compatible_qkv_attention,1.0,,,2,0.0,0.79541015625,0,0.2047119140625,1
TCGA-OL-A66J,tcga_mc3_wes,hrd_binary_33,MuAt-compatible reimplementation,muat_compatible_qkv_attention,0.0,,,2,0.0,0.68505859375,0,0.31494140625,1
TCGA-OL-A66K,tcga_mc3_wes,hrd_binary_33,MuAt-compatible reimplementation,muat_compatible_qkv_attention,0.0,,,2,0.0,0.8828125,0,0.11700439453125,1
TCGA-OL-A66L,tcga_mc3_wes,hrd_binary_33,MuAt-compatible reimplementation,muat_compatible_qkv_attention,0.0,,,2,0.0,0.9375,0,0.06256103515625,1
TCGA-OL-A66N,tcga_mc3_wes,hrd_binary_33,MuAt-compatible reimplementation,muat_compatible_qkv_attention,0.0,,,1,0.0,0.96142578125,0,0.03839111328125,1
TCGA-OL-A66O,tcga_mc3_wes,hrd_binary_33,MuAt-compatible reimplementation,muat_compatible_qkv_attention,0.0,,,2,0.0,0.587890625,0,0.412109375,1
TCGA-OL-A66P,tcga_mc3_wes,hrd_binary_33,MuAt-compatible reimplementation,muat_compatible_qkv_attention,0.0,,,5,1.0,0.431640625,0,0.568359375,1
TCGA-OL-A6VO,tcga_mc3_wes,hrd_binary_33,MuAt-compatible reimplementation,muat_compatible_qkv_attention,1.0,,,1,0.0,0.841796875,0,0.158203125,1
TCGA-OL-A6VQ,tcga_mc3_wes,hrd_binary_33,MuAt-compatible reimplementation,muat_compatible_qkv_attention,0.0,,,4,0.0,0.65966796875,0,0.340576171875,1
TCGA-OL-A6VR,tcga_mc3_wes,hrd_binary_33,MuAt-compatible reimplementation,muat_compatible_qkv_attention,0.0,,,1,0.0,0.79150390625,0,0.208251953125,1
TCGA-OL-A97C,tcga_mc3_wes,hrd_binary_33,MuAt-compatible reimplementation,muat_compatible_qkv_attention,0.0,,,2,0.0,0.5546875,0,0.445556640625,1
TCGA-PE-A5DD,tcga_mc3_wes,hrd_binary_33,MuAt-compatible reimplementation,muat_compatible_qkv_attention,0.0,,,2,0.0,0.89697265625,0,0.10308837890625,1
TCGA-PE-A5DE,tcga_mc3_wes,hrd_binary_33,MuAt-compatible reimplementation,muat_compatible_qkv_attention,0.0,,,5,0.0,0.857421875,0,0.1427001953125,1
TCGA-PL-A8LV,tcga_mc3_wes,hrd_binary_33,MuAt-compatible reimplementation,muat_compatible_qkv_attention,1.0,,,3,1.0,0.1688232421875,0,0.8310546875,1
TCGA-PL-A8LX,tcga_mc3_wes,hrd_binary_33,MuAt-compatible reimplementation,muat_compatible_qkv_attention,0.0,,,5,0.0,0.72802734375,0,0.272216796875,1
TCGA-PL-A8LY,tcga_mc3_wes,hrd_binary_33,MuAt-compatible reimplementation,muat_compatible_qkv_attention,0.0,,,5,0.0,0.80908203125,0,0.19091796875,1
TCGA-PL-A8LZ,tcga_mc3_wes,hrd_binary_33,MuAt-compatible reimplementation,muat_compatible_qkv_attention,1.0,,,3,0.0,0.73876953125,0,0.260986328125,1
TCGA-S3-A6ZF,tcga_mc3_wes,hrd_binary_33,MuAt-compatible reimplementation,muat_compatible_qkv_attention,1.0,,,1,0.0,0.7880859375,0,0.2117919921875,1
TCGA-S3-A6ZG,tcga_mc3_wes,hrd_binary_33,MuAt-compatible reimplementation,muat_compatible_qkv_attention,0.0,,,1,0.0,0.71044921875,0,0.28955078125,1
TCGA-S3-A6ZH,tcga_mc3_wes,hrd_binary_33,MuAt-compatible reimplementation,muat_compatible_qkv_attention,0.0,,,1,0.0,0.77001953125,0,0.2301025390625,1
TCGA-S3-AA0Z,tcga_mc3_wes,hrd_binary_33,MuAt-compatible reimplementation,muat_compatible_qkv_attention,1.0,,,5,0.0,0.62841796875,0,0.37158203125,1
TCGA-S3-AA10,tcga_mc3_wes,hrd_binary_33,MuAt-compatible reimplementation,muat_compatible_qkv_attention,1.0,,,3,1.0,0.173583984375,0,0.826171875,1
TCGA-S3-AA11,tcga_mc3_wes,hrd_binary_33,MuAt-compatible reimplementation,muat_compatible_qkv_attention,0.0,,,3,0.0,0.86865234375,0,0.1314697265625,1
TCGA-S3-AA12,tcga_mc3_wes,hrd_binary_33,MuAt-compatible reimplementation,muat_compatible_qkv_attention,0.0,,,3,0.0,0.876953125,0,0.123046875,1
TCGA-S3-AA14,tcga_mc3_wes,hrd_binary_33,MuAt-compatible reimplementation,muat_compatible_qkv_attention,0.0,,,1,0.0,0.9833984375,0,0.016510009765625,1
TCGA-S3-AA17,tcga_mc3_wes,hrd_binary_33,MuAt-compatible reimplementation,muat_compatible_qkv_attention,1.0,,,4,0.0,0.52783203125,0,0.472412109375,1
TCGA-UU-A93S,tcga_mc3_wes,hrd_binary_33,MuAt-compatible reimplementation,muat_compatible_qkv_attention,1.0,,,4,1.0,0.43310546875,0,0.56689453125,1
TCGA-V7-A7HQ,tcga_mc3_wes,hrd_binary_33,MuAt-compatible reimplementation,muat_compatible_qkv_attention,0.0,,,3,0.0,0.884765625,0,0.11517333984375,1
TCGA-W8-A86G,tcga_mc3_wes,hrd_binary_33,MuAt-compatible reimplementation,muat_compatible_qkv_attention,0.0,,,1,0.0,0.91845703125,0,0.081298828125,1
TCGA-WT-AB41,tcga_mc3_wes,hrd_binary_33,MuAt-compatible reimplementation,muat_compatible_qkv_attention,0.0,,,5,0.0,0.93408203125,0,0.0660400390625,1
TCGA-WT-AB44,tcga_mc3_wes,hrd_binary_33,MuAt-compatible reimplementation,muat_compatible_qkv_attention,0.0,,,1,0.0,0.7978515625,0,0.2022705078125,1
TCGA-XX-A899,tcga_mc3_wes,hrd_binary_33,MuAt-compatible reimplementation,muat_compatible_qkv_attention,0.0,,,2,0.0,0.56103515625,0,0.43896484375,1
TCGA-XX-A89A,tcga_mc3_wes,hrd_binary_33,MuAt-compatible reimplementation,muat_compatible_qkv_attention,0.0,,,2,0.0,0.84228515625,0,0.1578369140625,1
TCGA-Z7-A8R6,tcga_mc3_wes,hrd_binary_33,MuAt-compatible reimplementation,muat_compatible_qkv_attention,0.0,,,1,0.0,0.77392578125,0,0.226318359375,1
