sample,benchmark,endpoint,representation,learner,true_value,pred_value,pred_value_z,fold,predicted_class,pred_class_0,class_label_0,pred_class_1,class_label_1
TCGA-3C-AALI,tcga_mc3_wes,HRD_Score,MuAt-compatible reimplementation,muat_compatible_qkv_attention,32.0,34.528428172755845,0.39404296875,3,,,,,
TCGA-3C-AALJ,tcga_mc3_wes,HRD_Score,MuAt-compatible reimplementation,muat_compatible_qkv_attention,31.0,37.144385231272736,0.5458984375,4,,,,,
TCGA-5L-AAT0,tcga_mc3_wes,HRD_Score,MuAt-compatible reimplementation,muat_compatible_qkv_attention,9.0,26.8014103055284,0.03472900390625,4,,,,,
TCGA-5T-A9QA,tcga_mc3_wes,HRD_Score,MuAt-compatible reimplementation,muat_compatible_qkv_attention,15.0,18.72645121080217,-0.358642578125,1,,,,,
TCGA-A1-A0SB,tcga_mc3_wes,HRD_Score,MuAt-compatible reimplementation,muat_compatible_qkv_attention,0.0,12.181442681718366,-0.6767578125,5,,,,,
TCGA-A1-A0SD,tcga_mc3_wes,HRD_Score,MuAt-compatible reimplementation,muat_compatible_qkv_attention,25.0,10.364172509013589,-0.76904296875,5,,,,,
TCGA-A1-A0SE,tcga_mc3_wes,HRD_Score,MuAt-compatible reimplementation,muat_compatible_qkv_attention,15.0,18.74315222905296,-0.363525390625,4,,,,,
TCGA-A1-A0SF,tcga_mc3_wes,HRD_Score,MuAt-compatible reimplementation,muat_compatible_qkv_attention,23.0,8.796480858280773,-0.8515625,1,,,,,
TCGA-A1-A0SG,tcga_mc3_wes,HRD_Score,MuAt-compatible reimplementation,muat_compatible_qkv_attention,12.0,7.988928270440219,-0.89501953125,4,,,,,
TCGA-A1-A0SI,tcga_mc3_wes,HRD_Score,MuAt-compatible reimplementation,muat_compatible_qkv_attention,13.0,35.7463855159363,0.476806640625,4,,,,,
TCGA-A1-A0SJ,tcga_mc3_wes,HRD_Score,MuAt-compatible reimplementation,muat_compatible_qkv_attention,22.0,12.92885659318378,-0.65087890625,4,,,,,
TCGA-A1-A0SK,tcga_mc3_wes,HRD_Score,MuAt-compatible reimplementation,muat_compatible_qkv_attention,33.0,63.44682226746566,1.90234375,2,,,,,
TCGA-A1-A0SO,tcga_mc3_wes,HRD_Score,MuAt-compatible reimplementation,muat_compatible_qkv_attention,82.0,59.24374909327572,1.69140625,2,,,,,
TCGA-A1-A0SQ,tcga_mc3_wes,HRD_Score,MuAt-compatible reimplementation,muat_compatible_qkv_attention,8.0,8.976913934988929,-0.84619140625,4,,,,,
TCGA-A2-A04N,tcga_mc3_wes,HRD_Score,MuAt-compatible reimplementation,muat_compatible_qkv_attention,7.0,7.96041876652755,-0.88232421875,2,,,,,
TCGA-A2-A04P,tcga_mc3_wes,HRD_Score,MuAt-compatible reimplementation,muat_compatible_qkv_attention,83.0,27.006857748063226,0.07611083984375,5,,,,,
TCGA-A2-A04Q,tcga_mc3_wes,HRD_Score,MuAt-compatible reimplementation,muat_compatible_qkv_attention,16.0,41.96523769701497,0.794921875,1,,,,,
TCGA-A2-A04R,tcga_mc3_wes,HRD_Score,MuAt-compatible reimplementation,muat_compatible_qkv_attention,36.0,58.424974334577264,1.578125,3,,,,,
TCGA-A2-A04T,tcga_mc3_wes,HRD_Score,MuAt-compatible reimplementation,muat_compatible_qkv_attention,77.0,30.149113986300424,0.2083740234375,1,,,,,
TCGA-A2-A04U,tcga_mc3_wes,HRD_Score,MuAt-compatible reimplementation,muat_compatible_qkv_attention,59.0,36.9092646794855,0.5439453125,1,,,,,
TCGA-A2-A04V,tcga_mc3_wes,HRD_Score,MuAt-compatible reimplementation,muat_compatible_qkv_attention,10.0,29.554497585053014,0.1475830078125,3,,,,,
TCGA-A2-A04W,tcga_mc3_wes,HRD_Score,MuAt-compatible reimplementation,muat_compatible_qkv_attention,22.0,34.22787367463809,0.379150390625,3,,,,,
TCGA-A2-A04Y,tcga_mc3_wes,HRD_Score,MuAt-compatible reimplementation,muat_compatible_qkv_attention,20.0,46.945203023595965,1.0302734375,4,,,,,
TCGA-A2-A0CM,tcga_mc3_wes,HRD_Score,MuAt-compatible reimplementation,muat_compatible_qkv_attention,40.0,26.93502997175226,0.048828125,1,,,,,
TCGA-A2-A0CP,tcga_mc3_wes,HRD_Score,MuAt-compatible reimplementation,muat_compatible_qkv_attention,5.0,12.9602727557347,-0.63720703125,5,,,,,
TCGA-A2-A0CR,tcga_mc3_wes,HRD_Score,MuAt-compatible reimplementation,muat_compatible_qkv_attention,2.0,11.42406240081371,-0.70849609375,2,,,,,
TCGA-A2-A0CS,tcga_mc3_wes,HRD_Score,MuAt-compatible reimplementation,muat_compatible_qkv_attention,3.0,26.364674074692036,0.04132080078125,2,,,,,
TCGA-A2-A0CT,tcga_mc3_wes,HRD_Score,MuAt-compatible reimplementation,muat_compatible_qkv_attention,30.0,9.191119804939609,-0.82861328125,5,,,,,
TCGA-A2-A0CU,tcga_mc3_wes,HRD_Score,MuAt-compatible reimplementation,muat_compatible_qkv_attention,21.0,20.599451678019932,-0.296142578125,3,,,,,
TCGA-A2-A0CV,tcga_mc3_wes,HRD_Score,MuAt-compatible reimplementation,muat_compatible_qkv_attention,3.0,11.009698618872468,-0.74169921875,1,,,,,
TCGA-A2-A0CW,tcga_mc3_wes,HRD_Score,MuAt-compatible reimplementation,muat_compatible_qkv_attention,44.0,20.47454069207747,-0.255615234375,5,,,,,
TCGA-A2-A0CX,tcga_mc3_wes,HRD_Score,MuAt-compatible reimplementation,muat_compatible_qkv_attention,21.0,21.770187018913283,-0.1898193359375,5,,,,,
TCGA-A2-A0D0,tcga_mc3_wes,HRD_Score,MuAt-compatible reimplementation,muat_compatible_qkv_attention,62.0,51.0127307938204,1.2783203125,2,,,,,
TCGA-A2-A0D1,tcga_mc3_wes,HRD_Score,MuAt-compatible reimplementation,muat_compatible_qkv_attention,30.0,15.249240195828117,-0.53125,1,,,,,
TCGA-A2-A0D3,tcga_mc3_wes,HRD_Score,MuAt-compatible reimplementation,muat_compatible_qkv_attention,4.0,9.11523192802575,-0.83935546875,4,,,,,
TCGA-A2-A0D4,tcga_mc3_wes,HRD_Score,MuAt-compatible reimplementation,muat_compatible_qkv_attention,31.0,16.416932158313365,-0.461669921875,5,,,,,
TCGA-A2-A0EM,tcga_mc3_wes,HRD_Score,MuAt-compatible reimplementation,muat_compatible_qkv_attention,8.0,3.4893144482521308,-1.1181640625,5,,,,,
TCGA-A2-A0EN,tcga_mc3_wes,HRD_Score,MuAt-compatible reimplementation,muat_compatible_qkv_attention,7.0,10.891660338307576,-0.74755859375,1,,,,,
TCGA-A2-A0ES,tcga_mc3_wes,HRD_Score,MuAt-compatible reimplementation,muat_compatible_qkv_attention,1.0,18.273849659797317,-0.411376953125,3,,,,,
TCGA-A2-A0EU,tcga_mc3_wes,HRD_Score,MuAt-compatible reimplementation,muat_compatible_qkv_attention,3.0,11.045760336211332,-0.76953125,3,,,,,
TCGA-A2-A0EV,tcga_mc3_wes,HRD_Score,MuAt-compatible reimplementation,muat_compatible_qkv_attention,25.0,37.08067784529677,0.5205078125,3,,,,,
TCGA-A2-A0EW,tcga_mc3_wes,HRD_Score,MuAt-compatible reimplementation,muat_compatible_qkv_attention,8.0,16.97465788951076,-0.450927734375,4,,,,,
TCGA-A2-A0EX,tcga_mc3_wes,HRD_Score,MuAt-compatible reimplementation,muat_compatible_qkv_attention,10.0,18.3428293806768,-0.407958984375,3,,,,,
TCGA-A2-A0EY,tcga_mc3_wes,HRD_Score,MuAt-compatible reimplementation,muat_compatible_qkv_attention,49.0,17.536231881772864,-0.417724609375,1,,,,,
TCGA-A2-A0SU,tcga_mc3_wes,HRD_Score,MuAt-compatible reimplementation,muat_compatible_qkv_attention,18.0,32.7546639215691,0.30615234375,3,,,,,
TCGA-A2-A0SV,tcga_mc3_wes,HRD_Score,MuAt-compatible reimplementation,muat_compatible_qkv_attention,35.0,8.277677125537735,-0.875,5,,,,,
TCGA-A2-A0SW,tcga_mc3_wes,HRD_Score,MuAt-compatible reimplementation,muat_compatible_qkv_attention,32.0,21.63076682047826,-0.1968994140625,5,,,,,
TCGA-A2-A0SX,tcga_mc3_wes,HRD_Score,MuAt-compatible reimplementation,muat_compatible_qkv_attention,36.0,11.794683020045737,-0.732421875,3,,,,,
TCGA-A2-A0SY,tcga_mc3_wes,HRD_Score,MuAt-compatible reimplementation,muat_compatible_qkv_attention,10.0,16.189676664652893,-0.5146484375,3,,,,,
TCGA-A2-A0T0,tcga_mc3_wes,HRD_Score,MuAt-compatible reimplementation,muat_compatible_qkv_attention,70.0,55.21580396801035,1.4892578125,2,,,,,
TCGA-A2-A0T1,tcga_mc3_wes,HRD_Score,MuAt-compatible reimplementation,muat_compatible_qkv_attention,31.0,28.83470926473248,0.165283203125,2,,,,,
TCGA-A2-A0T2,tcga_mc3_wes,HRD_Score,MuAt-compatible reimplementation,muat_compatible_qkv_attention,26.0,23.15034467672212,-0.1199951171875,2,,,,,
TCGA-A2-A0T3,tcga_mc3_wes,HRD_Score,MuAt-compatible reimplementation,muat_compatible_qkv_attention,39.0,10.276000746752567,-0.76611328125,2,,,,,
TCGA-A2-A0T4,tcga_mc3_wes,HRD_Score,MuAt-compatible reimplementation,muat_compatible_qkv_attention,15.0,23.921394558792844,-0.081298828125,2,,,,,
TCGA-A2-A0T5,tcga_mc3_wes,HRD_Score,MuAt-compatible reimplementation,muat_compatible_qkv_attention,3.0,-2.3624067839713696,-1.400390625,2,,,,,
TCGA-A2-A0T6,tcga_mc3_wes,HRD_Score,MuAt-compatible reimplementation,muat_compatible_qkv_attention,4.0,3.261149453717959,-1.1181640625,2,,,,,
TCGA-A2-A0T7,tcga_mc3_wes,HRD_Score,MuAt-compatible reimplementation,muat_compatible_qkv_attention,23.0,10.310694582129692,-0.7802734375,4,,,,,
TCGA-A2-A0YC,tcga_mc3_wes,HRD_Score,MuAt-compatible reimplementation,muat_compatible_qkv_attention,6.0,12.622888453259304,-0.66162109375,1,,,,,
TCGA-A2-A0YD,tcga_mc3_wes,HRD_Score,MuAt-compatible reimplementation,muat_compatible_qkv_attention,8.0,10.957072123651995,-0.77392578125,3,,,,,
TCGA-A2-A0YE,tcga_mc3_wes,HRD_Score,MuAt-compatible reimplementation,muat_compatible_qkv_attention,40.0,16.080426421472552,-0.489990234375,1,,,,,
TCGA-A2-A0YF,tcga_mc3_wes,HRD_Score,MuAt-compatible reimplementation,muat_compatible_qkv_attention,14.0,10.68509334731902,-0.7578125,1,,,,,
TCGA-A2-A0YG,tcga_mc3_wes,HRD_Score,MuAt-compatible reimplementation,muat_compatible_qkv_attention,29.0,15.08229275612718,-0.52490234375,2,,,,,
TCGA-A2-A0YH,tcga_mc3_wes,HRD_Score,MuAt-compatible reimplementation,muat_compatible_qkv_attention,21.0,25.19563353977013,-0.0173492431640625,2,,,,,
TCGA-A2-A0YJ,tcga_mc3_wes,HRD_Score,MuAt-compatible reimplementation,muat_compatible_qkv_attention,25.0,19.011710388834,-0.344482421875,1,,,,,
TCGA-A2-A0YK,tcga_mc3_wes,HRD_Score,MuAt-compatible reimplementation,muat_compatible_qkv_attention,6.0,12.385937770441316,-0.703125,3,,,,,
TCGA-A2-A0YL,tcga_mc3_wes,HRD_Score,MuAt-compatible reimplementation,muat_compatible_qkv_attention,8.0,9.34496278252308,-0.82080078125,5,,,,,
TCGA-A2-A0YM,tcga_mc3_wes,HRD_Score,MuAt-compatible reimplementation,muat_compatible_qkv_attention,36.0,24.8011191809151,-0.057098388671875,1,,,,,
TCGA-A2-A0YT,tcga_mc3_wes,HRD_Score,MuAt-compatible reimplementation,muat_compatible_qkv_attention,44.0,11.407358669778764,-0.72607421875,4,,,,,
TCGA-A2-A1FV,tcga_mc3_wes,HRD_Score,MuAt-compatible reimplementation,muat_compatible_qkv_attention,34.0,7.714463286435944,-0.9052734375,1,,,,,
TCGA-A2-A1FX,tcga_mc3_wes,HRD_Score,MuAt-compatible reimplementation,muat_compatible_qkv_attention,17.0,11.199881680223534,-0.736328125,4,,,,,
TCGA-A2-A1FZ,tcga_mc3_wes,HRD_Score,MuAt-compatible reimplementation,muat_compatible_qkv_attention,4.0,10.33097850562435,-0.775390625,1,,,,,
TCGA-A2-A1G0,tcga_mc3_wes,HRD_Score,MuAt-compatible reimplementation,muat_compatible_qkv_attention,10.0,32.39711411311617,0.311279296875,4,,,,,
TCGA-A2-A1G1,tcga_mc3_wes,HRD_Score,MuAt-compatible reimplementation,muat_compatible_qkv_attention,17.0,55.46163945200587,1.451171875,4,,,,,
TCGA-A2-A1G4,tcga_mc3_wes,HRD_Score,MuAt-compatible reimplementation,muat_compatible_qkv_attention,11.0,9.585342434997257,-0.80859375,5,,,,,
TCGA-A2-A259,tcga_mc3_wes,HRD_Score,MuAt-compatible reimplementation,muat_compatible_qkv_attention,8.0,23.36356763611928,-0.1591796875,3,,,,,
TCGA-A2-A25A,tcga_mc3_wes,HRD_Score,MuAt-compatible reimplementation,muat_compatible_qkv_attention,6.0,53.26134951445585,1.322265625,3,,,,,
TCGA-A2-A25C,tcga_mc3_wes,HRD_Score,MuAt-compatible reimplementation,muat_compatible_qkv_attention,14.0,27.76405365335688,0.11456298828125,5,,,,,
TCGA-A2-A25D,tcga_mc3_wes,HRD_Score,MuAt-compatible reimplementation,muat_compatible_qkv_attention,33.0,44.07016473975921,0.88818359375,4,,,,,
TCGA-A2-A25E,tcga_mc3_wes,HRD_Score,MuAt-compatible reimplementation,muat_compatible_qkv_attention,53.0,40.981585358974215,0.74609375,1,,,,,
TCGA-A2-A3KD,tcga_mc3_wes,HRD_Score,MuAt-compatible reimplementation,muat_compatible_qkv_attention,13.0,21.205487797175408,-0.26611328125,3,,,,,
TCGA-A2-A3XU,tcga_mc3_wes,HRD_Score,MuAt-compatible reimplementation,muat_compatible_qkv_attention,10.0,13.768832389192823,-0.5908203125,2,,,,,
TCGA-A2-A3Y0,tcga_mc3_wes,HRD_Score,MuAt-compatible reimplementation,muat_compatible_qkv_attention,55.0,54.72933716544207,1.46484375,2,,,,,
TCGA-A2-A4S1,tcga_mc3_wes,HRD_Score,MuAt-compatible reimplementation,muat_compatible_qkv_attention,29.0,25.884135774665754,-0.0033378601074218,1,,,,,
TCGA-A2-A4S3,tcga_mc3_wes,HRD_Score,MuAt-compatible reimplementation,muat_compatible_qkv_attention,65.0,34.50309721047043,0.456787109375,5,,,,,
TCGA-A7-A0CE,tcga_mc3_wes,HRD_Score,MuAt-compatible reimplementation,muat_compatible_qkv_attention,50.0,77.19732407207755,2.525390625,4,,,,,
TCGA-A7-A0CG,tcga_mc3_wes,HRD_Score,MuAt-compatible reimplementation,muat_compatible_qkv_attention,11.0,10.655583777177798,-0.75927734375,1,,,,,
TCGA-A7-A0CH,tcga_mc3_wes,HRD_Score,MuAt-compatible reimplementation,muat_compatible_qkv_attention,4.0,28.396623698861667,0.0902099609375,3,,,,,
TCGA-A7-A0CJ,tcga_mc3_wes,HRD_Score,MuAt-compatible reimplementation,muat_compatible_qkv_attention,54.0,13.662181340959297,-0.6015625,5,,,,,
TCGA-A7-A0D9,tcga_mc3_wes,HRD_Score,MuAt-compatible reimplementation,muat_compatible_qkv_attention,16.0,16.94845359432722,-0.47705078125,3,,,,,
TCGA-A7-A0DA,tcga_mc3_wes,HRD_Score,MuAt-compatible reimplementation,muat_compatible_qkv_attention,74.0,73.13724097462583,2.388671875,2,,,,,
TCGA-A7-A0DB,tcga_mc3_wes,HRD_Score,MuAt-compatible reimplementation,muat_compatible_qkv_attention,4.0,9.108480420588691,-0.82470703125,2,,,,,
TCGA-A7-A13D,tcga_mc3_wes,HRD_Score,MuAt-compatible reimplementation,muat_compatible_qkv_attention,46.0,33.53533716000572,0.37646484375,1,,,,,
TCGA-A7-A13E,tcga_mc3_wes,HRD_Score,MuAt-compatible reimplementation,muat_compatible_qkv_attention,31.0,22.265369103010087,-0.1646728515625,5,,,,,
TCGA-A7-A13F,tcga_mc3_wes,HRD_Score,MuAt-compatible reimplementation,muat_compatible_qkv_attention,9.0,26.873064908454303,0.0147171020507812,3,,,,,
TCGA-A7-A26E,tcga_mc3_wes,HRD_Score,MuAt-compatible reimplementation,muat_compatible_qkv_attention,4.0,9.809642766462751,-0.80126953125,1,,,,,
TCGA-A7-A26H,tcga_mc3_wes,HRD_Score,MuAt-compatible reimplementation,muat_compatible_qkv_attention,18.0,21.178853073826808,-0.2198486328125,5,,,,,
TCGA-A7-A26I,tcga_mc3_wes,HRD_Score,MuAt-compatible reimplementation,muat_compatible_qkv_attention,38.0,20.447842802373493,-0.273193359375,1,,,,,
TCGA-A7-A26J,tcga_mc3_wes,HRD_Score,MuAt-compatible reimplementation,muat_compatible_qkv_attention,15.0,51.0342899546325,1.2119140625,3,,,,,
TCGA-A7-A4SE,tcga_mc3_wes,HRD_Score,MuAt-compatible reimplementation,muat_compatible_qkv_attention,60.0,41.71932461250478,0.78271484375,1,,,,,
TCGA-A7-A56D,tcga_mc3_wes,HRD_Score,MuAt-compatible reimplementation,muat_compatible_qkv_attention,34.0,32.8480603859208,0.36669921875,2,,,,,
TCGA-A7-A5ZV,tcga_mc3_wes,HRD_Score,MuAt-compatible reimplementation,muat_compatible_qkv_attention,55.0,54.91686281556348,1.404296875,3,,,,,
TCGA-A7-A5ZW,tcga_mc3_wes,HRD_Score,MuAt-compatible reimplementation,muat_compatible_qkv_attention,4.0,11.317039704248687,-0.7138671875,2,,,,,
TCGA-A7-A5ZX,tcga_mc3_wes,HRD_Score,MuAt-compatible reimplementation,muat_compatible_qkv_attention,6.0,37.59885863696514,0.568359375,4,,,,,
TCGA-A7-A6VW,tcga_mc3_wes,HRD_Score,MuAt-compatible reimplementation,muat_compatible_qkv_attention,48.0,61.67687546175296,1.7392578125,3,,,,,
TCGA-A7-A6VX,tcga_mc3_wes,HRD_Score,MuAt-compatible reimplementation,muat_compatible_qkv_attention,68.0,29.851424882100183,0.21630859375,2,,,,,
TCGA-A7-A6VY,tcga_mc3_wes,HRD_Score,MuAt-compatible reimplementation,muat_compatible_qkv_attention,76.0,76.80212980625807,2.505859375,4,,,,,
TCGA-A8-A06P,tcga_mc3_wes,HRD_Score,MuAt-compatible reimplementation,muat_compatible_qkv_attention,8.0,13.0683201934945,-0.6259765625,2,,,,,
TCGA-A8-A06Q,tcga_mc3_wes,HRD_Score,MuAt-compatible reimplementation,muat_compatible_qkv_attention,38.0,16.25954241834242,-0.4658203125,2,,,,,
TCGA-A8-A06R,tcga_mc3_wes,HRD_Score,MuAt-compatible reimplementation,muat_compatible_qkv_attention,63.0,33.61727640883383,0.37158203125,4,,,,,
TCGA-A8-A06U,tcga_mc3_wes,HRD_Score,MuAt-compatible reimplementation,muat_compatible_qkv_attention,67.0,30.23395458252905,0.239990234375,5,,,,,
TCGA-A8-A06X,tcga_mc3_wes,HRD_Score,MuAt-compatible reimplementation,muat_compatible_qkv_attention,59.0,46.41134626495918,1.015625,1,,,,,
TCGA-A8-A06Y,tcga_mc3_wes,HRD_Score,MuAt-compatible reimplementation,muat_compatible_qkv_attention,4.0,32.266878752492744,0.281982421875,3,,,,,
TCGA-A8-A06Z,tcga_mc3_wes,HRD_Score,MuAt-compatible reimplementation,muat_compatible_qkv_attention,31.0,43.055805245501645,0.89111328125,5,,,,,
TCGA-A8-A075,tcga_mc3_wes,HRD_Score,MuAt-compatible reimplementation,muat_compatible_qkv_attention,55.0,27.95858851513108,0.0919189453125,4,,,,,
TCGA-A8-A076,tcga_mc3_wes,HRD_Score,MuAt-compatible reimplementation,muat_compatible_qkv_attention,21.0,44.56005043780088,0.89111328125,3,,,,,
TCGA-A8-A079,tcga_mc3_wes,HRD_Score,MuAt-compatible reimplementation,muat_compatible_qkv_attention,31.0,55.12286379970533,1.50390625,5,,,,,
TCGA-A8-A07B,tcga_mc3_wes,HRD_Score,MuAt-compatible reimplementation,muat_compatible_qkv_attention,29.0,54.434134360875206,1.400390625,4,,,,,
TCGA-A8-A07I,tcga_mc3_wes,HRD_Score,MuAt-compatible reimplementation,muat_compatible_qkv_attention,25.0,13.74871801585,-0.59716796875,5,,,,,
TCGA-A8-A07J,tcga_mc3_wes,HRD_Score,MuAt-compatible reimplementation,muat_compatible_qkv_attention,13.0,11.623761887978276,-0.705078125,5,,,,,
TCGA-A8-A07L,tcga_mc3_wes,HRD_Score,MuAt-compatible reimplementation,muat_compatible_qkv_attention,71.0,22.710071460087317,-0.14208984375,5,,,,,
TCGA-A8-A07O,tcga_mc3_wes,HRD_Score,MuAt-compatible reimplementation,muat_compatible_qkv_attention,23.0,15.26891324258893,-0.5302734375,1,,,,,
TCGA-A8-A07P,tcga_mc3_wes,HRD_Score,MuAt-compatible reimplementation,muat_compatible_qkv_attention,23.0,11.556455585285509,-0.70849609375,5,,,,,
TCGA-A8-A07U,tcga_mc3_wes,HRD_Score,MuAt-compatible reimplementation,muat_compatible_qkv_attention,33.0,38.10932053189522,0.603515625,1,,,,,
TCGA-A8-A07W,tcga_mc3_wes,HRD_Score,MuAt-compatible reimplementation,muat_compatible_qkv_attention,24.0,56.597369687304266,1.55859375,2,,,,,
TCGA-A8-A07Z,tcga_mc3_wes,HRD_Score,MuAt-compatible reimplementation,muat_compatible_qkv_attention,11.0,5.014961882176401,-1.068359375,3,,,,,
TCGA-A8-A081,tcga_mc3_wes,HRD_Score,MuAt-compatible reimplementation,muat_compatible_qkv_attention,33.0,37.49868301847357,0.60009765625,2,,,,,
TCGA-A8-A082,tcga_mc3_wes,HRD_Score,MuAt-compatible reimplementation,muat_compatible_qkv_attention,12.0,7.784004963195706,-0.93115234375,3,,,,,
TCGA-A8-A083,tcga_mc3_wes,HRD_Score,MuAt-compatible reimplementation,muat_compatible_qkv_attention,8.0,34.54598293350962,0.41748046875,4,,,,,
TCGA-A8-A08B,tcga_mc3_wes,HRD_Score,MuAt-compatible reimplementation,muat_compatible_qkv_attention,26.0,6.325794347447417,-0.97412109375,5,,,,,
TCGA-A8-A08G,tcga_mc3_wes,HRD_Score,MuAt-compatible reimplementation,muat_compatible_qkv_attention,24.0,44.5699046836408,0.8916015625,3,,,,,
TCGA-A8-A08H,tcga_mc3_wes,HRD_Score,MuAt-compatible reimplementation,muat_compatible_qkv_attention,0.0,11.501897089224634,-0.70458984375,2,,,,,
TCGA-A8-A08L,tcga_mc3_wes,HRD_Score,MuAt-compatible reimplementation,muat_compatible_qkv_attention,79.0,44.15354887760765,0.93408203125,2,,,,,
TCGA-A8-A08O,tcga_mc3_wes,HRD_Score,MuAt-compatible reimplementation,muat_compatible_qkv_attention,25.0,5.354660551451744,-1.0234375,5,,,,,
TCGA-A8-A08R,tcga_mc3_wes,HRD_Score,MuAt-compatible reimplementation,muat_compatible_qkv_attention,85.0,57.37281734686362,1.6181640625,5,,,,,
TCGA-A8-A08T,tcga_mc3_wes,HRD_Score,MuAt-compatible reimplementation,muat_compatible_qkv_attention,12.0,5.546964273431083,-1.013671875,5,,,,,
TCGA-A8-A08X,tcga_mc3_wes,HRD_Score,MuAt-compatible reimplementation,muat_compatible_qkv_attention,35.0,26.34176465537143,0.019378662109375,1,,,,,
TCGA-A8-A08Z,tcga_mc3_wes,HRD_Score,MuAt-compatible reimplementation,muat_compatible_qkv_attention,13.0,17.69244915524166,-0.440185546875,3,,,,,
TCGA-A8-A090,tcga_mc3_wes,HRD_Score,MuAt-compatible reimplementation,muat_compatible_qkv_attention,13.0,22.45697701884605,-0.2041015625,3,,,,,
TCGA-A8-A091,tcga_mc3_wes,HRD_Score,MuAt-compatible reimplementation,muat_compatible_qkv_attention,11.0,7.200776282453422,-0.9296875,5,,,,,
TCGA-A8-A092,tcga_mc3_wes,HRD_Score,MuAt-compatible reimplementation,muat_compatible_qkv_attention,13.0,9.518352231022746,-0.84521484375,3,,,,,
TCGA-A8-A093,tcga_mc3_wes,HRD_Score,MuAt-compatible reimplementation,muat_compatible_qkv_attention,7.0,20.22935344655381,-0.26806640625,5,,,,,
TCGA-A8-A094,tcga_mc3_wes,HRD_Score,MuAt-compatible reimplementation,muat_compatible_qkv_attention,39.0,22.466789226202145,-0.1729736328125,1,,,,,
TCGA-A8-A095,tcga_mc3_wes,HRD_Score,MuAt-compatible reimplementation,muat_compatible_qkv_attention,6.0,21.04515882745146,-0.249755859375,4,,,,,
TCGA-A8-A096,tcga_mc3_wes,HRD_Score,MuAt-compatible reimplementation,muat_compatible_qkv_attention,6.0,18.30833952023706,-0.40966796875,3,,,,,
TCGA-A8-A097,tcga_mc3_wes,HRD_Score,MuAt-compatible reimplementation,muat_compatible_qkv_attention,51.0,77.47396005815119,2.5390625,4,,,,,
TCGA-A8-A099,tcga_mc3_wes,HRD_Score,MuAt-compatible reimplementation,muat_compatible_qkv_attention,12.0,18.89629000705801,-0.35595703125,4,,,,,
TCGA-A8-A09A,tcga_mc3_wes,HRD_Score,MuAt-compatible reimplementation,muat_compatible_qkv_attention,70.0,57.238204741478086,1.611328125,5,,,,,
TCGA-A8-A09B,tcga_mc3_wes,HRD_Score,MuAt-compatible reimplementation,muat_compatible_qkv_attention,13.0,13.704906025104131,-0.60791015625,1,,,,,
TCGA-A8-A09C,tcga_mc3_wes,HRD_Score,MuAt-compatible reimplementation,muat_compatible_qkv_attention,24.0,23.488439104507076,-0.10302734375,2,,,,,
TCGA-A8-A09D,tcga_mc3_wes,HRD_Score,MuAt-compatible reimplementation,muat_compatible_qkv_attention,24.0,19.72485833391354,-0.30908203125,1,,,,,
TCGA-A8-A09G,tcga_mc3_wes,HRD_Score,MuAt-compatible reimplementation,muat_compatible_qkv_attention,10.0,28.334023067659587,0.1104736328125,4,,,,,
TCGA-A8-A09M,tcga_mc3_wes,HRD_Score,MuAt-compatible reimplementation,muat_compatible_qkv_attention,51.0,54.83802884884407,1.400390625,3,,,,,
TCGA-A8-A09N,tcga_mc3_wes,HRD_Score,MuAt-compatible reimplementation,muat_compatible_qkv_attention,22.0,44.56218099176501,0.95458984375,2,,,,,
TCGA-A8-A09Q,tcga_mc3_wes,HRD_Score,MuAt-compatible reimplementation,muat_compatible_qkv_attention,46.0,25.06549157976865,-0.0224761962890625,5,,,,,
TCGA-A8-A09T,tcga_mc3_wes,HRD_Score,MuAt-compatible reimplementation,muat_compatible_qkv_attention,10.0,9.18439092454416,-0.8359375,4,,,,,
TCGA-A8-A09V,tcga_mc3_wes,HRD_Score,MuAt-compatible reimplementation,muat_compatible_qkv_attention,4.0,28.32784815725616,0.11016845703125,4,,,,,
TCGA-A8-A09W,tcga_mc3_wes,HRD_Score,MuAt-compatible reimplementation,muat_compatible_qkv_attention,56.0,35.709208827075784,0.484375,1,,,,,
TCGA-A8-A09X,tcga_mc3_wes,HRD_Score,MuAt-compatible reimplementation,muat_compatible_qkv_attention,26.0,9.809642766462751,-0.80126953125,1,,,,,
TCGA-A8-A09Z,tcga_mc3_wes,HRD_Score,MuAt-compatible reimplementation,muat_compatible_qkv_attention,10.0,30.91390367912711,0.246337890625,1,,,,,
TCGA-A8-A0A1,tcga_mc3_wes,HRD_Score,MuAt-compatible reimplementation,muat_compatible_qkv_attention,18.0,14.875452307372628,-0.5498046875,1,,,,,
TCGA-A8-A0A2,tcga_mc3_wes,HRD_Score,MuAt-compatible reimplementation,muat_compatible_qkv_attention,14.0,19.899800223385164,-0.330810546875,3,,,,,
TCGA-A8-A0A4,tcga_mc3_wes,HRD_Score,MuAt-compatible reimplementation,muat_compatible_qkv_attention,28.0,16.561151835934755,-0.45068359375,2,,,,,
TCGA-A8-A0A6,tcga_mc3_wes,HRD_Score,MuAt-compatible reimplementation,muat_compatible_qkv_attention,14.0,6.719746412483662,-0.98388671875,3,,,,,
TCGA-A8-A0A7,tcga_mc3_wes,HRD_Score,MuAt-compatible reimplementation,muat_compatible_qkv_attention,21.0,16.19953091049282,-0.51416015625,3,,,,,
TCGA-A8-A0AB,tcga_mc3_wes,HRD_Score,MuAt-compatible reimplementation,muat_compatible_qkv_attention,18.0,44.90192097650332,0.98486328125,5,,,,,
TCGA-A8-A0AD,tcga_mc3_wes,HRD_Score,MuAt-compatible reimplementation,muat_compatible_qkv_attention,8.0,8.037297473063557,-0.88720703125,5,,,,,
TCGA-AC-A23C,tcga_mc3_wes,HRD_Score,MuAt-compatible reimplementation,muat_compatible_qkv_attention,26.0,35.29498840283925,0.489501953125,2,,,,,
TCGA-AC-A23E,tcga_mc3_wes,HRD_Score,MuAt-compatible reimplementation,muat_compatible_qkv_attention,8.0,11.883371232605072,-0.72802734375,3,,,,,
TCGA-AC-A23H,tcga_mc3_wes,HRD_Score,MuAt-compatible reimplementation,muat_compatible_qkv_attention,21.0,33.414898392844165,0.3388671875,3,,,,,
TCGA-AC-A2B8,tcga_mc3_wes,HRD_Score,MuAt-compatible reimplementation,muat_compatible_qkv_attention,19.0,16.396615827291345,-0.50439453125,3,,,,,
TCGA-AC-A2FB,tcga_mc3_wes,HRD_Score,MuAt-compatible reimplementation,muat_compatible_qkv_attention,8.0,4.074949635685158,-1.0859375,1,,,,,
TCGA-AC-A2FG,tcga_mc3_wes,HRD_Score,MuAt-compatible reimplementation,muat_compatible_qkv_attention,10.0,19.988014166384332,-0.302001953125,4,,,,,
TCGA-AC-A2FO,tcga_mc3_wes,HRD_Score,MuAt-compatible reimplementation,muat_compatible_qkv_attention,22.0,10.468689832950052,-0.7685546875,1,,,,,
TCGA-AC-A2QH,tcga_mc3_wes,HRD_Score,MuAt-compatible reimplementation,muat_compatible_qkv_attention,40.0,43.70002271413245,0.923828125,5,,,,,
TCGA-AC-A3OD,tcga_mc3_wes,HRD_Score,MuAt-compatible reimplementation,muat_compatible_qkv_attention,25.0,9.638864330236569,-0.8134765625,4,,,,,
TCGA-AC-A3QQ,tcga_mc3_wes,HRD_Score,MuAt-compatible reimplementation,muat_compatible_qkv_attention,14.0,21.509512089789357,-0.226806640625,4,,,,,
TCGA-AC-A3YI,tcga_mc3_wes,HRD_Score,MuAt-compatible reimplementation,muat_compatible_qkv_attention,3.0,10.59246502757472,-0.7919921875,3,,,,,
TCGA-AC-A4ZE,tcga_mc3_wes,HRD_Score,MuAt-compatible reimplementation,muat_compatible_qkv_attention,13.0,40.10614508023954,0.73095703125,2,,,,,
TCGA-AC-A5EH,tcga_mc3_wes,HRD_Score,MuAt-compatible reimplementation,muat_compatible_qkv_attention,37.0,54.1261183302574,1.4345703125,2,,,,,
TCGA-AC-A5XS,tcga_mc3_wes,HRD_Score,MuAt-compatible reimplementation,muat_compatible_qkv_attention,25.0,22.016768281548497,-0.1953125,1,,,,,
TCGA-AC-A5XU,tcga_mc3_wes,HRD_Score,MuAt-compatible reimplementation,muat_compatible_qkv_attention,23.0,16.173873393586423,-0.4853515625,1,,,,,
TCGA-AC-A62Y,tcga_mc3_wes,HRD_Score,MuAt-compatible reimplementation,muat_compatible_qkv_attention,15.0,28.748977046770047,0.1309814453125,4,,,,,
TCGA-AC-A6IV,tcga_mc3_wes,HRD_Score,MuAt-compatible reimplementation,muat_compatible_qkv_attention,12.0,12.79589878405626,-0.6396484375,2,,,,,
TCGA-AC-A6IW,tcga_mc3_wes,HRD_Score,MuAt-compatible reimplementation,muat_compatible_qkv_attention,31.0,73.36393969362855,2.3359375,4,,,,,
TCGA-AC-A6IX,tcga_mc3_wes,HRD_Score,MuAt-compatible reimplementation,muat_compatible_qkv_attention,24.0,12.173221276768862,-0.6708984375,2,,,,,
TCGA-AC-A6NO,tcga_mc3_wes,HRD_Score,MuAt-compatible reimplementation,muat_compatible_qkv_attention,6.0,2.782243818268501,-1.15234375,4,,,,,
TCGA-AC-A7VB,tcga_mc3_wes,HRD_Score,MuAt-compatible reimplementation,muat_compatible_qkv_attention,24.0,6.77770809409887,-0.951171875,5,,,,,
TCGA-AC-A7VC,tcga_mc3_wes,HRD_Score,MuAt-compatible reimplementation,muat_compatible_qkv_attention,8.0,37.15951181201618,0.5244140625,3,,,,,
TCGA-AC-A8OP,tcga_mc3_wes,HRD_Score,MuAt-compatible reimplementation,muat_compatible_qkv_attention,36.0,30.649230438312166,0.25634765625,2,,,,,
TCGA-AC-A8OQ,tcga_mc3_wes,HRD_Score,MuAt-compatible reimplementation,muat_compatible_qkv_attention,71.0,42.6968646660365,0.8203125,4,,,,,
TCGA-AC-A8OR,tcga_mc3_wes,HRD_Score,MuAt-compatible reimplementation,muat_compatible_qkv_attention,4.0,32.25943555481318,0.337158203125,2,,,,,
TCGA-AC-A8OS,tcga_mc3_wes,HRD_Score,MuAt-compatible reimplementation,muat_compatible_qkv_attention,7.0,36.99275754380256,0.57470703125,2,,,,,
TCGA-AN-A03X,tcga_mc3_wes,HRD_Score,MuAt-compatible reimplementation,muat_compatible_qkv_attention,12.0,9.44569140138767,-0.8193359375,1,,,,,
TCGA-AN-A03Y,tcga_mc3_wes,HRD_Score,MuAt-compatible reimplementation,muat_compatible_qkv_attention,10.0,16.035767689161013,-0.47705078125,2,,,,,
TCGA-AN-A041,tcga_mc3_wes,HRD_Score,MuAt-compatible reimplementation,muat_compatible_qkv_attention,17.0,6.6527106748122975,-0.95751953125,5,,,,,
TCGA-AN-A046,tcga_mc3_wes,HRD_Score,MuAt-compatible reimplementation,muat_compatible_qkv_attention,8.0,32.882769117488145,0.3125,3,,,,,
TCGA-AN-A049,tcga_mc3_wes,HRD_Score,MuAt-compatible reimplementation,muat_compatible_qkv_attention,40.0,8.388509552787639,-0.86083984375,2,,,,,
TCGA-AN-A04C,tcga_mc3_wes,HRD_Score,MuAt-compatible reimplementation,muat_compatible_qkv_attention,35.0,27.76044795856977,0.1143798828125,5,,,,,
TCGA-AN-A04D,tcga_mc3_wes,HRD_Score,MuAt-compatible reimplementation,muat_compatible_qkv_attention,61.0,18.505424437035582,-0.39990234375,3,,,,,
TCGA-AN-A0AJ,tcga_mc3_wes,HRD_Score,MuAt-compatible reimplementation,muat_compatible_qkv_attention,40.0,35.129537168991355,0.423828125,3,,,,,
TCGA-AN-A0AL,tcga_mc3_wes,HRD_Score,MuAt-compatible reimplementation,muat_compatible_qkv_attention,66.0,86.2867921859257,2.974609375,4,,,,,
TCGA-AN-A0AM,tcga_mc3_wes,HRD_Score,MuAt-compatible reimplementation,muat_compatible_qkv_attention,44.0,25.02305573968555,-0.04608154296875,1,,,,,
TCGA-AN-A0AR,tcga_mc3_wes,HRD_Score,MuAt-compatible reimplementation,muat_compatible_qkv_attention,75.0,50.07871453288931,1.2314453125,2,,,,,
TCGA-AN-A0AS,tcga_mc3_wes,HRD_Score,MuAt-compatible reimplementation,muat_compatible_qkv_attention,21.0,35.51877987966844,0.443115234375,3,,,,,
TCGA-AN-A0AT,tcga_mc3_wes,HRD_Score,MuAt-compatible reimplementation,muat_compatible_qkv_attention,67.0,46.342649489164906,1.0439453125,2,,,,,
TCGA-AN-A0FJ,tcga_mc3_wes,HRD_Score,MuAt-compatible reimplementation,muat_compatible_qkv_attention,27.0,23.813414064943785,-0.0860595703125,5,,,,,
TCGA-AN-A0FK,tcga_mc3_wes,HRD_Score,MuAt-compatible reimplementation,muat_compatible_qkv_attention,9.0,26.56290929673861,0.05126953125,2,,,,,
TCGA-AN-A0FN,tcga_mc3_wes,HRD_Score,MuAt-compatible reimplementation,muat_compatible_qkv_attention,3.0,47.9134289748537,1.078125,4,,,,,
TCGA-AN-A0FS,tcga_mc3_wes,HRD_Score,MuAt-compatible reimplementation,muat_compatible_qkv_attention,12.0,11.102994311118644,-0.724609375,2,,,,,
TCGA-AN-A0FT,tcga_mc3_wes,HRD_Score,MuAt-compatible reimplementation,muat_compatible_qkv_attention,57.0,53.192102069326296,1.3876953125,2,,,,,
TCGA-AN-A0FV,tcga_mc3_wes,HRD_Score,MuAt-compatible reimplementation,muat_compatible_qkv_attention,35.0,44.142321274684925,0.9462890625,5,,,,,
TCGA-AN-A0FW,tcga_mc3_wes,HRD_Score,MuAt-compatible reimplementation,muat_compatible_qkv_attention,23.0,57.39809135452134,1.546875,4,,,,,
TCGA-AN-A0FX,tcga_mc3_wes,HRD_Score,MuAt-compatible reimplementation,muat_compatible_qkv_attention,59.0,56.113709990608015,1.4833984375,4,,,,,
TCGA-AN-A0FY,tcga_mc3_wes,HRD_Score,MuAt-compatible reimplementation,muat_compatible_qkv_attention,42.0,23.639856178972515,-0.12152099609375,4,,,,,
TCGA-AN-A0FZ,tcga_mc3_wes,HRD_Score,MuAt-compatible reimplementation,muat_compatible_qkv_attention,28.0,16.874546750527774,-0.480712890625,3,,,,,
TCGA-AN-A0XN,tcga_mc3_wes,HRD_Score,MuAt-compatible reimplementation,muat_compatible_qkv_attention,71.0,77.1578046454956,2.5234375,4,,,,,
TCGA-AN-A0XO,tcga_mc3_wes,HRD_Score,MuAt-compatible reimplementation,muat_compatible_qkv_attention,23.0,18.120721260387267,-0.394287109375,4,,,,,
TCGA-AN-A0XP,tcga_mc3_wes,HRD_Score,MuAt-compatible reimplementation,muat_compatible_qkv_attention,5.0,18.72645121080217,-0.358642578125,1,,,,,
TCGA-AN-A0XR,tcga_mc3_wes,HRD_Score,MuAt-compatible reimplementation,muat_compatible_qkv_attention,10.0,5.491409002463843,-1.015625,1,,,,,
TCGA-AN-A0XS,tcga_mc3_wes,HRD_Score,MuAt-compatible reimplementation,muat_compatible_qkv_attention,9.0,5.9734375147608425,-0.99462890625,4,,,,,
TCGA-AN-A0XT,tcga_mc3_wes,HRD_Score,MuAt-compatible reimplementation,muat_compatible_qkv_attention,35.0,23.20142369099179,-0.117431640625,2,,,,,
TCGA-AN-A0XU,tcga_mc3_wes,HRD_Score,MuAt-compatible reimplementation,muat_compatible_qkv_attention,84.0,65.19957883142283,2.015625,5,,,,,
TCGA-AN-A0XV,tcga_mc3_wes,HRD_Score,MuAt-compatible reimplementation,muat_compatible_qkv_attention,7.0,25.373481885112568,-0.0286865234375,1,,,,,
TCGA-AN-A0XW,tcga_mc3_wes,HRD_Score,MuAt-compatible reimplementation,muat_compatible_qkv_attention,26.0,27.267696659825106,0.034271240234375,3,,,,,
TCGA-AO-A03L,tcga_mc3_wes,HRD_Score,MuAt-compatible reimplementation,muat_compatible_qkv_attention,32.0,12.98683981833438,-0.6435546875,1,,,,,
TCGA-AO-A03O,tcga_mc3_wes,HRD_Score,MuAt-compatible reimplementation,muat_compatible_qkv_attention,46.0,57.823266029776335,1.6201171875,2,,,,,
TCGA-AO-A03P,tcga_mc3_wes,HRD_Score,MuAt-compatible reimplementation,muat_compatible_qkv_attention,25.0,13.901636492712283,-0.59814453125,1,,,,,
TCGA-AO-A03R,tcga_mc3_wes,HRD_Score,MuAt-compatible reimplementation,muat_compatible_qkv_attention,13.0,16.41978647809661,-0.47314453125,1,,,,,
TCGA-AO-A03T,tcga_mc3_wes,HRD_Score,MuAt-compatible reimplementation,muat_compatible_qkv_attention,43.0,33.3444672855449,0.39794921875,5,,,,,
TCGA-AO-A03V,tcga_mc3_wes,HRD_Score,MuAt-compatible reimplementation,muat_compatible_qkv_attention,41.0,21.099512476325494,-0.2408447265625,1,,,,,
TCGA-AO-A0J2,tcga_mc3_wes,HRD_Score,MuAt-compatible reimplementation,muat_compatible_qkv_attention,83.0,42.94711120723831,0.87353515625,2,,,,,
TCGA-AO-A0J3,tcga_mc3_wes,HRD_Score,MuAt-compatible reimplementation,muat_compatible_qkv_attention,39.0,31.77468314445048,0.280517578125,4,,,,,
TCGA-AO-A0J4,tcga_mc3_wes,HRD_Score,MuAt-compatible reimplementation,muat_compatible_qkv_attention,52.0,50.00758479505484,1.244140625,5,,,,,
TCGA-AO-A0J6,tcga_mc3_wes,HRD_Score,MuAt-compatible reimplementation,muat_compatible_qkv_attention,73.0,34.46488861945423,0.422607421875,1,,,,,
TCGA-AO-A0J7,tcga_mc3_wes,HRD_Score,MuAt-compatible reimplementation,muat_compatible_qkv_attention,4.0,3.4893144482521308,-1.1181640625,5,,,,,
TCGA-AO-A0J8,tcga_mc3_wes,HRD_Score,MuAt-compatible reimplementation,muat_compatible_qkv_attention,4.0,8.921894594168528,-0.84228515625,5,,,,,
TCGA-AO-A0J9,tcga_mc3_wes,HRD_Score,MuAt-compatible reimplementation,muat_compatible_qkv_attention,9.0,12.573705836357266,-0.6640625,1,,,,,
TCGA-AO-A0JA,tcga_mc3_wes,HRD_Score,MuAt-compatible reimplementation,muat_compatible_qkv_attention,37.0,-1.0002997367801818,-1.33203125,2,,,,,
TCGA-AO-A0JB,tcga_mc3_wes,HRD_Score,MuAt-compatible reimplementation,muat_compatible_qkv_attention,68.0,29.450316915463237,0.2001953125,5,,,,,
TCGA-AO-A0JD,tcga_mc3_wes,HRD_Score,MuAt-compatible reimplementation,muat_compatible_qkv_attention,51.0,32.91071792534984,0.345458984375,1,,,,,
TCGA-AO-A0JE,tcga_mc3_wes,HRD_Score,MuAt-compatible reimplementation,muat_compatible_qkv_attention,34.0,14.662268559464303,-0.59033203125,3,,,,,
TCGA-AO-A0JF,tcga_mc3_wes,HRD_Score,MuAt-compatible reimplementation,muat_compatible_qkv_attention,4.0,7.999722464467762,-0.89111328125,1,,,,,
TCGA-AO-A0JG,tcga_mc3_wes,HRD_Score,MuAt-compatible reimplementation,muat_compatible_qkv_attention,16.0,18.839959055253065,-0.338623046875,5,,,,,
TCGA-AO-A0JI,tcga_mc3_wes,HRD_Score,MuAt-compatible reimplementation,muat_compatible_qkv_attention,14.0,37.396013712174415,0.5361328125,3,,,,,
TCGA-AO-A0JJ,tcga_mc3_wes,HRD_Score,MuAt-compatible reimplementation,muat_compatible_qkv_attention,10.0,5.720037623212491,-1.0048828125,5,,,,,
TCGA-AO-A0JM,tcga_mc3_wes,HRD_Score,MuAt-compatible reimplementation,muat_compatible_qkv_attention,36.0,13.842617352429835,-0.60107421875,1,,,,,
TCGA-AO-A124,tcga_mc3_wes,HRD_Score,MuAt-compatible reimplementation,muat_compatible_qkv_attention,89.0,45.17194431902783,0.9541015625,1,,,,,
TCGA-AO-A128,tcga_mc3_wes,HRD_Score,MuAt-compatible reimplementation,muat_compatible_qkv_attention,15.0,34.85230361250211,0.46728515625,2,,,,,
TCGA-AO-A12A,tcga_mc3_wes,HRD_Score,MuAt-compatible reimplementation,muat_compatible_qkv_attention,7.0,1.3793041746093273,-1.2216796875,4,,,,,
TCGA-AO-A12D,tcga_mc3_wes,HRD_Score,MuAt-compatible reimplementation,muat_compatible_qkv_attention,26.0,15.046768139210554,-0.53125,5,,,,,
TCGA-AO-A12F,tcga_mc3_wes,HRD_Score,MuAt-compatible reimplementation,muat_compatible_qkv_attention,56.0,22.127003130132294,-0.1962890625,4,,,,,
TCGA-AO-A12H,tcga_mc3_wes,HRD_Score,MuAt-compatible reimplementation,muat_compatible_qkv_attention,0.0,21.042688863290085,-0.2498779296875,4,,,,,
TCGA-AO-A1KP,tcga_mc3_wes,HRD_Score,MuAt-compatible reimplementation,muat_compatible_qkv_attention,16.0,6.101875651152177,-0.98828125,4,,,,,
TCGA-AO-A1KR,tcga_mc3_wes,HRD_Score,MuAt-compatible reimplementation,muat_compatible_qkv_attention,40.0,37.1192389124703,0.5810546875,2,,,,,
TCGA-AO-A1KT,tcga_mc3_wes,HRD_Score,MuAt-compatible reimplementation,muat_compatible_qkv_attention,29.0,27.578408747099896,0.10223388671875,2,,,,,
TCGA-AQ-A04H,tcga_mc3_wes,HRD_Score,MuAt-compatible reimplementation,muat_compatible_qkv_attention,25.0,17.671713944228564,-0.39794921875,5,,,,,
TCGA-AQ-A04J,tcga_mc3_wes,HRD_Score,MuAt-compatible reimplementation,muat_compatible_qkv_attention,59.0,43.68302255804743,0.84765625,3,,,,,
TCGA-AQ-A1H2,tcga_mc3_wes,HRD_Score,MuAt-compatible reimplementation,muat_compatible_qkv_attention,27.0,16.582089113873337,-0.465087890625,1,,,,,
TCGA-AQ-A1H3,tcga_mc3_wes,HRD_Score,MuAt-compatible reimplementation,muat_compatible_qkv_attention,9.0,31.369201306113226,0.29248046875,2,,,,,
TCGA-AR-A0TP,tcga_mc3_wes,HRD_Score,MuAt-compatible reimplementation,muat_compatible_qkv_attention,70.0,26.51080589439357,-0.0032329559326171,3,,,,,
TCGA-AR-A0TQ,tcga_mc3_wes,HRD_Score,MuAt-compatible reimplementation,muat_compatible_qkv_attention,10.0,12.710277917161555,-0.64990234375,5,,,,,
TCGA-AR-A0TR,tcga_mc3_wes,HRD_Score,MuAt-compatible reimplementation,muat_compatible_qkv_attention,16.0,10.6220277650945,-0.79052734375,3,,,,,
TCGA-AR-A0TS,tcga_mc3_wes,HRD_Score,MuAt-compatible reimplementation,muat_compatible_qkv_attention,49.0,18.248625110166596,-0.36865234375,5,,,,,
TCGA-AR-A0TT,tcga_mc3_wes,HRD_Score,MuAt-compatible reimplementation,muat_compatible_qkv_attention,38.0,40.736603051909455,0.70166015625,3,,,,,
TCGA-AR-A0TV,tcga_mc3_wes,HRD_Score,MuAt-compatible reimplementation,muat_compatible_qkv_attention,36.0,20.565881082938382,-0.267333984375,1,,,,,
TCGA-AR-A0TW,tcga_mc3_wes,HRD_Score,MuAt-compatible reimplementation,muat_compatible_qkv_attention,58.0,30.62977176620944,0.25537109375,2,,,,,
TCGA-AR-A0TX,tcga_mc3_wes,HRD_Score,MuAt-compatible reimplementation,muat_compatible_qkv_attention,22.0,7.596774292237107,-0.9404296875,3,,,,,
TCGA-AR-A0TY,tcga_mc3_wes,HRD_Score,MuAt-compatible reimplementation,muat_compatible_qkv_attention,35.0,26.21791153269045,-0.0177459716796875,3,,,,,
TCGA-AR-A0TZ,tcga_mc3_wes,HRD_Score,MuAt-compatible reimplementation,muat_compatible_qkv_attention,26.0,26.063015105894102,-0.025421142578125,3,,,,,
TCGA-AR-A0U0,tcga_mc3_wes,HRD_Score,MuAt-compatible reimplementation,muat_compatible_qkv_attention,32.0,35.796339740781505,0.5224609375,5,,,,,
TCGA-AR-A1AH,tcga_mc3_wes,HRD_Score,MuAt-compatible reimplementation,muat_compatible_qkv_attention,27.0,42.013094946307206,0.82666015625,2,,,,,
TCGA-AR-A1AI,tcga_mc3_wes,HRD_Score,MuAt-compatible reimplementation,muat_compatible_qkv_attention,47.0,29.11859299504887,0.183349609375,5,,,,,
TCGA-AR-A1AJ,tcga_mc3_wes,HRD_Score,MuAt-compatible reimplementation,muat_compatible_qkv_attention,12.0,12.019909781798964,-0.69580078125,4,,,,,
TCGA-AR-A1AK,tcga_mc3_wes,HRD_Score,MuAt-compatible reimplementation,muat_compatible_qkv_attention,18.0,19.278982735469803,-0.361572265625,3,,,,,
TCGA-AR-A1AN,tcga_mc3_wes,HRD_Score,MuAt-compatible reimplementation,muat_compatible_qkv_attention,30.0,20.455310319879533,-0.256591796875,5,,,,,
TCGA-AR-A1AO,tcga_mc3_wes,HRD_Score,MuAt-compatible reimplementation,muat_compatible_qkv_attention,0.0,34.17548830930385,0.399169921875,4,,,,,
TCGA-AR-A1AP,tcga_mc3_wes,HRD_Score,MuAt-compatible reimplementation,muat_compatible_qkv_attention,19.0,33.10408763307072,0.3857421875,5,,,,,
TCGA-AR-A1AQ,tcga_mc3_wes,HRD_Score,MuAt-compatible reimplementation,muat_compatible_qkv_attention,31.0,51.27079185479073,1.2236328125,3,,,,,
TCGA-AR-A1AR,tcga_mc3_wes,HRD_Score,MuAt-compatible reimplementation,muat_compatible_qkv_attention,26.0,29.863586552164392,0.2169189453125,2,,,,,
TCGA-AR-A1AU,tcga_mc3_wes,HRD_Score,MuAt-compatible reimplementation,muat_compatible_qkv_attention,22.0,7.306543329542059,-0.92431640625,5,,,,,
TCGA-AR-A1AW,tcga_mc3_wes,HRD_Score,MuAt-compatible reimplementation,muat_compatible_qkv_attention,16.0,16.326339505982737,-0.477783203125,1,,,,,
TCGA-AR-A1AX,tcga_mc3_wes,HRD_Score,MuAt-compatible reimplementation,muat_compatible_qkv_attention,6.0,40.76041276352103,0.724609375,4,,,,,
TCGA-AR-A1AY,tcga_mc3_wes,HRD_Score,MuAt-compatible reimplementation,muat_compatible_qkv_attention,33.0,57.77459410914213,1.5458984375,3,,,,,
TCGA-AR-A24L,tcga_mc3_wes,HRD_Score,MuAt-compatible reimplementation,muat_compatible_qkv_attention,50.0,39.21104616351391,0.68603515625,2,,,,,
TCGA-AR-A24N,tcga_mc3_wes,HRD_Score,MuAt-compatible reimplementation,muat_compatible_qkv_attention,9.0,6.650766691604176,-0.9873046875,3,,,,,
TCGA-AR-A24O,tcga_mc3_wes,HRD_Score,MuAt-compatible reimplementation,muat_compatible_qkv_attention,4.0,12.825086792210358,-0.63818359375,2,,,,,
TCGA-AR-A24P,tcga_mc3_wes,HRD_Score,MuAt-compatible reimplementation,muat_compatible_qkv_attention,6.0,10.9211699084488,-0.74609375,1,,,,,
TCGA-AR-A24Q,tcga_mc3_wes,HRD_Score,MuAt-compatible reimplementation,muat_compatible_qkv_attention,72.0,55.16585207352188,1.4501953125,1,,,,,
TCGA-AR-A24R,tcga_mc3_wes,HRD_Score,MuAt-compatible reimplementation,muat_compatible_qkv_attention,14.0,6.02009495784889,-1.0185546875,3,,,,,
TCGA-AR-A24S,tcga_mc3_wes,HRD_Score,MuAt-compatible reimplementation,muat_compatible_qkv_attention,28.0,8.777682994842262,-0.84130859375,2,,,,,
TCGA-AR-A24U,tcga_mc3_wes,HRD_Score,MuAt-compatible reimplementation,muat_compatible_qkv_attention,23.0,24.122734172520698,-0.09765625,4,,,,,
TCGA-AR-A24V,tcga_mc3_wes,HRD_Score,MuAt-compatible reimplementation,muat_compatible_qkv_attention,18.0,32.06979383569422,0.272216796875,3,,,,,
TCGA-AR-A24W,tcga_mc3_wes,HRD_Score,MuAt-compatible reimplementation,muat_compatible_qkv_attention,8.0,4.104686358586022,-1.0869140625,5,,,,,
TCGA-AR-A24X,tcga_mc3_wes,HRD_Score,MuAt-compatible reimplementation,muat_compatible_qkv_attention,4.0,7.758457076193512,-0.9013671875,5,,,,,
TCGA-AR-A24Z,tcga_mc3_wes,HRD_Score,MuAt-compatible reimplementation,muat_compatible_qkv_attention,33.0,27.346037403110877,0.0616455078125,4,,,,,
TCGA-AR-A250,tcga_mc3_wes,HRD_Score,MuAt-compatible reimplementation,muat_compatible_qkv_attention,30.0,42.47950781983578,0.8095703125,4,,,,,
TCGA-AR-A251,tcga_mc3_wes,HRD_Score,MuAt-compatible reimplementation,muat_compatible_qkv_attention,79.0,68.23980319114392,2.064453125,3,,,,,
TCGA-AR-A252,tcga_mc3_wes,HRD_Score,MuAt-compatible reimplementation,muat_compatible_qkv_attention,3.0,8.344000782782029,-0.8740234375,1,,,,,
TCGA-AR-A254,tcga_mc3_wes,HRD_Score,MuAt-compatible reimplementation,muat_compatible_qkv_attention,21.0,6.141395077734124,-0.986328125,4,,,,,
TCGA-AR-A256,tcga_mc3_wes,HRD_Score,MuAt-compatible reimplementation,muat_compatible_qkv_attention,63.0,45.392295467550646,1.009765625,5,,,,,
TCGA-AR-A2LH,tcga_mc3_wes,HRD_Score,MuAt-compatible reimplementation,muat_compatible_qkv_attention,0.0,25.683010750691945,-0.04425048828125,3,,,,,
TCGA-AR-A2LK,tcga_mc3_wes,HRD_Score,MuAt-compatible reimplementation,muat_compatible_qkv_attention,8.0,10.075228897733751,-0.7880859375,1,,,,,
TCGA-AR-A2LN,tcga_mc3_wes,HRD_Score,MuAt-compatible reimplementation,muat_compatible_qkv_attention,8.0,13.31603464139648,-0.619140625,5,,,,,
TCGA-AR-A2LO,tcga_mc3_wes,HRD_Score,MuAt-compatible reimplementation,muat_compatible_qkv_attention,20.0,10.277635834122885,-0.7734375,5,,,,,
TCGA-AR-A2LQ,tcga_mc3_wes,HRD_Score,MuAt-compatible reimplementation,muat_compatible_qkv_attention,2.0,10.402633253409457,-0.76708984375,5,,,,,
TCGA-AR-A5QM,tcga_mc3_wes,HRD_Score,MuAt-compatible reimplementation,muat_compatible_qkv_attention,13.0,8.0778469802496,-0.890625,4,,,,,
TCGA-AR-A5QN,tcga_mc3_wes,HRD_Score,MuAt-compatible reimplementation,muat_compatible_qkv_attention,17.0,8.417697560941733,-0.859375,2,,,,,
TCGA-AR-A5QP,tcga_mc3_wes,HRD_Score,MuAt-compatible reimplementation,muat_compatible_qkv_attention,15.0,11.199881680223534,-0.736328125,4,,,,,
TCGA-AR-A5QQ,tcga_mc3_wes,HRD_Score,MuAt-compatible reimplementation,muat_compatible_qkv_attention,13.0,16.34481826257111,-0.46533203125,5,,,,,
TCGA-B6-A0I2,tcga_mc3_wes,HRD_Score,MuAt-compatible reimplementation,muat_compatible_qkv_attention,40.0,21.092316398936106,-0.2242431640625,5,,,,,
TCGA-B6-A0I5,tcga_mc3_wes,HRD_Score,MuAt-compatible reimplementation,muat_compatible_qkv_attention,4.0,23.507713096339124,-0.1280517578125,4,,,,,
TCGA-B6-A0I9,tcga_mc3_wes,HRD_Score,MuAt-compatible reimplementation,muat_compatible_qkv_attention,33.0,17.00505961923086,-0.444091796875,1,,,,,
TCGA-B6-A0IB,tcga_mc3_wes,HRD_Score,MuAt-compatible reimplementation,muat_compatible_qkv_attention,22.0,21.60581257856783,-0.197509765625,2,,,,,
TCGA-B6-A0IC,tcga_mc3_wes,HRD_Score,MuAt-compatible reimplementation,muat_compatible_qkv_attention,5.0,11.525916949524609,-0.72021484375,4,,,,,
TCGA-B6-A0IE,tcga_mc3_wes,HRD_Score,MuAt-compatible reimplementation,muat_compatible_qkv_attention,21.0,24.70251328961928,-0.09283447265625,3,,,,,
TCGA-B6-A0IH,tcga_mc3_wes,HRD_Score,MuAt-compatible reimplementation,muat_compatible_qkv_attention,16.0,4.442059734710337,-1.0703125,4,,,,,
TCGA-B6-A0IJ,tcga_mc3_wes,HRD_Score,MuAt-compatible reimplementation,muat_compatible_qkv_attention,73.0,72.0202791898423,2.26953125,4,,,,,
TCGA-B6-A0IN,tcga_mc3_wes,HRD_Score,MuAt-compatible reimplementation,muat_compatible_qkv_attention,21.0,13.931406551730374,-0.587890625,5,,,,,
TCGA-B6-A0RE,tcga_mc3_wes,HRD_Score,MuAt-compatible reimplementation,muat_compatible_qkv_attention,39.0,82.84860207329619,2.8046875,4,,,,,
TCGA-B6-A0RG,tcga_mc3_wes,HRD_Score,MuAt-compatible reimplementation,muat_compatible_qkv_attention,30.0,59.55190010323754,1.6533203125,4,,,,,
TCGA-B6-A0RH,tcga_mc3_wes,HRD_Score,MuAt-compatible reimplementation,muat_compatible_qkv_attention,24.0,3.1443974211015693,-1.1240234375,2,,,,,
TCGA-B6-A0RI,tcga_mc3_wes,HRD_Score,MuAt-compatible reimplementation,muat_compatible_qkv_attention,13.0,8.334164259401621,-0.87451171875,1,,,,,
TCGA-B6-A0RL,tcga_mc3_wes,HRD_Score,MuAt-compatible reimplementation,muat_compatible_qkv_attention,20.0,17.327842059164386,-0.458251953125,3,,,,,
TCGA-B6-A0RN,tcga_mc3_wes,HRD_Score,MuAt-compatible reimplementation,muat_compatible_qkv_attention,4.0,5.585425017826953,-1.01171875,5,,,,,
TCGA-B6-A0RO,tcga_mc3_wes,HRD_Score,MuAt-compatible reimplementation,muat_compatible_qkv_attention,18.0,38.76743224536233,0.67333984375,5,,,,,
TCGA-B6-A0RP,tcga_mc3_wes,HRD_Score,MuAt-compatible reimplementation,muat_compatible_qkv_attention,4.0,5.777728739806292,-1.001953125,5,,,,,
TCGA-B6-A0RS,tcga_mc3_wes,HRD_Score,MuAt-compatible reimplementation,muat_compatible_qkv_attention,77.0,58.79943567649447,1.5966796875,3,,,,,
TCGA-B6-A0RU,tcga_mc3_wes,HRD_Score,MuAt-compatible reimplementation,muat_compatible_qkv_attention,32.0,33.92137845148292,0.42724609375,5,,,,,
TCGA-B6-A0RV,tcga_mc3_wes,HRD_Score,MuAt-compatible reimplementation,muat_compatible_qkv_attention,18.0,7.2775785919651454,-0.93017578125,4,,,,,
TCGA-B6-A0WS,tcga_mc3_wes,HRD_Score,MuAt-compatible reimplementation,muat_compatible_qkv_attention,20.0,9.302949204290003,-0.830078125,4,,,,,
TCGA-B6-A0WT,tcga_mc3_wes,HRD_Score,MuAt-compatible reimplementation,muat_compatible_qkv_attention,28.0,8.117760745032655,-0.88525390625,1,,,,,
TCGA-B6-A0WW,tcga_mc3_wes,HRD_Score,MuAt-compatible reimplementation,muat_compatible_qkv_attention,27.0,12.210288240015268,-0.67529296875,5,,,,,
TCGA-B6-A0WY,tcga_mc3_wes,HRD_Score,MuAt-compatible reimplementation,muat_compatible_qkv_attention,29.0,17.736793261521328,-0.43798828125,3,,,,,
TCGA-B6-A0WZ,tcga_mc3_wes,HRD_Score,MuAt-compatible reimplementation,muat_compatible_qkv_attention,6.0,11.575316232752044,-0.7177734375,4,,,,,
TCGA-B6-A0X0,tcga_mc3_wes,HRD_Score,MuAt-compatible reimplementation,muat_compatible_qkv_attention,6.0,5.511082049224658,-1.0146484375,1,,,,,
TCGA-B6-A0X1,tcga_mc3_wes,HRD_Score,MuAt-compatible reimplementation,muat_compatible_qkv_attention,78.0,27.19916147004257,0.08587646484375,5,,,,,
TCGA-B6-A0X4,tcga_mc3_wes,HRD_Score,MuAt-compatible reimplementation,muat_compatible_qkv_attention,1.0,10.675256823938613,-0.75830078125,1,,,,,
TCGA-B6-A0X5,tcga_mc3_wes,HRD_Score,MuAt-compatible reimplementation,muat_compatible_qkv_attention,5.0,18.037347759639083,-0.423095703125,3,,,,,
TCGA-B6-A1KC,tcga_mc3_wes,HRD_Score,MuAt-compatible reimplementation,muat_compatible_qkv_attention,13.0,11.88514919972874,-0.6982421875,1,,,,,
TCGA-B6-A1KF,tcga_mc3_wes,HRD_Score,MuAt-compatible reimplementation,muat_compatible_qkv_attention,21.0,12.941042383536765,-0.63818359375,5,,,,,
TCGA-B6-A1KN,tcga_mc3_wes,HRD_Score,MuAt-compatible reimplementation,muat_compatible_qkv_attention,33.0,13.248728338703712,-0.62255859375,5,,,,,
TCGA-B6-A2IU,tcga_mc3_wes,HRD_Score,MuAt-compatible reimplementation,muat_compatible_qkv_attention,10.0,12.208561345322645,-0.7119140625,3,,,,,
TCGA-B6-A401,tcga_mc3_wes,HRD_Score,MuAt-compatible reimplementation,muat_compatible_qkv_attention,27.0,2.762484104977528,-1.1533203125,4,,,,,
TCGA-B6-A409,tcga_mc3_wes,HRD_Score,MuAt-compatible reimplementation,muat_compatible_qkv_attention,51.0,14.82578906911731,-0.55712890625,4,,,,,
TCGA-B6-A40C,tcga_mc3_wes,HRD_Score,MuAt-compatible reimplementation,muat_compatible_qkv_attention,12.0,10.714602917460242,-0.75634765625,1,,,,,
TCGA-BH-A0AU,tcga_mc3_wes,HRD_Score,MuAt-compatible reimplementation,muat_compatible_qkv_attention,32.0,14.391509896480224,-0.5595703125,2,,,,,
TCGA-BH-A0AV,tcga_mc3_wes,HRD_Score,MuAt-compatible reimplementation,muat_compatible_qkv_attention,68.0,60.30276920829456,1.6904296875,4,,,,,
TCGA-BH-A0AW,tcga_mc3_wes,HRD_Score,MuAt-compatible reimplementation,muat_compatible_qkv_attention,41.0,36.86774924519909,0.5322265625,4,,,,,
TCGA-BH-A0AY,tcga_mc3_wes,HRD_Score,MuAt-compatible reimplementation,muat_compatible_qkv_attention,17.0,20.12208883073457,-0.27197265625,2,,,,,
TCGA-BH-A0AZ,tcga_mc3_wes,HRD_Score,MuAt-compatible reimplementation,muat_compatible_qkv_attention,42.0,32.854092794497575,0.373046875,5,,,,,
TCGA-BH-A0B3,tcga_mc3_wes,HRD_Score,MuAt-compatible reimplementation,muat_compatible_qkv_attention,37.0,42.7481192903347,0.87548828125,5,,,,,
TCGA-BH-A0B5,tcga_mc3_wes,HRD_Score,MuAt-compatible reimplementation,muat_compatible_qkv_attention,10.0,15.17158405170936,-0.5400390625,4,,,,,
TCGA-BH-A0B7,tcga_mc3_wes,HRD_Score,MuAt-compatible reimplementation,muat_compatible_qkv_attention,27.0,18.20511547164058,-0.384521484375,1,,,,,
TCGA-BH-A0B9,tcga_mc3_wes,HRD_Score,MuAt-compatible reimplementation,muat_compatible_qkv_attention,37.0,33.641976050447546,0.372802734375,4,,,,,
TCGA-BH-A0BA,tcga_mc3_wes,HRD_Score,MuAt-compatible reimplementation,muat_compatible_qkv_attention,23.0,9.957190617168862,-0.7939453125,1,,,,,
TCGA-BH-A0BC,tcga_mc3_wes,HRD_Score,MuAt-compatible reimplementation,muat_compatible_qkv_attention,14.0,18.87673381615977,-0.33447265625,2,,,,,
TCGA-BH-A0BF,tcga_mc3_wes,HRD_Score,MuAt-compatible reimplementation,muat_compatible_qkv_attention,26.0,12.26797935660907,-0.67236328125,5,,,,,
TCGA-BH-A0BJ,tcga_mc3_wes,HRD_Score,MuAt-compatible reimplementation,muat_compatible_qkv_attention,7.0,5.588123105586845,-1.013671875,4,,,,,
TCGA-BH-A0BL,tcga_mc3_wes,HRD_Score,MuAt-compatible reimplementation,muat_compatible_qkv_attention,41.0,30.34830358475368,0.21826171875,1,,,,,
TCGA-BH-A0BM,tcga_mc3_wes,HRD_Score,MuAt-compatible reimplementation,muat_compatible_qkv_attention,8.0,16.23366864109923,-0.487548828125,4,,,,,
TCGA-BH-A0BO,tcga_mc3_wes,HRD_Score,MuAt-compatible reimplementation,muat_compatible_qkv_attention,5.0,22.89008493734809,-0.133056640625,2,,,,,
TCGA-BH-A0BP,tcga_mc3_wes,HRD_Score,MuAt-compatible reimplementation,muat_compatible_qkv_attention,62.0,26.632466439334696,0.057098388671875,5,,,,,
TCGA-BH-A0BR,tcga_mc3_wes,HRD_Score,MuAt-compatible reimplementation,muat_compatible_qkv_attention,37.0,15.899556984441894,-0.48388671875,2,,,,,
TCGA-BH-A0BT,tcga_mc3_wes,HRD_Score,MuAt-compatible reimplementation,muat_compatible_qkv_attention,16.0,6.831815784569137,-0.93896484375,2,,,,,
TCGA-BH-A0BZ,tcga_mc3_wes,HRD_Score,MuAt-compatible reimplementation,muat_compatible_qkv_attention,22.0,49.98835442285691,1.2431640625,5,,,,,
TCGA-BH-A0C1,tcga_mc3_wes,HRD_Score,MuAt-compatible reimplementation,muat_compatible_qkv_attention,11.0,11.962205199324483,-0.72412109375,3,,,,,
TCGA-BH-A0C3,tcga_mc3_wes,HRD_Score,MuAt-compatible reimplementation,muat_compatible_qkv_attention,14.0,22.150655397444304,-0.170166015625,2,,,,,
TCGA-BH-A0C7,tcga_mc3_wes,HRD_Score,MuAt-compatible reimplementation,muat_compatible_qkv_attention,39.0,10.898678254039966,-0.73486328125,2,,,,,
TCGA-BH-A0DE,tcga_mc3_wes,HRD_Score,MuAt-compatible reimplementation,muat_compatible_qkv_attention,18.0,10.380161122526388,-0.77294921875,1,,,,,
TCGA-BH-A0DG,tcga_mc3_wes,HRD_Score,MuAt-compatible reimplementation,muat_compatible_qkv_attention,19.0,24.214001691647027,-0.08624267578125,1,,,,,
TCGA-BH-A0DH,tcga_mc3_wes,HRD_Score,MuAt-compatible reimplementation,muat_compatible_qkv_attention,26.0,24.66309630625957,-0.09478759765625,3,,,,,
TCGA-BH-A0DI,tcga_mc3_wes,HRD_Score,MuAt-compatible reimplementation,muat_compatible_qkv_attention,29.0,26.35859323965993,0.041015625,2,,,,,
TCGA-BH-A0DK,tcga_mc3_wes,HRD_Score,MuAt-compatible reimplementation,muat_compatible_qkv_attention,16.0,44.88031298468916,0.92822265625,4,,,,,
TCGA-BH-A0DL,tcga_mc3_wes,HRD_Score,MuAt-compatible reimplementation,muat_compatible_qkv_attention,18.0,18.170120543614704,-0.391845703125,4,,,,,
TCGA-BH-A0DO,tcga_mc3_wes,HRD_Score,MuAt-compatible reimplementation,muat_compatible_qkv_attention,4.0,19.02277234363172,-0.374267578125,3,,,,,
TCGA-BH-A0DQ,tcga_mc3_wes,HRD_Score,MuAt-compatible reimplementation,muat_compatible_qkv_attention,26.0,20.68152565368809,-0.243896484375,2,,,,,
TCGA-BH-A0DS,tcga_mc3_wes,HRD_Score,MuAt-compatible reimplementation,muat_compatible_qkv_attention,12.0,17.992283123995936,-0.400634765625,4,,,,,
TCGA-BH-A0DT,tcga_mc3_wes,HRD_Score,MuAt-compatible reimplementation,muat_compatible_qkv_attention,4.0,-0.8581686384197091,-1.359375,3,,,,,
TCGA-BH-A0DV,tcga_mc3_wes,HRD_Score,MuAt-compatible reimplementation,muat_compatible_qkv_attention,5.0,6.862624612854685,-0.95068359375,4,,,,,
TCGA-BH-A0DX,tcga_mc3_wes,HRD_Score,MuAt-compatible reimplementation,muat_compatible_qkv_attention,27.0,6.460406952832958,-0.96728515625,5,,,,,
TCGA-BH-A0DZ,tcga_mc3_wes,HRD_Score,MuAt-compatible reimplementation,muat_compatible_qkv_attention,22.0,25.020505490845554,-0.0261383056640625,2,,,,,
TCGA-BH-A0E0,tcga_mc3_wes,HRD_Score,MuAt-compatible reimplementation,muat_compatible_qkv_attention,27.0,40.87897104326687,0.73046875,4,,,,,
TCGA-BH-A0E1,tcga_mc3_wes,HRD_Score,MuAt-compatible reimplementation,muat_compatible_qkv_attention,4.0,22.856073975363078,-0.184326171875,3,,,,,
TCGA-BH-A0E2,tcga_mc3_wes,HRD_Score,MuAt-compatible reimplementation,muat_compatible_qkv_attention,28.0,39.48591125625318,0.66162109375,4,,,,,
TCGA-BH-A0E7,tcga_mc3_wes,HRD_Score,MuAt-compatible reimplementation,muat_compatible_qkv_attention,4.0,8.133449334053228,-0.88232421875,5,,,,,
TCGA-BH-A0E9,tcga_mc3_wes,HRD_Score,MuAt-compatible reimplementation,muat_compatible_qkv_attention,10.0,6.80655365239577,-0.94970703125,5,,,,,
TCGA-BH-A0EA,tcga_mc3_wes,HRD_Score,MuAt-compatible reimplementation,muat_compatible_qkv_attention,4.0,7.9219152398759505,-0.89306640625,5,,,,,
TCGA-BH-A0EB,tcga_mc3_wes,HRD_Score,MuAt-compatible reimplementation,muat_compatible_qkv_attention,8.0,17.636243469610655,-0.396728515625,2,,,,,
TCGA-BH-A0EE,tcga_mc3_wes,HRD_Score,MuAt-compatible reimplementation,muat_compatible_qkv_attention,21.0,16.788656104861893,-0.454833984375,1,,,,,
TCGA-BH-A0GY,tcga_mc3_wes,HRD_Score,MuAt-compatible reimplementation,muat_compatible_qkv_attention,22.0,16.05583511302153,-0.4912109375,1,,,,,
TCGA-BH-A0H0,tcga_mc3_wes,HRD_Score,MuAt-compatible reimplementation,muat_compatible_qkv_attention,17.0,10.232613271820274,-0.7802734375,1,,,,,
TCGA-BH-A0H6,tcga_mc3_wes,HRD_Score,MuAt-compatible reimplementation,muat_compatible_qkv_attention,9.0,6.671791808112747,-0.95703125,1,,,,,
TCGA-BH-A0H7,tcga_mc3_wes,HRD_Score,MuAt-compatible reimplementation,muat_compatible_qkv_attention,39.0,13.749373717090092,-0.591796875,2,,,,,
TCGA-BH-A0HA,tcga_mc3_wes,HRD_Score,MuAt-compatible reimplementation,muat_compatible_qkv_attention,7.0,15.578713422577456,-0.544921875,3,,,,,
TCGA-BH-A0HB,tcga_mc3_wes,HRD_Score,MuAt-compatible reimplementation,muat_compatible_qkv_attention,27.0,5.884518804951458,-0.9990234375,4,,,,,
TCGA-BH-A0HI,tcga_mc3_wes,HRD_Score,MuAt-compatible reimplementation,muat_compatible_qkv_attention,7.0,10.385525864936266,-0.80224609375,3,,,,,
TCGA-BH-A0HK,tcga_mc3_wes,HRD_Score,MuAt-compatible reimplementation,muat_compatible_qkv_attention,10.0,19.217260577957568,-0.3173828125,2,,,,,
TCGA-BH-A0HO,tcga_mc3_wes,HRD_Score,MuAt-compatible reimplementation,muat_compatible_qkv_attention,3.0,25.38118091273962,-0.03546142578125,4,,,,,
TCGA-BH-A0HP,tcga_mc3_wes,HRD_Score,MuAt-compatible reimplementation,muat_compatible_qkv_attention,12.0,15.932333013411869,-0.50244140625,4,,,,,
TCGA-BH-A0HQ,tcga_mc3_wes,HRD_Score,MuAt-compatible reimplementation,muat_compatible_qkv_attention,4.0,5.688139470071995,-1.005859375,1,,,,,
TCGA-BH-A0HU,tcga_mc3_wes,HRD_Score,MuAt-compatible reimplementation,muat_compatible_qkv_attention,33.0,14.73203665827802,-0.54248046875,2,,,,,
TCGA-BH-A0HW,tcga_mc3_wes,HRD_Score,MuAt-compatible reimplementation,muat_compatible_qkv_attention,21.0,5.854650228598032,-0.998046875,5,,,,,
TCGA-BH-A0HX,tcga_mc3_wes,HRD_Score,MuAt-compatible reimplementation,muat_compatible_qkv_attention,44.0,68.27643838309228,2.171875,5,,,,,
TCGA-BH-A0HY,tcga_mc3_wes,HRD_Score,MuAt-compatible reimplementation,muat_compatible_qkv_attention,49.0,37.37162193411893,0.55712890625,4,,,,,
TCGA-BH-A0W3,tcga_mc3_wes,HRD_Score,MuAt-compatible reimplementation,muat_compatible_qkv_attention,6.0,3.6550759562665647,-1.1357421875,3,,,,,
TCGA-BH-A0W4,tcga_mc3_wes,HRD_Score,MuAt-compatible reimplementation,muat_compatible_qkv_attention,4.0,31.29623553726,0.23388671875,3,,,,,
TCGA-BH-A0WA,tcga_mc3_wes,HRD_Score,MuAt-compatible reimplementation,muat_compatible_qkv_attention,63.0,63.58288161459629,1.8525390625,4,,,,,
TCGA-BH-A18F,tcga_mc3_wes,HRD_Score,MuAt-compatible reimplementation,muat_compatible_qkv_attention,7.0,5.192928839767362,-1.033203125,4,,,,,
TCGA-BH-A18G,tcga_mc3_wes,HRD_Score,MuAt-compatible reimplementation,muat_compatible_qkv_attention,6.0,30.596675800108965,0.2305908203125,1,,,,,
TCGA-BH-A18H,tcga_mc3_wes,HRD_Score,MuAt-compatible reimplementation,muat_compatible_qkv_attention,30.0,23.333985894691644,-0.11077880859375,2,,,,,
TCGA-BH-A18I,tcga_mc3_wes,HRD_Score,MuAt-compatible reimplementation,muat_compatible_qkv_attention,12.0,7.652690029104875,-0.90673828125,5,,,,,
TCGA-BH-A18J,tcga_mc3_wes,HRD_Score,MuAt-compatible reimplementation,muat_compatible_qkv_attention,25.0,14.354474740084925,-0.56640625,5,,,,,
TCGA-BH-A18K,tcga_mc3_wes,HRD_Score,MuAt-compatible reimplementation,muat_compatible_qkv_attention,30.0,18.1572808422264,-0.373291015625,5,,,,,
TCGA-BH-A18L,tcga_mc3_wes,HRD_Score,MuAt-compatible reimplementation,muat_compatible_qkv_attention,26.0,15.687110126816648,-0.53955078125,3,,,,,
TCGA-BH-A18M,tcga_mc3_wes,HRD_Score,MuAt-compatible reimplementation,muat_compatible_qkv_attention,10.0,28.34488890820205,0.087646484375,3,,,,,
TCGA-BH-A18N,tcga_mc3_wes,HRD_Score,MuAt-compatible reimplementation,muat_compatible_qkv_attention,4.0,30.61517776213239,0.254638671875,2,,,,,
TCGA-BH-A18P,tcga_mc3_wes,HRD_Score,MuAt-compatible reimplementation,muat_compatible_qkv_attention,8.0,12.66220198666672,-0.65234375,5,,,,,
TCGA-BH-A18Q,tcga_mc3_wes,HRD_Score,MuAt-compatible reimplementation,muat_compatible_qkv_attention,62.0,43.05709179224021,0.84912109375,1,,,,,
TCGA-BH-A18R,tcga_mc3_wes,HRD_Score,MuAt-compatible reimplementation,muat_compatible_qkv_attention,27.0,22.170114069547036,-0.169189453125,2,,,,,
TCGA-BH-A18S,tcga_mc3_wes,HRD_Score,MuAt-compatible reimplementation,muat_compatible_qkv_attention,10.0,5.491409002463843,-1.015625,1,,,,,
TCGA-BH-A18T,tcga_mc3_wes,HRD_Score,MuAt-compatible reimplementation,muat_compatible_qkv_attention,53.0,70.04430786074487,2.171875,4,,,,,
TCGA-BH-A18U,tcga_mc3_wes,HRD_Score,MuAt-compatible reimplementation,muat_compatible_qkv_attention,54.0,19.762103396834043,-0.2900390625,2,,,,,
TCGA-BH-A1EO,tcga_mc3_wes,HRD_Score,MuAt-compatible reimplementation,muat_compatible_qkv_attention,21.0,15.219730625686893,-0.53271484375,1,,,,,
TCGA-BH-A1ET,tcga_mc3_wes,HRD_Score,MuAt-compatible reimplementation,muat_compatible_qkv_attention,3.0,14.455329396825851,-0.6005859375,3,,,,,
TCGA-BH-A1EU,tcga_mc3_wes,HRD_Score,MuAt-compatible reimplementation,muat_compatible_qkv_attention,17.0,3.662387798033538,-1.109375,5,,,,,
TCGA-BH-A1EV,tcga_mc3_wes,HRD_Score,MuAt-compatible reimplementation,muat_compatible_qkv_attention,26.0,34.41754479711828,0.4111328125,4,,,,,
TCGA-BH-A1EW,tcga_mc3_wes,HRD_Score,MuAt-compatible reimplementation,muat_compatible_qkv_attention,26.0,6.585404372119527,-0.9609375,5,,,,,
TCGA-BH-A1EX,tcga_mc3_wes,HRD_Score,MuAt-compatible reimplementation,muat_compatible_qkv_attention,2.0,10.557218543373722,-0.76416015625,1,,,,,
TCGA-BH-A1EY,tcga_mc3_wes,HRD_Score,MuAt-compatible reimplementation,muat_compatible_qkv_attention,35.0,25.07081572788652,-0.0745849609375,3,,,,,
TCGA-BH-A1F0,tcga_mc3_wes,HRD_Score,MuAt-compatible reimplementation,muat_compatible_qkv_attention,42.0,60.27757255248342,1.669921875,3,,,,,
TCGA-BH-A1F2,tcga_mc3_wes,HRD_Score,MuAt-compatible reimplementation,muat_compatible_qkv_attention,39.0,14.83905935484304,-0.537109375,2,,,,,
TCGA-BH-A1FC,tcga_mc3_wes,HRD_Score,MuAt-compatible reimplementation,muat_compatible_qkv_attention,40.0,22.892218862404768,-0.15185546875,1,,,,,
TCGA-BH-A1FE,tcga_mc3_wes,HRD_Score,MuAt-compatible reimplementation,muat_compatible_qkv_attention,26.0,14.64795164949854,-0.56591796875,4,,,,,
TCGA-BH-A1FG,tcga_mc3_wes,HRD_Score,MuAt-compatible reimplementation,muat_compatible_qkv_attention,8.0,14.681391067449804,-0.5498046875,5,,,,,
TCGA-BH-A1FJ,tcga_mc3_wes,HRD_Score,MuAt-compatible reimplementation,muat_compatible_qkv_attention,4.0,2.463343897505976,-1.158203125,2,,,,,
TCGA-BH-A1FL,tcga_mc3_wes,HRD_Score,MuAt-compatible reimplementation,muat_compatible_qkv_attention,10.0,9.77980460813292,-0.791015625,2,,,,,
TCGA-BH-A1FM,tcga_mc3_wes,HRD_Score,MuAt-compatible reimplementation,muat_compatible_qkv_attention,33.0,22.211463747765336,-0.1671142578125,2,,,,,
TCGA-BH-A1FN,tcga_mc3_wes,HRD_Score,MuAt-compatible reimplementation,muat_compatible_qkv_attention,64.0,26.465615936224957,0.04638671875,2,,,,,
TCGA-BH-A1FU,tcga_mc3_wes,HRD_Score,MuAt-compatible reimplementation,muat_compatible_qkv_attention,20.0,56.96337766211991,1.525390625,4,,,,,
TCGA-BH-A201,tcga_mc3_wes,HRD_Score,MuAt-compatible reimplementation,muat_compatible_qkv_attention,10.0,11.334303890425916,-0.7255859375,1,,,,,
TCGA-BH-A202,tcga_mc3_wes,HRD_Score,MuAt-compatible reimplementation,muat_compatible_qkv_attention,13.0,9.130922653214627,-0.8349609375,1,,,,,
TCGA-BH-A203,tcga_mc3_wes,HRD_Score,MuAt-compatible reimplementation,muat_compatible_qkv_attention,49.0,14.491827895536735,-0.56884765625,1,,,,,
TCGA-BH-A204,tcga_mc3_wes,HRD_Score,MuAt-compatible reimplementation,muat_compatible_qkv_attention,28.0,16.045998589641123,-0.49169921875,1,,,,,
TCGA-BH-A208,tcga_mc3_wes,HRD_Score,MuAt-compatible reimplementation,muat_compatible_qkv_attention,26.0,24.075804853454635,-0.0999755859375,4,,,,,
TCGA-BH-A209,tcga_mc3_wes,HRD_Score,MuAt-compatible reimplementation,muat_compatible_qkv_attention,29.0,26.43716850262881,-0.0068817138671875,3,,,,,
TCGA-BH-A28Q,tcga_mc3_wes,HRD_Score,MuAt-compatible reimplementation,muat_compatible_qkv_attention,11.0,12.718064095645335,-0.6435546875,2,,,,,
TCGA-BH-A2L8,tcga_mc3_wes,HRD_Score,MuAt-compatible reimplementation,muat_compatible_qkv_attention,3.0,17.978222284599525,-0.426025390625,3,,,,,
TCGA-BH-A42V,tcga_mc3_wes,HRD_Score,MuAt-compatible reimplementation,muat_compatible_qkv_attention,11.0,9.091576559693,-0.8369140625,1,,,,,
TCGA-BH-A5IZ,tcga_mc3_wes,HRD_Score,MuAt-compatible reimplementation,muat_compatible_qkv_attention,55.0,45.64401748019277,0.94482421875,3,,,,,
TCGA-BH-A6R8,tcga_mc3_wes,HRD_Score,MuAt-compatible reimplementation,muat_compatible_qkv_attention,13.0,15.566778317528843,-0.5205078125,4,,,,,
TCGA-BH-A6R9,tcga_mc3_wes,HRD_Score,MuAt-compatible reimplementation,muat_compatible_qkv_attention,0.0,43.81302211580984,0.9169921875,2,,,,,
TCGA-BH-A8FY,tcga_mc3_wes,HRD_Score,MuAt-compatible reimplementation,muat_compatible_qkv_attention,8.0,10.065392374353346,-0.78857421875,1,,,,,
TCGA-BH-A8FZ,tcga_mc3_wes,HRD_Score,MuAt-compatible reimplementation,muat_compatible_qkv_attention,43.0,44.64001568017592,0.95849609375,2,,,,,
TCGA-BH-A8G0,tcga_mc3_wes,HRD_Score,MuAt-compatible reimplementation,muat_compatible_qkv_attention,3.0,5.983317371406329,-0.994140625,4,,,,,
TCGA-BH-AB28,tcga_mc3_wes,HRD_Score,MuAt-compatible reimplementation,muat_compatible_qkv_attention,13.0,9.6129122988546,-0.81103515625,1,,,,,
TCGA-C8-A12L,tcga_mc3_wes,HRD_Score,MuAt-compatible reimplementation,muat_compatible_qkv_attention,76.0,60.56505913172069,1.7802734375,5,,,,,
TCGA-C8-A12M,tcga_mc3_wes,HRD_Score,MuAt-compatible reimplementation,muat_compatible_qkv_attention,25.0,13.134387669040494,-0.63623046875,1,,,,,
TCGA-C8-A12N,tcga_mc3_wes,HRD_Score,MuAt-compatible reimplementation,muat_compatible_qkv_attention,8.0,13.422849425458136,-0.62646484375,4,,,,,
TCGA-C8-A12O,tcga_mc3_wes,HRD_Score,MuAt-compatible reimplementation,muat_compatible_qkv_attention,28.0,8.125817479400766,-0.8740234375,2,,,,,
TCGA-C8-A12P,tcga_mc3_wes,HRD_Score,MuAt-compatible reimplementation,muat_compatible_qkv_attention,51.0,35.08937504901141,0.4443359375,4,,,,,
TCGA-C8-A12Q,tcga_mc3_wes,HRD_Score,MuAt-compatible reimplementation,muat_compatible_qkv_attention,41.0,18.53463900488423,-0.3681640625,1,,,,,
TCGA-C8-A12U,tcga_mc3_wes,HRD_Score,MuAt-compatible reimplementation,muat_compatible_qkv_attention,44.0,4.777749385513719,-1.052734375,5,,,,,
TCGA-C8-A12W,tcga_mc3_wes,HRD_Score,MuAt-compatible reimplementation,muat_compatible_qkv_attention,28.0,47.67631241536201,1.06640625,4,,,,,
TCGA-C8-A12Y,tcga_mc3_wes,HRD_Score,MuAt-compatible reimplementation,muat_compatible_qkv_attention,17.0,13.210267594307844,-0.62451171875,5,,,,,
TCGA-C8-A12Z,tcga_mc3_wes,HRD_Score,MuAt-compatible reimplementation,muat_compatible_qkv_attention,29.0,15.593518514142378,-0.51416015625,1,,,,,
TCGA-C8-A130,tcga_mc3_wes,HRD_Score,MuAt-compatible reimplementation,muat_compatible_qkv_attention,53.0,34.53194276876734,0.458251953125,5,,,,,
TCGA-C8-A131,tcga_mc3_wes,HRD_Score,MuAt-compatible reimplementation,muat_compatible_qkv_attention,15.0,12.59489568397395,-0.65576171875,5,,,,,
TCGA-C8-A132,tcga_mc3_wes,HRD_Score,MuAt-compatible reimplementation,muat_compatible_qkv_attention,36.0,60.8294103195193,1.697265625,3,,,,,
TCGA-C8-A133,tcga_mc3_wes,HRD_Score,MuAt-compatible reimplementation,muat_compatible_qkv_attention,0.0,7.785290717602969,-0.89111328125,2,,,,,
TCGA-C8-A135,tcga_mc3_wes,HRD_Score,MuAt-compatible reimplementation,muat_compatible_qkv_attention,29.0,18.81006165953564,-0.3544921875,1,,,,,
TCGA-C8-A137,tcga_mc3_wes,HRD_Score,MuAt-compatible reimplementation,muat_compatible_qkv_attention,34.0,37.94465361955719,0.58544921875,4,,,,,
TCGA-C8-A138,tcga_mc3_wes,HRD_Score,MuAt-compatible reimplementation,muat_compatible_qkv_attention,33.0,19.577246011858097,-0.29931640625,2,,,,,
TCGA-C8-A1HE,tcga_mc3_wes,HRD_Score,MuAt-compatible reimplementation,muat_compatible_qkv_attention,16.0,10.369973722002616,-0.77734375,4,,,,,
TCGA-C8-A1HF,tcga_mc3_wes,HRD_Score,MuAt-compatible reimplementation,muat_compatible_qkv_attention,26.0,10.854086697631484,-0.75341796875,4,,,,,
TCGA-C8-A1HG,tcga_mc3_wes,HRD_Score,MuAt-compatible reimplementation,muat_compatible_qkv_attention,39.0,16.478805618379056,-0.47021484375,1,,,,,
TCGA-C8-A1HJ,tcga_mc3_wes,HRD_Score,MuAt-compatible reimplementation,muat_compatible_qkv_attention,72.0,58.6614762347355,1.58984375,3,,,,,
TCGA-C8-A1HK,tcga_mc3_wes,HRD_Score,MuAt-compatible reimplementation,muat_compatible_qkv_attention,22.0,45.36442596031802,0.9521484375,4,,,,,
TCGA-C8-A1HL,tcga_mc3_wes,HRD_Score,MuAt-compatible reimplementation,muat_compatible_qkv_attention,17.0,19.76077746353813,-0.313232421875,4,,,,,
TCGA-C8-A1HM,tcga_mc3_wes,HRD_Score,MuAt-compatible reimplementation,muat_compatible_qkv_attention,60.0,28.830137412079857,0.168701171875,5,,,,,
TCGA-C8-A26V,tcga_mc3_wes,HRD_Score,MuAt-compatible reimplementation,muat_compatible_qkv_attention,28.0,11.161370327426836,-0.7216796875,2,,,,,
TCGA-C8-A26W,tcga_mc3_wes,HRD_Score,MuAt-compatible reimplementation,muat_compatible_qkv_attention,32.0,14.216405240885324,-0.58251953125,1,,,,,
TCGA-C8-A26X,tcga_mc3_wes,HRD_Score,MuAt-compatible reimplementation,muat_compatible_qkv_attention,31.0,19.664810036320382,-0.294921875,2,,,,,
TCGA-C8-A26Y,tcga_mc3_wes,HRD_Score,MuAt-compatible reimplementation,muat_compatible_qkv_attention,42.0,40.69125376700261,0.72119140625,4,,,,,
TCGA-C8-A26Z,tcga_mc3_wes,HRD_Score,MuAt-compatible reimplementation,muat_compatible_qkv_attention,22.0,20.369150615330238,-0.277099609375,1,,,,,
TCGA-C8-A273,tcga_mc3_wes,HRD_Score,MuAt-compatible reimplementation,muat_compatible_qkv_attention,17.0,16.21020565718557,-0.47216796875,5,,,,,
TCGA-C8-A275,tcga_mc3_wes,HRD_Score,MuAt-compatible reimplementation,muat_compatible_qkv_attention,17.0,20.993621511616997,-0.276611328125,3,,,,,
TCGA-C8-A278,tcga_mc3_wes,HRD_Score,MuAt-compatible reimplementation,muat_compatible_qkv_attention,29.0,8.28498164249958,-0.876953125,1,,,,,
TCGA-C8-A27A,tcga_mc3_wes,HRD_Score,MuAt-compatible reimplementation,muat_compatible_qkv_attention,42.0,28.400712100016623,0.11376953125,4,,,,,
TCGA-C8-A27B,tcga_mc3_wes,HRD_Score,MuAt-compatible reimplementation,muat_compatible_qkv_attention,67.0,69.93473347561125,2.1484375,3,,,,,
TCGA-C8-A8HP,tcga_mc3_wes,HRD_Score,MuAt-compatible reimplementation,muat_compatible_qkv_attention,32.0,24.68157301720943,-0.0938720703125,3,,,,,
TCGA-C8-A8HQ,tcga_mc3_wes,HRD_Score,MuAt-compatible reimplementation,muat_compatible_qkv_attention,23.0,20.956379397139173,-0.2301025390625,2,,,,,
TCGA-C8-A8HR,tcga_mc3_wes,HRD_Score,MuAt-compatible reimplementation,muat_compatible_qkv_attention,35.0,84.38985970999218,2.880859375,4,,,,,
TCGA-D8-A13Y,tcga_mc3_wes,HRD_Score,MuAt-compatible reimplementation,muat_compatible_qkv_attention,58.0,43.50564613292876,0.8388671875,3,,,,,
TCGA-D8-A13Z,tcga_mc3_wes,HRD_Score,MuAt-compatible reimplementation,muat_compatible_qkv_attention,37.0,75.7746247151274,2.455078125,4,,,,,
TCGA-D8-A140,tcga_mc3_wes,HRD_Score,MuAt-compatible reimplementation,muat_compatible_qkv_attention,20.0,18.195741586622272,-0.371337890625,5,,,,,
TCGA-D8-A141,tcga_mc3_wes,HRD_Score,MuAt-compatible reimplementation,muat_compatible_qkv_attention,4.0,38.18435337936853,0.5751953125,3,,,,,
TCGA-D8-A143,tcga_mc3_wes,HRD_Score,MuAt-compatible reimplementation,muat_compatible_qkv_attention,34.0,24.684036578669414,-0.09375,3,,,,,
TCGA-D8-A145,tcga_mc3_wes,HRD_Score,MuAt-compatible reimplementation,muat_compatible_qkv_attention,6.0,21.11679958461607,-0.2705078125,3,,,,,
TCGA-D8-A147,tcga_mc3_wes,HRD_Score,MuAt-compatible reimplementation,muat_compatible_qkv_attention,69.0,48.61931412518446,1.158203125,2,,,,,
TCGA-D8-A1J8,tcga_mc3_wes,HRD_Score,MuAt-compatible reimplementation,muat_compatible_qkv_attention,7.0,37.179220303696034,0.525390625,3,,,,,
TCGA-D8-A1J9,tcga_mc3_wes,HRD_Score,MuAt-compatible reimplementation,muat_compatible_qkv_attention,31.0,19.62102802408924,-0.297119140625,2,,,,,
TCGA-D8-A1JA,tcga_mc3_wes,HRD_Score,MuAt-compatible reimplementation,muat_compatible_qkv_attention,28.0,29.741176294956983,0.2149658203125,5,,,,,
TCGA-D8-A1JB,tcga_mc3_wes,HRD_Score,MuAt-compatible reimplementation,muat_compatible_qkv_attention,41.0,73.71961453286609,2.353515625,4,,,,,
TCGA-D8-A1JC,tcga_mc3_wes,HRD_Score,MuAt-compatible reimplementation,muat_compatible_qkv_attention,33.0,36.97329887169982,0.57373046875,2,,,,,
TCGA-D8-A1JD,tcga_mc3_wes,HRD_Score,MuAt-compatible reimplementation,muat_compatible_qkv_attention,40.0,21.662653439853827,-0.212890625,1,,,,,
TCGA-D8-A1JF,tcga_mc3_wes,HRD_Score,MuAt-compatible reimplementation,muat_compatible_qkv_attention,23.0,11.912217470947288,-0.6904296875,5,,,,,
TCGA-D8-A1JG,tcga_mc3_wes,HRD_Score,MuAt-compatible reimplementation,muat_compatible_qkv_attention,27.0,30.111262475008854,0.1751708984375,3,,,,,
TCGA-D8-A1JH,tcga_mc3_wes,HRD_Score,MuAt-compatible reimplementation,muat_compatible_qkv_attention,0.0,6.759163395843366,-0.98193359375,3,,,,,
TCGA-D8-A1JI,tcga_mc3_wes,HRD_Score,MuAt-compatible reimplementation,muat_compatible_qkv_attention,17.0,18.46086507953117,-0.371826171875,1,,,,,
TCGA-D8-A1JJ,tcga_mc3_wes,HRD_Score,MuAt-compatible reimplementation,muat_compatible_qkv_attention,25.0,16.04595136483497,-0.496826171875,4,,,,,
TCGA-D8-A1JK,tcga_mc3_wes,HRD_Score,MuAt-compatible reimplementation,muat_compatible_qkv_attention,53.0,32.58611265379639,0.329345703125,1,,,,,
TCGA-D8-A1JL,tcga_mc3_wes,HRD_Score,MuAt-compatible reimplementation,muat_compatible_qkv_attention,51.0,52.97805667619626,1.376953125,2,,,,,
TCGA-D8-A1JM,tcga_mc3_wes,HRD_Score,MuAt-compatible reimplementation,muat_compatible_qkv_attention,42.0,35.022317259814656,0.483154296875,5,,,,,
TCGA-D8-A1JN,tcga_mc3_wes,HRD_Score,MuAt-compatible reimplementation,muat_compatible_qkv_attention,6.0,16.434670467267004,-0.45703125,2,,,,,
TCGA-D8-A1JP,tcga_mc3_wes,HRD_Score,MuAt-compatible reimplementation,muat_compatible_qkv_attention,69.0,62.93821892926354,1.8017578125,3,,,,,
TCGA-D8-A1JS,tcga_mc3_wes,HRD_Score,MuAt-compatible reimplementation,muat_compatible_qkv_attention,6.0,19.16565890831065,-0.3671875,3,,,,,
TCGA-D8-A1JT,tcga_mc3_wes,HRD_Score,MuAt-compatible reimplementation,muat_compatible_qkv_attention,13.0,35.17880839819098,0.42626953125,3,,,,,
TCGA-D8-A1JU,tcga_mc3_wes,HRD_Score,MuAt-compatible reimplementation,muat_compatible_qkv_attention,6.0,1.1830117618453428,-1.2294921875,1,,,,,
TCGA-D8-A1X5,tcga_mc3_wes,HRD_Score,MuAt-compatible reimplementation,muat_compatible_qkv_attention,37.0,13.567194697778426,-0.61474609375,1,,,,,
TCGA-D8-A1X7,tcga_mc3_wes,HRD_Score,MuAt-compatible reimplementation,muat_compatible_qkv_attention,4.0,36.8662761751348,0.568359375,2,,,,,
TCGA-D8-A1X8,tcga_mc3_wes,HRD_Score,MuAt-compatible reimplementation,muat_compatible_qkv_attention,15.0,20.985567405293267,-0.2286376953125,2,,,,,
TCGA-D8-A1X9,tcga_mc3_wes,HRD_Score,MuAt-compatible reimplementation,muat_compatible_qkv_attention,55.0,63.28648591523168,1.837890625,4,,,,,
TCGA-D8-A1XA,tcga_mc3_wes,HRD_Score,MuAt-compatible reimplementation,muat_compatible_qkv_attention,12.0,3.9962574486418982,-1.08984375,1,,,,,
TCGA-D8-A1XB,tcga_mc3_wes,HRD_Score,MuAt-compatible reimplementation,muat_compatible_qkv_attention,8.0,3.497408022827741,-1.1435546875,3,,,,,
TCGA-D8-A1XC,tcga_mc3_wes,HRD_Score,MuAt-compatible reimplementation,muat_compatible_qkv_attention,3.0,13.616377314680465,-0.6123046875,1,,,,,
TCGA-D8-A1XF,tcga_mc3_wes,HRD_Score,MuAt-compatible reimplementation,muat_compatible_qkv_attention,27.0,10.237712177337372,-0.8095703125,3,,,,,
TCGA-D8-A1XG,tcga_mc3_wes,HRD_Score,MuAt-compatible reimplementation,muat_compatible_qkv_attention,8.0,44.54439785874259,0.91162109375,4,,,,,
TCGA-D8-A1XJ,tcga_mc3_wes,HRD_Score,MuAt-compatible reimplementation,muat_compatible_qkv_attention,40.0,19.49402133410998,-0.326416015625,4,,,,,
TCGA-D8-A1XK,tcga_mc3_wes,HRD_Score,MuAt-compatible reimplementation,muat_compatible_qkv_attention,72.0,30.05607363969816,0.23095703125,5,,,,,
TCGA-D8-A1XL,tcga_mc3_wes,HRD_Score,MuAt-compatible reimplementation,muat_compatible_qkv_attention,47.0,61.775995785155736,1.7783203125,1,,,,,
TCGA-D8-A1XM,tcga_mc3_wes,HRD_Score,MuAt-compatible reimplementation,muat_compatible_qkv_attention,16.0,18.3027029891292,-0.36328125,2,,,,,
TCGA-D8-A1XO,tcga_mc3_wes,HRD_Score,MuAt-compatible reimplementation,muat_compatible_qkv_attention,12.0,13.15257647771404,-0.62744140625,5,,,,,
TCGA-D8-A1XQ,tcga_mc3_wes,HRD_Score,MuAt-compatible reimplementation,muat_compatible_qkv_attention,72.0,33.205813626762065,0.360107421875,1,,,,,
TCGA-D8-A1XR,tcga_mc3_wes,HRD_Score,MuAt-compatible reimplementation,muat_compatible_qkv_attention,13.0,12.701580640302565,-0.65771484375,1,,,,,
TCGA-D8-A1XT,tcga_mc3_wes,HRD_Score,MuAt-compatible reimplementation,muat_compatible_qkv_attention,36.0,35.815544512454714,0.480224609375,4,,,,,
TCGA-D8-A1XV,tcga_mc3_wes,HRD_Score,MuAt-compatible reimplementation,muat_compatible_qkv_attention,2.0,13.537183921672725,-0.60791015625,5,,,,,
TCGA-D8-A1XW,tcga_mc3_wes,HRD_Score,MuAt-compatible reimplementation,muat_compatible_qkv_attention,50.0,48.595054455409645,1.1240234375,1,,,,,
TCGA-D8-A1XY,tcga_mc3_wes,HRD_Score,MuAt-compatible reimplementation,muat_compatible_qkv_attention,25.0,7.464222627907905,-0.9072265625,2,,,,,
TCGA-D8-A1XZ,tcga_mc3_wes,HRD_Score,MuAt-compatible reimplementation,muat_compatible_qkv_attention,26.0,19.051493149430343,-0.327880859375,5,,,,,
TCGA-D8-A1Y0,tcga_mc3_wes,HRD_Score,MuAt-compatible reimplementation,muat_compatible_qkv_attention,44.0,67.39650627975432,2.041015625,4,,,,,
TCGA-D8-A1Y1,tcga_mc3_wes,HRD_Score,MuAt-compatible reimplementation,muat_compatible_qkv_attention,10.0,16.901678597732552,-0.43359375,2,,,,,
TCGA-D8-A1Y2,tcga_mc3_wes,HRD_Score,MuAt-compatible reimplementation,muat_compatible_qkv_attention,12.0,4.066225614190156,-1.0888671875,5,,,,,
TCGA-D8-A1Y3,tcga_mc3_wes,HRD_Score,MuAt-compatible reimplementation,muat_compatible_qkv_attention,35.0,19.173478565726423,-0.319580078125,2,,,,,
TCGA-D8-A27E,tcga_mc3_wes,HRD_Score,MuAt-compatible reimplementation,muat_compatible_qkv_attention,0.0,50.740309384382165,1.2646484375,2,,,,,
TCGA-D8-A27F,tcga_mc3_wes,HRD_Score,MuAt-compatible reimplementation,muat_compatible_qkv_attention,77.0,45.92935661931921,0.99169921875,1,,,,,
TCGA-D8-A27H,tcga_mc3_wes,HRD_Score,MuAt-compatible reimplementation,muat_compatible_qkv_attention,75.0,48.8917355346227,1.171875,2,,,,,
TCGA-D8-A27K,tcga_mc3_wes,HRD_Score,MuAt-compatible reimplementation,muat_compatible_qkv_attention,4.0,11.688418732120589,-0.7080078125,1,,,,,
TCGA-D8-A27L,tcga_mc3_wes,HRD_Score,MuAt-compatible reimplementation,muat_compatible_qkv_attention,9.0,9.796942036564364,-0.8056640625,4,,,,,
TCGA-D8-A27M,tcga_mc3_wes,HRD_Score,MuAt-compatible reimplementation,muat_compatible_qkv_attention,48.0,61.4290728658801,1.74609375,4,,,,,
TCGA-D8-A27N,tcga_mc3_wes,HRD_Score,MuAt-compatible reimplementation,muat_compatible_qkv_attention,22.0,21.48067775731629,-0.221923828125,1,,,,,
TCGA-D8-A27P,tcga_mc3_wes,HRD_Score,MuAt-compatible reimplementation,muat_compatible_qkv_attention,4.0,9.603075775474192,-0.8115234375,1,,,,,
TCGA-D8-A27R,tcga_mc3_wes,HRD_Score,MuAt-compatible reimplementation,muat_compatible_qkv_attention,37.0,21.868504651954694,-0.184326171875,2,,,,,
TCGA-D8-A27T,tcga_mc3_wes,HRD_Score,MuAt-compatible reimplementation,muat_compatible_qkv_attention,10.0,8.874976355355919,-0.83642578125,2,,,,,
TCGA-D8-A27V,tcga_mc3_wes,HRD_Score,MuAt-compatible reimplementation,muat_compatible_qkv_attention,18.0,24.14152078695499,-0.07025146484375,2,,,,,
TCGA-D8-A27W,tcga_mc3_wes,HRD_Score,MuAt-compatible reimplementation,muat_compatible_qkv_attention,21.0,11.065468827891184,-0.7685546875,3,,,,,
TCGA-D8-A3Z6,tcga_mc3_wes,HRD_Score,MuAt-compatible reimplementation,muat_compatible_qkv_attention,11.0,4.777749385513719,-1.052734375,5,,,,,
TCGA-D8-A4Z1,tcga_mc3_wes,HRD_Score,MuAt-compatible reimplementation,muat_compatible_qkv_attention,6.0,10.0063732340709,-0.79150390625,1,,,,,
TCGA-D8-A73U,tcga_mc3_wes,HRD_Score,MuAt-compatible reimplementation,muat_compatible_qkv_attention,13.0,15.10242505519095,-0.54345703125,4,,,,,
TCGA-D8-A73W,tcga_mc3_wes,HRD_Score,MuAt-compatible reimplementation,muat_compatible_qkv_attention,15.0,8.316137869933602,-0.873046875,5,,,,,
TCGA-D8-A73X,tcga_mc3_wes,HRD_Score,MuAt-compatible reimplementation,muat_compatible_qkv_attention,4.0,8.296907497735667,-0.8740234375,5,,,,,
TCGA-E2-A10A,tcga_mc3_wes,HRD_Score,MuAt-compatible reimplementation,muat_compatible_qkv_attention,18.0,5.875033414299736,-0.99658203125,1,,,,,
TCGA-E2-A10C,tcga_mc3_wes,HRD_Score,MuAt-compatible reimplementation,muat_compatible_qkv_attention,22.0,19.938614883156895,-0.304443359375,4,,,,,
TCGA-E2-A14O,tcga_mc3_wes,HRD_Score,MuAt-compatible reimplementation,muat_compatible_qkv_attention,10.0,7.969991170370786,-0.890625,5,,,,,
TCGA-E2-A14Q,tcga_mc3_wes,HRD_Score,MuAt-compatible reimplementation,muat_compatible_qkv_attention,18.0,37.697657203420015,0.5732421875,4,,,,,
TCGA-E2-A14R,tcga_mc3_wes,HRD_Score,MuAt-compatible reimplementation,muat_compatible_qkv_attention,85.0,45.296143606560975,1.0048828125,5,,,,,
TCGA-E2-A14T,tcga_mc3_wes,HRD_Score,MuAt-compatible reimplementation,muat_compatible_qkv_attention,30.0,13.449156417213535,-0.62060546875,1,,,,,
TCGA-E2-A14X,tcga_mc3_wes,HRD_Score,MuAt-compatible reimplementation,muat_compatible_qkv_attention,12.0,14.275424381167769,-0.57958984375,1,,,,,
TCGA-E2-A14Y,tcga_mc3_wes,HRD_Score,MuAt-compatible reimplementation,muat_compatible_qkv_attention,19.0,20.42272785878577,-0.280517578125,4,,,,,
TCGA-E2-A14Z,tcga_mc3_wes,HRD_Score,MuAt-compatible reimplementation,muat_compatible_qkv_attention,44.0,25.537020169646688,-0.0002162456512451,2,,,,,
TCGA-E2-A150,tcga_mc3_wes,HRD_Score,MuAt-compatible reimplementation,muat_compatible_qkv_attention,49.0,39.82510271624871,0.72705078125,5,,,,,
TCGA-E2-A152,tcga_mc3_wes,HRD_Score,MuAt-compatible reimplementation,muat_compatible_qkv_attention,18.0,32.41961956301161,0.28955078125,3,,,,,
TCGA-E2-A153,tcga_mc3_wes,HRD_Score,MuAt-compatible reimplementation,muat_compatible_qkv_attention,8.0,3.5368250061874456,-1.1416015625,3,,,,,
TCGA-E2-A154,tcga_mc3_wes,HRD_Score,MuAt-compatible reimplementation,muat_compatible_qkv_attention,8.0,8.604593452902613,-0.8583984375,5,,,,,
TCGA-E2-A155,tcga_mc3_wes,HRD_Score,MuAt-compatible reimplementation,muat_compatible_qkv_attention,26.0,38.89385907984322,0.6103515625,3,,,,,
TCGA-E2-A156,tcga_mc3_wes,HRD_Score,MuAt-compatible reimplementation,muat_compatible_qkv_attention,6.0,4.175707042546325,-1.072265625,2,,,,,
TCGA-E2-A158,tcga_mc3_wes,HRD_Score,MuAt-compatible reimplementation,muat_compatible_qkv_attention,76.0,67.63362283924602,2.052734375,4,,,,,
TCGA-E2-A159,tcga_mc3_wes,HRD_Score,MuAt-compatible reimplementation,muat_compatible_qkv_attention,26.0,52.98829248573463,1.3955078125,5,,,,,
TCGA-E2-A15A,tcga_mc3_wes,HRD_Score,MuAt-compatible reimplementation,muat_compatible_qkv_attention,58.0,11.969908587541092,-0.6875,5,,,,,
TCGA-E2-A15C,tcga_mc3_wes,HRD_Score,MuAt-compatible reimplementation,muat_compatible_qkv_attention,5.0,5.412351668045545,-1.0205078125,5,,,,,
TCGA-E2-A15D,tcga_mc3_wes,HRD_Score,MuAt-compatible reimplementation,muat_compatible_qkv_attention,6.0,14.97527005956216,-0.5302734375,2,,,,,
TCGA-E2-A15E,tcga_mc3_wes,HRD_Score,MuAt-compatible reimplementation,muat_compatible_qkv_attention,33.0,34.52150618675569,0.45068359375,2,,,,,
TCGA-E2-A15G,tcga_mc3_wes,HRD_Score,MuAt-compatible reimplementation,muat_compatible_qkv_attention,5.0,21.868185829910452,-0.2332763671875,3,,,,,
TCGA-E2-A15H,tcga_mc3_wes,HRD_Score,MuAt-compatible reimplementation,muat_compatible_qkv_attention,15.0,16.94845359432722,-0.47705078125,3,,,,,
TCGA-E2-A15I,tcga_mc3_wes,HRD_Score,MuAt-compatible reimplementation,muat_compatible_qkv_attention,7.0,19.965853156733527,-0.297119140625,1,,,,,
TCGA-E2-A15J,tcga_mc3_wes,HRD_Score,MuAt-compatible reimplementation,muat_compatible_qkv_attention,6.0,19.569682987747637,-0.34716796875,3,,,,,
TCGA-E2-A15K,tcga_mc3_wes,HRD_Score,MuAt-compatible reimplementation,muat_compatible_qkv_attention,11.0,49.96843915711503,1.1796875,4,,,,,
TCGA-E2-A15M,tcga_mc3_wes,HRD_Score,MuAt-compatible reimplementation,muat_compatible_qkv_attention,39.0,20.49702541927553,-0.270751953125,1,,,,,
TCGA-E2-A15O,tcga_mc3_wes,HRD_Score,MuAt-compatible reimplementation,muat_compatible_qkv_attention,21.0,16.588773621169906,-0.494873046875,3,,,,,
TCGA-E2-A15P,tcga_mc3_wes,HRD_Score,MuAt-compatible reimplementation,muat_compatible_qkv_attention,17.0,5.489273156837282,-1.0166015625,5,,,,,
TCGA-E2-A15R,tcga_mc3_wes,HRD_Score,MuAt-compatible reimplementation,muat_compatible_qkv_attention,27.0,13.419646847072311,-0.6220703125,1,,,,,
TCGA-E2-A15T,tcga_mc3_wes,HRD_Score,MuAt-compatible reimplementation,muat_compatible_qkv_attention,19.0,34.66454121325546,0.42333984375,4,,,,,
TCGA-E2-A1AZ,tcga_mc3_wes,HRD_Score,MuAt-compatible reimplementation,muat_compatible_qkv_attention,42.0,30.76759741102172,0.26708984375,5,,,,,
TCGA-E2-A1B0,tcga_mc3_wes,HRD_Score,MuAt-compatible reimplementation,muat_compatible_qkv_attention,35.0,33.92618604453241,0.427490234375,5,,,,,
TCGA-E2-A1B4,tcga_mc3_wes,HRD_Score,MuAt-compatible reimplementation,muat_compatible_qkv_attention,3.0,27.99875852307464,0.07049560546875,3,,,,,
TCGA-E2-A1B5,tcga_mc3_wes,HRD_Score,MuAt-compatible reimplementation,muat_compatible_qkv_attention,18.0,13.360200275035467,-0.611328125,2,,,,,
TCGA-E2-A1BC,tcga_mc3_wes,HRD_Score,MuAt-compatible reimplementation,muat_compatible_qkv_attention,11.0,21.933157832815034,-0.199462890625,1,,,,,
TCGA-E2-A1BD,tcga_mc3_wes,HRD_Score,MuAt-compatible reimplementation,muat_compatible_qkv_attention,7.0,5.566194645629018,-1.0126953125,5,,,,,
TCGA-E2-A1IE,tcga_mc3_wes,HRD_Score,MuAt-compatible reimplementation,muat_compatible_qkv_attention,32.0,7.66230521520384,-0.90625,5,,,,,
TCGA-E2-A1IF,tcga_mc3_wes,HRD_Score,MuAt-compatible reimplementation,muat_compatible_qkv_attention,6.0,9.56762346022238,-0.8427734375,3,,,,,
TCGA-E2-A1IG,tcga_mc3_wes,HRD_Score,MuAt-compatible reimplementation,muat_compatible_qkv_attention,12.0,48.93065287882816,1.173828125,2,,,,,
TCGA-E2-A1IH,tcga_mc3_wes,HRD_Score,MuAt-compatible reimplementation,muat_compatible_qkv_attention,28.0,17.508255780546126,-0.40625,5,,,,,
TCGA-E2-A1IJ,tcga_mc3_wes,HRD_Score,MuAt-compatible reimplementation,muat_compatible_qkv_attention,7.0,5.038928926965095,-1.0380859375,1,,,,,
TCGA-E2-A1IK,tcga_mc3_wes,HRD_Score,MuAt-compatible reimplementation,muat_compatible_qkv_attention,0.0,10.498199403091276,-0.76708984375,1,,,,,
TCGA-E2-A1IL,tcga_mc3_wes,HRD_Score,MuAt-compatible reimplementation,muat_compatible_qkv_attention,13.0,9.873798017966267,-0.7939453125,5,,,,,
TCGA-E2-A1IO,tcga_mc3_wes,HRD_Score,MuAt-compatible reimplementation,muat_compatible_qkv_attention,30.0,10.691007485973984,-0.787109375,3,,,,,
TCGA-E2-A1IU,tcga_mc3_wes,HRD_Score,MuAt-compatible reimplementation,muat_compatible_qkv_attention,5.0,22.421615877118303,-0.15673828125,5,,,,,
TCGA-E2-A1L6,tcga_mc3_wes,HRD_Score,MuAt-compatible reimplementation,muat_compatible_qkv_attention,9.0,8.730012563828637,-0.88427734375,3,,,,,
TCGA-E2-A1L8,tcga_mc3_wes,HRD_Score,MuAt-compatible reimplementation,muat_compatible_qkv_attention,14.0,8.887995225179544,-0.8505859375,4,,,,,
TCGA-E2-A1L9,tcga_mc3_wes,HRD_Score,MuAt-compatible reimplementation,muat_compatible_qkv_attention,6.0,10.700861731813909,-0.78662109375,3,,,,,
TCGA-E2-A1LA,tcga_mc3_wes,HRD_Score,MuAt-compatible reimplementation,muat_compatible_qkv_attention,58.0,60.13961311072445,1.6630859375,3,,,,,
TCGA-E2-A1LG,tcga_mc3_wes,HRD_Score,MuAt-compatible reimplementation,muat_compatible_qkv_attention,15.0,21.368082853534197,-0.258056640625,3,,,,,
TCGA-E2-A1LH,tcga_mc3_wes,HRD_Score,MuAt-compatible reimplementation,muat_compatible_qkv_attention,74.0,44.103860530289055,0.9443359375,5,,,,,
TCGA-E2-A1LK,tcga_mc3_wes,HRD_Score,MuAt-compatible reimplementation,muat_compatible_qkv_attention,24.0,15.573845467381563,-0.51513671875,1,,,,,
TCGA-E2-A1LL,tcga_mc3_wes,HRD_Score,MuAt-compatible reimplementation,muat_compatible_qkv_attention,52.0,17.236217918670434,-0.4326171875,1,,,,,
TCGA-E2-A56Z,tcga_mc3_wes,HRD_Score,MuAt-compatible reimplementation,muat_compatible_qkv_attention,31.0,8.614208639001582,-0.85791015625,5,,,,,
TCGA-E2-A570,tcga_mc3_wes,HRD_Score,MuAt-compatible reimplementation,muat_compatible_qkv_attention,5.0,13.952762858989608,-0.62548828125,3,,,,,
TCGA-E2-A573,tcga_mc3_wes,HRD_Score,MuAt-compatible reimplementation,muat_compatible_qkv_attention,43.0,47.39341778271239,1.0966796875,2,,,,,
TCGA-E2-A576,tcga_mc3_wes,HRD_Score,MuAt-compatible reimplementation,muat_compatible_qkv_attention,23.0,9.878498430125603,-0.7978515625,1,,,,,
TCGA-E2-A9RU,tcga_mc3_wes,HRD_Score,MuAt-compatible reimplementation,muat_compatible_qkv_attention,54.0,24.312038798212196,-0.1121826171875,3,,,,,
TCGA-E9-A1N3,tcga_mc3_wes,HRD_Score,MuAt-compatible reimplementation,muat_compatible_qkv_attention,4.0,23.171019515831272,-0.11895751953125,2,,,,,
TCGA-E9-A1N5,tcga_mc3_wes,HRD_Score,MuAt-compatible reimplementation,muat_compatible_qkv_attention,14.0,10.768010325170206,-0.74853515625,5,,,,,
TCGA-E9-A1N8,tcga_mc3_wes,HRD_Score,MuAt-compatible reimplementation,muat_compatible_qkv_attention,28.0,35.385770748376025,0.458984375,4,,,,,
TCGA-E9-A1N9,tcga_mc3_wes,HRD_Score,MuAt-compatible reimplementation,muat_compatible_qkv_attention,50.0,37.59885863696514,0.568359375,4,,,,,
TCGA-E9-A1NA,tcga_mc3_wes,HRD_Score,MuAt-compatible reimplementation,muat_compatible_qkv_attention,42.0,35.20742437837696,0.485107421875,2,,,,,
TCGA-E9-A1NC,tcga_mc3_wes,HRD_Score,MuAt-compatible reimplementation,muat_compatible_qkv_attention,75.0,44.91243708961416,0.97216796875,2,,,,,
TCGA-E9-A1ND,tcga_mc3_wes,HRD_Score,MuAt-compatible reimplementation,muat_compatible_qkv_attention,42.0,17.480582869683246,-0.45068359375,3,,,,,
TCGA-E9-A1NE,tcga_mc3_wes,HRD_Score,MuAt-compatible reimplementation,muat_compatible_qkv_attention,6.0,58.917686626573584,1.6025390625,3,,,,,
TCGA-E9-A1NG,tcga_mc3_wes,HRD_Score,MuAt-compatible reimplementation,muat_compatible_qkv_attention,14.0,7.488377587997917,-0.94580078125,3,,,,,
TCGA-E9-A1NH,tcga_mc3_wes,HRD_Score,MuAt-compatible reimplementation,muat_compatible_qkv_attention,13.0,1.821207718115847,-1.1904296875,2,,,,,
TCGA-E9-A1NI,tcga_mc3_wes,HRD_Score,MuAt-compatible reimplementation,muat_compatible_qkv_attention,23.0,1.508586111864911,-1.21875,5,,,,,
TCGA-E9-A1R0,tcga_mc3_wes,HRD_Score,MuAt-compatible reimplementation,muat_compatible_qkv_attention,7.0,6.870733128774599,-0.93701171875,2,,,,,
TCGA-E9-A1R3,tcga_mc3_wes,HRD_Score,MuAt-compatible reimplementation,muat_compatible_qkv_attention,9.0,8.407968224890368,-0.85986328125,2,,,,,
TCGA-E9-A1R5,tcga_mc3_wes,HRD_Score,MuAt-compatible reimplementation,muat_compatible_qkv_attention,13.0,24.446778705566587,-0.054931640625,2,,,,,
TCGA-E9-A1R6,tcga_mc3_wes,HRD_Score,MuAt-compatible reimplementation,muat_compatible_qkv_attention,13.0,16.925258606283325,-0.453369140625,4,,,,,
TCGA-E9-A1R7,tcga_mc3_wes,HRD_Score,MuAt-compatible reimplementation,muat_compatible_qkv_attention,37.0,27.360080214574413,0.038848876953125,3,,,,,
TCGA-E9-A1RA,tcga_mc3_wes,HRD_Score,MuAt-compatible reimplementation,muat_compatible_qkv_attention,4.0,14.183598387160648,-0.5888671875,4,,,,,
TCGA-E9-A1RB,tcga_mc3_wes,HRD_Score,MuAt-compatible reimplementation,muat_compatible_qkv_attention,30.0,21.3700168692867,-0.2274169921875,1,,,,,
TCGA-E9-A1RC,tcga_mc3_wes,HRD_Score,MuAt-compatible reimplementation,muat_compatible_qkv_attention,16.0,12.386811892129522,-0.67333984375,1,,,,,
TCGA-E9-A1RD,tcga_mc3_wes,HRD_Score,MuAt-compatible reimplementation,muat_compatible_qkv_attention,3.0,5.585425017826953,-1.01171875,5,,,,,
TCGA-E9-A1RE,tcga_mc3_wes,HRD_Score,MuAt-compatible reimplementation,muat_compatible_qkv_attention,42.0,18.382246364036504,-0.406005859375,3,,,,,
TCGA-E9-A1RF,tcga_mc3_wes,HRD_Score,MuAt-compatible reimplementation,muat_compatible_qkv_attention,49.0,41.56194023841826,0.77490234375,1,,,,,
TCGA-E9-A1RG,tcga_mc3_wes,HRD_Score,MuAt-compatible reimplementation,muat_compatible_qkv_attention,47.0,22.29956832873521,-0.1812744140625,1,,,,,
TCGA-E9-A1RH,tcga_mc3_wes,HRD_Score,MuAt-compatible reimplementation,muat_compatible_qkv_attention,39.0,49.183615616163664,1.1865234375,2,,,,,
TCGA-E9-A226,tcga_mc3_wes,HRD_Score,MuAt-compatible reimplementation,muat_compatible_qkv_attention,22.0,13.806409132443802,-0.59423828125,5,,,,,
TCGA-E9-A227,tcga_mc3_wes,HRD_Score,MuAt-compatible reimplementation,muat_compatible_qkv_attention,3.0,25.03965076712768,-0.0237884521484375,5,,,,,
TCGA-E9-A228,tcga_mc3_wes,HRD_Score,MuAt-compatible reimplementation,muat_compatible_qkv_attention,26.0,10.859760909834504,-0.73681640625,2,,,,,
TCGA-E9-A229,tcga_mc3_wes,HRD_Score,MuAt-compatible reimplementation,muat_compatible_qkv_attention,23.0,13.116966873751329,-0.62353515625,2,,,,,
TCGA-E9-A22A,tcga_mc3_wes,HRD_Score,MuAt-compatible reimplementation,muat_compatible_qkv_attention,26.0,48.42718152041903,1.103515625,4,,,,,
TCGA-E9-A22B,tcga_mc3_wes,HRD_Score,MuAt-compatible reimplementation,muat_compatible_qkv_attention,22.0,49.55615307864355,1.138671875,3,,,,,
TCGA-E9-A22D,tcga_mc3_wes,HRD_Score,MuAt-compatible reimplementation,muat_compatible_qkv_attention,35.0,22.44712277300613,-0.20458984375,3,,,,,
TCGA-E9-A22E,tcga_mc3_wes,HRD_Score,MuAt-compatible reimplementation,muat_compatible_qkv_attention,67.0,65.78186291979341,2.01953125,2,,,,,
TCGA-E9-A22G,tcga_mc3_wes,HRD_Score,MuAt-compatible reimplementation,muat_compatible_qkv_attention,79.0,68.68123519820182,2.12109375,1,,,,,
TCGA-E9-A22H,tcga_mc3_wes,HRD_Score,MuAt-compatible reimplementation,muat_compatible_qkv_attention,9.0,16.218137748798256,-0.483154296875,1,,,,,
TCGA-E9-A243,tcga_mc3_wes,HRD_Score,MuAt-compatible reimplementation,muat_compatible_qkv_attention,42.0,47.90063977753592,1.056640625,3,,,,,
TCGA-E9-A244,tcga_mc3_wes,HRD_Score,MuAt-compatible reimplementation,muat_compatible_qkv_attention,77.0,76.56501324676637,2.494140625,4,,,,,
TCGA-E9-A245,tcga_mc3_wes,HRD_Score,MuAt-compatible reimplementation,muat_compatible_qkv_attention,2.0,33.93837174981216,0.387451171875,4,,,,,
TCGA-E9-A247,tcga_mc3_wes,HRD_Score,MuAt-compatible reimplementation,muat_compatible_qkv_attention,44.0,9.11523192802575,-0.83935546875,4,,,,,
TCGA-E9-A248,tcga_mc3_wes,HRD_Score,MuAt-compatible reimplementation,muat_compatible_qkv_attention,14.0,16.954898176219785,-0.451904296875,4,,,,,
TCGA-E9-A24A,tcga_mc3_wes,HRD_Score,MuAt-compatible reimplementation,muat_compatible_qkv_attention,6.0,44.47885278814877,0.96337890625,5,,,,,
TCGA-E9-A295,tcga_mc3_wes,HRD_Score,MuAt-compatible reimplementation,muat_compatible_qkv_attention,21.0,19.22212524598325,-0.317138671875,2,,,,,
TCGA-E9-A2JS,tcga_mc3_wes,HRD_Score,MuAt-compatible reimplementation,muat_compatible_qkv_attention,61.0,17.690947496308578,-0.41552734375,4,,,,,
TCGA-E9-A2JT,tcga_mc3_wes,HRD_Score,MuAt-compatible reimplementation,muat_compatible_qkv_attention,0.0,13.788291061295554,-0.58984375,2,,,,,
TCGA-E9-A3X8,tcga_mc3_wes,HRD_Score,MuAt-compatible reimplementation,muat_compatible_qkv_attention,5.0,16.4163243189712,-0.50341796875,3,,,,,
TCGA-E9-A5FL,tcga_mc3_wes,HRD_Score,MuAt-compatible reimplementation,muat_compatible_qkv_attention,65.0,14.96023146431985,-0.53564453125,5,,,,,
TCGA-E9-A5UO,tcga_mc3_wes,HRD_Score,MuAt-compatible reimplementation,muat_compatible_qkv_attention,20.0,15.774255307084074,-0.51025390625,4,,,,,
TCGA-E9-A6HE,tcga_mc3_wes,HRD_Score,MuAt-compatible reimplementation,muat_compatible_qkv_attention,12.0,10.48916992830016,-0.7626953125,5,,,,,
TCGA-EW-A1IW,tcga_mc3_wes,HRD_Score,MuAt-compatible reimplementation,muat_compatible_qkv_attention,20.0,23.601571734471253,-0.1234130859375,4,,,,,
TCGA-EW-A1IY,tcga_mc3_wes,HRD_Score,MuAt-compatible reimplementation,muat_compatible_qkv_attention,1.0,6.447670633744224,-0.97119140625,4,,,,,
TCGA-EW-A1IZ,tcga_mc3_wes,HRD_Score,MuAt-compatible reimplementation,muat_compatible_qkv_attention,6.0,17.355032370362014,-0.43212890625,4,,,,,
TCGA-EW-A1J1,tcga_mc3_wes,HRD_Score,MuAt-compatible reimplementation,muat_compatible_qkv_attention,19.0,7.763645903337984,-0.90283203125,1,,,,,
TCGA-EW-A1J3,tcga_mc3_wes,HRD_Score,MuAt-compatible reimplementation,muat_compatible_qkv_attention,13.0,16.541693163832022,-0.45166015625,2,,,,,
TCGA-EW-A1J6,tcga_mc3_wes,HRD_Score,MuAt-compatible reimplementation,muat_compatible_qkv_attention,37.0,19.93921720674487,-0.328857421875,3,,,,,
TCGA-EW-A1OV,tcga_mc3_wes,HRD_Score,MuAt-compatible reimplementation,muat_compatible_qkv_attention,36.0,19.0166286505242,-0.34423828125,1,,,,,
TCGA-EW-A1OX,tcga_mc3_wes,HRD_Score,MuAt-compatible reimplementation,muat_compatible_qkv_attention,10.0,15.101692345122002,-0.53857421875,1,,,,,
TCGA-EW-A1OY,tcga_mc3_wes,HRD_Score,MuAt-compatible reimplementation,muat_compatible_qkv_attention,40.0,46.491482622426446,0.98681640625,3,,,,,
TCGA-EW-A1OZ,tcga_mc3_wes,HRD_Score,MuAt-compatible reimplementation,muat_compatible_qkv_attention,51.0,26.357102755179408,-0.0108489990234375,3,,,,,
TCGA-EW-A1P0,tcga_mc3_wes,HRD_Score,MuAt-compatible reimplementation,muat_compatible_qkv_attention,21.0,19.562652007781047,-0.300048828125,2,,,,,
TCGA-EW-A1P1,tcga_mc3_wes,HRD_Score,MuAt-compatible reimplementation,muat_compatible_qkv_attention,0.0,21.31591599069446,-0.2301025390625,1,,,,,
TCGA-EW-A1P3,tcga_mc3_wes,HRD_Score,MuAt-compatible reimplementation,muat_compatible_qkv_attention,9.0,23.217233862075258,-0.11663818359375,2,,,,,
TCGA-EW-A1P4,tcga_mc3_wes,HRD_Score,MuAt-compatible reimplementation,muat_compatible_qkv_attention,67.0,23.253711096634746,-0.1339111328125,1,,,,,
TCGA-EW-A1P5,tcga_mc3_wes,HRD_Score,MuAt-compatible reimplementation,muat_compatible_qkv_attention,16.0,3.4060660458174468,-1.119140625,1,,,,,
TCGA-EW-A1P6,tcga_mc3_wes,HRD_Score,MuAt-compatible reimplementation,muat_compatible_qkv_attention,5.0,6.319232497352893,-0.9775390625,4,,,,,
TCGA-EW-A1P7,tcga_mc3_wes,HRD_Score,MuAt-compatible reimplementation,muat_compatible_qkv_attention,14.0,23.74061900396492,-0.1097412109375,1,,,,,
TCGA-EW-A1P8,tcga_mc3_wes,HRD_Score,MuAt-compatible reimplementation,muat_compatible_qkv_attention,39.0,21.30663549498833,-0.2125244140625,2,,,,,
TCGA-EW-A1PA,tcga_mc3_wes,HRD_Score,MuAt-compatible reimplementation,muat_compatible_qkv_attention,26.0,26.54939527507532,-0.0013208389282226,3,,,,,
TCGA-EW-A1PB,tcga_mc3_wes,HRD_Score,MuAt-compatible reimplementation,muat_compatible_qkv_attention,72.0,52.47300984726174,1.283203125,3,,,,,
TCGA-EW-A1PE,tcga_mc3_wes,HRD_Score,MuAt-compatible reimplementation,muat_compatible_qkv_attention,6.0,4.423707131780819,-1.09765625,3,,,,,
TCGA-EW-A1PG,tcga_mc3_wes,HRD_Score,MuAt-compatible reimplementation,muat_compatible_qkv_attention,0.0,1.9720955733385568,-1.1923828125,4,,,,,
TCGA-EW-A1PH,tcga_mc3_wes,HRD_Score,MuAt-compatible reimplementation,muat_compatible_qkv_attention,38.0,32.08950232737407,0.273193359375,3,,,,,
TCGA-EW-A2FS,tcga_mc3_wes,HRD_Score,MuAt-compatible reimplementation,muat_compatible_qkv_attention,23.0,10.232613271820274,-0.7802734375,1,,,,,
TCGA-EW-A2FV,tcga_mc3_wes,HRD_Score,MuAt-compatible reimplementation,muat_compatible_qkv_attention,16.0,40.94813003978528,0.73388671875,4,,,,,
TCGA-EW-A6SB,tcga_mc3_wes,HRD_Score,MuAt-compatible reimplementation,muat_compatible_qkv_attention,32.0,73.17615831883128,2.390625,2,,,,,
TCGA-EW-A6SC,tcga_mc3_wes,HRD_Score,MuAt-compatible reimplementation,muat_compatible_qkv_attention,17.0,6.133490625468077,-0.98388671875,5,,,,,
TCGA-EW-A6SD,tcga_mc3_wes,HRD_Score,MuAt-compatible reimplementation,muat_compatible_qkv_attention,45.0,30.151916690429218,0.2003173828125,4,,,,,
TCGA-GM-A2DA,tcga_mc3_wes,HRD_Score,MuAt-compatible reimplementation,muat_compatible_qkv_attention,13.0,23.25125196578964,-0.134033203125,1,,,,,
TCGA-GM-A2DB,tcga_mc3_wes,HRD_Score,MuAt-compatible reimplementation,muat_compatible_qkv_attention,32.0,11.989138959739025,-0.6865234375,5,,,,,
TCGA-GM-A2DC,tcga_mc3_wes,HRD_Score,MuAt-compatible reimplementation,muat_compatible_qkv_attention,21.0,11.44352107291644,-0.70751953125,2,,,,,
TCGA-GM-A2DD,tcga_mc3_wes,HRD_Score,MuAt-compatible reimplementation,muat_compatible_qkv_attention,32.0,17.378847507686345,-0.425537109375,1,,,,,
TCGA-GM-A2DF,tcga_mc3_wes,HRD_Score,MuAt-compatible reimplementation,muat_compatible_qkv_attention,48.0,46.69290558701407,1.0615234375,2,,,,,
TCGA-GM-A2DH,tcga_mc3_wes,HRD_Score,MuAt-compatible reimplementation,muat_compatible_qkv_attention,42.0,35.582003816354536,0.50390625,2,,,,,
TCGA-GM-A2DK,tcga_mc3_wes,HRD_Score,MuAt-compatible reimplementation,muat_compatible_qkv_attention,18.0,10.64571551670446,-0.74755859375,2,,,,,
TCGA-GM-A2DL,tcga_mc3_wes,HRD_Score,MuAt-compatible reimplementation,muat_compatible_qkv_attention,18.0,25.791687824457707,-0.0079269409179687,1,,,,,
TCGA-GM-A2DM,tcga_mc3_wes,HRD_Score,MuAt-compatible reimplementation,muat_compatible_qkv_attention,3.0,12.017551899947012,-0.6787109375,2,,,,,
TCGA-GM-A2DN,tcga_mc3_wes,HRD_Score,MuAt-compatible reimplementation,muat_compatible_qkv_attention,4.0,6.50848288332779,-0.96484375,5,,,,,
TCGA-GM-A3NW,tcga_mc3_wes,HRD_Score,MuAt-compatible reimplementation,muat_compatible_qkv_attention,14.0,22.29684552394725,-0.2120361328125,3,,,,,
TCGA-GM-A5PX,tcga_mc3_wes,HRD_Score,MuAt-compatible reimplementation,muat_compatible_qkv_attention,12.0,8.660930962225873,-0.84716796875,2,,,,,
TCGA-HN-A2NL,tcga_mc3_wes,HRD_Score,MuAt-compatible reimplementation,muat_compatible_qkv_attention,68.0,58.83885265985417,1.5986328125,3,,,,,
TCGA-HN-A2OB,tcga_mc3_wes,HRD_Score,MuAt-compatible reimplementation,muat_compatible_qkv_attention,7.0,11.816065609957615,-0.6953125,5,,,,,
TCGA-LD-A66U,tcga_mc3_wes,HRD_Score,MuAt-compatible reimplementation,muat_compatible_qkv_attention,12.0,16.050891293157715,-0.49658203125,4,,,,,
TCGA-LD-A74U,tcga_mc3_wes,HRD_Score,MuAt-compatible reimplementation,muat_compatible_qkv_attention,7.0,15.46564371019708,-0.5205078125,1,,,,,
TCGA-LD-A7W5,tcga_mc3_wes,HRD_Score,MuAt-compatible reimplementation,muat_compatible_qkv_attention,41.0,19.94696078180999,-0.28076171875,2,,,,,
TCGA-LD-A7W6,tcga_mc3_wes,HRD_Score,MuAt-compatible reimplementation,muat_compatible_qkv_attention,14.0,10.183430654918237,-0.78271484375,1,,,,,
TCGA-LL-A50Y,tcga_mc3_wes,HRD_Score,MuAt-compatible reimplementation,muat_compatible_qkv_attention,9.0,9.219965363236508,-0.8271484375,5,,,,,
TCGA-LL-A5YL,tcga_mc3_wes,HRD_Score,MuAt-compatible reimplementation,muat_compatible_qkv_attention,27.0,18.392100609876437,-0.405517578125,3,,,,,
TCGA-LL-A5YM,tcga_mc3_wes,HRD_Score,MuAt-compatible reimplementation,muat_compatible_qkv_attention,28.0,39.061077420497234,0.640625,4,,,,,
TCGA-LL-A5YN,tcga_mc3_wes,HRD_Score,MuAt-compatible reimplementation,muat_compatible_qkv_attention,34.0,15.181380744596094,-0.5244140625,5,,,,,
TCGA-LL-A5YP,tcga_mc3_wes,HRD_Score,MuAt-compatible reimplementation,muat_compatible_qkv_attention,79.0,33.830034183542736,0.422607421875,5,,,,,
TCGA-LL-A6FQ,tcga_mc3_wes,HRD_Score,MuAt-compatible reimplementation,muat_compatible_qkv_attention,8.0,22.887752091834805,-0.15869140625,4,,,,,
TCGA-LL-A6FR,tcga_mc3_wes,HRD_Score,MuAt-compatible reimplementation,muat_compatible_qkv_attention,50.0,37.1484269206244,0.58251953125,2,,,,,
TCGA-LL-A73Y,tcga_mc3_wes,HRD_Score,MuAt-compatible reimplementation,muat_compatible_qkv_attention,29.0,39.13280931712308,0.69189453125,5,,,,,
TCGA-LL-A73Z,tcga_mc3_wes,HRD_Score,MuAt-compatible reimplementation,muat_compatible_qkv_attention,32.0,19.49896126243272,-0.326171875,4,,,,,
TCGA-LL-A7SZ,tcga_mc3_wes,HRD_Score,MuAt-compatible reimplementation,muat_compatible_qkv_attention,53.0,39.327798196130296,0.69189453125,2,,,,,
TCGA-LL-A7T0,tcga_mc3_wes,HRD_Score,MuAt-compatible reimplementation,muat_compatible_qkv_attention,34.0,15.864486551935322,-0.53076171875,3,,,,,
TCGA-LL-A8F5,tcga_mc3_wes,HRD_Score,MuAt-compatible reimplementation,muat_compatible_qkv_attention,85.0,37.67651350315729,0.58203125,1,,,,,
TCGA-LL-A9Q3,tcga_mc3_wes,HRD_Score,MuAt-compatible reimplementation,muat_compatible_qkv_attention,14.0,16.035767689161013,-0.47705078125,2,,,,,
TCGA-OK-A5Q2,tcga_mc3_wes,HRD_Score,MuAt-compatible reimplementation,muat_compatible_qkv_attention,11.0,17.061777421486376,-0.471435546875,3,,,,,
TCGA-OL-A5D6,tcga_mc3_wes,HRD_Score,MuAt-compatible reimplementation,muat_compatible_qkv_attention,19.0,8.107924221652247,-0.8857421875,1,,,,,
TCGA-OL-A5D7,tcga_mc3_wes,HRD_Score,MuAt-compatible reimplementation,muat_compatible_qkv_attention,43.0,55.91611285769828,1.4736328125,4,,,,,
TCGA-OL-A5D8,tcga_mc3_wes,HRD_Score,MuAt-compatible reimplementation,muat_compatible_qkv_attention,20.0,31.616605438122683,0.272705078125,4,,,,,
TCGA-OL-A5DA,tcga_mc3_wes,HRD_Score,MuAt-compatible reimplementation,muat_compatible_qkv_attention,18.0,13.31603464139648,-0.619140625,5,,,,,
TCGA-OL-A5RU,tcga_mc3_wes,HRD_Score,MuAt-compatible reimplementation,muat_compatible_qkv_attention,2.0,32.4680743732315,0.323486328125,1,,,,,
TCGA-OL-A5RV,tcga_mc3_wes,HRD_Score,MuAt-compatible reimplementation,muat_compatible_qkv_attention,4.0,4.344873165061408,-1.1015625,3,,,,,
TCGA-OL-A5RW,tcga_mc3_wes,HRD_Score,MuAt-compatible reimplementation,muat_compatible_qkv_attention,76.0,44.81538430161263,0.98046875,5,,,,,
TCGA-OL-A5RX,tcga_mc3_wes,HRD_Score,MuAt-compatible reimplementation,muat_compatible_qkv_attention,6.0,7.287312957344124,-0.92529296875,5,,,,,
TCGA-OL-A5RY,tcga_mc3_wes,HRD_Score,MuAt-compatible reimplementation,muat_compatible_qkv_attention,2.0,48.624778653328775,1.11328125,4,,,,,
TCGA-OL-A5RZ,tcga_mc3_wes,HRD_Score,MuAt-compatible reimplementation,muat_compatible_qkv_attention,26.0,37.63251561233265,0.5478515625,3,,,,,
TCGA-OL-A5S0,tcga_mc3_wes,HRD_Score,MuAt-compatible reimplementation,muat_compatible_qkv_attention,53.0,18.210274296641227,-0.367919921875,2,,,,,
TCGA-OL-A66H,tcga_mc3_wes,HRD_Score,MuAt-compatible reimplementation,muat_compatible_qkv_attention,0.0,12.219590994662594,-0.681640625,1,,,,,
TCGA-OL-A66I,tcga_mc3_wes,HRD_Score,MuAt-compatible reimplementation,muat_compatible_qkv_attention,51.0,35.69615630478712,0.451904296875,3,,,,,
TCGA-OL-A66J,tcga_mc3_wes,HRD_Score,MuAt-compatible reimplementation,muat_compatible_qkv_attention,9.0,37.751645755809065,0.61279296875,2,,,,,
TCGA-OL-A66K,tcga_mc3_wes,HRD_Score,MuAt-compatible reimplementation,muat_compatible_qkv_attention,8.0,6.91937980903143,-0.9345703125,2,,,,,
TCGA-OL-A66L,tcga_mc3_wes,HRD_Score,MuAt-compatible reimplementation,muat_compatible_qkv_attention,9.0,12.4546234742004,-0.67431640625,4,,,,,
TCGA-OL-A66N,tcga_mc3_wes,HRD_Score,MuAt-compatible reimplementation,muat_compatible_qkv_attention,6.0,16.65358052842273,-0.446044921875,2,,,,,
TCGA-OL-A66O,tcga_mc3_wes,HRD_Score,MuAt-compatible reimplementation,muat_compatible_qkv_attention,10.0,11.365686384505516,-0.71142578125,2,,,,,
TCGA-OL-A66P,tcga_mc3_wes,HRD_Score,MuAt-compatible reimplementation,muat_compatible_qkv_attention,28.0,29.364651246712924,0.16943359375,1,,,,,
TCGA-OL-A6VO,tcga_mc3_wes,HRD_Score,MuAt-compatible reimplementation,muat_compatible_qkv_attention,42.0,29.0503126744574,0.1458740234375,4,,,,,
TCGA-OL-A6VQ,tcga_mc3_wes,HRD_Score,MuAt-compatible reimplementation,muat_compatible_qkv_attention,6.0,39.88913790967578,0.65966796875,3,,,,,
TCGA-OL-A6VR,tcga_mc3_wes,HRD_Score,MuAt-compatible reimplementation,muat_compatible_qkv_attention,13.0,40.28617964453764,0.701171875,4,,,,,
TCGA-OL-A97C,tcga_mc3_wes,HRD_Score,MuAt-compatible reimplementation,muat_compatible_qkv_attention,10.0,32.22253464621308,0.27978515625,3,,,,,
TCGA-PE-A5DD,tcga_mc3_wes,HRD_Score,MuAt-compatible reimplementation,muat_compatible_qkv_attention,21.0,10.364172509013589,-0.76904296875,5,,,,,
TCGA-PE-A5DE,tcga_mc3_wes,HRD_Score,MuAt-compatible reimplementation,muat_compatible_qkv_attention,16.0,15.825598213226888,-0.49169921875,5,,,,,
TCGA-PL-A8LV,tcga_mc3_wes,HRD_Score,MuAt-compatible reimplementation,muat_compatible_qkv_attention,55.0,61.9527943452709,1.7529296875,3,,,,,
TCGA-PL-A8LX,tcga_mc3_wes,HRD_Score,MuAt-compatible reimplementation,muat_compatible_qkv_attention,12.0,7.586588482490647,-0.91162109375,1,,,,,
TCGA-PL-A8LY,tcga_mc3_wes,HRD_Score,MuAt-compatible reimplementation,muat_compatible_qkv_attention,0.0,16.721805940008913,-0.48828125,3,,,,,
TCGA-PL-A8LZ,tcga_mc3_wes,HRD_Score,MuAt-compatible reimplementation,muat_compatible_qkv_attention,64.0,30.970298528007238,0.2724609375,2,,,,,
TCGA-S3-A6ZF,tcga_mc3_wes,HRD_Score,MuAt-compatible reimplementation,muat_compatible_qkv_attention,38.0,23.235476367171568,-0.11572265625,2,,,,,
TCGA-S3-A6ZG,tcga_mc3_wes,HRD_Score,MuAt-compatible reimplementation,muat_compatible_qkv_attention,20.0,25.59440193385324,0.0043830871582031,5,,,,,
TCGA-S3-A6ZH,tcga_mc3_wes,HRD_Score,MuAt-compatible reimplementation,muat_compatible_qkv_attention,19.0,19.69286106074671,-0.341064453125,3,,,,,
TCGA-S3-AA0Z,tcga_mc3_wes,HRD_Score,MuAt-compatible reimplementation,muat_compatible_qkv_attention,35.0,21.050329859423456,-0.2432861328125,1,,,,,
TCGA-S3-AA10,tcga_mc3_wes,HRD_Score,MuAt-compatible reimplementation,muat_compatible_qkv_attention,64.0,79.88464507965006,2.658203125,4,,,,,
TCGA-S3-AA11,tcga_mc3_wes,HRD_Score,MuAt-compatible reimplementation,muat_compatible_qkv_attention,5.0,10.027640995549742,-0.7861328125,5,,,,,
TCGA-S3-AA12,tcga_mc3_wes,HRD_Score,MuAt-compatible reimplementation,muat_compatible_qkv_attention,19.0,41.42236315876866,0.75732421875,4,,,,,
TCGA-S3-AA14,tcga_mc3_wes,HRD_Score,MuAt-compatible reimplementation,muat_compatible_qkv_attention,21.0,5.511082049224658,-1.0146484375,1,,,,,
TCGA-S3-AA17,tcga_mc3_wes,HRD_Score,MuAt-compatible reimplementation,muat_compatible_qkv_attention,72.0,62.70171702910531,1.7900390625,3,,,,,
TCGA-UU-A93S,tcga_mc3_wes,HRD_Score,MuAt-compatible reimplementation,muat_compatible_qkv_attention,48.0,46.856089718503725,1.0048828125,3,,,,,
TCGA-V7-A7HQ,tcga_mc3_wes,HRD_Score,MuAt-compatible reimplementation,muat_compatible_qkv_attention,9.0,10.353835435163491,-0.76220703125,2,,,,,
TCGA-W8-A86G,tcga_mc3_wes,HRD_Score,MuAt-compatible reimplementation,muat_compatible_qkv_attention,11.0,18.377319241116545,-0.40625,3,,,,,
TCGA-WT-AB41,tcga_mc3_wes,HRD_Score,MuAt-compatible reimplementation,muat_compatible_qkv_attention,28.0,6.81616883849474,-0.94921875,5,,,,,
TCGA-WT-AB44,tcga_mc3_wes,HRD_Score,MuAt-compatible reimplementation,muat_compatible_qkv_attention,11.0,13.950636923928307,-0.5869140625,5,,,,,
TCGA-XX-A899,tcga_mc3_wes,HRD_Score,MuAt-compatible reimplementation,muat_compatible_qkv_attention,14.0,10.271175155547745,-0.7822265625,4,,,,,
TCGA-XX-A89A,tcga_mc3_wes,HRD_Score,MuAt-compatible reimplementation,muat_compatible_qkv_attention,12.0,36.93286415769788,0.51318359375,3,,,,,
TCGA-Z7-A8R6,tcga_mc3_wes,HRD_Score,MuAt-compatible reimplementation,muat_compatible_qkv_attention,18.0,12.140898807619337,-0.685546875,1,,,,,
TCGA-3C-AALI,tcga_mc3_wes,hrd_binary_33,MuAt-compatible reimplementation,muat_compatible_qkv_attention,0.0,,,3,0.0,0.9892578125,0.0,0.0108184814453125,1.0
TCGA-3C-AALJ,tcga_mc3_wes,hrd_binary_33,MuAt-compatible reimplementation,muat_compatible_qkv_attention,0.0,,,4,1.0,0.224853515625,0.0,0.775390625,1.0
TCGA-5L-AAT0,tcga_mc3_wes,hrd_binary_33,MuAt-compatible reimplementation,muat_compatible_qkv_attention,0.0,,,2,0.0,0.92236328125,0.0,0.07745361328125,1.0
TCGA-5T-A9QA,tcga_mc3_wes,hrd_binary_33,MuAt-compatible reimplementation,muat_compatible_qkv_attention,0.0,,,1,0.0,0.67919921875,0.0,0.320556640625,1.0
TCGA-A1-A0SB,tcga_mc3_wes,hrd_binary_33,MuAt-compatible reimplementation,muat_compatible_qkv_attention,0.0,,,1,1.0,0.26416015625,0.0,0.73583984375,1.0
TCGA-A1-A0SD,tcga_mc3_wes,hrd_binary_33,MuAt-compatible reimplementation,muat_compatible_qkv_attention,0.0,,,5,0.0,0.931640625,0.0,0.0684814453125,1.0
TCGA-A1-A0SE,tcga_mc3_wes,hrd_binary_33,MuAt-compatible reimplementation,muat_compatible_qkv_attention,0.0,,,3,0.0,1.0,0.0,1.7881393432617188e-06,1.0
TCGA-A1-A0SF,tcga_mc3_wes,hrd_binary_33,MuAt-compatible reimplementation,muat_compatible_qkv_attention,0.0,,,2,0.0,0.966796875,0.0,0.032989501953125,1.0
TCGA-A1-A0SG,tcga_mc3_wes,hrd_binary_33,MuAt-compatible reimplementation,muat_compatible_qkv_attention,0.0,,,4,0.0,0.9990234375,0.0,0.000826358795166,1.0
TCGA-A1-A0SI,tcga_mc3_wes,hrd_binary_33,MuAt-compatible reimplementation,muat_compatible_qkv_attention,0.0,,,5,0.0,0.99951171875,0.0,0.0005421638488769,1.0
TCGA-A1-A0SJ,tcga_mc3_wes,hrd_binary_33,MuAt-compatible reimplementation,muat_compatible_qkv_attention,0.0,,,3,0.0,1.0,0.0,6.616115570068359e-06,1.0
TCGA-A1-A0SK,tcga_mc3_wes,hrd_binary_33,MuAt-compatible reimplementation,muat_compatible_qkv_attention,1.0,,,1,0.0,0.60107421875,0.0,0.39892578125,1.0
TCGA-A1-A0SO,tcga_mc3_wes,hrd_binary_33,MuAt-compatible reimplementation,muat_compatible_qkv_attention,1.0,,,5,1.0,0.0028953552246093,0.0,0.9970703125,1.0
TCGA-A1-A0SQ,tcga_mc3_wes,hrd_binary_33,MuAt-compatible reimplementation,muat_compatible_qkv_attention,0.0,,,2,0.0,0.93798828125,0.0,0.062225341796875,1.0
TCGA-A2-A04N,tcga_mc3_wes,hrd_binary_33,MuAt-compatible reimplementation,muat_compatible_qkv_attention,0.0,,,5,0.0,0.998046875,0.0,0.0017480850219726,1.0
TCGA-A2-A04P,tcga_mc3_wes,hrd_binary_33,MuAt-compatible reimplementation,muat_compatible_qkv_attention,1.0,,,1,1.0,0.1357421875,0.0,0.8642578125,1.0
TCGA-A2-A04Q,tcga_mc3_wes,hrd_binary_33,MuAt-compatible reimplementation,muat_compatible_qkv_attention,0.0,,,4,0.0,0.63037109375,0.0,0.369384765625,1.0
TCGA-A2-A04R,tcga_mc3_wes,hrd_binary_33,MuAt-compatible reimplementation,muat_compatible_qkv_attention,1.0,,,4,0.0,0.86474609375,0.0,0.135498046875,1.0
TCGA-A2-A04T,tcga_mc3_wes,hrd_binary_33,MuAt-compatible reimplementation,muat_compatible_qkv_attention,1.0,,,4,1.0,0.0088882446289062,0.0,0.9912109375,1.0
TCGA-A2-A04U,tcga_mc3_wes,hrd_binary_33,MuAt-compatible reimplementation,muat_compatible_qkv_attention,1.0,,,5,1.0,0.061798095703125,0.0,0.93798828125,1.0
TCGA-A2-A04V,tcga_mc3_wes,hrd_binary_33,MuAt-compatible reimplementation,muat_compatible_qkv_attention,0.0,,,4,0.0,0.7958984375,0.0,0.2041015625,1.0
TCGA-A2-A04W,tcga_mc3_wes,hrd_binary_33,MuAt-compatible reimplementation,muat_compatible_qkv_attention,0.0,,,1,0.0,0.9501953125,0.0,0.04998779296875,1.0
TCGA-A2-A04Y,tcga_mc3_wes,hrd_binary_33,MuAt-compatible reimplementation,muat_compatible_qkv_attention,0.0,,,4,0.0,0.99658203125,0.0,0.003580093383789,1.0
TCGA-A2-A0CM,tcga_mc3_wes,hrd_binary_33,MuAt-compatible reimplementation,muat_compatible_qkv_attention,1.0,,,4,1.0,0.1527099609375,0.0,0.84716796875,1.0
TCGA-A2-A0CP,tcga_mc3_wes,hrd_binary_33,MuAt-compatible reimplementation,muat_compatible_qkv_attention,0.0,,,4,0.0,0.990234375,0.0,0.0099716186523437,1.0
TCGA-A2-A0CR,tcga_mc3_wes,hrd_binary_33,MuAt-compatible reimplementation,muat_compatible_qkv_attention,0.0,,,4,0.0,0.9990234375,0.0,0.0009365081787109,1.0
TCGA-A2-A0CS,tcga_mc3_wes,hrd_binary_33,MuAt-compatible reimplementation,muat_compatible_qkv_attention,0.0,,,3,0.0,1.0,0.0,8.940696716308594e-07,1.0
TCGA-A2-A0CT,tcga_mc3_wes,hrd_binary_33,MuAt-compatible reimplementation,muat_compatible_qkv_attention,0.0,,,4,0.0,0.98681640625,0.0,0.012969970703125,1.0
TCGA-A2-A0CU,tcga_mc3_wes,hrd_binary_33,MuAt-compatible reimplementation,muat_compatible_qkv_attention,0.0,,,1,0.0,0.98291015625,0.0,0.017120361328125,1.0
TCGA-A2-A0CV,tcga_mc3_wes,hrd_binary_33,MuAt-compatible reimplementation,muat_compatible_qkv_attention,0.0,,,5,0.0,0.96142578125,0.0,0.038360595703125,1.0
TCGA-A2-A0CW,tcga_mc3_wes,hrd_binary_33,MuAt-compatible reimplementation,muat_compatible_qkv_attention,1.0,,,5,0.0,0.96923828125,0.0,0.0305938720703125,1.0
TCGA-A2-A0CX,tcga_mc3_wes,hrd_binary_33,MuAt-compatible reimplementation,muat_compatible_qkv_attention,0.0,,,2,0.0,0.89599609375,0.0,0.1041259765625,1.0
TCGA-A2-A0D0,tcga_mc3_wes,hrd_binary_33,MuAt-compatible reimplementation,muat_compatible_qkv_attention,1.0,,,5,0.0,0.9365234375,0.0,0.0634765625,1.0
TCGA-A2-A0D1,tcga_mc3_wes,hrd_binary_33,MuAt-compatible reimplementation,muat_compatible_qkv_attention,0.0,,,5,0.0,0.998046875,0.0,0.0021533966064453,1.0
TCGA-A2-A0D3,tcga_mc3_wes,hrd_binary_33,MuAt-compatible reimplementation,muat_compatible_qkv_attention,0.0,,,2,0.0,0.974609375,0.0,0.0252227783203125,1.0
TCGA-A2-A0D4,tcga_mc3_wes,hrd_binary_33,MuAt-compatible reimplementation,muat_compatible_qkv_attention,0.0,,,3,0.0,1.0,0.0,4.965066909790039e-05,1.0
TCGA-A2-A0EM,tcga_mc3_wes,hrd_binary_33,MuAt-compatible reimplementation,muat_compatible_qkv_attention,0.0,,,1,0.0,0.99560546875,0.0,0.0043144226074218,1.0
TCGA-A2-A0EN,tcga_mc3_wes,hrd_binary_33,MuAt-compatible reimplementation,muat_compatible_qkv_attention,0.0,,,4,0.0,0.99560546875,0.0,0.0045928955078125,1.0
TCGA-A2-A0ES,tcga_mc3_wes,hrd_binary_33,MuAt-compatible reimplementation,muat_compatible_qkv_attention,0.0,,,1,0.0,1.0,0.0,3.3795833587646484e-05,1.0
TCGA-A2-A0EU,tcga_mc3_wes,hrd_binary_33,MuAt-compatible reimplementation,muat_compatible_qkv_attention,0.0,,,1,0.0,0.9990234375,0.0,0.0007762908935546,1.0
TCGA-A2-A0EV,tcga_mc3_wes,hrd_binary_33,MuAt-compatible reimplementation,muat_compatible_qkv_attention,0.0,,,5,0.0,0.7607421875,0.0,0.2391357421875,1.0
TCGA-A2-A0EW,tcga_mc3_wes,hrd_binary_33,MuAt-compatible reimplementation,muat_compatible_qkv_attention,0.0,,,4,1.0,0.115478515625,0.0,0.884765625,1.0
TCGA-A2-A0EX,tcga_mc3_wes,hrd_binary_33,MuAt-compatible reimplementation,muat_compatible_qkv_attention,0.0,,,2,0.0,0.9951171875,0.0,0.0047569274902343,1.0
TCGA-A2-A0EY,tcga_mc3_wes,hrd_binary_33,MuAt-compatible reimplementation,muat_compatible_qkv_attention,1.0,,,1,0.0,0.99267578125,0.0,0.0072822570800781,1.0
TCGA-A2-A0SU,tcga_mc3_wes,hrd_binary_33,MuAt-compatible reimplementation,muat_compatible_qkv_attention,0.0,,,3,0.0,0.99169921875,0.0,0.00830078125,1.0
TCGA-A2-A0SV,tcga_mc3_wes,hrd_binary_33,MuAt-compatible reimplementation,muat_compatible_qkv_attention,1.0,,,4,0.0,0.94873046875,0.0,0.05108642578125,1.0
TCGA-A2-A0SW,tcga_mc3_wes,hrd_binary_33,MuAt-compatible reimplementation,muat_compatible_qkv_attention,0.0,,,1,1.0,0.25390625,0.0,0.74609375,1.0
TCGA-A2-A0SX,tcga_mc3_wes,hrd_binary_33,MuAt-compatible reimplementation,muat_compatible_qkv_attention,1.0,,,2,0.0,0.70947265625,0.0,0.29052734375,1.0
TCGA-A2-A0SY,tcga_mc3_wes,hrd_binary_33,MuAt-compatible reimplementation,muat_compatible_qkv_attention,0.0,,,4,0.0,0.9677734375,0.0,0.03216552734375,1.0
TCGA-A2-A0T0,tcga_mc3_wes,hrd_binary_33,MuAt-compatible reimplementation,muat_compatible_qkv_attention,1.0,,,3,1.0,3.218650817871094e-05,0.0,1.0,1.0
TCGA-A2-A0T1,tcga_mc3_wes,hrd_binary_33,MuAt-compatible reimplementation,muat_compatible_qkv_attention,0.0,,,1,0.0,1.0,0.0,0.0001419782638549,1.0
TCGA-A2-A0T2,tcga_mc3_wes,hrd_binary_33,MuAt-compatible reimplementation,muat_compatible_qkv_attention,0.0,,,4,1.0,0.0053443908691406,0.0,0.99462890625,1.0
TCGA-A2-A0T3,tcga_mc3_wes,hrd_binary_33,MuAt-compatible reimplementation,muat_compatible_qkv_attention,1.0,,,5,1.0,0.056060791015625,0.0,0.94384765625,1.0
TCGA-A2-A0T4,tcga_mc3_wes,hrd_binary_33,MuAt-compatible reimplementation,muat_compatible_qkv_attention,0.0,,,5,0.0,1.0,0.0,8.344650268554688e-07,1.0
TCGA-A2-A0T5,tcga_mc3_wes,hrd_binary_33,MuAt-compatible reimplementation,muat_compatible_qkv_attention,0.0,,,3,0.0,1.0,0.0,2.9206275939941406e-06,1.0
TCGA-A2-A0T6,tcga_mc3_wes,hrd_binary_33,MuAt-compatible reimplementation,muat_compatible_qkv_attention,0.0,,,3,0.0,1.0,0.0,0.0,1.0
TCGA-A2-A0T7,tcga_mc3_wes,hrd_binary_33,MuAt-compatible reimplementation,muat_compatible_qkv_attention,0.0,,,5,0.0,1.0,0.0,0.0001080632209777,1.0
TCGA-A2-A0YC,tcga_mc3_wes,hrd_binary_33,MuAt-compatible reimplementation,muat_compatible_qkv_attention,0.0,,,1,0.0,0.5263671875,0.0,0.4736328125,1.0
TCGA-A2-A0YD,tcga_mc3_wes,hrd_binary_33,MuAt-compatible reimplementation,muat_compatible_qkv_attention,0.0,,,4,0.0,0.99072265625,0.0,0.0094833374023437,1.0
TCGA-A2-A0YE,tcga_mc3_wes,hrd_binary_33,MuAt-compatible reimplementation,muat_compatible_qkv_attention,1.0,,,1,1.0,0.050567626953125,0.0,0.94921875,1.0
TCGA-A2-A0YF,tcga_mc3_wes,hrd_binary_33,MuAt-compatible reimplementation,muat_compatible_qkv_attention,0.0,,,2,0.0,0.87744140625,0.0,0.12249755859375,1.0
TCGA-A2-A0YG,tcga_mc3_wes,hrd_binary_33,MuAt-compatible reimplementation,muat_compatible_qkv_attention,0.0,,,1,0.0,0.9775390625,0.0,0.0224609375,1.0
TCGA-A2-A0YH,tcga_mc3_wes,hrd_binary_33,MuAt-compatible reimplementation,muat_compatible_qkv_attention,0.0,,,5,0.0,1.0,0.0,2.3543834686279297e-05,1.0
TCGA-A2-A0YJ,tcga_mc3_wes,hrd_binary_33,MuAt-compatible reimplementation,muat_compatible_qkv_attention,0.0,,,2,0.0,0.79541015625,0.0,0.2047119140625,1.0
TCGA-A2-A0YK,tcga_mc3_wes,hrd_binary_33,MuAt-compatible reimplementation,muat_compatible_qkv_attention,0.0,,,5,0.0,1.0,0.0,1.6689300537109375e-06,1.0
TCGA-A2-A0YL,tcga_mc3_wes,hrd_binary_33,MuAt-compatible reimplementation,muat_compatible_qkv_attention,0.0,,,5,0.0,1.0,0.0,5.495548248291016e-05,1.0
TCGA-A2-A0YM,tcga_mc3_wes,hrd_binary_33,MuAt-compatible reimplementation,muat_compatible_qkv_attention,1.0,,,1,0.0,0.5341796875,0.0,0.4658203125,1.0
TCGA-A2-A0YT,tcga_mc3_wes,hrd_binary_33,MuAt-compatible reimplementation,muat_compatible_qkv_attention,1.0,,,2,0.0,0.9853515625,0.0,0.0144729614257812,1.0
TCGA-A2-A1FV,tcga_mc3_wes,hrd_binary_33,MuAt-compatible reimplementation,muat_compatible_qkv_attention,1.0,,,5,0.0,1.0,0.0,2.968311309814453e-05,1.0
TCGA-A2-A1FX,tcga_mc3_wes,hrd_binary_33,MuAt-compatible reimplementation,muat_compatible_qkv_attention,0.0,,,1,0.0,0.958984375,0.0,0.041046142578125,1.0
TCGA-A2-A1FZ,tcga_mc3_wes,hrd_binary_33,MuAt-compatible reimplementation,muat_compatible_qkv_attention,0.0,,,4,0.0,0.92822265625,0.0,0.07183837890625,1.0
TCGA-A2-A1G0,tcga_mc3_wes,hrd_binary_33,MuAt-compatible reimplementation,muat_compatible_qkv_attention,0.0,,,2,0.0,0.99755859375,0.0,0.0024051666259765,1.0
TCGA-A2-A1G1,tcga_mc3_wes,hrd_binary_33,MuAt-compatible reimplementation,muat_compatible_qkv_attention,0.0,,,4,1.0,0.06982421875,0.0,0.93017578125,1.0
TCGA-A2-A1G4,tcga_mc3_wes,hrd_binary_33,MuAt-compatible reimplementation,muat_compatible_qkv_attention,0.0,,,1,0.0,0.9912109375,0.0,0.00885009765625,1.0
TCGA-A2-A259,tcga_mc3_wes,hrd_binary_33,MuAt-compatible reimplementation,muat_compatible_qkv_attention,0.0,,,2,0.0,0.921875,0.0,0.07794189453125,1.0
TCGA-A2-A25A,tcga_mc3_wes,hrd_binary_33,MuAt-compatible reimplementation,muat_compatible_qkv_attention,0.0,,,1,1.0,0.0147171020507812,0.0,0.9853515625,1.0
TCGA-A2-A25C,tcga_mc3_wes,hrd_binary_33,MuAt-compatible reimplementation,muat_compatible_qkv_attention,0.0,,,2,0.0,0.85791015625,0.0,0.14208984375,1.0
TCGA-A2-A25D,tcga_mc3_wes,hrd_binary_33,MuAt-compatible reimplementation,muat_compatible_qkv_attention,1.0,,,2,0.0,0.88134765625,0.0,0.11871337890625,1.0
TCGA-A2-A25E,tcga_mc3_wes,hrd_binary_33,MuAt-compatible reimplementation,muat_compatible_qkv_attention,1.0,,,1,1.0,0.0205078125,0.0,0.9794921875,1.0
TCGA-A2-A3KD,tcga_mc3_wes,hrd_binary_33,MuAt-compatible reimplementation,muat_compatible_qkv_attention,0.0,,,2,0.0,0.89892578125,0.0,0.1009521484375,1.0
TCGA-A2-A3XU,tcga_mc3_wes,hrd_binary_33,MuAt-compatible reimplementation,muat_compatible_qkv_attention,0.0,,,2,0.0,0.90576171875,0.0,0.09442138671875,1.0
TCGA-A2-A3Y0,tcga_mc3_wes,hrd_binary_33,MuAt-compatible reimplementation,muat_compatible_qkv_attention,1.0,,,5,0.0,1.0,0.0,2.562999725341797e-06,1.0
TCGA-A2-A4S1,tcga_mc3_wes,hrd_binary_33,MuAt-compatible reimplementation,muat_compatible_qkv_attention,0.0,,,1,0.0,0.95654296875,0.0,0.043487548828125,1.0
TCGA-A2-A4S3,tcga_mc3_wes,hrd_binary_33,MuAt-compatible reimplementation,muat_compatible_qkv_attention,1.0,,,3,1.0,3.0100345611572266e-05,0.0,1.0,1.0
TCGA-A7-A0CE,tcga_mc3_wes,hrd_binary_33,MuAt-compatible reimplementation,muat_compatible_qkv_attention,1.0,,,2,0.0,0.63671875,0.0,0.363037109375,1.0
TCGA-A7-A0CG,tcga_mc3_wes,hrd_binary_33,MuAt-compatible reimplementation,muat_compatible_qkv_attention,0.0,,,1,0.0,0.93994140625,0.0,0.059844970703125,1.0
TCGA-A7-A0CH,tcga_mc3_wes,hrd_binary_33,MuAt-compatible reimplementation,muat_compatible_qkv_attention,0.0,,,5,0.0,0.99951171875,0.0,0.000356912612915,1.0
TCGA-A7-A0CJ,tcga_mc3_wes,hrd_binary_33,MuAt-compatible reimplementation,muat_compatible_qkv_attention,1.0,,,2,0.0,0.9189453125,0.0,0.08087158203125,1.0
TCGA-A7-A0D9,tcga_mc3_wes,hrd_binary_33,MuAt-compatible reimplementation,muat_compatible_qkv_attention,0.0,,,3,0.0,1.0,0.0,2.6226043701171875e-06,1.0
TCGA-A7-A0DA,tcga_mc3_wes,hrd_binary_33,MuAt-compatible reimplementation,muat_compatible_qkv_attention,1.0,,,4,1.0,0.400634765625,0.0,0.59912109375,1.0
TCGA-A7-A0DB,tcga_mc3_wes,hrd_binary_33,MuAt-compatible reimplementation,muat_compatible_qkv_attention,0.0,,,4,0.0,0.83203125,0.0,0.167724609375,1.0
TCGA-A7-A13D,tcga_mc3_wes,hrd_binary_33,MuAt-compatible reimplementation,muat_compatible_qkv_attention,1.0,,,2,0.0,0.67578125,0.0,0.32421875,1.0
TCGA-A7-A13E,tcga_mc3_wes,hrd_binary_33,MuAt-compatible reimplementation,muat_compatible_qkv_attention,0.0,,,2,0.0,0.8125,0.0,0.1876220703125,1.0
TCGA-A7-A13F,tcga_mc3_wes,hrd_binary_33,MuAt-compatible reimplementation,muat_compatible_qkv_attention,0.0,,,4,0.0,0.98779296875,0.0,0.0121002197265625,1.0
TCGA-A7-A26E,tcga_mc3_wes,hrd_binary_33,MuAt-compatible reimplementation,muat_compatible_qkv_attention,0.0,,,2,0.0,0.9921875,0.0,0.0077705383300781,1.0
TCGA-A7-A26H,tcga_mc3_wes,hrd_binary_33,MuAt-compatible reimplementation,muat_compatible_qkv_attention,0.0,,,4,0.0,0.99609375,0.0,0.0038089752197265,1.0
TCGA-A7-A26I,tcga_mc3_wes,hrd_binary_33,MuAt-compatible reimplementation,muat_compatible_qkv_attention,1.0,,,2,0.0,0.8671875,0.0,0.1328125,1.0
TCGA-A7-A26J,tcga_mc3_wes,hrd_binary_33,MuAt-compatible reimplementation,muat_compatible_qkv_attention,0.0,,,2,0.0,0.7109375,0.0,0.2890625,1.0
TCGA-A7-A4SE,tcga_mc3_wes,hrd_binary_33,MuAt-compatible reimplementation,muat_compatible_qkv_attention,1.0,,,3,1.0,0.0001366138458251,0.0,1.0,1.0
TCGA-A7-A56D,tcga_mc3_wes,hrd_binary_33,MuAt-compatible reimplementation,muat_compatible_qkv_attention,1.0,,,1,1.0,0.178466796875,0.0,0.82177734375,1.0
TCGA-A7-A5ZV,tcga_mc3_wes,hrd_binary_33,MuAt-compatible reimplementation,muat_compatible_qkv_attention,1.0,,,4,1.0,0.0053329467773437,0.0,0.99462890625,1.0
TCGA-A7-A5ZW,tcga_mc3_wes,hrd_binary_33,MuAt-compatible reimplementation,muat_compatible_qkv_attention,0.0,,,5,0.0,1.0,0.0,7.367134094238281e-05,1.0
TCGA-A7-A5ZX,tcga_mc3_wes,hrd_binary_33,MuAt-compatible reimplementation,muat_compatible_qkv_attention,0.0,,,3,0.0,1.0,0.0,8.64863395690918e-05,1.0
TCGA-A7-A6VW,tcga_mc3_wes,hrd_binary_33,MuAt-compatible reimplementation,muat_compatible_qkv_attention,1.0,,,2,0.0,0.66162109375,0.0,0.33837890625,1.0
TCGA-A7-A6VX,tcga_mc3_wes,hrd_binary_33,MuAt-compatible reimplementation,muat_compatible_qkv_attention,1.0,,,1,1.0,0.0180206298828125,0.0,0.98193359375,1.0
TCGA-A7-A6VY,tcga_mc3_wes,hrd_binary_33,MuAt-compatible reimplementation,muat_compatible_qkv_attention,1.0,,,4,1.0,0.0067710876464843,0.0,0.9931640625,1.0
TCGA-A8-A06P,tcga_mc3_wes,hrd_binary_33,MuAt-compatible reimplementation,muat_compatible_qkv_attention,0.0,,,2,0.0,0.9921875,0.0,0.0076065063476562,1.0
TCGA-A8-A06Q,tcga_mc3_wes,hrd_binary_33,MuAt-compatible reimplementation,muat_compatible_qkv_attention,1.0,,,4,1.0,0.228271484375,0.0,0.77197265625,1.0
TCGA-A8-A06R,tcga_mc3_wes,hrd_binary_33,MuAt-compatible reimplementation,muat_compatible_qkv_attention,1.0,,,5,0.0,0.9052734375,0.0,0.09490966796875,1.0
TCGA-A8-A06U,tcga_mc3_wes,hrd_binary_33,MuAt-compatible reimplementation,muat_compatible_qkv_attention,1.0,,,3,0.0,1.0,0.0,4.76837158203125e-07,1.0
TCGA-A8-A06X,tcga_mc3_wes,hrd_binary_33,MuAt-compatible reimplementation,muat_compatible_qkv_attention,1.0,,,5,0.0,0.71240234375,0.0,0.287841796875,1.0
TCGA-A8-A06Y,tcga_mc3_wes,hrd_binary_33,MuAt-compatible reimplementation,muat_compatible_qkv_attention,0.0,,,1,0.0,0.99853515625,0.0,0.0013484954833984,1.0
TCGA-A8-A06Z,tcga_mc3_wes,hrd_binary_33,MuAt-compatible reimplementation,muat_compatible_qkv_attention,0.0,,,3,1.0,0.4248046875,0.0,0.5751953125,1.0
TCGA-A8-A075,tcga_mc3_wes,hrd_binary_33,MuAt-compatible reimplementation,muat_compatible_qkv_attention,1.0,,,2,0.0,0.9638671875,0.0,0.035919189453125,1.0
TCGA-A8-A076,tcga_mc3_wes,hrd_binary_33,MuAt-compatible reimplementation,muat_compatible_qkv_attention,0.0,,,4,1.0,0.163330078125,0.0,0.8369140625,1.0
TCGA-A8-A079,tcga_mc3_wes,hrd_binary_33,MuAt-compatible reimplementation,muat_compatible_qkv_attention,0.0,,,4,1.0,0.0149993896484375,0.0,0.98486328125,1.0
TCGA-A8-A07B,tcga_mc3_wes,hrd_binary_33,MuAt-compatible reimplementation,muat_compatible_qkv_attention,0.0,,,3,0.0,1.0,0.0,3.105401992797852e-05,1.0
TCGA-A8-A07I,tcga_mc3_wes,hrd_binary_33,MuAt-compatible reimplementation,muat_compatible_qkv_attention,0.0,,,5,0.0,0.99951171875,0.0,0.0006475448608398,1.0
TCGA-A8-A07J,tcga_mc3_wes,hrd_binary_33,MuAt-compatible reimplementation,muat_compatible_qkv_attention,0.0,,,3,0.0,0.99951171875,0.0,0.0003302097320556,1.0
TCGA-A8-A07L,tcga_mc3_wes,hrd_binary_33,MuAt-compatible reimplementation,muat_compatible_qkv_attention,1.0,,,5,1.0,0.364013671875,0.0,0.6357421875,1.0
TCGA-A8-A07O,tcga_mc3_wes,hrd_binary_33,MuAt-compatible reimplementation,muat_compatible_qkv_attention,0.0,,,4,0.0,0.9560546875,0.0,0.04400634765625,1.0
TCGA-A8-A07P,tcga_mc3_wes,hrd_binary_33,MuAt-compatible reimplementation,muat_compatible_qkv_attention,0.0,,,1,0.0,0.99951171875,0.0,0.0006799697875976,1.0
TCGA-A8-A07U,tcga_mc3_wes,hrd_binary_33,MuAt-compatible reimplementation,muat_compatible_qkv_attention,1.0,,,3,0.0,0.99853515625,0.0,0.0014524459838867,1.0
TCGA-A8-A07W,tcga_mc3_wes,hrd_binary_33,MuAt-compatible reimplementation,muat_compatible_qkv_attention,0.0,,,5,1.0,0.0001791715621948,0.0,1.0,1.0
TCGA-A8-A07Z,tcga_mc3_wes,hrd_binary_33,MuAt-compatible reimplementation,muat_compatible_qkv_attention,0.0,,,2,0.0,0.97021484375,0.0,0.0300140380859375,1.0
TCGA-A8-A081,tcga_mc3_wes,hrd_binary_33,MuAt-compatible reimplementation,muat_compatible_qkv_attention,1.0,,,5,0.0,0.99853515625,0.0,0.0013751983642578,1.0
TCGA-A8-A082,tcga_mc3_wes,hrd_binary_33,MuAt-compatible reimplementation,muat_compatible_qkv_attention,0.0,,,4,1.0,0.267333984375,0.0,0.732421875,1.0
TCGA-A8-A083,tcga_mc3_wes,hrd_binary_33,MuAt-compatible reimplementation,muat_compatible_qkv_attention,0.0,,,5,1.0,0.0004053115844726,0.0,0.99951171875,1.0
TCGA-A8-A08B,tcga_mc3_wes,hrd_binary_33,MuAt-compatible reimplementation,muat_compatible_qkv_attention,0.0,,,3,0.0,1.0,0.0,5.364418029785156e-07,1.0
TCGA-A8-A08G,tcga_mc3_wes,hrd_binary_33,MuAt-compatible reimplementation,muat_compatible_qkv_attention,0.0,,,5,0.0,0.98583984375,0.0,0.0143356323242187,1.0
TCGA-A8-A08H,tcga_mc3_wes,hrd_binary_33,MuAt-compatible reimplementation,muat_compatible_qkv_attention,0.0,,,3,0.0,1.0,0.0,1.1920928955078125e-07,1.0
TCGA-A8-A08L,tcga_mc3_wes,hrd_binary_33,MuAt-compatible reimplementation,muat_compatible_qkv_attention,1.0,,,5,0.0,0.99755859375,0.0,0.0023651123046875,1.0
TCGA-A8-A08O,tcga_mc3_wes,hrd_binary_33,MuAt-compatible reimplementation,muat_compatible_qkv_attention,0.0,,,3,0.0,1.0,0.0,7.331371307373047e-06,1.0
TCGA-A8-A08R,tcga_mc3_wes,hrd_binary_33,MuAt-compatible reimplementation,muat_compatible_qkv_attention,1.0,,,3,1.0,0.0078582763671875,0.0,0.9921875,1.0
TCGA-A8-A08T,tcga_mc3_wes,hrd_binary_33,MuAt-compatible reimplementation,muat_compatible_qkv_attention,0.0,,,4,0.0,0.99853515625,0.0,0.0014104843139648,1.0
TCGA-A8-A08X,tcga_mc3_wes,hrd_binary_33,MuAt-compatible reimplementation,muat_compatible_qkv_attention,1.0,,,4,0.0,0.998046875,0.0,0.001896858215332,1.0
TCGA-A8-A08Z,tcga_mc3_wes,hrd_binary_33,MuAt-compatible reimplementation,muat_compatible_qkv_attention,0.0,,,3,0.0,1.0,0.0,0.0001376867294311,1.0
TCGA-A8-A090,tcga_mc3_wes,hrd_binary_33,MuAt-compatible reimplementation,muat_compatible_qkv_attention,0.0,,,1,0.0,0.89501953125,0.0,0.10516357421875,1.0
TCGA-A8-A091,tcga_mc3_wes,hrd_binary_33,MuAt-compatible reimplementation,muat_compatible_qkv_attention,0.0,,,5,0.0,1.0,0.0,1.3709068298339844e-06,1.0
TCGA-A8-A092,tcga_mc3_wes,hrd_binary_33,MuAt-compatible reimplementation,muat_compatible_qkv_attention,0.0,,,3,0.0,1.0,0.0,5.364418029785156e-07,1.0
TCGA-A8-A093,tcga_mc3_wes,hrd_binary_33,MuAt-compatible reimplementation,muat_compatible_qkv_attention,0.0,,,1,0.0,0.99560546875,0.0,0.0041999816894531,1.0
TCGA-A8-A094,tcga_mc3_wes,hrd_binary_33,MuAt-compatible reimplementation,muat_compatible_qkv_attention,1.0,,,3,0.0,0.99951171875,0.0,0.0006961822509765,1.0
TCGA-A8-A095,tcga_mc3_wes,hrd_binary_33,MuAt-compatible reimplementation,muat_compatible_qkv_attention,0.0,,,5,0.0,1.0,0.0,3.057718276977539e-05,1.0
TCGA-A8-A096,tcga_mc3_wes,hrd_binary_33,MuAt-compatible reimplementation,muat_compatible_qkv_attention,0.0,,,2,0.0,0.9521484375,0.0,0.047821044921875,1.0
TCGA-A8-A097,tcga_mc3_wes,hrd_binary_33,MuAt-compatible reimplementation,muat_compatible_qkv_attention,1.0,,,5,1.0,0.021636962890625,0.0,0.978515625,1.0
TCGA-A8-A099,tcga_mc3_wes,hrd_binary_33,MuAt-compatible reimplementation,muat_compatible_qkv_attention,0.0,,,2,0.0,0.87548828125,0.0,0.12457275390625,1.0
TCGA-A8-A09A,tcga_mc3_wes,hrd_binary_33,MuAt-compatible reimplementation,muat_compatible_qkv_attention,1.0,,,4,1.0,0.447021484375,0.0,0.55322265625,1.0
TCGA-A8-A09B,tcga_mc3_wes,hrd_binary_33,MuAt-compatible reimplementation,muat_compatible_qkv_attention,0.0,,,1,1.0,0.23779296875,0.0,0.76220703125,1.0
TCGA-A8-A09C,tcga_mc3_wes,hrd_binary_33,MuAt-compatible reimplementation,muat_compatible_qkv_attention,0.0,,,2,0.0,0.9287109375,0.0,0.0711669921875,1.0
TCGA-A8-A09D,tcga_mc3_wes,hrd_binary_33,MuAt-compatible reimplementation,muat_compatible_qkv_attention,0.0,,,2,0.0,0.9306640625,0.0,0.06915283203125,1.0
TCGA-A8-A09G,tcga_mc3_wes,hrd_binary_33,MuAt-compatible reimplementation,muat_compatible_qkv_attention,0.0,,,4,0.0,0.99267578125,0.0,0.0074882507324218,1.0
TCGA-A8-A09M,tcga_mc3_wes,hrd_binary_33,MuAt-compatible reimplementation,muat_compatible_qkv_attention,1.0,,,1,1.0,0.041748046875,0.0,0.95849609375,1.0
TCGA-A8-A09N,tcga_mc3_wes,hrd_binary_33,MuAt-compatible reimplementation,muat_compatible_qkv_attention,0.0,,,3,0.0,1.0,0.0,5.960464477539064e-08,1.0
TCGA-A8-A09Q,tcga_mc3_wes,hrd_binary_33,MuAt-compatible reimplementation,muat_compatible_qkv_attention,1.0,,,4,1.0,0.2044677734375,0.0,0.79541015625,1.0
TCGA-A8-A09T,tcga_mc3_wes,hrd_binary_33,MuAt-compatible reimplementation,muat_compatible_qkv_attention,0.0,,,2,0.0,0.84130859375,0.0,0.1585693359375,1.0
TCGA-A8-A09V,tcga_mc3_wes,hrd_binary_33,MuAt-compatible reimplementation,muat_compatible_qkv_attention,0.0,,,5,0.0,1.0,0.0,5.716085433959961e-05,1.0
TCGA-A8-A09W,tcga_mc3_wes,hrd_binary_33,MuAt-compatible reimplementation,muat_compatible_qkv_attention,1.0,,,5,0.0,0.90185546875,0.0,0.0980224609375,1.0
TCGA-A8-A09X,tcga_mc3_wes,hrd_binary_33,MuAt-compatible reimplementation,muat_compatible_qkv_attention,0.0,,,5,0.0,1.0,0.0,2.1457672119140625e-06,1.0
TCGA-A8-A09Z,tcga_mc3_wes,hrd_binary_33,MuAt-compatible reimplementation,muat_compatible_qkv_attention,0.0,,,3,1.0,0.371337890625,0.0,0.62841796875,1.0
TCGA-A8-A0A1,tcga_mc3_wes,hrd_binary_33,MuAt-compatible reimplementation,muat_compatible_qkv_attention,0.0,,,4,0.0,0.998046875,0.0,0.0017480850219726,1.0
TCGA-A8-A0A2,tcga_mc3_wes,hrd_binary_33,MuAt-compatible reimplementation,muat_compatible_qkv_attention,0.0,,,5,0.0,1.0,0.0,2.562999725341797e-06,1.0
TCGA-A8-A0A4,tcga_mc3_wes,hrd_binary_33,MuAt-compatible reimplementation,muat_compatible_qkv_attention,0.0,,,1,0.0,0.97705078125,0.0,0.0231781005859375,1.0
TCGA-A8-A0A6,tcga_mc3_wes,hrd_binary_33,MuAt-compatible reimplementation,muat_compatible_qkv_attention,0.0,,,1,0.0,0.998046875,0.0,0.0021400451660156,1.0
TCGA-A8-A0A7,tcga_mc3_wes,hrd_binary_33,MuAt-compatible reimplementation,muat_compatible_qkv_attention,0.0,,,3,0.0,1.0,0.0,1.1920928955078125e-07,1.0
TCGA-A8-A0AB,tcga_mc3_wes,hrd_binary_33,MuAt-compatible reimplementation,muat_compatible_qkv_attention,0.0,,,1,0.0,0.9931640625,0.0,0.0066299438476562,1.0
TCGA-A8-A0AD,tcga_mc3_wes,hrd_binary_33,MuAt-compatible reimplementation,muat_compatible_qkv_attention,0.0,,,5,0.0,0.93017578125,0.0,0.0699462890625,1.0
TCGA-AC-A23C,tcga_mc3_wes,hrd_binary_33,MuAt-compatible reimplementation,muat_compatible_qkv_attention,0.0,,,2,0.0,0.85986328125,0.0,0.14013671875,1.0
TCGA-AC-A23E,tcga_mc3_wes,hrd_binary_33,MuAt-compatible reimplementation,muat_compatible_qkv_attention,0.0,,,4,1.0,0.483642578125,0.0,0.51611328125,1.0
TCGA-AC-A23H,tcga_mc3_wes,hrd_binary_33,MuAt-compatible reimplementation,muat_compatible_qkv_attention,0.0,,,5,0.0,0.9658203125,0.0,0.0343017578125,1.0
TCGA-AC-A2B8,tcga_mc3_wes,hrd_binary_33,MuAt-compatible reimplementation,muat_compatible_qkv_attention,0.0,,,2,0.0,0.97802734375,0.0,0.0220947265625,1.0
TCGA-AC-A2FB,tcga_mc3_wes,hrd_binary_33,MuAt-compatible reimplementation,muat_compatible_qkv_attention,0.0,,,1,0.0,0.9541015625,0.0,0.04608154296875,1.0
TCGA-AC-A2FG,tcga_mc3_wes,hrd_binary_33,MuAt-compatible reimplementation,muat_compatible_qkv_attention,0.0,,,4,0.0,0.98291015625,0.0,0.016876220703125,1.0
TCGA-AC-A2FO,tcga_mc3_wes,hrd_binary_33,MuAt-compatible reimplementation,muat_compatible_qkv_attention,0.0,,,5,0.0,0.99951171875,0.0,0.0005803108215332,1.0
TCGA-AC-A2QH,tcga_mc3_wes,hrd_binary_33,MuAt-compatible reimplementation,muat_compatible_qkv_attention,1.0,,,5,1.0,0.0119705200195312,0.0,0.98779296875,1.0
TCGA-AC-A3OD,tcga_mc3_wes,hrd_binary_33,MuAt-compatible reimplementation,muat_compatible_qkv_attention,0.0,,,2,0.0,0.9951171875,0.0,0.0047645568847656,1.0
TCGA-AC-A3QQ,tcga_mc3_wes,hrd_binary_33,MuAt-compatible reimplementation,muat_compatible_qkv_attention,0.0,,,3,0.0,1.0,0.0,3.5762786865234375e-07,1.0
TCGA-AC-A3YI,tcga_mc3_wes,hrd_binary_33,MuAt-compatible reimplementation,muat_compatible_qkv_attention,0.0,,,5,0.0,1.0,0.0,9.000301361083984e-06,1.0
TCGA-AC-A4ZE,tcga_mc3_wes,hrd_binary_33,MuAt-compatible reimplementation,muat_compatible_qkv_attention,0.0,,,4,0.0,0.96923828125,0.0,0.0306243896484375,1.0
TCGA-AC-A5EH,tcga_mc3_wes,hrd_binary_33,MuAt-compatible reimplementation,muat_compatible_qkv_attention,1.0,,,2,0.0,0.7119140625,0.0,0.288330078125,1.0
TCGA-AC-A5XS,tcga_mc3_wes,hrd_binary_33,MuAt-compatible reimplementation,muat_compatible_qkv_attention,0.0,,,5,0.0,0.99951171875,0.0,0.0006227493286132,1.0
TCGA-AC-A5XU,tcga_mc3_wes,hrd_binary_33,MuAt-compatible reimplementation,muat_compatible_qkv_attention,0.0,,,2,0.0,0.85302734375,0.0,0.1468505859375,1.0
TCGA-AC-A62Y,tcga_mc3_wes,hrd_binary_33,MuAt-compatible reimplementation,muat_compatible_qkv_attention,0.0,,,4,0.0,0.990234375,0.0,0.0099716186523437,1.0
TCGA-AC-A6IV,tcga_mc3_wes,hrd_binary_33,MuAt-compatible reimplementation,muat_compatible_qkv_attention,0.0,,,5,0.0,1.0,0.0,4.76837158203125e-07,1.0
TCGA-AC-A6IW,tcga_mc3_wes,hrd_binary_33,MuAt-compatible reimplementation,muat_compatible_qkv_attention,0.0,,,3,1.0,5.781650543212891e-06,0.0,1.0,1.0
TCGA-AC-A6IX,tcga_mc3_wes,hrd_binary_33,MuAt-compatible reimplementation,muat_compatible_qkv_attention,0.0,,,5,0.0,1.0,0.0,6.556510925292969e-07,1.0
TCGA-AC-A6NO,tcga_mc3_wes,hrd_binary_33,MuAt-compatible reimplementation,muat_compatible_qkv_attention,0.0,,,3,0.0,1.0,0.0,0.0,1.0
TCGA-AC-A7VB,tcga_mc3_wes,hrd_binary_33,MuAt-compatible reimplementation,muat_compatible_qkv_attention,0.0,,,3,0.0,1.0,0.0,2.682209014892578e-06,1.0
TCGA-AC-A7VC,tcga_mc3_wes,hrd_binary_33,MuAt-compatible reimplementation,muat_compatible_qkv_attention,0.0,,,5,1.0,0.028350830078125,0.0,0.9716796875,1.0
TCGA-AC-A8OP,tcga_mc3_wes,hrd_binary_33,MuAt-compatible reimplementation,muat_compatible_qkv_attention,1.0,,,5,1.0,0.45703125,0.0,0.54296875,1.0
TCGA-AC-A8OQ,tcga_mc3_wes,hrd_binary_33,MuAt-compatible reimplementation,muat_compatible_qkv_attention,1.0,,,1,1.0,0.0028896331787109,0.0,0.9970703125,1.0
TCGA-AC-A8OR,tcga_mc3_wes,hrd_binary_33,MuAt-compatible reimplementation,muat_compatible_qkv_attention,0.0,,,3,0.0,0.95556640625,0.0,0.0445556640625,1.0
TCGA-AC-A8OS,tcga_mc3_wes,hrd_binary_33,MuAt-compatible reimplementation,muat_compatible_qkv_attention,0.0,,,4,1.0,0.049163818359375,0.0,0.95068359375,1.0
TCGA-AN-A03X,tcga_mc3_wes,hrd_binary_33,MuAt-compatible reimplementation,muat_compatible_qkv_attention,0.0,,,5,0.0,1.0,0.0,2.384185791015625e-07,1.0
TCGA-AN-A03Y,tcga_mc3_wes,hrd_binary_33,MuAt-compatible reimplementation,muat_compatible_qkv_attention,0.0,,,1,0.0,0.99853515625,0.0,0.0013666152954101,1.0
TCGA-AN-A041,tcga_mc3_wes,hrd_binary_33,MuAt-compatible reimplementation,muat_compatible_qkv_attention,0.0,,,4,0.0,0.998046875,0.0,0.0020427703857421,1.0
TCGA-AN-A046,tcga_mc3_wes,hrd_binary_33,MuAt-compatible reimplementation,muat_compatible_qkv_attention,0.0,,,3,0.0,1.0,0.0,5.894899368286133e-05,1.0
TCGA-AN-A049,tcga_mc3_wes,hrd_binary_33,MuAt-compatible reimplementation,muat_compatible_qkv_attention,1.0,,,3,0.0,1.0,0.0,0.0002148151397705,1.0
TCGA-AN-A04C,tcga_mc3_wes,hrd_binary_33,MuAt-compatible reimplementation,muat_compatible_qkv_attention,1.0,,,4,1.0,0.036529541015625,0.0,0.96337890625,1.0
TCGA-AN-A04D,tcga_mc3_wes,hrd_binary_33,MuAt-compatible reimplementation,muat_compatible_qkv_attention,1.0,,,2,0.0,0.603515625,0.0,0.396484375,1.0
TCGA-AN-A0AJ,tcga_mc3_wes,hrd_binary_33,MuAt-compatible reimplementation,muat_compatible_qkv_attention,1.0,,,4,0.0,0.83984375,0.0,0.1600341796875,1.0
TCGA-AN-A0AL,tcga_mc3_wes,hrd_binary_33,MuAt-compatible reimplementation,muat_compatible_qkv_attention,1.0,,,4,0.0,0.626953125,0.0,0.373291015625,1.0
TCGA-AN-A0AM,tcga_mc3_wes,hrd_binary_33,MuAt-compatible reimplementation,muat_compatible_qkv_attention,1.0,,,5,0.0,0.98095703125,0.0,0.0192108154296875,1.0
TCGA-AN-A0AR,tcga_mc3_wes,hrd_binary_33,MuAt-compatible reimplementation,muat_compatible_qkv_attention,1.0,,,1,0.0,0.5078125,0.0,0.4921875,1.0
TCGA-AN-A0AS,tcga_mc3_wes,hrd_binary_33,MuAt-compatible reimplementation,muat_compatible_qkv_attention,0.0,,,3,0.0,1.0,0.0,1.8477439880371092e-06,1.0
TCGA-AN-A0AT,tcga_mc3_wes,hrd_binary_33,MuAt-compatible reimplementation,muat_compatible_qkv_attention,1.0,,,3,0.0,0.99169921875,0.0,0.0082550048828125,1.0
TCGA-AN-A0FJ,tcga_mc3_wes,hrd_binary_33,MuAt-compatible reimplementation,muat_compatible_qkv_attention,0.0,,,5,0.0,0.6455078125,0.0,0.3544921875,1.0
TCGA-AN-A0FK,tcga_mc3_wes,hrd_binary_33,MuAt-compatible reimplementation,muat_compatible_qkv_attention,0.0,,,3,0.0,1.0,0.0,5.960464477539064e-08,1.0
TCGA-AN-A0FN,tcga_mc3_wes,hrd_binary_33,MuAt-compatible reimplementation,muat_compatible_qkv_attention,0.0,,,1,1.0,0.052825927734375,0.0,0.947265625,1.0
TCGA-AN-A0FS,tcga_mc3_wes,hrd_binary_33,MuAt-compatible reimplementation,muat_compatible_qkv_attention,0.0,,,2,0.0,0.98486328125,0.0,0.0150146484375,1.0
TCGA-AN-A0FT,tcga_mc3_wes,hrd_binary_33,MuAt-compatible reimplementation,muat_compatible_qkv_attention,1.0,,,3,0.0,1.0,0.0,5.364418029785156e-07,1.0
TCGA-AN-A0FV,tcga_mc3_wes,hrd_binary_33,MuAt-compatible reimplementation,muat_compatible_qkv_attention,1.0,,,4,0.0,0.99755859375,0.0,0.0025253295898437,1.0
TCGA-AN-A0FW,tcga_mc3_wes,hrd_binary_33,MuAt-compatible reimplementation,muat_compatible_qkv_attention,0.0,,,5,0.0,0.59423828125,0.0,0.406005859375,1.0
TCGA-AN-A0FX,tcga_mc3_wes,hrd_binary_33,MuAt-compatible reimplementation,muat_compatible_qkv_attention,1.0,,,4,1.0,0.0552978515625,0.0,0.94482421875,1.0
TCGA-AN-A0FY,tcga_mc3_wes,hrd_binary_33,MuAt-compatible reimplementation,muat_compatible_qkv_attention,1.0,,,2,0.0,0.8798828125,0.0,0.1202392578125,1.0
TCGA-AN-A0FZ,tcga_mc3_wes,hrd_binary_33,MuAt-compatible reimplementation,muat_compatible_qkv_attention,0.0,,,2,0.0,0.8564453125,0.0,0.1435546875,1.0
TCGA-AN-A0XN,tcga_mc3_wes,hrd_binary_33,MuAt-compatible reimplementation,muat_compatible_qkv_attention,1.0,,,5,0.0,0.83642578125,0.0,0.1634521484375,1.0
TCGA-AN-A0XO,tcga_mc3_wes,hrd_binary_33,MuAt-compatible reimplementation,muat_compatible_qkv_attention,0.0,,,3,0.0,1.0,0.0,2.384185791015625e-07,1.0
TCGA-AN-A0XP,tcga_mc3_wes,hrd_binary_33,MuAt-compatible reimplementation,muat_compatible_qkv_attention,0.0,,,4,0.0,0.8212890625,0.0,0.1785888671875,1.0
TCGA-AN-A0XR,tcga_mc3_wes,hrd_binary_33,MuAt-compatible reimplementation,muat_compatible_qkv_attention,0.0,,,1,0.0,0.99951171875,0.0,0.0004198551177978,1.0
TCGA-AN-A0XS,tcga_mc3_wes,hrd_binary_33,MuAt-compatible reimplementation,muat_compatible_qkv_attention,0.0,,,3,0.0,1.0,0.0,1.1920928955078125e-07,1.0
TCGA-AN-A0XT,tcga_mc3_wes,hrd_binary_33,MuAt-compatible reimplementation,muat_compatible_qkv_attention,1.0,,,5,0.0,1.0,0.0,5.841255187988281e-06,1.0
TCGA-AN-A0XU,tcga_mc3_wes,hrd_binary_33,MuAt-compatible reimplementation,muat_compatible_qkv_attention,1.0,,,2,0.0,0.63623046875,0.0,0.363525390625,1.0
TCGA-AN-A0XV,tcga_mc3_wes,hrd_binary_33,MuAt-compatible reimplementation,muat_compatible_qkv_attention,0.0,,,1,0.0,0.99951171875,0.0,0.000389814376831,1.0
TCGA-AN-A0XW,tcga_mc3_wes,hrd_binary_33,MuAt-compatible reimplementation,muat_compatible_qkv_attention,0.0,,,4,0.0,0.9453125,0.0,0.054443359375,1.0
TCGA-AO-A03L,tcga_mc3_wes,hrd_binary_33,MuAt-compatible reimplementation,muat_compatible_qkv_attention,0.0,,,4,1.0,0.028411865234375,0.0,0.9716796875,1.0
TCGA-AO-A03O,tcga_mc3_wes,hrd_binary_33,MuAt-compatible reimplementation,muat_compatible_qkv_attention,1.0,,,4,0.0,0.67724609375,0.0,0.32275390625,1.0
TCGA-AO-A03P,tcga_mc3_wes,hrd_binary_33,MuAt-compatible reimplementation,muat_compatible_qkv_attention,0.0,,,1,0.0,0.9453125,0.0,0.0548095703125,1.0
TCGA-AO-A03R,tcga_mc3_wes,hrd_binary_33,MuAt-compatible reimplementation,muat_compatible_qkv_attention,0.0,,,3,0.0,0.998046875,0.0,0.001896858215332,1.0
TCGA-AO-A03T,tcga_mc3_wes,hrd_binary_33,MuAt-compatible reimplementation,muat_compatible_qkv_attention,1.0,,,3,1.0,0.03240966796875,0.0,0.9677734375,1.0
TCGA-AO-A03V,tcga_mc3_wes,hrd_binary_33,MuAt-compatible reimplementation,muat_compatible_qkv_attention,1.0,,,2,0.0,0.859375,0.0,0.140625,1.0
TCGA-AO-A0J2,tcga_mc3_wes,hrd_binary_33,MuAt-compatible reimplementation,muat_compatible_qkv_attention,1.0,,,1,1.0,0.109130859375,0.0,0.890625,1.0
TCGA-AO-A0J3,tcga_mc3_wes,hrd_binary_33,MuAt-compatible reimplementation,muat_compatible_qkv_attention,1.0,,,5,0.0,1.0,0.0,2.765655517578125e-05,1.0
TCGA-AO-A0J4,tcga_mc3_wes,hrd_binary_33,MuAt-compatible reimplementation,muat_compatible_qkv_attention,1.0,,,2,0.0,0.64111328125,0.0,0.35888671875,1.0
TCGA-AO-A0J6,tcga_mc3_wes,hrd_binary_33,MuAt-compatible reimplementation,muat_compatible_qkv_attention,1.0,,,1,1.0,0.0068244934082031,0.0,0.9931640625,1.0
TCGA-AO-A0J7,tcga_mc3_wes,hrd_binary_33,MuAt-compatible reimplementation,muat_compatible_qkv_attention,0.0,,,5,0.0,1.0,0.0,4.76837158203125e-07,1.0
TCGA-AO-A0J8,tcga_mc3_wes,hrd_binary_33,MuAt-compatible reimplementation,muat_compatible_qkv_attention,0.0,,,1,0.0,0.54052734375,0.0,0.45947265625,1.0
TCGA-AO-A0J9,tcga_mc3_wes,hrd_binary_33,MuAt-compatible reimplementation,muat_compatible_qkv_attention,0.0,,,5,0.0,1.0,0.0,7.62939453125e-06,1.0
TCGA-AO-A0JA,tcga_mc3_wes,hrd_binary_33,MuAt-compatible reimplementation,muat_compatible_qkv_attention,1.0,,,2,0.0,0.99658203125,0.0,0.0036354064941406,1.0
TCGA-AO-A0JB,tcga_mc3_wes,hrd_binary_33,MuAt-compatible reimplementation,muat_compatible_qkv_attention,1.0,,,2,0.0,0.73486328125,0.0,0.265380859375,1.0
TCGA-AO-A0JD,tcga_mc3_wes,hrd_binary_33,MuAt-compatible reimplementation,muat_compatible_qkv_attention,1.0,,,1,0.0,0.6591796875,0.0,0.3408203125,1.0
TCGA-AO-A0JE,tcga_mc3_wes,hrd_binary_33,MuAt-compatible reimplementation,muat_compatible_qkv_attention,1.0,,,1,1.0,0.0099334716796875,0.0,0.990234375,1.0
TCGA-AO-A0JF,tcga_mc3_wes,hrd_binary_33,MuAt-compatible reimplementation,muat_compatible_qkv_attention,0.0,,,2,0.0,0.99462890625,0.0,0.0053634643554687,1.0
TCGA-AO-A0JG,tcga_mc3_wes,hrd_binary_33,MuAt-compatible reimplementation,muat_compatible_qkv_attention,0.0,,,3,1.0,0.0053215026855468,0.0,0.99462890625,1.0
TCGA-AO-A0JI,tcga_mc3_wes,hrd_binary_33,MuAt-compatible reimplementation,muat_compatible_qkv_attention,0.0,,,4,0.0,0.9404296875,0.0,0.0596923828125,1.0
TCGA-AO-A0JJ,tcga_mc3_wes,hrd_binary_33,MuAt-compatible reimplementation,muat_compatible_qkv_attention,0.0,,,2,0.0,0.91455078125,0.0,0.08526611328125,1.0
TCGA-AO-A0JM,tcga_mc3_wes,hrd_binary_33,MuAt-compatible reimplementation,muat_compatible_qkv_attention,1.0,,,2,0.0,0.90576171875,0.0,0.09423828125,1.0
TCGA-AO-A124,tcga_mc3_wes,hrd_binary_33,MuAt-compatible reimplementation,muat_compatible_qkv_attention,1.0,,,5,1.0,0.0009398460388183,0.0,0.9990234375,1.0
TCGA-AO-A128,tcga_mc3_wes,hrd_binary_33,MuAt-compatible reimplementation,muat_compatible_qkv_attention,0.0,,,3,0.0,0.99951171875,0.0,0.0002667903900146,1.0
TCGA-AO-A12A,tcga_mc3_wes,hrd_binary_33,MuAt-compatible reimplementation,muat_compatible_qkv_attention,0.0,,,2,0.0,0.9970703125,0.0,0.0029983520507812,1.0
TCGA-AO-A12D,tcga_mc3_wes,hrd_binary_33,MuAt-compatible reimplementation,muat_compatible_qkv_attention,0.0,,,5,1.0,0.4189453125,0.0,0.5810546875,1.0
TCGA-AO-A12F,tcga_mc3_wes,hrd_binary_33,MuAt-compatible reimplementation,muat_compatible_qkv_attention,1.0,,,4,0.0,0.79736328125,0.0,0.202392578125,1.0
TCGA-AO-A12H,tcga_mc3_wes,hrd_binary_33,MuAt-compatible reimplementation,muat_compatible_qkv_attention,0.0,,,1,0.0,0.99951171875,0.0,0.0006999969482421,1.0
TCGA-AO-A1KP,tcga_mc3_wes,hrd_binary_33,MuAt-compatible reimplementation,muat_compatible_qkv_attention,0.0,,,4,0.0,0.9873046875,0.0,0.0126266479492187,1.0
TCGA-AO-A1KR,tcga_mc3_wes,hrd_binary_33,MuAt-compatible reimplementation,muat_compatible_qkv_attention,1.0,,,1,0.0,0.7802734375,0.0,0.2197265625,1.0
TCGA-AO-A1KT,tcga_mc3_wes,hrd_binary_33,MuAt-compatible reimplementation,muat_compatible_qkv_attention,0.0,,,5,1.0,0.0009851455688476,0.0,0.9990234375,1.0
TCGA-AQ-A04H,tcga_mc3_wes,hrd_binary_33,MuAt-compatible reimplementation,muat_compatible_qkv_attention,0.0,,,2,0.0,0.88232421875,0.0,0.11749267578125,1.0
TCGA-AQ-A04J,tcga_mc3_wes,hrd_binary_33,MuAt-compatible reimplementation,muat_compatible_qkv_attention,1.0,,,2,0.0,0.74169921875,0.0,0.25830078125,1.0
TCGA-AQ-A1H2,tcga_mc3_wes,hrd_binary_33,MuAt-compatible reimplementation,muat_compatible_qkv_attention,0.0,,,2,0.0,0.9140625,0.0,0.08599853515625,1.0
TCGA-AQ-A1H3,tcga_mc3_wes,hrd_binary_33,MuAt-compatible reimplementation,muat_compatible_qkv_attention,0.0,,,5,0.0,0.5556640625,0.0,0.444091796875,1.0
TCGA-AR-A0TP,tcga_mc3_wes,hrd_binary_33,MuAt-compatible reimplementation,muat_compatible_qkv_attention,1.0,,,5,1.0,0.0033512115478515,0.0,0.99658203125,1.0
TCGA-AR-A0TQ,tcga_mc3_wes,hrd_binary_33,MuAt-compatible reimplementation,muat_compatible_qkv_attention,0.0,,,4,0.0,0.96875,0.0,0.0310211181640625,1.0
TCGA-AR-A0TR,tcga_mc3_wes,hrd_binary_33,MuAt-compatible reimplementation,muat_compatible_qkv_attention,0.0,,,4,0.0,0.99462890625,0.0,0.0052909851074218,1.0
TCGA-AR-A0TS,tcga_mc3_wes,hrd_binary_33,MuAt-compatible reimplementation,muat_compatible_qkv_attention,1.0,,,5,1.0,0.335205078125,0.0,0.6650390625,1.0
TCGA-AR-A0TT,tcga_mc3_wes,hrd_binary_33,MuAt-compatible reimplementation,muat_compatible_qkv_attention,1.0,,,1,1.0,0.202880859375,0.0,0.79736328125,1.0
TCGA-AR-A0TV,tcga_mc3_wes,hrd_binary_33,MuAt-compatible reimplementation,muat_compatible_qkv_attention,1.0,,,3,1.0,0.0009093284606933,0.0,0.9990234375,1.0
TCGA-AR-A0TW,tcga_mc3_wes,hrd_binary_33,MuAt-compatible reimplementation,muat_compatible_qkv_attention,1.0,,,2,0.0,0.8154296875,0.0,0.184814453125,1.0
TCGA-AR-A0TX,tcga_mc3_wes,hrd_binary_33,MuAt-compatible reimplementation,muat_compatible_qkv_attention,0.0,,,2,0.0,0.8740234375,0.0,0.1258544921875,1.0
TCGA-AR-A0TY,tcga_mc3_wes,hrd_binary_33,MuAt-compatible reimplementation,muat_compatible_qkv_attention,1.0,,,3,1.0,1.7583370208740234e-05,0.0,1.0,1.0
TCGA-AR-A0TZ,tcga_mc3_wes,hrd_binary_33,MuAt-compatible reimplementation,muat_compatible_qkv_attention,0.0,,,5,0.0,0.96826171875,0.0,0.03155517578125,1.0
TCGA-AR-A0U0,tcga_mc3_wes,hrd_binary_33,MuAt-compatible reimplementation,muat_compatible_qkv_attention,0.0,,,3,1.0,0.014251708984375,0.0,0.98583984375,1.0
TCGA-AR-A1AH,tcga_mc3_wes,hrd_binary_33,MuAt-compatible reimplementation,muat_compatible_qkv_attention,0.0,,,4,1.0,0.0018386840820312,0.0,0.998046875,1.0
TCGA-AR-A1AI,tcga_mc3_wes,hrd_binary_33,MuAt-compatible reimplementation,muat_compatible_qkv_attention,1.0,,,1,0.0,0.99267578125,0.0,0.0071907043457031,1.0
TCGA-AR-A1AJ,tcga_mc3_wes,hrd_binary_33,MuAt-compatible reimplementation,muat_compatible_qkv_attention,0.0,,,5,0.0,0.90771484375,0.0,0.09210205078125,1.0
TCGA-AR-A1AK,tcga_mc3_wes,hrd_binary_33,MuAt-compatible reimplementation,muat_compatible_qkv_attention,0.0,,,5,0.0,0.99560546875,0.0,0.0045547485351562,1.0
TCGA-AR-A1AN,tcga_mc3_wes,hrd_binary_33,MuAt-compatible reimplementation,muat_compatible_qkv_attention,0.0,,,3,0.0,1.0,0.0,5.960464477539064e-08,1.0
TCGA-AR-A1AO,tcga_mc3_wes,hrd_binary_33,MuAt-compatible reimplementation,muat_compatible_qkv_attention,0.0,,,3,1.0,0.07708740234375,0.0,0.9228515625,1.0
TCGA-AR-A1AP,tcga_mc3_wes,hrd_binary_33,MuAt-compatible reimplementation,muat_compatible_qkv_attention,0.0,,,3,0.0,1.0,0.0,2.9087066650390625e-05,1.0
TCGA-AR-A1AQ,tcga_mc3_wes,hrd_binary_33,MuAt-compatible reimplementation,muat_compatible_qkv_attention,0.0,,,1,0.0,0.6181640625,0.0,0.381591796875,1.0
TCGA-AR-A1AR,tcga_mc3_wes,hrd_binary_33,MuAt-compatible reimplementation,muat_compatible_qkv_attention,0.0,,,3,0.0,0.95556640625,0.0,0.044281005859375,1.0
TCGA-AR-A1AU,tcga_mc3_wes,hrd_binary_33,MuAt-compatible reimplementation,muat_compatible_qkv_attention,0.0,,,3,0.0,1.0,0.0,7.152557373046875e-07,1.0
TCGA-AR-A1AW,tcga_mc3_wes,hrd_binary_33,MuAt-compatible reimplementation,muat_compatible_qkv_attention,0.0,,,1,0.0,0.99560546875,0.0,0.0041770935058593,1.0
TCGA-AR-A1AX,tcga_mc3_wes,hrd_binary_33,MuAt-compatible reimplementation,muat_compatible_qkv_attention,0.0,,,5,0.0,0.9990234375,0.0,0.0010442733764648,1.0
TCGA-AR-A1AY,tcga_mc3_wes,hrd_binary_33,MuAt-compatible reimplementation,muat_compatible_qkv_attention,1.0,,,2,0.0,0.86181640625,0.0,0.137939453125,1.0
TCGA-AR-A24L,tcga_mc3_wes,hrd_binary_33,MuAt-compatible reimplementation,muat_compatible_qkv_attention,1.0,,,5,1.0,8.344650268554688e-07,0.0,1.0,1.0
TCGA-AR-A24N,tcga_mc3_wes,hrd_binary_33,MuAt-compatible reimplementation,muat_compatible_qkv_attention,0.0,,,3,0.0,1.0,0.0,0.0,1.0
TCGA-AR-A24O,tcga_mc3_wes,hrd_binary_33,MuAt-compatible reimplementation,muat_compatible_qkv_attention,0.0,,,3,0.0,1.0,0.0,0.0,1.0
TCGA-AR-A24P,tcga_mc3_wes,hrd_binary_33,MuAt-compatible reimplementation,muat_compatible_qkv_attention,0.0,,,3,0.0,1.0,0.0,3.3974647521972656e-05,1.0
TCGA-AR-A24Q,tcga_mc3_wes,hrd_binary_33,MuAt-compatible reimplementation,muat_compatible_qkv_attention,1.0,,,3,1.0,0.000101089477539,0.0,1.0,1.0
TCGA-AR-A24R,tcga_mc3_wes,hrd_binary_33,MuAt-compatible reimplementation,muat_compatible_qkv_attention,0.0,,,5,0.0,0.85888671875,0.0,0.14111328125,1.0
TCGA-AR-A24S,tcga_mc3_wes,hrd_binary_33,MuAt-compatible reimplementation,muat_compatible_qkv_attention,0.0,,,3,0.0,0.99951171875,0.0,0.0003156661987304,1.0
TCGA-AR-A24U,tcga_mc3_wes,hrd_binary_33,MuAt-compatible reimplementation,muat_compatible_qkv_attention,0.0,,,3,0.0,1.0,0.0,5.960464477539064e-08,1.0
TCGA-AR-A24V,tcga_mc3_wes,hrd_binary_33,MuAt-compatible reimplementation,muat_compatible_qkv_attention,0.0,,,2,0.0,0.94189453125,0.0,0.057861328125,1.0
TCGA-AR-A24W,tcga_mc3_wes,hrd_binary_33,MuAt-compatible reimplementation,muat_compatible_qkv_attention,0.0,,,3,0.0,1.0,0.0,1.6689300537109375e-06,1.0
TCGA-AR-A24X,tcga_mc3_wes,hrd_binary_33,MuAt-compatible reimplementation,muat_compatible_qkv_attention,0.0,,,4,0.0,0.99853515625,0.0,0.0014925003051757,1.0
TCGA-AR-A24Z,tcga_mc3_wes,hrd_binary_33,MuAt-compatible reimplementation,muat_compatible_qkv_attention,1.0,,,2,0.0,0.93603515625,0.0,0.06414794921875,1.0
TCGA-AR-A250,tcga_mc3_wes,hrd_binary_33,MuAt-compatible reimplementation,muat_compatible_qkv_attention,0.0,,,2,0.0,0.833984375,0.0,0.166259765625,1.0
TCGA-AR-A251,tcga_mc3_wes,hrd_binary_33,MuAt-compatible reimplementation,muat_compatible_qkv_attention,1.0,,,3,1.0,0.0002627372741699,0.0,0.99951171875,1.0
TCGA-AR-A252,tcga_mc3_wes,hrd_binary_33,MuAt-compatible reimplementation,muat_compatible_qkv_attention,0.0,,,5,0.0,1.0,0.0,2.229213714599609e-05,1.0
TCGA-AR-A254,tcga_mc3_wes,hrd_binary_33,MuAt-compatible reimplementation,muat_compatible_qkv_attention,0.0,,,2,0.0,0.9267578125,0.0,0.0732421875,1.0
TCGA-AR-A256,tcga_mc3_wes,hrd_binary_33,MuAt-compatible reimplementation,muat_compatible_qkv_attention,1.0,,,5,1.0,0.0002278089523315,0.0,1.0,1.0
TCGA-AR-A2LH,tcga_mc3_wes,hrd_binary_33,MuAt-compatible reimplementation,muat_compatible_qkv_attention,0.0,,,4,0.0,0.7294921875,0.0,0.2705078125,1.0
TCGA-AR-A2LK,tcga_mc3_wes,hrd_binary_33,MuAt-compatible reimplementation,muat_compatible_qkv_attention,0.0,,,1,1.0,0.049224853515625,0.0,0.95068359375,1.0
TCGA-AR-A2LN,tcga_mc3_wes,hrd_binary_33,MuAt-compatible reimplementation,muat_compatible_qkv_attention,0.0,,,1,0.0,0.9990234375,0.0,0.0010652542114257,1.0
TCGA-AR-A2LO,tcga_mc3_wes,hrd_binary_33,MuAt-compatible reimplementation,muat_compatible_qkv_attention,0.0,,,4,0.0,0.99853515625,0.0,0.0012598037719726,1.0
TCGA-AR-A2LQ,tcga_mc3_wes,hrd_binary_33,MuAt-compatible reimplementation,muat_compatible_qkv_attention,0.0,,,1,0.0,0.99951171875,0.0,0.000300645828247,1.0
TCGA-AR-A5QM,tcga_mc3_wes,hrd_binary_33,MuAt-compatible reimplementation,muat_compatible_qkv_attention,0.0,,,5,0.0,1.0,0.0,5.960464477539064e-08,1.0
TCGA-AR-A5QN,tcga_mc3_wes,hrd_binary_33,MuAt-compatible reimplementation,muat_compatible_qkv_attention,0.0,,,2,0.0,0.90234375,0.0,0.09765625,1.0
TCGA-AR-A5QP,tcga_mc3_wes,hrd_binary_33,MuAt-compatible reimplementation,muat_compatible_qkv_attention,0.0,,,4,0.0,0.99853515625,0.0,0.0015735626220703,1.0
TCGA-AR-A5QQ,tcga_mc3_wes,hrd_binary_33,MuAt-compatible reimplementation,muat_compatible_qkv_attention,0.0,,,2,0.0,0.82177734375,0.0,0.178466796875,1.0
TCGA-B6-A0I2,tcga_mc3_wes,hrd_binary_33,MuAt-compatible reimplementation,muat_compatible_qkv_attention,1.0,,,3,1.0,0.061798095703125,0.0,0.93798828125,1.0
TCGA-B6-A0I5,tcga_mc3_wes,hrd_binary_33,MuAt-compatible reimplementation,muat_compatible_qkv_attention,0.0,,,3,0.0,1.0,0.0,5.960464477539063e-06,1.0
TCGA-B6-A0I9,tcga_mc3_wes,hrd_binary_33,MuAt-compatible reimplementation,muat_compatible_qkv_attention,1.0,,,1,0.0,0.99853515625,0.0,0.0016908645629882,1.0
TCGA-B6-A0IB,tcga_mc3_wes,hrd_binary_33,MuAt-compatible reimplementation,muat_compatible_qkv_attention,0.0,,,4,0.0,0.98828125,0.0,0.011688232421875,1.0
TCGA-B6-A0IC,tcga_mc3_wes,hrd_binary_33,MuAt-compatible reimplementation,muat_compatible_qkv_attention,0.0,,,4,0.0,0.9990234375,0.0,0.0010337829589843,1.0
TCGA-B6-A0IE,tcga_mc3_wes,hrd_binary_33,MuAt-compatible reimplementation,muat_compatible_qkv_attention,0.0,,,4,0.0,0.64599609375,0.0,0.35400390625,1.0
TCGA-B6-A0IH,tcga_mc3_wes,hrd_binary_33,MuAt-compatible reimplementation,muat_compatible_qkv_attention,0.0,,,5,0.0,1.0,0.0,3.159046173095703e-05,1.0
TCGA-B6-A0IJ,tcga_mc3_wes,hrd_binary_33,MuAt-compatible reimplementation,muat_compatible_qkv_attention,1.0,,,2,0.0,0.55810546875,0.0,0.442138671875,1.0
TCGA-B6-A0IN,tcga_mc3_wes,hrd_binary_33,MuAt-compatible reimplementation,muat_compatible_qkv_attention,0.0,,,4,0.0,0.9970703125,0.0,0.0028228759765625,1.0
TCGA-B6-A0RE,tcga_mc3_wes,hrd_binary_33,MuAt-compatible reimplementation,muat_compatible_qkv_attention,1.0,,,1,1.0,0.0003528594970703,0.0,0.99951171875,1.0
TCGA-B6-A0RG,tcga_mc3_wes,hrd_binary_33,MuAt-compatible reimplementation,muat_compatible_qkv_attention,0.0,,,1,0.0,0.99560546875,0.0,0.0042152404785156,1.0
TCGA-B6-A0RH,tcga_mc3_wes,hrd_binary_33,MuAt-compatible reimplementation,muat_compatible_qkv_attention,0.0,,,2,0.0,0.9951171875,0.0,0.004974365234375,1.0
TCGA-B6-A0RI,tcga_mc3_wes,hrd_binary_33,MuAt-compatible reimplementation,muat_compatible_qkv_attention,0.0,,,4,0.0,0.99951171875,0.0,0.0007166862487792,1.0
TCGA-B6-A0RL,tcga_mc3_wes,hrd_binary_33,MuAt-compatible reimplementation,muat_compatible_qkv_attention,0.0,,,3,0.0,1.0,0.0,2.682209014892578e-06,1.0
TCGA-B6-A0RN,tcga_mc3_wes,hrd_binary_33,MuAt-compatible reimplementation,muat_compatible_qkv_attention,0.0,,,4,0.0,0.72705078125,0.0,0.272705078125,1.0
TCGA-B6-A0RO,tcga_mc3_wes,hrd_binary_33,MuAt-compatible reimplementation,muat_compatible_qkv_attention,0.0,,,2,0.0,0.92724609375,0.0,0.07257080078125,1.0
TCGA-B6-A0RP,tcga_mc3_wes,hrd_binary_33,MuAt-compatible reimplementation,muat_compatible_qkv_attention,0.0,,,5,0.0,1.0,0.0,2.562999725341797e-06,1.0
TCGA-B6-A0RS,tcga_mc3_wes,hrd_binary_33,MuAt-compatible reimplementation,muat_compatible_qkv_attention,1.0,,,3,1.0,0.0076942443847656,0.0,0.9921875,1.0
TCGA-B6-A0RU,tcga_mc3_wes,hrd_binary_33,MuAt-compatible reimplementation,muat_compatible_qkv_attention,0.0,,,3,1.0,0.0005679130554199,0.0,0.99951171875,1.0
TCGA-B6-A0RV,tcga_mc3_wes,hrd_binary_33,MuAt-compatible reimplementation,muat_compatible_qkv_attention,0.0,,,5,0.0,1.0,0.0,7.003545761108398e-05,1.0
TCGA-B6-A0WS,tcga_mc3_wes,hrd_binary_33,MuAt-compatible reimplementation,muat_compatible_qkv_attention,0.0,,,3,0.0,1.0,0.0,1.6093254089355469e-06,1.0
TCGA-B6-A0WT,tcga_mc3_wes,hrd_binary_33,MuAt-compatible reimplementation,muat_compatible_qkv_attention,0.0,,,3,0.0,0.998046875,0.0,0.0018749237060546,1.0
TCGA-B6-A0WW,tcga_mc3_wes,hrd_binary_33,MuAt-compatible reimplementation,muat_compatible_qkv_attention,0.0,,,4,1.0,0.4599609375,0.0,0.5400390625,1.0
TCGA-B6-A0WY,tcga_mc3_wes,hrd_binary_33,MuAt-compatible reimplementation,muat_compatible_qkv_attention,0.0,,,4,0.0,0.99853515625,0.0,0.0013303756713867,1.0
TCGA-B6-A0WZ,tcga_mc3_wes,hrd_binary_33,MuAt-compatible reimplementation,muat_compatible_qkv_attention,0.0,,,3,1.0,0.153564453125,0.0,0.8466796875,1.0
TCGA-B6-A0X0,tcga_mc3_wes,hrd_binary_33,MuAt-compatible reimplementation,muat_compatible_qkv_attention,0.0,,,3,0.0,1.0,0.0,0.0,1.0
TCGA-B6-A0X1,tcga_mc3_wes,hrd_binary_33,MuAt-compatible reimplementation,muat_compatible_qkv_attention,1.0,,,1,1.0,0.0039901733398437,0.0,0.99609375,1.0
TCGA-B6-A0X4,tcga_mc3_wes,hrd_binary_33,MuAt-compatible reimplementation,muat_compatible_qkv_attention,0.0,,,3,0.0,1.0,0.0,5.960464477539062e-07,1.0
TCGA-B6-A0X5,tcga_mc3_wes,hrd_binary_33,MuAt-compatible reimplementation,muat_compatible_qkv_attention,0.0,,,2,0.0,0.94091796875,0.0,0.058990478515625,1.0
TCGA-B6-A1KC,tcga_mc3_wes,hrd_binary_33,MuAt-compatible reimplementation,muat_compatible_qkv_attention,0.0,,,5,0.0,1.0,0.0,5.543231964111328e-06,1.0
TCGA-B6-A1KF,tcga_mc3_wes,hrd_binary_33,MuAt-compatible reimplementation,muat_compatible_qkv_attention,0.0,,,3,0.0,1.0,0.0,9.5367431640625e-07,1.0
TCGA-B6-A1KN,tcga_mc3_wes,hrd_binary_33,MuAt-compatible reimplementation,muat_compatible_qkv_attention,1.0,,,5,1.0,0.0003950595855712,0.0,0.99951171875,1.0
TCGA-B6-A2IU,tcga_mc3_wes,hrd_binary_33,MuAt-compatible reimplementation,muat_compatible_qkv_attention,0.0,,,3,0.0,1.0,0.0,5.960464477539064e-08,1.0
TCGA-B6-A401,tcga_mc3_wes,hrd_binary_33,MuAt-compatible reimplementation,muat_compatible_qkv_attention,0.0,,,2,0.0,0.974609375,0.0,0.025421142578125,1.0
TCGA-B6-A409,tcga_mc3_wes,hrd_binary_33,MuAt-compatible reimplementation,muat_compatible_qkv_attention,1.0,,,2,0.0,0.88232421875,0.0,0.11749267578125,1.0
TCGA-B6-A40C,tcga_mc3_wes,hrd_binary_33,MuAt-compatible reimplementation,muat_compatible_qkv_attention,0.0,,,1,0.0,0.75634765625,0.0,0.2435302734375,1.0
TCGA-BH-A0AU,tcga_mc3_wes,hrd_binary_33,MuAt-compatible reimplementation,muat_compatible_qkv_attention,0.0,,,3,0.0,0.99951171875,0.0,0.0004637241363525,1.0
TCGA-BH-A0AV,tcga_mc3_wes,hrd_binary_33,MuAt-compatible reimplementation,muat_compatible_qkv_attention,1.0,,,4,1.0,0.04669189453125,0.0,0.953125,1.0
TCGA-BH-A0AW,tcga_mc3_wes,hrd_binary_33,MuAt-compatible reimplementation,muat_compatible_qkv_attention,1.0,,,5,1.0,0.0028114318847656,0.0,0.9970703125,1.0
TCGA-BH-A0AY,tcga_mc3_wes,hrd_binary_33,MuAt-compatible reimplementation,muat_compatible_qkv_attention,0.0,,,4,0.0,0.9794921875,0.0,0.020599365234375,1.0
TCGA-BH-A0AZ,tcga_mc3_wes,hrd_binary_33,MuAt-compatible reimplementation,muat_compatible_qkv_attention,1.0,,,3,1.0,0.097900390625,0.0,0.90185546875,1.0
TCGA-BH-A0B3,tcga_mc3_wes,hrd_binary_33,MuAt-compatible reimplementation,muat_compatible_qkv_attention,1.0,,,3,0.0,0.99951171875,0.0,0.0005769729614257,1.0
TCGA-BH-A0B5,tcga_mc3_wes,hrd_binary_33,MuAt-compatible reimplementation,muat_compatible_qkv_attention,0.0,,,2,0.0,0.91259765625,0.0,0.08740234375,1.0
TCGA-BH-A0B7,tcga_mc3_wes,hrd_binary_33,MuAt-compatible reimplementation,muat_compatible_qkv_attention,0.0,,,2,0.0,0.8466796875,0.0,0.1534423828125,1.0
TCGA-BH-A0B9,tcga_mc3_wes,hrd_binary_33,MuAt-compatible reimplementation,muat_compatible_qkv_attention,1.0,,,2,0.0,0.80517578125,0.0,0.195068359375,1.0
TCGA-BH-A0BA,tcga_mc3_wes,hrd_binary_33,MuAt-compatible reimplementation,muat_compatible_qkv_attention,0.0,,,1,0.0,0.9970703125,0.0,0.0028285980224609,1.0
TCGA-BH-A0BC,tcga_mc3_wes,hrd_binary_33,MuAt-compatible reimplementation,muat_compatible_qkv_attention,0.0,,,5,0.0,1.0,0.0,1.6093254089355469e-06,1.0
TCGA-BH-A0BF,tcga_mc3_wes,hrd_binary_33,MuAt-compatible reimplementation,muat_compatible_qkv_attention,0.0,,,2,0.0,0.97265625,0.0,0.0275115966796875,1.0
TCGA-BH-A0BJ,tcga_mc3_wes,hrd_binary_33,MuAt-compatible reimplementation,muat_compatible_qkv_attention,0.0,,,2,0.0,0.95703125,0.0,0.043121337890625,1.0
TCGA-BH-A0BL,tcga_mc3_wes,hrd_binary_33,MuAt-compatible reimplementation,muat_compatible_qkv_attention,1.0,,,3,0.0,0.99658203125,0.0,0.00360107421875,1.0
TCGA-BH-A0BM,tcga_mc3_wes,hrd_binary_33,MuAt-compatible reimplementation,muat_compatible_qkv_attention,0.0,,,1,0.0,0.99853515625,0.0,0.0012722015380859,1.0
TCGA-BH-A0BO,tcga_mc3_wes,hrd_binary_33,MuAt-compatible reimplementation,muat_compatible_qkv_attention,0.0,,,2,0.0,0.89697265625,0.0,0.10302734375,1.0
TCGA-BH-A0BP,tcga_mc3_wes,hrd_binary_33,MuAt-compatible reimplementation,muat_compatible_qkv_attention,1.0,,,3,0.0,0.88232421875,0.0,0.11761474609375,1.0
TCGA-BH-A0BR,tcga_mc3_wes,hrd_binary_33,MuAt-compatible reimplementation,muat_compatible_qkv_attention,1.0,,,3,0.0,1.0,0.0,5.960464477539064e-08,1.0
TCGA-BH-A0BT,tcga_mc3_wes,hrd_binary_33,MuAt-compatible reimplementation,muat_compatible_qkv_attention,0.0,,,1,0.0,0.6904296875,0.0,0.309326171875,1.0
TCGA-BH-A0BZ,tcga_mc3_wes,hrd_binary_33,MuAt-compatible reimplementation,muat_compatible_qkv_attention,0.0,,,5,1.0,0.012481689453125,0.0,0.9873046875,1.0
TCGA-BH-A0C1,tcga_mc3_wes,hrd_binary_33,MuAt-compatible reimplementation,muat_compatible_qkv_attention,0.0,,,1,0.0,0.9287109375,0.0,0.07122802734375,1.0
TCGA-BH-A0C3,tcga_mc3_wes,hrd_binary_33,MuAt-compatible reimplementation,muat_compatible_qkv_attention,0.0,,,1,1.0,0.3134765625,0.0,0.6865234375,1.0
TCGA-BH-A0C7,tcga_mc3_wes,hrd_binary_33,MuAt-compatible reimplementation,muat_compatible_qkv_attention,1.0,,,3,0.0,1.0,0.0,7.152557373046875e-07,1.0
TCGA-BH-A0DE,tcga_mc3_wes,hrd_binary_33,MuAt-compatible reimplementation,muat_compatible_qkv_attention,0.0,,,5,0.0,0.9990234375,0.0,0.0009183883666992,1.0
TCGA-BH-A0DG,tcga_mc3_wes,hrd_binary_33,MuAt-compatible reimplementation,muat_compatible_qkv_attention,0.0,,,3,0.0,1.0,0.0,3.5762786865234375e-07,1.0
TCGA-BH-A0DH,tcga_mc3_wes,hrd_binary_33,MuAt-compatible reimplementation,muat_compatible_qkv_attention,0.0,,,1,0.0,0.9990234375,0.0,0.0010900497436523,1.0
TCGA-BH-A0DI,tcga_mc3_wes,hrd_binary_33,MuAt-compatible reimplementation,muat_compatible_qkv_attention,0.0,,,3,0.0,0.990234375,0.0,0.0097732543945312,1.0
TCGA-BH-A0DK,tcga_mc3_wes,hrd_binary_33,MuAt-compatible reimplementation,muat_compatible_qkv_attention,0.0,,,1,1.0,0.020294189453125,0.0,0.9794921875,1.0
TCGA-BH-A0DL,tcga_mc3_wes,hrd_binary_33,MuAt-compatible reimplementation,muat_compatible_qkv_attention,0.0,,,1,0.0,0.994140625,0.0,0.0059356689453125,1.0
TCGA-BH-A0DO,tcga_mc3_wes,hrd_binary_33,MuAt-compatible reimplementation,muat_compatible_qkv_attention,0.0,,,1,0.0,1.0,0.0,5.370378494262695e-05,1.0
TCGA-BH-A0DQ,tcga_mc3_wes,hrd_binary_33,MuAt-compatible reimplementation,muat_compatible_qkv_attention,0.0,,,1,1.0,0.053009033203125,0.0,0.94677734375,1.0
TCGA-BH-A0DS,tcga_mc3_wes,hrd_binary_33,MuAt-compatible reimplementation,muat_compatible_qkv_attention,0.0,,,4,0.0,0.99853515625,0.0,0.0013246536254882,1.0
TCGA-BH-A0DT,tcga_mc3_wes,hrd_binary_33,MuAt-compatible reimplementation,muat_compatible_qkv_attention,0.0,,,3,0.0,1.0,0.0,1.1146068572998049e-05,1.0
TCGA-BH-A0DV,tcga_mc3_wes,hrd_binary_33,MuAt-compatible reimplementation,muat_compatible_qkv_attention,0.0,,,5,1.0,0.0047187805175781,0.0,0.9951171875,1.0
TCGA-BH-A0DX,tcga_mc3_wes,hrd_binary_33,MuAt-compatible reimplementation,muat_compatible_qkv_attention,0.0,,,4,0.0,0.9990234375,0.0,0.0009417533874511,1.0
TCGA-BH-A0DZ,tcga_mc3_wes,hrd_binary_33,MuAt-compatible reimplementation,muat_compatible_qkv_attention,0.0,,,3,1.0,0.1568603515625,0.0,0.84326171875,1.0
TCGA-BH-A0E0,tcga_mc3_wes,hrd_binary_33,MuAt-compatible reimplementation,muat_compatible_qkv_attention,0.0,,,5,1.0,8.481740951538086e-05,0.0,1.0,1.0
TCGA-BH-A0E1,tcga_mc3_wes,hrd_binary_33,MuAt-compatible reimplementation,muat_compatible_qkv_attention,0.0,,,1,0.0,0.994140625,0.0,0.0060195922851562,1.0
TCGA-BH-A0E2,tcga_mc3_wes,hrd_binary_33,MuAt-compatible reimplementation,muat_compatible_qkv_attention,0.0,,,3,0.0,0.9638671875,0.0,0.0360107421875,1.0
TCGA-BH-A0E7,tcga_mc3_wes,hrd_binary_33,MuAt-compatible reimplementation,muat_compatible_qkv_attention,0.0,,,4,0.0,0.99072265625,0.0,0.00921630859375,1.0
TCGA-BH-A0E9,tcga_mc3_wes,hrd_binary_33,MuAt-compatible reimplementation,muat_compatible_qkv_attention,0.0,,,5,0.0,1.0,0.0,1.3709068298339844e-06,1.0
TCGA-BH-A0EA,tcga_mc3_wes,hrd_binary_33,MuAt-compatible reimplementation,muat_compatible_qkv_attention,0.0,,,5,0.0,1.0,0.0,3.5762786865234375e-07,1.0
TCGA-BH-A0EB,tcga_mc3_wes,hrd_binary_33,MuAt-compatible reimplementation,muat_compatible_qkv_attention,0.0,,,1,0.0,0.5966796875,0.0,0.4033203125,1.0
TCGA-BH-A0EE,tcga_mc3_wes,hrd_binary_33,MuAt-compatible reimplementation,muat_compatible_qkv_attention,0.0,,,2,0.0,0.91064453125,0.0,0.0894775390625,1.0
TCGA-BH-A0GY,tcga_mc3_wes,hrd_binary_33,MuAt-compatible reimplementation,muat_compatible_qkv_attention,0.0,,,4,0.0,0.98095703125,0.0,0.0189056396484375,1.0
TCGA-BH-A0H0,tcga_mc3_wes,hrd_binary_33,MuAt-compatible reimplementation,muat_compatible_qkv_attention,0.0,,,1,0.0,0.99853515625,0.0,0.0016069412231445,1.0
TCGA-BH-A0H6,tcga_mc3_wes,hrd_binary_33,MuAt-compatible reimplementation,muat_compatible_qkv_attention,0.0,,,5,0.0,1.0,0.0,5.7220458984375e-06,1.0
TCGA-BH-A0H7,tcga_mc3_wes,hrd_binary_33,MuAt-compatible reimplementation,muat_compatible_qkv_attention,1.0,,,3,0.0,1.0,0.0,1.4066696166992188e-05,1.0
TCGA-BH-A0HA,tcga_mc3_wes,hrd_binary_33,MuAt-compatible reimplementation,muat_compatible_qkv_attention,0.0,,,4,0.0,0.97265625,0.0,0.0274810791015625,1.0
TCGA-BH-A0HB,tcga_mc3_wes,hrd_binary_33,MuAt-compatible reimplementation,muat_compatible_qkv_attention,0.0,,,1,0.0,1.0,0.0,7.43865966796875e-05,1.0
TCGA-BH-A0HI,tcga_mc3_wes,hrd_binary_33,MuAt-compatible reimplementation,muat_compatible_qkv_attention,0.0,,,5,0.0,1.0,0.0,8.344650268554688e-06,1.0
TCGA-BH-A0HK,tcga_mc3_wes,hrd_binary_33,MuAt-compatible reimplementation,muat_compatible_qkv_attention,0.0,,,5,0.0,1.0,0.0,0.0001238584518432,1.0
TCGA-BH-A0HO,tcga_mc3_wes,hrd_binary_33,MuAt-compatible reimplementation,muat_compatible_qkv_attention,0.0,,,5,0.0,1.0,0.0,1.1146068572998049e-05,1.0
TCGA-BH-A0HP,tcga_mc3_wes,hrd_binary_33,MuAt-compatible reimplementation,muat_compatible_qkv_attention,0.0,,,2,0.0,0.8671875,0.0,0.132568359375,1.0
TCGA-BH-A0HQ,tcga_mc3_wes,hrd_binary_33,MuAt-compatible reimplementation,muat_compatible_qkv_attention,0.0,,,1,0.0,0.912109375,0.0,0.08807373046875,1.0
TCGA-BH-A0HU,tcga_mc3_wes,hrd_binary_33,MuAt-compatible reimplementation,muat_compatible_qkv_attention,1.0,,,3,0.0,1.0,0.0,1.728534698486328e-06,1.0
TCGA-BH-A0HW,tcga_mc3_wes,hrd_binary_33,MuAt-compatible reimplementation,muat_compatible_qkv_attention,0.0,,,1,0.0,0.99658203125,0.0,0.0035514831542968,1.0
TCGA-BH-A0HX,tcga_mc3_wes,hrd_binary_33,MuAt-compatible reimplementation,muat_compatible_qkv_attention,1.0,,,2,0.0,0.7451171875,0.0,0.2548828125,1.0
TCGA-BH-A0HY,tcga_mc3_wes,hrd_binary_33,MuAt-compatible reimplementation,muat_compatible_qkv_attention,1.0,,,1,1.0,0.322998046875,0.0,0.6767578125,1.0
TCGA-BH-A0W3,tcga_mc3_wes,hrd_binary_33,MuAt-compatible reimplementation,muat_compatible_qkv_attention,0.0,,,4,0.0,0.9970703125,0.0,0.0030879974365234,1.0
TCGA-BH-A0W4,tcga_mc3_wes,hrd_binary_33,MuAt-compatible reimplementation,muat_compatible_qkv_attention,0.0,,,5,0.0,0.87109375,0.0,0.12890625,1.0
TCGA-BH-A0WA,tcga_mc3_wes,hrd_binary_33,MuAt-compatible reimplementation,muat_compatible_qkv_attention,1.0,,,3,0.0,0.94775390625,0.0,0.052093505859375,1.0
TCGA-BH-A18F,tcga_mc3_wes,hrd_binary_33,MuAt-compatible reimplementation,muat_compatible_qkv_attention,0.0,,,4,0.0,0.9990234375,0.0,0.0010604858398437,1.0
TCGA-BH-A18G,tcga_mc3_wes,hrd_binary_33,MuAt-compatible reimplementation,muat_compatible_qkv_attention,0.0,,,4,0.0,0.88427734375,0.0,0.11590576171875,1.0
TCGA-BH-A18H,tcga_mc3_wes,hrd_binary_33,MuAt-compatible reimplementation,muat_compatible_qkv_attention,0.0,,,1,0.0,0.9951171875,0.0,0.0049057006835937,1.0
TCGA-BH-A18I,tcga_mc3_wes,hrd_binary_33,MuAt-compatible reimplementation,muat_compatible_qkv_attention,0.0,,,1,0.0,0.98046875,0.0,0.01959228515625,1.0
TCGA-BH-A18J,tcga_mc3_wes,hrd_binary_33,MuAt-compatible reimplementation,muat_compatible_qkv_attention,0.0,,,4,0.0,0.9755859375,0.0,0.0243988037109375,1.0
TCGA-BH-A18K,tcga_mc3_wes,hrd_binary_33,MuAt-compatible reimplementation,muat_compatible_qkv_attention,0.0,,,5,1.0,0.1962890625,0.0,0.8037109375,1.0
TCGA-BH-A18L,tcga_mc3_wes,hrd_binary_33,MuAt-compatible reimplementation,muat_compatible_qkv_attention,0.0,,,1,1.0,0.373291015625,0.0,0.62646484375,1.0
TCGA-BH-A18M,tcga_mc3_wes,hrd_binary_33,MuAt-compatible reimplementation,muat_compatible_qkv_attention,0.0,,,4,0.0,0.99853515625,0.0,0.0016193389892578,1.0
TCGA-BH-A18N,tcga_mc3_wes,hrd_binary_33,MuAt-compatible reimplementation,muat_compatible_qkv_attention,0.0,,,2,0.0,0.857421875,0.0,0.1427001953125,1.0
TCGA-BH-A18P,tcga_mc3_wes,hrd_binary_33,MuAt-compatible reimplementation,muat_compatible_qkv_attention,0.0,,,1,1.0,0.0117111206054687,0.0,0.98828125,1.0
TCGA-BH-A18Q,tcga_mc3_wes,hrd_binary_33,MuAt-compatible reimplementation,muat_compatible_qkv_attention,1.0,,,2,0.0,0.54248046875,0.0,0.457275390625,1.0
TCGA-BH-A18R,tcga_mc3_wes,hrd_binary_33,MuAt-compatible reimplementation,muat_compatible_qkv_attention,0.0,,,5,0.0,0.8837890625,0.0,0.11602783203125,1.0
TCGA-BH-A18S,tcga_mc3_wes,hrd_binary_33,MuAt-compatible reimplementation,muat_compatible_qkv_attention,0.0,,,3,0.0,1.0,0.0,2.86102294921875e-06,1.0
TCGA-BH-A18T,tcga_mc3_wes,hrd_binary_33,MuAt-compatible reimplementation,muat_compatible_qkv_attention,1.0,,,1,1.0,2.1338462829589844e-05,0.0,1.0,1.0
TCGA-BH-A18U,tcga_mc3_wes,hrd_binary_33,MuAt-compatible reimplementation,muat_compatible_qkv_attention,1.0,,,2,0.0,0.8974609375,0.0,0.102783203125,1.0
TCGA-BH-A1EO,tcga_mc3_wes,hrd_binary_33,MuAt-compatible reimplementation,muat_compatible_qkv_attention,0.0,,,5,0.0,0.99951171875,0.0,0.0002942085266113,1.0
TCGA-BH-A1ET,tcga_mc3_wes,hrd_binary_33,MuAt-compatible reimplementation,muat_compatible_qkv_attention,0.0,,,2,0.0,0.99609375,0.0,0.0040855407714843,1.0
TCGA-BH-A1EU,tcga_mc3_wes,hrd_binary_33,MuAt-compatible reimplementation,muat_compatible_qkv_attention,0.0,,,4,0.0,0.990234375,0.0,0.0095977783203125,1.0
TCGA-BH-A1EV,tcga_mc3_wes,hrd_binary_33,MuAt-compatible reimplementation,muat_compatible_qkv_attention,0.0,,,2,0.0,0.84912109375,0.0,0.150634765625,1.0
TCGA-BH-A1EW,tcga_mc3_wes,hrd_binary_33,MuAt-compatible reimplementation,muat_compatible_qkv_attention,0.0,,,2,0.0,0.86083984375,0.0,0.13916015625,1.0
TCGA-BH-A1EX,tcga_mc3_wes,hrd_binary_33,MuAt-compatible reimplementation,muat_compatible_qkv_attention,0.0,,,2,0.0,0.89990234375,0.0,0.1002197265625,1.0
TCGA-BH-A1EY,tcga_mc3_wes,hrd_binary_33,MuAt-compatible reimplementation,muat_compatible_qkv_attention,1.0,,,2,0.0,0.9384765625,0.0,0.061370849609375,1.0
TCGA-BH-A1F0,tcga_mc3_wes,hrd_binary_33,MuAt-compatible reimplementation,muat_compatible_qkv_attention,1.0,,,2,0.0,0.75439453125,0.0,0.2457275390625,1.0
TCGA-BH-A1F2,tcga_mc3_wes,hrd_binary_33,MuAt-compatible reimplementation,muat_compatible_qkv_attention,1.0,,,3,0.0,0.99951171875,0.0,0.0006461143493652,1.0
TCGA-BH-A1FC,tcga_mc3_wes,hrd_binary_33,MuAt-compatible reimplementation,muat_compatible_qkv_attention,1.0,,,2,0.0,0.7783203125,0.0,0.2216796875,1.0
TCGA-BH-A1FE,tcga_mc3_wes,hrd_binary_33,MuAt-compatible reimplementation,muat_compatible_qkv_attention,0.0,,,5,1.0,0.0135345458984375,0.0,0.986328125,1.0
TCGA-BH-A1FG,tcga_mc3_wes,hrd_binary_33,MuAt-compatible reimplementation,muat_compatible_qkv_attention,0.0,,,2,0.0,0.87109375,0.0,0.1290283203125,1.0
TCGA-BH-A1FJ,tcga_mc3_wes,hrd_binary_33,MuAt-compatible reimplementation,muat_compatible_qkv_attention,0.0,,,2,0.0,0.84375,0.0,0.15625,1.0
TCGA-BH-A1FL,tcga_mc3_wes,hrd_binary_33,MuAt-compatible reimplementation,muat_compatible_qkv_attention,0.0,,,5,0.0,0.99853515625,0.0,0.0014295578002929,1.0
TCGA-BH-A1FM,tcga_mc3_wes,hrd_binary_33,MuAt-compatible reimplementation,muat_compatible_qkv_attention,1.0,,,2,0.0,0.91796875,0.0,0.082275390625,1.0
TCGA-BH-A1FN,tcga_mc3_wes,hrd_binary_33,MuAt-compatible reimplementation,muat_compatible_qkv_attention,1.0,,,5,0.0,0.98681640625,0.0,0.0131454467773437,1.0
TCGA-BH-A1FU,tcga_mc3_wes,hrd_binary_33,MuAt-compatible reimplementation,muat_compatible_qkv_attention,0.0,,,2,0.0,0.8212890625,0.0,0.1788330078125,1.0
TCGA-BH-A201,tcga_mc3_wes,hrd_binary_33,MuAt-compatible reimplementation,muat_compatible_qkv_attention,0.0,,,5,0.0,1.0,0.0,3.427267074584961e-05,1.0
TCGA-BH-A202,tcga_mc3_wes,hrd_binary_33,MuAt-compatible reimplementation,muat_compatible_qkv_attention,0.0,,,2,0.0,0.96142578125,0.0,0.038360595703125,1.0
TCGA-BH-A203,tcga_mc3_wes,hrd_binary_33,MuAt-compatible reimplementation,muat_compatible_qkv_attention,1.0,,,5,0.0,0.99951171875,0.0,0.0003800392150878,1.0
TCGA-BH-A204,tcga_mc3_wes,hrd_binary_33,MuAt-compatible reimplementation,muat_compatible_qkv_attention,0.0,,,1,0.0,0.8828125,0.0,0.11712646484375,1.0
TCGA-BH-A208,tcga_mc3_wes,hrd_binary_33,MuAt-compatible reimplementation,muat_compatible_qkv_attention,0.0,,,4,0.0,0.8271484375,0.0,0.1728515625,1.0
TCGA-BH-A209,tcga_mc3_wes,hrd_binary_33,MuAt-compatible reimplementation,muat_compatible_qkv_attention,0.0,,,3,0.0,0.96435546875,0.0,0.035736083984375,1.0
TCGA-BH-A28Q,tcga_mc3_wes,hrd_binary_33,MuAt-compatible reimplementation,muat_compatible_qkv_attention,0.0,,,3,0.0,1.0,0.0,9.5367431640625e-07,1.0
TCGA-BH-A2L8,tcga_mc3_wes,hrd_binary_33,MuAt-compatible reimplementation,muat_compatible_qkv_attention,0.0,,,5,0.0,0.9892578125,0.0,0.010528564453125,1.0
TCGA-BH-A42V,tcga_mc3_wes,hrd_binary_33,MuAt-compatible reimplementation,muat_compatible_qkv_attention,0.0,,,1,0.0,0.9873046875,0.0,0.0127716064453125,1.0
TCGA-BH-A5IZ,tcga_mc3_wes,hrd_binary_33,MuAt-compatible reimplementation,muat_compatible_qkv_attention,1.0,,,4,0.0,0.60888671875,0.0,0.391357421875,1.0
TCGA-BH-A6R8,tcga_mc3_wes,hrd_binary_33,MuAt-compatible reimplementation,muat_compatible_qkv_attention,0.0,,,4,0.0,0.97802734375,0.0,0.0221405029296875,1.0
TCGA-BH-A6R9,tcga_mc3_wes,hrd_binary_33,MuAt-compatible reimplementation,muat_compatible_qkv_attention,0.0,,,5,1.0,0.4345703125,0.0,0.5654296875,1.0
TCGA-BH-A8FY,tcga_mc3_wes,hrd_binary_33,MuAt-compatible reimplementation,muat_compatible_qkv_attention,0.0,,,4,0.0,0.9775390625,0.0,0.02264404296875,1.0
TCGA-BH-A8FZ,tcga_mc3_wes,hrd_binary_33,MuAt-compatible reimplementation,muat_compatible_qkv_attention,1.0,,,3,1.0,0.027252197265625,0.0,0.97265625,1.0
TCGA-BH-A8G0,tcga_mc3_wes,hrd_binary_33,MuAt-compatible reimplementation,muat_compatible_qkv_attention,0.0,,,2,0.0,0.9443359375,0.0,0.055816650390625,1.0
TCGA-BH-AB28,tcga_mc3_wes,hrd_binary_33,MuAt-compatible reimplementation,muat_compatible_qkv_attention,0.0,,,3,0.0,1.0,0.0,7.569789886474609e-06,1.0
TCGA-C8-A12L,tcga_mc3_wes,hrd_binary_33,MuAt-compatible reimplementation,muat_compatible_qkv_attention,1.0,,,1,1.0,0.4921875,0.0,0.5078125,1.0
TCGA-C8-A12M,tcga_mc3_wes,hrd_binary_33,MuAt-compatible reimplementation,muat_compatible_qkv_attention,0.0,,,4,0.0,0.71826171875,0.0,0.28173828125,1.0
TCGA-C8-A12N,tcga_mc3_wes,hrd_binary_33,MuAt-compatible reimplementation,muat_compatible_qkv_attention,0.0,,,4,1.0,0.02740478515625,0.0,0.97265625,1.0
TCGA-C8-A12O,tcga_mc3_wes,hrd_binary_33,MuAt-compatible reimplementation,muat_compatible_qkv_attention,0.0,,,3,0.0,1.0,0.0,0.0,1.0
TCGA-C8-A12P,tcga_mc3_wes,hrd_binary_33,MuAt-compatible reimplementation,muat_compatible_qkv_attention,1.0,,,2,0.0,0.8662109375,0.0,0.133544921875,1.0
TCGA-C8-A12Q,tcga_mc3_wes,hrd_binary_33,MuAt-compatible reimplementation,muat_compatible_qkv_attention,1.0,,,4,1.0,0.452392578125,0.0,0.54736328125,1.0
TCGA-C8-A12U,tcga_mc3_wes,hrd_binary_33,MuAt-compatible reimplementation,muat_compatible_qkv_attention,1.0,,,1,0.0,1.0,0.0,0.000117540359497,1.0
TCGA-C8-A12W,tcga_mc3_wes,hrd_binary_33,MuAt-compatible reimplementation,muat_compatible_qkv_attention,0.0,,,1,0.0,0.98681640625,0.0,0.0131454467773437,1.0
TCGA-C8-A12Y,tcga_mc3_wes,hrd_binary_33,MuAt-compatible reimplementation,muat_compatible_qkv_attention,0.0,,,2,0.0,0.94189453125,0.0,0.058074951171875,1.0
TCGA-C8-A12Z,tcga_mc3_wes,hrd_binary_33,MuAt-compatible reimplementation,muat_compatible_qkv_attention,0.0,,,1,0.0,1.0,0.0,6.121397018432617e-05,1.0
TCGA-C8-A130,tcga_mc3_wes,hrd_binary_33,MuAt-compatible reimplementation,muat_compatible_qkv_attention,1.0,,,2,0.0,0.93212890625,0.0,0.06805419921875,1.0
TCGA-C8-A131,tcga_mc3_wes,hrd_binary_33,MuAt-compatible reimplementation,muat_compatible_qkv_attention,0.0,,,2,0.0,0.8720703125,0.0,0.1279296875,1.0
TCGA-C8-A132,tcga_mc3_wes,hrd_binary_33,MuAt-compatible reimplementation,muat_compatible_qkv_attention,1.0,,,5,0.0,0.93115234375,0.0,0.06878662109375,1.0
TCGA-C8-A133,tcga_mc3_wes,hrd_binary_33,MuAt-compatible reimplementation,muat_compatible_qkv_attention,0.0,,,1,0.0,0.99951171875,0.0,0.000352144241333,1.0
TCGA-C8-A135,tcga_mc3_wes,hrd_binary_33,MuAt-compatible reimplementation,muat_compatible_qkv_attention,0.0,,,4,1.0,0.35791015625,0.0,0.64208984375,1.0
TCGA-C8-A137,tcga_mc3_wes,hrd_binary_33,MuAt-compatible reimplementation,muat_compatible_qkv_attention,1.0,,,4,0.0,0.99658203125,0.0,0.0032405853271484,1.0
TCGA-C8-A138,tcga_mc3_wes,hrd_binary_33,MuAt-compatible reimplementation,muat_compatible_qkv_attention,1.0,,,4,0.0,0.962890625,0.0,0.037078857421875,1.0
TCGA-C8-A1HE,tcga_mc3_wes,hrd_binary_33,MuAt-compatible reimplementation,muat_compatible_qkv_attention,0.0,,,4,0.0,0.9599609375,0.0,0.03985595703125,1.0
TCGA-C8-A1HF,tcga_mc3_wes,hrd_binary_33,MuAt-compatible reimplementation,muat_compatible_qkv_attention,0.0,,,2,0.0,0.955078125,0.0,0.044921875,1.0
TCGA-C8-A1HG,tcga_mc3_wes,hrd_binary_33,MuAt-compatible reimplementation,muat_compatible_qkv_attention,1.0,,,4,0.0,0.9111328125,0.0,0.08892822265625,1.0
TCGA-C8-A1HJ,tcga_mc3_wes,hrd_binary_33,MuAt-compatible reimplementation,muat_compatible_qkv_attention,1.0,,,5,1.0,0.0882568359375,0.0,0.91162109375,1.0
TCGA-C8-A1HK,tcga_mc3_wes,hrd_binary_33,MuAt-compatible reimplementation,muat_compatible_qkv_attention,0.0,,,3,0.0,0.99951171875,0.0,0.0002622604370117,1.0
TCGA-C8-A1HL,tcga_mc3_wes,hrd_binary_33,MuAt-compatible reimplementation,muat_compatible_qkv_attention,0.0,,,4,0.0,0.99169921875,0.0,0.0082015991210937,1.0
TCGA-C8-A1HM,tcga_mc3_wes,hrd_binary_33,MuAt-compatible reimplementation,muat_compatible_qkv_attention,1.0,,,1,0.0,0.62548828125,0.0,0.374755859375,1.0
TCGA-C8-A26V,tcga_mc3_wes,hrd_binary_33,MuAt-compatible reimplementation,muat_compatible_qkv_attention,0.0,,,3,0.0,0.9990234375,0.0,0.0011854171752929,1.0
TCGA-C8-A26W,tcga_mc3_wes,hrd_binary_33,MuAt-compatible reimplementation,muat_compatible_qkv_attention,0.0,,,1,0.0,0.99853515625,0.0,0.0016641616821289,1.0
TCGA-C8-A26X,tcga_mc3_wes,hrd_binary_33,MuAt-compatible reimplementation,muat_compatible_qkv_attention,0.0,,,3,0.0,0.9921875,0.0,0.0076942443847656,1.0
TCGA-C8-A26Y,tcga_mc3_wes,hrd_binary_33,MuAt-compatible reimplementation,muat_compatible_qkv_attention,1.0,,,3,1.0,0.040802001953125,0.0,0.958984375,1.0
TCGA-C8-A26Z,tcga_mc3_wes,hrd_binary_33,MuAt-compatible reimplementation,muat_compatible_qkv_attention,0.0,,,1,1.0,0.406494140625,0.0,0.59375,1.0
TCGA-C8-A273,tcga_mc3_wes,hrd_binary_33,MuAt-compatible reimplementation,muat_compatible_qkv_attention,0.0,,,2,0.0,0.8671875,0.0,0.1329345703125,1.0
TCGA-C8-A275,tcga_mc3_wes,hrd_binary_33,MuAt-compatible reimplementation,muat_compatible_qkv_attention,0.0,,,5,1.0,0.0034370422363281,0.0,0.99658203125,1.0
TCGA-C8-A278,tcga_mc3_wes,hrd_binary_33,MuAt-compatible reimplementation,muat_compatible_qkv_attention,0.0,,,5,0.0,0.96923828125,0.0,0.030731201171875,1.0
TCGA-C8-A27A,tcga_mc3_wes,hrd_binary_33,MuAt-compatible reimplementation,muat_compatible_qkv_attention,1.0,,,4,0.0,0.8662109375,0.0,0.133544921875,1.0
TCGA-C8-A27B,tcga_mc3_wes,hrd_binary_33,MuAt-compatible reimplementation,muat_compatible_qkv_attention,1.0,,,3,1.0,0.21630859375,0.0,0.78369140625,1.0
TCGA-C8-A8HP,tcga_mc3_wes,hrd_binary_33,MuAt-compatible reimplementation,muat_compatible_qkv_attention,0.0,,,2,0.0,0.8564453125,0.0,0.1435546875,1.0
TCGA-C8-A8HQ,tcga_mc3_wes,hrd_binary_33,MuAt-compatible reimplementation,muat_compatible_qkv_attention,0.0,,,4,0.0,0.99853515625,0.0,0.0015125274658203,1.0
TCGA-C8-A8HR,tcga_mc3_wes,hrd_binary_33,MuAt-compatible reimplementation,muat_compatible_qkv_attention,1.0,,,1,1.0,0.0655517578125,0.0,0.9345703125,1.0
TCGA-D8-A13Y,tcga_mc3_wes,hrd_binary_33,MuAt-compatible reimplementation,muat_compatible_qkv_attention,1.0,,,2,0.0,0.81591796875,0.0,0.183837890625,1.0
TCGA-D8-A13Z,tcga_mc3_wes,hrd_binary_33,MuAt-compatible reimplementation,muat_compatible_qkv_attention,1.0,,,2,0.0,0.7666015625,0.0,0.2335205078125,1.0
TCGA-D8-A140,tcga_mc3_wes,hrd_binary_33,MuAt-compatible reimplementation,muat_compatible_qkv_attention,0.0,,,2,0.0,0.826171875,0.0,0.1737060546875,1.0
TCGA-D8-A141,tcga_mc3_wes,hrd_binary_33,MuAt-compatible reimplementation,muat_compatible_qkv_attention,0.0,,,5,0.0,0.99755859375,0.0,0.0023918151855468,1.0
TCGA-D8-A143,tcga_mc3_wes,hrd_binary_33,MuAt-compatible reimplementation,muat_compatible_qkv_attention,1.0,,,4,0.0,0.76123046875,0.0,0.23876953125,1.0
TCGA-D8-A145,tcga_mc3_wes,hrd_binary_33,MuAt-compatible reimplementation,muat_compatible_qkv_attention,0.0,,,2,0.0,0.9013671875,0.0,0.09869384765625,1.0
TCGA-D8-A147,tcga_mc3_wes,hrd_binary_33,MuAt-compatible reimplementation,muat_compatible_qkv_attention,1.0,,,2,0.0,0.59033203125,0.0,0.409423828125,1.0
TCGA-D8-A1J8,tcga_mc3_wes,hrd_binary_33,MuAt-compatible reimplementation,muat_compatible_qkv_attention,0.0,,,1,1.0,0.2469482421875,0.0,0.7529296875,1.0
TCGA-D8-A1J9,tcga_mc3_wes,hrd_binary_33,MuAt-compatible reimplementation,muat_compatible_qkv_attention,0.0,,,1,0.0,0.97802734375,0.0,0.0220184326171875,1.0
TCGA-D8-A1JA,tcga_mc3_wes,hrd_binary_33,MuAt-compatible reimplementation,muat_compatible_qkv_attention,0.0,,,2,0.0,0.7099609375,0.0,0.290283203125,1.0
TCGA-D8-A1JB,tcga_mc3_wes,hrd_binary_33,MuAt-compatible reimplementation,muat_compatible_qkv_attention,1.0,,,1,0.0,0.998046875,0.0,0.0021533966064453,1.0
TCGA-D8-A1JC,tcga_mc3_wes,hrd_binary_33,MuAt-compatible reimplementation,muat_compatible_qkv_attention,1.0,,,2,0.0,0.89697265625,0.0,0.10321044921875,1.0
TCGA-D8-A1JD,tcga_mc3_wes,hrd_binary_33,MuAt-compatible reimplementation,muat_compatible_qkv_attention,1.0,,,1,1.0,0.11810302734375,0.0,0.8818359375,1.0
TCGA-D8-A1JF,tcga_mc3_wes,hrd_binary_33,MuAt-compatible reimplementation,muat_compatible_qkv_attention,0.0,,,5,0.0,0.9501953125,0.0,0.050018310546875,1.0
TCGA-D8-A1JG,tcga_mc3_wes,hrd_binary_33,MuAt-compatible reimplementation,muat_compatible_qkv_attention,0.0,,,5,1.0,0.0005593299865722,0.0,0.99951171875,1.0
TCGA-D8-A1JH,tcga_mc3_wes,hrd_binary_33,MuAt-compatible reimplementation,muat_compatible_qkv_attention,0.0,,,1,1.0,0.03851318359375,0.0,0.96142578125,1.0
TCGA-D8-A1JI,tcga_mc3_wes,hrd_binary_33,MuAt-compatible reimplementation,muat_compatible_qkv_attention,0.0,,,2,0.0,0.82080078125,0.0,0.17919921875,1.0
TCGA-D8-A1JJ,tcga_mc3_wes,hrd_binary_33,MuAt-compatible reimplementation,muat_compatible_qkv_attention,0.0,,,5,0.0,1.0,0.0,0.0001933574676513,1.0
TCGA-D8-A1JK,tcga_mc3_wes,hrd_binary_33,MuAt-compatible reimplementation,muat_compatible_qkv_attention,1.0,,,5,1.0,0.149169921875,0.0,0.85107421875,1.0
TCGA-D8-A1JL,tcga_mc3_wes,hrd_binary_33,MuAt-compatible reimplementation,muat_compatible_qkv_attention,1.0,,,4,0.0,0.71240234375,0.0,0.287353515625,1.0
TCGA-D8-A1JM,tcga_mc3_wes,hrd_binary_33,MuAt-compatible reimplementation,muat_compatible_qkv_attention,1.0,,,5,0.0,0.5927734375,0.0,0.407470703125,1.0
TCGA-D8-A1JN,tcga_mc3_wes,hrd_binary_33,MuAt-compatible reimplementation,muat_compatible_qkv_attention,0.0,,,2,0.0,0.9697265625,0.0,0.030364990234375,1.0
TCGA-D8-A1JP,tcga_mc3_wes,hrd_binary_33,MuAt-compatible reimplementation,muat_compatible_qkv_attention,1.0,,,5,0.0,0.9619140625,0.0,0.03814697265625,1.0
TCGA-D8-A1JS,tcga_mc3_wes,hrd_binary_33,MuAt-compatible reimplementation,muat_compatible_qkv_attention,0.0,,,2,0.0,0.9609375,0.0,0.039154052734375,1.0
TCGA-D8-A1JT,tcga_mc3_wes,hrd_binary_33,MuAt-compatible reimplementation,muat_compatible_qkv_attention,0.0,,,1,0.0,0.99658203125,0.0,0.0034828186035156,1.0
TCGA-D8-A1JU,tcga_mc3_wes,hrd_binary_33,MuAt-compatible reimplementation,muat_compatible_qkv_attention,0.0,,,2,0.0,0.98291015625,0.0,0.01708984375,1.0
TCGA-D8-A1X5,tcga_mc3_wes,hrd_binary_33,MuAt-compatible reimplementation,muat_compatible_qkv_attention,1.0,,,4,1.0,0.167236328125,0.0,0.8330078125,1.0
TCGA-D8-A1X7,tcga_mc3_wes,hrd_binary_33,MuAt-compatible reimplementation,muat_compatible_qkv_attention,0.0,,,3,0.0,1.0,0.0,4.76837158203125e-07,1.0
TCGA-D8-A1X8,tcga_mc3_wes,hrd_binary_33,MuAt-compatible reimplementation,muat_compatible_qkv_attention,0.0,,,5,0.0,0.9326171875,0.0,0.0675048828125,1.0
TCGA-D8-A1X9,tcga_mc3_wes,hrd_binary_33,MuAt-compatible reimplementation,muat_compatible_qkv_attention,1.0,,,5,0.0,0.9990234375,0.0,0.001133918762207,1.0
TCGA-D8-A1XA,tcga_mc3_wes,hrd_binary_33,MuAt-compatible reimplementation,muat_compatible_qkv_attention,0.0,,,5,0.0,0.54345703125,0.0,0.45654296875,1.0
TCGA-D8-A1XB,tcga_mc3_wes,hrd_binary_33,MuAt-compatible reimplementation,muat_compatible_qkv_attention,0.0,,,3,0.0,1.0,0.0,0.0,1.0
TCGA-D8-A1XC,tcga_mc3_wes,hrd_binary_33,MuAt-compatible reimplementation,muat_compatible_qkv_attention,0.0,,,4,0.0,0.94189453125,0.0,0.058074951171875,1.0
TCGA-D8-A1XF,tcga_mc3_wes,hrd_binary_33,MuAt-compatible reimplementation,muat_compatible_qkv_attention,0.0,,,5,0.0,0.81005859375,0.0,0.18994140625,1.0
TCGA-D8-A1XG,tcga_mc3_wes,hrd_binary_33,MuAt-compatible reimplementation,muat_compatible_qkv_attention,0.0,,,1,1.0,0.08892822265625,0.0,0.9111328125,1.0
TCGA-D8-A1XJ,tcga_mc3_wes,hrd_binary_33,MuAt-compatible reimplementation,muat_compatible_qkv_attention,1.0,,,3,0.0,1.0,0.0,4.76837158203125e-07,1.0
TCGA-D8-A1XK,tcga_mc3_wes,hrd_binary_33,MuAt-compatible reimplementation,muat_compatible_qkv_attention,1.0,,,5,1.0,0.014801025390625,0.0,0.9853515625,1.0
TCGA-D8-A1XL,tcga_mc3_wes,hrd_binary_33,MuAt-compatible reimplementation,muat_compatible_qkv_attention,1.0,,,1,1.0,0.0003919601440429,0.0,0.99951171875,1.0
TCGA-D8-A1XM,tcga_mc3_wes,hrd_binary_33,MuAt-compatible reimplementation,muat_compatible_qkv_attention,0.0,,,1,0.0,0.98828125,0.0,0.011688232421875,1.0
TCGA-D8-A1XO,tcga_mc3_wes,hrd_binary_33,MuAt-compatible reimplementation,muat_compatible_qkv_attention,0.0,,,1,0.0,0.9970703125,0.0,0.0030269622802734,1.0
TCGA-D8-A1XQ,tcga_mc3_wes,hrd_binary_33,MuAt-compatible reimplementation,muat_compatible_qkv_attention,1.0,,,5,0.0,1.0,0.0,4.649162292480469e-05,1.0
TCGA-D8-A1XR,tcga_mc3_wes,hrd_binary_33,MuAt-compatible reimplementation,muat_compatible_qkv_attention,0.0,,,4,0.0,0.99755859375,0.0,0.0022697448730468,1.0
TCGA-D8-A1XT,tcga_mc3_wes,hrd_binary_33,MuAt-compatible reimplementation,muat_compatible_qkv_attention,1.0,,,4,0.0,0.99755859375,0.0,0.0024528503417968,1.0
TCGA-D8-A1XV,tcga_mc3_wes,hrd_binary_33,MuAt-compatible reimplementation,muat_compatible_qkv_attention,0.0,,,5,0.0,1.0,0.0,2.80141830444336e-06,1.0
TCGA-D8-A1XW,tcga_mc3_wes,hrd_binary_33,MuAt-compatible reimplementation,muat_compatible_qkv_attention,1.0,,,5,1.0,0.0023918151855468,0.0,0.99755859375,1.0
TCGA-D8-A1XY,tcga_mc3_wes,hrd_binary_33,MuAt-compatible reimplementation,muat_compatible_qkv_attention,0.0,,,1,0.0,0.779296875,0.0,0.220458984375,1.0
TCGA-D8-A1XZ,tcga_mc3_wes,hrd_binary_33,MuAt-compatible reimplementation,muat_compatible_qkv_attention,0.0,,,3,0.0,1.0,0.0,5.066394805908203e-06,1.0
TCGA-D8-A1Y0,tcga_mc3_wes,hrd_binary_33,MuAt-compatible reimplementation,muat_compatible_qkv_attention,1.0,,,5,1.0,0.054595947265625,0.0,0.9453125,1.0
TCGA-D8-A1Y1,tcga_mc3_wes,hrd_binary_33,MuAt-compatible reimplementation,muat_compatible_qkv_attention,0.0,,,4,0.0,0.62109375,0.0,0.379150390625,1.0
TCGA-D8-A1Y2,tcga_mc3_wes,hrd_binary_33,MuAt-compatible reimplementation,muat_compatible_qkv_attention,0.0,,,4,0.0,0.99951171875,0.0,0.0004339218139648,1.0
TCGA-D8-A1Y3,tcga_mc3_wes,hrd_binary_33,MuAt-compatible reimplementation,muat_compatible_qkv_attention,1.0,,,3,0.0,0.736328125,0.0,0.263671875,1.0
TCGA-D8-A27E,tcga_mc3_wes,hrd_binary_33,MuAt-compatible reimplementation,muat_compatible_qkv_attention,0.0,,,5,0.0,0.9814453125,0.0,0.018402099609375,1.0
TCGA-D8-A27F,tcga_mc3_wes,hrd_binary_33,MuAt-compatible reimplementation,muat_compatible_qkv_attention,1.0,,,2,0.0,0.56884765625,0.0,0.431396484375,1.0
TCGA-D8-A27H,tcga_mc3_wes,hrd_binary_33,MuAt-compatible reimplementation,muat_compatible_qkv_attention,1.0,,,3,1.0,4.649162292480469e-06,0.0,1.0,1.0
TCGA-D8-A27K,tcga_mc3_wes,hrd_binary_33,MuAt-compatible reimplementation,muat_compatible_qkv_attention,0.0,,,4,0.0,0.9990234375,0.0,0.0010671615600585,1.0
TCGA-D8-A27L,tcga_mc3_wes,hrd_binary_33,MuAt-compatible reimplementation,muat_compatible_qkv_attention,0.0,,,3,0.0,1.0,0.0,5.960464477539064e-08,1.0
TCGA-D8-A27M,tcga_mc3_wes,hrd_binary_33,MuAt-compatible reimplementation,muat_compatible_qkv_attention,1.0,,,5,1.0,0.0009288787841796,0.0,0.9990234375,1.0
TCGA-D8-A27N,tcga_mc3_wes,hrd_binary_33,MuAt-compatible reimplementation,muat_compatible_qkv_attention,0.0,,,4,0.0,0.9912109375,0.0,0.008575439453125,1.0
TCGA-D8-A27P,tcga_mc3_wes,hrd_binary_33,MuAt-compatible reimplementation,muat_compatible_qkv_attention,0.0,,,4,0.0,0.9990234375,0.0,0.0009775161743164,1.0
TCGA-D8-A27R,tcga_mc3_wes,hrd_binary_33,MuAt-compatible reimplementation,muat_compatible_qkv_attention,1.0,,,2,0.0,0.77490234375,0.0,0.22509765625,1.0
TCGA-D8-A27T,tcga_mc3_wes,hrd_binary_33,MuAt-compatible reimplementation,muat_compatible_qkv_attention,0.0,,,5,0.0,1.0,0.0,2.980232238769531e-07,1.0
TCGA-D8-A27V,tcga_mc3_wes,hrd_binary_33,MuAt-compatible reimplementation,muat_compatible_qkv_attention,0.0,,,3,0.0,1.0,0.0,1.341104507446289e-05,1.0
TCGA-D8-A27W,tcga_mc3_wes,hrd_binary_33,MuAt-compatible reimplementation,muat_compatible_qkv_attention,0.0,,,1,0.0,0.9990234375,0.0,0.000826358795166,1.0
TCGA-D8-A3Z6,tcga_mc3_wes,hrd_binary_33,MuAt-compatible reimplementation,muat_compatible_qkv_attention,0.0,,,4,0.0,0.99755859375,0.0,0.0025062561035156,1.0
TCGA-D8-A4Z1,tcga_mc3_wes,hrd_binary_33,MuAt-compatible reimplementation,muat_compatible_qkv_attention,0.0,,,4,0.0,0.9990234375,0.0,0.0007853507995605,1.0
TCGA-D8-A73U,tcga_mc3_wes,hrd_binary_33,MuAt-compatible reimplementation,muat_compatible_qkv_attention,0.0,,,1,0.0,0.76611328125,0.0,0.23388671875,1.0
TCGA-D8-A73W,tcga_mc3_wes,hrd_binary_33,MuAt-compatible reimplementation,muat_compatible_qkv_attention,0.0,,,2,0.0,0.888671875,0.0,0.11114501953125,1.0
TCGA-D8-A73X,tcga_mc3_wes,hrd_binary_33,MuAt-compatible reimplementation,muat_compatible_qkv_attention,0.0,,,1,0.0,0.9208984375,0.0,0.0789794921875,1.0
TCGA-E2-A10A,tcga_mc3_wes,hrd_binary_33,MuAt-compatible reimplementation,muat_compatible_qkv_attention,0.0,,,3,0.0,1.0,0.0,0.0,1.0
TCGA-E2-A10C,tcga_mc3_wes,hrd_binary_33,MuAt-compatible reimplementation,muat_compatible_qkv_attention,0.0,,,1,0.0,0.93115234375,0.0,0.0687255859375,1.0
TCGA-E2-A14O,tcga_mc3_wes,hrd_binary_33,MuAt-compatible reimplementation,muat_compatible_qkv_attention,0.0,,,2,0.0,0.91845703125,0.0,0.08154296875,1.0
TCGA-E2-A14Q,tcga_mc3_wes,hrd_binary_33,MuAt-compatible reimplementation,muat_compatible_qkv_attention,0.0,,,4,0.0,0.99951171875,0.0,0.0006732940673828,1.0
TCGA-E2-A14R,tcga_mc3_wes,hrd_binary_33,MuAt-compatible reimplementation,muat_compatible_qkv_attention,1.0,,,1,1.0,0.0030097961425781,0.0,0.9970703125,1.0
TCGA-E2-A14T,tcga_mc3_wes,hrd_binary_33,MuAt-compatible reimplementation,muat_compatible_qkv_attention,0.0,,,1,0.0,0.9697265625,0.0,0.030303955078125,1.0
TCGA-E2-A14X,tcga_mc3_wes,hrd_binary_33,MuAt-compatible reimplementation,muat_compatible_qkv_attention,0.0,,,3,0.0,1.0,0.0,1.788139343261719e-07,1.0
TCGA-E2-A14Y,tcga_mc3_wes,hrd_binary_33,MuAt-compatible reimplementation,muat_compatible_qkv_attention,0.0,,,3,0.0,0.5048828125,0.0,0.4951171875,1.0
TCGA-E2-A14Z,tcga_mc3_wes,hrd_binary_33,MuAt-compatible reimplementation,muat_compatible_qkv_attention,1.0,,,4,0.0,0.86474609375,0.0,0.1351318359375,1.0
TCGA-E2-A150,tcga_mc3_wes,hrd_binary_33,MuAt-compatible reimplementation,muat_compatible_qkv_attention,1.0,,,1,1.0,0.432373046875,0.0,0.5673828125,1.0
TCGA-E2-A152,tcga_mc3_wes,hrd_binary_33,MuAt-compatible reimplementation,muat_compatible_qkv_attention,0.0,,,1,0.0,0.99609375,0.0,0.0037212371826171,1.0
TCGA-E2-A153,tcga_mc3_wes,hrd_binary_33,MuAt-compatible reimplementation,muat_compatible_qkv_attention,0.0,,,4,0.0,0.9990234375,0.0,0.0008296966552734,1.0
TCGA-E2-A154,tcga_mc3_wes,hrd_binary_33,MuAt-compatible reimplementation,muat_compatible_qkv_attention,0.0,,,4,0.0,0.9990234375,0.0,0.0010185241699218,1.0
TCGA-E2-A155,tcga_mc3_wes,hrd_binary_33,MuAt-compatible reimplementation,muat_compatible_qkv_attention,0.0,,,1,1.0,0.49658203125,0.0,0.50341796875,1.0
TCGA-E2-A156,tcga_mc3_wes,hrd_binary_33,MuAt-compatible reimplementation,muat_compatible_qkv_attention,0.0,,,3,0.0,1.0,0.0,1.0967254638671877e-05,1.0
TCGA-E2-A158,tcga_mc3_wes,hrd_binary_33,MuAt-compatible reimplementation,muat_compatible_qkv_attention,1.0,,,3,1.0,2.568960189819336e-05,0.0,1.0,1.0
TCGA-E2-A159,tcga_mc3_wes,hrd_binary_33,MuAt-compatible reimplementation,muat_compatible_qkv_attention,0.0,,,2,0.0,0.95361328125,0.0,0.046234130859375,1.0
TCGA-E2-A15A,tcga_mc3_wes,hrd_binary_33,MuAt-compatible reimplementation,muat_compatible_qkv_attention,1.0,,,1,0.0,0.7373046875,0.0,0.262939453125,1.0
TCGA-E2-A15C,tcga_mc3_wes,hrd_binary_33,MuAt-compatible reimplementation,muat_compatible_qkv_attention,0.0,,,3,0.0,0.99169921875,0.0,0.0084762573242187,1.0
TCGA-E2-A15D,tcga_mc3_wes,hrd_binary_33,MuAt-compatible reimplementation,muat_compatible_qkv_attention,0.0,,,3,0.0,1.0,0.0,2.384185791015625e-07,1.0
TCGA-E2-A15E,tcga_mc3_wes,hrd_binary_33,MuAt-compatible reimplementation,muat_compatible_qkv_attention,1.0,,,5,0.0,1.0,0.0,0.0001692771911621,1.0
TCGA-E2-A15G,tcga_mc3_wes,hrd_binary_33,MuAt-compatible reimplementation,muat_compatible_qkv_attention,0.0,,,1,0.0,0.97412109375,0.0,0.025787353515625,1.0
TCGA-E2-A15H,tcga_mc3_wes,hrd_binary_33,MuAt-compatible reimplementation,muat_compatible_qkv_attention,0.0,,,1,0.0,0.99853515625,0.0,0.0012569427490234,1.0
TCGA-E2-A15I,tcga_mc3_wes,hrd_binary_33,MuAt-compatible reimplementation,muat_compatible_qkv_attention,0.0,,,3,1.0,0.0155258178710937,0.0,0.984375,1.0
TCGA-E2-A15J,tcga_mc3_wes,hrd_binary_33,MuAt-compatible reimplementation,muat_compatible_qkv_attention,0.0,,,2,0.0,0.9150390625,0.0,0.085205078125,1.0
TCGA-E2-A15K,tcga_mc3_wes,hrd_binary_33,MuAt-compatible reimplementation,muat_compatible_qkv_attention,0.0,,,5,0.0,0.99609375,0.0,0.0040702819824218,1.0
TCGA-E2-A15M,tcga_mc3_wes,hrd_binary_33,MuAt-compatible reimplementation,muat_compatible_qkv_attention,1.0,,,1,0.0,0.841796875,0.0,0.158447265625,1.0
TCGA-E2-A15O,tcga_mc3_wes,hrd_binary_33,MuAt-compatible reimplementation,muat_compatible_qkv_attention,0.0,,,1,0.0,0.9677734375,0.0,0.032318115234375,1.0
TCGA-E2-A15P,tcga_mc3_wes,hrd_binary_33,MuAt-compatible reimplementation,muat_compatible_qkv_attention,0.0,,,3,0.0,1.0,0.0,5.143880844116211e-05,1.0
TCGA-E2-A15R,tcga_mc3_wes,hrd_binary_33,MuAt-compatible reimplementation,muat_compatible_qkv_attention,0.0,,,4,0.0,0.93017578125,0.0,0.06988525390625,1.0
TCGA-E2-A15T,tcga_mc3_wes,hrd_binary_33,MuAt-compatible reimplementation,muat_compatible_qkv_attention,0.0,,,5,0.0,0.98876953125,0.0,0.0114212036132812,1.0
TCGA-E2-A1AZ,tcga_mc3_wes,hrd_binary_33,MuAt-compatible reimplementation,muat_compatible_qkv_attention,1.0,,,1,0.0,1.0,0.0,0.0001653432846069,1.0
TCGA-E2-A1B0,tcga_mc3_wes,hrd_binary_33,MuAt-compatible reimplementation,muat_compatible_qkv_attention,1.0,,,2,0.0,0.87109375,0.0,0.1290283203125,1.0
TCGA-E2-A1B4,tcga_mc3_wes,hrd_binary_33,MuAt-compatible reimplementation,muat_compatible_qkv_attention,0.0,,,3,0.0,0.9775390625,0.0,0.022369384765625,1.0
TCGA-E2-A1B5,tcga_mc3_wes,hrd_binary_33,MuAt-compatible reimplementation,muat_compatible_qkv_attention,0.0,,,2,0.0,0.90771484375,0.0,0.092529296875,1.0
TCGA-E2-A1BC,tcga_mc3_wes,hrd_binary_33,MuAt-compatible reimplementation,muat_compatible_qkv_attention,0.0,,,3,0.0,0.990234375,0.0,0.009735107421875,1.0
TCGA-E2-A1BD,tcga_mc3_wes,hrd_binary_33,MuAt-compatible reimplementation,muat_compatible_qkv_attention,0.0,,,4,0.0,0.99658203125,0.0,0.0033435821533203,1.0
TCGA-E2-A1IE,tcga_mc3_wes,hrd_binary_33,MuAt-compatible reimplementation,muat_compatible_qkv_attention,0.0,,,5,0.0,0.9931640625,0.0,0.0069999694824218,1.0
TCGA-E2-A1IF,tcga_mc3_wes,hrd_binary_33,MuAt-compatible reimplementation,muat_compatible_qkv_attention,0.0,,,3,0.0,1.0,0.0,2.092123031616211e-05,1.0
TCGA-E2-A1IG,tcga_mc3_wes,hrd_binary_33,MuAt-compatible reimplementation,muat_compatible_qkv_attention,0.0,,,4,0.0,0.8427734375,0.0,0.1572265625,1.0
TCGA-E2-A1IH,tcga_mc3_wes,hrd_binary_33,MuAt-compatible reimplementation,muat_compatible_qkv_attention,0.0,,,3,1.0,0.0023651123046875,0.0,0.99755859375,1.0
TCGA-E2-A1IJ,tcga_mc3_wes,hrd_binary_33,MuAt-compatible reimplementation,muat_compatible_qkv_attention,0.0,,,3,0.0,1.0,0.0,5.960464477539064e-08,1.0
TCGA-E2-A1IK,tcga_mc3_wes,hrd_binary_33,MuAt-compatible reimplementation,muat_compatible_qkv_attention,0.0,,,1,0.0,0.568359375,0.0,0.431640625,1.0
TCGA-E2-A1IL,tcga_mc3_wes,hrd_binary_33,MuAt-compatible reimplementation,muat_compatible_qkv_attention,0.0,,,5,0.0,1.0,0.0,3.576278686523437e-06,1.0
TCGA-E2-A1IO,tcga_mc3_wes,hrd_binary_33,MuAt-compatible reimplementation,muat_compatible_qkv_attention,0.0,,,4,0.0,0.9912109375,0.0,0.0088272094726562,1.0
TCGA-E2-A1IU,tcga_mc3_wes,hrd_binary_33,MuAt-compatible reimplementation,muat_compatible_qkv_attention,0.0,,,3,0.0,0.9892578125,0.0,0.010711669921875,1.0
TCGA-E2-A1L6,tcga_mc3_wes,hrd_binary_33,MuAt-compatible reimplementation,muat_compatible_qkv_attention,0.0,,,2,0.0,0.95556640625,0.0,0.044403076171875,1.0
TCGA-E2-A1L8,tcga_mc3_wes,hrd_binary_33,MuAt-compatible reimplementation,muat_compatible_qkv_attention,0.0,,,2,0.0,0.95361328125,0.0,0.046295166015625,1.0
TCGA-E2-A1L9,tcga_mc3_wes,hrd_binary_33,MuAt-compatible reimplementation,muat_compatible_qkv_attention,0.0,,,5,0.0,0.912109375,0.0,0.0880126953125,1.0
TCGA-E2-A1LA,tcga_mc3_wes,hrd_binary_33,MuAt-compatible reimplementation,muat_compatible_qkv_attention,1.0,,,4,1.0,0.0082855224609375,0.0,0.99169921875,1.0
TCGA-E2-A1LG,tcga_mc3_wes,hrd_binary_33,MuAt-compatible reimplementation,muat_compatible_qkv_attention,0.0,,,2,0.0,0.82861328125,0.0,0.1712646484375,1.0
TCGA-E2-A1LH,tcga_mc3_wes,hrd_binary_33,MuAt-compatible reimplementation,muat_compatible_qkv_attention,1.0,,,1,1.0,0.41845703125,0.0,0.58154296875,1.0
TCGA-E2-A1LK,tcga_mc3_wes,hrd_binary_33,MuAt-compatible reimplementation,muat_compatible_qkv_attention,0.0,,,3,0.0,1.0,0.0,2.384185791015625e-07,1.0
TCGA-E2-A1LL,tcga_mc3_wes,hrd_binary_33,MuAt-compatible reimplementation,muat_compatible_qkv_attention,1.0,,,1,0.0,0.998046875,0.0,0.0021324157714843,1.0
TCGA-E2-A56Z,tcga_mc3_wes,hrd_binary_33,MuAt-compatible reimplementation,muat_compatible_qkv_attention,0.0,,,2,0.0,0.78125,0.0,0.2188720703125,1.0
TCGA-E2-A570,tcga_mc3_wes,hrd_binary_33,MuAt-compatible reimplementation,muat_compatible_qkv_attention,0.0,,,2,0.0,0.8779296875,0.0,0.12213134765625,1.0
TCGA-E2-A573,tcga_mc3_wes,hrd_binary_33,MuAt-compatible reimplementation,muat_compatible_qkv_attention,1.0,,,4,1.0,0.0068244934082031,0.0,0.9931640625,1.0
TCGA-E2-A576,tcga_mc3_wes,hrd_binary_33,MuAt-compatible reimplementation,muat_compatible_qkv_attention,0.0,,,5,0.0,1.0,0.0,2.1457672119140625e-06,1.0
TCGA-E2-A9RU,tcga_mc3_wes,hrd_binary_33,MuAt-compatible reimplementation,muat_compatible_qkv_attention,1.0,,,2,0.0,0.8681640625,0.0,0.1319580078125,1.0
TCGA-E9-A1N3,tcga_mc3_wes,hrd_binary_33,MuAt-compatible reimplementation,muat_compatible_qkv_attention,0.0,,,3,0.0,0.9990234375,0.0,0.0008120536804199,1.0
TCGA-E9-A1N5,tcga_mc3_wes,hrd_binary_33,MuAt-compatible reimplementation,muat_compatible_qkv_attention,0.0,,,3,1.0,0.03680419921875,0.0,0.96337890625,1.0
TCGA-E9-A1N8,tcga_mc3_wes,hrd_binary_33,MuAt-compatible reimplementation,muat_compatible_qkv_attention,0.0,,,5,1.0,0.0012397766113281,0.0,0.99853515625,1.0
TCGA-E9-A1N9,tcga_mc3_wes,hrd_binary_33,MuAt-compatible reimplementation,muat_compatible_qkv_attention,1.0,,,4,1.0,0.0206298828125,0.0,0.9794921875,1.0
TCGA-E9-A1NA,tcga_mc3_wes,hrd_binary_33,MuAt-compatible reimplementation,muat_compatible_qkv_attention,1.0,,,3,0.0,0.8623046875,0.0,0.1376953125,1.0
TCGA-E9-A1NC,tcga_mc3_wes,hrd_binary_33,MuAt-compatible reimplementation,muat_compatible_qkv_attention,1.0,,,3,1.0,0.0020713806152343,0.0,0.998046875,1.0
TCGA-E9-A1ND,tcga_mc3_wes,hrd_binary_33,MuAt-compatible reimplementation,muat_compatible_qkv_attention,1.0,,,4,1.0,0.024139404296875,0.0,0.97607421875,1.0
TCGA-E9-A1NE,tcga_mc3_wes,hrd_binary_33,MuAt-compatible reimplementation,muat_compatible_qkv_attention,0.0,,,5,1.0,0.0028457641601562,0.0,0.9970703125,1.0
TCGA-E9-A1NG,tcga_mc3_wes,hrd_binary_33,MuAt-compatible reimplementation,muat_compatible_qkv_attention,0.0,,,2,0.0,0.99853515625,0.0,0.0016813278198242,1.0
TCGA-E9-A1NH,tcga_mc3_wes,hrd_binary_33,MuAt-compatible reimplementation,muat_compatible_qkv_attention,0.0,,,2,0.0,0.93505859375,0.0,0.06500244140625,1.0
TCGA-E9-A1NI,tcga_mc3_wes,hrd_binary_33,MuAt-compatible reimplementation,muat_compatible_qkv_attention,0.0,,,1,0.0,1.0,0.0,6.556510925292969e-05,1.0
TCGA-E9-A1R0,tcga_mc3_wes,hrd_binary_33,MuAt-compatible reimplementation,muat_compatible_qkv_attention,0.0,,,3,0.0,1.0,0.0,1.1920928955078125e-07,1.0
TCGA-E9-A1R3,tcga_mc3_wes,hrd_binary_33,MuAt-compatible reimplementation,muat_compatible_qkv_attention,0.0,,,3,0.0,1.0,0.0,0.0,1.0
TCGA-E9-A1R5,tcga_mc3_wes,hrd_binary_33,MuAt-compatible reimplementation,muat_compatible_qkv_attention,0.0,,,4,0.0,0.64208984375,0.0,0.35791015625,1.0
TCGA-E9-A1R6,tcga_mc3_wes,hrd_binary_33,MuAt-compatible reimplementation,muat_compatible_qkv_attention,0.0,,,2,0.0,0.89794921875,0.0,0.1019287109375,1.0
TCGA-E9-A1R7,tcga_mc3_wes,hrd_binary_33,MuAt-compatible reimplementation,muat_compatible_qkv_attention,1.0,,,4,0.0,0.98828125,0.0,0.0115203857421875,1.0
TCGA-E9-A1RA,tcga_mc3_wes,hrd_binary_33,MuAt-compatible reimplementation,muat_compatible_qkv_attention,0.0,,,1,0.0,0.99755859375,0.0,0.0022163391113281,1.0
TCGA-E9-A1RB,tcga_mc3_wes,hrd_binary_33,MuAt-compatible reimplementation,muat_compatible_qkv_attention,0.0,,,2,0.0,0.8232421875,0.0,0.1766357421875,1.0
TCGA-E9-A1RC,tcga_mc3_wes,hrd_binary_33,MuAt-compatible reimplementation,muat_compatible_qkv_attention,0.0,,,4,0.0,0.9873046875,0.0,0.012847900390625,1.0
TCGA-E9-A1RD,tcga_mc3_wes,hrd_binary_33,MuAt-compatible reimplementation,muat_compatible_qkv_attention,0.0,,,3,0.0,1.0,0.0,6.556510925292969e-07,1.0
TCGA-E9-A1RE,tcga_mc3_wes,hrd_binary_33,MuAt-compatible reimplementation,muat_compatible_qkv_attention,1.0,,,5,0.0,1.0,0.0,1.5497207641601562e-06,1.0
TCGA-E9-A1RF,tcga_mc3_wes,hrd_binary_33,MuAt-compatible reimplementation,muat_compatible_qkv_attention,1.0,,,2,0.0,0.67236328125,0.0,0.327392578125,1.0
TCGA-E9-A1RG,tcga_mc3_wes,hrd_binary_33,MuAt-compatible reimplementation,muat_compatible_qkv_attention,1.0,,,2,0.0,0.8115234375,0.0,0.188232421875,1.0
TCGA-E9-A1RH,tcga_mc3_wes,hrd_binary_33,MuAt-compatible reimplementation,muat_compatible_qkv_attention,1.0,,,3,0.0,0.99560546875,0.0,0.0043754577636718,1.0
TCGA-E9-A226,tcga_mc3_wes,hrd_binary_33,MuAt-compatible reimplementation,muat_compatible_qkv_attention,0.0,,,4,0.0,0.9931640625,0.0,0.0069046020507812,1.0
TCGA-E9-A227,tcga_mc3_wes,hrd_binary_33,MuAt-compatible reimplementation,muat_compatible_qkv_attention,0.0,,,3,0.0,1.0,0.0,1.3887882232666016e-05,1.0
TCGA-E9-A228,tcga_mc3_wes,hrd_binary_33,MuAt-compatible reimplementation,muat_compatible_qkv_attention,0.0,,,3,0.0,1.0,0.0,5.960464477539064e-08,1.0
TCGA-E9-A229,tcga_mc3_wes,hrd_binary_33,MuAt-compatible reimplementation,muat_compatible_qkv_attention,0.0,,,4,0.0,0.9638671875,0.0,0.035919189453125,1.0
TCGA-E9-A22A,tcga_mc3_wes,hrd_binary_33,MuAt-compatible reimplementation,muat_compatible_qkv_attention,0.0,,,1,1.0,0.019561767578125,0.0,0.98046875,1.0
TCGA-E9-A22B,tcga_mc3_wes,hrd_binary_33,MuAt-compatible reimplementation,muat_compatible_qkv_attention,0.0,,,5,0.0,0.8779296875,0.0,0.122314453125,1.0
TCGA-E9-A22D,tcga_mc3_wes,hrd_binary_33,MuAt-compatible reimplementation,muat_compatible_qkv_attention,1.0,,,3,0.0,1.0,0.0,1.3709068298339844e-06,1.0
TCGA-E9-A22E,tcga_mc3_wes,hrd_binary_33,MuAt-compatible reimplementation,muat_compatible_qkv_attention,1.0,,,4,0.0,0.5146484375,0.0,0.485595703125,1.0
TCGA-E9-A22G,tcga_mc3_wes,hrd_binary_33,MuAt-compatible reimplementation,muat_compatible_qkv_attention,1.0,,,4,1.0,0.218017578125,0.0,0.7822265625,1.0
TCGA-E9-A22H,tcga_mc3_wes,hrd_binary_33,MuAt-compatible reimplementation,muat_compatible_qkv_attention,0.0,,,1,0.0,0.99072265625,0.0,0.0090866088867187,1.0
TCGA-E9-A243,tcga_mc3_wes,hrd_binary_33,MuAt-compatible reimplementation,muat_compatible_qkv_attention,1.0,,,5,1.0,0.0625,0.0,0.9375,1.0
TCGA-E9-A244,tcga_mc3_wes,hrd_binary_33,MuAt-compatible reimplementation,muat_compatible_qkv_attention,1.0,,,3,1.0,0.0004868507385253,0.0,0.99951171875,1.0
TCGA-E9-A245,tcga_mc3_wes,hrd_binary_33,MuAt-compatible reimplementation,muat_compatible_qkv_attention,0.0,,,5,0.0,0.99951171875,0.0,0.00032639503479,1.0
TCGA-E9-A247,tcga_mc3_wes,hrd_binary_33,MuAt-compatible reimplementation,muat_compatible_qkv_attention,1.0,,,4,0.0,0.66455078125,0.0,0.335205078125,1.0
TCGA-E9-A248,tcga_mc3_wes,hrd_binary_33,MuAt-compatible reimplementation,muat_compatible_qkv_attention,0.0,,,2,0.0,0.88330078125,0.0,0.11663818359375,1.0
TCGA-E9-A24A,tcga_mc3_wes,hrd_binary_33,MuAt-compatible reimplementation,muat_compatible_qkv_attention,0.0,,,5,1.0,0.0007209777832031,0.0,0.99951171875,1.0
TCGA-E9-A295,tcga_mc3_wes,hrd_binary_33,MuAt-compatible reimplementation,muat_compatible_qkv_attention,0.0,,,5,0.0,1.0,0.0,9.238719940185549e-06,1.0
TCGA-E9-A2JS,tcga_mc3_wes,hrd_binary_33,MuAt-compatible reimplementation,muat_compatible_qkv_attention,1.0,,,1,0.0,0.95556640625,0.0,0.044464111328125,1.0
TCGA-E9-A2JT,tcga_mc3_wes,hrd_binary_33,MuAt-compatible reimplementation,muat_compatible_qkv_attention,0.0,,,1,0.0,0.5361328125,0.0,0.463623046875,1.0
TCGA-E9-A3X8,tcga_mc3_wes,hrd_binary_33,MuAt-compatible reimplementation,muat_compatible_qkv_attention,0.0,,,2,0.0,0.9501953125,0.0,0.0499267578125,1.0
TCGA-E9-A5FL,tcga_mc3_wes,hrd_binary_33,MuAt-compatible reimplementation,muat_compatible_qkv_attention,1.0,,,2,0.0,0.673828125,0.0,0.325927734375,1.0
TCGA-E9-A5UO,tcga_mc3_wes,hrd_binary_33,MuAt-compatible reimplementation,muat_compatible_qkv_attention,0.0,,,2,0.0,0.873046875,0.0,0.1270751953125,1.0
TCGA-E9-A6HE,tcga_mc3_wes,hrd_binary_33,MuAt-compatible reimplementation,muat_compatible_qkv_attention,0.0,,,1,1.0,0.0562744140625,0.0,0.94384765625,1.0
TCGA-EW-A1IW,tcga_mc3_wes,hrd_binary_33,MuAt-compatible reimplementation,muat_compatible_qkv_attention,0.0,,,2,0.0,0.91796875,0.0,0.08203125,1.0
TCGA-EW-A1IY,tcga_mc3_wes,hrd_binary_33,MuAt-compatible reimplementation,muat_compatible_qkv_attention,0.0,,,1,0.0,1.0,0.0,0.0001692771911621,1.0
TCGA-EW-A1IZ,tcga_mc3_wes,hrd_binary_33,MuAt-compatible reimplementation,muat_compatible_qkv_attention,0.0,,,4,0.0,0.994140625,0.0,0.0060386657714843,1.0
TCGA-EW-A1J1,tcga_mc3_wes,hrd_binary_33,MuAt-compatible reimplementation,muat_compatible_qkv_attention,0.0,,,1,0.0,1.0,0.0,4.732608795166016e-05,1.0
TCGA-EW-A1J3,tcga_mc3_wes,hrd_binary_33,MuAt-compatible reimplementation,muat_compatible_qkv_attention,0.0,,,5,0.0,0.90185546875,0.0,0.0980224609375,1.0
TCGA-EW-A1J6,tcga_mc3_wes,hrd_binary_33,MuAt-compatible reimplementation,muat_compatible_qkv_attention,1.0,,,4,0.0,0.98974609375,0.0,0.0102691650390625,1.0
TCGA-EW-A1OV,tcga_mc3_wes,hrd_binary_33,MuAt-compatible reimplementation,muat_compatible_qkv_attention,1.0,,,5,0.0,1.0,0.0,7.569789886474609e-06,1.0
TCGA-EW-A1OX,tcga_mc3_wes,hrd_binary_33,MuAt-compatible reimplementation,muat_compatible_qkv_attention,0.0,,,2,0.0,0.90478515625,0.0,0.0950927734375,1.0
TCGA-EW-A1OY,tcga_mc3_wes,hrd_binary_33,MuAt-compatible reimplementation,muat_compatible_qkv_attention,1.0,,,4,1.0,0.31005859375,0.0,0.68994140625,1.0
TCGA-EW-A1OZ,tcga_mc3_wes,hrd_binary_33,MuAt-compatible reimplementation,muat_compatible_qkv_attention,1.0,,,1,0.0,0.99755859375,0.0,0.0023136138916015,1.0
TCGA-EW-A1P0,tcga_mc3_wes,hrd_binary_33,MuAt-compatible reimplementation,muat_compatible_qkv_attention,0.0,,,4,0.0,0.96484375,0.0,0.03521728515625,1.0
TCGA-EW-A1P1,tcga_mc3_wes,hrd_binary_33,MuAt-compatible reimplementation,muat_compatible_qkv_attention,0.0,,,4,0.0,0.51708984375,0.0,0.48291015625,1.0
TCGA-EW-A1P3,tcga_mc3_wes,hrd_binary_33,MuAt-compatible reimplementation,muat_compatible_qkv_attention,0.0,,,1,1.0,0.472412109375,0.0,0.52783203125,1.0
TCGA-EW-A1P4,tcga_mc3_wes,hrd_binary_33,MuAt-compatible reimplementation,muat_compatible_qkv_attention,1.0,,,3,1.0,0.0178985595703125,0.0,0.98193359375,1.0
TCGA-EW-A1P5,tcga_mc3_wes,hrd_binary_33,MuAt-compatible reimplementation,muat_compatible_qkv_attention,0.0,,,1,0.0,0.9990234375,0.0,0.0010900497436523,1.0
TCGA-EW-A1P6,tcga_mc3_wes,hrd_binary_33,MuAt-compatible reimplementation,muat_compatible_qkv_attention,0.0,,,2,0.0,0.92236328125,0.0,0.07769775390625,1.0
TCGA-EW-A1P7,tcga_mc3_wes,hrd_binary_33,MuAt-compatible reimplementation,muat_compatible_qkv_attention,0.0,,,2,0.0,0.68359375,0.0,0.316650390625,1.0
TCGA-EW-A1P8,tcga_mc3_wes,hrd_binary_33,MuAt-compatible reimplementation,muat_compatible_qkv_attention,1.0,,,1,0.0,0.84912109375,0.0,0.1510009765625,1.0
TCGA-EW-A1PA,tcga_mc3_wes,hrd_binary_33,MuAt-compatible reimplementation,muat_compatible_qkv_attention,0.0,,,2,0.0,0.8291015625,0.0,0.1710205078125,1.0
TCGA-EW-A1PB,tcga_mc3_wes,hrd_binary_33,MuAt-compatible reimplementation,muat_compatible_qkv_attention,1.0,,,5,0.0,0.96142578125,0.0,0.0386962890625,1.0
TCGA-EW-A1PE,tcga_mc3_wes,hrd_binary_33,MuAt-compatible reimplementation,muat_compatible_qkv_attention,0.0,,,3,0.0,1.0,0.0,4.172325134277344e-07,1.0
TCGA-EW-A1PG,tcga_mc3_wes,hrd_binary_33,MuAt-compatible reimplementation,muat_compatible_qkv_attention,0.0,,,4,0.0,0.9990234375,0.0,0.0008506774902343,1.0
TCGA-EW-A1PH,tcga_mc3_wes,hrd_binary_33,MuAt-compatible reimplementation,muat_compatible_qkv_attention,1.0,,,1,0.0,0.80419921875,0.0,0.1956787109375,1.0
TCGA-EW-A2FS,tcga_mc3_wes,hrd_binary_33,MuAt-compatible reimplementation,muat_compatible_qkv_attention,0.0,,,1,1.0,0.12213134765625,0.0,0.8779296875,1.0
TCGA-EW-A2FV,tcga_mc3_wes,hrd_binary_33,MuAt-compatible reimplementation,muat_compatible_qkv_attention,0.0,,,2,1.0,0.26318359375,0.0,0.73681640625,1.0
TCGA-EW-A6SB,tcga_mc3_wes,hrd_binary_33,MuAt-compatible reimplementation,muat_compatible_qkv_attention,0.0,,,4,0.0,0.8125,0.0,0.1876220703125,1.0
TCGA-EW-A6SC,tcga_mc3_wes,hrd_binary_33,MuAt-compatible reimplementation,muat_compatible_qkv_attention,0.0,,,5,0.0,1.0,0.0,2.980232238769531e-07,1.0
TCGA-EW-A6SD,tcga_mc3_wes,hrd_binary_33,MuAt-compatible reimplementation,muat_compatible_qkv_attention,1.0,,,4,0.0,0.98974609375,0.0,0.01007080078125,1.0
TCGA-GM-A2DA,tcga_mc3_wes,hrd_binary_33,MuAt-compatible reimplementation,muat_compatible_qkv_attention,0.0,,,4,0.0,0.9931640625,0.0,0.0066680908203125,1.0
TCGA-GM-A2DB,tcga_mc3_wes,hrd_binary_33,MuAt-compatible reimplementation,muat_compatible_qkv_attention,0.0,,,5,1.0,3.057718276977539e-05,0.0,1.0,1.0
TCGA-GM-A2DC,tcga_mc3_wes,hrd_binary_33,MuAt-compatible reimplementation,muat_compatible_qkv_attention,0.0,,,3,0.0,1.0,0.0,2.80141830444336e-06,1.0
TCGA-GM-A2DD,tcga_mc3_wes,hrd_binary_33,MuAt-compatible reimplementation,muat_compatible_qkv_attention,0.0,,,3,0.0,0.9619140625,0.0,0.037933349609375,1.0
TCGA-GM-A2DF,tcga_mc3_wes,hrd_binary_33,MuAt-compatible reimplementation,muat_compatible_qkv_attention,1.0,,,4,1.0,0.0086288452148437,0.0,0.9912109375,1.0
TCGA-GM-A2DH,tcga_mc3_wes,hrd_binary_33,MuAt-compatible reimplementation,muat_compatible_qkv_attention,1.0,,,1,1.0,0.0004165172576904,0.0,0.99951171875,1.0
TCGA-GM-A2DK,tcga_mc3_wes,hrd_binary_33,MuAt-compatible reimplementation,muat_compatible_qkv_attention,0.0,,,2,0.0,0.91748046875,0.0,0.0826416015625,1.0
TCGA-GM-A2DL,tcga_mc3_wes,hrd_binary_33,MuAt-compatible reimplementation,muat_compatible_qkv_attention,0.0,,,1,0.0,0.82421875,0.0,0.1759033203125,1.0
TCGA-GM-A2DM,tcga_mc3_wes,hrd_binary_33,MuAt-compatible reimplementation,muat_compatible_qkv_attention,0.0,,,5,0.0,1.0,0.0,0.0002402067184448,1.0
TCGA-GM-A2DN,tcga_mc3_wes,hrd_binary_33,MuAt-compatible reimplementation,muat_compatible_qkv_attention,0.0,,,4,0.0,0.99755859375,0.0,0.0022964477539062,1.0
TCGA-GM-A3NW,tcga_mc3_wes,hrd_binary_33,MuAt-compatible reimplementation,muat_compatible_qkv_attention,0.0,,,4,0.0,0.978515625,0.0,0.021331787109375,1.0
TCGA-GM-A5PX,tcga_mc3_wes,hrd_binary_33,MuAt-compatible reimplementation,muat_compatible_qkv_attention,0.0,,,3,0.0,0.99951171875,0.0,0.0006165504455566,1.0
TCGA-HN-A2NL,tcga_mc3_wes,hrd_binary_33,MuAt-compatible reimplementation,muat_compatible_qkv_attention,1.0,,,1,1.0,0.0021495819091796,0.0,0.998046875,1.0
TCGA-HN-A2OB,tcga_mc3_wes,hrd_binary_33,MuAt-compatible reimplementation,muat_compatible_qkv_attention,0.0,,,1,0.0,0.984375,0.0,0.015838623046875,1.0
TCGA-LD-A66U,tcga_mc3_wes,hrd_binary_33,MuAt-compatible reimplementation,muat_compatible_qkv_attention,0.0,,,3,0.0,1.0,0.0,0.0,1.0
TCGA-LD-A74U,tcga_mc3_wes,hrd_binary_33,MuAt-compatible reimplementation,muat_compatible_qkv_attention,0.0,,,5,0.0,1.0,0.0,0.0001252889633178,1.0
TCGA-LD-A7W5,tcga_mc3_wes,hrd_binary_33,MuAt-compatible reimplementation,muat_compatible_qkv_attention,1.0,,,5,0.0,0.84423828125,0.0,0.1558837890625,1.0
TCGA-LD-A7W6,tcga_mc3_wes,hrd_binary_33,MuAt-compatible reimplementation,muat_compatible_qkv_attention,0.0,,,5,0.0,1.0,0.0,1.1920928955078125e-07,1.0
TCGA-LL-A50Y,tcga_mc3_wes,hrd_binary_33,MuAt-compatible reimplementation,muat_compatible_qkv_attention,0.0,,,1,1.0,0.31640625,0.0,0.68359375,1.0
TCGA-LL-A5YL,tcga_mc3_wes,hrd_binary_33,MuAt-compatible reimplementation,muat_compatible_qkv_attention,0.0,,,4,0.0,0.99169921875,0.0,0.0084304809570312,1.0
TCGA-LL-A5YM,tcga_mc3_wes,hrd_binary_33,MuAt-compatible reimplementation,muat_compatible_qkv_attention,0.0,,,3,0.0,1.0,0.0,7.748603820800781e-07,1.0
TCGA-LL-A5YN,tcga_mc3_wes,hrd_binary_33,MuAt-compatible reimplementation,muat_compatible_qkv_attention,1.0,,,3,0.0,1.0,0.0,2.980232238769531e-07,1.0
TCGA-LL-A5YP,tcga_mc3_wes,hrd_binary_33,MuAt-compatible reimplementation,muat_compatible_qkv_attention,1.0,,,4,1.0,0.4814453125,0.0,0.5185546875,1.0
TCGA-LL-A6FQ,tcga_mc3_wes,hrd_binary_33,MuAt-compatible reimplementation,muat_compatible_qkv_attention,0.0,,,4,0.0,0.9912109375,0.0,0.0089340209960937,1.0
TCGA-LL-A6FR,tcga_mc3_wes,hrd_binary_33,MuAt-compatible reimplementation,muat_compatible_qkv_attention,1.0,,,4,0.0,0.98583984375,0.0,0.0140762329101562,1.0
TCGA-LL-A73Y,tcga_mc3_wes,hrd_binary_33,MuAt-compatible reimplementation,muat_compatible_qkv_attention,0.0,,,4,1.0,0.0020713806152343,0.0,0.998046875,1.0
TCGA-LL-A73Z,tcga_mc3_wes,hrd_binary_33,MuAt-compatible reimplementation,muat_compatible_qkv_attention,0.0,,,1,0.0,0.95068359375,0.0,0.049224853515625,1.0
TCGA-LL-A7SZ,tcga_mc3_wes,hrd_binary_33,MuAt-compatible reimplementation,muat_compatible_qkv_attention,1.0,,,4,1.0,0.171875,0.0,0.828125,1.0
TCGA-LL-A7T0,tcga_mc3_wes,hrd_binary_33,MuAt-compatible reimplementation,muat_compatible_qkv_attention,1.0,,,3,0.0,1.0,0.0,5.960464477539064e-08,1.0
TCGA-LL-A8F5,tcga_mc3_wes,hrd_binary_33,MuAt-compatible reimplementation,muat_compatible_qkv_attention,1.0,,,1,1.0,0.0040397644042968,0.0,0.99609375,1.0
TCGA-LL-A9Q3,tcga_mc3_wes,hrd_binary_33,MuAt-compatible reimplementation,muat_compatible_qkv_attention,0.0,,,5,0.0,1.0,0.0,5.960464477539064e-08,1.0
TCGA-OK-A5Q2,tcga_mc3_wes,hrd_binary_33,MuAt-compatible reimplementation,muat_compatible_qkv_attention,0.0,,,5,0.0,0.99951171875,0.0,0.0004222393035888,1.0
TCGA-OL-A5D6,tcga_mc3_wes,hrd_binary_33,MuAt-compatible reimplementation,muat_compatible_qkv_attention,0.0,,,4,1.0,0.0093765258789062,0.0,0.99072265625,1.0
TCGA-OL-A5D7,tcga_mc3_wes,hrd_binary_33,MuAt-compatible reimplementation,muat_compatible_qkv_attention,1.0,,,1,1.0,0.0120773315429687,0.0,0.98779296875,1.0
TCGA-OL-A5D8,tcga_mc3_wes,hrd_binary_33,MuAt-compatible reimplementation,muat_compatible_qkv_attention,0.0,,,2,0.0,0.845703125,0.0,0.1541748046875,1.0
TCGA-OL-A5DA,tcga_mc3_wes,hrd_binary_33,MuAt-compatible reimplementation,muat_compatible_qkv_attention,0.0,,,3,0.0,0.818359375,0.0,0.1815185546875,1.0
TCGA-OL-A5RU,tcga_mc3_wes,hrd_binary_33,MuAt-compatible reimplementation,muat_compatible_qkv_attention,0.0,,,4,0.0,0.8642578125,0.0,0.135498046875,1.0
TCGA-OL-A5RV,tcga_mc3_wes,hrd_binary_33,MuAt-compatible reimplementation,muat_compatible_qkv_attention,0.0,,,4,0.0,0.68310546875,0.0,0.31689453125,1.0
TCGA-OL-A5RW,tcga_mc3_wes,hrd_binary_33,MuAt-compatible reimplementation,muat_compatible_qkv_attention,1.0,,,3,0.0,0.986328125,0.0,0.0138092041015625,1.0
TCGA-OL-A5RX,tcga_mc3_wes,hrd_binary_33,MuAt-compatible reimplementation,muat_compatible_qkv_attention,0.0,,,2,0.0,0.9677734375,0.0,0.03240966796875,1.0
TCGA-OL-A5RY,tcga_mc3_wes,hrd_binary_33,MuAt-compatible reimplementation,muat_compatible_qkv_attention,0.0,,,5,1.0,0.0042877197265625,0.0,0.99560546875,1.0
TCGA-OL-A5RZ,tcga_mc3_wes,hrd_binary_33,MuAt-compatible reimplementation,muat_compatible_qkv_attention,0.0,,,2,0.0,0.83251953125,0.0,0.16748046875,1.0
TCGA-OL-A5S0,tcga_mc3_wes,hrd_binary_33,MuAt-compatible reimplementation,muat_compatible_qkv_attention,1.0,,,2,0.0,0.99462890625,0.0,0.0053863525390625,1.0
TCGA-OL-A66H,tcga_mc3_wes,hrd_binary_33,MuAt-compatible reimplementation,muat_compatible_qkv_attention,0.0,,,3,0.0,1.0,0.0,4.589557647705078e-06,1.0
TCGA-OL-A66I,tcga_mc3_wes,hrd_binary_33,MuAt-compatible reimplementation,muat_compatible_qkv_attention,1.0,,,2,0.0,0.77978515625,0.0,0.2203369140625,1.0
TCGA-OL-A66J,tcga_mc3_wes,hrd_binary_33,MuAt-compatible reimplementation,muat_compatible_qkv_attention,0.0,,,2,0.0,0.83740234375,0.0,0.1627197265625,1.0
TCGA-OL-A66K,tcga_mc3_wes,hrd_binary_33,MuAt-compatible reimplementation,muat_compatible_qkv_attention,0.0,,,2,0.0,0.89306640625,0.0,0.106689453125,1.0
TCGA-OL-A66L,tcga_mc3_wes,hrd_binary_33,MuAt-compatible reimplementation,muat_compatible_qkv_attention,0.0,,,2,0.0,0.98828125,0.0,0.0118255615234375,1.0
TCGA-OL-A66N,tcga_mc3_wes,hrd_binary_33,MuAt-compatible reimplementation,muat_compatible_qkv_attention,0.0,,,1,0.0,0.966796875,0.0,0.03314208984375,1.0
TCGA-OL-A66O,tcga_mc3_wes,hrd_binary_33,MuAt-compatible reimplementation,muat_compatible_qkv_attention,0.0,,,2,0.0,0.8125,0.0,0.1876220703125,1.0
TCGA-OL-A66P,tcga_mc3_wes,hrd_binary_33,MuAt-compatible reimplementation,muat_compatible_qkv_attention,0.0,,,5,1.0,0.048187255859375,0.0,0.95166015625,1.0
TCGA-OL-A6VO,tcga_mc3_wes,hrd_binary_33,MuAt-compatible reimplementation,muat_compatible_qkv_attention,1.0,,,1,0.0,0.88525390625,0.0,0.11456298828125,1.0
TCGA-OL-A6VQ,tcga_mc3_wes,hrd_binary_33,MuAt-compatible reimplementation,muat_compatible_qkv_attention,0.0,,,4,0.0,0.990234375,0.0,0.0098800659179687,1.0
TCGA-OL-A6VR,tcga_mc3_wes,hrd_binary_33,MuAt-compatible reimplementation,muat_compatible_qkv_attention,0.0,,,1,0.0,0.9482421875,0.0,0.051544189453125,1.0
TCGA-OL-A97C,tcga_mc3_wes,hrd_binary_33,MuAt-compatible reimplementation,muat_compatible_qkv_attention,0.0,,,2,0.0,0.64697265625,0.0,0.35302734375,1.0
TCGA-PE-A5DD,tcga_mc3_wes,hrd_binary_33,MuAt-compatible reimplementation,muat_compatible_qkv_attention,0.0,,,2,0.0,0.92333984375,0.0,0.07666015625,1.0
TCGA-PE-A5DE,tcga_mc3_wes,hrd_binary_33,MuAt-compatible reimplementation,muat_compatible_qkv_attention,0.0,,,5,0.0,0.99951171875,0.0,0.0003845691680908,1.0
TCGA-PL-A8LV,tcga_mc3_wes,hrd_binary_33,MuAt-compatible reimplementation,muat_compatible_qkv_attention,1.0,,,3,1.0,4.988908767700195e-05,0.0,1.0,1.0
TCGA-PL-A8LX,tcga_mc3_wes,hrd_binary_33,MuAt-compatible reimplementation,muat_compatible_qkv_attention,0.0,,,5,0.0,1.0,0.0,4.589557647705078e-06,1.0
TCGA-PL-A8LY,tcga_mc3_wes,hrd_binary_33,MuAt-compatible reimplementation,muat_compatible_qkv_attention,0.0,,,5,0.0,0.935546875,0.0,0.06439208984375,1.0
TCGA-PL-A8LZ,tcga_mc3_wes,hrd_binary_33,MuAt-compatible reimplementation,muat_compatible_qkv_attention,1.0,,,3,1.0,0.0125732421875,0.0,0.9873046875,1.0
TCGA-S3-A6ZF,tcga_mc3_wes,hrd_binary_33,MuAt-compatible reimplementation,muat_compatible_qkv_attention,1.0,,,1,1.0,0.18505859375,0.0,0.81494140625,1.0
TCGA-S3-A6ZG,tcga_mc3_wes,hrd_binary_33,MuAt-compatible reimplementation,muat_compatible_qkv_attention,0.0,,,1,1.0,0.021514892578125,0.0,0.978515625,1.0
TCGA-S3-A6ZH,tcga_mc3_wes,hrd_binary_33,MuAt-compatible reimplementation,muat_compatible_qkv_attention,0.0,,,1,1.0,0.06591796875,0.0,0.93408203125,1.0
TCGA-S3-AA0Z,tcga_mc3_wes,hrd_binary_33,MuAt-compatible reimplementation,muat_compatible_qkv_attention,1.0,,,5,1.0,0.0010480880737304,0.0,0.9990234375,1.0
TCGA-S3-AA10,tcga_mc3_wes,hrd_binary_33,MuAt-compatible reimplementation,muat_compatible_qkv_attention,1.0,,,3,1.0,9.649991989135742e-05,0.0,1.0,1.0
TCGA-S3-AA11,tcga_mc3_wes,hrd_binary_33,MuAt-compatible reimplementation,muat_compatible_qkv_attention,0.0,,,3,0.0,1.0,0.0,2.980232238769531e-07,1.0
TCGA-S3-AA12,tcga_mc3_wes,hrd_binary_33,MuAt-compatible reimplementation,muat_compatible_qkv_attention,0.0,,,3,0.0,1.0,0.0,6.842613220214844e-05,1.0
TCGA-S3-AA14,tcga_mc3_wes,hrd_binary_33,MuAt-compatible reimplementation,muat_compatible_qkv_attention,0.0,,,1,0.0,1.0,0.0,2.771615982055664e-05,1.0
TCGA-S3-AA17,tcga_mc3_wes,hrd_binary_33,MuAt-compatible reimplementation,muat_compatible_qkv_attention,1.0,,,4,1.0,0.036834716796875,0.0,0.96337890625,1.0
TCGA-UU-A93S,tcga_mc3_wes,hrd_binary_33,MuAt-compatible reimplementation,muat_compatible_qkv_attention,1.0,,,4,1.0,0.1204833984375,0.0,0.87939453125,1.0
TCGA-V7-A7HQ,tcga_mc3_wes,hrd_binary_33,MuAt-compatible reimplementation,muat_compatible_qkv_attention,0.0,,,3,0.0,1.0,0.0,0.0001566410064697,1.0
TCGA-W8-A86G,tcga_mc3_wes,hrd_binary_33,MuAt-compatible reimplementation,muat_compatible_qkv_attention,0.0,,,1,0.0,0.68359375,0.0,0.31640625,1.0
TCGA-WT-AB41,tcga_mc3_wes,hrd_binary_33,MuAt-compatible reimplementation,muat_compatible_qkv_attention,0.0,,,5,0.0,1.0,0.0,1.8477439880371092e-06,1.0
TCGA-WT-AB44,tcga_mc3_wes,hrd_binary_33,MuAt-compatible reimplementation,muat_compatible_qkv_attention,0.0,,,1,1.0,0.0011310577392578,0.0,0.9990234375,1.0
TCGA-XX-A899,tcga_mc3_wes,hrd_binary_33,MuAt-compatible reimplementation,muat_compatible_qkv_attention,0.0,,,2,0.0,0.908203125,0.0,0.09185791015625,1.0
TCGA-XX-A89A,tcga_mc3_wes,hrd_binary_33,MuAt-compatible reimplementation,muat_compatible_qkv_attention,0.0,,,2,0.0,0.92041015625,0.0,0.07965087890625,1.0
TCGA-Z7-A8R6,tcga_mc3_wes,hrd_binary_33,MuAt-compatible reimplementation,muat_compatible_qkv_attention,0.0,,,1,0.0,0.935546875,0.0,0.06439208984375,1.0
