sample,benchmark,endpoint,representation,learner,true_value,pred_value,pred_value_z,fold,predicted_class,pred_class_0,class_label_0,pred_class_1,class_label_1
TCGA-3C-AALI,tcga_mc3_wes,HRD_Score,MuAt-compatible reimplementation,muat_compatible_qkv_attention,32.0,27.896781657774568,0.0855712890625,1,,,,,
TCGA-3C-AALJ,tcga_mc3_wes,HRD_Score,MuAt-compatible reimplementation,muat_compatible_qkv_attention,31.0,54.858534850440726,1.4189453125,4,,,,,
TCGA-5L-AAT0,tcga_mc3_wes,HRD_Score,MuAt-compatible reimplementation,muat_compatible_qkv_attention,9.0,26.011365995407182,0.036712646484375,5,,,,,
TCGA-5T-A9QA,tcga_mc3_wes,HRD_Score,MuAt-compatible reimplementation,muat_compatible_qkv_attention,15.0,23.227975516333448,-0.1370849609375,2,,,,,
TCGA-A1-A0SB,tcga_mc3_wes,HRD_Score,MuAt-compatible reimplementation,muat_compatible_qkv_attention,0.0,19.157379267801673,-0.308837890625,5,,,,,
TCGA-A1-A0SD,tcga_mc3_wes,HRD_Score,MuAt-compatible reimplementation,muat_compatible_qkv_attention,25.0,22.15692606033972,-0.1905517578125,2,,,,,
TCGA-A1-A0SE,tcga_mc3_wes,HRD_Score,MuAt-compatible reimplementation,muat_compatible_qkv_attention,15.0,10.187092528172363,-0.7880859375,2,,,,,
TCGA-A1-A0SF,tcga_mc3_wes,HRD_Score,MuAt-compatible reimplementation,muat_compatible_qkv_attention,23.0,0.9049190153216209,-1.2421875,1,,,,,
TCGA-A1-A0SG,tcga_mc3_wes,HRD_Score,MuAt-compatible reimplementation,muat_compatible_qkv_attention,12.0,5.169105250300436,-1.0263671875,3,,,,,
TCGA-A1-A0SI,tcga_mc3_wes,HRD_Score,MuAt-compatible reimplementation,muat_compatible_qkv_attention,13.0,16.35960242463375,-0.467529296875,3,,,,,
TCGA-A1-A0SJ,tcga_mc3_wes,HRD_Score,MuAt-compatible reimplementation,muat_compatible_qkv_attention,22.0,11.993890770339453,-0.685546875,3,,,,,
TCGA-A1-A0SK,tcga_mc3_wes,HRD_Score,MuAt-compatible reimplementation,muat_compatible_qkv_attention,33.0,37.38881432834186,0.56982421875,2,,,,,
TCGA-A1-A0SO,tcga_mc3_wes,HRD_Score,MuAt-compatible reimplementation,muat_compatible_qkv_attention,82.0,36.32165742049662,0.5,1,,,,,
TCGA-A1-A0SQ,tcga_mc3_wes,HRD_Score,MuAt-compatible reimplementation,muat_compatible_qkv_attention,8.0,12.625029545136309,-0.697265625,4,,,,,
TCGA-A2-A04N,tcga_mc3_wes,HRD_Score,MuAt-compatible reimplementation,muat_compatible_qkv_attention,7.0,0.9144451831307663,-1.2509765625,2,,,,,
TCGA-A2-A04P,tcga_mc3_wes,HRD_Score,MuAt-compatible reimplementation,muat_compatible_qkv_attention,83.0,58.594073848428195,1.6416015625,3,,,,,
TCGA-A2-A04Q,tcga_mc3_wes,HRD_Score,MuAt-compatible reimplementation,muat_compatible_qkv_attention,16.0,14.106786189896381,-0.5927734375,1,,,,,
TCGA-A2-A04R,tcga_mc3_wes,HRD_Score,MuAt-compatible reimplementation,muat_compatible_qkv_attention,36.0,46.380650767465454,0.994140625,4,,,,,
TCGA-A2-A04T,tcga_mc3_wes,HRD_Score,MuAt-compatible reimplementation,muat_compatible_qkv_attention,77.0,33.71602574130423,0.371826171875,1,,,,,
TCGA-A2-A04U,tcga_mc3_wes,HRD_Score,MuAt-compatible reimplementation,muat_compatible_qkv_attention,59.0,49.42265720402047,1.18359375,3,,,,,
TCGA-A2-A04V,tcga_mc3_wes,HRD_Score,MuAt-compatible reimplementation,muat_compatible_qkv_attention,10.0,28.193528156761758,0.146728515625,5,,,,,
TCGA-A2-A04W,tcga_mc3_wes,HRD_Score,MuAt-compatible reimplementation,muat_compatible_qkv_attention,22.0,30.101482423776908,0.242919921875,5,,,,,
TCGA-A2-A04Y,tcga_mc3_wes,HRD_Score,MuAt-compatible reimplementation,muat_compatible_qkv_attention,20.0,19.200536123589906,-0.338134765625,2,,,,,
TCGA-A2-A0CM,tcga_mc3_wes,HRD_Score,MuAt-compatible reimplementation,muat_compatible_qkv_attention,40.0,31.80120817941731,0.32861328125,5,,,,,
TCGA-A2-A0CP,tcga_mc3_wes,HRD_Score,MuAt-compatible reimplementation,muat_compatible_qkv_attention,5.0,11.525970050505826,-0.7197265625,1,,,,,
TCGA-A2-A0CR,tcga_mc3_wes,HRD_Score,MuAt-compatible reimplementation,muat_compatible_qkv_attention,2.0,13.789147280432928,-0.6083984375,1,,,,,
TCGA-A2-A0CS,tcga_mc3_wes,HRD_Score,MuAt-compatible reimplementation,muat_compatible_qkv_attention,3.0,12.605540156439814,-0.6982421875,4,,,,,
TCGA-A2-A0CT,tcga_mc3_wes,HRD_Score,MuAt-compatible reimplementation,muat_compatible_qkv_attention,30.0,21.538260506991744,-0.221435546875,2,,,,,
TCGA-A2-A0CU,tcga_mc3_wes,HRD_Score,MuAt-compatible reimplementation,muat_compatible_qkv_attention,21.0,14.58324455409156,-0.5693359375,1,,,,,
TCGA-A2-A0CV,tcga_mc3_wes,HRD_Score,MuAt-compatible reimplementation,muat_compatible_qkv_attention,3.0,2.3425111244557364,-1.1796875,2,,,,,
TCGA-A2-A0CW,tcga_mc3_wes,HRD_Score,MuAt-compatible reimplementation,muat_compatible_qkv_attention,44.0,23.07134890311892,-0.11151123046875,5,,,,,
TCGA-A2-A0CX,tcga_mc3_wes,HRD_Score,MuAt-compatible reimplementation,muat_compatible_qkv_attention,21.0,14.65713454999094,-0.56494140625,2,,,,,
TCGA-A2-A0D0,tcga_mc3_wes,HRD_Score,MuAt-compatible reimplementation,muat_compatible_qkv_attention,62.0,27.807445714487972,0.0811767578125,1,,,,,
TCGA-A2-A0D1,tcga_mc3_wes,HRD_Score,MuAt-compatible reimplementation,muat_compatible_qkv_attention,30.0,15.29793210038433,-0.5341796875,1,,,,,
TCGA-A2-A0D3,tcga_mc3_wes,HRD_Score,MuAt-compatible reimplementation,muat_compatible_qkv_attention,4.0,3.1085389497243234,-1.1337890625,1,,,,,
TCGA-A2-A0D4,tcga_mc3_wes,HRD_Score,MuAt-compatible reimplementation,muat_compatible_qkv_attention,31.0,24.83025921631623,-0.085693359375,4,,,,,
TCGA-A2-A0EM,tcga_mc3_wes,HRD_Score,MuAt-compatible reimplementation,muat_compatible_qkv_attention,8.0,18.842144539318177,-0.3857421875,4,,,,,
TCGA-A2-A0EN,tcga_mc3_wes,HRD_Score,MuAt-compatible reimplementation,muat_compatible_qkv_attention,7.0,11.699283582052802,-0.74365234375,4,,,,,
TCGA-A2-A0ES,tcga_mc3_wes,HRD_Score,MuAt-compatible reimplementation,muat_compatible_qkv_attention,1.0,15.498324077072771,-0.52294921875,2,,,,,
TCGA-A2-A0EU,tcga_mc3_wes,HRD_Score,MuAt-compatible reimplementation,muat_compatible_qkv_attention,3.0,14.622691886527035,-0.59716796875,4,,,,,
TCGA-A2-A0EV,tcga_mc3_wes,HRD_Score,MuAt-compatible reimplementation,muat_compatible_qkv_attention,25.0,18.509062950741423,-0.376220703125,1,,,,,
TCGA-A2-A0EW,tcga_mc3_wes,HRD_Score,MuAt-compatible reimplementation,muat_compatible_qkv_attention,8.0,20.53284900873911,-0.301025390625,4,,,,,
TCGA-A2-A0EX,tcga_mc3_wes,HRD_Score,MuAt-compatible reimplementation,muat_compatible_qkv_attention,10.0,11.728517665097543,-0.7421875,4,,,,,
TCGA-A2-A0EY,tcga_mc3_wes,HRD_Score,MuAt-compatible reimplementation,muat_compatible_qkv_attention,49.0,29.368850609012476,0.1417236328125,4,,,,,
TCGA-A2-A0SU,tcga_mc3_wes,HRD_Score,MuAt-compatible reimplementation,muat_compatible_qkv_attention,18.0,25.625174744659823,0.017242431640625,5,,,,,
TCGA-A2-A0SV,tcga_mc3_wes,HRD_Score,MuAt-compatible reimplementation,muat_compatible_qkv_attention,35.0,29.08695838519412,0.1553955078125,2,,,,,
TCGA-A2-A0SW,tcga_mc3_wes,HRD_Score,MuAt-compatible reimplementation,muat_compatible_qkv_attention,32.0,9.38190741162752,-0.8251953125,1,,,,,
TCGA-A2-A0SX,tcga_mc3_wes,HRD_Score,MuAt-compatible reimplementation,muat_compatible_qkv_attention,36.0,34.111091898620934,0.445068359375,5,,,,,
TCGA-A2-A0SY,tcga_mc3_wes,HRD_Score,MuAt-compatible reimplementation,muat_compatible_qkv_attention,10.0,16.403601758215665,-0.46533203125,3,,,,,
TCGA-A2-A0T0,tcga_mc3_wes,HRD_Score,MuAt-compatible reimplementation,muat_compatible_qkv_attention,70.0,34.7599900503469,0.477783203125,5,,,,,
TCGA-A2-A0T1,tcga_mc3_wes,HRD_Score,MuAt-compatible reimplementation,muat_compatible_qkv_attention,31.0,27.9486626734017,0.09857177734375,2,,,,,
TCGA-A2-A0T2,tcga_mc3_wes,HRD_Score,MuAt-compatible reimplementation,muat_compatible_qkv_attention,26.0,18.61017411000291,-0.33642578125,5,,,,,
TCGA-A2-A0T3,tcga_mc3_wes,HRD_Score,MuAt-compatible reimplementation,muat_compatible_qkv_attention,39.0,15.253792237804797,-0.53515625,2,,,,,
TCGA-A2-A0T4,tcga_mc3_wes,HRD_Score,MuAt-compatible reimplementation,muat_compatible_qkv_attention,15.0,11.791221393770277,-0.7080078125,2,,,,,
TCGA-A2-A0T5,tcga_mc3_wes,HRD_Score,MuAt-compatible reimplementation,muat_compatible_qkv_attention,3.0,13.399618802113814,-0.59912109375,5,,,,,
TCGA-A2-A0T6,tcga_mc3_wes,HRD_Score,MuAt-compatible reimplementation,muat_compatible_qkv_attention,4.0,-0.08770257675167059,-1.291015625,1,,,,,
TCGA-A2-A0T7,tcga_mc3_wes,HRD_Score,MuAt-compatible reimplementation,muat_compatible_qkv_attention,23.0,12.092137451621197,-0.6650390625,5,,,,,
TCGA-A2-A0YC,tcga_mc3_wes,HRD_Score,MuAt-compatible reimplementation,muat_compatible_qkv_attention,6.0,12.280285072306226,-0.68359375,2,,,,,
TCGA-A2-A0YD,tcga_mc3_wes,HRD_Score,MuAt-compatible reimplementation,muat_compatible_qkv_attention,8.0,15.012479660456933,-0.57763671875,4,,,,,
TCGA-A2-A0YE,tcga_mc3_wes,HRD_Score,MuAt-compatible reimplementation,muat_compatible_qkv_attention,40.0,17.917693246593856,-0.371337890625,5,,,,,
TCGA-A2-A0YF,tcga_mc3_wes,HRD_Score,MuAt-compatible reimplementation,muat_compatible_qkv_attention,14.0,14.543539690408629,-0.5712890625,1,,,,,
TCGA-A2-A0YG,tcga_mc3_wes,HRD_Score,MuAt-compatible reimplementation,muat_compatible_qkv_attention,29.0,15.77439046457951,-0.5107421875,1,,,,,
TCGA-A2-A0YH,tcga_mc3_wes,HRD_Score,MuAt-compatible reimplementation,muat_compatible_qkv_attention,21.0,40.00679981749099,0.71337890625,3,,,,,
TCGA-A2-A0YJ,tcga_mc3_wes,HRD_Score,MuAt-compatible reimplementation,muat_compatible_qkv_attention,25.0,45.13558299635129,0.95654296875,2,,,,,
TCGA-A2-A0YK,tcga_mc3_wes,HRD_Score,MuAt-compatible reimplementation,muat_compatible_qkv_attention,6.0,33.738217587554516,0.42626953125,5,,,,,
TCGA-A2-A0YL,tcga_mc3_wes,HRD_Score,MuAt-compatible reimplementation,muat_compatible_qkv_attention,8.0,23.475746701909834,-0.153564453125,4,,,,,
TCGA-A2-A0YM,tcga_mc3_wes,HRD_Score,MuAt-compatible reimplementation,muat_compatible_qkv_attention,36.0,23.240609315360764,-0.1239013671875,3,,,,,
TCGA-A2-A0YT,tcga_mc3_wes,HRD_Score,MuAt-compatible reimplementation,muat_compatible_qkv_attention,44.0,31.69052403748243,0.258056640625,4,,,,,
TCGA-A2-A1FV,tcga_mc3_wes,HRD_Score,MuAt-compatible reimplementation,muat_compatible_qkv_attention,34.0,16.3922983376858,-0.4482421875,5,,,,,
TCGA-A2-A1FX,tcga_mc3_wes,HRD_Score,MuAt-compatible reimplementation,muat_compatible_qkv_attention,17.0,27.695572219759345,0.0859375,2,,,,,
TCGA-A2-A1FZ,tcga_mc3_wes,HRD_Score,MuAt-compatible reimplementation,muat_compatible_qkv_attention,4.0,20.289231650032924,-0.313232421875,4,,,,,
TCGA-A2-A1G0,tcga_mc3_wes,HRD_Score,MuAt-compatible reimplementation,muat_compatible_qkv_attention,10.0,18.03167393188899,-0.396484375,2,,,,,
TCGA-A2-A1G1,tcga_mc3_wes,HRD_Score,MuAt-compatible reimplementation,muat_compatible_qkv_attention,17.0,33.79800496759877,0.4033203125,3,,,,,
TCGA-A2-A1G4,tcga_mc3_wes,HRD_Score,MuAt-compatible reimplementation,muat_compatible_qkv_attention,11.0,12.130777585927628,-0.6787109375,3,,,,,
TCGA-A2-A259,tcga_mc3_wes,HRD_Score,MuAt-compatible reimplementation,muat_compatible_qkv_attention,8.0,11.218257356963106,-0.73486328125,1,,,,,
TCGA-A2-A25A,tcga_mc3_wes,HRD_Score,MuAt-compatible reimplementation,muat_compatible_qkv_attention,6.0,32.42065456364859,0.30810546875,1,,,,,
TCGA-A2-A25C,tcga_mc3_wes,HRD_Score,MuAt-compatible reimplementation,muat_compatible_qkv_attention,14.0,27.093064686763803,0.09124755859375,5,,,,,
TCGA-A2-A25D,tcga_mc3_wes,HRD_Score,MuAt-compatible reimplementation,muat_compatible_qkv_attention,33.0,15.958043934896564,-0.5,2,,,,,
TCGA-A2-A25E,tcga_mc3_wes,HRD_Score,MuAt-compatible reimplementation,muat_compatible_qkv_attention,53.0,28.700805147353933,0.1251220703125,1,,,,,
TCGA-A2-A3KD,tcga_mc3_wes,HRD_Score,MuAt-compatible reimplementation,muat_compatible_qkv_attention,13.0,6.592640737901572,-0.96240234375,1,,,,,
TCGA-A2-A3XU,tcga_mc3_wes,HRD_Score,MuAt-compatible reimplementation,muat_compatible_qkv_attention,10.0,14.53607448840556,-0.55859375,3,,,,,
TCGA-A2-A3Y0,tcga_mc3_wes,HRD_Score,MuAt-compatible reimplementation,muat_compatible_qkv_attention,55.0,29.19215283543021,0.1492919921875,1,,,,,
TCGA-A2-A4S1,tcga_mc3_wes,HRD_Score,MuAt-compatible reimplementation,muat_compatible_qkv_attention,29.0,58.61998686886424,1.607421875,4,,,,,
TCGA-A2-A4S3,tcga_mc3_wes,HRD_Score,MuAt-compatible reimplementation,muat_compatible_qkv_attention,65.0,42.5899646659972,0.80419921875,4,,,,,
TCGA-A7-A0CE,tcga_mc3_wes,HRD_Score,MuAt-compatible reimplementation,muat_compatible_qkv_attention,50.0,37.96940926333828,0.5810546875,1,,,,,
TCGA-A7-A0CG,tcga_mc3_wes,HRD_Score,MuAt-compatible reimplementation,muat_compatible_qkv_attention,11.0,5.649650225431948,-1.0087890625,1,,,,,
TCGA-A7-A0CH,tcga_mc3_wes,HRD_Score,MuAt-compatible reimplementation,muat_compatible_qkv_attention,4.0,13.180477122986412,-0.66943359375,4,,,,,
TCGA-A7-A0CJ,tcga_mc3_wes,HRD_Score,MuAt-compatible reimplementation,muat_compatible_qkv_attention,54.0,61.796757226392906,1.7666015625,4,,,,,
TCGA-A7-A0D9,tcga_mc3_wes,HRD_Score,MuAt-compatible reimplementation,muat_compatible_qkv_attention,16.0,15.879793746330812,-0.50390625,2,,,,,
TCGA-A7-A0DA,tcga_mc3_wes,HRD_Score,MuAt-compatible reimplementation,muat_compatible_qkv_attention,74.0,59.516498748903004,1.65234375,4,,,,,
TCGA-A7-A0DB,tcga_mc3_wes,HRD_Score,MuAt-compatible reimplementation,muat_compatible_qkv_attention,4.0,8.464166454101509,-0.86181640625,3,,,,,
TCGA-A7-A13D,tcga_mc3_wes,HRD_Score,MuAt-compatible reimplementation,muat_compatible_qkv_attention,46.0,34.614348282130564,0.416015625,1,,,,,
TCGA-A7-A13E,tcga_mc3_wes,HRD_Score,MuAt-compatible reimplementation,muat_compatible_qkv_attention,31.0,31.764257993145883,0.3017578125,3,,,,,
TCGA-A7-A13F,tcga_mc3_wes,HRD_Score,MuAt-compatible reimplementation,muat_compatible_qkv_attention,9.0,23.75590666442195,-0.1395263671875,4,,,,,
TCGA-A7-A26E,tcga_mc3_wes,HRD_Score,MuAt-compatible reimplementation,muat_compatible_qkv_attention,4.0,3.664407041285365,-1.1064453125,1,,,,,
TCGA-A7-A26H,tcga_mc3_wes,HRD_Score,MuAt-compatible reimplementation,muat_compatible_qkv_attention,18.0,23.15367180296475,-0.10736083984375,5,,,,,
TCGA-A7-A26I,tcga_mc3_wes,HRD_Score,MuAt-compatible reimplementation,muat_compatible_qkv_attention,38.0,26.088241056292627,0.04058837890625,5,,,,,
TCGA-A7-A26J,tcga_mc3_wes,HRD_Score,MuAt-compatible reimplementation,muat_compatible_qkv_attention,15.0,33.964224672241556,0.41162109375,3,,,,,
TCGA-A7-A4SE,tcga_mc3_wes,HRD_Score,MuAt-compatible reimplementation,muat_compatible_qkv_attention,60.0,40.79861688021465,0.7822265625,5,,,,,
TCGA-A7-A56D,tcga_mc3_wes,HRD_Score,MuAt-compatible reimplementation,muat_compatible_qkv_attention,34.0,22.849300862081886,-0.1627197265625,1,,,,,
TCGA-A7-A5ZV,tcga_mc3_wes,HRD_Score,MuAt-compatible reimplementation,muat_compatible_qkv_attention,55.0,65.14508573729086,1.96875,3,,,,,
TCGA-A7-A5ZW,tcga_mc3_wes,HRD_Score,MuAt-compatible reimplementation,muat_compatible_qkv_attention,4.0,7.505852602609,-0.91748046875,1,,,,,
TCGA-A7-A5ZX,tcga_mc3_wes,HRD_Score,MuAt-compatible reimplementation,muat_compatible_qkv_attention,6.0,46.31911709840829,1.015625,2,,,,,
TCGA-A7-A6VW,tcga_mc3_wes,HRD_Score,MuAt-compatible reimplementation,muat_compatible_qkv_attention,48.0,55.267812013067115,1.439453125,4,,,,,
TCGA-A7-A6VX,tcga_mc3_wes,HRD_Score,MuAt-compatible reimplementation,muat_compatible_qkv_attention,68.0,38.23000385542369,0.61181640625,2,,,,,
TCGA-A7-A6VY,tcga_mc3_wes,HRD_Score,MuAt-compatible reimplementation,muat_compatible_qkv_attention,76.0,51.47153871905068,1.3203125,5,,,,,
TCGA-A8-A06P,tcga_mc3_wes,HRD_Score,MuAt-compatible reimplementation,muat_compatible_qkv_attention,8.0,14.484344070670652,-0.54443359375,5,,,,,
TCGA-A8-A06Q,tcga_mc3_wes,HRD_Score,MuAt-compatible reimplementation,muat_compatible_qkv_attention,38.0,11.135876064532104,-0.74072265625,2,,,,,
TCGA-A8-A06R,tcga_mc3_wes,HRD_Score,MuAt-compatible reimplementation,muat_compatible_qkv_attention,63.0,39.442710294518605,0.7138671875,5,,,,,
TCGA-A8-A06U,tcga_mc3_wes,HRD_Score,MuAt-compatible reimplementation,muat_compatible_qkv_attention,67.0,24.4714199190111,-0.07501220703125,2,,,,,
TCGA-A8-A06X,tcga_mc3_wes,HRD_Score,MuAt-compatible reimplementation,muat_compatible_qkv_attention,59.0,53.96202297040196,1.3740234375,4,,,,,
TCGA-A8-A06Y,tcga_mc3_wes,HRD_Score,MuAt-compatible reimplementation,muat_compatible_qkv_attention,4.0,12.349845971926657,-0.67919921875,1,,,,,
TCGA-A8-A06Z,tcga_mc3_wes,HRD_Score,MuAt-compatible reimplementation,muat_compatible_qkv_attention,31.0,41.92208233693423,0.8388671875,5,,,,,
TCGA-A8-A075,tcga_mc3_wes,HRD_Score,MuAt-compatible reimplementation,muat_compatible_qkv_attention,55.0,15.019998054603809,-0.5478515625,1,,,,,
TCGA-A8-A076,tcga_mc3_wes,HRD_Score,MuAt-compatible reimplementation,muat_compatible_qkv_attention,21.0,32.206992837939545,0.283935546875,4,,,,,
TCGA-A8-A079,tcga_mc3_wes,HRD_Score,MuAt-compatible reimplementation,muat_compatible_qkv_attention,31.0,47.29665203620071,1.0400390625,4,,,,,
TCGA-A8-A07B,tcga_mc3_wes,HRD_Score,MuAt-compatible reimplementation,muat_compatible_qkv_attention,29.0,39.7152798332642,0.66015625,4,,,,,
TCGA-A8-A07I,tcga_mc3_wes,HRD_Score,MuAt-compatible reimplementation,muat_compatible_qkv_attention,25.0,25.88085907573666,-0.033050537109375,4,,,,,
TCGA-A8-A07J,tcga_mc3_wes,HRD_Score,MuAt-compatible reimplementation,muat_compatible_qkv_attention,13.0,24.840747931178925,-0.06475830078125,1,,,,,
TCGA-A8-A07L,tcga_mc3_wes,HRD_Score,MuAt-compatible reimplementation,muat_compatible_qkv_attention,71.0,38.47171195696646,0.63671875,3,,,,,
TCGA-A8-A07O,tcga_mc3_wes,HRD_Score,MuAt-compatible reimplementation,muat_compatible_qkv_attention,23.0,22.749766972965404,-0.18994140625,4,,,,,
TCGA-A8-A07P,tcga_mc3_wes,HRD_Score,MuAt-compatible reimplementation,muat_compatible_qkv_attention,23.0,18.676900659947858,-0.351806640625,3,,,,,
TCGA-A8-A07U,tcga_mc3_wes,HRD_Score,MuAt-compatible reimplementation,muat_compatible_qkv_attention,33.0,49.12865457367123,1.1318359375,4,,,,,
TCGA-A8-A07W,tcga_mc3_wes,HRD_Score,MuAt-compatible reimplementation,muat_compatible_qkv_attention,24.0,21.963386091156472,-0.206298828125,1,,,,,
TCGA-A8-A07Z,tcga_mc3_wes,HRD_Score,MuAt-compatible reimplementation,muat_compatible_qkv_attention,11.0,13.511796730826825,-0.65283203125,4,,,,,
TCGA-A8-A081,tcga_mc3_wes,HRD_Score,MuAt-compatible reimplementation,muat_compatible_qkv_attention,33.0,31.177705610935302,0.259765625,2,,,,,
TCGA-A8-A082,tcga_mc3_wes,HRD_Score,MuAt-compatible reimplementation,muat_compatible_qkv_attention,12.0,10.009031944310914,-0.78466796875,3,,,,,
TCGA-A8-A083,tcga_mc3_wes,HRD_Score,MuAt-compatible reimplementation,muat_compatible_qkv_attention,8.0,14.437542693910332,-0.6064453125,4,,,,,
TCGA-A8-A08B,tcga_mc3_wes,HRD_Score,MuAt-compatible reimplementation,muat_compatible_qkv_attention,26.0,47.29724445548019,1.064453125,2,,,,,
TCGA-A8-A08G,tcga_mc3_wes,HRD_Score,MuAt-compatible reimplementation,muat_compatible_qkv_attention,24.0,11.299679062713707,-0.72021484375,3,,,,,
TCGA-A8-A08H,tcga_mc3_wes,HRD_Score,MuAt-compatible reimplementation,muat_compatible_qkv_attention,0.0,16.816643136256463,-0.45947265625,1,,,,,
TCGA-A8-A08L,tcga_mc3_wes,HRD_Score,MuAt-compatible reimplementation,muat_compatible_qkv_attention,79.0,37.425276661426054,0.54541015625,4,,,,,
TCGA-A8-A08O,tcga_mc3_wes,HRD_Score,MuAt-compatible reimplementation,muat_compatible_qkv_attention,25.0,8.367775644018632,-0.87890625,2,,,,,
TCGA-A8-A08R,tcga_mc3_wes,HRD_Score,MuAt-compatible reimplementation,muat_compatible_qkv_attention,85.0,66.4685406540894,2.021484375,2,,,,,
TCGA-A8-A08T,tcga_mc3_wes,HRD_Score,MuAt-compatible reimplementation,muat_compatible_qkv_attention,12.0,11.835709302928265,-0.73681640625,4,,,,,
TCGA-A8-A08X,tcga_mc3_wes,HRD_Score,MuAt-compatible reimplementation,muat_compatible_qkv_attention,35.0,24.028957929266756,-0.063232421875,5,,,,,
TCGA-A8-A08Z,tcga_mc3_wes,HRD_Score,MuAt-compatible reimplementation,muat_compatible_qkv_attention,13.0,0.8056568561142896,-1.2470703125,1,,,,,
TCGA-A8-A090,tcga_mc3_wes,HRD_Score,MuAt-compatible reimplementation,muat_compatible_qkv_attention,13.0,16.561886061828275,-0.5,4,,,,,
TCGA-A8-A091,tcga_mc3_wes,HRD_Score,MuAt-compatible reimplementation,muat_compatible_qkv_attention,11.0,6.1370905891025345,-0.97802734375,3,,,,,
TCGA-A8-A092,tcga_mc3_wes,HRD_Score,MuAt-compatible reimplementation,muat_compatible_qkv_attention,13.0,15.794242896420975,-0.509765625,1,,,,,
TCGA-A8-A093,tcga_mc3_wes,HRD_Score,MuAt-compatible reimplementation,muat_compatible_qkv_attention,7.0,17.882292146015804,-0.433837890625,4,,,,,
TCGA-A8-A094,tcga_mc3_wes,HRD_Score,MuAt-compatible reimplementation,muat_compatible_qkv_attention,39.0,28.776860427356446,0.112060546875,4,,,,,
TCGA-A8-A095,tcga_mc3_wes,HRD_Score,MuAt-compatible reimplementation,muat_compatible_qkv_attention,6.0,14.448075821241734,-0.56298828125,3,,,,,
TCGA-A8-A096,tcga_mc3_wes,HRD_Score,MuAt-compatible reimplementation,muat_compatible_qkv_attention,6.0,10.225635764889816,-0.78369140625,1,,,,,
TCGA-A8-A097,tcga_mc3_wes,HRD_Score,MuAt-compatible reimplementation,muat_compatible_qkv_attention,51.0,58.0158158192729,1.5771484375,4,,,,,
TCGA-A8-A099,tcga_mc3_wes,HRD_Score,MuAt-compatible reimplementation,muat_compatible_qkv_attention,12.0,14.394646451597636,-0.57861328125,1,,,,,
TCGA-A8-A09A,tcga_mc3_wes,HRD_Score,MuAt-compatible reimplementation,muat_compatible_qkv_attention,70.0,66.51395389317261,2.037109375,3,,,,,
TCGA-A8-A09B,tcga_mc3_wes,HRD_Score,MuAt-compatible reimplementation,muat_compatible_qkv_attention,13.0,23.866733391335263,-0.0714111328125,5,,,,,
TCGA-A8-A09C,tcga_mc3_wes,HRD_Score,MuAt-compatible reimplementation,muat_compatible_qkv_attention,24.0,11.419532998082955,-0.7265625,2,,,,,
TCGA-A8-A09D,tcga_mc3_wes,HRD_Score,MuAt-compatible reimplementation,muat_compatible_qkv_attention,24.0,9.688247576065695,-0.81298828125,2,,,,,
TCGA-A8-A09G,tcga_mc3_wes,HRD_Score,MuAt-compatible reimplementation,muat_compatible_qkv_attention,10.0,14.086933758054915,-0.59375,1,,,,,
TCGA-A8-A09M,tcga_mc3_wes,HRD_Score,MuAt-compatible reimplementation,muat_compatible_qkv_attention,51.0,51.72074327030505,1.26171875,4,,,,,
TCGA-A8-A09N,tcga_mc3_wes,HRD_Score,MuAt-compatible reimplementation,muat_compatible_qkv_attention,22.0,27.268864160236728,0.06463623046875,2,,,,,
TCGA-A8-A09Q,tcga_mc3_wes,HRD_Score,MuAt-compatible reimplementation,muat_compatible_qkv_attention,46.0,36.486853130937924,0.53759765625,3,,,,,
TCGA-A8-A09T,tcga_mc3_wes,HRD_Score,MuAt-compatible reimplementation,muat_compatible_qkv_attention,10.0,15.449417709219176,-0.525390625,2,,,,,
TCGA-A8-A09V,tcga_mc3_wes,HRD_Score,MuAt-compatible reimplementation,muat_compatible_qkv_attention,4.0,21.156790837733702,-0.240478515625,2,,,,,
TCGA-A8-A09W,tcga_mc3_wes,HRD_Score,MuAt-compatible reimplementation,muat_compatible_qkv_attention,56.0,65.09916235418873,1.953125,2,,,,,
TCGA-A8-A09X,tcga_mc3_wes,HRD_Score,MuAt-compatible reimplementation,muat_compatible_qkv_attention,26.0,21.13108571085014,-0.229248046875,3,,,,,
TCGA-A8-A09Z,tcga_mc3_wes,HRD_Score,MuAt-compatible reimplementation,muat_compatible_qkv_attention,10.0,40.93941663451285,0.7470703125,2,,,,,
TCGA-A8-A0A1,tcga_mc3_wes,HRD_Score,MuAt-compatible reimplementation,muat_compatible_qkv_attention,18.0,3.4857351547121738,-1.115234375,1,,,,,
TCGA-A8-A0A2,tcga_mc3_wes,HRD_Score,MuAt-compatible reimplementation,muat_compatible_qkv_attention,14.0,21.45999920172478,-0.1927490234375,5,,,,,
TCGA-A8-A0A4,tcga_mc3_wes,HRD_Score,MuAt-compatible reimplementation,muat_compatible_qkv_attention,28.0,30.48094409700674,0.2376708984375,3,,,,,
TCGA-A8-A0A6,tcga_mc3_wes,HRD_Score,MuAt-compatible reimplementation,muat_compatible_qkv_attention,14.0,14.552139399955454,-0.541015625,5,,,,,
TCGA-A8-A0A7,tcga_mc3_wes,HRD_Score,MuAt-compatible reimplementation,muat_compatible_qkv_attention,21.0,26.84004283282588,0.0784912109375,5,,,,,
TCGA-A8-A0AB,tcga_mc3_wes,HRD_Score,MuAt-compatible reimplementation,muat_compatible_qkv_attention,18.0,11.945002621915105,-0.68798828125,3,,,,,
TCGA-A8-A0AD,tcga_mc3_wes,HRD_Score,MuAt-compatible reimplementation,muat_compatible_qkv_attention,8.0,14.20604834910371,-0.587890625,1,,,,,
TCGA-AC-A23C,tcga_mc3_wes,HRD_Score,MuAt-compatible reimplementation,muat_compatible_qkv_attention,26.0,26.17056395613846,0.04473876953125,5,,,,,
TCGA-AC-A23E,tcga_mc3_wes,HRD_Score,MuAt-compatible reimplementation,muat_compatible_qkv_attention,8.0,15.046076799030443,-0.51611328125,5,,,,,
TCGA-AC-A23H,tcga_mc3_wes,HRD_Score,MuAt-compatible reimplementation,muat_compatible_qkv_attention,21.0,41.48625522010336,0.81689453125,5,,,,,
TCGA-AC-A2B8,tcga_mc3_wes,HRD_Score,MuAt-compatible reimplementation,muat_compatible_qkv_attention,19.0,23.760779011596075,-0.1392822265625,4,,,,,
TCGA-AC-A2FB,tcga_mc3_wes,HRD_Score,MuAt-compatible reimplementation,muat_compatible_qkv_attention,8.0,-0.27887019249694944,-1.310546875,2,,,,,
TCGA-AC-A2FG,tcga_mc3_wes,HRD_Score,MuAt-compatible reimplementation,muat_compatible_qkv_attention,10.0,11.64662528774964,-0.6875,5,,,,,
TCGA-AC-A2FO,tcga_mc3_wes,HRD_Score,MuAt-compatible reimplementation,muat_compatible_qkv_attention,22.0,-3.5525404286032867,-1.4619140625,3,,,,,
TCGA-AC-A2QH,tcga_mc3_wes,HRD_Score,MuAt-compatible reimplementation,muat_compatible_qkv_attention,40.0,4.73643836072452,-1.0537109375,1,,,,,
TCGA-AC-A3OD,tcga_mc3_wes,HRD_Score,MuAt-compatible reimplementation,muat_compatible_qkv_attention,25.0,1.9173930392363765,-1.1923828125,1,,,,,
TCGA-AC-A3QQ,tcga_mc3_wes,HRD_Score,MuAt-compatible reimplementation,muat_compatible_qkv_attention,14.0,35.02808185175718,0.42529296875,4,,,,,
TCGA-AC-A3YI,tcga_mc3_wes,HRD_Score,MuAt-compatible reimplementation,muat_compatible_qkv_attention,3.0,10.761909430045877,-0.7470703125,3,,,,,
TCGA-AC-A4ZE,tcga_mc3_wes,HRD_Score,MuAt-compatible reimplementation,muat_compatible_qkv_attention,13.0,34.14511082141164,0.420654296875,3,,,,,
TCGA-AC-A5EH,tcga_mc3_wes,HRD_Score,MuAt-compatible reimplementation,muat_compatible_qkv_attention,37.0,44.69200579057045,0.978515625,5,,,,,
TCGA-AC-A5XS,tcga_mc3_wes,HRD_Score,MuAt-compatible reimplementation,muat_compatible_qkv_attention,25.0,24.091263097944424,-0.0814208984375,3,,,,,
TCGA-AC-A5XU,tcga_mc3_wes,HRD_Score,MuAt-compatible reimplementation,muat_compatible_qkv_attention,23.0,24.16215091315973,-0.077880859375,3,,,,,
TCGA-AC-A62Y,tcga_mc3_wes,HRD_Score,MuAt-compatible reimplementation,muat_compatible_qkv_attention,15.0,11.387003027615565,-0.7265625,1,,,,,
TCGA-AC-A6IV,tcga_mc3_wes,HRD_Score,MuAt-compatible reimplementation,muat_compatible_qkv_attention,12.0,31.183799931373564,0.232666015625,4,,,,,
TCGA-AC-A6IW,tcga_mc3_wes,HRD_Score,MuAt-compatible reimplementation,muat_compatible_qkv_attention,31.0,25.597621895134807,-0.02752685546875,1,,,,,
TCGA-AC-A6IX,tcga_mc3_wes,HRD_Score,MuAt-compatible reimplementation,muat_compatible_qkv_attention,24.0,20.21304939523645,-0.255615234375,5,,,,,
TCGA-AC-A6NO,tcga_mc3_wes,HRD_Score,MuAt-compatible reimplementation,muat_compatible_qkv_attention,6.0,8.524276021150136,-0.87109375,2,,,,,
TCGA-AC-A7VB,tcga_mc3_wes,HRD_Score,MuAt-compatible reimplementation,muat_compatible_qkv_attention,24.0,21.66822771309953,-0.1822509765625,5,,,,,
TCGA-AC-A7VC,tcga_mc3_wes,HRD_Score,MuAt-compatible reimplementation,muat_compatible_qkv_attention,8.0,24.892381642786308,-0.08258056640625,4,,,,,
TCGA-AC-A8OP,tcga_mc3_wes,HRD_Score,MuAt-compatible reimplementation,muat_compatible_qkv_attention,36.0,56.71002677660774,1.51171875,4,,,,,
TCGA-AC-A8OQ,tcga_mc3_wes,HRD_Score,MuAt-compatible reimplementation,muat_compatible_qkv_attention,71.0,34.66313957994004,0.472900390625,5,,,,,
TCGA-AC-A8OR,tcga_mc3_wes,HRD_Score,MuAt-compatible reimplementation,muat_compatible_qkv_attention,4.0,17.848185715796937,-0.435546875,4,,,,,
TCGA-AC-A8OS,tcga_mc3_wes,HRD_Score,MuAt-compatible reimplementation,muat_compatible_qkv_attention,7.0,21.21395678914114,-0.2431640625,1,,,,,
TCGA-AN-A03X,tcga_mc3_wes,HRD_Score,MuAt-compatible reimplementation,muat_compatible_qkv_attention,12.0,19.435286689287164,-0.326416015625,2,,,,,
TCGA-AN-A03Y,tcga_mc3_wes,HRD_Score,MuAt-compatible reimplementation,muat_compatible_qkv_attention,10.0,7.075283084545823,-0.91796875,5,,,,,
TCGA-AN-A041,tcga_mc3_wes,HRD_Score,MuAt-compatible reimplementation,muat_compatible_qkv_attention,17.0,10.42947002076031,-0.763671875,3,,,,,
TCGA-AN-A046,tcga_mc3_wes,HRD_Score,MuAt-compatible reimplementation,muat_compatible_qkv_attention,8.0,45.66377176917012,0.98291015625,2,,,,,
TCGA-AN-A049,tcga_mc3_wes,HRD_Score,MuAt-compatible reimplementation,muat_compatible_qkv_attention,40.0,4.973552656603044,-1.0361328125,3,,,,,
TCGA-AN-A04C,tcga_mc3_wes,HRD_Score,MuAt-compatible reimplementation,muat_compatible_qkv_attention,35.0,40.769454932910826,0.75146484375,3,,,,,
TCGA-AN-A04D,tcga_mc3_wes,HRD_Score,MuAt-compatible reimplementation,muat_compatible_qkv_attention,61.0,34.22246993958882,0.45068359375,5,,,,,
TCGA-AN-A0AJ,tcga_mc3_wes,HRD_Score,MuAt-compatible reimplementation,muat_compatible_qkv_attention,40.0,22.41439960698928,-0.1651611328125,3,,,,,
TCGA-AN-A0AL,tcga_mc3_wes,HRD_Score,MuAt-compatible reimplementation,muat_compatible_qkv_attention,66.0,57.58714425187656,1.578125,2,,,,,
TCGA-AN-A0AM,tcga_mc3_wes,HRD_Score,MuAt-compatible reimplementation,muat_compatible_qkv_attention,44.0,24.77498675070407,-0.0679931640625,1,,,,,
TCGA-AN-A0AR,tcga_mc3_wes,HRD_Score,MuAt-compatible reimplementation,muat_compatible_qkv_attention,75.0,44.964058067719904,0.9609375,3,,,,,
TCGA-AN-A0AS,tcga_mc3_wes,HRD_Score,MuAt-compatible reimplementation,muat_compatible_qkv_attention,21.0,-3.4626159898008595,-1.45703125,1,,,,,
TCGA-AN-A0AT,tcga_mc3_wes,HRD_Score,MuAt-compatible reimplementation,muat_compatible_qkv_attention,67.0,39.11703551616786,0.6689453125,3,,,,,
TCGA-AN-A0FJ,tcga_mc3_wes,HRD_Score,MuAt-compatible reimplementation,muat_compatible_qkv_attention,27.0,35.67220081668068,0.484130859375,2,,,,,
TCGA-AN-A0FK,tcga_mc3_wes,HRD_Score,MuAt-compatible reimplementation,muat_compatible_qkv_attention,9.0,12.826304336121837,-0.65576171875,1,,,,,
TCGA-AN-A0FN,tcga_mc3_wes,HRD_Score,MuAt-compatible reimplementation,muat_compatible_qkv_attention,3.0,19.363485686949417,-0.359619140625,4,,,,,
TCGA-AN-A0FS,tcga_mc3_wes,HRD_Score,MuAt-compatible reimplementation,muat_compatible_qkv_attention,12.0,10.781503856450858,-0.75634765625,1,,,,,
TCGA-AN-A0FT,tcga_mc3_wes,HRD_Score,MuAt-compatible reimplementation,muat_compatible_qkv_attention,57.0,27.963508289545462,0.1351318359375,5,,,,,
TCGA-AN-A0FV,tcga_mc3_wes,HRD_Score,MuAt-compatible reimplementation,muat_compatible_qkv_attention,35.0,27.91810923791714,0.06903076171875,4,,,,,
TCGA-AN-A0FW,tcga_mc3_wes,HRD_Score,MuAt-compatible reimplementation,muat_compatible_qkv_attention,23.0,21.273514084665536,-0.240234375,1,,,,,
TCGA-AN-A0FX,tcga_mc3_wes,HRD_Score,MuAt-compatible reimplementation,muat_compatible_qkv_attention,59.0,31.67046004436805,0.322021484375,5,,,,,
TCGA-AN-A0FY,tcga_mc3_wes,HRD_Score,MuAt-compatible reimplementation,muat_compatible_qkv_attention,42.0,18.97067619467801,-0.349609375,2,,,,,
TCGA-AN-A0FZ,tcga_mc3_wes,HRD_Score,MuAt-compatible reimplementation,muat_compatible_qkv_attention,28.0,17.488918653236198,-0.4111328125,3,,,,,
TCGA-AN-A0XN,tcga_mc3_wes,HRD_Score,MuAt-compatible reimplementation,muat_compatible_qkv_attention,71.0,35.694597089773104,0.52490234375,5,,,,,
TCGA-AN-A0XO,tcga_mc3_wes,HRD_Score,MuAt-compatible reimplementation,muat_compatible_qkv_attention,23.0,9.013339699686085,-0.8466796875,2,,,,,
TCGA-AN-A0XP,tcga_mc3_wes,HRD_Score,MuAt-compatible reimplementation,muat_compatible_qkv_attention,5.0,23.31710697177633,-0.09912109375,5,,,,,
TCGA-AN-A0XR,tcga_mc3_wes,HRD_Score,MuAt-compatible reimplementation,muat_compatible_qkv_attention,10.0,14.736155293728489,-0.53173828125,5,,,,,
TCGA-AN-A0XS,tcga_mc3_wes,HRD_Score,MuAt-compatible reimplementation,muat_compatible_qkv_attention,9.0,13.421424704330422,-0.6142578125,3,,,,,
TCGA-AN-A0XT,tcga_mc3_wes,HRD_Score,MuAt-compatible reimplementation,muat_compatible_qkv_attention,35.0,12.637706233627911,-0.6650390625,1,,,,,
TCGA-AN-A0XU,tcga_mc3_wes,HRD_Score,MuAt-compatible reimplementation,muat_compatible_qkv_attention,84.0,42.54192534753814,0.8701171875,5,,,,,
TCGA-AN-A0XV,tcga_mc3_wes,HRD_Score,MuAt-compatible reimplementation,muat_compatible_qkv_attention,7.0,23.53665104158638,-0.1505126953125,4,,,,,
TCGA-AN-A0XW,tcga_mc3_wes,HRD_Score,MuAt-compatible reimplementation,muat_compatible_qkv_attention,26.0,32.73581521884351,0.375732421875,5,,,,,
TCGA-AO-A03L,tcga_mc3_wes,HRD_Score,MuAt-compatible reimplementation,muat_compatible_qkv_attention,32.0,19.39249616768665,-0.332763671875,1,,,,,
TCGA-AO-A03O,tcga_mc3_wes,HRD_Score,MuAt-compatible reimplementation,muat_compatible_qkv_attention,46.0,28.381925460900387,0.10943603515625,1,,,,,
TCGA-AO-A03P,tcga_mc3_wes,HRD_Score,MuAt-compatible reimplementation,muat_compatible_qkv_attention,25.0,9.003558426115365,-0.84716796875,2,,,,,
TCGA-AO-A03R,tcga_mc3_wes,HRD_Score,MuAt-compatible reimplementation,muat_compatible_qkv_attention,13.0,8.806383493071948,-0.8447265625,3,,,,,
TCGA-AO-A03T,tcga_mc3_wes,HRD_Score,MuAt-compatible reimplementation,muat_compatible_qkv_attention,43.0,56.39382887624885,1.5185546875,2,,,,,
TCGA-AO-A03V,tcga_mc3_wes,HRD_Score,MuAt-compatible reimplementation,muat_compatible_qkv_attention,41.0,15.694980737213646,-0.5146484375,1,,,,,
TCGA-AO-A0J2,tcga_mc3_wes,HRD_Score,MuAt-compatible reimplementation,muat_compatible_qkv_attention,83.0,11.595453561950956,-0.71630859375,1,,,,,
TCGA-AO-A0J3,tcga_mc3_wes,HRD_Score,MuAt-compatible reimplementation,muat_compatible_qkv_attention,39.0,10.811282504213057,-0.7548828125,1,,,,,
TCGA-AO-A0J4,tcga_mc3_wes,HRD_Score,MuAt-compatible reimplementation,muat_compatible_qkv_attention,52.0,37.552508194667496,0.560546875,1,,,,,
TCGA-AO-A0J6,tcga_mc3_wes,HRD_Score,MuAt-compatible reimplementation,muat_compatible_qkv_attention,73.0,48.934056394390936,1.1923828125,5,,,,,
TCGA-AO-A0J7,tcga_mc3_wes,HRD_Score,MuAt-compatible reimplementation,muat_compatible_qkv_attention,4.0,8.668683639747847,-0.8955078125,4,,,,,
TCGA-AO-A0J8,tcga_mc3_wes,HRD_Score,MuAt-compatible reimplementation,muat_compatible_qkv_attention,4.0,22.08196019770371,-0.1817626953125,3,,,,,
TCGA-AO-A0J9,tcga_mc3_wes,HRD_Score,MuAt-compatible reimplementation,muat_compatible_qkv_attention,9.0,9.394809368944124,-0.82763671875,2,,,,,
TCGA-AO-A0JA,tcga_mc3_wes,HRD_Score,MuAt-compatible reimplementation,muat_compatible_qkv_attention,37.0,12.443661735843456,-0.6630859375,3,,,,,
TCGA-AO-A0JB,tcga_mc3_wes,HRD_Score,MuAt-compatible reimplementation,muat_compatible_qkv_attention,68.0,26.94820764884953,0.038909912109375,1,,,,,
TCGA-AO-A0JD,tcga_mc3_wes,HRD_Score,MuAt-compatible reimplementation,muat_compatible_qkv_attention,51.0,43.85677493126936,0.86767578125,4,,,,,
TCGA-AO-A0JE,tcga_mc3_wes,HRD_Score,MuAt-compatible reimplementation,muat_compatible_qkv_attention,34.0,20.436874003224393,-0.263916015625,3,,,,,
TCGA-AO-A0JF,tcga_mc3_wes,HRD_Score,MuAt-compatible reimplementation,muat_compatible_qkv_attention,4.0,6.734302957708561,-0.96044921875,2,,,,,
TCGA-AO-A0JG,tcga_mc3_wes,HRD_Score,MuAt-compatible reimplementation,muat_compatible_qkv_attention,16.0,13.960052670846208,-0.63037109375,4,,,,,
TCGA-AO-A0JI,tcga_mc3_wes,HRD_Score,MuAt-compatible reimplementation,muat_compatible_qkv_attention,14.0,19.757852184324207,-0.278564453125,5,,,,,
TCGA-AO-A0JJ,tcga_mc3_wes,HRD_Score,MuAt-compatible reimplementation,muat_compatible_qkv_attention,10.0,19.208861173153092,-0.341796875,1,,,,,
TCGA-AO-A0JM,tcga_mc3_wes,HRD_Score,MuAt-compatible reimplementation,muat_compatible_qkv_attention,36.0,24.680976388313127,-0.051971435546875,3,,,,,
TCGA-AO-A124,tcga_mc3_wes,HRD_Score,MuAt-compatible reimplementation,muat_compatible_qkv_attention,89.0,68.31303775518862,2.126953125,3,,,,,
TCGA-AO-A128,tcga_mc3_wes,HRD_Score,MuAt-compatible reimplementation,muat_compatible_qkv_attention,15.0,37.902766684490174,0.5693359375,4,,,,,
TCGA-AO-A12A,tcga_mc3_wes,HRD_Score,MuAt-compatible reimplementation,muat_compatible_qkv_attention,7.0,2.532818426321814,-1.162109375,1,,,,,
TCGA-AO-A12D,tcga_mc3_wes,HRD_Score,MuAt-compatible reimplementation,muat_compatible_qkv_attention,26.0,18.06781147572449,-0.36376953125,5,,,,,
TCGA-AO-A12F,tcga_mc3_wes,HRD_Score,MuAt-compatible reimplementation,muat_compatible_qkv_attention,56.0,13.531065666493873,-0.62109375,1,,,,,
TCGA-AO-A12H,tcga_mc3_wes,HRD_Score,MuAt-compatible reimplementation,muat_compatible_qkv_attention,0.0,16.84448219792745,-0.48583984375,4,,,,,
TCGA-AO-A1KP,tcga_mc3_wes,HRD_Score,MuAt-compatible reimplementation,muat_compatible_qkv_attention,16.0,34.633421730653154,0.405517578125,4,,,,,
TCGA-AO-A1KR,tcga_mc3_wes,HRD_Score,MuAt-compatible reimplementation,muat_compatible_qkv_attention,40.0,45.67903277439164,0.958984375,4,,,,,
TCGA-AO-A1KT,tcga_mc3_wes,HRD_Score,MuAt-compatible reimplementation,muat_compatible_qkv_attention,29.0,19.587613656959107,-0.348388671875,4,,,,,
TCGA-AQ-A04H,tcga_mc3_wes,HRD_Score,MuAt-compatible reimplementation,muat_compatible_qkv_attention,25.0,20.64161272678681,-0.2340087890625,5,,,,,
TCGA-AQ-A04J,tcga_mc3_wes,HRD_Score,MuAt-compatible reimplementation,muat_compatible_qkv_attention,59.0,37.74782706239854,0.62841796875,5,,,,,
TCGA-AQ-A1H2,tcga_mc3_wes,HRD_Score,MuAt-compatible reimplementation,muat_compatible_qkv_attention,27.0,11.006350172167618,-0.73486328125,3,,,,,
TCGA-AQ-A1H3,tcga_mc3_wes,HRD_Score,MuAt-compatible reimplementation,muat_compatible_qkv_attention,9.0,20.0048208838617,-0.26611328125,5,,,,,
TCGA-AR-A0TP,tcga_mc3_wes,HRD_Score,MuAt-compatible reimplementation,muat_compatible_qkv_attention,70.0,58.00741606733602,1.6123046875,3,,,,,
TCGA-AR-A0TQ,tcga_mc3_wes,HRD_Score,MuAt-compatible reimplementation,muat_compatible_qkv_attention,10.0,16.65740499520297,-0.465087890625,2,,,,,
TCGA-AR-A0TR,tcga_mc3_wes,HRD_Score,MuAt-compatible reimplementation,muat_compatible_qkv_attention,16.0,20.953955493848934,-0.21826171875,5,,,,,
TCGA-AR-A0TS,tcga_mc3_wes,HRD_Score,MuAt-compatible reimplementation,muat_compatible_qkv_attention,49.0,45.62177030647631,1.025390625,5,,,,,
TCGA-AR-A0TT,tcga_mc3_wes,HRD_Score,MuAt-compatible reimplementation,muat_compatible_qkv_attention,38.0,16.310406124299085,-0.484375,1,,,,,
TCGA-AR-A0TV,tcga_mc3_wes,HRD_Score,MuAt-compatible reimplementation,muat_compatible_qkv_attention,36.0,32.05786192599549,0.341552734375,5,,,,,
TCGA-AR-A0TW,tcga_mc3_wes,HRD_Score,MuAt-compatible reimplementation,muat_compatible_qkv_attention,58.0,41.72191852017037,0.7861328125,2,,,,,
TCGA-AR-A0TX,tcga_mc3_wes,HRD_Score,MuAt-compatible reimplementation,muat_compatible_qkv_attention,22.0,31.02609587058916,0.252197265625,2,,,,,
TCGA-AR-A0TY,tcga_mc3_wes,HRD_Score,MuAt-compatible reimplementation,muat_compatible_qkv_attention,35.0,19.134414553747597,-0.345458984375,1,,,,,
TCGA-AR-A0TZ,tcga_mc3_wes,HRD_Score,MuAt-compatible reimplementation,muat_compatible_qkv_attention,26.0,18.489111021994333,-0.342529296875,5,,,,,
TCGA-AR-A0U0,tcga_mc3_wes,HRD_Score,MuAt-compatible reimplementation,muat_compatible_qkv_attention,32.0,26.604113926955925,0.0440673828125,3,,,,,
TCGA-AR-A1AH,tcga_mc3_wes,HRD_Score,MuAt-compatible reimplementation,muat_compatible_qkv_attention,27.0,56.178640857693026,1.5078125,2,,,,,
TCGA-AR-A1AI,tcga_mc3_wes,HRD_Score,MuAt-compatible reimplementation,muat_compatible_qkv_attention,47.0,27.471992152230644,0.1103515625,5,,,,,
TCGA-AR-A1AJ,tcga_mc3_wes,HRD_Score,MuAt-compatible reimplementation,muat_compatible_qkv_attention,12.0,9.233014172816524,-0.83251953125,1,,,,,
TCGA-AR-A1AK,tcga_mc3_wes,HRD_Score,MuAt-compatible reimplementation,muat_compatible_qkv_attention,18.0,43.80805145952813,0.865234375,4,,,,,
TCGA-AR-A1AN,tcga_mc3_wes,HRD_Score,MuAt-compatible reimplementation,muat_compatible_qkv_attention,30.0,9.705925424079954,-0.7998046875,3,,,,,
TCGA-AR-A1AO,tcga_mc3_wes,HRD_Score,MuAt-compatible reimplementation,muat_compatible_qkv_attention,0.0,52.34438161797118,1.31640625,2,,,,,
TCGA-AR-A1AP,tcga_mc3_wes,HRD_Score,MuAt-compatible reimplementation,muat_compatible_qkv_attention,19.0,25.987536064271097,-0.0083465576171875,1,,,,,
TCGA-AR-A1AQ,tcga_mc3_wes,HRD_Score,MuAt-compatible reimplementation,muat_compatible_qkv_attention,31.0,42.49031775744788,0.83740234375,3,,,,,
TCGA-AR-A1AR,tcga_mc3_wes,HRD_Score,MuAt-compatible reimplementation,muat_compatible_qkv_attention,26.0,40.62153640765121,0.70556640625,4,,,,,
TCGA-AR-A1AU,tcga_mc3_wes,HRD_Score,MuAt-compatible reimplementation,muat_compatible_qkv_attention,22.0,21.446414268187183,-0.2135009765625,3,,,,,
TCGA-AR-A1AW,tcga_mc3_wes,HRD_Score,MuAt-compatible reimplementation,muat_compatible_qkv_attention,16.0,19.425505415716444,-0.326904296875,2,,,,,
TCGA-AR-A1AX,tcga_mc3_wes,HRD_Score,MuAt-compatible reimplementation,muat_compatible_qkv_attention,6.0,27.754885607583994,0.06085205078125,4,,,,,
TCGA-AR-A1AY,tcga_mc3_wes,HRD_Score,MuAt-compatible reimplementation,muat_compatible_qkv_attention,33.0,38.55566120582275,0.60205078125,4,,,,,
TCGA-AR-A24L,tcga_mc3_wes,HRD_Score,MuAt-compatible reimplementation,muat_compatible_qkv_attention,50.0,34.8672943950111,0.417236328125,4,,,,,
TCGA-AR-A24N,tcga_mc3_wes,HRD_Score,MuAt-compatible reimplementation,muat_compatible_qkv_attention,9.0,31.343819916696486,0.28076171875,3,,,,,
TCGA-AR-A24O,tcga_mc3_wes,HRD_Score,MuAt-compatible reimplementation,muat_compatible_qkv_attention,4.0,15.77439046457951,-0.5107421875,1,,,,,
TCGA-AR-A24P,tcga_mc3_wes,HRD_Score,MuAt-compatible reimplementation,muat_compatible_qkv_attention,6.0,8.994784990718937,-0.84423828125,1,,,,,
TCGA-AR-A24Q,tcga_mc3_wes,HRD_Score,MuAt-compatible reimplementation,muat_compatible_qkv_attention,72.0,45.89295162361552,1.0390625,5,,,,,
TCGA-AR-A24R,tcga_mc3_wes,HRD_Score,MuAt-compatible reimplementation,muat_compatible_qkv_attention,14.0,20.07021289004178,-0.2822265625,3,,,,,
TCGA-AR-A24S,tcga_mc3_wes,HRD_Score,MuAt-compatible reimplementation,muat_compatible_qkv_attention,28.0,21.239931663084814,-0.236328125,2,,,,,
TCGA-AR-A24U,tcga_mc3_wes,HRD_Score,MuAt-compatible reimplementation,muat_compatible_qkv_attention,23.0,18.561748874799477,-0.3388671875,5,,,,,
TCGA-AR-A24V,tcga_mc3_wes,HRD_Score,MuAt-compatible reimplementation,muat_compatible_qkv_attention,18.0,7.8383981542698535,-0.89306640625,3,,,,,
TCGA-AR-A24W,tcga_mc3_wes,HRD_Score,MuAt-compatible reimplementation,muat_compatible_qkv_attention,8.0,16.464262471070445,-0.476806640625,1,,,,,
TCGA-AR-A24X,tcga_mc3_wes,HRD_Score,MuAt-compatible reimplementation,muat_compatible_qkv_attention,4.0,9.173456877292129,-0.83544921875,1,,,,,
TCGA-AR-A24Z,tcga_mc3_wes,HRD_Score,MuAt-compatible reimplementation,muat_compatible_qkv_attention,33.0,45.406181332640706,0.9453125,4,,,,,
TCGA-AR-A250,tcga_mc3_wes,HRD_Score,MuAt-compatible reimplementation,muat_compatible_qkv_attention,30.0,21.26606942272499,-0.2406005859375,1,,,,,
TCGA-AR-A251,tcga_mc3_wes,HRD_Score,MuAt-compatible reimplementation,muat_compatible_qkv_attention,79.0,66.31840129947523,2.02734375,3,,,,,
TCGA-AR-A252,tcga_mc3_wes,HRD_Score,MuAt-compatible reimplementation,muat_compatible_qkv_attention,3.0,15.175542049239045,-0.5390625,2,,,,,
TCGA-AR-A254,tcga_mc3_wes,HRD_Score,MuAt-compatible reimplementation,muat_compatible_qkv_attention,21.0,13.326647538210125,-0.662109375,4,,,,,
TCGA-AR-A256,tcga_mc3_wes,HRD_Score,MuAt-compatible reimplementation,muat_compatible_qkv_attention,63.0,73.11980668217831,2.353515625,2,,,,,
TCGA-AR-A2LH,tcga_mc3_wes,HRD_Score,MuAt-compatible reimplementation,muat_compatible_qkv_attention,0.0,17.619185398613123,-0.447021484375,4,,,,,
TCGA-AR-A2LK,tcga_mc3_wes,HRD_Score,MuAt-compatible reimplementation,muat_compatible_qkv_attention,8.0,1.6969470687882833,-1.2119140625,2,,,,,
TCGA-AR-A2LN,tcga_mc3_wes,HRD_Score,MuAt-compatible reimplementation,muat_compatible_qkv_attention,8.0,12.381412186430122,-0.70947265625,4,,,,,
TCGA-AR-A2LO,tcga_mc3_wes,HRD_Score,MuAt-compatible reimplementation,muat_compatible_qkv_attention,20.0,5.490830770700221,-1.0166015625,1,,,,,
TCGA-AR-A2LQ,tcga_mc3_wes,HRD_Score,MuAt-compatible reimplementation,muat_compatible_qkv_attention,2.0,13.675643076137032,-0.6015625,3,,,,,
TCGA-AR-A5QM,tcga_mc3_wes,HRD_Score,MuAt-compatible reimplementation,muat_compatible_qkv_attention,13.0,12.518591642579116,-0.6708984375,1,,,,,
TCGA-AR-A5QN,tcga_mc3_wes,HRD_Score,MuAt-compatible reimplementation,muat_compatible_qkv_attention,17.0,8.468695546920092,-0.8701171875,1,,,,,
TCGA-AR-A5QP,tcga_mc3_wes,HRD_Score,MuAt-compatible reimplementation,muat_compatible_qkv_attention,15.0,16.69831178270374,-0.4931640625,4,,,,,
TCGA-AR-A5QQ,tcga_mc3_wes,HRD_Score,MuAt-compatible reimplementation,muat_compatible_qkv_attention,13.0,51.796630298010925,1.2890625,2,,,,,
TCGA-B6-A0I2,tcga_mc3_wes,HRD_Score,MuAt-compatible reimplementation,muat_compatible_qkv_attention,40.0,49.87242816952447,1.2060546875,3,,,,,
TCGA-B6-A0I5,tcga_mc3_wes,HRD_Score,MuAt-compatible reimplementation,muat_compatible_qkv_attention,4.0,9.383263644479257,-0.81591796875,3,,,,,
TCGA-B6-A0I9,tcga_mc3_wes,HRD_Score,MuAt-compatible reimplementation,muat_compatible_qkv_attention,33.0,19.865662726398796,-0.304931640625,2,,,,,
TCGA-B6-A0IB,tcga_mc3_wes,HRD_Score,MuAt-compatible reimplementation,muat_compatible_qkv_attention,22.0,30.145065135459994,0.2451171875,5,,,,,
TCGA-B6-A0IC,tcga_mc3_wes,HRD_Score,MuAt-compatible reimplementation,muat_compatible_qkv_attention,5.0,13.255204999687637,-0.62255859375,3,,,,,
TCGA-B6-A0IE,tcga_mc3_wes,HRD_Score,MuAt-compatible reimplementation,muat_compatible_qkv_attention,21.0,20.009663407382043,-0.265869140625,5,,,,,
TCGA-B6-A0IH,tcga_mc3_wes,HRD_Score,MuAt-compatible reimplementation,muat_compatible_qkv_attention,16.0,6.881022061269345,-0.953125,2,,,,,
TCGA-B6-A0IJ,tcga_mc3_wes,HRD_Score,MuAt-compatible reimplementation,muat_compatible_qkv_attention,73.0,33.85443815204275,0.43212890625,5,,,,,
TCGA-B6-A0IN,tcga_mc3_wes,HRD_Score,MuAt-compatible reimplementation,muat_compatible_qkv_attention,21.0,11.913666857714245,-0.73291015625,4,,,,,
TCGA-B6-A0RE,tcga_mc3_wes,HRD_Score,MuAt-compatible reimplementation,muat_compatible_qkv_attention,39.0,40.759876692051904,0.7802734375,5,,,,,
TCGA-B6-A0RG,tcga_mc3_wes,HRD_Score,MuAt-compatible reimplementation,muat_compatible_qkv_attention,30.0,53.31887314341763,1.341796875,4,,,,,
TCGA-B6-A0RH,tcga_mc3_wes,HRD_Score,MuAt-compatible reimplementation,muat_compatible_qkv_attention,24.0,9.38190741162752,-0.8251953125,1,,,,,
TCGA-B6-A0RI,tcga_mc3_wes,HRD_Score,MuAt-compatible reimplementation,muat_compatible_qkv_attention,13.0,7.8433439439139185,-0.90087890625,1,,,,,
TCGA-B6-A0RL,tcga_mc3_wes,HRD_Score,MuAt-compatible reimplementation,muat_compatible_qkv_attention,20.0,23.74660165155277,-0.0986328125,3,,,,,
TCGA-B6-A0RN,tcga_mc3_wes,HRD_Score,MuAt-compatible reimplementation,muat_compatible_qkv_attention,4.0,18.493953545514678,-0.34228515625,5,,,,,
TCGA-B6-A0RO,tcga_mc3_wes,HRD_Score,MuAt-compatible reimplementation,muat_compatible_qkv_attention,18.0,19.819323452278166,-0.311767578125,1,,,,,
TCGA-B6-A0RP,tcga_mc3_wes,HRD_Score,MuAt-compatible reimplementation,muat_compatible_qkv_attention,4.0,9.431538491231183,-0.82275390625,1,,,,,
TCGA-B6-A0RS,tcga_mc3_wes,HRD_Score,MuAt-compatible reimplementation,muat_compatible_qkv_attention,77.0,60.41301062894177,1.697265625,4,,,,,
TCGA-B6-A0RU,tcga_mc3_wes,HRD_Score,MuAt-compatible reimplementation,muat_compatible_qkv_attention,32.0,21.00054314684538,-0.253662109375,1,,,,,
TCGA-B6-A0RV,tcga_mc3_wes,HRD_Score,MuAt-compatible reimplementation,muat_compatible_qkv_attention,18.0,10.185029278638568,-0.77587890625,3,,,,,
TCGA-B6-A0WS,tcga_mc3_wes,HRD_Score,MuAt-compatible reimplementation,muat_compatible_qkv_attention,20.0,7.525705034450464,-0.91650390625,1,,,,,
TCGA-B6-A0WT,tcga_mc3_wes,HRD_Score,MuAt-compatible reimplementation,muat_compatible_qkv_attention,28.0,4.7165859288830525,-1.0546875,1,,,,,
TCGA-B6-A0WW,tcga_mc3_wes,HRD_Score,MuAt-compatible reimplementation,muat_compatible_qkv_attention,27.0,8.349580955871296,-0.8759765625,1,,,,,
TCGA-B6-A0WY,tcga_mc3_wes,HRD_Score,MuAt-compatible reimplementation,muat_compatible_qkv_attention,29.0,12.554160732286357,-0.669921875,2,,,,,
TCGA-B6-A0WZ,tcga_mc3_wes,HRD_Score,MuAt-compatible reimplementation,muat_compatible_qkv_attention,6.0,5.922457251338887,-1.0009765625,2,,,,,
TCGA-B6-A0X0,tcga_mc3_wes,HRD_Score,MuAt-compatible reimplementation,muat_compatible_qkv_attention,6.0,13.769294848591462,-0.609375,1,,,,,
TCGA-B6-A0X1,tcga_mc3_wes,HRD_Score,MuAt-compatible reimplementation,muat_compatible_qkv_attention,78.0,32.05786192599549,0.341552734375,5,,,,,
TCGA-B6-A0X4,tcga_mc3_wes,HRD_Score,MuAt-compatible reimplementation,muat_compatible_qkv_attention,1.0,9.302843903903614,-0.8056640625,5,,,,,
TCGA-B6-A0X5,tcga_mc3_wes,HRD_Score,MuAt-compatible reimplementation,muat_compatible_qkv_attention,5.0,14.65713454999094,-0.56494140625,2,,,,,
TCGA-B6-A1KC,tcga_mc3_wes,HRD_Score,MuAt-compatible reimplementation,muat_compatible_qkv_attention,13.0,13.342467563999948,-0.63037109375,1,,,,,
TCGA-B6-A1KF,tcga_mc3_wes,HRD_Score,MuAt-compatible reimplementation,muat_compatible_qkv_attention,21.0,36.55799886443203,0.501953125,4,,,,,
TCGA-B6-A1KN,tcga_mc3_wes,HRD_Score,MuAt-compatible reimplementation,muat_compatible_qkv_attention,33.0,28.13541787451764,0.143798828125,5,,,,,
TCGA-B6-A2IU,tcga_mc3_wes,HRD_Score,MuAt-compatible reimplementation,muat_compatible_qkv_attention,10.0,19.373230381297663,-0.359130859375,4,,,,,
TCGA-B6-A401,tcga_mc3_wes,HRD_Score,MuAt-compatible reimplementation,muat_compatible_qkv_attention,27.0,-2.215562359499309,-1.4072265625,2,,,,,
TCGA-B6-A409,tcga_mc3_wes,HRD_Score,MuAt-compatible reimplementation,muat_compatible_qkv_attention,51.0,18.04135473043133,-0.383544921875,3,,,,,
TCGA-B6-A40C,tcga_mc3_wes,HRD_Score,MuAt-compatible reimplementation,muat_compatible_qkv_attention,12.0,27.405294697840617,0.0433349609375,4,,,,,
TCGA-BH-A0AU,tcga_mc3_wes,HRD_Score,MuAt-compatible reimplementation,muat_compatible_qkv_attention,32.0,3.902636223382956,-1.0947265625,1,,,,,
TCGA-BH-A0AV,tcga_mc3_wes,HRD_Score,MuAt-compatible reimplementation,muat_compatible_qkv_attention,68.0,33.9609736694903,0.4375,5,,,,,
TCGA-BH-A0AW,tcga_mc3_wes,HRD_Score,MuAt-compatible reimplementation,muat_compatible_qkv_attention,41.0,20.002958446811725,-0.302734375,1,,,,,
TCGA-BH-A0AY,tcga_mc3_wes,HRD_Score,MuAt-compatible reimplementation,muat_compatible_qkv_attention,17.0,23.002342942954034,-0.114990234375,5,,,,,
TCGA-BH-A0AZ,tcga_mc3_wes,HRD_Score,MuAt-compatible reimplementation,muat_compatible_qkv_attention,42.0,14.154746930695644,-0.57763671875,3,,,,,
TCGA-BH-A0B3,tcga_mc3_wes,HRD_Score,MuAt-compatible reimplementation,muat_compatible_qkv_attention,37.0,44.494731842846164,0.9375,3,,,,,
TCGA-BH-A0B5,tcga_mc3_wes,HRD_Score,MuAt-compatible reimplementation,muat_compatible_qkv_attention,10.0,-2.195999812357872,-1.40625,2,,,,,
TCGA-BH-A0B7,tcga_mc3_wes,HRD_Score,MuAt-compatible reimplementation,muat_compatible_qkv_attention,27.0,20.300929400295793,-0.283203125,2,,,,,
TCGA-BH-A0B9,tcga_mc3_wes,HRD_Score,MuAt-compatible reimplementation,muat_compatible_qkv_attention,37.0,32.12114147664362,0.319580078125,3,,,,,
TCGA-BH-A0BA,tcga_mc3_wes,HRD_Score,MuAt-compatible reimplementation,muat_compatible_qkv_attention,23.0,21.018642969474136,-0.23486328125,3,,,,,
TCGA-BH-A0BC,tcga_mc3_wes,HRD_Score,MuAt-compatible reimplementation,muat_compatible_qkv_attention,14.0,14.720138830009509,-0.59228515625,4,,,,,
TCGA-BH-A0BF,tcga_mc3_wes,HRD_Score,MuAt-compatible reimplementation,muat_compatible_qkv_attention,26.0,28.01919731002941,0.137939453125,5,,,,,
TCGA-BH-A0BJ,tcga_mc3_wes,HRD_Score,MuAt-compatible reimplementation,muat_compatible_qkv_attention,7.0,16.6495883109625,-0.49560546875,4,,,,,
TCGA-BH-A0BL,tcga_mc3_wes,HRD_Score,MuAt-compatible reimplementation,muat_compatible_qkv_attention,41.0,33.165120757703555,0.3447265625,1,,,,,
TCGA-BH-A0BM,tcga_mc3_wes,HRD_Score,MuAt-compatible reimplementation,muat_compatible_qkv_attention,8.0,13.375787712226751,-0.62890625,2,,,,,
TCGA-BH-A0BO,tcga_mc3_wes,HRD_Score,MuAt-compatible reimplementation,muat_compatible_qkv_attention,5.0,1.5004919705655944,-1.212890625,1,,,,,
TCGA-BH-A0BP,tcga_mc3_wes,HRD_Score,MuAt-compatible reimplementation,muat_compatible_qkv_attention,62.0,36.26396786770918,0.513671875,2,,,,,
TCGA-BH-A0BR,tcga_mc3_wes,HRD_Score,MuAt-compatible reimplementation,muat_compatible_qkv_attention,37.0,10.409914761390569,-0.7646484375,3,,,,,
TCGA-BH-A0BT,tcga_mc3_wes,HRD_Score,MuAt-compatible reimplementation,muat_compatible_qkv_attention,16.0,10.13629982160322,-0.7880859375,1,,,,,
TCGA-BH-A0BZ,tcga_mc3_wes,HRD_Score,MuAt-compatible reimplementation,muat_compatible_qkv_attention,22.0,49.55389940499484,1.2236328125,5,,,,,
TCGA-BH-A0C1,tcga_mc3_wes,HRD_Score,MuAt-compatible reimplementation,muat_compatible_qkv_attention,11.0,4.875776359754347,-1.041015625,3,,,,,
TCGA-BH-A0C3,tcga_mc3_wes,HRD_Score,MuAt-compatible reimplementation,muat_compatible_qkv_attention,14.0,20.62753778207935,-0.25439453125,3,,,,,
TCGA-BH-A0C7,tcga_mc3_wes,HRD_Score,MuAt-compatible reimplementation,muat_compatible_qkv_attention,39.0,7.360304466234577,-0.92919921875,2,,,,,
TCGA-BH-A0DE,tcga_mc3_wes,HRD_Score,MuAt-compatible reimplementation,muat_compatible_qkv_attention,18.0,17.878748239774886,-0.4072265625,1,,,,,
TCGA-BH-A0DG,tcga_mc3_wes,HRD_Score,MuAt-compatible reimplementation,muat_compatible_qkv_attention,19.0,14.85125238395135,-0.55615234375,1,,,,,
TCGA-BH-A0DH,tcga_mc3_wes,HRD_Score,MuAt-compatible reimplementation,muat_compatible_qkv_attention,26.0,34.920890213926455,0.419921875,4,,,,,
TCGA-BH-A0DI,tcga_mc3_wes,HRD_Score,MuAt-compatible reimplementation,muat_compatible_qkv_attention,29.0,22.45225222525257,-0.1822509765625,1,,,,,
TCGA-BH-A0DK,tcga_mc3_wes,HRD_Score,MuAt-compatible reimplementation,muat_compatible_qkv_attention,16.0,60.65846415308232,1.7314453125,2,,,,,
TCGA-BH-A0DL,tcga_mc3_wes,HRD_Score,MuAt-compatible reimplementation,muat_compatible_qkv_attention,18.0,17.425234970504413,-0.4267578125,2,,,,,
TCGA-BH-A0DO,tcga_mc3_wes,HRD_Score,MuAt-compatible reimplementation,muat_compatible_qkv_attention,4.0,14.116712405817113,-0.59228515625,1,,,,,
TCGA-BH-A0DQ,tcga_mc3_wes,HRD_Score,MuAt-compatible reimplementation,muat_compatible_qkv_attention,26.0,12.160110474982236,-0.67724609375,3,,,,,
TCGA-BH-A0DS,tcga_mc3_wes,HRD_Score,MuAt-compatible reimplementation,muat_compatible_qkv_attention,12.0,10.969594413829881,-0.7490234375,2,,,,,
TCGA-BH-A0DT,tcga_mc3_wes,HRD_Score,MuAt-compatible reimplementation,muat_compatible_qkv_attention,4.0,-3.9370665079458504,-1.4931640625,2,,,,,
TCGA-BH-A0DV,tcga_mc3_wes,HRD_Score,MuAt-compatible reimplementation,muat_compatible_qkv_attention,5.0,11.268908453162883,-0.70654296875,5,,,,,
TCGA-BH-A0DX,tcga_mc3_wes,HRD_Score,MuAt-compatible reimplementation,muat_compatible_qkv_attention,27.0,20.77236086183607,-0.2274169921875,5,,,,,
TCGA-BH-A0DZ,tcga_mc3_wes,HRD_Score,MuAt-compatible reimplementation,muat_compatible_qkv_attention,22.0,36.7087798414052,0.51904296875,1,,,,,
TCGA-BH-A0E0,tcga_mc3_wes,HRD_Score,MuAt-compatible reimplementation,muat_compatible_qkv_attention,27.0,45.49388358177494,0.94970703125,4,,,,,
TCGA-BH-A0E1,tcga_mc3_wes,HRD_Score,MuAt-compatible reimplementation,muat_compatible_qkv_attention,4.0,11.387003027615565,-0.7265625,1,,,,,
TCGA-BH-A0E2,tcga_mc3_wes,HRD_Score,MuAt-compatible reimplementation,muat_compatible_qkv_attention,28.0,16.032051830190618,-0.48388671875,3,,,,,
TCGA-BH-A0E7,tcga_mc3_wes,HRD_Score,MuAt-compatible reimplementation,muat_compatible_qkv_attention,4.0,7.1782874772248135,-0.93359375,1,,,,,
TCGA-BH-A0E9,tcga_mc3_wes,HRD_Score,MuAt-compatible reimplementation,muat_compatible_qkv_attention,10.0,16.300290390799287,-0.452880859375,5,,,,,
TCGA-BH-A0EA,tcga_mc3_wes,HRD_Score,MuAt-compatible reimplementation,muat_compatible_qkv_attention,4.0,12.053397263458454,-0.6669921875,5,,,,,
TCGA-BH-A0EB,tcga_mc3_wes,HRD_Score,MuAt-compatible reimplementation,muat_compatible_qkv_attention,8.0,16.522907284435284,-0.501953125,4,,,,,
TCGA-BH-A0EE,tcga_mc3_wes,HRD_Score,MuAt-compatible reimplementation,muat_compatible_qkv_attention,21.0,8.416682011872226,-0.87646484375,2,,,,,
TCGA-BH-A0GY,tcga_mc3_wes,HRD_Score,MuAt-compatible reimplementation,muat_compatible_qkv_attention,22.0,13.921073893453219,-0.63232421875,4,,,,,
TCGA-BH-A0H0,tcga_mc3_wes,HRD_Score,MuAt-compatible reimplementation,muat_compatible_qkv_attention,17.0,15.449417709219176,-0.525390625,2,,,,,
TCGA-BH-A0H6,tcga_mc3_wes,HRD_Score,MuAt-compatible reimplementation,muat_compatible_qkv_attention,9.0,3.1482438134072552,-1.1318359375,1,,,,,
TCGA-BH-A0H7,tcga_mc3_wes,HRD_Score,MuAt-compatible reimplementation,muat_compatible_qkv_attention,39.0,4.093565984964776,-1.080078125,3,,,,,
TCGA-BH-A0HA,tcga_mc3_wes,HRD_Score,MuAt-compatible reimplementation,muat_compatible_qkv_attention,7.0,36.95365320506229,0.58837890625,5,,,,,
TCGA-BH-A0HB,tcga_mc3_wes,HRD_Score,MuAt-compatible reimplementation,muat_compatible_qkv_attention,27.0,6.587583854147777,-0.9677734375,2,,,,,
TCGA-BH-A0HI,tcga_mc3_wes,HRD_Score,MuAt-compatible reimplementation,muat_compatible_qkv_attention,7.0,18.457229112562402,-0.405029296875,4,,,,,
TCGA-BH-A0HK,tcga_mc3_wes,HRD_Score,MuAt-compatible reimplementation,muat_compatible_qkv_attention,10.0,28.36271091755593,0.09130859375,4,,,,,
TCGA-BH-A0HO,tcga_mc3_wes,HRD_Score,MuAt-compatible reimplementation,muat_compatible_qkv_attention,3.0,4.35745348002385,-1.0791015625,2,,,,,
TCGA-BH-A0HP,tcga_mc3_wes,HRD_Score,MuAt-compatible reimplementation,muat_compatible_qkv_attention,12.0,29.65839152166552,0.2205810546875,5,,,,,
TCGA-BH-A0HQ,tcga_mc3_wes,HRD_Score,MuAt-compatible reimplementation,muat_compatible_qkv_attention,4.0,7.574402152778372,-0.90625,3,,,,,
TCGA-BH-A0HU,tcga_mc3_wes,HRD_Score,MuAt-compatible reimplementation,muat_compatible_qkv_attention,33.0,25.561011308015278,0.014007568359375,5,,,,,
TCGA-BH-A0HW,tcga_mc3_wes,HRD_Score,MuAt-compatible reimplementation,muat_compatible_qkv_attention,21.0,12.449108131133986,-0.67431640625,1,,,,,
TCGA-BH-A0HX,tcga_mc3_wes,HRD_Score,MuAt-compatible reimplementation,muat_compatible_qkv_attention,44.0,32.164397443443036,0.346923828125,5,,,,,
TCGA-BH-A0HY,tcga_mc3_wes,HRD_Score,MuAt-compatible reimplementation,muat_compatible_qkv_attention,49.0,28.927170470093724,0.1837158203125,5,,,,,
TCGA-BH-A0W3,tcga_mc3_wes,HRD_Score,MuAt-compatible reimplementation,muat_compatible_qkv_attention,6.0,34.13165022929243,0.4072265625,2,,,,,
TCGA-BH-A0W4,tcga_mc3_wes,HRD_Score,MuAt-compatible reimplementation,muat_compatible_qkv_attention,4.0,32.742951027093156,0.310791015625,4,,,,,
TCGA-BH-A0WA,tcga_mc3_wes,HRD_Score,MuAt-compatible reimplementation,muat_compatible_qkv_attention,63.0,48.05673819536401,1.078125,4,,,,,
TCGA-BH-A18F,tcga_mc3_wes,HRD_Score,MuAt-compatible reimplementation,muat_compatible_qkv_attention,7.0,14.36812350618242,-0.55029296875,5,,,,,
TCGA-BH-A18G,tcga_mc3_wes,HRD_Score,MuAt-compatible reimplementation,muat_compatible_qkv_attention,6.0,35.085324402437536,0.454833984375,2,,,,,
TCGA-BH-A18H,tcga_mc3_wes,HRD_Score,MuAt-compatible reimplementation,muat_compatible_qkv_attention,30.0,12.153128515886879,-0.68994140625,2,,,,,
TCGA-BH-A18I,tcga_mc3_wes,HRD_Score,MuAt-compatible reimplementation,muat_compatible_qkv_attention,12.0,13.08969729681186,-0.61474609375,5,,,,,
TCGA-BH-A18J,tcga_mc3_wes,HRD_Score,MuAt-compatible reimplementation,muat_compatible_qkv_attention,25.0,19.33258331679461,-0.33154296875,2,,,,,
TCGA-BH-A18K,tcga_mc3_wes,HRD_Score,MuAt-compatible reimplementation,muat_compatible_qkv_attention,30.0,27.235993245340627,0.07562255859375,3,,,,,
TCGA-BH-A18L,tcga_mc3_wes,HRD_Score,MuAt-compatible reimplementation,muat_compatible_qkv_attention,26.0,12.8759354157255,-0.6533203125,1,,,,,
TCGA-BH-A18M,tcga_mc3_wes,HRD_Score,MuAt-compatible reimplementation,muat_compatible_qkv_attention,10.0,12.554160732286357,-0.669921875,2,,,,,
TCGA-BH-A18N,tcga_mc3_wes,HRD_Score,MuAt-compatible reimplementation,muat_compatible_qkv_attention,4.0,17.932220817154885,-0.37060546875,5,,,,,
TCGA-BH-A18P,tcga_mc3_wes,HRD_Score,MuAt-compatible reimplementation,muat_compatible_qkv_attention,8.0,21.787478406075966,-0.2381591796875,4,,,,,
TCGA-BH-A18Q,tcga_mc3_wes,HRD_Score,MuAt-compatible reimplementation,muat_compatible_qkv_attention,62.0,65.97947697555345,1.9970703125,2,,,,,
TCGA-BH-A18R,tcga_mc3_wes,HRD_Score,MuAt-compatible reimplementation,muat_compatible_qkv_attention,27.0,18.51402605870179,-0.3759765625,1,,,,,
TCGA-BH-A18S,tcga_mc3_wes,HRD_Score,MuAt-compatible reimplementation,muat_compatible_qkv_attention,10.0,28.58335130014937,0.1663818359375,5,,,,,
TCGA-BH-A18T,tcga_mc3_wes,HRD_Score,MuAt-compatible reimplementation,muat_compatible_qkv_attention,53.0,65.01250636131456,1.927734375,4,,,,,
TCGA-BH-A18U,tcga_mc3_wes,HRD_Score,MuAt-compatible reimplementation,muat_compatible_qkv_attention,54.0,24.375198360971282,-0.0457763671875,5,,,,,
TCGA-BH-A1EO,tcga_mc3_wes,HRD_Score,MuAt-compatible reimplementation,muat_compatible_qkv_attention,21.0,20.5639831891277,-0.257568359375,3,,,,,
TCGA-BH-A1ET,tcga_mc3_wes,HRD_Score,MuAt-compatible reimplementation,muat_compatible_qkv_attention,3.0,18.461792806880723,-0.362548828125,3,,,,,
TCGA-BH-A1EU,tcga_mc3_wes,HRD_Score,MuAt-compatible reimplementation,muat_compatible_qkv_attention,17.0,4.973552656603044,-1.0361328125,3,,,,,
TCGA-BH-A1EV,tcga_mc3_wes,HRD_Score,MuAt-compatible reimplementation,muat_compatible_qkv_attention,26.0,16.786864488494267,-0.4609375,1,,,,,
TCGA-BH-A1EW,tcga_mc3_wes,HRD_Score,MuAt-compatible reimplementation,muat_compatible_qkv_attention,26.0,11.288278547244255,-0.70556640625,5,,,,,
TCGA-BH-A1EX,tcga_mc3_wes,HRD_Score,MuAt-compatible reimplementation,muat_compatible_qkv_attention,2.0,15.878990844529444,-0.47412109375,5,,,,,
TCGA-BH-A1EY,tcga_mc3_wes,HRD_Score,MuAt-compatible reimplementation,muat_compatible_qkv_attention,35.0,39.00272446751049,0.650390625,2,,,,,
TCGA-BH-A1F0,tcga_mc3_wes,HRD_Score,MuAt-compatible reimplementation,muat_compatible_qkv_attention,42.0,25.766987954282314,-0.019195556640625,1,,,,,
TCGA-BH-A1F2,tcga_mc3_wes,HRD_Score,MuAt-compatible reimplementation,muat_compatible_qkv_attention,39.0,26.241730526760442,0.025970458984375,3,,,,,
TCGA-BH-A1FC,tcga_mc3_wes,HRD_Score,MuAt-compatible reimplementation,muat_compatible_qkv_attention,40.0,24.230594320953816,-0.074462890625,3,,,,,
TCGA-BH-A1FE,tcga_mc3_wes,HRD_Score,MuAt-compatible reimplementation,muat_compatible_qkv_attention,26.0,11.784051664444881,-0.70703125,1,,,,,
TCGA-BH-A1FG,tcga_mc3_wes,HRD_Score,MuAt-compatible reimplementation,muat_compatible_qkv_attention,8.0,16.20133237094312,-0.51806640625,4,,,,,
TCGA-BH-A1FJ,tcga_mc3_wes,HRD_Score,MuAt-compatible reimplementation,muat_compatible_qkv_attention,4.0,15.948941977869225,-0.488037109375,3,,,,,
TCGA-BH-A1FL,tcga_mc3_wes,HRD_Score,MuAt-compatible reimplementation,muat_compatible_qkv_attention,10.0,10.546801576978744,-0.7578125,3,,,,,
TCGA-BH-A1FM,tcga_mc3_wes,HRD_Score,MuAt-compatible reimplementation,muat_compatible_qkv_attention,33.0,28.96052268100951,0.1617431640625,3,,,,,
TCGA-BH-A1FN,tcga_mc3_wes,HRD_Score,MuAt-compatible reimplementation,muat_compatible_qkv_attention,64.0,31.666769289471254,0.2841796875,2,,,,,
TCGA-BH-A1FU,tcga_mc3_wes,HRD_Score,MuAt-compatible reimplementation,muat_compatible_qkv_attention,20.0,37.989953238415694,0.640625,5,,,,,
TCGA-BH-A201,tcga_mc3_wes,HRD_Score,MuAt-compatible reimplementation,muat_compatible_qkv_attention,10.0,34.101111487829726,0.41845703125,3,,,,,
TCGA-BH-A202,tcga_mc3_wes,HRD_Score,MuAt-compatible reimplementation,muat_compatible_qkv_attention,13.0,29.249198284196535,0.199951171875,5,,,,,
TCGA-BH-A203,tcga_mc3_wes,HRD_Score,MuAt-compatible reimplementation,muat_compatible_qkv_attention,49.0,9.639989025566575,-0.8125,1,,,,,
TCGA-BH-A204,tcga_mc3_wes,HRD_Score,MuAt-compatible reimplementation,muat_compatible_qkv_attention,28.0,13.054607302298693,-0.64453125,1,,,,,
TCGA-BH-A208,tcga_mc3_wes,HRD_Score,MuAt-compatible reimplementation,muat_compatible_qkv_attention,26.0,32.33367386446676,0.290283203125,4,,,,,
TCGA-BH-A209,tcga_mc3_wes,HRD_Score,MuAt-compatible reimplementation,muat_compatible_qkv_attention,29.0,14.647353276420219,-0.5654296875,2,,,,,
TCGA-BH-A28Q,tcga_mc3_wes,HRD_Score,MuAt-compatible reimplementation,muat_compatible_qkv_attention,11.0,-1.1200290325078939,-1.341796875,1,,,,,
TCGA-BH-A2L8,tcga_mc3_wes,HRD_Score,MuAt-compatible reimplementation,muat_compatible_qkv_attention,3.0,16.36938005431862,-0.467041015625,3,,,,,
TCGA-BH-A42V,tcga_mc3_wes,HRD_Score,MuAt-compatible reimplementation,muat_compatible_qkv_attention,11.0,1.168758295969461,-1.23828125,2,,,,,
TCGA-BH-A5IZ,tcga_mc3_wes,HRD_Score,MuAt-compatible reimplementation,muat_compatible_qkv_attention,55.0,64.4668034778127,1.900390625,4,,,,,
TCGA-BH-A6R8,tcga_mc3_wes,HRD_Score,MuAt-compatible reimplementation,muat_compatible_qkv_attention,13.0,17.95537735362766,-0.43017578125,4,,,,,
TCGA-BH-A6R9,tcga_mc3_wes,HRD_Score,MuAt-compatible reimplementation,muat_compatible_qkv_attention,0.0,38.428980179295536,0.595703125,4,,,,,
TCGA-BH-A8FY,tcga_mc3_wes,HRD_Score,MuAt-compatible reimplementation,muat_compatible_qkv_attention,8.0,41.73744027171293,0.7998046875,3,,,,,
TCGA-BH-A8FZ,tcga_mc3_wes,HRD_Score,MuAt-compatible reimplementation,muat_compatible_qkv_attention,43.0,27.43154583903802,0.08538818359375,3,,,,,
TCGA-BH-A8G0,tcga_mc3_wes,HRD_Score,MuAt-compatible reimplementation,muat_compatible_qkv_attention,3.0,7.458117201941768,-0.92431640625,2,,,,,
TCGA-BH-AB28,tcga_mc3_wes,HRD_Score,MuAt-compatible reimplementation,muat_compatible_qkv_attention,13.0,14.076525893216688,-0.58154296875,3,,,,,
TCGA-C8-A12L,tcga_mc3_wes,HRD_Score,MuAt-compatible reimplementation,muat_compatible_qkv_attention,76.0,76.5653572092186,2.5390625,3,,,,,
TCGA-C8-A12M,tcga_mc3_wes,HRD_Score,MuAt-compatible reimplementation,muat_compatible_qkv_attention,25.0,33.59691115025544,0.365966796875,1,,,,,
TCGA-C8-A12N,tcga_mc3_wes,HRD_Score,MuAt-compatible reimplementation,muat_compatible_qkv_attention,8.0,19.280655784989314,-0.36376953125,4,,,,,
TCGA-C8-A12O,tcga_mc3_wes,HRD_Score,MuAt-compatible reimplementation,muat_compatible_qkv_attention,28.0,15.694608264834253,-0.54345703125,4,,,,,
TCGA-C8-A12P,tcga_mc3_wes,HRD_Score,MuAt-compatible reimplementation,muat_compatible_qkv_attention,51.0,23.654683575856065,-0.11578369140625,2,,,,,
TCGA-C8-A12Q,tcga_mc3_wes,HRD_Score,MuAt-compatible reimplementation,muat_compatible_qkv_attention,41.0,7.105991353395883,-0.94189453125,2,,,,,
TCGA-C8-A12U,tcga_mc3_wes,HRD_Score,MuAt-compatible reimplementation,muat_compatible_qkv_attention,44.0,13.759368632670729,-0.60986328125,1,,,,,
TCGA-C8-A12W,tcga_mc3_wes,HRD_Score,MuAt-compatible reimplementation,muat_compatible_qkv_attention,28.0,26.95505276643403,0.08428955078125,5,,,,,
TCGA-C8-A12Y,tcga_mc3_wes,HRD_Score,MuAt-compatible reimplementation,muat_compatible_qkv_attention,17.0,15.797388717753746,-0.49560546875,3,,,,,
TCGA-C8-A12Z,tcga_mc3_wes,HRD_Score,MuAt-compatible reimplementation,muat_compatible_qkv_attention,29.0,20.871978524201094,-0.2421875,3,,,,,
TCGA-C8-A130,tcga_mc3_wes,HRD_Score,MuAt-compatible reimplementation,muat_compatible_qkv_attention,53.0,11.069364118152112,-0.7421875,1,,,,,
TCGA-C8-A131,tcga_mc3_wes,HRD_Score,MuAt-compatible reimplementation,muat_compatible_qkv_attention,15.0,19.572996615436736,-0.34912109375,4,,,,,
TCGA-C8-A132,tcga_mc3_wes,HRD_Score,MuAt-compatible reimplementation,muat_compatible_qkv_attention,36.0,34.01424142821407,0.440185546875,5,,,,,
TCGA-C8-A133,tcga_mc3_wes,HRD_Score,MuAt-compatible reimplementation,muat_compatible_qkv_attention,0.0,25.77767843790071,-0.00980377197265625,2,,,,,
TCGA-C8-A135,tcga_mc3_wes,HRD_Score,MuAt-compatible reimplementation,muat_compatible_qkv_attention,29.0,15.476603986957521,-0.525390625,1,,,,,
TCGA-C8-A137,tcga_mc3_wes,HRD_Score,MuAt-compatible reimplementation,muat_compatible_qkv_attention,34.0,31.67590699596006,0.25732421875,4,,,,,
TCGA-C8-A138,tcga_mc3_wes,HRD_Score,MuAt-compatible reimplementation,muat_compatible_qkv_attention,33.0,21.519746490823707,-0.2098388671875,3,,,,,
TCGA-C8-A1HE,tcga_mc3_wes,HRD_Score,MuAt-compatible reimplementation,muat_compatible_qkv_attention,16.0,11.60537977787169,-0.7158203125,1,,,,,
TCGA-C8-A1HF,tcga_mc3_wes,HRD_Score,MuAt-compatible reimplementation,muat_compatible_qkv_attention,26.0,4.670454234286854,-1.0634765625,2,,,,,
TCGA-C8-A1HG,tcga_mc3_wes,HRD_Score,MuAt-compatible reimplementation,muat_compatible_qkv_attention,39.0,21.165307414747183,-0.2275390625,3,,,,,
TCGA-C8-A1HJ,tcga_mc3_wes,HRD_Score,MuAt-compatible reimplementation,muat_compatible_qkv_attention,72.0,40.78893183317396,0.78173828125,5,,,,,
TCGA-C8-A1HK,tcga_mc3_wes,HRD_Score,MuAt-compatible reimplementation,muat_compatible_qkv_attention,22.0,12.250583812719327,-0.68408203125,1,,,,,
TCGA-C8-A1HL,tcga_mc3_wes,HRD_Score,MuAt-compatible reimplementation,muat_compatible_qkv_attention,17.0,14.011570494323486,-0.59716796875,2,,,,,
TCGA-C8-A1HM,tcga_mc3_wes,HRD_Score,MuAt-compatible reimplementation,muat_compatible_qkv_attention,60.0,32.908991032952564,0.34619140625,2,,,,,
TCGA-C8-A26V,tcga_mc3_wes,HRD_Score,MuAt-compatible reimplementation,muat_compatible_qkv_attention,28.0,22.74489462579128,-0.190185546875,4,,,,,
TCGA-C8-A26W,tcga_mc3_wes,HRD_Score,MuAt-compatible reimplementation,muat_compatible_qkv_attention,32.0,18.216239581079805,-0.390625,1,,,,,
TCGA-C8-A26X,tcga_mc3_wes,HRD_Score,MuAt-compatible reimplementation,muat_compatible_qkv_attention,31.0,9.709472537011706,-0.80908203125,1,,,,,
TCGA-C8-A26Y,tcga_mc3_wes,HRD_Score,MuAt-compatible reimplementation,muat_compatible_qkv_attention,42.0,33.210696355809034,0.334228515625,4,,,,,
TCGA-C8-A26Z,tcga_mc3_wes,HRD_Score,MuAt-compatible reimplementation,muat_compatible_qkv_attention,22.0,32.40958155234728,0.333984375,3,,,,,
TCGA-C8-A273,tcga_mc3_wes,HRD_Score,MuAt-compatible reimplementation,muat_compatible_qkv_attention,17.0,7.992237182724914,-0.8935546875,1,,,,,
TCGA-C8-A275,tcga_mc3_wes,HRD_Score,MuAt-compatible reimplementation,muat_compatible_qkv_attention,17.0,19.2586696261976,-0.32275390625,3,,,,,
TCGA-C8-A278,tcga_mc3_wes,HRD_Score,MuAt-compatible reimplementation,muat_compatible_qkv_attention,29.0,1.1100706545451473,-1.2412109375,2,,,,,
TCGA-C8-A27A,tcga_mc3_wes,HRD_Score,MuAt-compatible reimplementation,muat_compatible_qkv_attention,42.0,27.82639675376771,0.09246826171875,2,,,,,
TCGA-C8-A27B,tcga_mc3_wes,HRD_Score,MuAt-compatible reimplementation,muat_compatible_qkv_attention,67.0,42.396501563985154,0.798828125,1,,,,,
TCGA-C8-A8HP,tcga_mc3_wes,HRD_Score,MuAt-compatible reimplementation,muat_compatible_qkv_attention,32.0,14.852760021405318,-0.55517578125,2,,,,,
TCGA-C8-A8HQ,tcga_mc3_wes,HRD_Score,MuAt-compatible reimplementation,muat_compatible_qkv_attention,23.0,27.09790721028415,0.09149169921875,5,,,,,
TCGA-C8-A8HR,tcga_mc3_wes,HRD_Score,MuAt-compatible reimplementation,muat_compatible_qkv_attention,35.0,35.99009220772904,0.5,2,,,,,
TCGA-D8-A13Y,tcga_mc3_wes,HRD_Score,MuAt-compatible reimplementation,muat_compatible_qkv_attention,58.0,30.45982916428229,0.260986328125,5,,,,,
TCGA-D8-A13Z,tcga_mc3_wes,HRD_Score,MuAt-compatible reimplementation,muat_compatible_qkv_attention,37.0,41.07635446450291,0.75390625,2,,,,,
TCGA-D8-A140,tcga_mc3_wes,HRD_Score,MuAt-compatible reimplementation,muat_compatible_qkv_attention,20.0,15.615571009847782,-0.5185546875,1,,,,,
TCGA-D8-A141,tcga_mc3_wes,HRD_Score,MuAt-compatible reimplementation,muat_compatible_qkv_attention,4.0,9.362054979786052,-0.826171875,1,,,,,
TCGA-D8-A143,tcga_mc3_wes,HRD_Score,MuAt-compatible reimplementation,muat_compatible_qkv_attention,34.0,17.317640961226502,-0.43212890625,2,,,,,
TCGA-D8-A145,tcga_mc3_wes,HRD_Score,MuAt-compatible reimplementation,muat_compatible_qkv_attention,6.0,45.51337297047143,0.95068359375,4,,,,,
TCGA-D8-A147,tcga_mc3_wes,HRD_Score,MuAt-compatible reimplementation,muat_compatible_qkv_attention,69.0,40.94389258582494,0.78955078125,5,,,,,
TCGA-D8-A1J8,tcga_mc3_wes,HRD_Score,MuAt-compatible reimplementation,muat_compatible_qkv_attention,7.0,22.800044797614493,-0.158447265625,2,,,,,
TCGA-D8-A1J9,tcga_mc3_wes,HRD_Score,MuAt-compatible reimplementation,muat_compatible_qkv_attention,31.0,21.721659386442724,-0.2122802734375,2,,,,,
TCGA-D8-A1JA,tcga_mc3_wes,HRD_Score,MuAt-compatible reimplementation,muat_compatible_qkv_attention,28.0,24.823377053317643,-0.06561279296875,1,,,,,
TCGA-D8-A1JB,tcga_mc3_wes,HRD_Score,MuAt-compatible reimplementation,muat_compatible_qkv_attention,41.0,50.98014649983824,1.224609375,4,,,,,
TCGA-D8-A1JC,tcga_mc3_wes,HRD_Score,MuAt-compatible reimplementation,muat_compatible_qkv_attention,33.0,23.005946202923894,-0.1356201171875,3,,,,,
TCGA-D8-A1JD,tcga_mc3_wes,HRD_Score,MuAt-compatible reimplementation,muat_compatible_qkv_attention,40.0,36.16916439476672,0.548828125,5,,,,,
TCGA-D8-A1JF,tcga_mc3_wes,HRD_Score,MuAt-compatible reimplementation,muat_compatible_qkv_attention,23.0,20.203364348195763,-0.256103515625,5,,,,,
TCGA-D8-A1JG,tcga_mc3_wes,HRD_Score,MuAt-compatible reimplementation,muat_compatible_qkv_attention,27.0,12.521882773322414,-0.6591796875,3,,,,,
TCGA-D8-A1JH,tcga_mc3_wes,HRD_Score,MuAt-compatible reimplementation,muat_compatible_qkv_attention,0.0,-2.528563113762317,-1.4228515625,2,,,,,
TCGA-D8-A1JI,tcga_mc3_wes,HRD_Score,MuAt-compatible reimplementation,muat_compatible_qkv_attention,17.0,40.26098271676606,0.6875,4,,,,,
TCGA-D8-A1JJ,tcga_mc3_wes,HRD_Score,MuAt-compatible reimplementation,muat_compatible_qkv_attention,25.0,16.53071094411897,-0.458984375,3,,,,,
TCGA-D8-A1JK,tcga_mc3_wes,HRD_Score,MuAt-compatible reimplementation,muat_compatible_qkv_attention,53.0,18.66788240547315,-0.368408203125,1,,,,,
TCGA-D8-A1JL,tcga_mc3_wes,HRD_Score,MuAt-compatible reimplementation,muat_compatible_qkv_attention,51.0,74.45338919728677,2.43359375,3,,,,,
TCGA-D8-A1JM,tcga_mc3_wes,HRD_Score,MuAt-compatible reimplementation,muat_compatible_qkv_attention,42.0,9.580653566787785,-0.818359375,2,,,,,
TCGA-D8-A1JN,tcga_mc3_wes,HRD_Score,MuAt-compatible reimplementation,muat_compatible_qkv_attention,6.0,15.523615086577395,-0.50927734375,3,,,,,
TCGA-D8-A1JP,tcga_mc3_wes,HRD_Score,MuAt-compatible reimplementation,muat_compatible_qkv_attention,69.0,49.24397789969289,1.2080078125,5,,,,,
TCGA-D8-A1JS,tcga_mc3_wes,HRD_Score,MuAt-compatible reimplementation,muat_compatible_qkv_attention,6.0,10.10680824115961,-0.77978515625,3,,,,,
TCGA-D8-A1JT,tcga_mc3_wes,HRD_Score,MuAt-compatible reimplementation,muat_compatible_qkv_attention,13.0,25.551780247554625,0.01354217529296875,5,,,,,
TCGA-D8-A1JU,tcga_mc3_wes,HRD_Score,MuAt-compatible reimplementation,muat_compatible_qkv_attention,6.0,8.171704227987227,-0.92041015625,4,,,,,
TCGA-D8-A1X5,tcga_mc3_wes,HRD_Score,MuAt-compatible reimplementation,muat_compatible_qkv_attention,37.0,14.960440759079411,-0.55078125,1,,,,,
TCGA-D8-A1X7,tcga_mc3_wes,HRD_Score,MuAt-compatible reimplementation,muat_compatible_qkv_attention,4.0,30.608862964826965,0.203857421875,4,,,,,
TCGA-D8-A1X8,tcga_mc3_wes,HRD_Score,MuAt-compatible reimplementation,muat_compatible_qkv_attention,15.0,5.054077270187975,-1.0380859375,1,,,,,
TCGA-D8-A1X9,tcga_mc3_wes,HRD_Score,MuAt-compatible reimplementation,muat_compatible_qkv_attention,55.0,60.93922412374713,1.7236328125,4,,,,,
TCGA-D8-A1XA,tcga_mc3_wes,HRD_Score,MuAt-compatible reimplementation,muat_compatible_qkv_attention,12.0,2.714199520143058,-1.1611328125,2,,,,,
TCGA-D8-A1XB,tcga_mc3_wes,HRD_Score,MuAt-compatible reimplementation,muat_compatible_qkv_attention,8.0,40.74989967354109,0.75048828125,3,,,,,
TCGA-D8-A1XC,tcga_mc3_wes,HRD_Score,MuAt-compatible reimplementation,muat_compatible_qkv_attention,3.0,7.942606103121246,-0.89599609375,1,,,,,
TCGA-D8-A1XF,tcga_mc3_wes,HRD_Score,MuAt-compatible reimplementation,muat_compatible_qkv_attention,27.0,23.648819832919827,-0.0823974609375,5,,,,,
TCGA-D8-A1XG,tcga_mc3_wes,HRD_Score,MuAt-compatible reimplementation,muat_compatible_qkv_attention,8.0,37.12319113663038,0.5302734375,4,,,,,
TCGA-D8-A1XJ,tcga_mc3_wes,HRD_Score,MuAt-compatible reimplementation,muat_compatible_qkv_attention,40.0,30.290055034392555,0.2154541015625,2,,,,,
TCGA-D8-A1XK,tcga_mc3_wes,HRD_Score,MuAt-compatible reimplementation,muat_compatible_qkv_attention,72.0,72.25905460795504,2.310546875,2,,,,,
TCGA-D8-A1XL,tcga_mc3_wes,HRD_Score,MuAt-compatible reimplementation,muat_compatible_qkv_attention,47.0,26.930187562850584,0.0477294921875,2,,,,,
TCGA-D8-A1XM,tcga_mc3_wes,HRD_Score,MuAt-compatible reimplementation,muat_compatible_qkv_attention,16.0,18.75060729209286,-0.329345703125,5,,,,,
TCGA-D8-A1XO,tcga_mc3_wes,HRD_Score,MuAt-compatible reimplementation,muat_compatible_qkv_attention,12.0,6.7117553289503675,-0.95654296875,1,,,,,
TCGA-D8-A1XQ,tcga_mc3_wes,HRD_Score,MuAt-compatible reimplementation,muat_compatible_qkv_attention,72.0,44.24548710141586,0.912109375,2,,,,,
TCGA-D8-A1XR,tcga_mc3_wes,HRD_Score,MuAt-compatible reimplementation,muat_compatible_qkv_attention,13.0,20.832892405840358,-0.224365234375,5,,,,,
TCGA-D8-A1XT,tcga_mc3_wes,HRD_Score,MuAt-compatible reimplementation,muat_compatible_qkv_attention,36.0,20.98072791346076,-0.249267578125,2,,,,,
TCGA-D8-A1XV,tcga_mc3_wes,HRD_Score,MuAt-compatible reimplementation,muat_compatible_qkv_attention,2.0,37.366808495336564,0.54248046875,4,,,,,
TCGA-D8-A1XW,tcga_mc3_wes,HRD_Score,MuAt-compatible reimplementation,muat_compatible_qkv_attention,50.0,42.31916926560236,0.85888671875,5,,,,,
TCGA-D8-A1XY,tcga_mc3_wes,HRD_Score,MuAt-compatible reimplementation,muat_compatible_qkv_attention,25.0,16.31536923225945,-0.484130859375,1,,,,,
TCGA-D8-A1XZ,tcga_mc3_wes,HRD_Score,MuAt-compatible reimplementation,muat_compatible_qkv_attention,26.0,27.73958795082758,0.088134765625,2,,,,,
TCGA-D8-A1Y0,tcga_mc3_wes,HRD_Score,MuAt-compatible reimplementation,muat_compatible_qkv_attention,44.0,59.75037141326094,1.6640625,4,,,,,
TCGA-D8-A1Y1,tcga_mc3_wes,HRD_Score,MuAt-compatible reimplementation,muat_compatible_qkv_attention,10.0,21.64374416443932,-0.245361328125,4,,,,,
TCGA-D8-A1Y2,tcga_mc3_wes,HRD_Score,MuAt-compatible reimplementation,muat_compatible_qkv_attention,12.0,5.351344711303707,-1.0048828125,5,,,,,
TCGA-D8-A1Y3,tcga_mc3_wes,HRD_Score,MuAt-compatible reimplementation,muat_compatible_qkv_attention,35.0,17.33776947209494,-0.433837890625,1,,,,,
TCGA-D8-A27E,tcga_mc3_wes,HRD_Score,MuAt-compatible reimplementation,muat_compatible_qkv_attention,0.0,23.655906235052406,-0.11572265625,2,,,,,
TCGA-D8-A27F,tcga_mc3_wes,HRD_Score,MuAt-compatible reimplementation,muat_compatible_qkv_attention,77.0,33.662149097897924,0.3837890625,2,,,,,
TCGA-D8-A27H,tcga_mc3_wes,HRD_Score,MuAt-compatible reimplementation,muat_compatible_qkv_attention,75.0,69.28554744245646,2.162109375,2,,,,,
TCGA-D8-A27K,tcga_mc3_wes,HRD_Score,MuAt-compatible reimplementation,muat_compatible_qkv_attention,4.0,22.42331971229911,-0.206298828125,4,,,,,
TCGA-D8-A27L,tcga_mc3_wes,HRD_Score,MuAt-compatible reimplementation,muat_compatible_qkv_attention,9.0,8.181448922335473,-0.919921875,4,,,,,
TCGA-D8-A27M,tcga_mc3_wes,HRD_Score,MuAt-compatible reimplementation,muat_compatible_qkv_attention,48.0,36.07231392435986,0.5439453125,5,,,,,
TCGA-D8-A27N,tcga_mc3_wes,HRD_Score,MuAt-compatible reimplementation,muat_compatible_qkv_attention,22.0,32.62114234774006,0.3046875,4,,,,,
TCGA-D8-A27P,tcga_mc3_wes,HRD_Score,MuAt-compatible reimplementation,muat_compatible_qkv_attention,4.0,22.427436685450736,-0.1834716796875,1,,,,,
TCGA-D8-A27R,tcga_mc3_wes,HRD_Score,MuAt-compatible reimplementation,muat_compatible_qkv_attention,37.0,44.597371701736165,0.90478515625,4,,,,,
TCGA-D8-A27T,tcga_mc3_wes,HRD_Score,MuAt-compatible reimplementation,muat_compatible_qkv_attention,10.0,15.519203766565798,-0.55224609375,4,,,,,
TCGA-D8-A27V,tcga_mc3_wes,HRD_Score,MuAt-compatible reimplementation,muat_compatible_qkv_attention,18.0,32.16561424157792,0.30908203125,2,,,,,
TCGA-D8-A27W,tcga_mc3_wes,HRD_Score,MuAt-compatible reimplementation,muat_compatible_qkv_attention,21.0,19.73288466591378,-0.299072265625,3,,,,,
TCGA-D8-A3Z6,tcga_mc3_wes,HRD_Score,MuAt-compatible reimplementation,muat_compatible_qkv_attention,11.0,20.347699816122407,-0.310302734375,4,,,,,
TCGA-D8-A4Z1,tcga_mc3_wes,HRD_Score,MuAt-compatible reimplementation,muat_compatible_qkv_attention,6.0,10.116387855321243,-0.7646484375,5,,,,,
TCGA-D8-A73U,tcga_mc3_wes,HRD_Score,MuAt-compatible reimplementation,muat_compatible_qkv_attention,13.0,15.361386247082706,-0.52978515625,2,,,,,
TCGA-D8-A73W,tcga_mc3_wes,HRD_Score,MuAt-compatible reimplementation,muat_compatible_qkv_attention,15.0,23.809833739971232,-0.07427978515625,5,,,,,
TCGA-D8-A73X,tcga_mc3_wes,HRD_Score,MuAt-compatible reimplementation,muat_compatible_qkv_attention,4.0,-4.50438037504755,-1.521484375,2,,,,,
TCGA-E2-A10A,tcga_mc3_wes,HRD_Score,MuAt-compatible reimplementation,muat_compatible_qkv_attention,18.0,12.84757112079471,-0.626953125,5,,,,,
TCGA-E2-A10C,tcga_mc3_wes,HRD_Score,MuAt-compatible reimplementation,muat_compatible_qkv_attention,22.0,17.65513835787898,-0.40283203125,3,,,,,
TCGA-E2-A14O,tcga_mc3_wes,HRD_Score,MuAt-compatible reimplementation,muat_compatible_qkv_attention,10.0,8.620608529059425,-0.85400390625,3,,,,,
TCGA-E2-A14Q,tcga_mc3_wes,HRD_Score,MuAt-compatible reimplementation,muat_compatible_qkv_attention,18.0,18.84312036459064,-0.343505859375,3,,,,,
TCGA-E2-A14R,tcga_mc3_wes,HRD_Score,MuAt-compatible reimplementation,muat_compatible_qkv_attention,85.0,59.828328968046925,1.66796875,4,,,,,
TCGA-E2-A14T,tcga_mc3_wes,HRD_Score,MuAt-compatible reimplementation,muat_compatible_qkv_attention,30.0,15.81205516228105,-0.494873046875,3,,,,,
TCGA-E2-A14X,tcga_mc3_wes,HRD_Score,MuAt-compatible reimplementation,muat_compatible_qkv_attention,12.0,13.238945289075897,-0.66650390625,4,,,,,
TCGA-E2-A14Y,tcga_mc3_wes,HRD_Score,MuAt-compatible reimplementation,muat_compatible_qkv_attention,19.0,29.97545783219088,0.172119140625,4,,,,,
TCGA-E2-A14Z,tcga_mc3_wes,HRD_Score,MuAt-compatible reimplementation,muat_compatible_qkv_attention,44.0,29.891841908493344,0.208251953125,3,,,,,
TCGA-E2-A150,tcga_mc3_wes,HRD_Score,MuAt-compatible reimplementation,muat_compatible_qkv_attention,49.0,34.878433047776866,0.457275390625,3,,,,,
TCGA-E2-A152,tcga_mc3_wes,HRD_Score,MuAt-compatible reimplementation,muat_compatible_qkv_attention,18.0,29.20319080509227,0.1334228515625,4,,,,,
TCGA-E2-A153,tcga_mc3_wes,HRD_Score,MuAt-compatible reimplementation,muat_compatible_qkv_attention,8.0,11.673846110921648,-0.7138671875,2,,,,,
TCGA-E2-A154,tcga_mc3_wes,HRD_Score,MuAt-compatible reimplementation,muat_compatible_qkv_attention,8.0,24.850966691806256,-0.08465576171875,4,,,,,
TCGA-E2-A155,tcga_mc3_wes,HRD_Score,MuAt-compatible reimplementation,muat_compatible_qkv_attention,26.0,21.469684248765464,-0.1922607421875,5,,,,,
TCGA-E2-A156,tcga_mc3_wes,HRD_Score,MuAt-compatible reimplementation,muat_compatible_qkv_attention,6.0,16.3922983376858,-0.4482421875,5,,,,,
TCGA-E2-A158,tcga_mc3_wes,HRD_Score,MuAt-compatible reimplementation,muat_compatible_qkv_attention,76.0,38.09766057145512,0.5791015625,4,,,,,
TCGA-E2-A159,tcga_mc3_wes,HRD_Score,MuAt-compatible reimplementation,muat_compatible_qkv_attention,26.0,19.084783474143933,-0.347900390625,1,,,,,
TCGA-E2-A15A,tcga_mc3_wes,HRD_Score,MuAt-compatible reimplementation,muat_compatible_qkv_attention,58.0,31.72950281487542,0.260009765625,4,,,,,
TCGA-E2-A15C,tcga_mc3_wes,HRD_Score,MuAt-compatible reimplementation,muat_compatible_qkv_attention,5.0,21.09804128093746,-0.272705078125,4,,,,,
TCGA-E2-A15D,tcga_mc3_wes,HRD_Score,MuAt-compatible reimplementation,muat_compatible_qkv_attention,6.0,18.111394187407576,-0.361572265625,5,,,,,
TCGA-E2-A15E,tcga_mc3_wes,HRD_Score,MuAt-compatible reimplementation,muat_compatible_qkv_attention,33.0,13.14394324558529,-0.64013671875,1,,,,,
TCGA-E2-A15G,tcga_mc3_wes,HRD_Score,MuAt-compatible reimplementation,muat_compatible_qkv_attention,5.0,21.789914579663026,-0.238037109375,4,,,,,
TCGA-E2-A15H,tcga_mc3_wes,HRD_Score,MuAt-compatible reimplementation,muat_compatible_qkv_attention,15.0,1.7360721630711602,-1.2099609375,2,,,,,
TCGA-E2-A15I,tcga_mc3_wes,HRD_Score,MuAt-compatible reimplementation,muat_compatible_qkv_attention,7.0,40.97234540418812,0.72314453125,4,,,,,
TCGA-E2-A15J,tcga_mc3_wes,HRD_Score,MuAt-compatible reimplementation,muat_compatible_qkv_attention,6.0,8.826039320066478,-0.8525390625,1,,,,,
TCGA-E2-A15K,tcga_mc3_wes,HRD_Score,MuAt-compatible reimplementation,muat_compatible_qkv_attention,11.0,25.09870164068253,-0.00930023193359375,5,,,,,
TCGA-E2-A15M,tcga_mc3_wes,HRD_Score,MuAt-compatible reimplementation,muat_compatible_qkv_attention,39.0,30.815827913713527,0.25439453125,3,,,,,
TCGA-E2-A15O,tcga_mc3_wes,HRD_Score,MuAt-compatible reimplementation,muat_compatible_qkv_attention,21.0,-5.9715714106554,-1.5947265625,2,,,,,
TCGA-E2-A15P,tcga_mc3_wes,HRD_Score,MuAt-compatible reimplementation,muat_compatible_qkv_attention,17.0,13.957892951085388,-0.60009765625,1,,,,,
TCGA-E2-A15R,tcga_mc3_wes,HRD_Score,MuAt-compatible reimplementation,muat_compatible_qkv_attention,27.0,14.968596422704953,-0.52001953125,5,,,,,
TCGA-E2-A15T,tcga_mc3_wes,HRD_Score,MuAt-compatible reimplementation,muat_compatible_qkv_attention,19.0,3.457576311517702,-1.1240234375,2,,,,,
TCGA-E2-A1AZ,tcga_mc3_wes,HRD_Score,MuAt-compatible reimplementation,muat_compatible_qkv_attention,42.0,30.99865073875686,0.223388671875,4,,,,,
TCGA-E2-A1B0,tcga_mc3_wes,HRD_Score,MuAt-compatible reimplementation,muat_compatible_qkv_attention,35.0,24.32858907208798,-0.048126220703125,5,,,,,
TCGA-E2-A1B4,tcga_mc3_wes,HRD_Score,MuAt-compatible reimplementation,muat_compatible_qkv_attention,3.0,23.85822595507855,-0.1343994140625,4,,,,,
TCGA-E2-A1B5,tcga_mc3_wes,HRD_Score,MuAt-compatible reimplementation,muat_compatible_qkv_attention,18.0,12.417222902296292,-0.6767578125,2,,,,,
TCGA-E2-A1BC,tcga_mc3_wes,HRD_Score,MuAt-compatible reimplementation,muat_compatible_qkv_attention,11.0,32.50821661338739,0.3642578125,5,,,,,
TCGA-E2-A1BD,tcga_mc3_wes,HRD_Score,MuAt-compatible reimplementation,muat_compatible_qkv_attention,7.0,13.316902843861877,-0.66259765625,4,,,,,
TCGA-E2-A1IE,tcga_mc3_wes,HRD_Score,MuAt-compatible reimplementation,muat_compatible_qkv_attention,32.0,29.35331253988391,0.2052001953125,5,,,,,
TCGA-E2-A1IF,tcga_mc3_wes,HRD_Score,MuAt-compatible reimplementation,muat_compatible_qkv_attention,6.0,6.322865553115058,-0.96875,3,,,,,
TCGA-E2-A1IG,tcga_mc3_wes,HRD_Score,MuAt-compatible reimplementation,muat_compatible_qkv_attention,12.0,27.07732648532269,0.0904541015625,5,,,,,
TCGA-E2-A1IH,tcga_mc3_wes,HRD_Score,MuAt-compatible reimplementation,muat_compatible_qkv_attention,28.0,27.013163048678145,0.08721923828125,5,,,,,
TCGA-E2-A1IJ,tcga_mc3_wes,HRD_Score,MuAt-compatible reimplementation,muat_compatible_qkv_attention,7.0,12.741035603347163,-0.63232421875,5,,,,,
TCGA-E2-A1IK,tcga_mc3_wes,HRD_Score,MuAt-compatible reimplementation,muat_compatible_qkv_attention,0.0,17.68525211761739,-0.383056640625,5,,,,,
TCGA-E2-A1IL,tcga_mc3_wes,HRD_Score,MuAt-compatible reimplementation,muat_compatible_qkv_attention,13.0,19.917655460495524,-0.2705078125,5,,,,,
TCGA-E2-A1IO,tcga_mc3_wes,HRD_Score,MuAt-compatible reimplementation,muat_compatible_qkv_attention,30.0,7.956622365248254,-0.87353515625,5,,,,,
TCGA-E2-A1IU,tcga_mc3_wes,HRD_Score,MuAt-compatible reimplementation,muat_compatible_qkv_attention,5.0,25.262439803635218,-0.0229339599609375,3,,,,,
TCGA-E2-A1L6,tcga_mc3_wes,HRD_Score,MuAt-compatible reimplementation,muat_compatible_qkv_attention,9.0,18.633140649750587,-0.3701171875,1,,,,,
TCGA-E2-A1L8,tcga_mc3_wes,HRD_Score,MuAt-compatible reimplementation,muat_compatible_qkv_attention,14.0,30.71164038734013,0.273681640625,5,,,,,
TCGA-E2-A1L9,tcga_mc3_wes,HRD_Score,MuAt-compatible reimplementation,muat_compatible_qkv_attention,6.0,7.962458534962714,-0.89501953125,1,,,,,
TCGA-E2-A1LA,tcga_mc3_wes,HRD_Score,MuAt-compatible reimplementation,muat_compatible_qkv_attention,58.0,38.425780355246566,0.66259765625,5,,,,,
TCGA-E2-A1LG,tcga_mc3_wes,HRD_Score,MuAt-compatible reimplementation,muat_compatible_qkv_attention,15.0,24.524519431139968,-0.10101318359375,4,,,,,
TCGA-E2-A1LH,tcga_mc3_wes,HRD_Score,MuAt-compatible reimplementation,muat_compatible_qkv_attention,74.0,79.82444177065068,2.669921875,4,,,,,
TCGA-E2-A1LK,tcga_mc3_wes,HRD_Score,MuAt-compatible reimplementation,muat_compatible_qkv_attention,24.0,24.981301978714065,-0.078125,4,,,,,
TCGA-E2-A1LL,tcga_mc3_wes,HRD_Score,MuAt-compatible reimplementation,muat_compatible_qkv_attention,52.0,35.919750609215484,0.50927734375,3,,,,,
TCGA-E2-A56Z,tcga_mc3_wes,HRD_Score,MuAt-compatible reimplementation,muat_compatible_qkv_attention,31.0,35.617116713447615,0.52099609375,5,,,,,
TCGA-E2-A570,tcga_mc3_wes,HRD_Score,MuAt-compatible reimplementation,muat_compatible_qkv_attention,5.0,22.690617645586848,-0.1513671875,3,,,,,
TCGA-E2-A573,tcga_mc3_wes,HRD_Score,MuAt-compatible reimplementation,muat_compatible_qkv_attention,43.0,43.142398264060674,0.900390625,5,,,,,
TCGA-E2-A576,tcga_mc3_wes,HRD_Score,MuAt-compatible reimplementation,muat_compatible_qkv_attention,23.0,17.570461926871886,-0.449462890625,4,,,,,
TCGA-E2-A9RU,tcga_mc3_wes,HRD_Score,MuAt-compatible reimplementation,muat_compatible_qkv_attention,54.0,24.131256238634002,-0.058074951171875,5,,,,,
TCGA-E9-A1N3,tcga_mc3_wes,HRD_Score,MuAt-compatible reimplementation,muat_compatible_qkv_attention,4.0,9.054342286243333,-0.84130859375,1,,,,,
TCGA-E9-A1N5,tcga_mc3_wes,HRD_Score,MuAt-compatible reimplementation,muat_compatible_qkv_attention,14.0,57.20565043317671,1.572265625,3,,,,,
TCGA-E9-A1N8,tcga_mc3_wes,HRD_Score,MuAt-compatible reimplementation,muat_compatible_qkv_attention,28.0,14.20604834910371,-0.587890625,1,,,,,
TCGA-E9-A1N9,tcga_mc3_wes,HRD_Score,MuAt-compatible reimplementation,muat_compatible_qkv_attention,50.0,18.439579439296296,-0.379638671875,1,,,,,
TCGA-E9-A1NA,tcga_mc3_wes,HRD_Score,MuAt-compatible reimplementation,muat_compatible_qkv_attention,42.0,23.353056320059082,-0.137939453125,1,,,,,
TCGA-E9-A1NC,tcga_mc3_wes,HRD_Score,MuAt-compatible reimplementation,muat_compatible_qkv_attention,75.0,19.74487683287267,-0.3154296875,1,,,,,
TCGA-E9-A1ND,tcga_mc3_wes,HRD_Score,MuAt-compatible reimplementation,muat_compatible_qkv_attention,42.0,13.783197002670597,-0.59619140625,3,,,,,
TCGA-E9-A1NE,tcga_mc3_wes,HRD_Score,MuAt-compatible reimplementation,muat_compatible_qkv_attention,6.0,67.53082738039905,2.087890625,3,,,,,
TCGA-E9-A1NG,tcga_mc3_wes,HRD_Score,MuAt-compatible reimplementation,muat_compatible_qkv_attention,14.0,18.94915075642692,-0.3193359375,5,,,,,
TCGA-E9-A1NH,tcga_mc3_wes,HRD_Score,MuAt-compatible reimplementation,muat_compatible_qkv_attention,13.0,16.58448790738575,-0.456298828125,3,,,,,
TCGA-E9-A1NI,tcga_mc3_wes,HRD_Score,MuAt-compatible reimplementation,muat_compatible_qkv_attention,23.0,17.530291364966416,-0.390869140625,5,,,,,
TCGA-E9-A1R0,tcga_mc3_wes,HRD_Score,MuAt-compatible reimplementation,muat_compatible_qkv_attention,7.0,6.899745704522367,-0.93994140625,3,,,,,
TCGA-E9-A1R3,tcga_mc3_wes,HRD_Score,MuAt-compatible reimplementation,muat_compatible_qkv_attention,9.0,22.301956865613278,-0.1707763671875,3,,,,,
TCGA-E9-A1R5,tcga_mc3_wes,HRD_Score,MuAt-compatible reimplementation,muat_compatible_qkv_attention,13.0,21.67297824748406,-0.243896484375,4,,,,,
TCGA-E9-A1R6,tcga_mc3_wes,HRD_Score,MuAt-compatible reimplementation,muat_compatible_qkv_attention,13.0,12.295523439475604,-0.65478515625,5,,,,,
TCGA-E9-A1R7,tcga_mc3_wes,HRD_Score,MuAt-compatible reimplementation,muat_compatible_qkv_attention,37.0,22.964813385671373,-0.11688232421875,5,,,,,
TCGA-E9-A1RA,tcga_mc3_wes,HRD_Score,MuAt-compatible reimplementation,muat_compatible_qkv_attention,4.0,8.865049271181164,-0.841796875,3,,,,,
TCGA-E9-A1RB,tcga_mc3_wes,HRD_Score,MuAt-compatible reimplementation,muat_compatible_qkv_attention,30.0,21.019329561373564,-0.2149658203125,5,,,,,
TCGA-E9-A1RC,tcga_mc3_wes,HRD_Score,MuAt-compatible reimplementation,muat_compatible_qkv_attention,16.0,11.555748698268024,-0.71826171875,1,,,,,
TCGA-E9-A1RD,tcga_mc3_wes,HRD_Score,MuAt-compatible reimplementation,muat_compatible_qkv_attention,3.0,4.621557987947739,-1.0537109375,3,,,,,
TCGA-E9-A1RE,tcga_mc3_wes,HRD_Score,MuAt-compatible reimplementation,muat_compatible_qkv_attention,42.0,21.014487037853222,-0.2152099609375,5,,,,,
TCGA-E9-A1RF,tcga_mc3_wes,HRD_Score,MuAt-compatible reimplementation,muat_compatible_qkv_attention,49.0,52.16831869369824,1.3076171875,2,,,,,
TCGA-E9-A1RG,tcga_mc3_wes,HRD_Score,MuAt-compatible reimplementation,muat_compatible_qkv_attention,47.0,56.91232154263062,1.5576171875,3,,,,,
TCGA-E9-A1RH,tcga_mc3_wes,HRD_Score,MuAt-compatible reimplementation,muat_compatible_qkv_attention,39.0,23.171902879505705,-0.1468505859375,1,,,,,
TCGA-E9-A226,tcga_mc3_wes,HRD_Score,MuAt-compatible reimplementation,muat_compatible_qkv_attention,22.0,-1.4330604738417918,-1.3681640625,2,,,,,
TCGA-E9-A227,tcga_mc3_wes,HRD_Score,MuAt-compatible reimplementation,muat_compatible_qkv_attention,3.0,27.087011532363373,0.0909423828125,5,,,,,
TCGA-E9-A228,tcga_mc3_wes,HRD_Score,MuAt-compatible reimplementation,muat_compatible_qkv_attention,26.0,10.831134936054523,-0.75390625,1,,,,,
TCGA-E9-A229,tcga_mc3_wes,HRD_Score,MuAt-compatible reimplementation,muat_compatible_qkv_attention,23.0,8.923715049290383,-0.8388671875,3,,,,,
TCGA-E9-A22A,tcga_mc3_wes,HRD_Score,MuAt-compatible reimplementation,muat_compatible_qkv_attention,26.0,24.12548480184147,-0.0797119140625,3,,,,,
TCGA-E9-A22B,tcga_mc3_wes,HRD_Score,MuAt-compatible reimplementation,muat_compatible_qkv_attention,22.0,24.875306778299908,-0.042266845703125,3,,,,,
TCGA-E9-A22D,tcga_mc3_wes,HRD_Score,MuAt-compatible reimplementation,muat_compatible_qkv_attention,35.0,13.33639223255837,-0.66162109375,4,,,,,
TCGA-E9-A22E,tcga_mc3_wes,HRD_Score,MuAt-compatible reimplementation,muat_compatible_qkv_attention,67.0,43.937406950808594,0.90966796875,3,,,,,
TCGA-E9-A22G,tcga_mc3_wes,HRD_Score,MuAt-compatible reimplementation,muat_compatible_qkv_attention,79.0,82.86215072627466,2.853515625,3,,,,,
TCGA-E9-A22H,tcga_mc3_wes,HRD_Score,MuAt-compatible reimplementation,muat_compatible_qkv_attention,9.0,4.582447469208258,-1.0556640625,3,,,,,
TCGA-E9-A243,tcga_mc3_wes,HRD_Score,MuAt-compatible reimplementation,muat_compatible_qkv_attention,42.0,48.901373321078104,1.14453125,2,,,,,
TCGA-E9-A244,tcga_mc3_wes,HRD_Score,MuAt-compatible reimplementation,muat_compatible_qkv_attention,77.0,59.13258547605017,1.6552734375,2,,,,,
TCGA-E9-A245,tcga_mc3_wes,HRD_Score,MuAt-compatible reimplementation,muat_compatible_qkv_attention,2.0,26.092501656112656,-0.0224456787109375,4,,,,,
TCGA-E9-A247,tcga_mc3_wes,HRD_Score,MuAt-compatible reimplementation,muat_compatible_qkv_attention,44.0,29.088690646500364,0.127685546875,4,,,,,
TCGA-E9-A248,tcga_mc3_wes,HRD_Score,MuAt-compatible reimplementation,muat_compatible_qkv_attention,14.0,23.089056055245287,-0.1314697265625,3,,,,,
TCGA-E9-A24A,tcga_mc3_wes,HRD_Score,MuAt-compatible reimplementation,muat_compatible_qkv_attention,6.0,8.647367433493283,-0.861328125,1,,,,,
TCGA-E9-A295,tcga_mc3_wes,HRD_Score,MuAt-compatible reimplementation,muat_compatible_qkv_attention,21.0,37.76634096361471,0.5625,4,,,,,
TCGA-E9-A2JS,tcga_mc3_wes,HRD_Score,MuAt-compatible reimplementation,muat_compatible_qkv_attention,61.0,22.48419292627733,-0.14111328125,5,,,,,
TCGA-E9-A2JT,tcga_mc3_wes,HRD_Score,MuAt-compatible reimplementation,muat_compatible_qkv_attention,0.0,26.038869008718816,0.00323486328125,2,,,,,
TCGA-E9-A3X8,tcga_mc3_wes,HRD_Score,MuAt-compatible reimplementation,muat_compatible_qkv_attention,5.0,35.198614002851514,0.433837890625,4,,,,,
TCGA-E9-A5FL,tcga_mc3_wes,HRD_Score,MuAt-compatible reimplementation,muat_compatible_qkv_attention,65.0,21.06010044236978,-0.250732421875,1,,,,,
TCGA-E9-A5UO,tcga_mc3_wes,HRD_Score,MuAt-compatible reimplementation,muat_compatible_qkv_attention,20.0,8.142806351892094,-0.89013671875,2,,,,,
TCGA-E9-A6HE,tcga_mc3_wes,HRD_Score,MuAt-compatible reimplementation,muat_compatible_qkv_attention,12.0,19.792303174618404,-0.30859375,2,,,,,
TCGA-EW-A1IW,tcga_mc3_wes,HRD_Score,MuAt-compatible reimplementation,muat_compatible_qkv_attention,20.0,33.961037820624085,0.371826171875,4,,,,,
TCGA-EW-A1IY,tcga_mc3_wes,HRD_Score,MuAt-compatible reimplementation,muat_compatible_qkv_attention,1.0,14.973500883063942,-0.57958984375,4,,,,,
TCGA-EW-A1IZ,tcga_mc3_wes,HRD_Score,MuAt-compatible reimplementation,muat_compatible_qkv_attention,6.0,27.873921604419117,0.130615234375,5,,,,,
TCGA-EW-A1J1,tcga_mc3_wes,HRD_Score,MuAt-compatible reimplementation,muat_compatible_qkv_attention,19.0,6.684637851455232,-0.95068359375,3,,,,,
TCGA-EW-A1J3,tcga_mc3_wes,HRD_Score,MuAt-compatible reimplementation,muat_compatible_qkv_attention,13.0,13.835507570050543,-0.60595703125,2,,,,,
TCGA-EW-A1J6,tcga_mc3_wes,HRD_Score,MuAt-compatible reimplementation,muat_compatible_qkv_attention,37.0,37.46696069821865,0.6142578125,5,,,,,
TCGA-EW-A1OV,tcga_mc3_wes,HRD_Score,MuAt-compatible reimplementation,muat_compatible_qkv_attention,36.0,20.53265594757909,-0.239501953125,5,,,,,
TCGA-EW-A1OX,tcga_mc3_wes,HRD_Score,MuAt-compatible reimplementation,muat_compatible_qkv_attention,10.0,18.69190989791252,-0.363525390625,2,,,,,
TCGA-EW-A1OY,tcga_mc3_wes,HRD_Score,MuAt-compatible reimplementation,muat_compatible_qkv_attention,40.0,22.512175903837978,-0.1602783203125,3,,,,,
TCGA-EW-A1OZ,tcga_mc3_wes,HRD_Score,MuAt-compatible reimplementation,muat_compatible_qkv_attention,51.0,32.95372877725895,0.38671875,5,,,,,
TCGA-EW-A1P0,tcga_mc3_wes,HRD_Score,MuAt-compatible reimplementation,muat_compatible_qkv_attention,21.0,30.111167470817595,0.243408203125,5,,,,,
TCGA-EW-A1P1,tcga_mc3_wes,HRD_Score,MuAt-compatible reimplementation,muat_compatible_qkv_attention,0.0,22.303645163900505,-0.1832275390625,2,,,,,
TCGA-EW-A1P3,tcga_mc3_wes,HRD_Score,MuAt-compatible reimplementation,muat_compatible_qkv_attention,9.0,20.41242992901222,-0.26513671875,3,,,,,
TCGA-EW-A1P4,tcga_mc3_wes,HRD_Score,MuAt-compatible reimplementation,muat_compatible_qkv_attention,67.0,45.44316192227852,0.98486328125,3,,,,,
TCGA-EW-A1P5,tcga_mc3_wes,HRD_Score,MuAt-compatible reimplementation,muat_compatible_qkv_attention,16.0,2.802918866561985,-1.14453125,3,,,,,
TCGA-EW-A1P6,tcga_mc3_wes,HRD_Score,MuAt-compatible reimplementation,muat_compatible_qkv_attention,5.0,11.036467324186418,-0.71826171875,5,,,,,
TCGA-EW-A1P7,tcga_mc3_wes,HRD_Score,MuAt-compatible reimplementation,muat_compatible_qkv_attention,14.0,41.58626114812771,0.75390625,4,,,,,
TCGA-EW-A1P8,tcga_mc3_wes,HRD_Score,MuAt-compatible reimplementation,muat_compatible_qkv_attention,39.0,15.070947826546416,-0.57470703125,4,,,,,
TCGA-EW-A1PA,tcga_mc3_wes,HRD_Score,MuAt-compatible reimplementation,muat_compatible_qkv_attention,26.0,16.51115568474923,-0.4599609375,3,,,,,
TCGA-EW-A1PB,tcga_mc3_wes,HRD_Score,MuAt-compatible reimplementation,muat_compatible_qkv_attention,72.0,61.577903868729905,1.77734375,2,,,,,
TCGA-EW-A1PE,tcga_mc3_wes,HRD_Score,MuAt-compatible reimplementation,muat_compatible_qkv_attention,6.0,15.661077286114008,-0.485107421875,5,,,,,
TCGA-EW-A1PG,tcga_mc3_wes,HRD_Score,MuAt-compatible reimplementation,muat_compatible_qkv_attention,0.0,6.294854260279585,-0.97705078125,1,,,,,
TCGA-EW-A1PH,tcga_mc3_wes,HRD_Score,MuAt-compatible reimplementation,muat_compatible_qkv_attention,38.0,26.191701408261302,0.0108642578125,2,,,,,
TCGA-EW-A2FS,tcga_mc3_wes,HRD_Score,MuAt-compatible reimplementation,muat_compatible_qkv_attention,23.0,25.376768420952228,0.004718780517578125,5,,,,,
TCGA-EW-A2FV,tcga_mc3_wes,HRD_Score,MuAt-compatible reimplementation,muat_compatible_qkv_attention,16.0,26.11187138250827,0.0194854736328125,3,,,,,
TCGA-EW-A6SB,tcga_mc3_wes,HRD_Score,MuAt-compatible reimplementation,muat_compatible_qkv_attention,32.0,13.779221064512194,-0.60888671875,1,,,,,
TCGA-EW-A6SC,tcga_mc3_wes,HRD_Score,MuAt-compatible reimplementation,muat_compatible_qkv_attention,17.0,12.035753233038252,-0.69580078125,2,,,,,
TCGA-EW-A6SD,tcga_mc3_wes,HRD_Score,MuAt-compatible reimplementation,muat_compatible_qkv_attention,45.0,24.430887381455225,-0.04296875,5,,,,,
TCGA-GM-A2DA,tcga_mc3_wes,HRD_Score,MuAt-compatible reimplementation,muat_compatible_qkv_attention,13.0,23.794267596266508,-0.09625244140625,3,,,,,
TCGA-GM-A2DB,tcga_mc3_wes,HRD_Score,MuAt-compatible reimplementation,muat_compatible_qkv_attention,32.0,27.40954617224706,0.08428955078125,3,,,,,
TCGA-GM-A2DC,tcga_mc3_wes,HRD_Score,MuAt-compatible reimplementation,muat_compatible_qkv_attention,21.0,18.072653999244835,-0.363525390625,5,,,,,
TCGA-GM-A2DD,tcga_mc3_wes,HRD_Score,MuAt-compatible reimplementation,muat_compatible_qkv_attention,32.0,19.80443412839707,-0.3125,1,,,,,
TCGA-GM-A2DF,tcga_mc3_wes,HRD_Score,MuAt-compatible reimplementation,muat_compatible_qkv_attention,48.0,20.32049194743723,-0.2822265625,2,,,,,
TCGA-GM-A2DH,tcga_mc3_wes,HRD_Score,MuAt-compatible reimplementation,muat_compatible_qkv_attention,42.0,34.81325780907067,0.48046875,5,,,,,
TCGA-GM-A2DK,tcga_mc3_wes,HRD_Score,MuAt-compatible reimplementation,muat_compatible_qkv_attention,18.0,22.303645163900505,-0.1832275390625,2,,,,,
TCGA-GM-A2DL,tcga_mc3_wes,HRD_Score,MuAt-compatible reimplementation,muat_compatible_qkv_attention,18.0,0.7496166327393574,-1.2470703125,3,,,,,
TCGA-GM-A2DM,tcga_mc3_wes,HRD_Score,MuAt-compatible reimplementation,muat_compatible_qkv_attention,3.0,23.01278749777763,-0.1478271484375,2,,,,,
TCGA-GM-A2DN,tcga_mc3_wes,HRD_Score,MuAt-compatible reimplementation,muat_compatible_qkv_attention,4.0,13.599498979961053,-0.6484375,4,,,,,
TCGA-GM-A3NW,tcga_mc3_wes,HRD_Score,MuAt-compatible reimplementation,muat_compatible_qkv_attention,14.0,26.539477653368525,-4.887580871582031e-05,4,,,,,
TCGA-GM-A5PX,tcga_mc3_wes,HRD_Score,MuAt-compatible reimplementation,muat_compatible_qkv_attention,12.0,3.3988886700933882,-1.126953125,2,,,,,
TCGA-HN-A2NL,tcga_mc3_wes,HRD_Score,MuAt-compatible reimplementation,muat_compatible_qkv_attention,68.0,20.793757486722136,-0.24609375,3,,,,,
TCGA-HN-A2OB,tcga_mc3_wes,HRD_Score,MuAt-compatible reimplementation,muat_compatible_qkv_attention,7.0,16.412873155934996,-0.477294921875,2,,,,,
TCGA-LD-A66U,tcga_mc3_wes,HRD_Score,MuAt-compatible reimplementation,muat_compatible_qkv_attention,12.0,12.740004930130018,-0.66064453125,2,,,,,
TCGA-LD-A74U,tcga_mc3_wes,HRD_Score,MuAt-compatible reimplementation,muat_compatible_qkv_attention,7.0,30.923381840247092,0.259765625,3,,,,,
TCGA-LD-A7W5,tcga_mc3_wes,HRD_Score,MuAt-compatible reimplementation,muat_compatible_qkv_attention,41.0,30.15311720440249,0.2086181640625,2,,,,,
TCGA-LD-A7W6,tcga_mc3_wes,HRD_Score,MuAt-compatible reimplementation,muat_compatible_qkv_attention,14.0,23.562048891250853,-0.10784912109375,3,,,,,
TCGA-LL-A50Y,tcga_mc3_wes,HRD_Score,MuAt-compatible reimplementation,muat_compatible_qkv_attention,9.0,27.64666585190575,0.08349609375,2,,,,,
TCGA-LL-A5YL,tcga_mc3_wes,HRD_Score,MuAt-compatible reimplementation,muat_compatible_qkv_attention,27.0,18.60387843577605,-0.367919921875,2,,,,,
TCGA-LL-A5YM,tcga_mc3_wes,HRD_Score,MuAt-compatible reimplementation,muat_compatible_qkv_attention,28.0,13.636532557397553,-0.603515625,3,,,,,
TCGA-LL-A5YN,tcga_mc3_wes,HRD_Score,MuAt-compatible reimplementation,muat_compatible_qkv_attention,34.0,15.67512830537218,-0.515625,1,,,,,
TCGA-LL-A5YP,tcga_mc3_wes,HRD_Score,MuAt-compatible reimplementation,muat_compatible_qkv_attention,79.0,26.177665750862168,0.0010061264038085938,1,,,,,
TCGA-LL-A6FQ,tcga_mc3_wes,HRD_Score,MuAt-compatible reimplementation,muat_compatible_qkv_attention,8.0,8.716850944938415,-0.85791015625,1,,,,,
TCGA-LL-A6FR,tcga_mc3_wes,HRD_Score,MuAt-compatible reimplementation,muat_compatible_qkv_attention,50.0,30.910183851674194,0.28369140625,5,,,,,
TCGA-LL-A73Y,tcga_mc3_wes,HRD_Score,MuAt-compatible reimplementation,muat_compatible_qkv_attention,29.0,50.564189828100325,1.2275390625,2,,,,,
TCGA-LL-A73Z,tcga_mc3_wes,HRD_Score,MuAt-compatible reimplementation,muat_compatible_qkv_attention,32.0,12.267664401515802,-0.671875,3,,,,,
TCGA-LL-A7SZ,tcga_mc3_wes,HRD_Score,MuAt-compatible reimplementation,muat_compatible_qkv_attention,53.0,67.9359146657888,2.07421875,4,,,,,
TCGA-LL-A7T0,tcga_mc3_wes,HRD_Score,MuAt-compatible reimplementation,muat_compatible_qkv_attention,34.0,18.178393035449773,-0.38916015625,2,,,,,
TCGA-LL-A8F5,tcga_mc3_wes,HRD_Score,MuAt-compatible reimplementation,muat_compatible_qkv_attention,85.0,59.769860801957435,1.6650390625,4,,,,,
TCGA-LL-A9Q3,tcga_mc3_wes,HRD_Score,MuAt-compatible reimplementation,muat_compatible_qkv_attention,14.0,13.424694080080346,-0.62646484375,2,,,,,
TCGA-OK-A5Q2,tcga_mc3_wes,HRD_Score,MuAt-compatible reimplementation,muat_compatible_qkv_attention,11.0,7.23314790981523,-0.935546875,2,,,,,
TCGA-OL-A5D6,tcga_mc3_wes,HRD_Score,MuAt-compatible reimplementation,muat_compatible_qkv_attention,19.0,43.63264696125967,0.8564453125,4,,,,,
TCGA-OL-A5D7,tcga_mc3_wes,HRD_Score,MuAt-compatible reimplementation,muat_compatible_qkv_attention,43.0,48.875292520616796,1.119140625,4,,,,,
TCGA-OL-A5D8,tcga_mc3_wes,HRD_Score,MuAt-compatible reimplementation,muat_compatible_qkv_attention,20.0,14.74937291305425,-0.5908203125,4,,,,,
TCGA-OL-A5DA,tcga_mc3_wes,HRD_Score,MuAt-compatible reimplementation,muat_compatible_qkv_attention,18.0,24.84291837996878,-0.04388427734375,3,,,,,
TCGA-OL-A5RU,tcga_mc3_wes,HRD_Score,MuAt-compatible reimplementation,muat_compatible_qkv_attention,2.0,25.668403272227835,-0.0152587890625,2,,,,,
TCGA-OL-A5RV,tcga_mc3_wes,HRD_Score,MuAt-compatible reimplementation,muat_compatible_qkv_attention,4.0,20.411592859570515,-0.24560546875,5,,,,,
TCGA-OL-A5RW,tcga_mc3_wes,HRD_Score,MuAt-compatible reimplementation,muat_compatible_qkv_attention,76.0,48.85555468229803,1.1552734375,3,,,,,
TCGA-OL-A5RX,tcga_mc3_wes,HRD_Score,MuAt-compatible reimplementation,muat_compatible_qkv_attention,6.0,10.33502637329816,-0.81201171875,4,,,,,
TCGA-OL-A5RY,tcga_mc3_wes,HRD_Score,MuAt-compatible reimplementation,muat_compatible_qkv_attention,2.0,7.284937042296711,-0.96484375,4,,,,,
TCGA-OL-A5RZ,tcga_mc3_wes,HRD_Score,MuAt-compatible reimplementation,muat_compatible_qkv_attention,26.0,45.409458656331424,0.97021484375,2,,,,,
TCGA-OL-A5S0,tcga_mc3_wes,HRD_Score,MuAt-compatible reimplementation,muat_compatible_qkv_attention,53.0,29.8013988339083,0.2037353515625,3,,,,,
TCGA-OL-A66H,tcga_mc3_wes,HRD_Score,MuAt-compatible reimplementation,muat_compatible_qkv_attention,0.0,9.371981195706788,-0.82568359375,1,,,,,
TCGA-OL-A66I,tcga_mc3_wes,HRD_Score,MuAt-compatible reimplementation,muat_compatible_qkv_attention,51.0,16.872593013758788,-0.454345703125,2,,,,,
TCGA-OL-A66J,tcga_mc3_wes,HRD_Score,MuAt-compatible reimplementation,muat_compatible_qkv_attention,9.0,18.642678956050815,-0.353515625,3,,,,,
TCGA-OL-A66K,tcga_mc3_wes,HRD_Score,MuAt-compatible reimplementation,muat_compatible_qkv_attention,8.0,10.517468687924136,-0.75927734375,3,,,,,
TCGA-OL-A66L,tcga_mc3_wes,HRD_Score,MuAt-compatible reimplementation,muat_compatible_qkv_attention,9.0,19.650954170222715,-0.34521484375,4,,,,,
TCGA-OL-A66N,tcga_mc3_wes,HRD_Score,MuAt-compatible reimplementation,muat_compatible_qkv_attention,6.0,24.728642333026865,-0.049591064453125,3,,,,,
TCGA-OL-A66O,tcga_mc3_wes,HRD_Score,MuAt-compatible reimplementation,muat_compatible_qkv_attention,10.0,11.962723551018074,-0.6982421875,1,,,,,
TCGA-OL-A66P,tcga_mc3_wes,HRD_Score,MuAt-compatible reimplementation,muat_compatible_qkv_attention,28.0,27.484098461031504,0.1109619140625,5,,,,,
TCGA-OL-A6VO,tcga_mc3_wes,HRD_Score,MuAt-compatible reimplementation,muat_compatible_qkv_attention,42.0,21.530215792769752,-0.189208984375,5,,,,,
TCGA-OL-A6VQ,tcga_mc3_wes,HRD_Score,MuAt-compatible reimplementation,muat_compatible_qkv_attention,6.0,12.472994624898066,-0.66162109375,3,,,,,
TCGA-OL-A6VR,tcga_mc3_wes,HRD_Score,MuAt-compatible reimplementation,muat_compatible_qkv_attention,13.0,43.85918591332964,0.90576171875,3,,,,,
TCGA-OL-A97C,tcga_mc3_wes,HRD_Score,MuAt-compatible reimplementation,muat_compatible_qkv_attention,10.0,46.045241438428164,1.001953125,2,,,,,
TCGA-PE-A5DD,tcga_mc3_wes,HRD_Score,MuAt-compatible reimplementation,muat_compatible_qkv_attention,21.0,13.949416707313382,-0.587890625,3,,,,,
TCGA-PE-A5DE,tcga_mc3_wes,HRD_Score,MuAt-compatible reimplementation,muat_compatible_qkv_attention,16.0,23.470874354735713,-0.15380859375,4,,,,,
TCGA-PL-A8LV,tcga_mc3_wes,HRD_Score,MuAt-compatible reimplementation,muat_compatible_qkv_attention,55.0,68.07266951968731,2.1015625,2,,,,,
TCGA-PL-A8LX,tcga_mc3_wes,HRD_Score,MuAt-compatible reimplementation,muat_compatible_qkv_attention,12.0,21.711957024877048,-0.241943359375,4,,,,,
TCGA-PL-A8LY,tcga_mc3_wes,HRD_Score,MuAt-compatible reimplementation,muat_compatible_qkv_attention,0.0,27.0506926059608,0.089111328125,5,,,,,
TCGA-PL-A8LZ,tcga_mc3_wes,HRD_Score,MuAt-compatible reimplementation,muat_compatible_qkv_attention,64.0,23.60617482603777,-0.12548828125,1,,,,,
TCGA-S3-A6ZF,tcga_mc3_wes,HRD_Score,MuAt-compatible reimplementation,muat_compatible_qkv_attention,38.0,51.48687060594711,1.25,4,,,,,
TCGA-S3-A6ZG,tcga_mc3_wes,HRD_Score,MuAt-compatible reimplementation,muat_compatible_qkv_attention,20.0,6.652198033425972,-0.95947265625,1,,,,,
TCGA-S3-A6ZH,tcga_mc3_wes,HRD_Score,MuAt-compatible reimplementation,muat_compatible_qkv_attention,19.0,25.23588211856203,-0.06536865234375,4,,,,,
TCGA-S3-AA0Z,tcga_mc3_wes,HRD_Score,MuAt-compatible reimplementation,muat_compatible_qkv_attention,35.0,13.441729723207276,-0.62548828125,1,,,,,
TCGA-S3-AA10,tcga_mc3_wes,HRD_Score,MuAt-compatible reimplementation,muat_compatible_qkv_attention,64.0,62.71275849512816,1.8125,4,,,,,
TCGA-S3-AA11,tcga_mc3_wes,HRD_Score,MuAt-compatible reimplementation,muat_compatible_qkv_attention,5.0,18.569293097567247,-0.3994140625,4,,,,,
TCGA-S3-AA12,tcga_mc3_wes,HRD_Score,MuAt-compatible reimplementation,muat_compatible_qkv_attention,19.0,13.82885214411586,-0.6064453125,1,,,,,
TCGA-S3-AA14,tcga_mc3_wes,HRD_Score,MuAt-compatible reimplementation,muat_compatible_qkv_attention,21.0,15.665374181789511,-0.544921875,4,,,,,
TCGA-S3-AA17,tcga_mc3_wes,HRD_Score,MuAt-compatible reimplementation,muat_compatible_qkv_attention,72.0,68.34654517966744,2.115234375,2,,,,,
TCGA-UU-A93S,tcga_mc3_wes,HRD_Score,MuAt-compatible reimplementation,muat_compatible_qkv_attention,48.0,25.72078529204646,-4.482269287109375e-05,3,,,,,
TCGA-V7-A7HQ,tcga_mc3_wes,HRD_Score,MuAt-compatible reimplementation,muat_compatible_qkv_attention,9.0,37.75072145045846,0.587890625,2,,,,,
TCGA-W8-A86G,tcga_mc3_wes,HRD_Score,MuAt-compatible reimplementation,muat_compatible_qkv_attention,11.0,1.4409346750411949,-1.2158203125,1,,,,,
TCGA-WT-AB41,tcga_mc3_wes,HRD_Score,MuAt-compatible reimplementation,muat_compatible_qkv_attention,28.0,14.387493600263792,-0.54931640625,5,,,,,
TCGA-WT-AB44,tcga_mc3_wes,HRD_Score,MuAt-compatible reimplementation,muat_compatible_qkv_attention,11.0,21.33167232843569,-0.19921875,5,,,,,
TCGA-XX-A899,tcga_mc3_wes,HRD_Score,MuAt-compatible reimplementation,muat_compatible_qkv_attention,14.0,14.761916440664752,-0.560546875,1,,,,,
TCGA-XX-A89A,tcga_mc3_wes,HRD_Score,MuAt-compatible reimplementation,muat_compatible_qkv_attention,12.0,35.936723265790256,0.537109375,5,,,,,
TCGA-Z7-A8R6,tcga_mc3_wes,HRD_Score,MuAt-compatible reimplementation,muat_compatible_qkv_attention,18.0,23.01444925175489,-0.1143798828125,5,,,,,
TCGA-3C-AALI,tcga_mc3_wes,hrd_binary_33,MuAt-compatible reimplementation,muat_compatible_qkv_attention,0.0,,,5,1.0,0.0299835205078125,0,0.97021484375,1
TCGA-3C-AALJ,tcga_mc3_wes,hrd_binary_33,MuAt-compatible reimplementation,muat_compatible_qkv_attention,0.0,,,5,1.0,0.0177154541015625,0,0.982421875,1
TCGA-5L-AAT0,tcga_mc3_wes,hrd_binary_33,MuAt-compatible reimplementation,muat_compatible_qkv_attention,0.0,,,3,0.0,1.0,0,5.066394805908203e-06,1
TCGA-5T-A9QA,tcga_mc3_wes,hrd_binary_33,MuAt-compatible reimplementation,muat_compatible_qkv_attention,0.0,,,5,0.0,0.96826171875,0,0.03192138671875,1
TCGA-A1-A0SB,tcga_mc3_wes,hrd_binary_33,MuAt-compatible reimplementation,muat_compatible_qkv_attention,0.0,,,1,0.0,0.9267578125,0,0.0731201171875,1
TCGA-A1-A0SD,tcga_mc3_wes,hrd_binary_33,MuAt-compatible reimplementation,muat_compatible_qkv_attention,0.0,,,2,0.0,0.9248046875,0,0.07537841796875,1
TCGA-A1-A0SE,tcga_mc3_wes,hrd_binary_33,MuAt-compatible reimplementation,muat_compatible_qkv_attention,0.0,,,4,0.0,0.552734375,0,0.447265625,1
TCGA-A1-A0SF,tcga_mc3_wes,hrd_binary_33,MuAt-compatible reimplementation,muat_compatible_qkv_attention,0.0,,,2,0.0,0.98876953125,0,0.01139068603515625,1
TCGA-A1-A0SG,tcga_mc3_wes,hrd_binary_33,MuAt-compatible reimplementation,muat_compatible_qkv_attention,0.0,,,1,0.0,0.99462890625,0,0.005413055419921875,1
TCGA-A1-A0SI,tcga_mc3_wes,hrd_binary_33,MuAt-compatible reimplementation,muat_compatible_qkv_attention,0.0,,,1,1.0,0.1463623046875,0,0.853515625,1
TCGA-A1-A0SJ,tcga_mc3_wes,hrd_binary_33,MuAt-compatible reimplementation,muat_compatible_qkv_attention,0.0,,,3,0.0,0.59375,0,0.40625,1
TCGA-A1-A0SK,tcga_mc3_wes,hrd_binary_33,MuAt-compatible reimplementation,muat_compatible_qkv_attention,1.0,,,3,0.0,0.95263671875,0,0.047210693359375,1
TCGA-A1-A0SO,tcga_mc3_wes,hrd_binary_33,MuAt-compatible reimplementation,muat_compatible_qkv_attention,1.0,,,3,1.0,0.0048675537109375,0,0.9951171875,1
TCGA-A1-A0SQ,tcga_mc3_wes,hrd_binary_33,MuAt-compatible reimplementation,muat_compatible_qkv_attention,0.0,,,2,0.0,0.99365234375,0,0.00638580322265625,1
TCGA-A2-A04N,tcga_mc3_wes,hrd_binary_33,MuAt-compatible reimplementation,muat_compatible_qkv_attention,0.0,,,1,0.0,0.638671875,0,0.361328125,1
TCGA-A2-A04P,tcga_mc3_wes,hrd_binary_33,MuAt-compatible reimplementation,muat_compatible_qkv_attention,1.0,,,4,1.0,0.422119140625,0,0.578125,1
TCGA-A2-A04Q,tcga_mc3_wes,hrd_binary_33,MuAt-compatible reimplementation,muat_compatible_qkv_attention,0.0,,,5,0.0,0.98486328125,0,0.01519012451171875,1
TCGA-A2-A04R,tcga_mc3_wes,hrd_binary_33,MuAt-compatible reimplementation,muat_compatible_qkv_attention,1.0,,,4,1.0,0.445068359375,0,0.55517578125,1
TCGA-A2-A04T,tcga_mc3_wes,hrd_binary_33,MuAt-compatible reimplementation,muat_compatible_qkv_attention,1.0,,,3,1.0,0.127197265625,0,0.87255859375,1
TCGA-A2-A04U,tcga_mc3_wes,hrd_binary_33,MuAt-compatible reimplementation,muat_compatible_qkv_attention,1.0,,,1,1.0,0.068603515625,0,0.93115234375,1
TCGA-A2-A04V,tcga_mc3_wes,hrd_binary_33,MuAt-compatible reimplementation,muat_compatible_qkv_attention,0.0,,,5,0.0,0.98779296875,0,0.01226806640625,1
TCGA-A2-A04W,tcga_mc3_wes,hrd_binary_33,MuAt-compatible reimplementation,muat_compatible_qkv_attention,0.0,,,5,0.0,0.677734375,0,0.322021484375,1
TCGA-A2-A04Y,tcga_mc3_wes,hrd_binary_33,MuAt-compatible reimplementation,muat_compatible_qkv_attention,0.0,,,1,0.0,0.93603515625,0,0.064208984375,1
TCGA-A2-A0CM,tcga_mc3_wes,hrd_binary_33,MuAt-compatible reimplementation,muat_compatible_qkv_attention,1.0,,,3,0.0,0.9990234375,0,0.0011949539184570312,1
TCGA-A2-A0CP,tcga_mc3_wes,hrd_binary_33,MuAt-compatible reimplementation,muat_compatible_qkv_attention,0.0,,,5,0.0,0.99267578125,0,0.007175445556640625,1
TCGA-A2-A0CR,tcga_mc3_wes,hrd_binary_33,MuAt-compatible reimplementation,muat_compatible_qkv_attention,0.0,,,3,0.0,1.0,0,1.0848045349121094e-05,1
TCGA-A2-A0CS,tcga_mc3_wes,hrd_binary_33,MuAt-compatible reimplementation,muat_compatible_qkv_attention,0.0,,,1,0.0,0.9697265625,0,0.030181884765625,1
TCGA-A2-A0CT,tcga_mc3_wes,hrd_binary_33,MuAt-compatible reimplementation,muat_compatible_qkv_attention,0.0,,,2,0.0,0.90771484375,0,0.09222412109375,1
TCGA-A2-A0CU,tcga_mc3_wes,hrd_binary_33,MuAt-compatible reimplementation,muat_compatible_qkv_attention,0.0,,,5,1.0,0.476806640625,0,0.5234375,1
TCGA-A2-A0CV,tcga_mc3_wes,hrd_binary_33,MuAt-compatible reimplementation,muat_compatible_qkv_attention,0.0,,,5,0.0,0.998046875,0,0.0020999908447265625,1
TCGA-A2-A0CW,tcga_mc3_wes,hrd_binary_33,MuAt-compatible reimplementation,muat_compatible_qkv_attention,1.0,,,5,0.0,0.9990234375,0,0.0007367134094238281,1
TCGA-A2-A0CX,tcga_mc3_wes,hrd_binary_33,MuAt-compatible reimplementation,muat_compatible_qkv_attention,0.0,,,2,0.0,0.8837890625,0,0.1162109375,1
TCGA-A2-A0D0,tcga_mc3_wes,hrd_binary_33,MuAt-compatible reimplementation,muat_compatible_qkv_attention,1.0,,,5,1.0,0.00907135009765625,0,0.99072265625,1
TCGA-A2-A0D1,tcga_mc3_wes,hrd_binary_33,MuAt-compatible reimplementation,muat_compatible_qkv_attention,0.0,,,2,0.0,0.5791015625,0,0.4208984375,1
TCGA-A2-A0D3,tcga_mc3_wes,hrd_binary_33,MuAt-compatible reimplementation,muat_compatible_qkv_attention,0.0,,,4,0.0,0.6083984375,0,0.3916015625,1
TCGA-A2-A0D4,tcga_mc3_wes,hrd_binary_33,MuAt-compatible reimplementation,muat_compatible_qkv_attention,0.0,,,3,0.0,0.99951171875,0,0.0002830028533935547,1
TCGA-A2-A0EM,tcga_mc3_wes,hrd_binary_33,MuAt-compatible reimplementation,muat_compatible_qkv_attention,0.0,,,2,0.0,0.92333984375,0,0.07684326171875,1
TCGA-A2-A0EN,tcga_mc3_wes,hrd_binary_33,MuAt-compatible reimplementation,muat_compatible_qkv_attention,0.0,,,4,0.0,0.57421875,0,0.425537109375,1
TCGA-A2-A0ES,tcga_mc3_wes,hrd_binary_33,MuAt-compatible reimplementation,muat_compatible_qkv_attention,0.0,,,4,0.0,0.57666015625,0,0.423583984375,1
TCGA-A2-A0EU,tcga_mc3_wes,hrd_binary_33,MuAt-compatible reimplementation,muat_compatible_qkv_attention,0.0,,,1,0.0,0.98828125,0,0.01180267333984375,1
TCGA-A2-A0EV,tcga_mc3_wes,hrd_binary_33,MuAt-compatible reimplementation,muat_compatible_qkv_attention,0.0,,,3,0.0,0.99169921875,0,0.00815582275390625,1
TCGA-A2-A0EW,tcga_mc3_wes,hrd_binary_33,MuAt-compatible reimplementation,muat_compatible_qkv_attention,0.0,,,4,0.0,0.5615234375,0,0.4384765625,1
TCGA-A2-A0EX,tcga_mc3_wes,hrd_binary_33,MuAt-compatible reimplementation,muat_compatible_qkv_attention,0.0,,,4,0.0,0.580078125,0,0.419677734375,1
TCGA-A2-A0EY,tcga_mc3_wes,hrd_binary_33,MuAt-compatible reimplementation,muat_compatible_qkv_attention,1.0,,,4,0.0,0.53564453125,0,0.46435546875,1
TCGA-A2-A0SU,tcga_mc3_wes,hrd_binary_33,MuAt-compatible reimplementation,muat_compatible_qkv_attention,0.0,,,4,1.0,0.464599609375,0,0.53564453125,1
TCGA-A2-A0SV,tcga_mc3_wes,hrd_binary_33,MuAt-compatible reimplementation,muat_compatible_qkv_attention,1.0,,,2,1.0,0.428955078125,0,0.5712890625,1
TCGA-A2-A0SW,tcga_mc3_wes,hrd_binary_33,MuAt-compatible reimplementation,muat_compatible_qkv_attention,0.0,,,1,0.0,0.7802734375,0,0.2197265625,1
TCGA-A2-A0SX,tcga_mc3_wes,hrd_binary_33,MuAt-compatible reimplementation,muat_compatible_qkv_attention,1.0,,,1,1.0,0.320068359375,0,0.6796875,1
TCGA-A2-A0SY,tcga_mc3_wes,hrd_binary_33,MuAt-compatible reimplementation,muat_compatible_qkv_attention,0.0,,,2,0.0,0.9951171875,0,0.0049591064453125,1
TCGA-A2-A0T0,tcga_mc3_wes,hrd_binary_33,MuAt-compatible reimplementation,muat_compatible_qkv_attention,1.0,,,3,0.0,0.97021484375,0,0.029876708984375,1
TCGA-A2-A0T1,tcga_mc3_wes,hrd_binary_33,MuAt-compatible reimplementation,muat_compatible_qkv_attention,0.0,,,3,0.0,0.99951171875,0,0.0003612041473388672,1
TCGA-A2-A0T2,tcga_mc3_wes,hrd_binary_33,MuAt-compatible reimplementation,muat_compatible_qkv_attention,0.0,,,2,0.0,0.951171875,0,0.0487060546875,1
TCGA-A2-A0T3,tcga_mc3_wes,hrd_binary_33,MuAt-compatible reimplementation,muat_compatible_qkv_attention,1.0,,,3,0.0,0.99658203125,0,0.00345611572265625,1
TCGA-A2-A0T4,tcga_mc3_wes,hrd_binary_33,MuAt-compatible reimplementation,muat_compatible_qkv_attention,0.0,,,3,0.0,1.0,0,0.0001163482666015625,1
TCGA-A2-A0T5,tcga_mc3_wes,hrd_binary_33,MuAt-compatible reimplementation,muat_compatible_qkv_attention,0.0,,,5,0.0,0.9990234375,0,0.0007853507995605469,1
TCGA-A2-A0T6,tcga_mc3_wes,hrd_binary_33,MuAt-compatible reimplementation,muat_compatible_qkv_attention,0.0,,,5,0.0,1.0,0,2.384185791015625e-06,1
TCGA-A2-A0T7,tcga_mc3_wes,hrd_binary_33,MuAt-compatible reimplementation,muat_compatible_qkv_attention,0.0,,,4,0.0,0.603515625,0,0.396240234375,1
TCGA-A2-A0YC,tcga_mc3_wes,hrd_binary_33,MuAt-compatible reimplementation,muat_compatible_qkv_attention,0.0,,,5,0.0,0.74365234375,0,0.256591796875,1
TCGA-A2-A0YD,tcga_mc3_wes,hrd_binary_33,MuAt-compatible reimplementation,muat_compatible_qkv_attention,0.0,,,1,0.0,0.8076171875,0,0.1922607421875,1
TCGA-A2-A0YE,tcga_mc3_wes,hrd_binary_33,MuAt-compatible reimplementation,muat_compatible_qkv_attention,1.0,,,5,0.0,0.99755859375,0,0.00238800048828125,1
TCGA-A2-A0YF,tcga_mc3_wes,hrd_binary_33,MuAt-compatible reimplementation,muat_compatible_qkv_attention,0.0,,,4,0.0,0.5107421875,0,0.4892578125,1
TCGA-A2-A0YG,tcga_mc3_wes,hrd_binary_33,MuAt-compatible reimplementation,muat_compatible_qkv_attention,0.0,,,2,1.0,0.427490234375,0,0.57275390625,1
TCGA-A2-A0YH,tcga_mc3_wes,hrd_binary_33,MuAt-compatible reimplementation,muat_compatible_qkv_attention,0.0,,,2,0.0,0.66455078125,0,0.335693359375,1
TCGA-A2-A0YJ,tcga_mc3_wes,hrd_binary_33,MuAt-compatible reimplementation,muat_compatible_qkv_attention,0.0,,,4,1.0,0.493896484375,0,0.50634765625,1
TCGA-A2-A0YK,tcga_mc3_wes,hrd_binary_33,MuAt-compatible reimplementation,muat_compatible_qkv_attention,0.0,,,4,1.0,0.4619140625,0,0.5380859375,1
TCGA-A2-A0YL,tcga_mc3_wes,hrd_binary_33,MuAt-compatible reimplementation,muat_compatible_qkv_attention,0.0,,,4,0.0,0.52978515625,0,0.470458984375,1
TCGA-A2-A0YM,tcga_mc3_wes,hrd_binary_33,MuAt-compatible reimplementation,muat_compatible_qkv_attention,1.0,,,3,0.0,0.99853515625,0,0.001506805419921875,1
TCGA-A2-A0YT,tcga_mc3_wes,hrd_binary_33,MuAt-compatible reimplementation,muat_compatible_qkv_attention,1.0,,,1,0.0,0.966796875,0,0.0330810546875,1
TCGA-A2-A1FV,tcga_mc3_wes,hrd_binary_33,MuAt-compatible reimplementation,muat_compatible_qkv_attention,1.0,,,4,0.0,0.544921875,0,0.455078125,1
TCGA-A2-A1FX,tcga_mc3_wes,hrd_binary_33,MuAt-compatible reimplementation,muat_compatible_qkv_attention,0.0,,,1,0.0,0.83740234375,0,0.1627197265625,1
TCGA-A2-A1FZ,tcga_mc3_wes,hrd_binary_33,MuAt-compatible reimplementation,muat_compatible_qkv_attention,0.0,,,1,0.0,0.8154296875,0,0.1845703125,1
TCGA-A2-A1G0,tcga_mc3_wes,hrd_binary_33,MuAt-compatible reimplementation,muat_compatible_qkv_attention,0.0,,,1,0.0,0.8759765625,0,0.1240234375,1
TCGA-A2-A1G1,tcga_mc3_wes,hrd_binary_33,MuAt-compatible reimplementation,muat_compatible_qkv_attention,0.0,,,4,1.0,0.492919921875,0,0.50732421875,1
TCGA-A2-A1G4,tcga_mc3_wes,hrd_binary_33,MuAt-compatible reimplementation,muat_compatible_qkv_attention,0.0,,,3,0.0,0.99951171875,0,0.0005140304565429688,1
TCGA-A2-A259,tcga_mc3_wes,hrd_binary_33,MuAt-compatible reimplementation,muat_compatible_qkv_attention,0.0,,,1,1.0,0.06390380859375,0,0.93603515625,1
TCGA-A2-A25A,tcga_mc3_wes,hrd_binary_33,MuAt-compatible reimplementation,muat_compatible_qkv_attention,0.0,,,1,1.0,0.01473236083984375,0,0.9853515625,1
TCGA-A2-A25C,tcga_mc3_wes,hrd_binary_33,MuAt-compatible reimplementation,muat_compatible_qkv_attention,0.0,,,5,0.0,0.67578125,0,0.324462890625,1
TCGA-A2-A25D,tcga_mc3_wes,hrd_binary_33,MuAt-compatible reimplementation,muat_compatible_qkv_attention,1.0,,,4,1.0,0.496337890625,0,0.50390625,1
TCGA-A2-A25E,tcga_mc3_wes,hrd_binary_33,MuAt-compatible reimplementation,muat_compatible_qkv_attention,1.0,,,1,1.0,0.07977294921875,0,0.92041015625,1
TCGA-A2-A3KD,tcga_mc3_wes,hrd_binary_33,MuAt-compatible reimplementation,muat_compatible_qkv_attention,0.0,,,4,0.0,0.61767578125,0,0.382080078125,1
TCGA-A2-A3XU,tcga_mc3_wes,hrd_binary_33,MuAt-compatible reimplementation,muat_compatible_qkv_attention,0.0,,,5,0.0,0.734375,0,0.265625,1
TCGA-A2-A3Y0,tcga_mc3_wes,hrd_binary_33,MuAt-compatible reimplementation,muat_compatible_qkv_attention,1.0,,,4,1.0,0.413330078125,0,0.5869140625,1
TCGA-A2-A4S1,tcga_mc3_wes,hrd_binary_33,MuAt-compatible reimplementation,muat_compatible_qkv_attention,0.0,,,3,0.0,1.0,0,5.042552947998047e-05,1
TCGA-A2-A4S3,tcga_mc3_wes,hrd_binary_33,MuAt-compatible reimplementation,muat_compatible_qkv_attention,1.0,,,1,1.0,0.283935546875,0,0.71630859375,1
TCGA-A7-A0CE,tcga_mc3_wes,hrd_binary_33,MuAt-compatible reimplementation,muat_compatible_qkv_attention,1.0,,,1,1.0,0.394775390625,0,0.60546875,1
TCGA-A7-A0CG,tcga_mc3_wes,hrd_binary_33,MuAt-compatible reimplementation,muat_compatible_qkv_attention,0.0,,,3,0.0,1.0,0,3.1828880310058594e-05,1
TCGA-A7-A0CH,tcga_mc3_wes,hrd_binary_33,MuAt-compatible reimplementation,muat_compatible_qkv_attention,0.0,,,3,0.0,0.9853515625,0,0.014556884765625,1
TCGA-A7-A0CJ,tcga_mc3_wes,hrd_binary_33,MuAt-compatible reimplementation,muat_compatible_qkv_attention,1.0,,,1,0.0,0.716796875,0,0.283447265625,1
TCGA-A7-A0D9,tcga_mc3_wes,hrd_binary_33,MuAt-compatible reimplementation,muat_compatible_qkv_attention,0.0,,,3,1.0,0.048309326171875,0,0.95166015625,1
TCGA-A7-A0DA,tcga_mc3_wes,hrd_binary_33,MuAt-compatible reimplementation,muat_compatible_qkv_attention,1.0,,,5,1.0,0.01036834716796875,0,0.98974609375,1
TCGA-A7-A0DB,tcga_mc3_wes,hrd_binary_33,MuAt-compatible reimplementation,muat_compatible_qkv_attention,0.0,,,2,0.0,0.99658203125,0,0.0034465789794921875,1
TCGA-A7-A13D,tcga_mc3_wes,hrd_binary_33,MuAt-compatible reimplementation,muat_compatible_qkv_attention,1.0,,,4,1.0,0.439697265625,0,0.560546875,1
TCGA-A7-A13E,tcga_mc3_wes,hrd_binary_33,MuAt-compatible reimplementation,muat_compatible_qkv_attention,0.0,,,4,1.0,0.492919921875,0,0.5068359375,1
TCGA-A7-A13F,tcga_mc3_wes,hrd_binary_33,MuAt-compatible reimplementation,muat_compatible_qkv_attention,0.0,,,5,0.0,0.99853515625,0,0.0013380050659179688,1
TCGA-A7-A26E,tcga_mc3_wes,hrd_binary_33,MuAt-compatible reimplementation,muat_compatible_qkv_attention,0.0,,,3,0.0,1.0,0,4.9114227294921875e-05,1
TCGA-A7-A26H,tcga_mc3_wes,hrd_binary_33,MuAt-compatible reimplementation,muat_compatible_qkv_attention,0.0,,,1,0.0,0.771484375,0,0.228759765625,1
TCGA-A7-A26I,tcga_mc3_wes,hrd_binary_33,MuAt-compatible reimplementation,muat_compatible_qkv_attention,1.0,,,4,0.0,0.5224609375,0,0.477783203125,1
TCGA-A7-A26J,tcga_mc3_wes,hrd_binary_33,MuAt-compatible reimplementation,muat_compatible_qkv_attention,0.0,,,3,0.0,0.99853515625,0,0.0013408660888671875,1
TCGA-A7-A4SE,tcga_mc3_wes,hrd_binary_33,MuAt-compatible reimplementation,muat_compatible_qkv_attention,1.0,,,4,1.0,0.40234375,0,0.59765625,1
TCGA-A7-A56D,tcga_mc3_wes,hrd_binary_33,MuAt-compatible reimplementation,muat_compatible_qkv_attention,1.0,,,3,0.0,0.99951171875,0,0.0006642341613769531,1
TCGA-A7-A5ZV,tcga_mc3_wes,hrd_binary_33,MuAt-compatible reimplementation,muat_compatible_qkv_attention,1.0,,,2,1.0,0.0350341796875,0,0.96484375,1
TCGA-A7-A5ZW,tcga_mc3_wes,hrd_binary_33,MuAt-compatible reimplementation,muat_compatible_qkv_attention,0.0,,,1,0.0,0.8671875,0,0.1329345703125,1
TCGA-A7-A5ZX,tcga_mc3_wes,hrd_binary_33,MuAt-compatible reimplementation,muat_compatible_qkv_attention,0.0,,,4,1.0,0.499267578125,0,0.5009765625,1
TCGA-A7-A6VW,tcga_mc3_wes,hrd_binary_33,MuAt-compatible reimplementation,muat_compatible_qkv_attention,1.0,,,3,1.0,0.01302337646484375,0,0.98681640625,1
TCGA-A7-A6VX,tcga_mc3_wes,hrd_binary_33,MuAt-compatible reimplementation,muat_compatible_qkv_attention,1.0,,,2,1.0,0.139404296875,0,0.8603515625,1
TCGA-A7-A6VY,tcga_mc3_wes,hrd_binary_33,MuAt-compatible reimplementation,muat_compatible_qkv_attention,1.0,,,2,1.0,0.1268310546875,0,0.873046875,1
TCGA-A8-A06P,tcga_mc3_wes,hrd_binary_33,MuAt-compatible reimplementation,muat_compatible_qkv_attention,0.0,,,2,0.0,0.99072265625,0,0.00945281982421875,1
TCGA-A8-A06Q,tcga_mc3_wes,hrd_binary_33,MuAt-compatible reimplementation,muat_compatible_qkv_attention,1.0,,,5,0.0,0.99853515625,0,0.0015697479248046875,1
TCGA-A8-A06R,tcga_mc3_wes,hrd_binary_33,MuAt-compatible reimplementation,muat_compatible_qkv_attention,1.0,,,1,1.0,0.043548583984375,0,0.95654296875,1
TCGA-A8-A06U,tcga_mc3_wes,hrd_binary_33,MuAt-compatible reimplementation,muat_compatible_qkv_attention,1.0,,,2,1.0,0.391357421875,0,0.60888671875,1
TCGA-A8-A06X,tcga_mc3_wes,hrd_binary_33,MuAt-compatible reimplementation,muat_compatible_qkv_attention,1.0,,,3,1.0,0.2314453125,0,0.7685546875,1
TCGA-A8-A06Y,tcga_mc3_wes,hrd_binary_33,MuAt-compatible reimplementation,muat_compatible_qkv_attention,0.0,,,5,0.0,0.9609375,0,0.038818359375,1
TCGA-A8-A06Z,tcga_mc3_wes,hrd_binary_33,MuAt-compatible reimplementation,muat_compatible_qkv_attention,0.0,,,5,1.0,0.01406097412109375,0,0.98583984375,1
TCGA-A8-A075,tcga_mc3_wes,hrd_binary_33,MuAt-compatible reimplementation,muat_compatible_qkv_attention,1.0,,,2,1.0,0.442138671875,0,0.55810546875,1
TCGA-A8-A076,tcga_mc3_wes,hrd_binary_33,MuAt-compatible reimplementation,muat_compatible_qkv_attention,0.0,,,2,1.0,0.1484375,0,0.8515625,1
TCGA-A8-A079,tcga_mc3_wes,hrd_binary_33,MuAt-compatible reimplementation,muat_compatible_qkv_attention,0.0,,,1,0.0,0.5361328125,0,0.464111328125,1
TCGA-A8-A07B,tcga_mc3_wes,hrd_binary_33,MuAt-compatible reimplementation,muat_compatible_qkv_attention,0.0,,,3,0.0,1.0,0,4.0531158447265625e-06,1
TCGA-A8-A07I,tcga_mc3_wes,hrd_binary_33,MuAt-compatible reimplementation,muat_compatible_qkv_attention,0.0,,,2,0.0,0.96728515625,0,0.03265380859375,1
TCGA-A8-A07J,tcga_mc3_wes,hrd_binary_33,MuAt-compatible reimplementation,muat_compatible_qkv_attention,0.0,,,4,0.0,0.51904296875,0,0.48095703125,1
TCGA-A8-A07L,tcga_mc3_wes,hrd_binary_33,MuAt-compatible reimplementation,muat_compatible_qkv_attention,1.0,,,2,1.0,0.048797607421875,0,0.951171875,1
TCGA-A8-A07O,tcga_mc3_wes,hrd_binary_33,MuAt-compatible reimplementation,muat_compatible_qkv_attention,0.0,,,1,0.0,0.78955078125,0,0.210693359375,1
TCGA-A8-A07P,tcga_mc3_wes,hrd_binary_33,MuAt-compatible reimplementation,muat_compatible_qkv_attention,0.0,,,4,0.0,0.54736328125,0,0.452880859375,1
TCGA-A8-A07U,tcga_mc3_wes,hrd_binary_33,MuAt-compatible reimplementation,muat_compatible_qkv_attention,1.0,,,1,1.0,0.1051025390625,0,0.89501953125,1
TCGA-A8-A07W,tcga_mc3_wes,hrd_binary_33,MuAt-compatible reimplementation,muat_compatible_qkv_attention,0.0,,,4,1.0,0.43701171875,0,0.56298828125,1
TCGA-A8-A07Z,tcga_mc3_wes,hrd_binary_33,MuAt-compatible reimplementation,muat_compatible_qkv_attention,0.0,,,1,0.0,0.833984375,0,0.166015625,1
TCGA-A8-A081,tcga_mc3_wes,hrd_binary_33,MuAt-compatible reimplementation,muat_compatible_qkv_attention,1.0,,,3,0.0,1.0,0,4.774332046508789e-05,1
TCGA-A8-A082,tcga_mc3_wes,hrd_binary_33,MuAt-compatible reimplementation,muat_compatible_qkv_attention,0.0,,,5,0.0,1.0,0,0.00015842914581298828,1
TCGA-A8-A083,tcga_mc3_wes,hrd_binary_33,MuAt-compatible reimplementation,muat_compatible_qkv_attention,0.0,,,3,0.0,0.99658203125,0,0.0034694671630859375,1
TCGA-A8-A08B,tcga_mc3_wes,hrd_binary_33,MuAt-compatible reimplementation,muat_compatible_qkv_attention,0.0,,,1,0.0,0.97802734375,0,0.02197265625,1
TCGA-A8-A08G,tcga_mc3_wes,hrd_binary_33,MuAt-compatible reimplementation,muat_compatible_qkv_attention,0.0,,,4,0.0,0.505859375,0,0.494384765625,1
TCGA-A8-A08H,tcga_mc3_wes,hrd_binary_33,MuAt-compatible reimplementation,muat_compatible_qkv_attention,0.0,,,4,0.0,0.57421875,0,0.425537109375,1
TCGA-A8-A08L,tcga_mc3_wes,hrd_binary_33,MuAt-compatible reimplementation,muat_compatible_qkv_attention,1.0,,,3,1.0,0.1278076171875,0,0.8720703125,1
TCGA-A8-A08O,tcga_mc3_wes,hrd_binary_33,MuAt-compatible reimplementation,muat_compatible_qkv_attention,0.0,,,2,1.0,0.42626953125,0,0.57373046875,1
TCGA-A8-A08R,tcga_mc3_wes,hrd_binary_33,MuAt-compatible reimplementation,muat_compatible_qkv_attention,1.0,,,1,1.0,0.016387939453125,0,0.9833984375,1
TCGA-A8-A08T,tcga_mc3_wes,hrd_binary_33,MuAt-compatible reimplementation,muat_compatible_qkv_attention,0.0,,,3,0.0,0.87744140625,0,0.12237548828125,1
TCGA-A8-A08X,tcga_mc3_wes,hrd_binary_33,MuAt-compatible reimplementation,muat_compatible_qkv_attention,1.0,,,5,0.0,1.0,0,0.00020503997802734375,1
TCGA-A8-A08Z,tcga_mc3_wes,hrd_binary_33,MuAt-compatible reimplementation,muat_compatible_qkv_attention,0.0,,,5,0.0,0.990234375,0,0.00988006591796875,1
TCGA-A8-A090,tcga_mc3_wes,hrd_binary_33,MuAt-compatible reimplementation,muat_compatible_qkv_attention,0.0,,,2,0.0,0.9970703125,0,0.00289154052734375,1
TCGA-A8-A091,tcga_mc3_wes,hrd_binary_33,MuAt-compatible reimplementation,muat_compatible_qkv_attention,0.0,,,4,0.0,0.6240234375,0,0.376220703125,1
TCGA-A8-A092,tcga_mc3_wes,hrd_binary_33,MuAt-compatible reimplementation,muat_compatible_qkv_attention,0.0,,,1,0.0,0.7021484375,0,0.2978515625,1
TCGA-A8-A093,tcga_mc3_wes,hrd_binary_33,MuAt-compatible reimplementation,muat_compatible_qkv_attention,0.0,,,5,0.0,0.99609375,0,0.004077911376953125,1
TCGA-A8-A094,tcga_mc3_wes,hrd_binary_33,MuAt-compatible reimplementation,muat_compatible_qkv_attention,1.0,,,5,0.0,0.8916015625,0,0.10833740234375,1
TCGA-A8-A095,tcga_mc3_wes,hrd_binary_33,MuAt-compatible reimplementation,muat_compatible_qkv_attention,0.0,,,2,0.0,0.923828125,0,0.07611083984375,1
TCGA-A8-A096,tcga_mc3_wes,hrd_binary_33,MuAt-compatible reimplementation,muat_compatible_qkv_attention,0.0,,,5,1.0,0.207275390625,0,0.79248046875,1
TCGA-A8-A097,tcga_mc3_wes,hrd_binary_33,MuAt-compatible reimplementation,muat_compatible_qkv_attention,1.0,,,3,1.0,0.1414794921875,0,0.8583984375,1
TCGA-A8-A099,tcga_mc3_wes,hrd_binary_33,MuAt-compatible reimplementation,muat_compatible_qkv_attention,0.0,,,2,0.0,0.65087890625,0,0.34912109375,1
TCGA-A8-A09A,tcga_mc3_wes,hrd_binary_33,MuAt-compatible reimplementation,muat_compatible_qkv_attention,1.0,,,5,1.0,0.0025768280029296875,0,0.99755859375,1
TCGA-A8-A09B,tcga_mc3_wes,hrd_binary_33,MuAt-compatible reimplementation,muat_compatible_qkv_attention,0.0,,,4,0.0,0.53466796875,0,0.46533203125,1
TCGA-A8-A09C,tcga_mc3_wes,hrd_binary_33,MuAt-compatible reimplementation,muat_compatible_qkv_attention,0.0,,,2,0.0,0.60498046875,0,0.395263671875,1
TCGA-A8-A09D,tcga_mc3_wes,hrd_binary_33,MuAt-compatible reimplementation,muat_compatible_qkv_attention,0.0,,,5,1.0,0.229248046875,0,0.77099609375,1
TCGA-A8-A09G,tcga_mc3_wes,hrd_binary_33,MuAt-compatible reimplementation,muat_compatible_qkv_attention,0.0,,,3,0.0,1.0,0,5.453824996948242e-05,1
TCGA-A8-A09M,tcga_mc3_wes,hrd_binary_33,MuAt-compatible reimplementation,muat_compatible_qkv_attention,1.0,,,1,1.0,0.127685546875,0,0.87255859375,1
TCGA-A8-A09N,tcga_mc3_wes,hrd_binary_33,MuAt-compatible reimplementation,muat_compatible_qkv_attention,0.0,,,2,0.0,0.86767578125,0,0.132568359375,1
TCGA-A8-A09Q,tcga_mc3_wes,hrd_binary_33,MuAt-compatible reimplementation,muat_compatible_qkv_attention,1.0,,,2,1.0,0.495849609375,0,0.50390625,1
TCGA-A8-A09T,tcga_mc3_wes,hrd_binary_33,MuAt-compatible reimplementation,muat_compatible_qkv_attention,0.0,,,1,0.0,0.99169921875,0,0.00830841064453125,1
TCGA-A8-A09V,tcga_mc3_wes,hrd_binary_33,MuAt-compatible reimplementation,muat_compatible_qkv_attention,0.0,,,1,0.0,0.73486328125,0,0.264892578125,1
TCGA-A8-A09W,tcga_mc3_wes,hrd_binary_33,MuAt-compatible reimplementation,muat_compatible_qkv_attention,1.0,,,5,1.0,0.10247802734375,0,0.8974609375,1
TCGA-A8-A09X,tcga_mc3_wes,hrd_binary_33,MuAt-compatible reimplementation,muat_compatible_qkv_attention,0.0,,,1,0.0,0.86962890625,0,0.13037109375,1
TCGA-A8-A09Z,tcga_mc3_wes,hrd_binary_33,MuAt-compatible reimplementation,muat_compatible_qkv_attention,0.0,,,4,1.0,0.4013671875,0,0.5986328125,1
TCGA-A8-A0A1,tcga_mc3_wes,hrd_binary_33,MuAt-compatible reimplementation,muat_compatible_qkv_attention,0.0,,,1,0.0,0.84765625,0,0.1524658203125,1
TCGA-A8-A0A2,tcga_mc3_wes,hrd_binary_33,MuAt-compatible reimplementation,muat_compatible_qkv_attention,0.0,,,4,0.0,0.560546875,0,0.439453125,1
TCGA-A8-A0A4,tcga_mc3_wes,hrd_binary_33,MuAt-compatible reimplementation,muat_compatible_qkv_attention,0.0,,,5,0.0,1.0,0,9.649991989135742e-05,1
TCGA-A8-A0A6,tcga_mc3_wes,hrd_binary_33,MuAt-compatible reimplementation,muat_compatible_qkv_attention,0.0,,,4,0.0,0.57421875,0,0.42578125,1
TCGA-A8-A0A7,tcga_mc3_wes,hrd_binary_33,MuAt-compatible reimplementation,muat_compatible_qkv_attention,0.0,,,1,0.0,0.9482421875,0,0.05194091796875,1
TCGA-A8-A0AB,tcga_mc3_wes,hrd_binary_33,MuAt-compatible reimplementation,muat_compatible_qkv_attention,0.0,,,3,0.0,0.99951171875,0,0.000415802001953125,1
TCGA-A8-A0AD,tcga_mc3_wes,hrd_binary_33,MuAt-compatible reimplementation,muat_compatible_qkv_attention,0.0,,,5,0.0,0.9912109375,0,0.0088958740234375,1
TCGA-AC-A23C,tcga_mc3_wes,hrd_binary_33,MuAt-compatible reimplementation,muat_compatible_qkv_attention,0.0,,,4,1.0,0.45703125,0,0.54296875,1
TCGA-AC-A23E,tcga_mc3_wes,hrd_binary_33,MuAt-compatible reimplementation,muat_compatible_qkv_attention,0.0,,,5,0.0,0.9990234375,0,0.0008058547973632812,1
TCGA-AC-A23H,tcga_mc3_wes,hrd_binary_33,MuAt-compatible reimplementation,muat_compatible_qkv_attention,0.0,,,4,1.0,0.37646484375,0,0.62353515625,1
TCGA-AC-A2B8,tcga_mc3_wes,hrd_binary_33,MuAt-compatible reimplementation,muat_compatible_qkv_attention,0.0,,,1,0.0,0.87109375,0,0.128662109375,1
TCGA-AC-A2FB,tcga_mc3_wes,hrd_binary_33,MuAt-compatible reimplementation,muat_compatible_qkv_attention,0.0,,,5,0.0,0.99951171875,0,0.00027489662170410156,1
TCGA-AC-A2FG,tcga_mc3_wes,hrd_binary_33,MuAt-compatible reimplementation,muat_compatible_qkv_attention,0.0,,,4,0.0,0.5947265625,0,0.405517578125,1
TCGA-AC-A2FO,tcga_mc3_wes,hrd_binary_33,MuAt-compatible reimplementation,muat_compatible_qkv_attention,0.0,,,2,0.0,0.998046875,0,0.0019168853759765625,1
TCGA-AC-A2QH,tcga_mc3_wes,hrd_binary_33,MuAt-compatible reimplementation,muat_compatible_qkv_attention,1.0,,,4,1.0,0.49755859375,0,0.50244140625,1
TCGA-AC-A3OD,tcga_mc3_wes,hrd_binary_33,MuAt-compatible reimplementation,muat_compatible_qkv_attention,0.0,,,2,0.0,0.9921875,0,0.00785064697265625,1
TCGA-AC-A3QQ,tcga_mc3_wes,hrd_binary_33,MuAt-compatible reimplementation,muat_compatible_qkv_attention,0.0,,,5,0.0,0.99951171875,0,0.00041484832763671875,1
TCGA-AC-A3YI,tcga_mc3_wes,hrd_binary_33,MuAt-compatible reimplementation,muat_compatible_qkv_attention,0.0,,,5,0.0,0.9990234375,0,0.0007929801940917969,1
TCGA-AC-A4ZE,tcga_mc3_wes,hrd_binary_33,MuAt-compatible reimplementation,muat_compatible_qkv_attention,0.0,,,5,0.0,0.8447265625,0,0.1553955078125,1
TCGA-AC-A5EH,tcga_mc3_wes,hrd_binary_33,MuAt-compatible reimplementation,muat_compatible_qkv_attention,1.0,,,2,1.0,0.31982421875,0,0.68017578125,1
TCGA-AC-A5XS,tcga_mc3_wes,hrd_binary_33,MuAt-compatible reimplementation,muat_compatible_qkv_attention,0.0,,,4,1.0,0.4287109375,0,0.5712890625,1
TCGA-AC-A5XU,tcga_mc3_wes,hrd_binary_33,MuAt-compatible reimplementation,muat_compatible_qkv_attention,0.0,,,3,0.0,0.9912109375,0,0.0090179443359375,1
TCGA-AC-A62Y,tcga_mc3_wes,hrd_binary_33,MuAt-compatible reimplementation,muat_compatible_qkv_attention,0.0,,,4,0.0,0.5283203125,0,0.471923828125,1
TCGA-AC-A6IV,tcga_mc3_wes,hrd_binary_33,MuAt-compatible reimplementation,muat_compatible_qkv_attention,0.0,,,2,1.0,0.4638671875,0,0.5361328125,1
TCGA-AC-A6IW,tcga_mc3_wes,hrd_binary_33,MuAt-compatible reimplementation,muat_compatible_qkv_attention,0.0,,,1,0.0,0.61669921875,0,0.38330078125,1
TCGA-AC-A6IX,tcga_mc3_wes,hrd_binary_33,MuAt-compatible reimplementation,muat_compatible_qkv_attention,0.0,,,1,0.0,0.7763671875,0,0.2235107421875,1
TCGA-AC-A6NO,tcga_mc3_wes,hrd_binary_33,MuAt-compatible reimplementation,muat_compatible_qkv_attention,0.0,,,3,0.0,0.9990234375,0,0.001155853271484375,1
TCGA-AC-A7VB,tcga_mc3_wes,hrd_binary_33,MuAt-compatible reimplementation,muat_compatible_qkv_attention,0.0,,,1,1.0,0.429931640625,0,0.5703125,1
TCGA-AC-A7VC,tcga_mc3_wes,hrd_binary_33,MuAt-compatible reimplementation,muat_compatible_qkv_attention,0.0,,,2,0.0,0.748046875,0,0.251708984375,1
TCGA-AC-A8OP,tcga_mc3_wes,hrd_binary_33,MuAt-compatible reimplementation,muat_compatible_qkv_attention,1.0,,,5,0.0,0.7919921875,0,0.2078857421875,1
TCGA-AC-A8OQ,tcga_mc3_wes,hrd_binary_33,MuAt-compatible reimplementation,muat_compatible_qkv_attention,1.0,,,5,0.0,0.6162109375,0,0.3837890625,1
TCGA-AC-A8OR,tcga_mc3_wes,hrd_binary_33,MuAt-compatible reimplementation,muat_compatible_qkv_attention,0.0,,,2,1.0,0.276123046875,0,0.72412109375,1
TCGA-AC-A8OS,tcga_mc3_wes,hrd_binary_33,MuAt-compatible reimplementation,muat_compatible_qkv_attention,0.0,,,2,0.0,0.70263671875,0,0.29736328125,1
TCGA-AN-A03X,tcga_mc3_wes,hrd_binary_33,MuAt-compatible reimplementation,muat_compatible_qkv_attention,0.0,,,1,0.0,0.8076171875,0,0.1923828125,1
TCGA-AN-A03Y,tcga_mc3_wes,hrd_binary_33,MuAt-compatible reimplementation,muat_compatible_qkv_attention,0.0,,,1,0.0,0.990234375,0,0.00997161865234375,1
TCGA-AN-A041,tcga_mc3_wes,hrd_binary_33,MuAt-compatible reimplementation,muat_compatible_qkv_attention,0.0,,,3,0.0,0.99951171875,0,0.0002605915069580078,1
TCGA-AN-A046,tcga_mc3_wes,hrd_binary_33,MuAt-compatible reimplementation,muat_compatible_qkv_attention,0.0,,,5,0.0,0.64501953125,0,0.354736328125,1
TCGA-AN-A049,tcga_mc3_wes,hrd_binary_33,MuAt-compatible reimplementation,muat_compatible_qkv_attention,1.0,,,4,0.0,0.58544921875,0,0.414794921875,1
TCGA-AN-A04C,tcga_mc3_wes,hrd_binary_33,MuAt-compatible reimplementation,muat_compatible_qkv_attention,1.0,,,5,1.0,0.412353515625,0,0.58740234375,1
TCGA-AN-A04D,tcga_mc3_wes,hrd_binary_33,MuAt-compatible reimplementation,muat_compatible_qkv_attention,1.0,,,1,1.0,0.11016845703125,0,0.8896484375,1
TCGA-AN-A0AJ,tcga_mc3_wes,hrd_binary_33,MuAt-compatible reimplementation,muat_compatible_qkv_attention,1.0,,,5,1.0,0.197265625,0,0.802734375,1
TCGA-AN-A0AL,tcga_mc3_wes,hrd_binary_33,MuAt-compatible reimplementation,muat_compatible_qkv_attention,1.0,,,1,1.0,0.041900634765625,0,0.9580078125,1
TCGA-AN-A0AM,tcga_mc3_wes,hrd_binary_33,MuAt-compatible reimplementation,muat_compatible_qkv_attention,1.0,,,3,1.0,0.1802978515625,0,0.81982421875,1
TCGA-AN-A0AR,tcga_mc3_wes,hrd_binary_33,MuAt-compatible reimplementation,muat_compatible_qkv_attention,1.0,,,5,1.0,0.027252197265625,0,0.97265625,1
TCGA-AN-A0AS,tcga_mc3_wes,hrd_binary_33,MuAt-compatible reimplementation,muat_compatible_qkv_attention,0.0,,,1,0.0,0.9912109375,0,0.00856781005859375,1
TCGA-AN-A0AT,tcga_mc3_wes,hrd_binary_33,MuAt-compatible reimplementation,muat_compatible_qkv_attention,1.0,,,2,1.0,0.059814453125,0,0.9404296875,1
TCGA-AN-A0FJ,tcga_mc3_wes,hrd_binary_33,MuAt-compatible reimplementation,muat_compatible_qkv_attention,0.0,,,1,1.0,0.0704345703125,0,0.9296875,1
TCGA-AN-A0FK,tcga_mc3_wes,hrd_binary_33,MuAt-compatible reimplementation,muat_compatible_qkv_attention,0.0,,,3,0.0,0.62548828125,0,0.37451171875,1
TCGA-AN-A0FN,tcga_mc3_wes,hrd_binary_33,MuAt-compatible reimplementation,muat_compatible_qkv_attention,0.0,,,5,0.0,0.9921875,0,0.007694244384765625,1
TCGA-AN-A0FS,tcga_mc3_wes,hrd_binary_33,MuAt-compatible reimplementation,muat_compatible_qkv_attention,0.0,,,3,0.0,0.99853515625,0,0.0016069412231445312,1
TCGA-AN-A0FT,tcga_mc3_wes,hrd_binary_33,MuAt-compatible reimplementation,muat_compatible_qkv_attention,1.0,,,5,0.0,0.66796875,0,0.33203125,1
TCGA-AN-A0FV,tcga_mc3_wes,hrd_binary_33,MuAt-compatible reimplementation,muat_compatible_qkv_attention,1.0,,,4,0.0,0.50634765625,0,0.49365234375,1
TCGA-AN-A0FW,tcga_mc3_wes,hrd_binary_33,MuAt-compatible reimplementation,muat_compatible_qkv_attention,0.0,,,5,1.0,0.341552734375,0,0.658203125,1
TCGA-AN-A0FX,tcga_mc3_wes,hrd_binary_33,MuAt-compatible reimplementation,muat_compatible_qkv_attention,1.0,,,3,0.0,0.50830078125,0,0.49169921875,1
TCGA-AN-A0FY,tcga_mc3_wes,hrd_binary_33,MuAt-compatible reimplementation,muat_compatible_qkv_attention,1.0,,,2,0.0,0.92236328125,0,0.077392578125,1
TCGA-AN-A0FZ,tcga_mc3_wes,hrd_binary_33,MuAt-compatible reimplementation,muat_compatible_qkv_attention,0.0,,,3,0.0,1.0,0,0.00014650821685791016,1
TCGA-AN-A0XN,tcga_mc3_wes,hrd_binary_33,MuAt-compatible reimplementation,muat_compatible_qkv_attention,1.0,,,3,0.0,0.9990234375,0,0.0009698867797851562,1
TCGA-AN-A0XO,tcga_mc3_wes,hrd_binary_33,MuAt-compatible reimplementation,muat_compatible_qkv_attention,0.0,,,2,0.0,0.7373046875,0,0.262451171875,1
TCGA-AN-A0XP,tcga_mc3_wes,hrd_binary_33,MuAt-compatible reimplementation,muat_compatible_qkv_attention,0.0,,,1,0.0,0.71728515625,0,0.28271484375,1
TCGA-AN-A0XR,tcga_mc3_wes,hrd_binary_33,MuAt-compatible reimplementation,muat_compatible_qkv_attention,0.0,,,2,0.0,0.931640625,0,0.0684814453125,1
TCGA-AN-A0XS,tcga_mc3_wes,hrd_binary_33,MuAt-compatible reimplementation,muat_compatible_qkv_attention,0.0,,,1,1.0,0.397216796875,0,0.60302734375,1
TCGA-AN-A0XT,tcga_mc3_wes,hrd_binary_33,MuAt-compatible reimplementation,muat_compatible_qkv_attention,1.0,,,1,0.0,0.71044921875,0,0.28955078125,1
TCGA-AN-A0XU,tcga_mc3_wes,hrd_binary_33,MuAt-compatible reimplementation,muat_compatible_qkv_attention,1.0,,,5,1.0,0.08880615234375,0,0.9111328125,1
TCGA-AN-A0XV,tcga_mc3_wes,hrd_binary_33,MuAt-compatible reimplementation,muat_compatible_qkv_attention,0.0,,,2,1.0,0.361572265625,0,0.638671875,1
TCGA-AN-A0XW,tcga_mc3_wes,hrd_binary_33,MuAt-compatible reimplementation,muat_compatible_qkv_attention,0.0,,,4,1.0,0.4306640625,0,0.5693359375,1
TCGA-AO-A03L,tcga_mc3_wes,hrd_binary_33,MuAt-compatible reimplementation,muat_compatible_qkv_attention,0.0,,,5,0.0,0.99853515625,0,0.001613616943359375,1
TCGA-AO-A03O,tcga_mc3_wes,hrd_binary_33,MuAt-compatible reimplementation,muat_compatible_qkv_attention,1.0,,,2,1.0,0.2471923828125,0,0.7529296875,1
TCGA-AO-A03P,tcga_mc3_wes,hrd_binary_33,MuAt-compatible reimplementation,muat_compatible_qkv_attention,0.0,,,5,0.0,0.99951171875,0,0.0006680488586425781,1
TCGA-AO-A03R,tcga_mc3_wes,hrd_binary_33,MuAt-compatible reimplementation,muat_compatible_qkv_attention,0.0,,,5,1.0,0.260009765625,0,0.740234375,1
TCGA-AO-A03T,tcga_mc3_wes,hrd_binary_33,MuAt-compatible reimplementation,muat_compatible_qkv_attention,1.0,,,4,1.0,0.453857421875,0,0.5458984375,1
TCGA-AO-A03V,tcga_mc3_wes,hrd_binary_33,MuAt-compatible reimplementation,muat_compatible_qkv_attention,1.0,,,4,0.0,0.5107421875,0,0.4892578125,1
TCGA-AO-A0J2,tcga_mc3_wes,hrd_binary_33,MuAt-compatible reimplementation,muat_compatible_qkv_attention,1.0,,,2,1.0,0.11468505859375,0,0.88525390625,1
TCGA-AO-A0J3,tcga_mc3_wes,hrd_binary_33,MuAt-compatible reimplementation,muat_compatible_qkv_attention,1.0,,,5,0.0,0.99365234375,0,0.006500244140625,1
TCGA-AO-A0J4,tcga_mc3_wes,hrd_binary_33,MuAt-compatible reimplementation,muat_compatible_qkv_attention,1.0,,,2,1.0,0.0171356201171875,0,0.98291015625,1
TCGA-AO-A0J6,tcga_mc3_wes,hrd_binary_33,MuAt-compatible reimplementation,muat_compatible_qkv_attention,1.0,,,3,1.0,0.0147857666015625,0,0.9853515625,1
TCGA-AO-A0J7,tcga_mc3_wes,hrd_binary_33,MuAt-compatible reimplementation,muat_compatible_qkv_attention,0.0,,,5,0.0,0.99951171875,0,0.0005817413330078125,1
TCGA-AO-A0J8,tcga_mc3_wes,hrd_binary_33,MuAt-compatible reimplementation,muat_compatible_qkv_attention,0.0,,,4,0.0,0.544921875,0,0.455078125,1
TCGA-AO-A0J9,tcga_mc3_wes,hrd_binary_33,MuAt-compatible reimplementation,muat_compatible_qkv_attention,0.0,,,3,0.0,0.9990234375,0,0.0008625984191894531,1
TCGA-AO-A0JA,tcga_mc3_wes,hrd_binary_33,MuAt-compatible reimplementation,muat_compatible_qkv_attention,1.0,,,2,0.0,0.98583984375,0,0.014007568359375,1
TCGA-AO-A0JB,tcga_mc3_wes,hrd_binary_33,MuAt-compatible reimplementation,muat_compatible_qkv_attention,1.0,,,4,1.0,0.45068359375,0,0.54931640625,1
TCGA-AO-A0JD,tcga_mc3_wes,hrd_binary_33,MuAt-compatible reimplementation,muat_compatible_qkv_attention,1.0,,,5,0.0,0.9453125,0,0.05450439453125,1
TCGA-AO-A0JE,tcga_mc3_wes,hrd_binary_33,MuAt-compatible reimplementation,muat_compatible_qkv_attention,1.0,,,4,0.0,0.54296875,0,0.456787109375,1
TCGA-AO-A0JF,tcga_mc3_wes,hrd_binary_33,MuAt-compatible reimplementation,muat_compatible_qkv_attention,0.0,,,4,0.0,0.54345703125,0,0.45654296875,1
TCGA-AO-A0JG,tcga_mc3_wes,hrd_binary_33,MuAt-compatible reimplementation,muat_compatible_qkv_attention,0.0,,,4,1.0,0.4716796875,0,0.5283203125,1
TCGA-AO-A0JI,tcga_mc3_wes,hrd_binary_33,MuAt-compatible reimplementation,muat_compatible_qkv_attention,0.0,,,2,0.0,0.7998046875,0,0.2003173828125,1
TCGA-AO-A0JJ,tcga_mc3_wes,hrd_binary_33,MuAt-compatible reimplementation,muat_compatible_qkv_attention,0.0,,,5,0.0,0.9970703125,0,0.0028171539306640625,1
TCGA-AO-A0JM,tcga_mc3_wes,hrd_binary_33,MuAt-compatible reimplementation,muat_compatible_qkv_attention,1.0,,,2,0.0,0.78173828125,0,0.2181396484375,1
TCGA-AO-A124,tcga_mc3_wes,hrd_binary_33,MuAt-compatible reimplementation,muat_compatible_qkv_attention,1.0,,,4,1.0,0.4296875,0,0.5703125,1
TCGA-AO-A128,tcga_mc3_wes,hrd_binary_33,MuAt-compatible reimplementation,muat_compatible_qkv_attention,0.0,,,1,0.0,0.79443359375,0,0.20556640625,1
TCGA-AO-A12A,tcga_mc3_wes,hrd_binary_33,MuAt-compatible reimplementation,muat_compatible_qkv_attention,0.0,,,5,0.0,0.95166015625,0,0.04827880859375,1
TCGA-AO-A12D,tcga_mc3_wes,hrd_binary_33,MuAt-compatible reimplementation,muat_compatible_qkv_attention,0.0,,,2,0.0,0.9931640625,0,0.006809234619140625,1
TCGA-AO-A12F,tcga_mc3_wes,hrd_binary_33,MuAt-compatible reimplementation,muat_compatible_qkv_attention,1.0,,,5,0.0,0.7578125,0,0.2420654296875,1
TCGA-AO-A12H,tcga_mc3_wes,hrd_binary_33,MuAt-compatible reimplementation,muat_compatible_qkv_attention,0.0,,,4,0.0,0.5986328125,0,0.401123046875,1
TCGA-AO-A1KP,tcga_mc3_wes,hrd_binary_33,MuAt-compatible reimplementation,muat_compatible_qkv_attention,0.0,,,1,0.0,0.89501953125,0,0.10491943359375,1
TCGA-AO-A1KR,tcga_mc3_wes,hrd_binary_33,MuAt-compatible reimplementation,muat_compatible_qkv_attention,1.0,,,1,1.0,0.06475830078125,0,0.93505859375,1
TCGA-AO-A1KT,tcga_mc3_wes,hrd_binary_33,MuAt-compatible reimplementation,muat_compatible_qkv_attention,0.0,,,3,0.0,0.9248046875,0,0.074951171875,1
TCGA-AQ-A04H,tcga_mc3_wes,hrd_binary_33,MuAt-compatible reimplementation,muat_compatible_qkv_attention,0.0,,,3,0.0,0.98974609375,0,0.0103302001953125,1
TCGA-AQ-A04J,tcga_mc3_wes,hrd_binary_33,MuAt-compatible reimplementation,muat_compatible_qkv_attention,1.0,,,3,0.0,0.9814453125,0,0.018463134765625,1
TCGA-AQ-A1H2,tcga_mc3_wes,hrd_binary_33,MuAt-compatible reimplementation,muat_compatible_qkv_attention,0.0,,,5,0.0,1.0,0,0.00017333030700683594,1
TCGA-AQ-A1H3,tcga_mc3_wes,hrd_binary_33,MuAt-compatible reimplementation,muat_compatible_qkv_attention,0.0,,,4,0.0,0.60498046875,0,0.394775390625,1
TCGA-AR-A0TP,tcga_mc3_wes,hrd_binary_33,MuAt-compatible reimplementation,muat_compatible_qkv_attention,1.0,,,5,1.0,0.058929443359375,0,0.94091796875,1
TCGA-AR-A0TQ,tcga_mc3_wes,hrd_binary_33,MuAt-compatible reimplementation,muat_compatible_qkv_attention,0.0,,,5,0.0,0.99951171875,0,0.0004916191101074219,1
TCGA-AR-A0TR,tcga_mc3_wes,hrd_binary_33,MuAt-compatible reimplementation,muat_compatible_qkv_attention,0.0,,,2,0.0,0.98095703125,0,0.0192108154296875,1
TCGA-AR-A0TS,tcga_mc3_wes,hrd_binary_33,MuAt-compatible reimplementation,muat_compatible_qkv_attention,1.0,,,3,0.0,0.99755859375,0,0.0023593902587890625,1
TCGA-AR-A0TT,tcga_mc3_wes,hrd_binary_33,MuAt-compatible reimplementation,muat_compatible_qkv_attention,1.0,,,5,0.0,0.76904296875,0,0.2308349609375,1
TCGA-AR-A0TV,tcga_mc3_wes,hrd_binary_33,MuAt-compatible reimplementation,muat_compatible_qkv_attention,1.0,,,3,1.0,0.0941162109375,0,0.90576171875,1
TCGA-AR-A0TW,tcga_mc3_wes,hrd_binary_33,MuAt-compatible reimplementation,muat_compatible_qkv_attention,1.0,,,1,0.0,0.70703125,0,0.29296875,1
TCGA-AR-A0TX,tcga_mc3_wes,hrd_binary_33,MuAt-compatible reimplementation,muat_compatible_qkv_attention,0.0,,,3,0.0,0.99951171875,0,0.0003380775451660156,1
TCGA-AR-A0TY,tcga_mc3_wes,hrd_binary_33,MuAt-compatible reimplementation,muat_compatible_qkv_attention,1.0,,,5,0.0,0.994140625,0,0.005809783935546875,1
TCGA-AR-A0TZ,tcga_mc3_wes,hrd_binary_33,MuAt-compatible reimplementation,muat_compatible_qkv_attention,0.0,,,2,0.0,0.53955078125,0,0.460205078125,1
TCGA-AR-A0U0,tcga_mc3_wes,hrd_binary_33,MuAt-compatible reimplementation,muat_compatible_qkv_attention,0.0,,,2,0.0,0.93359375,0,0.06622314453125,1
TCGA-AR-A1AH,tcga_mc3_wes,hrd_binary_33,MuAt-compatible reimplementation,muat_compatible_qkv_attention,0.0,,,5,1.0,0.398193359375,0,0.6015625,1
TCGA-AR-A1AI,tcga_mc3_wes,hrd_binary_33,MuAt-compatible reimplementation,muat_compatible_qkv_attention,1.0,,,3,0.0,0.99267578125,0,0.007488250732421875,1
TCGA-AR-A1AJ,tcga_mc3_wes,hrd_binary_33,MuAt-compatible reimplementation,muat_compatible_qkv_attention,0.0,,,2,0.0,0.91162109375,0,0.0885009765625,1
TCGA-AR-A1AK,tcga_mc3_wes,hrd_binary_33,MuAt-compatible reimplementation,muat_compatible_qkv_attention,0.0,,,5,1.0,0.09698486328125,0,0.90283203125,1
TCGA-AR-A1AN,tcga_mc3_wes,hrd_binary_33,MuAt-compatible reimplementation,muat_compatible_qkv_attention,0.0,,,1,0.0,0.88427734375,0,0.11572265625,1
TCGA-AR-A1AO,tcga_mc3_wes,hrd_binary_33,MuAt-compatible reimplementation,muat_compatible_qkv_attention,0.0,,,5,1.0,0.109130859375,0,0.890625,1
TCGA-AR-A1AP,tcga_mc3_wes,hrd_binary_33,MuAt-compatible reimplementation,muat_compatible_qkv_attention,0.0,,,2,0.0,0.76318359375,0,0.23681640625,1
TCGA-AR-A1AQ,tcga_mc3_wes,hrd_binary_33,MuAt-compatible reimplementation,muat_compatible_qkv_attention,0.0,,,5,1.0,0.4052734375,0,0.5947265625,1
TCGA-AR-A1AR,tcga_mc3_wes,hrd_binary_33,MuAt-compatible reimplementation,muat_compatible_qkv_attention,0.0,,,1,0.0,0.619140625,0,0.380859375,1
TCGA-AR-A1AU,tcga_mc3_wes,hrd_binary_33,MuAt-compatible reimplementation,muat_compatible_qkv_attention,0.0,,,4,0.0,0.55908203125,0,0.44091796875,1
TCGA-AR-A1AW,tcga_mc3_wes,hrd_binary_33,MuAt-compatible reimplementation,muat_compatible_qkv_attention,0.0,,,3,0.0,0.98046875,0,0.0197601318359375,1
TCGA-AR-A1AX,tcga_mc3_wes,hrd_binary_33,MuAt-compatible reimplementation,muat_compatible_qkv_attention,0.0,,,3,0.0,0.99853515625,0,0.00159454345703125,1
TCGA-AR-A1AY,tcga_mc3_wes,hrd_binary_33,MuAt-compatible reimplementation,muat_compatible_qkv_attention,1.0,,,3,0.0,0.888671875,0,0.11151123046875,1
TCGA-AR-A24L,tcga_mc3_wes,hrd_binary_33,MuAt-compatible reimplementation,muat_compatible_qkv_attention,1.0,,,2,0.0,0.56982421875,0,0.43017578125,1
TCGA-AR-A24N,tcga_mc3_wes,hrd_binary_33,MuAt-compatible reimplementation,muat_compatible_qkv_attention,0.0,,,3,0.0,1.0,0,2.0623207092285156e-05,1
TCGA-AR-A24O,tcga_mc3_wes,hrd_binary_33,MuAt-compatible reimplementation,muat_compatible_qkv_attention,0.0,,,4,0.0,0.537109375,0,0.463134765625,1
TCGA-AR-A24P,tcga_mc3_wes,hrd_binary_33,MuAt-compatible reimplementation,muat_compatible_qkv_attention,0.0,,,2,0.0,0.77294921875,0,0.227294921875,1
TCGA-AR-A24Q,tcga_mc3_wes,hrd_binary_33,MuAt-compatible reimplementation,muat_compatible_qkv_attention,1.0,,,4,1.0,0.408935546875,0,0.5908203125,1
TCGA-AR-A24R,tcga_mc3_wes,hrd_binary_33,MuAt-compatible reimplementation,muat_compatible_qkv_attention,0.0,,,1,1.0,0.06689453125,0,0.93310546875,1
TCGA-AR-A24S,tcga_mc3_wes,hrd_binary_33,MuAt-compatible reimplementation,muat_compatible_qkv_attention,0.0,,,1,1.0,0.41455078125,0,0.58544921875,1
TCGA-AR-A24U,tcga_mc3_wes,hrd_binary_33,MuAt-compatible reimplementation,muat_compatible_qkv_attention,0.0,,,2,0.0,0.71240234375,0,0.28759765625,1
TCGA-AR-A24V,tcga_mc3_wes,hrd_binary_33,MuAt-compatible reimplementation,muat_compatible_qkv_attention,0.0,,,2,0.0,0.93896484375,0,0.060943603515625,1
TCGA-AR-A24W,tcga_mc3_wes,hrd_binary_33,MuAt-compatible reimplementation,muat_compatible_qkv_attention,0.0,,,2,0.0,0.712890625,0,0.286865234375,1
TCGA-AR-A24X,tcga_mc3_wes,hrd_binary_33,MuAt-compatible reimplementation,muat_compatible_qkv_attention,0.0,,,2,0.0,0.73291015625,0,0.26708984375,1
TCGA-AR-A24Z,tcga_mc3_wes,hrd_binary_33,MuAt-compatible reimplementation,muat_compatible_qkv_attention,1.0,,,1,0.0,0.69091796875,0,0.30908203125,1
TCGA-AR-A250,tcga_mc3_wes,hrd_binary_33,MuAt-compatible reimplementation,muat_compatible_qkv_attention,0.0,,,5,0.0,0.8984375,0,0.10174560546875,1
TCGA-AR-A251,tcga_mc3_wes,hrd_binary_33,MuAt-compatible reimplementation,muat_compatible_qkv_attention,1.0,,,5,1.0,0.01157379150390625,0,0.98828125,1
TCGA-AR-A252,tcga_mc3_wes,hrd_binary_33,MuAt-compatible reimplementation,muat_compatible_qkv_attention,0.0,,,3,0.0,0.99951171875,0,0.00028252601623535156,1
TCGA-AR-A254,tcga_mc3_wes,hrd_binary_33,MuAt-compatible reimplementation,muat_compatible_qkv_attention,0.0,,,5,0.0,0.9970703125,0,0.0028553009033203125,1
TCGA-AR-A256,tcga_mc3_wes,hrd_binary_33,MuAt-compatible reimplementation,muat_compatible_qkv_attention,1.0,,,2,1.0,0.053009033203125,0,0.94677734375,1
TCGA-AR-A2LH,tcga_mc3_wes,hrd_binary_33,MuAt-compatible reimplementation,muat_compatible_qkv_attention,0.0,,,5,0.0,0.9833984375,0,0.0167388916015625,1
TCGA-AR-A2LK,tcga_mc3_wes,hrd_binary_33,MuAt-compatible reimplementation,muat_compatible_qkv_attention,0.0,,,5,0.0,0.99951171875,0,0.0005736351013183594,1
TCGA-AR-A2LN,tcga_mc3_wes,hrd_binary_33,MuAt-compatible reimplementation,muat_compatible_qkv_attention,0.0,,,3,0.0,1.0,0,2.5153160095214844e-05,1
TCGA-AR-A2LO,tcga_mc3_wes,hrd_binary_33,MuAt-compatible reimplementation,muat_compatible_qkv_attention,0.0,,,1,0.0,0.78515625,0,0.214599609375,1
TCGA-AR-A2LQ,tcga_mc3_wes,hrd_binary_33,MuAt-compatible reimplementation,muat_compatible_qkv_attention,0.0,,,3,0.0,0.99951171875,0,0.0004513263702392578,1
TCGA-AR-A5QM,tcga_mc3_wes,hrd_binary_33,MuAt-compatible reimplementation,muat_compatible_qkv_attention,0.0,,,1,1.0,0.4423828125,0,0.5576171875,1
TCGA-AR-A5QN,tcga_mc3_wes,hrd_binary_33,MuAt-compatible reimplementation,muat_compatible_qkv_attention,0.0,,,4,0.0,0.5830078125,0,0.4169921875,1
TCGA-AR-A5QP,tcga_mc3_wes,hrd_binary_33,MuAt-compatible reimplementation,muat_compatible_qkv_attention,0.0,,,1,1.0,0.277587890625,0,0.72265625,1
TCGA-AR-A5QQ,tcga_mc3_wes,hrd_binary_33,MuAt-compatible reimplementation,muat_compatible_qkv_attention,0.0,,,3,0.0,0.94921875,0,0.0506591796875,1
TCGA-B6-A0I2,tcga_mc3_wes,hrd_binary_33,MuAt-compatible reimplementation,muat_compatible_qkv_attention,1.0,,,4,1.0,0.471435546875,0,0.5283203125,1
TCGA-B6-A0I5,tcga_mc3_wes,hrd_binary_33,MuAt-compatible reimplementation,muat_compatible_qkv_attention,0.0,,,3,0.0,1.0,0,6.35385513305664e-05,1
TCGA-B6-A0I9,tcga_mc3_wes,hrd_binary_33,MuAt-compatible reimplementation,muat_compatible_qkv_attention,1.0,,,5,0.0,0.828125,0,0.172119140625,1
TCGA-B6-A0IB,tcga_mc3_wes,hrd_binary_33,MuAt-compatible reimplementation,muat_compatible_qkv_attention,0.0,,,1,1.0,0.09783935546875,0,0.90234375,1
TCGA-B6-A0IC,tcga_mc3_wes,hrd_binary_33,MuAt-compatible reimplementation,muat_compatible_qkv_attention,0.0,,,1,0.0,0.96484375,0,0.03497314453125,1
TCGA-B6-A0IE,tcga_mc3_wes,hrd_binary_33,MuAt-compatible reimplementation,muat_compatible_qkv_attention,0.0,,,3,0.0,1.0,0,8.821487426757812e-05,1
TCGA-B6-A0IH,tcga_mc3_wes,hrd_binary_33,MuAt-compatible reimplementation,muat_compatible_qkv_attention,0.0,,,2,0.0,0.97265625,0,0.0271453857421875,1
TCGA-B6-A0IJ,tcga_mc3_wes,hrd_binary_33,MuAt-compatible reimplementation,muat_compatible_qkv_attention,1.0,,,5,1.0,0.136962890625,0,0.86279296875,1
TCGA-B6-A0IN,tcga_mc3_wes,hrd_binary_33,MuAt-compatible reimplementation,muat_compatible_qkv_attention,0.0,,,5,0.0,0.99755859375,0,0.0022792816162109375,1
TCGA-B6-A0RE,tcga_mc3_wes,hrd_binary_33,MuAt-compatible reimplementation,muat_compatible_qkv_attention,1.0,,,4,1.0,0.44384765625,0,0.55615234375,1
TCGA-B6-A0RG,tcga_mc3_wes,hrd_binary_33,MuAt-compatible reimplementation,muat_compatible_qkv_attention,0.0,,,1,1.0,0.014617919921875,0,0.9853515625,1
TCGA-B6-A0RH,tcga_mc3_wes,hrd_binary_33,MuAt-compatible reimplementation,muat_compatible_qkv_attention,0.0,,,2,0.0,0.78369140625,0,0.21630859375,1
TCGA-B6-A0RI,tcga_mc3_wes,hrd_binary_33,MuAt-compatible reimplementation,muat_compatible_qkv_attention,0.0,,,5,0.0,0.9990234375,0,0.00102996826171875,1
TCGA-B6-A0RL,tcga_mc3_wes,hrd_binary_33,MuAt-compatible reimplementation,muat_compatible_qkv_attention,0.0,,,1,0.0,0.95947265625,0,0.04046630859375,1
TCGA-B6-A0RN,tcga_mc3_wes,hrd_binary_33,MuAt-compatible reimplementation,muat_compatible_qkv_attention,0.0,,,3,0.0,0.9990234375,0,0.0010776519775390625,1
TCGA-B6-A0RO,tcga_mc3_wes,hrd_binary_33,MuAt-compatible reimplementation,muat_compatible_qkv_attention,0.0,,,1,0.0,0.509765625,0,0.490234375,1
TCGA-B6-A0RP,tcga_mc3_wes,hrd_binary_33,MuAt-compatible reimplementation,muat_compatible_qkv_attention,0.0,,,3,0.0,0.9951171875,0,0.00482940673828125,1
TCGA-B6-A0RS,tcga_mc3_wes,hrd_binary_33,MuAt-compatible reimplementation,muat_compatible_qkv_attention,1.0,,,3,1.0,0.374267578125,0,0.62548828125,1
TCGA-B6-A0RU,tcga_mc3_wes,hrd_binary_33,MuAt-compatible reimplementation,muat_compatible_qkv_attention,0.0,,,3,0.0,0.97900390625,0,0.0211029052734375,1
TCGA-B6-A0RV,tcga_mc3_wes,hrd_binary_33,MuAt-compatible reimplementation,muat_compatible_qkv_attention,0.0,,,2,0.0,0.9638671875,0,0.035980224609375,1
TCGA-B6-A0WS,tcga_mc3_wes,hrd_binary_33,MuAt-compatible reimplementation,muat_compatible_qkv_attention,0.0,,,3,0.0,0.9990234375,0,0.0010547637939453125,1
TCGA-B6-A0WT,tcga_mc3_wes,hrd_binary_33,MuAt-compatible reimplementation,muat_compatible_qkv_attention,0.0,,,1,0.0,0.84716796875,0,0.152587890625,1
TCGA-B6-A0WW,tcga_mc3_wes,hrd_binary_33,MuAt-compatible reimplementation,muat_compatible_qkv_attention,0.0,,,4,0.0,0.54931640625,0,0.450439453125,1
TCGA-B6-A0WY,tcga_mc3_wes,hrd_binary_33,MuAt-compatible reimplementation,muat_compatible_qkv_attention,0.0,,,1,0.0,0.56103515625,0,0.43896484375,1
TCGA-B6-A0WZ,tcga_mc3_wes,hrd_binary_33,MuAt-compatible reimplementation,muat_compatible_qkv_attention,0.0,,,3,0.0,0.99658203125,0,0.0032405853271484375,1
TCGA-B6-A0X0,tcga_mc3_wes,hrd_binary_33,MuAt-compatible reimplementation,muat_compatible_qkv_attention,0.0,,,1,0.0,0.8564453125,0,0.1435546875,1
TCGA-B6-A0X1,tcga_mc3_wes,hrd_binary_33,MuAt-compatible reimplementation,muat_compatible_qkv_attention,1.0,,,5,1.0,0.015472412109375,0,0.984375,1
TCGA-B6-A0X4,tcga_mc3_wes,hrd_binary_33,MuAt-compatible reimplementation,muat_compatible_qkv_attention,0.0,,,5,0.0,0.99853515625,0,0.0014295578002929688,1
TCGA-B6-A0X5,tcga_mc3_wes,hrd_binary_33,MuAt-compatible reimplementation,muat_compatible_qkv_attention,0.0,,,1,0.0,0.96142578125,0,0.038726806640625,1
TCGA-B6-A1KC,tcga_mc3_wes,hrd_binary_33,MuAt-compatible reimplementation,muat_compatible_qkv_attention,0.0,,,5,0.0,0.97705078125,0,0.023040771484375,1
TCGA-B6-A1KF,tcga_mc3_wes,hrd_binary_33,MuAt-compatible reimplementation,muat_compatible_qkv_attention,0.0,,,2,0.0,0.66552734375,0,0.334716796875,1
TCGA-B6-A1KN,tcga_mc3_wes,hrd_binary_33,MuAt-compatible reimplementation,muat_compatible_qkv_attention,1.0,,,1,0.0,0.84033203125,0,0.159912109375,1
TCGA-B6-A2IU,tcga_mc3_wes,hrd_binary_33,MuAt-compatible reimplementation,muat_compatible_qkv_attention,0.0,,,4,0.0,0.60791015625,0,0.39208984375,1
TCGA-B6-A401,tcga_mc3_wes,hrd_binary_33,MuAt-compatible reimplementation,muat_compatible_qkv_attention,0.0,,,5,0.0,1.0,0,4.172325134277344e-06,1
TCGA-B6-A409,tcga_mc3_wes,hrd_binary_33,MuAt-compatible reimplementation,muat_compatible_qkv_attention,1.0,,,2,0.0,0.8232421875,0,0.1766357421875,1
TCGA-B6-A40C,tcga_mc3_wes,hrd_binary_33,MuAt-compatible reimplementation,muat_compatible_qkv_attention,0.0,,,4,0.0,0.583984375,0,0.416015625,1
TCGA-BH-A0AU,tcga_mc3_wes,hrd_binary_33,MuAt-compatible reimplementation,muat_compatible_qkv_attention,0.0,,,2,0.0,0.9306640625,0,0.06951904296875,1
TCGA-BH-A0AV,tcga_mc3_wes,hrd_binary_33,MuAt-compatible reimplementation,muat_compatible_qkv_attention,1.0,,,1,1.0,0.10357666015625,0,0.896484375,1
TCGA-BH-A0AW,tcga_mc3_wes,hrd_binary_33,MuAt-compatible reimplementation,muat_compatible_qkv_attention,1.0,,,1,0.0,0.71630859375,0,0.28369140625,1
TCGA-BH-A0AY,tcga_mc3_wes,hrd_binary_33,MuAt-compatible reimplementation,muat_compatible_qkv_attention,0.0,,,5,1.0,0.255859375,0,0.744140625,1
TCGA-BH-A0AZ,tcga_mc3_wes,hrd_binary_33,MuAt-compatible reimplementation,muat_compatible_qkv_attention,1.0,,,4,1.0,0.47314453125,0,0.52685546875,1
TCGA-BH-A0B3,tcga_mc3_wes,hrd_binary_33,MuAt-compatible reimplementation,muat_compatible_qkv_attention,1.0,,,2,1.0,0.337890625,0,0.662109375,1
TCGA-BH-A0B5,tcga_mc3_wes,hrd_binary_33,MuAt-compatible reimplementation,muat_compatible_qkv_attention,0.0,,,1,0.0,0.8681640625,0,0.131591796875,1
TCGA-BH-A0B7,tcga_mc3_wes,hrd_binary_33,MuAt-compatible reimplementation,muat_compatible_qkv_attention,0.0,,,4,0.0,0.5166015625,0,0.483154296875,1
TCGA-BH-A0B9,tcga_mc3_wes,hrd_binary_33,MuAt-compatible reimplementation,muat_compatible_qkv_attention,1.0,,,4,1.0,0.498291015625,0,0.50146484375,1
TCGA-BH-A0BA,tcga_mc3_wes,hrd_binary_33,MuAt-compatible reimplementation,muat_compatible_qkv_attention,0.0,,,4,1.0,0.497314453125,0,0.5029296875,1
TCGA-BH-A0BC,tcga_mc3_wes,hrd_binary_33,MuAt-compatible reimplementation,muat_compatible_qkv_attention,0.0,,,3,0.0,0.9970703125,0,0.0027637481689453125,1
TCGA-BH-A0BF,tcga_mc3_wes,hrd_binary_33,MuAt-compatible reimplementation,muat_compatible_qkv_attention,0.0,,,2,0.0,0.9287109375,0,0.07147216796875,1
TCGA-BH-A0BJ,tcga_mc3_wes,hrd_binary_33,MuAt-compatible reimplementation,muat_compatible_qkv_attention,0.0,,,3,0.0,0.99951171875,0,0.0005054473876953125,1
TCGA-BH-A0BL,tcga_mc3_wes,hrd_binary_33,MuAt-compatible reimplementation,muat_compatible_qkv_attention,1.0,,,2,1.0,0.1173095703125,0,0.8828125,1
TCGA-BH-A0BM,tcga_mc3_wes,hrd_binary_33,MuAt-compatible reimplementation,muat_compatible_qkv_attention,0.0,,,1,0.0,0.78076171875,0,0.218994140625,1
TCGA-BH-A0BO,tcga_mc3_wes,hrd_binary_33,MuAt-compatible reimplementation,muat_compatible_qkv_attention,0.0,,,5,0.0,0.99560546875,0,0.004634857177734375,1
TCGA-BH-A0BP,tcga_mc3_wes,hrd_binary_33,MuAt-compatible reimplementation,muat_compatible_qkv_attention,1.0,,,4,1.0,0.478515625,0,0.521484375,1
TCGA-BH-A0BR,tcga_mc3_wes,hrd_binary_33,MuAt-compatible reimplementation,muat_compatible_qkv_attention,1.0,,,3,0.0,0.9990234375,0,0.0011138916015625,1
TCGA-BH-A0BT,tcga_mc3_wes,hrd_binary_33,MuAt-compatible reimplementation,muat_compatible_qkv_attention,0.0,,,5,0.0,0.99951171875,0,0.00039124488830566406,1
TCGA-BH-A0BZ,tcga_mc3_wes,hrd_binary_33,MuAt-compatible reimplementation,muat_compatible_qkv_attention,0.0,,,4,1.0,0.4091796875,0,0.5908203125,1
TCGA-BH-A0C1,tcga_mc3_wes,hrd_binary_33,MuAt-compatible reimplementation,muat_compatible_qkv_attention,0.0,,,5,0.0,0.994140625,0,0.005832672119140625,1
TCGA-BH-A0C3,tcga_mc3_wes,hrd_binary_33,MuAt-compatible reimplementation,muat_compatible_qkv_attention,0.0,,,5,0.0,0.90283203125,0,0.09698486328125,1
TCGA-BH-A0C7,tcga_mc3_wes,hrd_binary_33,MuAt-compatible reimplementation,muat_compatible_qkv_attention,1.0,,,4,0.0,0.54150390625,0,0.458740234375,1
TCGA-BH-A0DE,tcga_mc3_wes,hrd_binary_33,MuAt-compatible reimplementation,muat_compatible_qkv_attention,0.0,,,2,0.0,0.9697265625,0,0.0303955078125,1
TCGA-BH-A0DG,tcga_mc3_wes,hrd_binary_33,MuAt-compatible reimplementation,muat_compatible_qkv_attention,0.0,,,3,0.0,0.9990234375,0,0.0010986328125,1
TCGA-BH-A0DH,tcga_mc3_wes,hrd_binary_33,MuAt-compatible reimplementation,muat_compatible_qkv_attention,0.0,,,3,0.0,0.8408203125,0,0.1591796875,1
TCGA-BH-A0DI,tcga_mc3_wes,hrd_binary_33,MuAt-compatible reimplementation,muat_compatible_qkv_attention,0.0,,,2,0.0,0.5390625,0,0.460693359375,1
TCGA-BH-A0DK,tcga_mc3_wes,hrd_binary_33,MuAt-compatible reimplementation,muat_compatible_qkv_attention,0.0,,,5,1.0,0.00501251220703125,0,0.9951171875,1
TCGA-BH-A0DL,tcga_mc3_wes,hrd_binary_33,MuAt-compatible reimplementation,muat_compatible_qkv_attention,0.0,,,3,0.0,0.8662109375,0,0.1336669921875,1
TCGA-BH-A0DO,tcga_mc3_wes,hrd_binary_33,MuAt-compatible reimplementation,muat_compatible_qkv_attention,0.0,,,1,1.0,0.15185546875,0,0.84814453125,1
TCGA-BH-A0DQ,tcga_mc3_wes,hrd_binary_33,MuAt-compatible reimplementation,muat_compatible_qkv_attention,0.0,,,2,0.0,0.9384765625,0,0.061309814453125,1
TCGA-BH-A0DS,tcga_mc3_wes,hrd_binary_33,MuAt-compatible reimplementation,muat_compatible_qkv_attention,0.0,,,1,0.0,0.98779296875,0,0.01222991943359375,1
TCGA-BH-A0DT,tcga_mc3_wes,hrd_binary_33,MuAt-compatible reimplementation,muat_compatible_qkv_attention,0.0,,,1,0.0,0.99609375,0,0.003925323486328125,1
TCGA-BH-A0DV,tcga_mc3_wes,hrd_binary_33,MuAt-compatible reimplementation,muat_compatible_qkv_attention,0.0,,,1,0.0,0.95751953125,0,0.042510986328125,1
TCGA-BH-A0DX,tcga_mc3_wes,hrd_binary_33,MuAt-compatible reimplementation,muat_compatible_qkv_attention,0.0,,,3,0.0,0.99951171875,0,0.0002732276916503906,1
TCGA-BH-A0DZ,tcga_mc3_wes,hrd_binary_33,MuAt-compatible reimplementation,muat_compatible_qkv_attention,0.0,,,5,1.0,0.012359619140625,0,0.98779296875,1
TCGA-BH-A0E0,tcga_mc3_wes,hrd_binary_33,MuAt-compatible reimplementation,muat_compatible_qkv_attention,0.0,,,3,0.0,0.9990234375,0,0.0008950233459472656,1
TCGA-BH-A0E1,tcga_mc3_wes,hrd_binary_33,MuAt-compatible reimplementation,muat_compatible_qkv_attention,0.0,,,5,0.0,0.9990234375,0,0.0012111663818359375,1
TCGA-BH-A0E2,tcga_mc3_wes,hrd_binary_33,MuAt-compatible reimplementation,muat_compatible_qkv_attention,0.0,,,5,0.0,0.9169921875,0,0.08306884765625,1
TCGA-BH-A0E7,tcga_mc3_wes,hrd_binary_33,MuAt-compatible reimplementation,muat_compatible_qkv_attention,0.0,,,2,0.0,0.982421875,0,0.0177154541015625,1
TCGA-BH-A0E9,tcga_mc3_wes,hrd_binary_33,MuAt-compatible reimplementation,muat_compatible_qkv_attention,0.0,,,5,0.0,0.99951171875,0,0.0004992485046386719,1
TCGA-BH-A0EA,tcga_mc3_wes,hrd_binary_33,MuAt-compatible reimplementation,muat_compatible_qkv_attention,0.0,,,5,0.0,1.0,0,0.00011819601058959961,1
TCGA-BH-A0EB,tcga_mc3_wes,hrd_binary_33,MuAt-compatible reimplementation,muat_compatible_qkv_attention,0.0,,,3,0.0,1.0,0,0.0001538991928100586,1
TCGA-BH-A0EE,tcga_mc3_wes,hrd_binary_33,MuAt-compatible reimplementation,muat_compatible_qkv_attention,0.0,,,5,0.0,0.97412109375,0,0.0257568359375,1
TCGA-BH-A0GY,tcga_mc3_wes,hrd_binary_33,MuAt-compatible reimplementation,muat_compatible_qkv_attention,0.0,,,3,0.0,0.59375,0,0.406494140625,1
TCGA-BH-A0H0,tcga_mc3_wes,hrd_binary_33,MuAt-compatible reimplementation,muat_compatible_qkv_attention,0.0,,,5,0.0,0.9990234375,0,0.0008358955383300781,1
TCGA-BH-A0H6,tcga_mc3_wes,hrd_binary_33,MuAt-compatible reimplementation,muat_compatible_qkv_attention,0.0,,,4,0.0,0.55078125,0,0.44921875,1
TCGA-BH-A0H7,tcga_mc3_wes,hrd_binary_33,MuAt-compatible reimplementation,muat_compatible_qkv_attention,1.0,,,5,0.0,0.9375,0,0.0626220703125,1
TCGA-BH-A0HA,tcga_mc3_wes,hrd_binary_33,MuAt-compatible reimplementation,muat_compatible_qkv_attention,0.0,,,2,0.0,0.8046875,0,0.195068359375,1
TCGA-BH-A0HB,tcga_mc3_wes,hrd_binary_33,MuAt-compatible reimplementation,muat_compatible_qkv_attention,0.0,,,5,1.0,0.35791015625,0,0.64208984375,1
TCGA-BH-A0HI,tcga_mc3_wes,hrd_binary_33,MuAt-compatible reimplementation,muat_compatible_qkv_attention,0.0,,,1,0.0,0.91552734375,0,0.08428955078125,1
TCGA-BH-A0HK,tcga_mc3_wes,hrd_binary_33,MuAt-compatible reimplementation,muat_compatible_qkv_attention,0.0,,,4,0.0,0.53076171875,0,0.468994140625,1
TCGA-BH-A0HO,tcga_mc3_wes,hrd_binary_33,MuAt-compatible reimplementation,muat_compatible_qkv_attention,0.0,,,2,0.0,0.966796875,0,0.0330810546875,1
TCGA-BH-A0HP,tcga_mc3_wes,hrd_binary_33,MuAt-compatible reimplementation,muat_compatible_qkv_attention,0.0,,,4,1.0,0.473388671875,0,0.5263671875,1
TCGA-BH-A0HQ,tcga_mc3_wes,hrd_binary_33,MuAt-compatible reimplementation,muat_compatible_qkv_attention,0.0,,,1,0.0,0.892578125,0,0.10723876953125,1
TCGA-BH-A0HU,tcga_mc3_wes,hrd_binary_33,MuAt-compatible reimplementation,muat_compatible_qkv_attention,1.0,,,4,0.0,0.5263671875,0,0.4736328125,1
TCGA-BH-A0HW,tcga_mc3_wes,hrd_binary_33,MuAt-compatible reimplementation,muat_compatible_qkv_attention,0.0,,,1,0.0,0.8974609375,0,0.1024169921875,1
TCGA-BH-A0HX,tcga_mc3_wes,hrd_binary_33,MuAt-compatible reimplementation,muat_compatible_qkv_attention,1.0,,,5,0.0,0.67431640625,0,0.325439453125,1
TCGA-BH-A0HY,tcga_mc3_wes,hrd_binary_33,MuAt-compatible reimplementation,muat_compatible_qkv_attention,1.0,,,5,0.0,0.80517578125,0,0.1949462890625,1
TCGA-BH-A0W3,tcga_mc3_wes,hrd_binary_33,MuAt-compatible reimplementation,muat_compatible_qkv_attention,0.0,,,5,0.0,0.99755859375,0,0.00226593017578125,1
TCGA-BH-A0W4,tcga_mc3_wes,hrd_binary_33,MuAt-compatible reimplementation,muat_compatible_qkv_attention,0.0,,,4,0.0,0.56494140625,0,0.434814453125,1
TCGA-BH-A0WA,tcga_mc3_wes,hrd_binary_33,MuAt-compatible reimplementation,muat_compatible_qkv_attention,1.0,,,2,1.0,0.336669921875,0,0.6630859375,1
TCGA-BH-A18F,tcga_mc3_wes,hrd_binary_33,MuAt-compatible reimplementation,muat_compatible_qkv_attention,0.0,,,5,0.0,0.99951171875,0,0.00034332275390625,1
TCGA-BH-A18G,tcga_mc3_wes,hrd_binary_33,MuAt-compatible reimplementation,muat_compatible_qkv_attention,0.0,,,2,1.0,0.1461181640625,0,0.85400390625,1
TCGA-BH-A18H,tcga_mc3_wes,hrd_binary_33,MuAt-compatible reimplementation,muat_compatible_qkv_attention,0.0,,,1,1.0,0.2137451171875,0,0.7861328125,1
TCGA-BH-A18I,tcga_mc3_wes,hrd_binary_33,MuAt-compatible reimplementation,muat_compatible_qkv_attention,0.0,,,4,0.0,0.59619140625,0,0.403564453125,1
TCGA-BH-A18J,tcga_mc3_wes,hrd_binary_33,MuAt-compatible reimplementation,muat_compatible_qkv_attention,0.0,,,2,0.0,0.90185546875,0,0.0980224609375,1
TCGA-BH-A18K,tcga_mc3_wes,hrd_binary_33,MuAt-compatible reimplementation,muat_compatible_qkv_attention,0.0,,,3,0.0,0.99072265625,0,0.0091400146484375,1
TCGA-BH-A18L,tcga_mc3_wes,hrd_binary_33,MuAt-compatible reimplementation,muat_compatible_qkv_attention,0.0,,,5,0.0,0.9755859375,0,0.02423095703125,1
TCGA-BH-A18M,tcga_mc3_wes,hrd_binary_33,MuAt-compatible reimplementation,muat_compatible_qkv_attention,0.0,,,4,0.0,0.61865234375,0,0.381591796875,1
TCGA-BH-A18N,tcga_mc3_wes,hrd_binary_33,MuAt-compatible reimplementation,muat_compatible_qkv_attention,0.0,,,5,0.0,0.9990234375,0,0.0008678436279296875,1
TCGA-BH-A18P,tcga_mc3_wes,hrd_binary_33,MuAt-compatible reimplementation,muat_compatible_qkv_attention,0.0,,,4,1.0,0.496337890625,0,0.50341796875,1
TCGA-BH-A18Q,tcga_mc3_wes,hrd_binary_33,MuAt-compatible reimplementation,muat_compatible_qkv_attention,1.0,,,2,1.0,0.173583984375,0,0.826171875,1
TCGA-BH-A18R,tcga_mc3_wes,hrd_binary_33,MuAt-compatible reimplementation,muat_compatible_qkv_attention,0.0,,,4,0.0,0.501953125,0,0.498046875,1
TCGA-BH-A18S,tcga_mc3_wes,hrd_binary_33,MuAt-compatible reimplementation,muat_compatible_qkv_attention,0.0,,,1,1.0,0.085693359375,0,0.91455078125,1
TCGA-BH-A18T,tcga_mc3_wes,hrd_binary_33,MuAt-compatible reimplementation,muat_compatible_qkv_attention,1.0,,,3,1.0,0.03814697265625,0,0.9619140625,1
TCGA-BH-A18U,tcga_mc3_wes,hrd_binary_33,MuAt-compatible reimplementation,muat_compatible_qkv_attention,1.0,,,4,0.0,0.5146484375,0,0.4853515625,1
TCGA-BH-A1EO,tcga_mc3_wes,hrd_binary_33,MuAt-compatible reimplementation,muat_compatible_qkv_attention,0.0,,,4,0.0,0.61328125,0,0.386474609375,1
TCGA-BH-A1ET,tcga_mc3_wes,hrd_binary_33,MuAt-compatible reimplementation,muat_compatible_qkv_attention,0.0,,,4,0.0,0.52392578125,0,0.47607421875,1
TCGA-BH-A1EU,tcga_mc3_wes,hrd_binary_33,MuAt-compatible reimplementation,muat_compatible_qkv_attention,0.0,,,5,0.0,0.99951171875,0,0.0006313323974609375,1
TCGA-BH-A1EV,tcga_mc3_wes,hrd_binary_33,MuAt-compatible reimplementation,muat_compatible_qkv_attention,0.0,,,2,1.0,0.45166015625,0,0.54833984375,1
TCGA-BH-A1EW,tcga_mc3_wes,hrd_binary_33,MuAt-compatible reimplementation,muat_compatible_qkv_attention,0.0,,,5,0.0,0.99072265625,0,0.00904083251953125,1
TCGA-BH-A1EX,tcga_mc3_wes,hrd_binary_33,MuAt-compatible reimplementation,muat_compatible_qkv_attention,0.0,,,4,0.0,0.58544921875,0,0.41455078125,1
TCGA-BH-A1EY,tcga_mc3_wes,hrd_binary_33,MuAt-compatible reimplementation,muat_compatible_qkv_attention,1.0,,,3,1.0,0.3388671875,0,0.6611328125,1
TCGA-BH-A1F0,tcga_mc3_wes,hrd_binary_33,MuAt-compatible reimplementation,muat_compatible_qkv_attention,1.0,,,4,1.0,0.447265625,0,0.552734375,1
TCGA-BH-A1F2,tcga_mc3_wes,hrd_binary_33,MuAt-compatible reimplementation,muat_compatible_qkv_attention,1.0,,,5,0.0,0.9921875,0,0.00800323486328125,1
TCGA-BH-A1FC,tcga_mc3_wes,hrd_binary_33,MuAt-compatible reimplementation,muat_compatible_qkv_attention,1.0,,,2,1.0,0.1715087890625,0,0.82861328125,1
TCGA-BH-A1FE,tcga_mc3_wes,hrd_binary_33,MuAt-compatible reimplementation,muat_compatible_qkv_attention,0.0,,,4,0.0,0.57421875,0,0.42578125,1
TCGA-BH-A1FG,tcga_mc3_wes,hrd_binary_33,MuAt-compatible reimplementation,muat_compatible_qkv_attention,0.0,,,2,0.0,0.896484375,0,0.10345458984375,1
TCGA-BH-A1FJ,tcga_mc3_wes,hrd_binary_33,MuAt-compatible reimplementation,muat_compatible_qkv_attention,0.0,,,3,0.0,0.99951171875,0,0.00036835670471191406,1
TCGA-BH-A1FL,tcga_mc3_wes,hrd_binary_33,MuAt-compatible reimplementation,muat_compatible_qkv_attention,0.0,,,5,0.0,0.99853515625,0,0.0013666152954101562,1
TCGA-BH-A1FM,tcga_mc3_wes,hrd_binary_33,MuAt-compatible reimplementation,muat_compatible_qkv_attention,1.0,,,2,0.0,0.6630859375,0,0.337158203125,1
TCGA-BH-A1FN,tcga_mc3_wes,hrd_binary_33,MuAt-compatible reimplementation,muat_compatible_qkv_attention,1.0,,,2,1.0,0.46728515625,0,0.53271484375,1
TCGA-BH-A1FU,tcga_mc3_wes,hrd_binary_33,MuAt-compatible reimplementation,muat_compatible_qkv_attention,0.0,,,2,1.0,0.322998046875,0,0.6767578125,1
TCGA-BH-A201,tcga_mc3_wes,hrd_binary_33,MuAt-compatible reimplementation,muat_compatible_qkv_attention,0.0,,,2,1.0,0.392822265625,0,0.607421875,1
TCGA-BH-A202,tcga_mc3_wes,hrd_binary_33,MuAt-compatible reimplementation,muat_compatible_qkv_attention,0.0,,,1,0.0,0.9345703125,0,0.0655517578125,1
TCGA-BH-A203,tcga_mc3_wes,hrd_binary_33,MuAt-compatible reimplementation,muat_compatible_qkv_attention,1.0,,,4,0.0,0.55224609375,0,0.447509765625,1
TCGA-BH-A204,tcga_mc3_wes,hrd_binary_33,MuAt-compatible reimplementation,muat_compatible_qkv_attention,0.0,,,1,0.0,0.96044921875,0,0.0396728515625,1
TCGA-BH-A208,tcga_mc3_wes,hrd_binary_33,MuAt-compatible reimplementation,muat_compatible_qkv_attention,0.0,,,2,1.0,0.373779296875,0,0.62646484375,1
TCGA-BH-A209,tcga_mc3_wes,hrd_binary_33,MuAt-compatible reimplementation,muat_compatible_qkv_attention,0.0,,,3,0.0,0.74853515625,0,0.251708984375,1
TCGA-BH-A28Q,tcga_mc3_wes,hrd_binary_33,MuAt-compatible reimplementation,muat_compatible_qkv_attention,0.0,,,1,0.0,0.9921875,0,0.00782012939453125,1
TCGA-BH-A2L8,tcga_mc3_wes,hrd_binary_33,MuAt-compatible reimplementation,muat_compatible_qkv_attention,0.0,,,3,0.0,1.0,0,0.00022780895233154297,1
TCGA-BH-A42V,tcga_mc3_wes,hrd_binary_33,MuAt-compatible reimplementation,muat_compatible_qkv_attention,0.0,,,5,0.0,1.0,0,0.00017952919006347656,1
TCGA-BH-A5IZ,tcga_mc3_wes,hrd_binary_33,MuAt-compatible reimplementation,muat_compatible_qkv_attention,1.0,,,5,1.0,0.01453399658203125,0,0.9853515625,1
TCGA-BH-A6R8,tcga_mc3_wes,hrd_binary_33,MuAt-compatible reimplementation,muat_compatible_qkv_attention,0.0,,,3,0.0,0.9990234375,0,0.0008573532104492188,1
TCGA-BH-A6R9,tcga_mc3_wes,hrd_binary_33,MuAt-compatible reimplementation,muat_compatible_qkv_attention,0.0,,,3,0.0,0.98193359375,0,0.018280029296875,1
TCGA-BH-A8FY,tcga_mc3_wes,hrd_binary_33,MuAt-compatible reimplementation,muat_compatible_qkv_attention,0.0,,,4,1.0,0.462890625,0,0.537109375,1
TCGA-BH-A8FZ,tcga_mc3_wes,hrd_binary_33,MuAt-compatible reimplementation,muat_compatible_qkv_attention,1.0,,,2,1.0,0.295166015625,0,0.705078125,1
TCGA-BH-A8G0,tcga_mc3_wes,hrd_binary_33,MuAt-compatible reimplementation,muat_compatible_qkv_attention,0.0,,,4,0.0,0.6328125,0,0.3671875,1
TCGA-BH-AB28,tcga_mc3_wes,hrd_binary_33,MuAt-compatible reimplementation,muat_compatible_qkv_attention,0.0,,,4,0.0,0.54638671875,0,0.453857421875,1
TCGA-C8-A12L,tcga_mc3_wes,hrd_binary_33,MuAt-compatible reimplementation,muat_compatible_qkv_attention,1.0,,,4,1.0,0.491943359375,0,0.50830078125,1
TCGA-C8-A12M,tcga_mc3_wes,hrd_binary_33,MuAt-compatible reimplementation,muat_compatible_qkv_attention,0.0,,,2,0.0,0.60107421875,0,0.39892578125,1
TCGA-C8-A12N,tcga_mc3_wes,hrd_binary_33,MuAt-compatible reimplementation,muat_compatible_qkv_attention,0.0,,,3,0.0,1.0,0,8.922815322875977e-05,1
TCGA-C8-A12O,tcga_mc3_wes,hrd_binary_33,MuAt-compatible reimplementation,muat_compatible_qkv_attention,0.0,,,3,0.0,0.98876953125,0,0.010986328125,1
TCGA-C8-A12P,tcga_mc3_wes,hrd_binary_33,MuAt-compatible reimplementation,muat_compatible_qkv_attention,1.0,,,3,1.0,0.346923828125,0,0.6533203125,1
TCGA-C8-A12Q,tcga_mc3_wes,hrd_binary_33,MuAt-compatible reimplementation,muat_compatible_qkv_attention,1.0,,,3,0.0,0.99951171875,0,0.000400543212890625,1
TCGA-C8-A12U,tcga_mc3_wes,hrd_binary_33,MuAt-compatible reimplementation,muat_compatible_qkv_attention,1.0,,,4,0.0,0.54296875,0,0.45703125,1
TCGA-C8-A12W,tcga_mc3_wes,hrd_binary_33,MuAt-compatible reimplementation,muat_compatible_qkv_attention,0.0,,,3,1.0,0.0021076202392578125,0,0.998046875,1
TCGA-C8-A12Y,tcga_mc3_wes,hrd_binary_33,MuAt-compatible reimplementation,muat_compatible_qkv_attention,0.0,,,3,0.0,0.99853515625,0,0.0012302398681640625,1
TCGA-C8-A12Z,tcga_mc3_wes,hrd_binary_33,MuAt-compatible reimplementation,muat_compatible_qkv_attention,0.0,,,5,0.0,0.9833984375,0,0.016693115234375,1
TCGA-C8-A130,tcga_mc3_wes,hrd_binary_33,MuAt-compatible reimplementation,muat_compatible_qkv_attention,1.0,,,4,0.0,0.5947265625,0,0.4052734375,1
TCGA-C8-A131,tcga_mc3_wes,hrd_binary_33,MuAt-compatible reimplementation,muat_compatible_qkv_attention,0.0,,,3,1.0,0.294189453125,0,0.70556640625,1
TCGA-C8-A132,tcga_mc3_wes,hrd_binary_33,MuAt-compatible reimplementation,muat_compatible_qkv_attention,1.0,,,2,1.0,0.054962158203125,0,0.94482421875,1
TCGA-C8-A133,tcga_mc3_wes,hrd_binary_33,MuAt-compatible reimplementation,muat_compatible_qkv_attention,0.0,,,3,0.0,0.64697265625,0,0.35302734375,1
TCGA-C8-A135,tcga_mc3_wes,hrd_binary_33,MuAt-compatible reimplementation,muat_compatible_qkv_attention,0.0,,,2,1.0,0.48974609375,0,0.51025390625,1
TCGA-C8-A137,tcga_mc3_wes,hrd_binary_33,MuAt-compatible reimplementation,muat_compatible_qkv_attention,1.0,,,1,0.0,0.6103515625,0,0.3896484375,1
TCGA-C8-A138,tcga_mc3_wes,hrd_binary_33,MuAt-compatible reimplementation,muat_compatible_qkv_attention,1.0,,,5,0.0,0.95654296875,0,0.0435791015625,1
TCGA-C8-A1HE,tcga_mc3_wes,hrd_binary_33,MuAt-compatible reimplementation,muat_compatible_qkv_attention,0.0,,,2,0.0,0.6787109375,0,0.321533203125,1
TCGA-C8-A1HF,tcga_mc3_wes,hrd_binary_33,MuAt-compatible reimplementation,muat_compatible_qkv_attention,0.0,,,1,0.0,0.80517578125,0,0.194580078125,1
TCGA-C8-A1HG,tcga_mc3_wes,hrd_binary_33,MuAt-compatible reimplementation,muat_compatible_qkv_attention,1.0,,,2,0.0,0.9560546875,0,0.043731689453125,1
TCGA-C8-A1HJ,tcga_mc3_wes,hrd_binary_33,MuAt-compatible reimplementation,muat_compatible_qkv_attention,1.0,,,5,1.0,0.004180908203125,0,0.99560546875,1
TCGA-C8-A1HK,tcga_mc3_wes,hrd_binary_33,MuAt-compatible reimplementation,muat_compatible_qkv_attention,0.0,,,3,1.0,0.0845947265625,0,0.91552734375,1
TCGA-C8-A1HL,tcga_mc3_wes,hrd_binary_33,MuAt-compatible reimplementation,muat_compatible_qkv_attention,0.0,,,2,0.0,0.53857421875,0,0.46142578125,1
TCGA-C8-A1HM,tcga_mc3_wes,hrd_binary_33,MuAt-compatible reimplementation,muat_compatible_qkv_attention,1.0,,,2,1.0,0.4296875,0,0.5703125,1
TCGA-C8-A26V,tcga_mc3_wes,hrd_binary_33,MuAt-compatible reimplementation,muat_compatible_qkv_attention,0.0,,,3,0.0,0.99853515625,0,0.001674652099609375,1
TCGA-C8-A26W,tcga_mc3_wes,hrd_binary_33,MuAt-compatible reimplementation,muat_compatible_qkv_attention,0.0,,,3,0.0,0.9990234375,0,0.0009455680847167969,1
TCGA-C8-A26X,tcga_mc3_wes,hrd_binary_33,MuAt-compatible reimplementation,muat_compatible_qkv_attention,0.0,,,5,0.0,0.52197265625,0,0.47802734375,1
TCGA-C8-A26Y,tcga_mc3_wes,hrd_binary_33,MuAt-compatible reimplementation,muat_compatible_qkv_attention,1.0,,,3,1.0,0.0131988525390625,0,0.98681640625,1
TCGA-C8-A26Z,tcga_mc3_wes,hrd_binary_33,MuAt-compatible reimplementation,muat_compatible_qkv_attention,0.0,,,2,1.0,0.12335205078125,0,0.87646484375,1
TCGA-C8-A273,tcga_mc3_wes,hrd_binary_33,MuAt-compatible reimplementation,muat_compatible_qkv_attention,0.0,,,2,0.0,0.833984375,0,0.166015625,1
TCGA-C8-A275,tcga_mc3_wes,hrd_binary_33,MuAt-compatible reimplementation,muat_compatible_qkv_attention,0.0,,,3,0.0,0.99267578125,0,0.007205963134765625,1
TCGA-C8-A278,tcga_mc3_wes,hrd_binary_33,MuAt-compatible reimplementation,muat_compatible_qkv_attention,0.0,,,4,0.0,0.54052734375,0,0.459228515625,1
TCGA-C8-A27A,tcga_mc3_wes,hrd_binary_33,MuAt-compatible reimplementation,muat_compatible_qkv_attention,1.0,,,2,0.0,0.97314453125,0,0.0270843505859375,1
TCGA-C8-A27B,tcga_mc3_wes,hrd_binary_33,MuAt-compatible reimplementation,muat_compatible_qkv_attention,1.0,,,1,1.0,0.0181427001953125,0,0.98193359375,1
TCGA-C8-A8HP,tcga_mc3_wes,hrd_binary_33,MuAt-compatible reimplementation,muat_compatible_qkv_attention,0.0,,,4,1.0,0.49267578125,0,0.50732421875,1
TCGA-C8-A8HQ,tcga_mc3_wes,hrd_binary_33,MuAt-compatible reimplementation,muat_compatible_qkv_attention,0.0,,,3,0.0,0.998046875,0,0.0020313262939453125,1
TCGA-C8-A8HR,tcga_mc3_wes,hrd_binary_33,MuAt-compatible reimplementation,muat_compatible_qkv_attention,1.0,,,1,1.0,0.29443359375,0,0.70556640625,1
TCGA-D8-A13Y,tcga_mc3_wes,hrd_binary_33,MuAt-compatible reimplementation,muat_compatible_qkv_attention,1.0,,,2,1.0,0.465576171875,0,0.5341796875,1
TCGA-D8-A13Z,tcga_mc3_wes,hrd_binary_33,MuAt-compatible reimplementation,muat_compatible_qkv_attention,1.0,,,5,1.0,0.0215301513671875,0,0.978515625,1
TCGA-D8-A140,tcga_mc3_wes,hrd_binary_33,MuAt-compatible reimplementation,muat_compatible_qkv_attention,0.0,,,5,0.0,0.94384765625,0,0.05609130859375,1
TCGA-D8-A141,tcga_mc3_wes,hrd_binary_33,MuAt-compatible reimplementation,muat_compatible_qkv_attention,0.0,,,2,0.0,0.64697265625,0,0.35302734375,1
TCGA-D8-A143,tcga_mc3_wes,hrd_binary_33,MuAt-compatible reimplementation,muat_compatible_qkv_attention,1.0,,,3,1.0,0.0784912109375,0,0.92138671875,1
TCGA-D8-A145,tcga_mc3_wes,hrd_binary_33,MuAt-compatible reimplementation,muat_compatible_qkv_attention,0.0,,,1,0.0,0.72216796875,0,0.278076171875,1
TCGA-D8-A147,tcga_mc3_wes,hrd_binary_33,MuAt-compatible reimplementation,muat_compatible_qkv_attention,1.0,,,2,1.0,0.0242919921875,0,0.9755859375,1
TCGA-D8-A1J8,tcga_mc3_wes,hrd_binary_33,MuAt-compatible reimplementation,muat_compatible_qkv_attention,0.0,,,4,1.0,0.43701171875,0,0.56298828125,1
TCGA-D8-A1J9,tcga_mc3_wes,hrd_binary_33,MuAt-compatible reimplementation,muat_compatible_qkv_attention,0.0,,,3,0.0,0.98681640625,0,0.01322174072265625,1
TCGA-D8-A1JA,tcga_mc3_wes,hrd_binary_33,MuAt-compatible reimplementation,muat_compatible_qkv_attention,0.0,,,4,1.0,0.38623046875,0,0.61376953125,1
TCGA-D8-A1JB,tcga_mc3_wes,hrd_binary_33,MuAt-compatible reimplementation,muat_compatible_qkv_attention,1.0,,,5,0.0,0.8095703125,0,0.1904296875,1
TCGA-D8-A1JC,tcga_mc3_wes,hrd_binary_33,MuAt-compatible reimplementation,muat_compatible_qkv_attention,1.0,,,4,0.0,0.50927734375,0,0.490478515625,1
TCGA-D8-A1JD,tcga_mc3_wes,hrd_binary_33,MuAt-compatible reimplementation,muat_compatible_qkv_attention,1.0,,,1,1.0,0.1060791015625,0,0.89404296875,1
TCGA-D8-A1JF,tcga_mc3_wes,hrd_binary_33,MuAt-compatible reimplementation,muat_compatible_qkv_attention,0.0,,,5,0.0,0.99951171875,0,0.0005893707275390625,1
TCGA-D8-A1JG,tcga_mc3_wes,hrd_binary_33,MuAt-compatible reimplementation,muat_compatible_qkv_attention,0.0,,,4,0.0,0.5,0,0.5,1
TCGA-D8-A1JH,tcga_mc3_wes,hrd_binary_33,MuAt-compatible reimplementation,muat_compatible_qkv_attention,0.0,,,5,0.0,0.9990234375,0,0.0009365081787109375,1
TCGA-D8-A1JI,tcga_mc3_wes,hrd_binary_33,MuAt-compatible reimplementation,muat_compatible_qkv_attention,0.0,,,5,0.0,0.7568359375,0,0.2431640625,1
TCGA-D8-A1JJ,tcga_mc3_wes,hrd_binary_33,MuAt-compatible reimplementation,muat_compatible_qkv_attention,0.0,,,1,1.0,0.45751953125,0,0.54248046875,1
TCGA-D8-A1JK,tcga_mc3_wes,hrd_binary_33,MuAt-compatible reimplementation,muat_compatible_qkv_attention,1.0,,,5,0.0,0.99169921875,0,0.0083770751953125,1
TCGA-D8-A1JL,tcga_mc3_wes,hrd_binary_33,MuAt-compatible reimplementation,muat_compatible_qkv_attention,1.0,,,4,1.0,0.4326171875,0,0.5673828125,1
TCGA-D8-A1JM,tcga_mc3_wes,hrd_binary_33,MuAt-compatible reimplementation,muat_compatible_qkv_attention,1.0,,,1,0.0,0.67138671875,0,0.328857421875,1
TCGA-D8-A1JN,tcga_mc3_wes,hrd_binary_33,MuAt-compatible reimplementation,muat_compatible_qkv_attention,0.0,,,4,0.0,0.5498046875,0,0.449951171875,1
TCGA-D8-A1JP,tcga_mc3_wes,hrd_binary_33,MuAt-compatible reimplementation,muat_compatible_qkv_attention,1.0,,,2,1.0,0.253173828125,0,0.7470703125,1
TCGA-D8-A1JS,tcga_mc3_wes,hrd_binary_33,MuAt-compatible reimplementation,muat_compatible_qkv_attention,0.0,,,5,0.0,0.99951171875,0,0.0003249645233154297,1
TCGA-D8-A1JT,tcga_mc3_wes,hrd_binary_33,MuAt-compatible reimplementation,muat_compatible_qkv_attention,0.0,,,5,0.0,0.98291015625,0,0.017181396484375,1
TCGA-D8-A1JU,tcga_mc3_wes,hrd_binary_33,MuAt-compatible reimplementation,muat_compatible_qkv_attention,0.0,,,3,0.0,0.9931640625,0,0.0070648193359375,1
TCGA-D8-A1X5,tcga_mc3_wes,hrd_binary_33,MuAt-compatible reimplementation,muat_compatible_qkv_attention,1.0,,,1,0.0,0.90478515625,0,0.09503173828125,1
TCGA-D8-A1X7,tcga_mc3_wes,hrd_binary_33,MuAt-compatible reimplementation,muat_compatible_qkv_attention,0.0,,,2,0.0,0.5830078125,0,0.4169921875,1
TCGA-D8-A1X8,tcga_mc3_wes,hrd_binary_33,MuAt-compatible reimplementation,muat_compatible_qkv_attention,0.0,,,2,0.0,0.93798828125,0,0.062255859375,1
TCGA-D8-A1X9,tcga_mc3_wes,hrd_binary_33,MuAt-compatible reimplementation,muat_compatible_qkv_attention,1.0,,,1,1.0,0.223388671875,0,0.77685546875,1
TCGA-D8-A1XA,tcga_mc3_wes,hrd_binary_33,MuAt-compatible reimplementation,muat_compatible_qkv_attention,0.0,,,1,0.0,0.99072265625,0,0.0094757080078125,1
TCGA-D8-A1XB,tcga_mc3_wes,hrd_binary_33,MuAt-compatible reimplementation,muat_compatible_qkv_attention,0.0,,,1,1.0,0.368896484375,0,0.630859375,1
TCGA-D8-A1XC,tcga_mc3_wes,hrd_binary_33,MuAt-compatible reimplementation,muat_compatible_qkv_attention,0.0,,,5,0.0,0.994140625,0,0.006038665771484375,1
TCGA-D8-A1XF,tcga_mc3_wes,hrd_binary_33,MuAt-compatible reimplementation,muat_compatible_qkv_attention,0.0,,,2,0.0,0.9052734375,0,0.09490966796875,1
TCGA-D8-A1XG,tcga_mc3_wes,hrd_binary_33,MuAt-compatible reimplementation,muat_compatible_qkv_attention,0.0,,,5,1.0,0.37255859375,0,0.62744140625,1
TCGA-D8-A1XJ,tcga_mc3_wes,hrd_binary_33,MuAt-compatible reimplementation,muat_compatible_qkv_attention,1.0,,,3,0.0,0.826171875,0,0.1737060546875,1
TCGA-D8-A1XK,tcga_mc3_wes,hrd_binary_33,MuAt-compatible reimplementation,muat_compatible_qkv_attention,1.0,,,1,1.0,0.04766845703125,0,0.9521484375,1
TCGA-D8-A1XL,tcga_mc3_wes,hrd_binary_33,MuAt-compatible reimplementation,muat_compatible_qkv_attention,1.0,,,3,1.0,0.0162200927734375,0,0.98388671875,1
TCGA-D8-A1XM,tcga_mc3_wes,hrd_binary_33,MuAt-compatible reimplementation,muat_compatible_qkv_attention,0.0,,,4,0.0,0.62158203125,0,0.37841796875,1
TCGA-D8-A1XO,tcga_mc3_wes,hrd_binary_33,MuAt-compatible reimplementation,muat_compatible_qkv_attention,0.0,,,5,0.0,0.9990234375,0,0.0010318756103515625,1
TCGA-D8-A1XQ,tcga_mc3_wes,hrd_binary_33,MuAt-compatible reimplementation,muat_compatible_qkv_attention,1.0,,,3,0.0,0.99951171875,0,0.0002663135528564453,1
TCGA-D8-A1XR,tcga_mc3_wes,hrd_binary_33,MuAt-compatible reimplementation,muat_compatible_qkv_attention,0.0,,,4,0.0,0.54931640625,0,0.450439453125,1
TCGA-D8-A1XT,tcga_mc3_wes,hrd_binary_33,MuAt-compatible reimplementation,muat_compatible_qkv_attention,1.0,,,2,0.0,0.91845703125,0,0.08148193359375,1
TCGA-D8-A1XV,tcga_mc3_wes,hrd_binary_33,MuAt-compatible reimplementation,muat_compatible_qkv_attention,0.0,,,3,0.0,0.72998046875,0,0.27001953125,1
TCGA-D8-A1XW,tcga_mc3_wes,hrd_binary_33,MuAt-compatible reimplementation,muat_compatible_qkv_attention,1.0,,,2,1.0,0.2183837890625,0,0.78173828125,1
TCGA-D8-A1XY,tcga_mc3_wes,hrd_binary_33,MuAt-compatible reimplementation,muat_compatible_qkv_attention,0.0,,,1,0.0,0.5029296875,0,0.497314453125,1
TCGA-D8-A1XZ,tcga_mc3_wes,hrd_binary_33,MuAt-compatible reimplementation,muat_compatible_qkv_attention,0.0,,,4,0.0,0.54345703125,0,0.456298828125,1
TCGA-D8-A1Y0,tcga_mc3_wes,hrd_binary_33,MuAt-compatible reimplementation,muat_compatible_qkv_attention,1.0,,,1,1.0,0.055206298828125,0,0.94482421875,1
TCGA-D8-A1Y1,tcga_mc3_wes,hrd_binary_33,MuAt-compatible reimplementation,muat_compatible_qkv_attention,0.0,,,4,0.0,0.56396484375,0,0.435791015625,1
TCGA-D8-A1Y2,tcga_mc3_wes,hrd_binary_33,MuAt-compatible reimplementation,muat_compatible_qkv_attention,0.0,,,2,0.0,0.99365234375,0,0.00640869140625,1
TCGA-D8-A1Y3,tcga_mc3_wes,hrd_binary_33,MuAt-compatible reimplementation,muat_compatible_qkv_attention,1.0,,,1,1.0,0.277587890625,0,0.72265625,1
TCGA-D8-A27E,tcga_mc3_wes,hrd_binary_33,MuAt-compatible reimplementation,muat_compatible_qkv_attention,0.0,,,4,0.0,0.52880859375,0,0.470947265625,1
TCGA-D8-A27F,tcga_mc3_wes,hrd_binary_33,MuAt-compatible reimplementation,muat_compatible_qkv_attention,1.0,,,1,1.0,0.0445556640625,0,0.95556640625,1
TCGA-D8-A27H,tcga_mc3_wes,hrd_binary_33,MuAt-compatible reimplementation,muat_compatible_qkv_attention,1.0,,,3,1.0,0.056610107421875,0,0.943359375,1
TCGA-D8-A27K,tcga_mc3_wes,hrd_binary_33,MuAt-compatible reimplementation,muat_compatible_qkv_attention,0.0,,,3,0.0,1.0,0,0.00018525123596191406,1
TCGA-D8-A27L,tcga_mc3_wes,hrd_binary_33,MuAt-compatible reimplementation,muat_compatible_qkv_attention,0.0,,,2,0.0,0.9990234375,0,0.001110076904296875,1
TCGA-D8-A27M,tcga_mc3_wes,hrd_binary_33,MuAt-compatible reimplementation,muat_compatible_qkv_attention,1.0,,,3,1.0,0.45263671875,0,0.54736328125,1
TCGA-D8-A27N,tcga_mc3_wes,hrd_binary_33,MuAt-compatible reimplementation,muat_compatible_qkv_attention,0.0,,,3,0.0,0.94921875,0,0.050994873046875,1
TCGA-D8-A27P,tcga_mc3_wes,hrd_binary_33,MuAt-compatible reimplementation,muat_compatible_qkv_attention,0.0,,,2,0.0,0.71484375,0,0.284912109375,1
TCGA-D8-A27R,tcga_mc3_wes,hrd_binary_33,MuAt-compatible reimplementation,muat_compatible_qkv_attention,1.0,,,1,1.0,0.04071044921875,0,0.95947265625,1
TCGA-D8-A27T,tcga_mc3_wes,hrd_binary_33,MuAt-compatible reimplementation,muat_compatible_qkv_attention,0.0,,,5,0.0,1.0,0,0.00016605854034423828,1
TCGA-D8-A27V,tcga_mc3_wes,hrd_binary_33,MuAt-compatible reimplementation,muat_compatible_qkv_attention,0.0,,,5,1.0,0.08892822265625,0,0.9111328125,1
TCGA-D8-A27W,tcga_mc3_wes,hrd_binary_33,MuAt-compatible reimplementation,muat_compatible_qkv_attention,0.0,,,1,0.0,0.96142578125,0,0.03851318359375,1
TCGA-D8-A3Z6,tcga_mc3_wes,hrd_binary_33,MuAt-compatible reimplementation,muat_compatible_qkv_attention,0.0,,,3,0.0,1.0,0,3.2961368560791016e-05,1
TCGA-D8-A4Z1,tcga_mc3_wes,hrd_binary_33,MuAt-compatible reimplementation,muat_compatible_qkv_attention,0.0,,,3,0.0,1.0,0,3.135204315185547e-05,1
TCGA-D8-A73U,tcga_mc3_wes,hrd_binary_33,MuAt-compatible reimplementation,muat_compatible_qkv_attention,0.0,,,2,0.0,0.9892578125,0,0.0106201171875,1
TCGA-D8-A73W,tcga_mc3_wes,hrd_binary_33,MuAt-compatible reimplementation,muat_compatible_qkv_attention,0.0,,,4,0.0,0.5283203125,0,0.4716796875,1
TCGA-D8-A73X,tcga_mc3_wes,hrd_binary_33,MuAt-compatible reimplementation,muat_compatible_qkv_attention,0.0,,,4,0.0,0.5732421875,0,0.426513671875,1
TCGA-E2-A10A,tcga_mc3_wes,hrd_binary_33,MuAt-compatible reimplementation,muat_compatible_qkv_attention,0.0,,,3,0.0,1.0,0,5.4955482482910156e-05,1
TCGA-E2-A10C,tcga_mc3_wes,hrd_binary_33,MuAt-compatible reimplementation,muat_compatible_qkv_attention,0.0,,,2,1.0,0.46923828125,0,0.53076171875,1
TCGA-E2-A14O,tcga_mc3_wes,hrd_binary_33,MuAt-compatible reimplementation,muat_compatible_qkv_attention,0.0,,,3,0.0,1.0,0,5.125999450683594e-05,1
TCGA-E2-A14Q,tcga_mc3_wes,hrd_binary_33,MuAt-compatible reimplementation,muat_compatible_qkv_attention,0.0,,,3,0.0,0.9921875,0,0.0078887939453125,1
TCGA-E2-A14R,tcga_mc3_wes,hrd_binary_33,MuAt-compatible reimplementation,muat_compatible_qkv_attention,1.0,,,1,1.0,0.13671875,0,0.86328125,1
TCGA-E2-A14T,tcga_mc3_wes,hrd_binary_33,MuAt-compatible reimplementation,muat_compatible_qkv_attention,0.0,,,4,0.0,0.53662109375,0,0.46337890625,1
TCGA-E2-A14X,tcga_mc3_wes,hrd_binary_33,MuAt-compatible reimplementation,muat_compatible_qkv_attention,0.0,,,4,0.0,0.6181640625,0,0.3818359375,1
TCGA-E2-A14Y,tcga_mc3_wes,hrd_binary_33,MuAt-compatible reimplementation,muat_compatible_qkv_attention,0.0,,,1,0.0,0.720703125,0,0.279296875,1
TCGA-E2-A14Z,tcga_mc3_wes,hrd_binary_33,MuAt-compatible reimplementation,muat_compatible_qkv_attention,1.0,,,2,0.0,0.8720703125,0,0.1278076171875,1
TCGA-E2-A150,tcga_mc3_wes,hrd_binary_33,MuAt-compatible reimplementation,muat_compatible_qkv_attention,1.0,,,5,1.0,0.262451171875,0,0.73779296875,1
TCGA-E2-A152,tcga_mc3_wes,hrd_binary_33,MuAt-compatible reimplementation,muat_compatible_qkv_attention,0.0,,,4,0.0,0.50390625,0,0.496337890625,1
TCGA-E2-A153,tcga_mc3_wes,hrd_binary_33,MuAt-compatible reimplementation,muat_compatible_qkv_attention,0.0,,,5,0.0,1.0,0,3.975629806518555e-05,1
TCGA-E2-A154,tcga_mc3_wes,hrd_binary_33,MuAt-compatible reimplementation,muat_compatible_qkv_attention,0.0,,,5,0.0,0.99951171875,0,0.00038361549377441406,1
TCGA-E2-A155,tcga_mc3_wes,hrd_binary_33,MuAt-compatible reimplementation,muat_compatible_qkv_attention,0.0,,,5,0.0,0.98583984375,0,0.014312744140625,1
TCGA-E2-A156,tcga_mc3_wes,hrd_binary_33,MuAt-compatible reimplementation,muat_compatible_qkv_attention,0.0,,,3,0.0,0.998046875,0,0.0018281936645507812,1
TCGA-E2-A158,tcga_mc3_wes,hrd_binary_33,MuAt-compatible reimplementation,muat_compatible_qkv_attention,1.0,,,4,1.0,0.467529296875,0,0.53271484375,1
TCGA-E2-A159,tcga_mc3_wes,hrd_binary_33,MuAt-compatible reimplementation,muat_compatible_qkv_attention,0.0,,,4,1.0,0.450927734375,0,0.548828125,1
TCGA-E2-A15A,tcga_mc3_wes,hrd_binary_33,MuAt-compatible reimplementation,muat_compatible_qkv_attention,1.0,,,3,0.0,0.9873046875,0,0.0126495361328125,1
TCGA-E2-A15C,tcga_mc3_wes,hrd_binary_33,MuAt-compatible reimplementation,muat_compatible_qkv_attention,0.0,,,1,0.0,0.94580078125,0,0.0540771484375,1
TCGA-E2-A15D,tcga_mc3_wes,hrd_binary_33,MuAt-compatible reimplementation,muat_compatible_qkv_attention,0.0,,,4,0.0,0.54638671875,0,0.453369140625,1
TCGA-E2-A15E,tcga_mc3_wes,hrd_binary_33,MuAt-compatible reimplementation,muat_compatible_qkv_attention,1.0,,,2,0.0,0.8916015625,0,0.1083984375,1
TCGA-E2-A15G,tcga_mc3_wes,hrd_binary_33,MuAt-compatible reimplementation,muat_compatible_qkv_attention,0.0,,,1,0.0,0.70849609375,0,0.291748046875,1
TCGA-E2-A15H,tcga_mc3_wes,hrd_binary_33,MuAt-compatible reimplementation,muat_compatible_qkv_attention,0.0,,,4,0.0,0.59130859375,0,0.408935546875,1
TCGA-E2-A15I,tcga_mc3_wes,hrd_binary_33,MuAt-compatible reimplementation,muat_compatible_qkv_attention,0.0,,,2,0.0,0.8203125,0,0.1796875,1
TCGA-E2-A15J,tcga_mc3_wes,hrd_binary_33,MuAt-compatible reimplementation,muat_compatible_qkv_attention,0.0,,,2,0.0,0.904296875,0,0.095703125,1
TCGA-E2-A15K,tcga_mc3_wes,hrd_binary_33,MuAt-compatible reimplementation,muat_compatible_qkv_attention,0.0,,,4,1.0,0.4765625,0,0.5234375,1
TCGA-E2-A15M,tcga_mc3_wes,hrd_binary_33,MuAt-compatible reimplementation,muat_compatible_qkv_attention,1.0,,,2,1.0,0.149169921875,0,0.8505859375,1
TCGA-E2-A15O,tcga_mc3_wes,hrd_binary_33,MuAt-compatible reimplementation,muat_compatible_qkv_attention,0.0,,,2,0.0,0.69873046875,0,0.30126953125,1
TCGA-E2-A15P,tcga_mc3_wes,hrd_binary_33,MuAt-compatible reimplementation,muat_compatible_qkv_attention,0.0,,,5,0.0,0.99853515625,0,0.00147247314453125,1
TCGA-E2-A15R,tcga_mc3_wes,hrd_binary_33,MuAt-compatible reimplementation,muat_compatible_qkv_attention,0.0,,,5,0.0,0.99951171875,0,0.00027489662170410156,1
TCGA-E2-A15T,tcga_mc3_wes,hrd_binary_33,MuAt-compatible reimplementation,muat_compatible_qkv_attention,0.0,,,1,0.0,0.775390625,0,0.2244873046875,1
TCGA-E2-A1AZ,tcga_mc3_wes,hrd_binary_33,MuAt-compatible reimplementation,muat_compatible_qkv_attention,1.0,,,4,1.0,0.466796875,0,0.533203125,1
TCGA-E2-A1B0,tcga_mc3_wes,hrd_binary_33,MuAt-compatible reimplementation,muat_compatible_qkv_attention,1.0,,,4,0.0,0.54638671875,0,0.45361328125,1
TCGA-E2-A1B4,tcga_mc3_wes,hrd_binary_33,MuAt-compatible reimplementation,muat_compatible_qkv_attention,0.0,,,3,0.0,1.0,0,4.470348358154297e-05,1
TCGA-E2-A1B5,tcga_mc3_wes,hrd_binary_33,MuAt-compatible reimplementation,muat_compatible_qkv_attention,0.0,,,2,0.0,0.990234375,0,0.00965118408203125,1
TCGA-E2-A1BC,tcga_mc3_wes,hrd_binary_33,MuAt-compatible reimplementation,muat_compatible_qkv_attention,0.0,,,2,1.0,0.39501953125,0,0.60498046875,1
TCGA-E2-A1BD,tcga_mc3_wes,hrd_binary_33,MuAt-compatible reimplementation,muat_compatible_qkv_attention,0.0,,,5,0.0,1.0,0,0.00012433528900146484,1
TCGA-E2-A1IE,tcga_mc3_wes,hrd_binary_33,MuAt-compatible reimplementation,muat_compatible_qkv_attention,0.0,,,4,0.0,0.51318359375,0,0.48681640625,1
TCGA-E2-A1IF,tcga_mc3_wes,hrd_binary_33,MuAt-compatible reimplementation,muat_compatible_qkv_attention,0.0,,,4,0.0,0.529296875,0,0.470703125,1
TCGA-E2-A1IG,tcga_mc3_wes,hrd_binary_33,MuAt-compatible reimplementation,muat_compatible_qkv_attention,0.0,,,4,0.0,0.56591796875,0,0.43408203125,1
TCGA-E2-A1IH,tcga_mc3_wes,hrd_binary_33,MuAt-compatible reimplementation,muat_compatible_qkv_attention,0.0,,,4,1.0,0.471435546875,0,0.5283203125,1
TCGA-E2-A1IJ,tcga_mc3_wes,hrd_binary_33,MuAt-compatible reimplementation,muat_compatible_qkv_attention,0.0,,,2,0.0,0.97802734375,0,0.0221710205078125,1
TCGA-E2-A1IK,tcga_mc3_wes,hrd_binary_33,MuAt-compatible reimplementation,muat_compatible_qkv_attention,0.0,,,5,0.0,0.99951171875,0,0.0004355907440185547,1
TCGA-E2-A1IL,tcga_mc3_wes,hrd_binary_33,MuAt-compatible reimplementation,muat_compatible_qkv_attention,0.0,,,2,0.0,0.9384765625,0,0.061676025390625,1
TCGA-E2-A1IO,tcga_mc3_wes,hrd_binary_33,MuAt-compatible reimplementation,muat_compatible_qkv_attention,0.0,,,2,0.0,0.97900390625,0,0.020965576171875,1
TCGA-E2-A1IU,tcga_mc3_wes,hrd_binary_33,MuAt-compatible reimplementation,muat_compatible_qkv_attention,0.0,,,2,0.0,0.98828125,0,0.01151275634765625,1
TCGA-E2-A1L6,tcga_mc3_wes,hrd_binary_33,MuAt-compatible reimplementation,muat_compatible_qkv_attention,0.0,,,4,0.0,0.57666015625,0,0.423583984375,1
TCGA-E2-A1L8,tcga_mc3_wes,hrd_binary_33,MuAt-compatible reimplementation,muat_compatible_qkv_attention,0.0,,,3,0.0,0.99853515625,0,0.0014104843139648438,1
TCGA-E2-A1L9,tcga_mc3_wes,hrd_binary_33,MuAt-compatible reimplementation,muat_compatible_qkv_attention,0.0,,,4,0.0,0.5703125,0,0.4296875,1
TCGA-E2-A1LA,tcga_mc3_wes,hrd_binary_33,MuAt-compatible reimplementation,muat_compatible_qkv_attention,1.0,,,3,1.0,0.0012693405151367188,0,0.99853515625,1
TCGA-E2-A1LG,tcga_mc3_wes,hrd_binary_33,MuAt-compatible reimplementation,muat_compatible_qkv_attention,0.0,,,3,0.0,0.998046875,0,0.0020751953125,1
TCGA-E2-A1LH,tcga_mc3_wes,hrd_binary_33,MuAt-compatible reimplementation,muat_compatible_qkv_attention,1.0,,,3,1.0,0.296630859375,0,0.703125,1
TCGA-E2-A1LK,tcga_mc3_wes,hrd_binary_33,MuAt-compatible reimplementation,muat_compatible_qkv_attention,0.0,,,1,0.0,0.88818359375,0,0.1119384765625,1
TCGA-E2-A1LL,tcga_mc3_wes,hrd_binary_33,MuAt-compatible reimplementation,muat_compatible_qkv_attention,1.0,,,1,1.0,0.016845703125,0,0.98291015625,1
TCGA-E2-A56Z,tcga_mc3_wes,hrd_binary_33,MuAt-compatible reimplementation,muat_compatible_qkv_attention,0.0,,,3,0.0,0.93017578125,0,0.0697021484375,1
TCGA-E2-A570,tcga_mc3_wes,hrd_binary_33,MuAt-compatible reimplementation,muat_compatible_qkv_attention,0.0,,,1,0.0,0.8994140625,0,0.10064697265625,1
TCGA-E2-A573,tcga_mc3_wes,hrd_binary_33,MuAt-compatible reimplementation,muat_compatible_qkv_attention,1.0,,,1,1.0,0.3291015625,0,0.6708984375,1
TCGA-E2-A576,tcga_mc3_wes,hrd_binary_33,MuAt-compatible reimplementation,muat_compatible_qkv_attention,0.0,,,4,0.0,0.5517578125,0,0.448486328125,1
TCGA-E2-A9RU,tcga_mc3_wes,hrd_binary_33,MuAt-compatible reimplementation,muat_compatible_qkv_attention,1.0,,,4,0.0,0.541015625,0,0.458740234375,1
TCGA-E9-A1N3,tcga_mc3_wes,hrd_binary_33,MuAt-compatible reimplementation,muat_compatible_qkv_attention,0.0,,,4,0.0,0.52294921875,0,0.477294921875,1
TCGA-E9-A1N5,tcga_mc3_wes,hrd_binary_33,MuAt-compatible reimplementation,muat_compatible_qkv_attention,0.0,,,1,0.0,0.787109375,0,0.213134765625,1
TCGA-E9-A1N8,tcga_mc3_wes,hrd_binary_33,MuAt-compatible reimplementation,muat_compatible_qkv_attention,0.0,,,5,1.0,0.24169921875,0,0.75830078125,1
TCGA-E9-A1N9,tcga_mc3_wes,hrd_binary_33,MuAt-compatible reimplementation,muat_compatible_qkv_attention,1.0,,,1,1.0,0.06365966796875,0,0.9365234375,1
TCGA-E9-A1NA,tcga_mc3_wes,hrd_binary_33,MuAt-compatible reimplementation,muat_compatible_qkv_attention,1.0,,,5,1.0,6.181001663208008e-05,0,1.0,1
TCGA-E9-A1NC,tcga_mc3_wes,hrd_binary_33,MuAt-compatible reimplementation,muat_compatible_qkv_attention,1.0,,,4,1.0,0.448974609375,0,0.55126953125,1
TCGA-E9-A1ND,tcga_mc3_wes,hrd_binary_33,MuAt-compatible reimplementation,muat_compatible_qkv_attention,1.0,,,3,0.0,1.0,0,6.22868537902832e-05,1
TCGA-E9-A1NE,tcga_mc3_wes,hrd_binary_33,MuAt-compatible reimplementation,muat_compatible_qkv_attention,0.0,,,2,1.0,0.035919189453125,0,0.9638671875,1
TCGA-E9-A1NG,tcga_mc3_wes,hrd_binary_33,MuAt-compatible reimplementation,muat_compatible_qkv_attention,0.0,,,3,0.0,1.0,0,0.00021147727966308594,1
TCGA-E9-A1NH,tcga_mc3_wes,hrd_binary_33,MuAt-compatible reimplementation,muat_compatible_qkv_attention,0.0,,,4,0.0,0.55322265625,0,0.44677734375,1
TCGA-E9-A1NI,tcga_mc3_wes,hrd_binary_33,MuAt-compatible reimplementation,muat_compatible_qkv_attention,0.0,,,3,0.0,0.998046875,0,0.0018281936645507812,1
TCGA-E9-A1R0,tcga_mc3_wes,hrd_binary_33,MuAt-compatible reimplementation,muat_compatible_qkv_attention,0.0,,,2,0.0,0.8681640625,0,0.132080078125,1
TCGA-E9-A1R3,tcga_mc3_wes,hrd_binary_33,MuAt-compatible reimplementation,muat_compatible_qkv_attention,0.0,,,2,1.0,0.3583984375,0,0.6416015625,1
TCGA-E9-A1R5,tcga_mc3_wes,hrd_binary_33,MuAt-compatible reimplementation,muat_compatible_qkv_attention,0.0,,,3,0.0,0.99951171875,0,0.0005140304565429688,1
TCGA-E9-A1R6,tcga_mc3_wes,hrd_binary_33,MuAt-compatible reimplementation,muat_compatible_qkv_attention,0.0,,,1,0.0,0.970703125,0,0.0290679931640625,1
TCGA-E9-A1R7,tcga_mc3_wes,hrd_binary_33,MuAt-compatible reimplementation,muat_compatible_qkv_attention,1.0,,,4,1.0,0.496337890625,0,0.50390625,1
TCGA-E9-A1RA,tcga_mc3_wes,hrd_binary_33,MuAt-compatible reimplementation,muat_compatible_qkv_attention,0.0,,,2,0.0,0.994140625,0,0.005893707275390625,1
TCGA-E9-A1RB,tcga_mc3_wes,hrd_binary_33,MuAt-compatible reimplementation,muat_compatible_qkv_attention,0.0,,,4,1.0,0.493408203125,0,0.50634765625,1
TCGA-E9-A1RC,tcga_mc3_wes,hrd_binary_33,MuAt-compatible reimplementation,muat_compatible_qkv_attention,0.0,,,3,0.0,0.99853515625,0,0.0013971328735351562,1
TCGA-E9-A1RD,tcga_mc3_wes,hrd_binary_33,MuAt-compatible reimplementation,muat_compatible_qkv_attention,0.0,,,4,0.0,0.5927734375,0,0.407470703125,1
TCGA-E9-A1RE,tcga_mc3_wes,hrd_binary_33,MuAt-compatible reimplementation,muat_compatible_qkv_attention,1.0,,,2,0.0,0.95361328125,0,0.046539306640625,1
TCGA-E9-A1RF,tcga_mc3_wes,hrd_binary_33,MuAt-compatible reimplementation,muat_compatible_qkv_attention,1.0,,,1,0.0,0.7861328125,0,0.2138671875,1
TCGA-E9-A1RG,tcga_mc3_wes,hrd_binary_33,MuAt-compatible reimplementation,muat_compatible_qkv_attention,1.0,,,1,0.0,0.955078125,0,0.0450439453125,1
TCGA-E9-A1RH,tcga_mc3_wes,hrd_binary_33,MuAt-compatible reimplementation,muat_compatible_qkv_attention,1.0,,,3,0.0,0.97314453125,0,0.0269317626953125,1
TCGA-E9-A226,tcga_mc3_wes,hrd_binary_33,MuAt-compatible reimplementation,muat_compatible_qkv_attention,0.0,,,2,0.0,0.97314453125,0,0.02685546875,1
TCGA-E9-A227,tcga_mc3_wes,hrd_binary_33,MuAt-compatible reimplementation,muat_compatible_qkv_attention,0.0,,,4,0.0,0.50390625,0,0.495849609375,1
TCGA-E9-A228,tcga_mc3_wes,hrd_binary_33,MuAt-compatible reimplementation,muat_compatible_qkv_attention,0.0,,,3,0.0,0.99951171875,0,0.0003199577331542969,1
TCGA-E9-A229,tcga_mc3_wes,hrd_binary_33,MuAt-compatible reimplementation,muat_compatible_qkv_attention,0.0,,,3,0.0,1.0,0,6.03795051574707e-05,1
TCGA-E9-A22A,tcga_mc3_wes,hrd_binary_33,MuAt-compatible reimplementation,muat_compatible_qkv_attention,0.0,,,3,0.0,0.99951171875,0,0.0003006458282470703,1
TCGA-E9-A22B,tcga_mc3_wes,hrd_binary_33,MuAt-compatible reimplementation,muat_compatible_qkv_attention,0.0,,,1,1.0,0.2802734375,0,0.7197265625,1
TCGA-E9-A22D,tcga_mc3_wes,hrd_binary_33,MuAt-compatible reimplementation,muat_compatible_qkv_attention,1.0,,,2,0.0,0.9619140625,0,0.038116455078125,1
TCGA-E9-A22E,tcga_mc3_wes,hrd_binary_33,MuAt-compatible reimplementation,muat_compatible_qkv_attention,1.0,,,3,0.0,0.94287109375,0,0.05706787109375,1
TCGA-E9-A22G,tcga_mc3_wes,hrd_binary_33,MuAt-compatible reimplementation,muat_compatible_qkv_attention,1.0,,,2,1.0,0.463623046875,0,0.5361328125,1
TCGA-E9-A22H,tcga_mc3_wes,hrd_binary_33,MuAt-compatible reimplementation,muat_compatible_qkv_attention,0.0,,,1,0.0,0.99267578125,0,0.0073089599609375,1
TCGA-E9-A243,tcga_mc3_wes,hrd_binary_33,MuAt-compatible reimplementation,muat_compatible_qkv_attention,1.0,,,4,1.0,0.446533203125,0,0.55322265625,1
TCGA-E9-A244,tcga_mc3_wes,hrd_binary_33,MuAt-compatible reimplementation,muat_compatible_qkv_attention,1.0,,,1,1.0,0.14306640625,0,0.85693359375,1
TCGA-E9-A245,tcga_mc3_wes,hrd_binary_33,MuAt-compatible reimplementation,muat_compatible_qkv_attention,0.0,,,2,0.0,0.640625,0,0.359130859375,1
TCGA-E9-A247,tcga_mc3_wes,hrd_binary_33,MuAt-compatible reimplementation,muat_compatible_qkv_attention,1.0,,,3,1.0,0.044921875,0,0.955078125,1
TCGA-E9-A248,tcga_mc3_wes,hrd_binary_33,MuAt-compatible reimplementation,muat_compatible_qkv_attention,0.0,,,3,0.0,0.998046875,0,0.0017652511596679688,1
TCGA-E9-A24A,tcga_mc3_wes,hrd_binary_33,MuAt-compatible reimplementation,muat_compatible_qkv_attention,0.0,,,4,0.0,0.556640625,0,0.443115234375,1
TCGA-E9-A295,tcga_mc3_wes,hrd_binary_33,MuAt-compatible reimplementation,muat_compatible_qkv_attention,0.0,,,3,0.0,0.99951171875,0,0.0006155967712402344,1
TCGA-E9-A2JS,tcga_mc3_wes,hrd_binary_33,MuAt-compatible reimplementation,muat_compatible_qkv_attention,1.0,,,4,0.0,0.55029296875,0,0.44970703125,1
TCGA-E9-A2JT,tcga_mc3_wes,hrd_binary_33,MuAt-compatible reimplementation,muat_compatible_qkv_attention,0.0,,,1,1.0,0.016082763671875,0,0.98388671875,1
TCGA-E9-A3X8,tcga_mc3_wes,hrd_binary_33,MuAt-compatible reimplementation,muat_compatible_qkv_attention,0.0,,,1,0.0,0.9482421875,0,0.0517578125,1
TCGA-E9-A5FL,tcga_mc3_wes,hrd_binary_33,MuAt-compatible reimplementation,muat_compatible_qkv_attention,1.0,,,1,1.0,0.11370849609375,0,0.88623046875,1
TCGA-E9-A5UO,tcga_mc3_wes,hrd_binary_33,MuAt-compatible reimplementation,muat_compatible_qkv_attention,0.0,,,3,0.0,1.0,0,0.00021958351135253906,1
TCGA-E9-A6HE,tcga_mc3_wes,hrd_binary_33,MuAt-compatible reimplementation,muat_compatible_qkv_attention,0.0,,,5,0.0,0.9951171875,0,0.004665374755859375,1
TCGA-EW-A1IW,tcga_mc3_wes,hrd_binary_33,MuAt-compatible reimplementation,muat_compatible_qkv_attention,0.0,,,1,0.0,0.666015625,0,0.334228515625,1
TCGA-EW-A1IY,tcga_mc3_wes,hrd_binary_33,MuAt-compatible reimplementation,muat_compatible_qkv_attention,0.0,,,1,0.0,0.97265625,0,0.02740478515625,1
TCGA-EW-A1IZ,tcga_mc3_wes,hrd_binary_33,MuAt-compatible reimplementation,muat_compatible_qkv_attention,0.0,,,1,0.0,0.7607421875,0,0.2393798828125,1
TCGA-EW-A1J1,tcga_mc3_wes,hrd_binary_33,MuAt-compatible reimplementation,muat_compatible_qkv_attention,0.0,,,1,0.0,0.984375,0,0.01558685302734375,1
TCGA-EW-A1J3,tcga_mc3_wes,hrd_binary_33,MuAt-compatible reimplementation,muat_compatible_qkv_attention,0.0,,,5,0.0,0.9990234375,0,0.0009870529174804688,1
TCGA-EW-A1J6,tcga_mc3_wes,hrd_binary_33,MuAt-compatible reimplementation,muat_compatible_qkv_attention,1.0,,,5,0.0,0.9931640625,0,0.006717681884765625,1
TCGA-EW-A1OV,tcga_mc3_wes,hrd_binary_33,MuAt-compatible reimplementation,muat_compatible_qkv_attention,1.0,,,2,0.0,0.88525390625,0,0.11456298828125,1
TCGA-EW-A1OX,tcga_mc3_wes,hrd_binary_33,MuAt-compatible reimplementation,muat_compatible_qkv_attention,0.0,,,1,0.0,0.5283203125,0,0.4716796875,1
TCGA-EW-A1OY,tcga_mc3_wes,hrd_binary_33,MuAt-compatible reimplementation,muat_compatible_qkv_attention,1.0,,,5,0.0,0.9931640625,0,0.006931304931640625,1
TCGA-EW-A1OZ,tcga_mc3_wes,hrd_binary_33,MuAt-compatible reimplementation,muat_compatible_qkv_attention,1.0,,,3,0.0,0.96728515625,0,0.032562255859375,1
TCGA-EW-A1P0,tcga_mc3_wes,hrd_binary_33,MuAt-compatible reimplementation,muat_compatible_qkv_attention,0.0,,,2,0.0,0.71337890625,0,0.28662109375,1
TCGA-EW-A1P1,tcga_mc3_wes,hrd_binary_33,MuAt-compatible reimplementation,muat_compatible_qkv_attention,0.0,,,1,1.0,0.304443359375,0,0.6953125,1
TCGA-EW-A1P3,tcga_mc3_wes,hrd_binary_33,MuAt-compatible reimplementation,muat_compatible_qkv_attention,0.0,,,5,0.0,0.9912109375,0,0.0087127685546875,1
TCGA-EW-A1P4,tcga_mc3_wes,hrd_binary_33,MuAt-compatible reimplementation,muat_compatible_qkv_attention,1.0,,,1,1.0,0.028472900390625,0,0.9716796875,1
TCGA-EW-A1P5,tcga_mc3_wes,hrd_binary_33,MuAt-compatible reimplementation,muat_compatible_qkv_attention,0.0,,,4,0.0,0.599609375,0,0.400634765625,1
TCGA-EW-A1P6,tcga_mc3_wes,hrd_binary_33,MuAt-compatible reimplementation,muat_compatible_qkv_attention,0.0,,,2,0.0,0.99658203125,0,0.0033550262451171875,1
TCGA-EW-A1P7,tcga_mc3_wes,hrd_binary_33,MuAt-compatible reimplementation,muat_compatible_qkv_attention,0.0,,,3,0.0,0.9990234375,0,0.001129150390625,1
TCGA-EW-A1P8,tcga_mc3_wes,hrd_binary_33,MuAt-compatible reimplementation,muat_compatible_qkv_attention,1.0,,,3,0.0,0.97900390625,0,0.021087646484375,1
TCGA-EW-A1PA,tcga_mc3_wes,hrd_binary_33,MuAt-compatible reimplementation,muat_compatible_qkv_attention,0.0,,,4,0.0,0.5068359375,0,0.492919921875,1
TCGA-EW-A1PB,tcga_mc3_wes,hrd_binary_33,MuAt-compatible reimplementation,muat_compatible_qkv_attention,1.0,,,2,1.0,0.07537841796875,0,0.9248046875,1
TCGA-EW-A1PE,tcga_mc3_wes,hrd_binary_33,MuAt-compatible reimplementation,muat_compatible_qkv_attention,0.0,,,1,0.0,0.9033203125,0,0.09661865234375,1
TCGA-EW-A1PG,tcga_mc3_wes,hrd_binary_33,MuAt-compatible reimplementation,muat_compatible_qkv_attention,0.0,,,5,0.0,0.99658203125,0,0.0035724639892578125,1
TCGA-EW-A1PH,tcga_mc3_wes,hrd_binary_33,MuAt-compatible reimplementation,muat_compatible_qkv_attention,1.0,,,1,1.0,0.07672119140625,0,0.92333984375,1
TCGA-EW-A2FS,tcga_mc3_wes,hrd_binary_33,MuAt-compatible reimplementation,muat_compatible_qkv_attention,0.0,,,1,0.0,0.87890625,0,0.12109375,1
TCGA-EW-A2FV,tcga_mc3_wes,hrd_binary_33,MuAt-compatible reimplementation,muat_compatible_qkv_attention,0.0,,,2,1.0,0.06640625,0,0.93359375,1
TCGA-EW-A6SB,tcga_mc3_wes,hrd_binary_33,MuAt-compatible reimplementation,muat_compatible_qkv_attention,0.0,,,4,1.0,0.49072265625,0,0.50927734375,1
TCGA-EW-A6SC,tcga_mc3_wes,hrd_binary_33,MuAt-compatible reimplementation,muat_compatible_qkv_attention,0.0,,,2,0.0,0.88671875,0,0.11322021484375,1
TCGA-EW-A6SD,tcga_mc3_wes,hrd_binary_33,MuAt-compatible reimplementation,muat_compatible_qkv_attention,1.0,,,5,0.0,0.994140625,0,0.005878448486328125,1
TCGA-GM-A2DA,tcga_mc3_wes,hrd_binary_33,MuAt-compatible reimplementation,muat_compatible_qkv_attention,0.0,,,1,0.0,0.9794921875,0,0.02056884765625,1
TCGA-GM-A2DB,tcga_mc3_wes,hrd_binary_33,MuAt-compatible reimplementation,muat_compatible_qkv_attention,0.0,,,5,0.0,0.5107421875,0,0.4892578125,1
TCGA-GM-A2DC,tcga_mc3_wes,hrd_binary_33,MuAt-compatible reimplementation,muat_compatible_qkv_attention,0.0,,,4,0.0,0.59130859375,0,0.40869140625,1
TCGA-GM-A2DD,tcga_mc3_wes,hrd_binary_33,MuAt-compatible reimplementation,muat_compatible_qkv_attention,0.0,,,1,1.0,0.279541015625,0,0.72021484375,1
TCGA-GM-A2DF,tcga_mc3_wes,hrd_binary_33,MuAt-compatible reimplementation,muat_compatible_qkv_attention,1.0,,,1,1.0,0.174072265625,0,0.82568359375,1
TCGA-GM-A2DH,tcga_mc3_wes,hrd_binary_33,MuAt-compatible reimplementation,muat_compatible_qkv_attention,1.0,,,4,1.0,0.431640625,0,0.568359375,1
TCGA-GM-A2DK,tcga_mc3_wes,hrd_binary_33,MuAt-compatible reimplementation,muat_compatible_qkv_attention,0.0,,,3,0.0,1.0,0,6.842613220214844e-05,1
TCGA-GM-A2DL,tcga_mc3_wes,hrd_binary_33,MuAt-compatible reimplementation,muat_compatible_qkv_attention,0.0,,,4,0.0,0.5615234375,0,0.4384765625,1
TCGA-GM-A2DM,tcga_mc3_wes,hrd_binary_33,MuAt-compatible reimplementation,muat_compatible_qkv_attention,0.0,,,2,0.0,0.939453125,0,0.060333251953125,1
TCGA-GM-A2DN,tcga_mc3_wes,hrd_binary_33,MuAt-compatible reimplementation,muat_compatible_qkv_attention,0.0,,,1,0.0,0.67333984375,0,0.32666015625,1
TCGA-GM-A3NW,tcga_mc3_wes,hrd_binary_33,MuAt-compatible reimplementation,muat_compatible_qkv_attention,0.0,,,4,0.0,0.50439453125,0,0.49560546875,1
TCGA-GM-A5PX,tcga_mc3_wes,hrd_binary_33,MuAt-compatible reimplementation,muat_compatible_qkv_attention,0.0,,,2,0.0,0.99560546875,0,0.00424957275390625,1
TCGA-HN-A2NL,tcga_mc3_wes,hrd_binary_33,MuAt-compatible reimplementation,muat_compatible_qkv_attention,1.0,,,2,0.0,0.9501953125,0,0.04986572265625,1
TCGA-HN-A2OB,tcga_mc3_wes,hrd_binary_33,MuAt-compatible reimplementation,muat_compatible_qkv_attention,0.0,,,3,0.0,0.99951171875,0,0.0002930164337158203,1
TCGA-LD-A66U,tcga_mc3_wes,hrd_binary_33,MuAt-compatible reimplementation,muat_compatible_qkv_attention,0.0,,,1,1.0,0.3583984375,0,0.6416015625,1
TCGA-LD-A74U,tcga_mc3_wes,hrd_binary_33,MuAt-compatible reimplementation,muat_compatible_qkv_attention,0.0,,,1,0.0,0.8232421875,0,0.1768798828125,1
TCGA-LD-A7W5,tcga_mc3_wes,hrd_binary_33,MuAt-compatible reimplementation,muat_compatible_qkv_attention,1.0,,,5,0.0,0.92578125,0,0.07421875,1
TCGA-LD-A7W6,tcga_mc3_wes,hrd_binary_33,MuAt-compatible reimplementation,muat_compatible_qkv_attention,0.0,,,3,0.0,1.0,0,6.204843521118164e-05,1
TCGA-LL-A50Y,tcga_mc3_wes,hrd_binary_33,MuAt-compatible reimplementation,muat_compatible_qkv_attention,0.0,,,4,0.0,0.556640625,0,0.443359375,1
TCGA-LL-A5YL,tcga_mc3_wes,hrd_binary_33,MuAt-compatible reimplementation,muat_compatible_qkv_attention,0.0,,,1,0.0,0.88623046875,0,0.1136474609375,1
TCGA-LL-A5YM,tcga_mc3_wes,hrd_binary_33,MuAt-compatible reimplementation,muat_compatible_qkv_attention,0.0,,,4,0.0,0.53271484375,0,0.467529296875,1
TCGA-LL-A5YN,tcga_mc3_wes,hrd_binary_33,MuAt-compatible reimplementation,muat_compatible_qkv_attention,1.0,,,5,0.0,0.99609375,0,0.0037136077880859375,1
TCGA-LL-A5YP,tcga_mc3_wes,hrd_binary_33,MuAt-compatible reimplementation,muat_compatible_qkv_attention,1.0,,,4,1.0,0.449951171875,0,0.5498046875,1
TCGA-LL-A6FQ,tcga_mc3_wes,hrd_binary_33,MuAt-compatible reimplementation,muat_compatible_qkv_attention,0.0,,,3,0.0,1.0,0,6.973743438720703e-05,1
TCGA-LL-A6FR,tcga_mc3_wes,hrd_binary_33,MuAt-compatible reimplementation,muat_compatible_qkv_attention,1.0,,,3,1.0,0.3896484375,0,0.6103515625,1
TCGA-LL-A73Y,tcga_mc3_wes,hrd_binary_33,MuAt-compatible reimplementation,muat_compatible_qkv_attention,0.0,,,4,1.0,0.443603515625,0,0.55615234375,1
TCGA-LL-A73Z,tcga_mc3_wes,hrd_binary_33,MuAt-compatible reimplementation,muat_compatible_qkv_attention,0.0,,,1,0.0,0.88671875,0,0.1131591796875,1
TCGA-LL-A7SZ,tcga_mc3_wes,hrd_binary_33,MuAt-compatible reimplementation,muat_compatible_qkv_attention,1.0,,,2,1.0,0.102783203125,0,0.8974609375,1
TCGA-LL-A7T0,tcga_mc3_wes,hrd_binary_33,MuAt-compatible reimplementation,muat_compatible_qkv_attention,1.0,,,4,0.0,0.55126953125,0,0.44873046875,1
TCGA-LL-A8F5,tcga_mc3_wes,hrd_binary_33,MuAt-compatible reimplementation,muat_compatible_qkv_attention,1.0,,,1,1.0,0.320556640625,0,0.6796875,1
TCGA-LL-A9Q3,tcga_mc3_wes,hrd_binary_33,MuAt-compatible reimplementation,muat_compatible_qkv_attention,0.0,,,2,0.0,0.986328125,0,0.01358795166015625,1
TCGA-OK-A5Q2,tcga_mc3_wes,hrd_binary_33,MuAt-compatible reimplementation,muat_compatible_qkv_attention,0.0,,,4,0.0,0.63818359375,0,0.362060546875,1
TCGA-OL-A5D6,tcga_mc3_wes,hrd_binary_33,MuAt-compatible reimplementation,muat_compatible_qkv_attention,0.0,,,3,0.0,0.978515625,0,0.02130126953125,1
TCGA-OL-A5D7,tcga_mc3_wes,hrd_binary_33,MuAt-compatible reimplementation,muat_compatible_qkv_attention,1.0,,,5,0.0,0.998046875,0,0.0018825531005859375,1
TCGA-OL-A5D8,tcga_mc3_wes,hrd_binary_33,MuAt-compatible reimplementation,muat_compatible_qkv_attention,0.0,,,1,1.0,0.3818359375,0,0.6181640625,1
TCGA-OL-A5DA,tcga_mc3_wes,hrd_binary_33,MuAt-compatible reimplementation,muat_compatible_qkv_attention,0.0,,,3,0.0,0.99951171875,0,0.0003407001495361328,1
TCGA-OL-A5RU,tcga_mc3_wes,hrd_binary_33,MuAt-compatible reimplementation,muat_compatible_qkv_attention,0.0,,,4,0.0,0.5478515625,0,0.451904296875,1
TCGA-OL-A5RV,tcga_mc3_wes,hrd_binary_33,MuAt-compatible reimplementation,muat_compatible_qkv_attention,0.0,,,1,0.0,0.68603515625,0,0.313720703125,1
TCGA-OL-A5RW,tcga_mc3_wes,hrd_binary_33,MuAt-compatible reimplementation,muat_compatible_qkv_attention,1.0,,,4,1.0,0.41259765625,0,0.58740234375,1
TCGA-OL-A5RX,tcga_mc3_wes,hrd_binary_33,MuAt-compatible reimplementation,muat_compatible_qkv_attention,0.0,,,3,0.0,0.7099609375,0,0.289794921875,1
TCGA-OL-A5RY,tcga_mc3_wes,hrd_binary_33,MuAt-compatible reimplementation,muat_compatible_qkv_attention,0.0,,,3,0.0,0.91748046875,0,0.08251953125,1
TCGA-OL-A5RZ,tcga_mc3_wes,hrd_binary_33,MuAt-compatible reimplementation,muat_compatible_qkv_attention,0.0,,,5,1.0,0.344482421875,0,0.65576171875,1
TCGA-OL-A5S0,tcga_mc3_wes,hrd_binary_33,MuAt-compatible reimplementation,muat_compatible_qkv_attention,1.0,,,5,0.0,0.998046875,0,0.0017309188842773438,1
TCGA-OL-A66H,tcga_mc3_wes,hrd_binary_33,MuAt-compatible reimplementation,muat_compatible_qkv_attention,0.0,,,5,1.0,0.344482421875,0,0.65576171875,1
TCGA-OL-A66I,tcga_mc3_wes,hrd_binary_33,MuAt-compatible reimplementation,muat_compatible_qkv_attention,1.0,,,5,0.0,0.9345703125,0,0.0653076171875,1
TCGA-OL-A66J,tcga_mc3_wes,hrd_binary_33,MuAt-compatible reimplementation,muat_compatible_qkv_attention,0.0,,,2,0.0,0.671875,0,0.327880859375,1
TCGA-OL-A66K,tcga_mc3_wes,hrd_binary_33,MuAt-compatible reimplementation,muat_compatible_qkv_attention,0.0,,,2,0.0,0.99609375,0,0.0037822723388671875,1
TCGA-OL-A66L,tcga_mc3_wes,hrd_binary_33,MuAt-compatible reimplementation,muat_compatible_qkv_attention,0.0,,,2,0.0,0.96923828125,0,0.030670166015625,1
TCGA-OL-A66N,tcga_mc3_wes,hrd_binary_33,MuAt-compatible reimplementation,muat_compatible_qkv_attention,0.0,,,2,0.0,0.85546875,0,0.144775390625,1
TCGA-OL-A66O,tcga_mc3_wes,hrd_binary_33,MuAt-compatible reimplementation,muat_compatible_qkv_attention,0.0,,,3,0.0,1.0,0,0.00015664100646972656,1
TCGA-OL-A66P,tcga_mc3_wes,hrd_binary_33,MuAt-compatible reimplementation,muat_compatible_qkv_attention,0.0,,,4,1.0,0.453857421875,0,0.54638671875,1
TCGA-OL-A6VO,tcga_mc3_wes,hrd_binary_33,MuAt-compatible reimplementation,muat_compatible_qkv_attention,1.0,,,3,0.0,0.998046875,0,0.0018138885498046875,1
TCGA-OL-A6VQ,tcga_mc3_wes,hrd_binary_33,MuAt-compatible reimplementation,muat_compatible_qkv_attention,0.0,,,3,0.0,1.0,0,1.6391277313232422e-05,1
TCGA-OL-A6VR,tcga_mc3_wes,hrd_binary_33,MuAt-compatible reimplementation,muat_compatible_qkv_attention,0.0,,,1,1.0,0.224853515625,0,0.77490234375,1
TCGA-OL-A97C,tcga_mc3_wes,hrd_binary_33,MuAt-compatible reimplementation,muat_compatible_qkv_attention,0.0,,,2,1.0,0.320556640625,0,0.67919921875,1
TCGA-PE-A5DD,tcga_mc3_wes,hrd_binary_33,MuAt-compatible reimplementation,muat_compatible_qkv_attention,0.0,,,5,0.0,0.99951171875,0,0.00025725364685058594,1
TCGA-PE-A5DE,tcga_mc3_wes,hrd_binary_33,MuAt-compatible reimplementation,muat_compatible_qkv_attention,0.0,,,4,0.0,0.50341796875,0,0.49658203125,1
TCGA-PL-A8LV,tcga_mc3_wes,hrd_binary_33,MuAt-compatible reimplementation,muat_compatible_qkv_attention,1.0,,,1,1.0,0.0188751220703125,0,0.98095703125,1
TCGA-PL-A8LX,tcga_mc3_wes,hrd_binary_33,MuAt-compatible reimplementation,muat_compatible_qkv_attention,0.0,,,1,0.0,0.904296875,0,0.095703125,1
TCGA-PL-A8LY,tcga_mc3_wes,hrd_binary_33,MuAt-compatible reimplementation,muat_compatible_qkv_attention,0.0,,,5,1.0,0.419189453125,0,0.58056640625,1
TCGA-PL-A8LZ,tcga_mc3_wes,hrd_binary_33,MuAt-compatible reimplementation,muat_compatible_qkv_attention,1.0,,,5,1.0,0.07049560546875,0,0.9296875,1
TCGA-S3-A6ZF,tcga_mc3_wes,hrd_binary_33,MuAt-compatible reimplementation,muat_compatible_qkv_attention,1.0,,,4,0.0,0.54150390625,0,0.458740234375,1
TCGA-S3-A6ZG,tcga_mc3_wes,hrd_binary_33,MuAt-compatible reimplementation,muat_compatible_qkv_attention,0.0,,,1,0.0,0.85546875,0,0.144287109375,1
TCGA-S3-A6ZH,tcga_mc3_wes,hrd_binary_33,MuAt-compatible reimplementation,muat_compatible_qkv_attention,0.0,,,5,0.0,0.53662109375,0,0.46337890625,1
TCGA-S3-AA0Z,tcga_mc3_wes,hrd_binary_33,MuAt-compatible reimplementation,muat_compatible_qkv_attention,1.0,,,2,0.0,0.57373046875,0,0.426513671875,1
TCGA-S3-AA10,tcga_mc3_wes,hrd_binary_33,MuAt-compatible reimplementation,muat_compatible_qkv_attention,1.0,,,1,1.0,0.1033935546875,0,0.896484375,1
TCGA-S3-AA11,tcga_mc3_wes,hrd_binary_33,MuAt-compatible reimplementation,muat_compatible_qkv_attention,0.0,,,3,0.0,0.9970703125,0,0.00295257568359375,1
TCGA-S3-AA12,tcga_mc3_wes,hrd_binary_33,MuAt-compatible reimplementation,muat_compatible_qkv_attention,0.0,,,2,0.0,0.64013671875,0,0.35986328125,1
TCGA-S3-AA14,tcga_mc3_wes,hrd_binary_33,MuAt-compatible reimplementation,muat_compatible_qkv_attention,0.0,,,3,0.0,1.0,0,1.2934207916259766e-05,1
TCGA-S3-AA17,tcga_mc3_wes,hrd_binary_33,MuAt-compatible reimplementation,muat_compatible_qkv_attention,1.0,,,4,1.0,0.44580078125,0,0.55419921875,1
TCGA-UU-A93S,tcga_mc3_wes,hrd_binary_33,MuAt-compatible reimplementation,muat_compatible_qkv_attention,1.0,,,1,1.0,0.0947265625,0,0.9052734375,1
TCGA-V7-A7HQ,tcga_mc3_wes,hrd_binary_33,MuAt-compatible reimplementation,muat_compatible_qkv_attention,0.0,,,3,0.0,1.0,0,0.00014197826385498047,1
TCGA-W8-A86G,tcga_mc3_wes,hrd_binary_33,MuAt-compatible reimplementation,muat_compatible_qkv_attention,0.0,,,2,0.0,0.998046875,0,0.0019855499267578125,1
TCGA-WT-AB41,tcga_mc3_wes,hrd_binary_33,MuAt-compatible reimplementation,muat_compatible_qkv_attention,0.0,,,1,0.0,0.98046875,0,0.0193939208984375,1
TCGA-WT-AB44,tcga_mc3_wes,hrd_binary_33,MuAt-compatible reimplementation,muat_compatible_qkv_attention,0.0,,,2,0.0,0.9794921875,0,0.0204315185546875,1
TCGA-XX-A899,tcga_mc3_wes,hrd_binary_33,MuAt-compatible reimplementation,muat_compatible_qkv_attention,0.0,,,2,0.0,0.94970703125,0,0.05047607421875,1
TCGA-XX-A89A,tcga_mc3_wes,hrd_binary_33,MuAt-compatible reimplementation,muat_compatible_qkv_attention,0.0,,,5,0.0,0.99853515625,0,0.0016489028930664062,1
TCGA-Z7-A8R6,tcga_mc3_wes,hrd_binary_33,MuAt-compatible reimplementation,muat_compatible_qkv_attention,0.0,,,2,0.0,0.81884765625,0,0.18115234375,1
