endpoint,sample,fold,split
HRD_Score,TCGA-3C-AALI,1,train
HRD_Score,TCGA-3C-AALJ,1,train
HRD_Score,TCGA-5L-AAT0,1,train
HRD_Score,TCGA-A1-A0SB,1,train
HRD_Score,TCGA-A1-A0SD,1,train
HRD_Score,TCGA-A1-A0SE,1,train
HRD_Score,TCGA-A1-A0SG,1,train
HRD_Score,TCGA-A1-A0SI,1,train
HRD_Score,TCGA-A1-A0SJ,1,train
HRD_Score,TCGA-A1-A0SK,1,train
HRD_Score,TCGA-A1-A0SO,1,train
HRD_Score,TCGA-A1-A0SQ,1,train
HRD_Score,TCGA-A2-A04N,1,train
HRD_Score,TCGA-A2-A04P,1,train
HRD_Score,TCGA-A2-A04R,1,train
HRD_Score,TCGA-A2-A04V,1,train
HRD_Score,TCGA-A2-A04W,1,train
HRD_Score,TCGA-A2-A04Y,1,train
HRD_Score,TCGA-A2-A0CP,1,train
HRD_Score,TCGA-A2-A0CR,1,train
HRD_Score,TCGA-A2-A0CS,1,train
HRD_Score,TCGA-A2-A0CT,1,train
HRD_Score,TCGA-A2-A0CU,1,train
HRD_Score,TCGA-A2-A0CW,1,train
HRD_Score,TCGA-A2-A0CX,1,train
HRD_Score,TCGA-A2-A0D0,1,train
HRD_Score,TCGA-A2-A0D3,1,train
HRD_Score,TCGA-A2-A0D4,1,train
HRD_Score,TCGA-A2-A0EM,1,train
HRD_Score,TCGA-A2-A0ES,1,train
HRD_Score,TCGA-A2-A0EU,1,train
HRD_Score,TCGA-A2-A0EV,1,train
HRD_Score,TCGA-A2-A0EW,1,train
HRD_Score,TCGA-A2-A0EX,1,train
HRD_Score,TCGA-A2-A0SU,1,train
HRD_Score,TCGA-A2-A0SV,1,train
HRD_Score,TCGA-A2-A0SW,1,train
HRD_Score,TCGA-A2-A0SX,1,train
HRD_Score,TCGA-A2-A0SY,1,train
HRD_Score,TCGA-A2-A0T0,1,train
HRD_Score,TCGA-A2-A0T1,1,train
HRD_Score,TCGA-A2-A0T2,1,train
HRD_Score,TCGA-A2-A0T3,1,train
HRD_Score,TCGA-A2-A0T4,1,train
HRD_Score,TCGA-A2-A0T5,1,train
HRD_Score,TCGA-A2-A0T6,1,train
HRD_Score,TCGA-A2-A0T7,1,train
HRD_Score,TCGA-A2-A0YD,1,train
HRD_Score,TCGA-A2-A0YG,1,train
HRD_Score,TCGA-A2-A0YH,1,train
HRD_Score,TCGA-A2-A0YK,1,train
HRD_Score,TCGA-A2-A0YL,1,train
HRD_Score,TCGA-A2-A0YT,1,train
HRD_Score,TCGA-A2-A1FX,1,train
HRD_Score,TCGA-A2-A1G0,1,train
HRD_Score,TCGA-A2-A1G1,1,train
HRD_Score,TCGA-A2-A1G4,1,train
HRD_Score,TCGA-A2-A259,1,train
HRD_Score,TCGA-A2-A25A,1,train
HRD_Score,TCGA-A2-A25C,1,train
HRD_Score,TCGA-A2-A25D,1,train
HRD_Score,TCGA-A2-A3KD,1,train
HRD_Score,TCGA-A2-A3XU,1,train
HRD_Score,TCGA-A2-A3Y0,1,train
HRD_Score,TCGA-A2-A4S3,1,train
HRD_Score,TCGA-A7-A0CE,1,train
HRD_Score,TCGA-A7-A0CH,1,train
HRD_Score,TCGA-A7-A0CJ,1,train
HRD_Score,TCGA-A7-A0D9,1,train
HRD_Score,TCGA-A7-A0DA,1,train
HRD_Score,TCGA-A7-A0DB,1,train
HRD_Score,TCGA-A7-A13E,1,train
HRD_Score,TCGA-A7-A13F,1,train
HRD_Score,TCGA-A7-A26H,1,train
HRD_Score,TCGA-A7-A26J,1,train
HRD_Score,TCGA-A7-A56D,1,train
HRD_Score,TCGA-A7-A5ZV,1,train
HRD_Score,TCGA-A7-A5ZW,1,train
HRD_Score,TCGA-A7-A5ZX,1,train
HRD_Score,TCGA-A7-A6VW,1,train
HRD_Score,TCGA-A7-A6VX,1,train
HRD_Score,TCGA-A7-A6VY,1,train
HRD_Score,TCGA-A8-A06P,1,train
HRD_Score,TCGA-A8-A06Q,1,train
HRD_Score,TCGA-A8-A06R,1,train
HRD_Score,TCGA-A8-A06U,1,train
HRD_Score,TCGA-A8-A06Y,1,train
HRD_Score,TCGA-A8-A06Z,1,train
HRD_Score,TCGA-A8-A075,1,train
HRD_Score,TCGA-A8-A076,1,train
HRD_Score,TCGA-A8-A079,1,train
HRD_Score,TCGA-A8-A07B,1,train
HRD_Score,TCGA-A8-A07I,1,train
HRD_Score,TCGA-A8-A07J,1,train
HRD_Score,TCGA-A8-A07L,1,train
HRD_Score,TCGA-A8-A07P,1,train
HRD_Score,TCGA-A8-A07W,1,train
HRD_Score,TCGA-A8-A07Z,1,train
HRD_Score,TCGA-A8-A081,1,train
HRD_Score,TCGA-A8-A082,1,train
HRD_Score,TCGA-A8-A083,1,train
HRD_Score,TCGA-A8-A08B,1,train
HRD_Score,TCGA-A8-A08G,1,train
HRD_Score,TCGA-A8-A08H,1,train
HRD_Score,TCGA-A8-A08L,1,train
HRD_Score,TCGA-A8-A08O,1,train
HRD_Score,TCGA-A8-A08R,1,train
HRD_Score,TCGA-A8-A08T,1,train
HRD_Score,TCGA-A8-A08Z,1,train
HRD_Score,TCGA-A8-A090,1,train
HRD_Score,TCGA-A8-A091,1,train
HRD_Score,TCGA-A8-A092,1,train
HRD_Score,TCGA-A8-A093,1,train
HRD_Score,TCGA-A8-A095,1,train
HRD_Score,TCGA-A8-A096,1,train
HRD_Score,TCGA-A8-A097,1,train
HRD_Score,TCGA-A8-A099,1,train
HRD_Score,TCGA-A8-A09A,1,train
HRD_Score,TCGA-A8-A09C,1,train
HRD_Score,TCGA-A8-A09G,1,train
HRD_Score,TCGA-A8-A09M,1,train
HRD_Score,TCGA-A8-A09N,1,train
HRD_Score,TCGA-A8-A09Q,1,train
HRD_Score,TCGA-A8-A09T,1,train
HRD_Score,TCGA-A8-A09V,1,train
HRD_Score,TCGA-A8-A0A2,1,train
HRD_Score,TCGA-A8-A0A4,1,train
HRD_Score,TCGA-A8-A0A6,1,train
HRD_Score,TCGA-A8-A0A7,1,train
HRD_Score,TCGA-A8-A0AB,1,train
HRD_Score,TCGA-A8-A0AD,1,train
HRD_Score,TCGA-AC-A23C,1,train
HRD_Score,TCGA-AC-A23E,1,train
HRD_Score,TCGA-AC-A23H,1,train
HRD_Score,TCGA-AC-A2B8,1,train
HRD_Score,TCGA-AC-A2FG,1,train
HRD_Score,TCGA-AC-A2QH,1,train
HRD_Score,TCGA-AC-A3OD,1,train
HRD_Score,TCGA-AC-A3QQ,1,train
HRD_Score,TCGA-AC-A3YI,1,train
HRD_Score,TCGA-AC-A4ZE,1,train
HRD_Score,TCGA-AC-A5EH,1,train
HRD_Score,TCGA-AC-A62Y,1,train
HRD_Score,TCGA-AC-A6IV,1,train
HRD_Score,TCGA-AC-A6IW,1,train
HRD_Score,TCGA-AC-A6IX,1,train
HRD_Score,TCGA-AC-A6NO,1,train
HRD_Score,TCGA-AC-A7VB,1,train
HRD_Score,TCGA-AC-A7VC,1,train
HRD_Score,TCGA-AC-A8OP,1,train
HRD_Score,TCGA-AC-A8OQ,1,train
HRD_Score,TCGA-AC-A8OR,1,train
HRD_Score,TCGA-AC-A8OS,1,train
HRD_Score,TCGA-AN-A03Y,1,train
HRD_Score,TCGA-AN-A041,1,train
HRD_Score,TCGA-AN-A046,1,train
HRD_Score,TCGA-AN-A049,1,train
HRD_Score,TCGA-AN-A04C,1,train
HRD_Score,TCGA-AN-A04D,1,train
HRD_Score,TCGA-AN-A0AJ,1,train
HRD_Score,TCGA-AN-A0AL,1,train
HRD_Score,TCGA-AN-A0AR,1,train
HRD_Score,TCGA-AN-A0AS,1,train
HRD_Score,TCGA-AN-A0AT,1,train
HRD_Score,TCGA-AN-A0FJ,1,train
HRD_Score,TCGA-AN-A0FK,1,train
HRD_Score,TCGA-AN-A0FN,1,train
HRD_Score,TCGA-AN-A0FS,1,train
HRD_Score,TCGA-AN-A0FT,1,train
HRD_Score,TCGA-AN-A0FV,1,train
HRD_Score,TCGA-AN-A0FW,1,train
HRD_Score,TCGA-AN-A0FX,1,train
HRD_Score,TCGA-AN-A0FY,1,train
HRD_Score,TCGA-AN-A0FZ,1,train
HRD_Score,TCGA-AN-A0XN,1,train
HRD_Score,TCGA-AN-A0XO,1,train
HRD_Score,TCGA-AN-A0XS,1,train
HRD_Score,TCGA-AN-A0XT,1,train
HRD_Score,TCGA-AN-A0XU,1,train
HRD_Score,TCGA-AN-A0XW,1,train
HRD_Score,TCGA-AO-A03O,1,train
HRD_Score,TCGA-AO-A03T,1,train
HRD_Score,TCGA-AO-A0J2,1,train
HRD_Score,TCGA-AO-A0J3,1,train
HRD_Score,TCGA-AO-A0J4,1,train
HRD_Score,TCGA-AO-A0J7,1,train
HRD_Score,TCGA-AO-A0J8,1,train
HRD_Score,TCGA-AO-A0JA,1,train
HRD_Score,TCGA-AO-A0JB,1,train
HRD_Score,TCGA-AO-A0JE,1,train
HRD_Score,TCGA-AO-A0JG,1,train
HRD_Score,TCGA-AO-A0JI,1,train
HRD_Score,TCGA-AO-A0JJ,1,train
HRD_Score,TCGA-AO-A128,1,train
HRD_Score,TCGA-AO-A12A,1,train
HRD_Score,TCGA-AO-A12D,1,train
HRD_Score,TCGA-AO-A12F,1,train
HRD_Score,TCGA-AO-A12H,1,train
HRD_Score,TCGA-AO-A1KP,1,train
HRD_Score,TCGA-AO-A1KR,1,train
HRD_Score,TCGA-AO-A1KT,1,train
HRD_Score,TCGA-AQ-A04H,1,train
HRD_Score,TCGA-AQ-A04J,1,train
HRD_Score,TCGA-AQ-A1H3,1,train
HRD_Score,TCGA-AR-A0TP,1,train
HRD_Score,TCGA-AR-A0TQ,1,train
HRD_Score,TCGA-AR-A0TR,1,train
HRD_Score,TCGA-AR-A0TS,1,train
HRD_Score,TCGA-AR-A0TT,1,train
HRD_Score,TCGA-AR-A0TW,1,train
HRD_Score,TCGA-AR-A0TX,1,train
HRD_Score,TCGA-AR-A0TY,1,train
HRD_Score,TCGA-AR-A0TZ,1,train
HRD_Score,TCGA-AR-A0U0,1,train
HRD_Score,TCGA-AR-A1AH,1,train
HRD_Score,TCGA-AR-A1AI,1,train
HRD_Score,TCGA-AR-A1AJ,1,train
HRD_Score,TCGA-AR-A1AK,1,train
HRD_Score,TCGA-AR-A1AN,1,train
HRD_Score,TCGA-AR-A1AO,1,train
HRD_Score,TCGA-AR-A1AP,1,train
HRD_Score,TCGA-AR-A1AQ,1,train
HRD_Score,TCGA-AR-A1AR,1,train
HRD_Score,TCGA-AR-A1AU,1,train
HRD_Score,TCGA-AR-A1AX,1,train
HRD_Score,TCGA-AR-A1AY,1,train
HRD_Score,TCGA-AR-A24L,1,train
HRD_Score,TCGA-AR-A24N,1,train
HRD_Score,TCGA-AR-A24O,1,train
HRD_Score,TCGA-AR-A24R,1,train
HRD_Score,TCGA-AR-A24S,1,train
HRD_Score,TCGA-AR-A24U,1,train
HRD_Score,TCGA-AR-A24V,1,train
HRD_Score,TCGA-AR-A24W,1,train
HRD_Score,TCGA-AR-A24X,1,train
HRD_Score,TCGA-AR-A24Z,1,train
HRD_Score,TCGA-AR-A250,1,train
HRD_Score,TCGA-AR-A251,1,train
HRD_Score,TCGA-AR-A254,1,train
HRD_Score,TCGA-AR-A256,1,train
HRD_Score,TCGA-AR-A2LH,1,train
HRD_Score,TCGA-AR-A2LN,1,train
HRD_Score,TCGA-AR-A2LO,1,train
HRD_Score,TCGA-AR-A2LQ,1,train
HRD_Score,TCGA-AR-A5QM,1,train
HRD_Score,TCGA-AR-A5QN,1,train
HRD_Score,TCGA-AR-A5QP,1,train
HRD_Score,TCGA-AR-A5QQ,1,train
HRD_Score,TCGA-B6-A0I2,1,train
HRD_Score,TCGA-B6-A0I5,1,train
HRD_Score,TCGA-B6-A0IB,1,train
HRD_Score,TCGA-B6-A0IC,1,train
HRD_Score,TCGA-B6-A0IE,1,train
HRD_Score,TCGA-B6-A0IH,1,train
HRD_Score,TCGA-B6-A0IJ,1,train
HRD_Score,TCGA-B6-A0IN,1,train
HRD_Score,TCGA-B6-A0RE,1,train
HRD_Score,TCGA-B6-A0RG,1,train
HRD_Score,TCGA-B6-A0RH,1,train
HRD_Score,TCGA-B6-A0RL,1,train
HRD_Score,TCGA-B6-A0RN,1,train
HRD_Score,TCGA-B6-A0RO,1,train
HRD_Score,TCGA-B6-A0RP,1,train
HRD_Score,TCGA-B6-A0RS,1,train
HRD_Score,TCGA-B6-A0RU,1,train
HRD_Score,TCGA-B6-A0RV,1,train
HRD_Score,TCGA-B6-A0WS,1,train
HRD_Score,TCGA-B6-A0WW,1,train
HRD_Score,TCGA-B6-A0WY,1,train
HRD_Score,TCGA-B6-A0WZ,1,train
HRD_Score,TCGA-B6-A0X1,1,train
HRD_Score,TCGA-B6-A0X5,1,train
HRD_Score,TCGA-B6-A1KF,1,train
HRD_Score,TCGA-B6-A1KN,1,train
HRD_Score,TCGA-B6-A2IU,1,train
HRD_Score,TCGA-B6-A401,1,train
HRD_Score,TCGA-B6-A409,1,train
HRD_Score,TCGA-BH-A0AU,1,train
HRD_Score,TCGA-BH-A0AV,1,train
HRD_Score,TCGA-BH-A0AW,1,train
HRD_Score,TCGA-BH-A0AY,1,train
HRD_Score,TCGA-BH-A0AZ,1,train
HRD_Score,TCGA-BH-A0B3,1,train
HRD_Score,TCGA-BH-A0B5,1,train
HRD_Score,TCGA-BH-A0B9,1,train
HRD_Score,TCGA-BH-A0BC,1,train
HRD_Score,TCGA-BH-A0BF,1,train
HRD_Score,TCGA-BH-A0BJ,1,train
HRD_Score,TCGA-BH-A0BM,1,train
HRD_Score,TCGA-BH-A0BO,1,train
HRD_Score,TCGA-BH-A0BP,1,train
HRD_Score,TCGA-BH-A0BR,1,train
HRD_Score,TCGA-BH-A0BT,1,train
HRD_Score,TCGA-BH-A0BZ,1,train
HRD_Score,TCGA-BH-A0C1,1,train
HRD_Score,TCGA-BH-A0C3,1,train
HRD_Score,TCGA-BH-A0C7,1,train
HRD_Score,TCGA-BH-A0DH,1,train
HRD_Score,TCGA-BH-A0DI,1,train
HRD_Score,TCGA-BH-A0DK,1,train
HRD_Score,TCGA-BH-A0DL,1,train
HRD_Score,TCGA-BH-A0DO,1,train
HRD_Score,TCGA-BH-A0DQ,1,train
HRD_Score,TCGA-BH-A0DS,1,train
HRD_Score,TCGA-BH-A0DT,1,train
HRD_Score,TCGA-BH-A0DV,1,train
HRD_Score,TCGA-BH-A0DX,1,train
HRD_Score,TCGA-BH-A0DZ,1,train
HRD_Score,TCGA-BH-A0E0,1,train
HRD_Score,TCGA-BH-A0E1,1,train
HRD_Score,TCGA-BH-A0E2,1,train
HRD_Score,TCGA-BH-A0E7,1,train
HRD_Score,TCGA-BH-A0E9,1,train
HRD_Score,TCGA-BH-A0EA,1,train
HRD_Score,TCGA-BH-A0EB,1,train
HRD_Score,TCGA-BH-A0H7,1,train
HRD_Score,TCGA-BH-A0HA,1,train
HRD_Score,TCGA-BH-A0HB,1,train
HRD_Score,TCGA-BH-A0HI,1,train
HRD_Score,TCGA-BH-A0HK,1,train
HRD_Score,TCGA-BH-A0HO,1,train
HRD_Score,TCGA-BH-A0HP,1,train
HRD_Score,TCGA-BH-A0HU,1,train
HRD_Score,TCGA-BH-A0HW,1,train
HRD_Score,TCGA-BH-A0HX,1,train
HRD_Score,TCGA-BH-A0HY,1,train
HRD_Score,TCGA-BH-A0W3,1,train
HRD_Score,TCGA-BH-A0W4,1,train
HRD_Score,TCGA-BH-A0WA,1,train
HRD_Score,TCGA-BH-A18F,1,train
HRD_Score,TCGA-BH-A18H,1,train
HRD_Score,TCGA-BH-A18I,1,train
HRD_Score,TCGA-BH-A18J,1,train
HRD_Score,TCGA-BH-A18K,1,train
HRD_Score,TCGA-BH-A18L,1,train
HRD_Score,TCGA-BH-A18M,1,train
HRD_Score,TCGA-BH-A18N,1,train
HRD_Score,TCGA-BH-A18P,1,train
HRD_Score,TCGA-BH-A18R,1,train
HRD_Score,TCGA-BH-A18T,1,train
HRD_Score,TCGA-BH-A18U,1,train
HRD_Score,TCGA-BH-A1ET,1,train
HRD_Score,TCGA-BH-A1EU,1,train
HRD_Score,TCGA-BH-A1EV,1,train
HRD_Score,TCGA-BH-A1EW,1,train
HRD_Score,TCGA-BH-A1EY,1,train
HRD_Score,TCGA-BH-A1F0,1,train
HRD_Score,TCGA-BH-A1F2,1,train
HRD_Score,TCGA-BH-A1FE,1,train
HRD_Score,TCGA-BH-A1FG,1,train
HRD_Score,TCGA-BH-A1FJ,1,train
HRD_Score,TCGA-BH-A1FL,1,train
HRD_Score,TCGA-BH-A1FM,1,train
HRD_Score,TCGA-BH-A1FN,1,train
HRD_Score,TCGA-BH-A1FU,1,train
HRD_Score,TCGA-BH-A208,1,train
HRD_Score,TCGA-BH-A209,1,train
HRD_Score,TCGA-BH-A28Q,1,train
HRD_Score,TCGA-BH-A2L8,1,train
HRD_Score,TCGA-BH-A5IZ,1,train
HRD_Score,TCGA-BH-A6R8,1,train
HRD_Score,TCGA-BH-A6R9,1,train
HRD_Score,TCGA-BH-A8FZ,1,train
HRD_Score,TCGA-BH-A8G0,1,train
HRD_Score,TCGA-C8-A12L,1,train
HRD_Score,TCGA-C8-A12N,1,train
HRD_Score,TCGA-C8-A12O,1,train
HRD_Score,TCGA-C8-A12P,1,train
HRD_Score,TCGA-C8-A12U,1,train
HRD_Score,TCGA-C8-A12W,1,train
HRD_Score,TCGA-C8-A12Y,1,train
HRD_Score,TCGA-C8-A130,1,train
HRD_Score,TCGA-C8-A131,1,train
HRD_Score,TCGA-C8-A132,1,train
HRD_Score,TCGA-C8-A133,1,train
HRD_Score,TCGA-C8-A137,1,train
HRD_Score,TCGA-C8-A138,1,train
HRD_Score,TCGA-C8-A1HE,1,train
HRD_Score,TCGA-C8-A1HF,1,train
HRD_Score,TCGA-C8-A1HJ,1,train
HRD_Score,TCGA-C8-A1HK,1,train
HRD_Score,TCGA-C8-A1HL,1,train
HRD_Score,TCGA-C8-A1HM,1,train
HRD_Score,TCGA-C8-A26V,1,train
HRD_Score,TCGA-C8-A26X,1,train
HRD_Score,TCGA-C8-A26Y,1,train
HRD_Score,TCGA-C8-A273,1,train
HRD_Score,TCGA-C8-A275,1,train
HRD_Score,TCGA-C8-A27A,1,train
HRD_Score,TCGA-C8-A27B,1,train
HRD_Score,TCGA-C8-A8HP,1,train
HRD_Score,TCGA-C8-A8HQ,1,train
HRD_Score,TCGA-C8-A8HR,1,train
HRD_Score,TCGA-D8-A13Y,1,train
HRD_Score,TCGA-D8-A13Z,1,train
HRD_Score,TCGA-D8-A140,1,train
HRD_Score,TCGA-D8-A141,1,train
HRD_Score,TCGA-D8-A143,1,train
HRD_Score,TCGA-D8-A145,1,train
HRD_Score,TCGA-D8-A147,1,train
HRD_Score,TCGA-D8-A1J8,1,train
HRD_Score,TCGA-D8-A1J9,1,train
HRD_Score,TCGA-D8-A1JA,1,train
HRD_Score,TCGA-D8-A1JB,1,train
HRD_Score,TCGA-D8-A1JC,1,train
HRD_Score,TCGA-D8-A1JF,1,train
HRD_Score,TCGA-D8-A1JG,1,train
HRD_Score,TCGA-D8-A1JH,1,train
HRD_Score,TCGA-D8-A1JJ,1,train
HRD_Score,TCGA-D8-A1JL,1,train
HRD_Score,TCGA-D8-A1JM,1,train
HRD_Score,TCGA-D8-A1JN,1,train
HRD_Score,TCGA-D8-A1JP,1,train
HRD_Score,TCGA-D8-A1JS,1,train
HRD_Score,TCGA-D8-A1JT,1,train
HRD_Score,TCGA-D8-A1X7,1,train
HRD_Score,TCGA-D8-A1X8,1,train
HRD_Score,TCGA-D8-A1X9,1,train
HRD_Score,TCGA-D8-A1XB,1,train
HRD_Score,TCGA-D8-A1XF,1,train
HRD_Score,TCGA-D8-A1XG,1,train
HRD_Score,TCGA-D8-A1XJ,1,train
HRD_Score,TCGA-D8-A1XK,1,train
HRD_Score,TCGA-D8-A1XM,1,train
HRD_Score,TCGA-D8-A1XO,1,train
HRD_Score,TCGA-D8-A1XT,1,train
HRD_Score,TCGA-D8-A1XV,1,train
HRD_Score,TCGA-D8-A1XY,1,train
HRD_Score,TCGA-D8-A1XZ,1,train
HRD_Score,TCGA-D8-A1Y0,1,train
HRD_Score,TCGA-D8-A1Y1,1,train
HRD_Score,TCGA-D8-A1Y2,1,train
HRD_Score,TCGA-D8-A1Y3,1,train
HRD_Score,TCGA-D8-A27E,1,train
HRD_Score,TCGA-D8-A27H,1,train
HRD_Score,TCGA-D8-A27L,1,train
HRD_Score,TCGA-D8-A27M,1,train
HRD_Score,TCGA-D8-A27R,1,train
HRD_Score,TCGA-D8-A27T,1,train
HRD_Score,TCGA-D8-A27V,1,train
HRD_Score,TCGA-D8-A27W,1,train
HRD_Score,TCGA-D8-A3Z6,1,train
HRD_Score,TCGA-D8-A73U,1,train
HRD_Score,TCGA-D8-A73W,1,train
HRD_Score,TCGA-D8-A73X,1,train
HRD_Score,TCGA-E2-A10C,1,train
HRD_Score,TCGA-E2-A14O,1,train
HRD_Score,TCGA-E2-A14Q,1,train
HRD_Score,TCGA-E2-A14R,1,train
HRD_Score,TCGA-E2-A14Y,1,train
HRD_Score,TCGA-E2-A14Z,1,train
HRD_Score,TCGA-E2-A150,1,train
HRD_Score,TCGA-E2-A152,1,train
HRD_Score,TCGA-E2-A153,1,train
HRD_Score,TCGA-E2-A154,1,train
HRD_Score,TCGA-E2-A155,1,train
HRD_Score,TCGA-E2-A156,1,train
HRD_Score,TCGA-E2-A158,1,train
HRD_Score,TCGA-E2-A159,1,train
HRD_Score,TCGA-E2-A15A,1,train
HRD_Score,TCGA-E2-A15C,1,train
HRD_Score,TCGA-E2-A15D,1,train
HRD_Score,TCGA-E2-A15E,1,train
HRD_Score,TCGA-E2-A15G,1,train
HRD_Score,TCGA-E2-A15H,1,train
HRD_Score,TCGA-E2-A15J,1,train
HRD_Score,TCGA-E2-A15K,1,train
HRD_Score,TCGA-E2-A15O,1,train
HRD_Score,TCGA-E2-A15P,1,train
HRD_Score,TCGA-E2-A15T,1,train
HRD_Score,TCGA-E2-A1AZ,1,train
HRD_Score,TCGA-E2-A1B0,1,train
HRD_Score,TCGA-E2-A1B4,1,train
HRD_Score,TCGA-E2-A1B5,1,train
HRD_Score,TCGA-E2-A1BD,1,train
HRD_Score,TCGA-E2-A1IE,1,train
HRD_Score,TCGA-E2-A1IF,1,train
HRD_Score,TCGA-E2-A1IG,1,train
HRD_Score,TCGA-E2-A1IH,1,train
HRD_Score,TCGA-E2-A1IL,1,train
HRD_Score,TCGA-E2-A1IO,1,train
HRD_Score,TCGA-E2-A1IU,1,train
HRD_Score,TCGA-E2-A1L6,1,train
HRD_Score,TCGA-E2-A1L8,1,train
HRD_Score,TCGA-E2-A1L9,1,train
HRD_Score,TCGA-E2-A1LA,1,train
HRD_Score,TCGA-E2-A1LG,1,train
HRD_Score,TCGA-E2-A1LH,1,train
HRD_Score,TCGA-E2-A56Z,1,train
HRD_Score,TCGA-E2-A570,1,train
HRD_Score,TCGA-E2-A573,1,train
HRD_Score,TCGA-E2-A9RU,1,train
HRD_Score,TCGA-E9-A1N3,1,train
HRD_Score,TCGA-E9-A1N5,1,train
HRD_Score,TCGA-E9-A1N8,1,train
HRD_Score,TCGA-E9-A1N9,1,train
HRD_Score,TCGA-E9-A1NA,1,train
HRD_Score,TCGA-E9-A1NC,1,train
HRD_Score,TCGA-E9-A1ND,1,train
HRD_Score,TCGA-E9-A1NE,1,train
HRD_Score,TCGA-E9-A1NG,1,train
HRD_Score,TCGA-E9-A1NH,1,train
HRD_Score,TCGA-E9-A1NI,1,train
HRD_Score,TCGA-E9-A1R0,1,train
HRD_Score,TCGA-E9-A1R3,1,train
HRD_Score,TCGA-E9-A1R5,1,train
HRD_Score,TCGA-E9-A1R6,1,train
HRD_Score,TCGA-E9-A1R7,1,train
HRD_Score,TCGA-E9-A1RA,1,train
HRD_Score,TCGA-E9-A1RD,1,train
HRD_Score,TCGA-E9-A1RE,1,train
HRD_Score,TCGA-E9-A1RH,1,train
HRD_Score,TCGA-E9-A226,1,train
HRD_Score,TCGA-E9-A227,1,train
HRD_Score,TCGA-E9-A228,1,train
HRD_Score,TCGA-E9-A229,1,train
HRD_Score,TCGA-E9-A22A,1,train
HRD_Score,TCGA-E9-A22B,1,train
HRD_Score,TCGA-E9-A22D,1,train
HRD_Score,TCGA-E9-A22E,1,train
HRD_Score,TCGA-E9-A243,1,train
HRD_Score,TCGA-E9-A244,1,train
HRD_Score,TCGA-E9-A245,1,train
HRD_Score,TCGA-E9-A247,1,train
HRD_Score,TCGA-E9-A248,1,train
HRD_Score,TCGA-E9-A24A,1,train
HRD_Score,TCGA-E9-A295,1,train
HRD_Score,TCGA-E9-A2JS,1,train
HRD_Score,TCGA-E9-A2JT,1,train
HRD_Score,TCGA-E9-A3X8,1,train
HRD_Score,TCGA-E9-A5FL,1,train
HRD_Score,TCGA-E9-A5UO,1,train
HRD_Score,TCGA-E9-A6HE,1,train
HRD_Score,TCGA-EW-A1IW,1,train
HRD_Score,TCGA-EW-A1IY,1,train
HRD_Score,TCGA-EW-A1IZ,1,train
HRD_Score,TCGA-EW-A1J3,1,train
HRD_Score,TCGA-EW-A1J6,1,train
HRD_Score,TCGA-EW-A1OY,1,train
HRD_Score,TCGA-EW-A1OZ,1,train
HRD_Score,TCGA-EW-A1P0,1,train
HRD_Score,TCGA-EW-A1P3,1,train
HRD_Score,TCGA-EW-A1P6,1,train
HRD_Score,TCGA-EW-A1P8,1,train
HRD_Score,TCGA-EW-A1PA,1,train
HRD_Score,TCGA-EW-A1PB,1,train
HRD_Score,TCGA-EW-A1PE,1,train
HRD_Score,TCGA-EW-A1PG,1,train
HRD_Score,TCGA-EW-A1PH,1,train
HRD_Score,TCGA-EW-A2FV,1,train
HRD_Score,TCGA-EW-A6SB,1,train
HRD_Score,TCGA-EW-A6SC,1,train
HRD_Score,TCGA-EW-A6SD,1,train
HRD_Score,TCGA-GM-A2DB,1,train
HRD_Score,TCGA-GM-A2DC,1,train
HRD_Score,TCGA-GM-A2DF,1,train
HRD_Score,TCGA-GM-A2DH,1,train
HRD_Score,TCGA-GM-A2DK,1,train
HRD_Score,TCGA-GM-A2DM,1,train
HRD_Score,TCGA-GM-A2DN,1,train
HRD_Score,TCGA-GM-A3NW,1,train
HRD_Score,TCGA-GM-A5PX,1,train
HRD_Score,TCGA-HN-A2NL,1,train
HRD_Score,TCGA-HN-A2OB,1,train
HRD_Score,TCGA-LD-A66U,1,train
HRD_Score,TCGA-LD-A7W5,1,train
HRD_Score,TCGA-LL-A50Y,1,train
HRD_Score,TCGA-LL-A5YL,1,train
HRD_Score,TCGA-LL-A5YM,1,train
HRD_Score,TCGA-LL-A5YN,1,train
HRD_Score,TCGA-LL-A5YP,1,train
HRD_Score,TCGA-LL-A6FQ,1,train
HRD_Score,TCGA-LL-A6FR,1,train
HRD_Score,TCGA-LL-A73Y,1,train
HRD_Score,TCGA-LL-A73Z,1,train
HRD_Score,TCGA-LL-A7SZ,1,train
HRD_Score,TCGA-LL-A7T0,1,train
HRD_Score,TCGA-LL-A9Q3,1,train
HRD_Score,TCGA-OK-A5Q2,1,train
HRD_Score,TCGA-OL-A5D7,1,train
HRD_Score,TCGA-OL-A5D8,1,train
HRD_Score,TCGA-OL-A5DA,1,train
HRD_Score,TCGA-OL-A5RV,1,train
HRD_Score,TCGA-OL-A5RW,1,train
HRD_Score,TCGA-OL-A5RX,1,train
HRD_Score,TCGA-OL-A5RY,1,train
HRD_Score,TCGA-OL-A5RZ,1,train
HRD_Score,TCGA-OL-A5S0,1,train
HRD_Score,TCGA-OL-A66I,1,train
HRD_Score,TCGA-OL-A66J,1,train
HRD_Score,TCGA-OL-A66K,1,train
HRD_Score,TCGA-OL-A66L,1,train
HRD_Score,TCGA-OL-A66N,1,train
HRD_Score,TCGA-OL-A66O,1,train
HRD_Score,TCGA-OL-A6VO,1,train
HRD_Score,TCGA-OL-A6VQ,1,train
HRD_Score,TCGA-OL-A6VR,1,train
HRD_Score,TCGA-OL-A97C,1,train
HRD_Score,TCGA-PE-A5DD,1,train
HRD_Score,TCGA-PE-A5DE,1,train
HRD_Score,TCGA-PL-A8LV,1,train
HRD_Score,TCGA-PL-A8LY,1,train
HRD_Score,TCGA-PL-A8LZ,1,train
HRD_Score,TCGA-S3-A6ZF,1,train
HRD_Score,TCGA-S3-A6ZG,1,train
HRD_Score,TCGA-S3-A6ZH,1,train
HRD_Score,TCGA-S3-AA10,1,train
HRD_Score,TCGA-S3-AA11,1,train
HRD_Score,TCGA-S3-AA12,1,train
HRD_Score,TCGA-S3-AA17,1,train
HRD_Score,TCGA-UU-A93S,1,train
HRD_Score,TCGA-V7-A7HQ,1,train
HRD_Score,TCGA-W8-A86G,1,train
HRD_Score,TCGA-WT-AB41,1,train
HRD_Score,TCGA-WT-AB44,1,train
HRD_Score,TCGA-XX-A899,1,train
HRD_Score,TCGA-XX-A89A,1,train
HRD_Score,TCGA-E9-A295,1,inner_train
HRD_Score,TCGA-D8-A1X9,1,inner_train
HRD_Score,TCGA-AR-A254,1,inner_train
HRD_Score,TCGA-BH-A0HO,1,inner_train
HRD_Score,TCGA-E9-A1R3,1,inner_train
HRD_Score,TCGA-BH-A0BF,1,inner_train
HRD_Score,TCGA-D8-A1Y3,1,inner_train
HRD_Score,TCGA-E9-A6HE,1,inner_train
HRD_Score,TCGA-EW-A6SD,1,inner_train
HRD_Score,TCGA-A2-A0CT,1,inner_train
HRD_Score,TCGA-E2-A1B0,1,inner_train
HRD_Score,TCGA-AN-A041,1,inner_train
HRD_Score,TCGA-E2-A15J,1,inner_train
HRD_Score,TCGA-E2-A1L6,1,inner_train
HRD_Score,TCGA-C8-A27A,1,inner_train
HRD_Score,TCGA-E2-A15A,1,inner_train
HRD_Score,TCGA-E9-A2JS,1,inner_train
HRD_Score,TCGA-BH-A0HB,1,inner_train
HRD_Score,TCGA-BH-A0AY,1,inner_train
HRD_Score,TCGA-A7-A26H,1,inner_train
HRD_Score,TCGA-EW-A6SB,1,inner_train
HRD_Score,TCGA-BH-A209,1,inner_train
HRD_Score,TCGA-A8-A07I,1,inner_train
HRD_Score,TCGA-AN-A0XU,1,inner_train
HRD_Score,TCGA-BH-A28Q,1,inner_train
HRD_Score,TCGA-B6-A0IN,1,inner_train
HRD_Score,TCGA-E2-A573,1,inner_train
HRD_Score,TCGA-D8-A1XY,1,inner_train
HRD_Score,TCGA-E9-A244,1,inner_train
HRD_Score,TCGA-E2-A1IF,1,inner_train
HRD_Score,TCGA-AN-A0FW,1,inner_train
HRD_Score,TCGA-D8-A140,1,inner_train
HRD_Score,TCGA-AC-A6IX,1,inner_train
HRD_Score,TCGA-A2-A0SW,1,inner_train
HRD_Score,TCGA-E2-A1AZ,1,inner_train
HRD_Score,TCGA-GM-A2DM,1,inner_train
HRD_Score,TCGA-OL-A5RY,1,inner_train
HRD_Score,TCGA-A2-A0CR,1,inner_train
HRD_Score,TCGA-B6-A0WY,1,inner_train
HRD_Score,TCGA-AN-A0FS,1,inner_train
HRD_Score,TCGA-WT-AB44,1,inner_train
HRD_Score,TCGA-D8-A27E,1,inner_train
HRD_Score,TCGA-A7-A0DA,1,inner_train
HRD_Score,TCGA-3C-AALI,1,inner_train
HRD_Score,TCGA-A8-A09V,1,inner_train
HRD_Score,TCGA-A8-A09N,1,inner_train
HRD_Score,TCGA-D8-A1XG,1,inner_train
HRD_Score,TCGA-AR-A1AU,1,inner_train
HRD_Score,TCGA-AN-A0FX,1,inner_train
HRD_Score,TCGA-B6-A0RH,1,inner_train
HRD_Score,TCGA-BH-A0E7,1,inner_train
HRD_Score,TCGA-E9-A229,1,inner_train
HRD_Score,TCGA-E2-A1B5,1,inner_train
HRD_Score,TCGA-A2-A0YH,1,inner_train
HRD_Score,TCGA-E2-A14Z,1,inner_train
HRD_Score,TCGA-AN-A0FZ,1,inner_train
HRD_Score,TCGA-AO-A12H,1,inner_train
HRD_Score,TCGA-B6-A1KN,1,inner_train
HRD_Score,TCGA-A2-A04N,1,inner_train
HRD_Score,TCGA-BH-A0H7,1,inner_train
HRD_Score,TCGA-D8-A1XT,1,inner_train
HRD_Score,TCGA-OL-A66K,1,inner_train
HRD_Score,TCGA-AC-A23E,1,inner_train
HRD_Score,TCGA-OL-A5RX,1,inner_train
HRD_Score,TCGA-AN-A046,1,inner_train
HRD_Score,TCGA-OL-A66I,1,inner_train
HRD_Score,TCGA-LL-A50Y,1,inner_train
HRD_Score,TCGA-A7-A0D9,1,inner_train
HRD_Score,TCGA-C8-A12Y,1,inner_train
HRD_Score,TCGA-AR-A24N,1,inner_train
HRD_Score,TCGA-A8-A07P,1,inner_train
HRD_Score,TCGA-BH-A0HU,1,inner_train
HRD_Score,TCGA-AO-A12D,1,inner_train
HRD_Score,TCGA-AR-A1AJ,1,inner_train
HRD_Score,TCGA-C8-A8HP,1,inner_train
HRD_Score,TCGA-E2-A152,1,inner_train
HRD_Score,TCGA-A1-A0SQ,1,inner_train
HRD_Score,TCGA-A7-A26J,1,inner_train
HRD_Score,TCGA-BH-A8G0,1,inner_train
HRD_Score,TCGA-XX-A899,1,inner_train
HRD_Score,TCGA-E9-A228,1,inner_train
HRD_Score,TCGA-AN-A0FJ,1,inner_train
HRD_Score,TCGA-EW-A1J3,1,inner_train
HRD_Score,TCGA-AR-A250,1,inner_train
HRD_Score,TCGA-AN-A0FV,1,inner_train
HRD_Score,TCGA-AR-A251,1,inner_train
HRD_Score,TCGA-GM-A5PX,1,inner_train
HRD_Score,TCGA-EW-A1PB,1,inner_train
HRD_Score,TCGA-D8-A1JH,1,inner_train
HRD_Score,TCGA-D8-A143,1,inner_train
HRD_Score,TCGA-AC-A62Y,1,inner_train
HRD_Score,TCGA-AR-A0TY,1,inner_train
HRD_Score,TCGA-AO-A0J7,1,inner_train
HRD_Score,TCGA-BH-A0AV,1,inner_train
HRD_Score,TCGA-AR-A1AH,1,inner_train
HRD_Score,TCGA-E2-A1IU,1,inner_train
HRD_Score,TCGA-AR-A24X,1,inner_train
HRD_Score,TCGA-B6-A0RS,1,inner_train
HRD_Score,TCGA-A2-A0EV,1,inner_train
HRD_Score,TCGA-BH-A1FJ,1,inner_train
HRD_Score,TCGA-D8-A1X8,1,inner_train
HRD_Score,TCGA-A8-A07B,1,inner_train
HRD_Score,TCGA-EW-A1PG,1,inner_train
HRD_Score,TCGA-AR-A2LQ,1,inner_train
HRD_Score,TCGA-E2-A15O,1,inner_train
HRD_Score,TCGA-AR-A1AP,1,inner_train
HRD_Score,TCGA-AN-A0AL,1,inner_train
HRD_Score,TCGA-D8-A1XO,1,inner_train
HRD_Score,TCGA-BH-A1FL,1,inner_train
HRD_Score,TCGA-D8-A3Z6,1,inner_train
HRD_Score,TCGA-A8-A08T,1,inner_train
HRD_Score,TCGA-AR-A24Z,1,inner_train
HRD_Score,TCGA-B6-A0RU,1,inner_train
HRD_Score,TCGA-BH-A1ET,1,inner_train
HRD_Score,TCGA-OL-A5D7,1,inner_train
HRD_Score,TCGA-C8-A1HK,1,inner_train
HRD_Score,TCGA-E9-A1RD,1,inner_train
HRD_Score,TCGA-B6-A401,1,inner_train
HRD_Score,TCGA-A8-A095,1,inner_train
HRD_Score,TCGA-A8-A079,1,inner_train
HRD_Score,TCGA-E2-A158,1,inner_train
HRD_Score,TCGA-A8-A096,1,inner_train
HRD_Score,TCGA-LL-A73Z,1,inner_train
HRD_Score,TCGA-BH-A0DH,1,inner_train
HRD_Score,TCGA-BH-A1EV,1,inner_train
HRD_Score,TCGA-BH-A0EA,1,inner_train
HRD_Score,TCGA-A8-A09Q,1,inner_train
HRD_Score,TCGA-E9-A22A,1,inner_train
HRD_Score,TCGA-A7-A0DB,1,inner_train
HRD_Score,TCGA-C8-A12L,1,inner_train
HRD_Score,TCGA-BH-A0B3,1,inner_train
HRD_Score,TCGA-AO-A03O,1,inner_train
HRD_Score,TCGA-D8-A1JA,1,inner_train
HRD_Score,TCGA-D8-A1XZ,1,inner_train
HRD_Score,TCGA-A2-A3Y0,1,inner_train
HRD_Score,TCGA-C8-A273,1,inner_train
HRD_Score,TCGA-BH-A0EB,1,inner_train
HRD_Score,TCGA-EW-A1PE,1,inner_train
HRD_Score,TCGA-A8-A09T,1,inner_train
HRD_Score,TCGA-EW-A1PA,1,inner_train
HRD_Score,TCGA-AN-A0XO,1,inner_train
HRD_Score,TCGA-A2-A0D0,1,inner_train
HRD_Score,TCGA-E9-A1R0,1,inner_train
HRD_Score,TCGA-BH-A0BC,1,inner_train
HRD_Score,TCGA-BH-A0HA,1,inner_train
HRD_Score,TCGA-E9-A243,1,inner_train
HRD_Score,TCGA-A7-A5ZV,1,inner_train
HRD_Score,TCGA-AR-A0TR,1,inner_train
HRD_Score,TCGA-W8-A86G,1,inner_train
HRD_Score,TCGA-C8-A275,1,inner_train
HRD_Score,TCGA-A2-A0YG,1,inner_train
HRD_Score,TCGA-E2-A15H,1,inner_train
HRD_Score,TCGA-OL-A5DA,1,inner_train
HRD_Score,TCGA-A2-A0T6,1,inner_train
HRD_Score,TCGA-EW-A1IW,1,inner_train
HRD_Score,TCGA-AR-A5QM,1,inner_train
HRD_Score,TCGA-E2-A56Z,1,inner_train
HRD_Score,TCGA-AC-A8OR,1,inner_train
HRD_Score,TCGA-OL-A5RZ,1,inner_train
HRD_Score,TCGA-C8-A26Y,1,inner_train
HRD_Score,TCGA-AO-A0JG,1,inner_train
HRD_Score,TCGA-A2-A0YD,1,inner_train
HRD_Score,TCGA-AR-A1AN,1,inner_train
HRD_Score,TCGA-OL-A6VR,1,inner_train
HRD_Score,TCGA-D8-A13Y,1,inner_train
HRD_Score,TCGA-D8-A1JP,1,inner_train
HRD_Score,TCGA-AR-A0TX,1,inner_train
HRD_Score,TCGA-E9-A1NG,1,inner_train
HRD_Score,TCGA-C8-A1HE,1,inner_train
HRD_Score,TCGA-A8-A09C,1,inner_train
HRD_Score,TCGA-BH-A18K,1,inner_train
HRD_Score,TCGA-D8-A1JC,1,inner_train
HRD_Score,TCGA-E2-A1LA,1,inner_train
HRD_Score,TCGA-BH-A1F0,1,inner_train
HRD_Score,TCGA-A8-A07Z,1,inner_train
HRD_Score,TCGA-C8-A130,1,inner_train
HRD_Score,TCGA-A8-A09A,1,inner_train
HRD_Score,TCGA-A2-A0T7,1,inner_train
HRD_Score,TCGA-A2-A04R,1,inner_train
HRD_Score,TCGA-5L-AAT0,1,inner_train
HRD_Score,TCGA-AC-A5EH,1,inner_train
HRD_Score,TCGA-A2-A0SX,1,inner_train
HRD_Score,TCGA-A2-A0SY,1,inner_train
HRD_Score,TCGA-D8-A1Y0,1,inner_train
HRD_Score,TCGA-BH-A1FN,1,inner_train
HRD_Score,TCGA-A2-A0YL,1,inner_train
HRD_Score,TCGA-A8-A0A6,1,inner_train
HRD_Score,TCGA-A2-A1FX,1,inner_train
HRD_Score,TCGA-A8-A0A7,1,inner_train
HRD_Score,TCGA-A8-A09G,1,inner_train
HRD_Score,TCGA-E2-A15E,1,inner_train
HRD_Score,TCGA-E2-A15D,1,inner_train
HRD_Score,TCGA-A2-A0T2,1,inner_train
HRD_Score,TCGA-E2-A153,1,inner_train
HRD_Score,TCGA-C8-A12O,1,inner_train
HRD_Score,TCGA-AR-A24L,1,inner_train
HRD_Score,TCGA-A2-A0CU,1,inner_train
HRD_Score,TCGA-BH-A18N,1,inner_train
HRD_Score,TCGA-AR-A24O,1,inner_train
HRD_Score,TCGA-AO-A1KP,1,inner_train
HRD_Score,TCGA-D8-A1Y2,1,inner_train
HRD_Score,TCGA-D8-A1XF,1,inner_train
HRD_Score,TCGA-LL-A9Q3,1,inner_train
HRD_Score,TCGA-A8-A076,1,inner_train
HRD_Score,TCGA-A8-A08O,1,inner_train
HRD_Score,TCGA-C8-A12P,1,inner_train
HRD_Score,TCGA-LD-A7W5,1,inner_train
HRD_Score,TCGA-D8-A27W,1,inner_train
HRD_Score,TCGA-B6-A2IU,1,inner_train
HRD_Score,TCGA-AQ-A04H,1,inner_train
HRD_Score,TCGA-HN-A2OB,1,inner_train
HRD_Score,TCGA-BH-A0DZ,1,inner_train
HRD_Score,TCGA-D8-A145,1,inner_train
HRD_Score,TCGA-C8-A12U,1,inner_train
HRD_Score,TCGA-E9-A24A,1,inner_train
HRD_Score,TCGA-A2-A0ES,1,inner_train
HRD_Score,TCGA-BH-A18F,1,inner_train
HRD_Score,TCGA-AN-A0FT,1,inner_train
HRD_Score,TCGA-B6-A0RP,1,inner_train
HRD_Score,TCGA-A8-A099,1,inner_train
HRD_Score,TCGA-A8-A0AD,1,inner_train
HRD_Score,TCGA-E2-A570,1,inner_train
HRD_Score,TCGA-PL-A8LY,1,inner_train
HRD_Score,TCGA-E2-A14O,1,inner_train
HRD_Score,TCGA-AO-A0JE,1,inner_train
HRD_Score,TCGA-E9-A1NA,1,inner_train
HRD_Score,TCGA-A8-A083,1,inner_train
HRD_Score,TCGA-A8-A07W,1,inner_train
HRD_Score,TCGA-B6-A0RN,1,inner_train
HRD_Score,TCGA-BH-A0AZ,1,inner_train
HRD_Score,TCGA-A8-A090,1,inner_train
HRD_Score,TCGA-BH-A18I,1,inner_train
HRD_Score,TCGA-A2-A0CP,1,inner_train
HRD_Score,TCGA-AC-A23H,1,inner_train
HRD_Score,TCGA-AR-A0TP,1,inner_train
HRD_Score,TCGA-BH-A0HI,1,inner_train
HRD_Score,TCGA-AO-A0JJ,1,inner_train
HRD_Score,TCGA-A2-A04V,1,inner_train
HRD_Score,TCGA-AO-A0JA,1,inner_train
HRD_Score,TCGA-A8-A092,1,inner_train
HRD_Score,TCGA-BH-A18R,1,inner_train
HRD_Score,TCGA-E9-A1R7,1,inner_train
HRD_Score,TCGA-PL-A8LV,1,inner_train
HRD_Score,TCGA-C8-A137,1,inner_train
HRD_Score,TCGA-GM-A2DB,1,inner_train
HRD_Score,TCGA-E9-A1NI,1,inner_train
HRD_Score,TCGA-A2-A0YT,1,inner_train
HRD_Score,TCGA-BH-A0BT,1,inner_train
HRD_Score,TCGA-A7-A0CH,1,inner_train
HRD_Score,TCGA-AO-A12A,1,inner_train
HRD_Score,TCGA-A2-A0T1,1,inner_train
HRD_Score,TCGA-A2-A0YK,1,inner_train
HRD_Score,TCGA-AR-A0U0,1,inner_train
HRD_Score,TCGA-BH-A0W3,1,inner_train
HRD_Score,TCGA-D8-A1XM,1,inner_train
HRD_Score,TCGA-D8-A1JL,1,inner_train
HRD_Score,TCGA-E2-A155,1,inner_train
HRD_Score,TCGA-D8-A1JF,1,inner_train
HRD_Score,TCGA-AO-A03T,1,inner_train
HRD_Score,TCGA-BH-A0BP,1,inner_train
HRD_Score,TCGA-E2-A14Y,1,inner_train
HRD_Score,TCGA-A2-A1G4,1,inner_train
HRD_Score,TCGA-BH-A0C1,1,inner_train
HRD_Score,TCGA-AN-A0FK,1,inner_train
HRD_Score,TCGA-BH-A0E9,1,inner_train
HRD_Score,TCGA-C8-A1HF,1,inner_train
HRD_Score,TCGA-A8-A06R,1,inner_train
HRD_Score,TCGA-B6-A0IE,1,inner_train
HRD_Score,TCGA-AC-A8OS,1,inner_train
HRD_Score,TCGA-A1-A0SK,1,inner_train
HRD_Score,TCGA-A2-A1G1,1,inner_train
HRD_Score,TCGA-B6-A1KF,1,inner_train
HRD_Score,TCGA-BH-A5IZ,1,inner_train
HRD_Score,TCGA-A2-A0CW,1,inner_train
HRD_Score,TCGA-C8-A12W,1,inner_train
HRD_Score,TCGA-A2-A3XU,1,inner_train
HRD_Score,TCGA-B6-A0WW,1,inner_train
HRD_Score,TCGA-AR-A24R,1,inner_train
HRD_Score,TCGA-LL-A6FR,1,inner_train
HRD_Score,TCGA-E9-A1RA,1,inner_train
HRD_Score,TCGA-BH-A0C7,1,inner_train
HRD_Score,TCGA-LL-A6FQ,1,inner_train
HRD_Score,TCGA-A7-A6VX,1,inner_train
HRD_Score,TCGA-A1-A0SE,1,inner_train
HRD_Score,TCGA-BH-A0HY,1,inner_train
HRD_Score,TCGA-3C-AALJ,1,inner_train
HRD_Score,TCGA-OL-A5D8,1,inner_train
HRD_Score,TCGA-BH-A0AW,1,inner_train
HRD_Score,TCGA-AR-A0TZ,1,inner_train
HRD_Score,TCGA-BH-A0DT,1,inner_train
HRD_Score,TCGA-D8-A1J8,1,inner_train
HRD_Score,TCGA-D8-A147,1,inner_train
HRD_Score,TCGA-OL-A66J,1,inner_train
HRD_Score,TCGA-E2-A1IO,1,inner_train
HRD_Score,TCGA-E2-A159,1,inner_train
HRD_Score,TCGA-BH-A0BZ,1,inner_train
HRD_Score,TCGA-AR-A1AQ,1,inner_train
HRD_Score,TCGA-B6-A0RE,1,inner_train
HRD_Score,TCGA-A2-A259,1,inner_train
HRD_Score,TCGA-OL-A5RW,1,inner_train
HRD_Score,TCGA-E2-A154,1,inner_train
HRD_Score,TCGA-E9-A245,1,inner_train
HRD_Score,TCGA-D8-A27R,1,inner_train
HRD_Score,TCGA-D8-A1JG,1,inner_train
HRD_Score,TCGA-A8-A08B,1,inner_train
HRD_Score,TCGA-E9-A1R5,1,inner_train
HRD_Score,TCGA-E2-A15P,1,inner_train
HRD_Score,TCGA-A8-A0A4,1,inner_train
HRD_Score,TCGA-BH-A0DV,1,inner_train
HRD_Score,TCGA-AR-A24V,1,inner_train
HRD_Score,TCGA-AO-A0JB,1,inner_train
HRD_Score,TCGA-AR-A24W,1,inner_train
HRD_Score,TCGA-GM-A3NW,1,inner_train
HRD_Score,TCGA-AC-A6NO,1,inner_train
HRD_Score,TCGA-A7-A6VW,1,inner_train
HRD_Score,TCGA-PL-A8LZ,1,inner_train
HRD_Score,TCGA-A2-A0SU,1,inner_train
HRD_Score,TCGA-A8-A09M,1,inner_train
HRD_Score,TCGA-BH-A0AU,1,inner_train
HRD_Score,TCGA-D8-A141,1,inner_train
HRD_Score,TCGA-AR-A1AI,1,inner_train
HRD_Score,TCGA-A1-A0SB,1,inner_train
HRD_Score,TCGA-A8-A06P,1,inner_train
HRD_Score,TCGA-A2-A0EX,1,inner_train
HRD_Score,TCGA-AC-A3OD,1,inner_train
HRD_Score,TCGA-E9-A1N3,1,inner_train
HRD_Score,TCGA-D8-A73X,1,inner_train
HRD_Score,TCGA-AC-A2FG,1,inner_train
HRD_Score,TCGA-AR-A2LO,1,inner_train
HRD_Score,TCGA-AN-A0XS,1,inner_train
HRD_Score,TCGA-AR-A5QP,1,inner_train
HRD_Score,TCGA-XX-A89A,1,inner_train
HRD_Score,TCGA-S3-AA11,1,inner_train
HRD_Score,TCGA-AO-A0J2,1,inner_train
HRD_Score,TCGA-OL-A66O,1,inner_train
HRD_Score,TCGA-A2-A04Y,1,inner_train
HRD_Score,TCGA-BH-A0E2,1,inner_train
HRD_Score,TCGA-E2-A15C,1,inner_train
HRD_Score,TCGA-BH-A0E1,1,inner_train
HRD_Score,TCGA-EW-A1IY,1,inner_train
HRD_Score,TCGA-S3-AA17,1,inner_train
HRD_Score,TCGA-LL-A5YM,1,inner_train
HRD_Score,TCGA-A8-A0AB,1,inner_train
HRD_Score,TCGA-D8-A1JJ,1,inner_train
HRD_Score,TCGA-A8-A07L,1,inner_train
HRD_Score,TCGA-E2-A1BD,1,inner_train
HRD_Score,TCGA-AN-A0XT,1,inner_train
HRD_Score,TCGA-A7-A5ZW,1,inner_train
HRD_Score,TCGA-D8-A27L,1,inner_train
HRD_Score,TCGA-AC-A23C,1,inner_train
HRD_Score,TCGA-C8-A132,1,inner_train
HRD_Score,TCGA-C8-A26V,1,inner_train
HRD_Score,TCGA-BH-A0HW,1,inner_train
HRD_Score,TCGA-AR-A256,1,inner_train
HRD_Score,TCGA-B6-A0RG,1,inner_train
HRD_Score,TCGA-D8-A73W,1,inner_train
HRD_Score,TCGA-D8-A1XB,1,inner_train
HRD_Score,TCGA-B6-A0RO,1,inner_train
HRD_Score,TCGA-E9-A227,1,inner_train
HRD_Score,TCGA-B6-A409,1,inner_train
HRD_Score,TCGA-D8-A27H,1,inner_train
HRD_Score,TCGA-E2-A15G,1,inner_train
HRD_Score,TCGA-A2-A1G0,1,inner_train
HRD_Score,TCGA-AR-A0TS,1,inner_train
HRD_Score,TCGA-OL-A6VQ,1,inner_train
HRD_Score,TCGA-AC-A7VC,1,inner_train
HRD_Score,TCGA-V7-A7HQ,1,inner_train
HRD_Score,TCGA-BH-A0BJ,1,inner_train
HRD_Score,TCGA-A2-A25C,1,inner_train
HRD_Score,TCGA-AO-A1KT,1,inner_train
HRD_Score,TCGA-D8-A1Y1,1,inner_train
HRD_Score,TCGA-E9-A1N9,1,inner_train
HRD_Score,TCGA-AR-A1AO,1,inner_train
HRD_Score,TCGA-E2-A1L8,1,inner_train
HRD_Score,TCGA-E2-A1IL,1,inner_train
HRD_Score,TCGA-AN-A0AS,1,inner_train
HRD_Score,TCGA-C8-A12N,1,inner_train
HRD_Score,TCGA-D8-A1J9,1,inner_train
HRD_Score,TCGA-EW-A1J6,1,inner_train
HRD_Score,TCGA-AR-A24S,1,inner_train
HRD_Score,TCGA-B6-A0RL,1,inner_train
HRD_Score,TCGA-OL-A66L,1,inner_train
HRD_Score,TCGA-E9-A1RH,1,inner_train
HRD_Score,TCGA-A8-A06Q,1,inner_train
HRD_Score,TCGA-EW-A1IZ,1,inner_train
HRD_Score,TCGA-C8-A1HL,1,inner_train
HRD_Score,TCGA-E9-A1NH,1,inner_train
HRD_Score,TCGA-EW-A1P8,1,inner_train
HRD_Score,TCGA-A8-A08Z,1,inner_train
HRD_Score,TCGA-EW-A1P6,1,inner_train
HRD_Score,TCGA-A1-A0SI,1,inner_train
HRD_Score,TCGA-A2-A0T0,1,inner_train
HRD_Score,TCGA-AC-A7VB,1,inner_train
HRD_Score,TCGA-B6-A0IJ,1,inner_train
HRD_Score,TCGA-EW-A1PH,1,inner_train
HRD_Score,TCGA-A8-A08R,1,inner_train
HRD_Score,TCGA-E9-A1NC,1,inner_train
HRD_Score,TCGA-AR-A2LN,1,inner_train
HRD_Score,TCGA-BH-A0DI,1,inner_train
HRD_Score,TCGA-AN-A03Y,1,inner_train
HRD_Score,TCGA-E9-A22D,1,inner_train
HRD_Score,TCGA-C8-A133,1,inner_train
HRD_Score,TCGA-E2-A14R,1,inner_train
HRD_Score,TCGA-PE-A5DE,1,inner_train
HRD_Score,TCGA-A8-A08G,1,inner_train
HRD_Score,TCGA-BH-A0DK,1,inner_train
HRD_Score,TCGA-E9-A2JT,1,inner_train
HRD_Score,TCGA-BH-A0HX,1,inner_train
HRD_Score,TCGA-LL-A5YL,1,inner_train
HRD_Score,TCGA-A2-A0SV,1,inner_train
HRD_Score,TCGA-A2-A0EW,1,inner_train
HRD_Score,TCGA-E2-A1B4,1,inner_train
HRD_Score,TCGA-D8-A27T,1,inner_train
HRD_Score,TCGA-AR-A24U,1,inner_train
HRD_Score,TCGA-E2-A1IH,1,inner_train
HRD_Score,TCGA-BH-A18P,1,inner_train
HRD_Score,TCGA-D8-A1JS,1,inner_train
HRD_Score,TCGA-BH-A0DQ,1,inner_train
HRD_Score,TCGA-BH-A1EU,1,inner_train
HRD_Score,TCGA-AC-A6IV,1,inner_train
HRD_Score,TCGA-C8-A1HM,1,inner_train
HRD_Score,TCGA-LL-A7T0,1,inner_train
HRD_Score,TCGA-BH-A0HK,1,inner_train
HRD_Score,TCGA-E2-A156,1,inner_train
HRD_Score,TCGA-A7-A0CJ,1,inner_train
HRD_Score,TCGA-BH-A0W4,1,inner_train
HRD_Score,TCGA-E2-A15K,1,inner_train
HRD_Score,TCGA-LD-A66U,1,inner_train
HRD_Score,TCGA-A2-A0T4,1,inner_train
HRD_Score,TCGA-D8-A1XK,1,inner_train
HRD_Score,TCGA-A1-A0SJ,1,inner_train
HRD_Score,TCGA-A8-A081,1,inner_train
HRD_Score,TCGA-B6-A0RV,1,inner_train
HRD_Score,TCGA-BH-A18U,1,inner_train
HRD_Score,TCGA-AN-A0AT,1,inner_train
HRD_Score,TCGA-B6-A0IB,1,inner_train
HRD_Score,TCGA-LL-A5YP,1,inner_train
HRD_Score,TCGA-A2-A25A,1,inner_train
HRD_Score,TCGA-OL-A5S0,1,inner_train
HRD_Score,TCGA-C8-A27B,1,inner_train
HRD_Score,TCGA-AN-A0FN,1,inner_train
HRD_Score,TCGA-AR-A0TW,1,inner_train
HRD_Score,TCGA-OL-A97C,1,inner_train
HRD_Score,TCGA-B6-A0I2,1,inner_train
HRD_Score,TCGA-S3-A6ZF,1,inner_train
HRD_Score,TCGA-BH-A1FM,1,inner_train
HRD_Score,TCGA-AR-A5QN,1,inner_train
HRD_Score,TCGA-AN-A0FY,1,inner_train
HRD_Score,TCGA-BH-A6R8,1,inner_train
HRD_Score,TCGA-EW-A1OY,1,inner_train
HRD_Score,TCGA-AC-A3YI,1,inner_train
HRD_Score,TCGA-AN-A0AJ,1,inner_train
HRD_Score,TCGA-A8-A0A2,1,inner_train
HRD_Score,TCGA-A8-A08H,1,inner_train
HRD_Score,TCGA-AQ-A04J,1,inner_train
HRD_Score,TCGA-WT-AB41,1,inner_train
HRD_Score,TCGA-B6-A0IC,1,inner_train
HRD_Score,TCGA-A7-A5ZX,1,inner_train
HRD_Score,TCGA-D8-A1XV,1,inner_train
HRD_Score,TCGA-B6-A0X1,1,inner_train
HRD_Score,TCGA-BH-A0DO,1,inner_train
HRD_Score,TCGA-A2-A0T5,1,inner_train
HRD_Score,TCGA-E9-A1ND,1,inner_val
HRD_Score,TCGA-AC-A8OP,1,inner_val
HRD_Score,TCGA-A2-A0D3,1,inner_val
HRD_Score,TCGA-AN-A0AR,1,inner_val
HRD_Score,TCGA-LL-A7SZ,1,inner_val
HRD_Score,TCGA-B6-A0IH,1,inner_val
HRD_Score,TCGA-E2-A10C,1,inner_val
HRD_Score,TCGA-A2-A25D,1,inner_val
HRD_Score,TCGA-AN-A04C,1,inner_val
HRD_Score,TCGA-AC-A2B8,1,inner_val
HRD_Score,TCGA-D8-A13Z,1,inner_val
HRD_Score,TCGA-BH-A18H,1,inner_val
HRD_Score,TCGA-A7-A13F,1,inner_val
HRD_Score,TCGA-BH-A0HP,1,inner_val
HRD_Score,TCGA-D8-A27M,1,inner_val
HRD_Score,TCGA-D8-A1JB,1,inner_val
HRD_Score,TCGA-E2-A1LG,1,inner_val
HRD_Score,TCGA-E9-A22B,1,inner_val
HRD_Score,TCGA-LL-A5YN,1,inner_val
HRD_Score,TCGA-AR-A2LH,1,inner_val
HRD_Score,TCGA-BH-A208,1,inner_val
HRD_Score,TCGA-AC-A3QQ,1,inner_val
HRD_Score,TCGA-E2-A15T,1,inner_val
HRD_Score,TCGA-BH-A0BR,1,inner_val
HRD_Score,TCGA-BH-A1F2,1,inner_val
HRD_Score,TCGA-S3-AA10,1,inner_val
HRD_Score,TCGA-AR-A5QQ,1,inner_val
HRD_Score,TCGA-D8-A1JN,1,inner_val
HRD_Score,TCGA-BH-A0BO,1,inner_val
HRD_Score,TCGA-B6-A0WZ,1,inner_val
HRD_Score,TCGA-AR-A0TQ,1,inner_val
HRD_Score,TCGA-E9-A248,1,inner_val
HRD_Score,TCGA-E9-A226,1,inner_val
HRD_Score,TCGA-BH-A8FZ,1,inner_val
HRD_Score,TCGA-GM-A2DK,1,inner_val
HRD_Score,TCGA-BH-A0WA,1,inner_val
HRD_Score,TCGA-E2-A14Q,1,inner_val
HRD_Score,TCGA-D8-A27V,1,inner_val
HRD_Score,TCGA-BH-A0E0,1,inner_val
HRD_Score,TCGA-A2-A4S3,1,inner_val
HRD_Score,TCGA-A2-A0EU,1,inner_val
HRD_Score,TCGA-A2-A04P,1,inner_val
HRD_Score,TCGA-D8-A1XJ,1,inner_val
HRD_Score,TCGA-OL-A66N,1,inner_val
HRD_Score,TCGA-S3-AA12,1,inner_val
HRD_Score,TCGA-BH-A1EY,1,inner_val
HRD_Score,TCGA-A2-A0D4,1,inner_val
HRD_Score,TCGA-E9-A3X8,1,inner_val
HRD_Score,TCGA-HN-A2NL,1,inner_val
HRD_Score,TCGA-E9-A1RE,1,inner_val
HRD_Score,TCGA-AR-A1AK,1,inner_val
HRD_Score,TCGA-BH-A1FE,1,inner_val
HRD_Score,TCGA-B6-A0I5,1,inner_val
HRD_Score,TCGA-BH-A18T,1,inner_val
HRD_Score,TCGA-OL-A5RV,1,inner_val
HRD_Score,TCGA-AR-A1AR,1,inner_val
HRD_Score,TCGA-A2-A04W,1,inner_val
HRD_Score,TCGA-BH-A0B9,1,inner_val
HRD_Score,TCGA-E2-A1L9,1,inner_val
HRD_Score,TCGA-EW-A2FV,1,inner_val
HRD_Score,TCGA-E9-A1N8,1,inner_val
HRD_Score,TCGA-AO-A0J8,1,inner_val
HRD_Score,TCGA-BH-A0DS,1,inner_val
HRD_Score,TCGA-BH-A18L,1,inner_val
HRD_Score,TCGA-A8-A06Z,1,inner_val
HRD_Score,TCGA-BH-A2L8,1,inner_val
HRD_Score,TCGA-LL-A73Y,1,inner_val
HRD_Score,TCGA-AO-A128,1,inner_val
HRD_Score,TCGA-GM-A2DN,1,inner_val
HRD_Score,TCGA-GM-A2DC,1,inner_val
HRD_Score,TCGA-AC-A2QH,1,inner_val
HRD_Score,TCGA-OL-A6VO,1,inner_val
HRD_Score,TCGA-AO-A1KR,1,inner_val
HRD_Score,TCGA-UU-A93S,1,inner_val
HRD_Score,TCGA-S3-A6ZH,1,inner_val
HRD_Score,TCGA-AN-A0XN,1,inner_val
HRD_Score,TCGA-A8-A07J,1,inner_val
HRD_Score,TCGA-AQ-A1H3,1,inner_val
HRD_Score,TCGA-E9-A22E,1,inner_val
HRD_Score,TCGA-AN-A0XW,1,inner_val
HRD_Score,TCGA-C8-A8HQ,1,inner_val
HRD_Score,TCGA-A2-A0EM,1,inner_val
HRD_Score,TCGA-GM-A2DH,1,inner_val
HRD_Score,TCGA-C8-A138,1,inner_val
HRD_Score,TCGA-A8-A093,1,inner_val
HRD_Score,TCGA-BH-A1FU,1,inner_val
HRD_Score,TCGA-BH-A0B5,1,inner_val
HRD_Score,TCGA-E9-A5UO,1,inner_val
HRD_Score,TCGA-AR-A1AY,1,inner_val
HRD_Score,TCGA-OK-A5Q2,1,inner_val
HRD_Score,TCGA-BH-A0C3,1,inner_val
HRD_Score,TCGA-E9-A1N5,1,inner_val
HRD_Score,TCGA-A7-A0CE,1,inner_val
HRD_Score,TCGA-C8-A131,1,inner_val
HRD_Score,TCGA-E2-A150,1,inner_val
HRD_Score,TCGA-A1-A0SG,1,inner_val
HRD_Score,TCGA-A2-A0CX,1,inner_val
HRD_Score,TCGA-EW-A6SC,1,inner_val
HRD_Score,TCGA-PE-A5DD,1,inner_val
HRD_Score,TCGA-S3-A6ZG,1,inner_val
HRD_Score,TCGA-A2-A3KD,1,inner_val
HRD_Score,TCGA-AN-A049,1,inner_val
HRD_Score,TCGA-A7-A56D,1,inner_val
HRD_Score,TCGA-BH-A6R9,1,inner_val
HRD_Score,TCGA-AC-A8OQ,1,inner_val
HRD_Score,TCGA-BH-A18J,1,inner_val
HRD_Score,TCGA-C8-A26X,1,inner_val
HRD_Score,TCGA-A2-A0CS,1,inner_val
HRD_Score,TCGA-AO-A12F,1,inner_val
HRD_Score,TCGA-A7-A13E,1,inner_val
HRD_Score,TCGA-E2-A1IE,1,inner_val
HRD_Score,TCGA-A1-A0SD,1,inner_val
HRD_Score,TCGA-D8-A73U,1,inner_val
HRD_Score,TCGA-GM-A2DF,1,inner_val
HRD_Score,TCGA-A8-A091,1,inner_val
HRD_Score,TCGA-E2-A1IG,1,inner_val
HRD_Score,TCGA-EW-A1P3,1,inner_val
HRD_Score,TCGA-E9-A1R6,1,inner_val
HRD_Score,TCGA-A8-A075,1,inner_val
HRD_Score,TCGA-B6-A0WS,1,inner_val
HRD_Score,TCGA-AN-A04D,1,inner_val
HRD_Score,TCGA-AC-A4ZE,1,inner_val
HRD_Score,TCGA-AR-A0TT,1,inner_val
HRD_Score,TCGA-C8-A1HJ,1,inner_val
HRD_Score,TCGA-A2-A0T3,1,inner_val
HRD_Score,TCGA-A8-A097,1,inner_val
HRD_Score,TCGA-EW-A1OZ,1,inner_val
HRD_Score,TCGA-AO-A0J3,1,inner_val
HRD_Score,TCGA-C8-A8HR,1,inner_val
HRD_Score,TCGA-E9-A247,1,inner_val
HRD_Score,TCGA-BH-A0DL,1,inner_val
HRD_Score,TCGA-D8-A1X7,1,inner_val
HRD_Score,TCGA-AR-A1AX,1,inner_val
HRD_Score,TCGA-A8-A06U,1,inner_val
HRD_Score,TCGA-AO-A0J4,1,inner_val
HRD_Score,TCGA-BH-A0BM,1,inner_val
HRD_Score,TCGA-A8-A06Y,1,inner_val
HRD_Score,TCGA-D8-A1JT,1,inner_val
HRD_Score,TCGA-BH-A1FG,1,inner_val
HRD_Score,TCGA-E2-A1LH,1,inner_val
HRD_Score,TCGA-E9-A5FL,1,inner_val
HRD_Score,TCGA-EW-A1P0,1,inner_val
HRD_Score,TCGA-A7-A6VY,1,inner_val
HRD_Score,TCGA-AO-A0JI,1,inner_val
HRD_Score,TCGA-D8-A1JM,1,inner_val
HRD_Score,TCGA-B6-A0X5,1,inner_val
HRD_Score,TCGA-A8-A082,1,inner_val
HRD_Score,TCGA-E2-A9RU,1,inner_val
HRD_Score,TCGA-A1-A0SO,1,inner_val
HRD_Score,TCGA-BH-A1EW,1,inner_val
HRD_Score,TCGA-A8-A08L,1,inner_val
HRD_Score,TCGA-E9-A1NE,1,inner_val
HRD_Score,TCGA-BH-A0DX,1,inner_val
HRD_Score,TCGA-BH-A18M,1,inner_val
HRD_Score,TCGA-AC-A6IW,1,inner_val
HRD_Score,TCGA-5T-A9QA,1,test
HRD_Score,TCGA-A1-A0SF,1,test
HRD_Score,TCGA-A2-A04Q,1,test
HRD_Score,TCGA-A2-A04T,1,test
HRD_Score,TCGA-A2-A04U,1,test
HRD_Score,TCGA-A2-A0CM,1,test
HRD_Score,TCGA-A2-A0CV,1,test
HRD_Score,TCGA-A2-A0D1,1,test
HRD_Score,TCGA-A2-A0EN,1,test
HRD_Score,TCGA-A2-A0EY,1,test
HRD_Score,TCGA-A2-A0YC,1,test
HRD_Score,TCGA-A2-A0YE,1,test
HRD_Score,TCGA-A2-A0YF,1,test
HRD_Score,TCGA-A2-A0YJ,1,test
HRD_Score,TCGA-A2-A0YM,1,test
HRD_Score,TCGA-A2-A1FV,1,test
HRD_Score,TCGA-A2-A1FZ,1,test
HRD_Score,TCGA-A2-A25E,1,test
HRD_Score,TCGA-A2-A4S1,1,test
HRD_Score,TCGA-A7-A0CG,1,test
HRD_Score,TCGA-A7-A13D,1,test
HRD_Score,TCGA-A7-A26E,1,test
HRD_Score,TCGA-A7-A26I,1,test
HRD_Score,TCGA-A7-A4SE,1,test
HRD_Score,TCGA-A8-A06X,1,test
HRD_Score,TCGA-A8-A07O,1,test
HRD_Score,TCGA-A8-A07U,1,test
HRD_Score,TCGA-A8-A08X,1,test
HRD_Score,TCGA-A8-A094,1,test
HRD_Score,TCGA-A8-A09B,1,test
HRD_Score,TCGA-A8-A09D,1,test
HRD_Score,TCGA-A8-A09W,1,test
HRD_Score,TCGA-A8-A09X,1,test
HRD_Score,TCGA-A8-A09Z,1,test
HRD_Score,TCGA-A8-A0A1,1,test
HRD_Score,TCGA-AC-A2FB,1,test
HRD_Score,TCGA-AC-A2FO,1,test
HRD_Score,TCGA-AC-A5XS,1,test
HRD_Score,TCGA-AC-A5XU,1,test
HRD_Score,TCGA-AN-A03X,1,test
HRD_Score,TCGA-AN-A0AM,1,test
HRD_Score,TCGA-AN-A0XP,1,test
HRD_Score,TCGA-AN-A0XR,1,test
HRD_Score,TCGA-AN-A0XV,1,test
HRD_Score,TCGA-AO-A03L,1,test
HRD_Score,TCGA-AO-A03P,1,test
HRD_Score,TCGA-AO-A03R,1,test
HRD_Score,TCGA-AO-A03V,1,test
HRD_Score,TCGA-AO-A0J6,1,test
HRD_Score,TCGA-AO-A0J9,1,test
HRD_Score,TCGA-AO-A0JD,1,test
HRD_Score,TCGA-AO-A0JF,1,test
HRD_Score,TCGA-AO-A0JM,1,test
HRD_Score,TCGA-AO-A124,1,test
HRD_Score,TCGA-AQ-A1H2,1,test
HRD_Score,TCGA-AR-A0TV,1,test
HRD_Score,TCGA-AR-A1AW,1,test
HRD_Score,TCGA-AR-A24P,1,test
HRD_Score,TCGA-AR-A24Q,1,test
HRD_Score,TCGA-AR-A252,1,test
HRD_Score,TCGA-AR-A2LK,1,test
HRD_Score,TCGA-B6-A0I9,1,test
HRD_Score,TCGA-B6-A0RI,1,test
HRD_Score,TCGA-B6-A0WT,1,test
HRD_Score,TCGA-B6-A0X0,1,test
HRD_Score,TCGA-B6-A0X4,1,test
HRD_Score,TCGA-B6-A1KC,1,test
HRD_Score,TCGA-B6-A40C,1,test
HRD_Score,TCGA-BH-A0B7,1,test
HRD_Score,TCGA-BH-A0BA,1,test
HRD_Score,TCGA-BH-A0BL,1,test
HRD_Score,TCGA-BH-A0DE,1,test
HRD_Score,TCGA-BH-A0DG,1,test
HRD_Score,TCGA-BH-A0EE,1,test
HRD_Score,TCGA-BH-A0GY,1,test
HRD_Score,TCGA-BH-A0H0,1,test
HRD_Score,TCGA-BH-A0H6,1,test
HRD_Score,TCGA-BH-A0HQ,1,test
HRD_Score,TCGA-BH-A18G,1,test
HRD_Score,TCGA-BH-A18Q,1,test
HRD_Score,TCGA-BH-A18S,1,test
HRD_Score,TCGA-BH-A1EO,1,test
HRD_Score,TCGA-BH-A1EX,1,test
HRD_Score,TCGA-BH-A1FC,1,test
HRD_Score,TCGA-BH-A201,1,test
HRD_Score,TCGA-BH-A202,1,test
HRD_Score,TCGA-BH-A203,1,test
HRD_Score,TCGA-BH-A204,1,test
HRD_Score,TCGA-BH-A42V,1,test
HRD_Score,TCGA-BH-A8FY,1,test
HRD_Score,TCGA-BH-AB28,1,test
HRD_Score,TCGA-C8-A12M,1,test
HRD_Score,TCGA-C8-A12Q,1,test
HRD_Score,TCGA-C8-A12Z,1,test
HRD_Score,TCGA-C8-A135,1,test
HRD_Score,TCGA-C8-A1HG,1,test
HRD_Score,TCGA-C8-A26W,1,test
HRD_Score,TCGA-C8-A26Z,1,test
HRD_Score,TCGA-C8-A278,1,test
HRD_Score,TCGA-D8-A1JD,1,test
HRD_Score,TCGA-D8-A1JI,1,test
HRD_Score,TCGA-D8-A1JK,1,test
HRD_Score,TCGA-D8-A1JU,1,test
HRD_Score,TCGA-D8-A1X5,1,test
HRD_Score,TCGA-D8-A1XA,1,test
HRD_Score,TCGA-D8-A1XC,1,test
HRD_Score,TCGA-D8-A1XL,1,test
HRD_Score,TCGA-D8-A1XQ,1,test
HRD_Score,TCGA-D8-A1XR,1,test
HRD_Score,TCGA-D8-A1XW,1,test
HRD_Score,TCGA-D8-A27F,1,test
HRD_Score,TCGA-D8-A27K,1,test
HRD_Score,TCGA-D8-A27N,1,test
HRD_Score,TCGA-D8-A27P,1,test
HRD_Score,TCGA-D8-A4Z1,1,test
HRD_Score,TCGA-E2-A10A,1,test
HRD_Score,TCGA-E2-A14T,1,test
HRD_Score,TCGA-E2-A14X,1,test
HRD_Score,TCGA-E2-A15I,1,test
HRD_Score,TCGA-E2-A15M,1,test
HRD_Score,TCGA-E2-A15R,1,test
HRD_Score,TCGA-E2-A1BC,1,test
HRD_Score,TCGA-E2-A1IJ,1,test
HRD_Score,TCGA-E2-A1IK,1,test
HRD_Score,TCGA-E2-A1LK,1,test
HRD_Score,TCGA-E2-A1LL,1,test
HRD_Score,TCGA-E2-A576,1,test
HRD_Score,TCGA-E9-A1RB,1,test
HRD_Score,TCGA-E9-A1RC,1,test
HRD_Score,TCGA-E9-A1RF,1,test
HRD_Score,TCGA-E9-A1RG,1,test
HRD_Score,TCGA-E9-A22G,1,test
HRD_Score,TCGA-E9-A22H,1,test
HRD_Score,TCGA-EW-A1J1,1,test
HRD_Score,TCGA-EW-A1OV,1,test
HRD_Score,TCGA-EW-A1OX,1,test
HRD_Score,TCGA-EW-A1P1,1,test
HRD_Score,TCGA-EW-A1P4,1,test
HRD_Score,TCGA-EW-A1P5,1,test
HRD_Score,TCGA-EW-A1P7,1,test
HRD_Score,TCGA-EW-A2FS,1,test
HRD_Score,TCGA-GM-A2DA,1,test
HRD_Score,TCGA-GM-A2DD,1,test
HRD_Score,TCGA-GM-A2DL,1,test
HRD_Score,TCGA-LD-A74U,1,test
HRD_Score,TCGA-LD-A7W6,1,test
HRD_Score,TCGA-LL-A8F5,1,test
HRD_Score,TCGA-OL-A5D6,1,test
HRD_Score,TCGA-OL-A5RU,1,test
HRD_Score,TCGA-OL-A66H,1,test
HRD_Score,TCGA-OL-A66P,1,test
HRD_Score,TCGA-PL-A8LX,1,test
HRD_Score,TCGA-S3-AA0Z,1,test
HRD_Score,TCGA-S3-AA14,1,test
HRD_Score,TCGA-Z7-A8R6,1,test
HRD_Score,TCGA-3C-AALI,2,train
HRD_Score,TCGA-3C-AALJ,2,train
HRD_Score,TCGA-5L-AAT0,2,train
HRD_Score,TCGA-5T-A9QA,2,train
HRD_Score,TCGA-A1-A0SB,2,train
HRD_Score,TCGA-A1-A0SD,2,train
HRD_Score,TCGA-A1-A0SE,2,train
HRD_Score,TCGA-A1-A0SF,2,train
HRD_Score,TCGA-A1-A0SG,2,train
HRD_Score,TCGA-A1-A0SI,2,train
HRD_Score,TCGA-A1-A0SJ,2,train
HRD_Score,TCGA-A1-A0SQ,2,train
HRD_Score,TCGA-A2-A04P,2,train
HRD_Score,TCGA-A2-A04Q,2,train
HRD_Score,TCGA-A2-A04R,2,train
HRD_Score,TCGA-A2-A04T,2,train
HRD_Score,TCGA-A2-A04U,2,train
HRD_Score,TCGA-A2-A04V,2,train
HRD_Score,TCGA-A2-A04W,2,train
HRD_Score,TCGA-A2-A04Y,2,train
HRD_Score,TCGA-A2-A0CM,2,train
HRD_Score,TCGA-A2-A0CP,2,train
HRD_Score,TCGA-A2-A0CT,2,train
HRD_Score,TCGA-A2-A0CU,2,train
HRD_Score,TCGA-A2-A0CV,2,train
HRD_Score,TCGA-A2-A0CW,2,train
HRD_Score,TCGA-A2-A0CX,2,train
HRD_Score,TCGA-A2-A0D1,2,train
HRD_Score,TCGA-A2-A0D3,2,train
HRD_Score,TCGA-A2-A0D4,2,train
HRD_Score,TCGA-A2-A0EM,2,train
HRD_Score,TCGA-A2-A0EN,2,train
HRD_Score,TCGA-A2-A0ES,2,train
HRD_Score,TCGA-A2-A0EU,2,train
HRD_Score,TCGA-A2-A0EV,2,train
HRD_Score,TCGA-A2-A0EW,2,train
HRD_Score,TCGA-A2-A0EX,2,train
HRD_Score,TCGA-A2-A0EY,2,train
HRD_Score,TCGA-A2-A0SU,2,train
HRD_Score,TCGA-A2-A0SV,2,train
HRD_Score,TCGA-A2-A0SW,2,train
HRD_Score,TCGA-A2-A0SX,2,train
HRD_Score,TCGA-A2-A0SY,2,train
HRD_Score,TCGA-A2-A0T7,2,train
HRD_Score,TCGA-A2-A0YC,2,train
HRD_Score,TCGA-A2-A0YD,2,train
HRD_Score,TCGA-A2-A0YE,2,train
HRD_Score,TCGA-A2-A0YF,2,train
HRD_Score,TCGA-A2-A0YJ,2,train
HRD_Score,TCGA-A2-A0YK,2,train
HRD_Score,TCGA-A2-A0YL,2,train
HRD_Score,TCGA-A2-A0YM,2,train
HRD_Score,TCGA-A2-A0YT,2,train
HRD_Score,TCGA-A2-A1FV,2,train
HRD_Score,TCGA-A2-A1FX,2,train
HRD_Score,TCGA-A2-A1FZ,2,train
HRD_Score,TCGA-A2-A1G0,2,train
HRD_Score,TCGA-A2-A1G1,2,train
HRD_Score,TCGA-A2-A1G4,2,train
HRD_Score,TCGA-A2-A259,2,train
HRD_Score,TCGA-A2-A25A,2,train
HRD_Score,TCGA-A2-A25C,2,train
HRD_Score,TCGA-A2-A25D,2,train
HRD_Score,TCGA-A2-A25E,2,train
HRD_Score,TCGA-A2-A3KD,2,train
HRD_Score,TCGA-A2-A4S1,2,train
HRD_Score,TCGA-A2-A4S3,2,train
HRD_Score,TCGA-A7-A0CE,2,train
HRD_Score,TCGA-A7-A0CG,2,train
HRD_Score,TCGA-A7-A0CH,2,train
HRD_Score,TCGA-A7-A0CJ,2,train
HRD_Score,TCGA-A7-A0D9,2,train
HRD_Score,TCGA-A7-A13D,2,train
HRD_Score,TCGA-A7-A13E,2,train
HRD_Score,TCGA-A7-A13F,2,train
HRD_Score,TCGA-A7-A26E,2,train
HRD_Score,TCGA-A7-A26H,2,train
HRD_Score,TCGA-A7-A26I,2,train
HRD_Score,TCGA-A7-A26J,2,train
HRD_Score,TCGA-A7-A4SE,2,train
HRD_Score,TCGA-A7-A5ZV,2,train
HRD_Score,TCGA-A7-A5ZX,2,train
HRD_Score,TCGA-A7-A6VW,2,train
HRD_Score,TCGA-A7-A6VY,2,train
HRD_Score,TCGA-A8-A06R,2,train
HRD_Score,TCGA-A8-A06U,2,train
HRD_Score,TCGA-A8-A06X,2,train
HRD_Score,TCGA-A8-A06Y,2,train
HRD_Score,TCGA-A8-A06Z,2,train
HRD_Score,TCGA-A8-A075,2,train
HRD_Score,TCGA-A8-A076,2,train
HRD_Score,TCGA-A8-A079,2,train
HRD_Score,TCGA-A8-A07B,2,train
HRD_Score,TCGA-A8-A07I,2,train
HRD_Score,TCGA-A8-A07J,2,train
HRD_Score,TCGA-A8-A07L,2,train
HRD_Score,TCGA-A8-A07O,2,train
HRD_Score,TCGA-A8-A07P,2,train
HRD_Score,TCGA-A8-A07U,2,train
HRD_Score,TCGA-A8-A07Z,2,train
HRD_Score,TCGA-A8-A082,2,train
HRD_Score,TCGA-A8-A083,2,train
HRD_Score,TCGA-A8-A08B,2,train
HRD_Score,TCGA-A8-A08G,2,train
HRD_Score,TCGA-A8-A08O,2,train
HRD_Score,TCGA-A8-A08R,2,train
HRD_Score,TCGA-A8-A08T,2,train
HRD_Score,TCGA-A8-A08X,2,train
HRD_Score,TCGA-A8-A08Z,2,train
HRD_Score,TCGA-A8-A090,2,train
HRD_Score,TCGA-A8-A091,2,train
HRD_Score,TCGA-A8-A092,2,train
HRD_Score,TCGA-A8-A093,2,train
HRD_Score,TCGA-A8-A094,2,train
HRD_Score,TCGA-A8-A095,2,train
HRD_Score,TCGA-A8-A096,2,train
HRD_Score,TCGA-A8-A097,2,train
HRD_Score,TCGA-A8-A099,2,train
HRD_Score,TCGA-A8-A09A,2,train
HRD_Score,TCGA-A8-A09B,2,train
HRD_Score,TCGA-A8-A09D,2,train
HRD_Score,TCGA-A8-A09G,2,train
HRD_Score,TCGA-A8-A09M,2,train
HRD_Score,TCGA-A8-A09Q,2,train
HRD_Score,TCGA-A8-A09T,2,train
HRD_Score,TCGA-A8-A09V,2,train
HRD_Score,TCGA-A8-A09W,2,train
HRD_Score,TCGA-A8-A09X,2,train
HRD_Score,TCGA-A8-A09Z,2,train
HRD_Score,TCGA-A8-A0A1,2,train
HRD_Score,TCGA-A8-A0A2,2,train
HRD_Score,TCGA-A8-A0A6,2,train
HRD_Score,TCGA-A8-A0A7,2,train
HRD_Score,TCGA-A8-A0AB,2,train
HRD_Score,TCGA-A8-A0AD,2,train
HRD_Score,TCGA-AC-A23E,2,train
HRD_Score,TCGA-AC-A23H,2,train
HRD_Score,TCGA-AC-A2B8,2,train
HRD_Score,TCGA-AC-A2FB,2,train
HRD_Score,TCGA-AC-A2FG,2,train
HRD_Score,TCGA-AC-A2FO,2,train
HRD_Score,TCGA-AC-A2QH,2,train
HRD_Score,TCGA-AC-A3OD,2,train
HRD_Score,TCGA-AC-A3QQ,2,train
HRD_Score,TCGA-AC-A3YI,2,train
HRD_Score,TCGA-AC-A5XS,2,train
HRD_Score,TCGA-AC-A5XU,2,train
HRD_Score,TCGA-AC-A62Y,2,train
HRD_Score,TCGA-AC-A6IW,2,train
HRD_Score,TCGA-AC-A6NO,2,train
HRD_Score,TCGA-AC-A7VB,2,train
HRD_Score,TCGA-AC-A7VC,2,train
HRD_Score,TCGA-AC-A8OQ,2,train
HRD_Score,TCGA-AN-A03X,2,train
HRD_Score,TCGA-AN-A041,2,train
HRD_Score,TCGA-AN-A046,2,train
HRD_Score,TCGA-AN-A04C,2,train
HRD_Score,TCGA-AN-A04D,2,train
HRD_Score,TCGA-AN-A0AJ,2,train
HRD_Score,TCGA-AN-A0AL,2,train
HRD_Score,TCGA-AN-A0AM,2,train
HRD_Score,TCGA-AN-A0AS,2,train
HRD_Score,TCGA-AN-A0FJ,2,train
HRD_Score,TCGA-AN-A0FN,2,train
HRD_Score,TCGA-AN-A0FV,2,train
HRD_Score,TCGA-AN-A0FW,2,train
HRD_Score,TCGA-AN-A0FX,2,train
HRD_Score,TCGA-AN-A0FY,2,train
HRD_Score,TCGA-AN-A0FZ,2,train
HRD_Score,TCGA-AN-A0XN,2,train
HRD_Score,TCGA-AN-A0XO,2,train
HRD_Score,TCGA-AN-A0XP,2,train
HRD_Score,TCGA-AN-A0XR,2,train
HRD_Score,TCGA-AN-A0XS,2,train
HRD_Score,TCGA-AN-A0XU,2,train
HRD_Score,TCGA-AN-A0XV,2,train
HRD_Score,TCGA-AN-A0XW,2,train
HRD_Score,TCGA-AO-A03L,2,train
HRD_Score,TCGA-AO-A03P,2,train
HRD_Score,TCGA-AO-A03R,2,train
HRD_Score,TCGA-AO-A03T,2,train
HRD_Score,TCGA-AO-A03V,2,train
HRD_Score,TCGA-AO-A0J3,2,train
HRD_Score,TCGA-AO-A0J4,2,train
HRD_Score,TCGA-AO-A0J6,2,train
HRD_Score,TCGA-AO-A0J7,2,train
HRD_Score,TCGA-AO-A0J8,2,train
HRD_Score,TCGA-AO-A0J9,2,train
HRD_Score,TCGA-AO-A0JB,2,train
HRD_Score,TCGA-AO-A0JD,2,train
HRD_Score,TCGA-AO-A0JE,2,train
HRD_Score,TCGA-AO-A0JF,2,train
HRD_Score,TCGA-AO-A0JG,2,train
HRD_Score,TCGA-AO-A0JI,2,train
HRD_Score,TCGA-AO-A0JJ,2,train
HRD_Score,TCGA-AO-A0JM,2,train
HRD_Score,TCGA-AO-A124,2,train
HRD_Score,TCGA-AO-A12A,2,train
HRD_Score,TCGA-AO-A12D,2,train
HRD_Score,TCGA-AO-A12F,2,train
HRD_Score,TCGA-AO-A12H,2,train
HRD_Score,TCGA-AO-A1KP,2,train
HRD_Score,TCGA-AQ-A04H,2,train
HRD_Score,TCGA-AQ-A04J,2,train
HRD_Score,TCGA-AQ-A1H2,2,train
HRD_Score,TCGA-AR-A0TP,2,train
HRD_Score,TCGA-AR-A0TQ,2,train
HRD_Score,TCGA-AR-A0TR,2,train
HRD_Score,TCGA-AR-A0TS,2,train
HRD_Score,TCGA-AR-A0TT,2,train
HRD_Score,TCGA-AR-A0TV,2,train
HRD_Score,TCGA-AR-A0TX,2,train
HRD_Score,TCGA-AR-A0TY,2,train
HRD_Score,TCGA-AR-A0TZ,2,train
HRD_Score,TCGA-AR-A0U0,2,train
HRD_Score,TCGA-AR-A1AI,2,train
HRD_Score,TCGA-AR-A1AJ,2,train
HRD_Score,TCGA-AR-A1AK,2,train
HRD_Score,TCGA-AR-A1AN,2,train
HRD_Score,TCGA-AR-A1AO,2,train
HRD_Score,TCGA-AR-A1AP,2,train
HRD_Score,TCGA-AR-A1AQ,2,train
HRD_Score,TCGA-AR-A1AU,2,train
HRD_Score,TCGA-AR-A1AW,2,train
HRD_Score,TCGA-AR-A1AX,2,train
HRD_Score,TCGA-AR-A1AY,2,train
HRD_Score,TCGA-AR-A24N,2,train
HRD_Score,TCGA-AR-A24P,2,train
HRD_Score,TCGA-AR-A24Q,2,train
HRD_Score,TCGA-AR-A24R,2,train
HRD_Score,TCGA-AR-A24U,2,train
HRD_Score,TCGA-AR-A24V,2,train
HRD_Score,TCGA-AR-A24W,2,train
HRD_Score,TCGA-AR-A24X,2,train
HRD_Score,TCGA-AR-A24Z,2,train
HRD_Score,TCGA-AR-A250,2,train
HRD_Score,TCGA-AR-A251,2,train
HRD_Score,TCGA-AR-A252,2,train
HRD_Score,TCGA-AR-A254,2,train
HRD_Score,TCGA-AR-A256,2,train
HRD_Score,TCGA-AR-A2LH,2,train
HRD_Score,TCGA-AR-A2LK,2,train
HRD_Score,TCGA-AR-A2LN,2,train
HRD_Score,TCGA-AR-A2LO,2,train
HRD_Score,TCGA-AR-A2LQ,2,train
HRD_Score,TCGA-AR-A5QM,2,train
HRD_Score,TCGA-AR-A5QP,2,train
HRD_Score,TCGA-AR-A5QQ,2,train
HRD_Score,TCGA-B6-A0I2,2,train
HRD_Score,TCGA-B6-A0I5,2,train
HRD_Score,TCGA-B6-A0I9,2,train
HRD_Score,TCGA-B6-A0IC,2,train
HRD_Score,TCGA-B6-A0IE,2,train
HRD_Score,TCGA-B6-A0IH,2,train
HRD_Score,TCGA-B6-A0IJ,2,train
HRD_Score,TCGA-B6-A0IN,2,train
HRD_Score,TCGA-B6-A0RE,2,train
HRD_Score,TCGA-B6-A0RG,2,train
HRD_Score,TCGA-B6-A0RI,2,train
HRD_Score,TCGA-B6-A0RL,2,train
HRD_Score,TCGA-B6-A0RN,2,train
HRD_Score,TCGA-B6-A0RO,2,train
HRD_Score,TCGA-B6-A0RP,2,train
HRD_Score,TCGA-B6-A0RS,2,train
HRD_Score,TCGA-B6-A0RU,2,train
HRD_Score,TCGA-B6-A0RV,2,train
HRD_Score,TCGA-B6-A0WS,2,train
HRD_Score,TCGA-B6-A0WT,2,train
HRD_Score,TCGA-B6-A0WW,2,train
HRD_Score,TCGA-B6-A0WY,2,train
HRD_Score,TCGA-B6-A0WZ,2,train
HRD_Score,TCGA-B6-A0X0,2,train
HRD_Score,TCGA-B6-A0X1,2,train
HRD_Score,TCGA-B6-A0X4,2,train
HRD_Score,TCGA-B6-A0X5,2,train
HRD_Score,TCGA-B6-A1KC,2,train
HRD_Score,TCGA-B6-A1KF,2,train
HRD_Score,TCGA-B6-A1KN,2,train
HRD_Score,TCGA-B6-A2IU,2,train
HRD_Score,TCGA-B6-A401,2,train
HRD_Score,TCGA-B6-A409,2,train
HRD_Score,TCGA-B6-A40C,2,train
HRD_Score,TCGA-BH-A0AV,2,train
HRD_Score,TCGA-BH-A0AW,2,train
HRD_Score,TCGA-BH-A0AZ,2,train
HRD_Score,TCGA-BH-A0B3,2,train
HRD_Score,TCGA-BH-A0B5,2,train
HRD_Score,TCGA-BH-A0B7,2,train
HRD_Score,TCGA-BH-A0B9,2,train
HRD_Score,TCGA-BH-A0BA,2,train
HRD_Score,TCGA-BH-A0BF,2,train
HRD_Score,TCGA-BH-A0BJ,2,train
HRD_Score,TCGA-BH-A0BL,2,train
HRD_Score,TCGA-BH-A0BM,2,train
HRD_Score,TCGA-BH-A0BP,2,train
HRD_Score,TCGA-BH-A0BZ,2,train
HRD_Score,TCGA-BH-A0C1,2,train
HRD_Score,TCGA-BH-A0DE,2,train
HRD_Score,TCGA-BH-A0DG,2,train
HRD_Score,TCGA-BH-A0DH,2,train
HRD_Score,TCGA-BH-A0DK,2,train
HRD_Score,TCGA-BH-A0DL,2,train
HRD_Score,TCGA-BH-A0DO,2,train
HRD_Score,TCGA-BH-A0DS,2,train
HRD_Score,TCGA-BH-A0DT,2,train
HRD_Score,TCGA-BH-A0DV,2,train
HRD_Score,TCGA-BH-A0DX,2,train
HRD_Score,TCGA-BH-A0E0,2,train
HRD_Score,TCGA-BH-A0E1,2,train
HRD_Score,TCGA-BH-A0E2,2,train
HRD_Score,TCGA-BH-A0E7,2,train
HRD_Score,TCGA-BH-A0E9,2,train
HRD_Score,TCGA-BH-A0EA,2,train
HRD_Score,TCGA-BH-A0EE,2,train
HRD_Score,TCGA-BH-A0GY,2,train
HRD_Score,TCGA-BH-A0H0,2,train
HRD_Score,TCGA-BH-A0H6,2,train
HRD_Score,TCGA-BH-A0HA,2,train
HRD_Score,TCGA-BH-A0HB,2,train
HRD_Score,TCGA-BH-A0HI,2,train
HRD_Score,TCGA-BH-A0HO,2,train
HRD_Score,TCGA-BH-A0HP,2,train
HRD_Score,TCGA-BH-A0HQ,2,train
HRD_Score,TCGA-BH-A0HW,2,train
HRD_Score,TCGA-BH-A0HX,2,train
HRD_Score,TCGA-BH-A0HY,2,train
HRD_Score,TCGA-BH-A0W3,2,train
HRD_Score,TCGA-BH-A0W4,2,train
HRD_Score,TCGA-BH-A0WA,2,train
HRD_Score,TCGA-BH-A18F,2,train
HRD_Score,TCGA-BH-A18G,2,train
HRD_Score,TCGA-BH-A18I,2,train
HRD_Score,TCGA-BH-A18J,2,train
HRD_Score,TCGA-BH-A18K,2,train
HRD_Score,TCGA-BH-A18L,2,train
HRD_Score,TCGA-BH-A18M,2,train
HRD_Score,TCGA-BH-A18P,2,train
HRD_Score,TCGA-BH-A18Q,2,train
HRD_Score,TCGA-BH-A18S,2,train
HRD_Score,TCGA-BH-A18T,2,train
HRD_Score,TCGA-BH-A1EO,2,train
HRD_Score,TCGA-BH-A1ET,2,train
HRD_Score,TCGA-BH-A1EU,2,train
HRD_Score,TCGA-BH-A1EV,2,train
HRD_Score,TCGA-BH-A1EW,2,train
HRD_Score,TCGA-BH-A1EX,2,train
HRD_Score,TCGA-BH-A1EY,2,train
HRD_Score,TCGA-BH-A1F0,2,train
HRD_Score,TCGA-BH-A1FC,2,train
HRD_Score,TCGA-BH-A1FE,2,train
HRD_Score,TCGA-BH-A1FG,2,train
HRD_Score,TCGA-BH-A1FU,2,train
HRD_Score,TCGA-BH-A201,2,train
HRD_Score,TCGA-BH-A202,2,train
HRD_Score,TCGA-BH-A203,2,train
HRD_Score,TCGA-BH-A204,2,train
HRD_Score,TCGA-BH-A208,2,train
HRD_Score,TCGA-BH-A209,2,train
HRD_Score,TCGA-BH-A2L8,2,train
HRD_Score,TCGA-BH-A42V,2,train
HRD_Score,TCGA-BH-A5IZ,2,train
HRD_Score,TCGA-BH-A6R8,2,train
HRD_Score,TCGA-BH-A8FY,2,train
HRD_Score,TCGA-BH-A8G0,2,train
HRD_Score,TCGA-BH-AB28,2,train
HRD_Score,TCGA-C8-A12L,2,train
HRD_Score,TCGA-C8-A12M,2,train
HRD_Score,TCGA-C8-A12N,2,train
HRD_Score,TCGA-C8-A12P,2,train
HRD_Score,TCGA-C8-A12Q,2,train
HRD_Score,TCGA-C8-A12U,2,train
HRD_Score,TCGA-C8-A12W,2,train
HRD_Score,TCGA-C8-A12Y,2,train
HRD_Score,TCGA-C8-A12Z,2,train
HRD_Score,TCGA-C8-A130,2,train
HRD_Score,TCGA-C8-A131,2,train
HRD_Score,TCGA-C8-A132,2,train
HRD_Score,TCGA-C8-A135,2,train
HRD_Score,TCGA-C8-A137,2,train
HRD_Score,TCGA-C8-A1HE,2,train
HRD_Score,TCGA-C8-A1HF,2,train
HRD_Score,TCGA-C8-A1HG,2,train
HRD_Score,TCGA-C8-A1HJ,2,train
HRD_Score,TCGA-C8-A1HK,2,train
HRD_Score,TCGA-C8-A1HL,2,train
HRD_Score,TCGA-C8-A1HM,2,train
HRD_Score,TCGA-C8-A26W,2,train
HRD_Score,TCGA-C8-A26Y,2,train
HRD_Score,TCGA-C8-A26Z,2,train
HRD_Score,TCGA-C8-A273,2,train
HRD_Score,TCGA-C8-A275,2,train
HRD_Score,TCGA-C8-A278,2,train
HRD_Score,TCGA-C8-A27A,2,train
HRD_Score,TCGA-C8-A27B,2,train
HRD_Score,TCGA-C8-A8HP,2,train
HRD_Score,TCGA-C8-A8HR,2,train
HRD_Score,TCGA-D8-A13Y,2,train
HRD_Score,TCGA-D8-A13Z,2,train
HRD_Score,TCGA-D8-A140,2,train
HRD_Score,TCGA-D8-A141,2,train
HRD_Score,TCGA-D8-A143,2,train
HRD_Score,TCGA-D8-A145,2,train
HRD_Score,TCGA-D8-A1J8,2,train
HRD_Score,TCGA-D8-A1JA,2,train
HRD_Score,TCGA-D8-A1JB,2,train
HRD_Score,TCGA-D8-A1JD,2,train
HRD_Score,TCGA-D8-A1JF,2,train
HRD_Score,TCGA-D8-A1JG,2,train
HRD_Score,TCGA-D8-A1JH,2,train
HRD_Score,TCGA-D8-A1JI,2,train
HRD_Score,TCGA-D8-A1JJ,2,train
HRD_Score,TCGA-D8-A1JK,2,train
HRD_Score,TCGA-D8-A1JM,2,train
HRD_Score,TCGA-D8-A1JP,2,train
HRD_Score,TCGA-D8-A1JS,2,train
HRD_Score,TCGA-D8-A1JT,2,train
HRD_Score,TCGA-D8-A1JU,2,train
HRD_Score,TCGA-D8-A1X5,2,train
HRD_Score,TCGA-D8-A1X9,2,train
HRD_Score,TCGA-D8-A1XA,2,train
HRD_Score,TCGA-D8-A1XB,2,train
HRD_Score,TCGA-D8-A1XC,2,train
HRD_Score,TCGA-D8-A1XF,2,train
HRD_Score,TCGA-D8-A1XG,2,train
HRD_Score,TCGA-D8-A1XJ,2,train
HRD_Score,TCGA-D8-A1XK,2,train
HRD_Score,TCGA-D8-A1XL,2,train
HRD_Score,TCGA-D8-A1XO,2,train
HRD_Score,TCGA-D8-A1XQ,2,train
HRD_Score,TCGA-D8-A1XR,2,train
HRD_Score,TCGA-D8-A1XT,2,train
HRD_Score,TCGA-D8-A1XV,2,train
HRD_Score,TCGA-D8-A1XW,2,train
HRD_Score,TCGA-D8-A1XZ,2,train
HRD_Score,TCGA-D8-A1Y0,2,train
HRD_Score,TCGA-D8-A1Y2,2,train
HRD_Score,TCGA-D8-A27F,2,train
HRD_Score,TCGA-D8-A27K,2,train
HRD_Score,TCGA-D8-A27L,2,train
HRD_Score,TCGA-D8-A27M,2,train
HRD_Score,TCGA-D8-A27N,2,train
HRD_Score,TCGA-D8-A27P,2,train
HRD_Score,TCGA-D8-A27W,2,train
HRD_Score,TCGA-D8-A3Z6,2,train
HRD_Score,TCGA-D8-A4Z1,2,train
HRD_Score,TCGA-D8-A73U,2,train
HRD_Score,TCGA-D8-A73W,2,train
HRD_Score,TCGA-D8-A73X,2,train
HRD_Score,TCGA-E2-A10A,2,train
HRD_Score,TCGA-E2-A10C,2,train
HRD_Score,TCGA-E2-A14O,2,train
HRD_Score,TCGA-E2-A14Q,2,train
HRD_Score,TCGA-E2-A14R,2,train
HRD_Score,TCGA-E2-A14T,2,train
HRD_Score,TCGA-E2-A14X,2,train
HRD_Score,TCGA-E2-A14Y,2,train
HRD_Score,TCGA-E2-A150,2,train
HRD_Score,TCGA-E2-A152,2,train
HRD_Score,TCGA-E2-A153,2,train
HRD_Score,TCGA-E2-A154,2,train
HRD_Score,TCGA-E2-A155,2,train
HRD_Score,TCGA-E2-A158,2,train
HRD_Score,TCGA-E2-A159,2,train
HRD_Score,TCGA-E2-A15A,2,train
HRD_Score,TCGA-E2-A15C,2,train
HRD_Score,TCGA-E2-A15G,2,train
HRD_Score,TCGA-E2-A15H,2,train
HRD_Score,TCGA-E2-A15I,2,train
HRD_Score,TCGA-E2-A15J,2,train
HRD_Score,TCGA-E2-A15K,2,train
HRD_Score,TCGA-E2-A15M,2,train
HRD_Score,TCGA-E2-A15O,2,train
HRD_Score,TCGA-E2-A15P,2,train
HRD_Score,TCGA-E2-A15R,2,train
HRD_Score,TCGA-E2-A15T,2,train
HRD_Score,TCGA-E2-A1AZ,2,train
HRD_Score,TCGA-E2-A1B0,2,train
HRD_Score,TCGA-E2-A1B4,2,train
HRD_Score,TCGA-E2-A1BC,2,train
HRD_Score,TCGA-E2-A1BD,2,train
HRD_Score,TCGA-E2-A1IE,2,train
HRD_Score,TCGA-E2-A1IF,2,train
HRD_Score,TCGA-E2-A1IH,2,train
HRD_Score,TCGA-E2-A1IJ,2,train
HRD_Score,TCGA-E2-A1IK,2,train
HRD_Score,TCGA-E2-A1IL,2,train
HRD_Score,TCGA-E2-A1IO,2,train
HRD_Score,TCGA-E2-A1IU,2,train
HRD_Score,TCGA-E2-A1L6,2,train
HRD_Score,TCGA-E2-A1L8,2,train
HRD_Score,TCGA-E2-A1L9,2,train
HRD_Score,TCGA-E2-A1LA,2,train
HRD_Score,TCGA-E2-A1LG,2,train
HRD_Score,TCGA-E2-A1LH,2,train
HRD_Score,TCGA-E2-A1LK,2,train
HRD_Score,TCGA-E2-A1LL,2,train
HRD_Score,TCGA-E2-A56Z,2,train
HRD_Score,TCGA-E2-A570,2,train
HRD_Score,TCGA-E2-A576,2,train
HRD_Score,TCGA-E2-A9RU,2,train
HRD_Score,TCGA-E9-A1N5,2,train
HRD_Score,TCGA-E9-A1N8,2,train
HRD_Score,TCGA-E9-A1N9,2,train
HRD_Score,TCGA-E9-A1ND,2,train
HRD_Score,TCGA-E9-A1NE,2,train
HRD_Score,TCGA-E9-A1NG,2,train
HRD_Score,TCGA-E9-A1NI,2,train
HRD_Score,TCGA-E9-A1R6,2,train
HRD_Score,TCGA-E9-A1R7,2,train
HRD_Score,TCGA-E9-A1RA,2,train
HRD_Score,TCGA-E9-A1RB,2,train
HRD_Score,TCGA-E9-A1RC,2,train
HRD_Score,TCGA-E9-A1RD,2,train
HRD_Score,TCGA-E9-A1RE,2,train
HRD_Score,TCGA-E9-A1RF,2,train
HRD_Score,TCGA-E9-A1RG,2,train
HRD_Score,TCGA-E9-A226,2,train
HRD_Score,TCGA-E9-A227,2,train
HRD_Score,TCGA-E9-A22A,2,train
HRD_Score,TCGA-E9-A22B,2,train
HRD_Score,TCGA-E9-A22D,2,train
HRD_Score,TCGA-E9-A22G,2,train
HRD_Score,TCGA-E9-A22H,2,train
HRD_Score,TCGA-E9-A243,2,train
HRD_Score,TCGA-E9-A244,2,train
HRD_Score,TCGA-E9-A245,2,train
HRD_Score,TCGA-E9-A247,2,train
HRD_Score,TCGA-E9-A248,2,train
HRD_Score,TCGA-E9-A24A,2,train
HRD_Score,TCGA-E9-A2JS,2,train
HRD_Score,TCGA-E9-A3X8,2,train
HRD_Score,TCGA-E9-A5FL,2,train
HRD_Score,TCGA-E9-A5UO,2,train
HRD_Score,TCGA-E9-A6HE,2,train
HRD_Score,TCGA-EW-A1IW,2,train
HRD_Score,TCGA-EW-A1IY,2,train
HRD_Score,TCGA-EW-A1IZ,2,train
HRD_Score,TCGA-EW-A1J1,2,train
HRD_Score,TCGA-EW-A1J6,2,train
HRD_Score,TCGA-EW-A1OV,2,train
HRD_Score,TCGA-EW-A1OX,2,train
HRD_Score,TCGA-EW-A1OY,2,train
HRD_Score,TCGA-EW-A1OZ,2,train
HRD_Score,TCGA-EW-A1P1,2,train
HRD_Score,TCGA-EW-A1P4,2,train
HRD_Score,TCGA-EW-A1P5,2,train
HRD_Score,TCGA-EW-A1P6,2,train
HRD_Score,TCGA-EW-A1P7,2,train
HRD_Score,TCGA-EW-A1PA,2,train
HRD_Score,TCGA-EW-A1PB,2,train
HRD_Score,TCGA-EW-A1PE,2,train
HRD_Score,TCGA-EW-A1PG,2,train
HRD_Score,TCGA-EW-A1PH,2,train
HRD_Score,TCGA-EW-A2FS,2,train
HRD_Score,TCGA-EW-A2FV,2,train
HRD_Score,TCGA-EW-A6SC,2,train
HRD_Score,TCGA-EW-A6SD,2,train
HRD_Score,TCGA-GM-A2DA,2,train
HRD_Score,TCGA-GM-A2DB,2,train
HRD_Score,TCGA-GM-A2DD,2,train
HRD_Score,TCGA-GM-A2DL,2,train
HRD_Score,TCGA-GM-A2DN,2,train
HRD_Score,TCGA-GM-A3NW,2,train
HRD_Score,TCGA-HN-A2NL,2,train
HRD_Score,TCGA-HN-A2OB,2,train
HRD_Score,TCGA-LD-A66U,2,train
HRD_Score,TCGA-LD-A74U,2,train
HRD_Score,TCGA-LD-A7W6,2,train
HRD_Score,TCGA-LL-A50Y,2,train
HRD_Score,TCGA-LL-A5YL,2,train
HRD_Score,TCGA-LL-A5YM,2,train
HRD_Score,TCGA-LL-A5YN,2,train
HRD_Score,TCGA-LL-A5YP,2,train
HRD_Score,TCGA-LL-A6FQ,2,train
HRD_Score,TCGA-LL-A73Y,2,train
HRD_Score,TCGA-LL-A73Z,2,train
HRD_Score,TCGA-LL-A7T0,2,train
HRD_Score,TCGA-LL-A8F5,2,train
HRD_Score,TCGA-OK-A5Q2,2,train
HRD_Score,TCGA-OL-A5D6,2,train
HRD_Score,TCGA-OL-A5D7,2,train
HRD_Score,TCGA-OL-A5D8,2,train
HRD_Score,TCGA-OL-A5DA,2,train
HRD_Score,TCGA-OL-A5RU,2,train
HRD_Score,TCGA-OL-A5RV,2,train
HRD_Score,TCGA-OL-A5RW,2,train
HRD_Score,TCGA-OL-A5RX,2,train
HRD_Score,TCGA-OL-A5RY,2,train
HRD_Score,TCGA-OL-A5RZ,2,train
HRD_Score,TCGA-OL-A66H,2,train
HRD_Score,TCGA-OL-A66I,2,train
HRD_Score,TCGA-OL-A66L,2,train
HRD_Score,TCGA-OL-A66P,2,train
HRD_Score,TCGA-OL-A6VO,2,train
HRD_Score,TCGA-OL-A6VQ,2,train
HRD_Score,TCGA-OL-A6VR,2,train
HRD_Score,TCGA-OL-A97C,2,train
HRD_Score,TCGA-PE-A5DD,2,train
HRD_Score,TCGA-PE-A5DE,2,train
HRD_Score,TCGA-PL-A8LV,2,train
HRD_Score,TCGA-PL-A8LX,2,train
HRD_Score,TCGA-PL-A8LY,2,train
HRD_Score,TCGA-S3-A6ZG,2,train
HRD_Score,TCGA-S3-A6ZH,2,train
HRD_Score,TCGA-S3-AA0Z,2,train
HRD_Score,TCGA-S3-AA10,2,train
HRD_Score,TCGA-S3-AA11,2,train
HRD_Score,TCGA-S3-AA12,2,train
HRD_Score,TCGA-S3-AA14,2,train
HRD_Score,TCGA-S3-AA17,2,train
HRD_Score,TCGA-UU-A93S,2,train
HRD_Score,TCGA-W8-A86G,2,train
HRD_Score,TCGA-WT-AB41,2,train
HRD_Score,TCGA-WT-AB44,2,train
HRD_Score,TCGA-XX-A899,2,train
HRD_Score,TCGA-XX-A89A,2,train
HRD_Score,TCGA-Z7-A8R6,2,train
HRD_Score,TCGA-B6-A0X5,2,inner_train
HRD_Score,TCGA-B6-A0RO,2,inner_train
HRD_Score,TCGA-D8-A141,2,inner_train
HRD_Score,TCGA-E9-A22B,2,inner_train
HRD_Score,TCGA-D8-A1JP,2,inner_train
HRD_Score,TCGA-B6-A0WW,2,inner_train
HRD_Score,TCGA-B6-A0I9,2,inner_train
HRD_Score,TCGA-D8-A1JF,2,inner_train
HRD_Score,TCGA-AC-A2FG,2,inner_train
HRD_Score,TCGA-E2-A1BD,2,inner_train
HRD_Score,TCGA-AC-A7VC,2,inner_train
HRD_Score,TCGA-AO-A0JB,2,inner_train
HRD_Score,TCGA-A2-A1FX,2,inner_train
HRD_Score,TCGA-D8-A1JS,2,inner_train
HRD_Score,TCGA-GM-A2DN,2,inner_train
HRD_Score,TCGA-AR-A2LO,2,inner_train
HRD_Score,TCGA-AR-A0TS,2,inner_train
HRD_Score,TCGA-A2-A25D,2,inner_train
HRD_Score,TCGA-A2-A0YE,2,inner_train
HRD_Score,TCGA-A2-A04R,2,inner_train
HRD_Score,TCGA-BH-A1FU,2,inner_train
HRD_Score,TCGA-A8-A08R,2,inner_train
HRD_Score,TCGA-E9-A1NI,2,inner_train
HRD_Score,TCGA-D8-A1XW,2,inner_train
HRD_Score,TCGA-D8-A1XL,2,inner_train
HRD_Score,TCGA-AO-A0J9,2,inner_train
HRD_Score,TCGA-E2-A155,2,inner_train
HRD_Score,TCGA-D8-A1JI,2,inner_train
HRD_Score,TCGA-E2-A153,2,inner_train
HRD_Score,TCGA-A2-A04U,2,inner_train
HRD_Score,TCGA-BH-A1EO,2,inner_train
HRD_Score,TCGA-BH-A0W4,2,inner_train
HRD_Score,TCGA-WT-AB44,2,inner_train
HRD_Score,TCGA-EW-A1IZ,2,inner_train
HRD_Score,TCGA-AQ-A1H2,2,inner_train
HRD_Score,TCGA-BH-A0E0,2,inner_train
HRD_Score,TCGA-A8-A090,2,inner_train
HRD_Score,TCGA-AC-A2FB,2,inner_train
HRD_Score,TCGA-C8-A1HM,2,inner_train
HRD_Score,TCGA-OL-A6VO,2,inner_train
HRD_Score,TCGA-A8-A093,2,inner_train
HRD_Score,TCGA-BH-A8FY,2,inner_train
HRD_Score,TCGA-E2-A1LH,2,inner_train
HRD_Score,TCGA-E2-A158,2,inner_train
HRD_Score,TCGA-A7-A0CE,2,inner_train
HRD_Score,TCGA-B6-A0RV,2,inner_train
HRD_Score,TCGA-A8-A08O,2,inner_train
HRD_Score,TCGA-EW-A1OY,2,inner_train
HRD_Score,TCGA-B6-A0IJ,2,inner_train
HRD_Score,TCGA-A8-A06Y,2,inner_train
HRD_Score,TCGA-PL-A8LX,2,inner_train
HRD_Score,TCGA-E2-A15K,2,inner_train
HRD_Score,TCGA-A7-A13E,2,inner_train
HRD_Score,TCGA-AN-A0AM,2,inner_train
HRD_Score,TCGA-A8-A076,2,inner_train
HRD_Score,TCGA-BH-A0DS,2,inner_train
HRD_Score,TCGA-A2-A04P,2,inner_train
HRD_Score,TCGA-AO-A0J6,2,inner_train
HRD_Score,TCGA-A8-A07Z,2,inner_train
HRD_Score,TCGA-E2-A15I,2,inner_train
HRD_Score,TCGA-A8-A09Z,2,inner_train
HRD_Score,TCGA-E2-A10C,2,inner_train
HRD_Score,TCGA-OL-A66H,2,inner_train
HRD_Score,TCGA-D8-A1JJ,2,inner_train
HRD_Score,TCGA-AC-A62Y,2,inner_train
HRD_Score,TCGA-A8-A09B,2,inner_train
HRD_Score,TCGA-A7-A26J,2,inner_train
HRD_Score,TCGA-5L-AAT0,2,inner_train
HRD_Score,TCGA-A2-A0D4,2,inner_train
HRD_Score,TCGA-AO-A1KP,2,inner_train
HRD_Score,TCGA-AR-A0TP,2,inner_train
HRD_Score,TCGA-BH-A0H0,2,inner_train
HRD_Score,TCGA-A8-A07J,2,inner_train
HRD_Score,TCGA-E9-A1ND,2,inner_train
HRD_Score,TCGA-A2-A0ES,2,inner_train
HRD_Score,TCGA-EW-A2FS,2,inner_train
HRD_Score,TCGA-AR-A1AQ,2,inner_train
HRD_Score,TCGA-EW-A1PG,2,inner_train
HRD_Score,TCGA-C8-A1HK,2,inner_train
HRD_Score,TCGA-A8-A08Z,2,inner_train
HRD_Score,TCGA-E2-A150,2,inner_train
HRD_Score,TCGA-EW-A1PA,2,inner_train
HRD_Score,TCGA-A2-A1G1,2,inner_train
HRD_Score,TCGA-AO-A0JG,2,inner_train
HRD_Score,TCGA-A2-A0EV,2,inner_train
HRD_Score,TCGA-AO-A03L,2,inner_train
HRD_Score,TCGA-E9-A1N9,2,inner_train
HRD_Score,TCGA-C8-A12Q,2,inner_train
HRD_Score,TCGA-A8-A095,2,inner_train
HRD_Score,TCGA-E2-A9RU,2,inner_train
HRD_Score,TCGA-C8-A131,2,inner_train
HRD_Score,TCGA-BH-A0E1,2,inner_train
HRD_Score,TCGA-E2-A1IF,2,inner_train
HRD_Score,TCGA-BH-A1F0,2,inner_train
HRD_Score,TCGA-D8-A1XG,2,inner_train
HRD_Score,TCGA-D8-A27F,2,inner_train
HRD_Score,TCGA-LL-A50Y,2,inner_train
HRD_Score,TCGA-S3-AA14,2,inner_train
HRD_Score,TCGA-D8-A1J8,2,inner_train
HRD_Score,TCGA-BH-A0DH,2,inner_train
HRD_Score,TCGA-AR-A1AW,2,inner_train
HRD_Score,TCGA-AR-A24U,2,inner_train
HRD_Score,TCGA-EW-A1PH,2,inner_train
HRD_Score,TCGA-BH-A0HQ,2,inner_train
HRD_Score,TCGA-E9-A226,2,inner_train
HRD_Score,TCGA-BH-A1EY,2,inner_train
HRD_Score,TCGA-C8-A12L,2,inner_train
HRD_Score,TCGA-AR-A24W,2,inner_train
HRD_Score,TCGA-AR-A24N,2,inner_train
HRD_Score,TCGA-AN-A03X,2,inner_train
HRD_Score,TCGA-LL-A5YM,2,inner_train
HRD_Score,TCGA-A2-A0YC,2,inner_train
HRD_Score,TCGA-BH-A8G0,2,inner_train
HRD_Score,TCGA-E2-A14T,2,inner_train
HRD_Score,TCGA-BH-A0W3,2,inner_train
HRD_Score,TCGA-E9-A24A,2,inner_train
HRD_Score,TCGA-EW-A2FV,2,inner_train
HRD_Score,TCGA-A2-A0SW,2,inner_train
HRD_Score,TCGA-AR-A250,2,inner_train
HRD_Score,TCGA-AR-A5QP,2,inner_train
HRD_Score,TCGA-C8-A130,2,inner_train
HRD_Score,TCGA-B6-A40C,2,inner_train
HRD_Score,TCGA-BH-A0AV,2,inner_train
HRD_Score,TCGA-BH-A18M,2,inner_train
HRD_Score,TCGA-AN-A0XN,2,inner_train
HRD_Score,TCGA-E2-A1IJ,2,inner_train
HRD_Score,TCGA-C8-A27B,2,inner_train
HRD_Score,TCGA-EW-A1PE,2,inner_train
HRD_Score,TCGA-EW-A6SC,2,inner_train
HRD_Score,TCGA-A2-A0EU,2,inner_train
HRD_Score,TCGA-D8-A140,2,inner_train
HRD_Score,TCGA-AN-A0XO,2,inner_train
HRD_Score,TCGA-C8-A273,2,inner_train
HRD_Score,TCGA-3C-AALJ,2,inner_train
HRD_Score,TCGA-AR-A252,2,inner_train
HRD_Score,TCGA-BH-A0H6,2,inner_train
HRD_Score,TCGA-AO-A12D,2,inner_train
HRD_Score,TCGA-A2-A0SU,2,inner_train
HRD_Score,TCGA-A2-A0D3,2,inner_train
HRD_Score,TCGA-AC-A2QH,2,inner_train
HRD_Score,TCGA-AN-A0FJ,2,inner_train
HRD_Score,TCGA-AN-A0FX,2,inner_train
HRD_Score,TCGA-A2-A0YM,2,inner_train
HRD_Score,TCGA-A8-A092,2,inner_train
HRD_Score,TCGA-E2-A576,2,inner_train
HRD_Score,TCGA-C8-A8HR,2,inner_train
HRD_Score,TCGA-AR-A0U0,2,inner_train
HRD_Score,TCGA-A7-A4SE,2,inner_train
HRD_Score,TCGA-D8-A1JH,2,inner_train
HRD_Score,TCGA-D8-A27N,2,inner_train
HRD_Score,TCGA-E2-A1BC,2,inner_train
HRD_Score,TCGA-BH-A202,2,inner_train
HRD_Score,TCGA-GM-A2DL,2,inner_train
HRD_Score,TCGA-A2-A0EM,2,inner_train
HRD_Score,TCGA-AN-A0XV,2,inner_train
HRD_Score,TCGA-E2-A15R,2,inner_train
HRD_Score,TCGA-A8-A07U,2,inner_train
HRD_Score,TCGA-EW-A1P7,2,inner_train
HRD_Score,TCGA-LD-A74U,2,inner_train
HRD_Score,TCGA-A2-A3KD,2,inner_train
HRD_Score,TCGA-E2-A15J,2,inner_train
HRD_Score,TCGA-E2-A1L9,2,inner_train
HRD_Score,TCGA-AO-A0J7,2,inner_train
HRD_Score,TCGA-AO-A03V,2,inner_train
HRD_Score,TCGA-A1-A0SB,2,inner_train
HRD_Score,TCGA-BH-A18K,2,inner_train
HRD_Score,TCGA-AR-A0TV,2,inner_train
HRD_Score,TCGA-AR-A0TX,2,inner_train
HRD_Score,TCGA-D8-A1JA,2,inner_train
HRD_Score,TCGA-E2-A1IL,2,inner_train
HRD_Score,TCGA-BH-A0BJ,2,inner_train
HRD_Score,TCGA-LL-A73Y,2,inner_train
HRD_Score,TCGA-AO-A0J8,2,inner_train
HRD_Score,TCGA-LL-A5YP,2,inner_train
HRD_Score,TCGA-C8-A12U,2,inner_train
HRD_Score,TCGA-PE-A5DD,2,inner_train
HRD_Score,TCGA-E2-A1IU,2,inner_train
HRD_Score,TCGA-AQ-A04H,2,inner_train
HRD_Score,TCGA-E2-A1L6,2,inner_train
HRD_Score,TCGA-D8-A13Z,2,inner_train
HRD_Score,TCGA-A8-A09W,2,inner_train
HRD_Score,TCGA-AN-A046,2,inner_train
HRD_Score,TCGA-C8-A275,2,inner_train
HRD_Score,TCGA-A2-A0CW,2,inner_train
HRD_Score,TCGA-BH-A0BP,2,inner_train
HRD_Score,TCGA-D8-A1XF,2,inner_train
HRD_Score,TCGA-D8-A4Z1,2,inner_train
HRD_Score,TCGA-AR-A24Q,2,inner_train
HRD_Score,TCGA-OL-A66P,2,inner_train
HRD_Score,TCGA-A2-A0YF,2,inner_train
HRD_Score,TCGA-D8-A1Y2,2,inner_train
HRD_Score,TCGA-A2-A0SX,2,inner_train
HRD_Score,TCGA-A2-A0CX,2,inner_train
HRD_Score,TCGA-B6-A0IN,2,inner_train
HRD_Score,TCGA-OL-A97C,2,inner_train
HRD_Score,TCGA-AR-A0TQ,2,inner_train
HRD_Score,TCGA-AN-A0FV,2,inner_train
HRD_Score,TCGA-D8-A3Z6,2,inner_train
HRD_Score,TCGA-A8-A096,2,inner_train
HRD_Score,TCGA-E2-A14R,2,inner_train
HRD_Score,TCGA-BH-A1EV,2,inner_train
HRD_Score,TCGA-E2-A56Z,2,inner_train
HRD_Score,TCGA-AN-A0AL,2,inner_train
HRD_Score,TCGA-E9-A1N8,2,inner_train
HRD_Score,TCGA-C8-A12Y,2,inner_train
HRD_Score,TCGA-BH-A0B7,2,inner_train
HRD_Score,TCGA-A2-A0CM,2,inner_train
HRD_Score,TCGA-A8-A0A1,2,inner_train
HRD_Score,TCGA-AN-A0AS,2,inner_train
HRD_Score,TCGA-E9-A227,2,inner_train
HRD_Score,TCGA-LL-A73Z,2,inner_train
HRD_Score,TCGA-OL-A5RW,2,inner_train
HRD_Score,TCGA-A2-A0YL,2,inner_train
HRD_Score,TCGA-E2-A1B4,2,inner_train
HRD_Score,TCGA-GM-A3NW,2,inner_train
HRD_Score,TCGA-AR-A0TR,2,inner_train
HRD_Score,TCGA-E9-A1RA,2,inner_train
HRD_Score,TCGA-BH-A0DX,2,inner_train
HRD_Score,TCGA-BH-A1EU,2,inner_train
HRD_Score,TCGA-E2-A1B0,2,inner_train
HRD_Score,TCGA-B6-A1KN,2,inner_train
HRD_Score,TCGA-AR-A24R,2,inner_train
HRD_Score,TCGA-AR-A251,2,inner_train
HRD_Score,TCGA-BH-A1EW,2,inner_train
HRD_Score,TCGA-E9-A1NG,2,inner_train
HRD_Score,TCGA-OL-A5D8,2,inner_train
HRD_Score,TCGA-BH-A0DK,2,inner_train
HRD_Score,TCGA-BH-A0EE,2,inner_train
HRD_Score,TCGA-BH-A0E7,2,inner_train
HRD_Score,TCGA-D8-A1XC,2,inner_train
HRD_Score,TCGA-BH-A1ET,2,inner_train
HRD_Score,TCGA-AR-A0TY,2,inner_train
HRD_Score,TCGA-BH-A0BL,2,inner_train
HRD_Score,TCGA-BH-A0B3,2,inner_train
HRD_Score,TCGA-AO-A0JM,2,inner_train
HRD_Score,TCGA-GM-A2DA,2,inner_train
HRD_Score,TCGA-AN-A0XS,2,inner_train
HRD_Score,TCGA-A7-A5ZV,2,inner_train
HRD_Score,TCGA-D8-A1XB,2,inner_train
HRD_Score,TCGA-D8-A73W,2,inner_train
HRD_Score,TCGA-BH-A6R8,2,inner_train
HRD_Score,TCGA-AO-A12A,2,inner_train
HRD_Score,TCGA-AR-A1AI,2,inner_train
HRD_Score,TCGA-AR-A1AU,2,inner_train
HRD_Score,TCGA-D8-A1XO,2,inner_train
HRD_Score,TCGA-S3-AA11,2,inner_train
HRD_Score,TCGA-OL-A5D7,2,inner_train
HRD_Score,TCGA-AC-A23E,2,inner_train
HRD_Score,TCGA-E2-A1LK,2,inner_train
HRD_Score,TCGA-AR-A24Z,2,inner_train
HRD_Score,TCGA-E9-A1RD,2,inner_train
HRD_Score,TCGA-OL-A5D6,2,inner_train
HRD_Score,TCGA-LL-A8F5,2,inner_train
HRD_Score,TCGA-A1-A0SE,2,inner_train
HRD_Score,TCGA-E9-A1RF,2,inner_train
HRD_Score,TCGA-C8-A1HL,2,inner_train
HRD_Score,TCGA-A8-A07L,2,inner_train
HRD_Score,TCGA-D8-A1XR,2,inner_train
HRD_Score,TCGA-A8-A0A6,2,inner_train
HRD_Score,TCGA-A2-A0YJ,2,inner_train
HRD_Score,TCGA-AO-A124,2,inner_train
HRD_Score,TCGA-BH-A18J,2,inner_train
HRD_Score,TCGA-LL-A5YL,2,inner_train
HRD_Score,TCGA-AR-A2LK,2,inner_train
HRD_Score,TCGA-S3-AA0Z,2,inner_train
HRD_Score,TCGA-E2-A1IH,2,inner_train
HRD_Score,TCGA-OL-A66L,2,inner_train
HRD_Score,TCGA-B6-A409,2,inner_train
HRD_Score,TCGA-BH-A208,2,inner_train
HRD_Score,TCGA-C8-A1HJ,2,inner_train
HRD_Score,TCGA-A2-A04T,2,inner_train
HRD_Score,TCGA-E9-A1RE,2,inner_train
HRD_Score,TCGA-A2-A4S3,2,inner_train
HRD_Score,TCGA-EW-A6SD,2,inner_train
HRD_Score,TCGA-HN-A2OB,2,inner_train
HRD_Score,TCGA-A8-A06R,2,inner_train
HRD_Score,TCGA-AR-A0TT,2,inner_train
HRD_Score,TCGA-A8-A083,2,inner_train
HRD_Score,TCGA-AO-A0JE,2,inner_train
HRD_Score,TCGA-A8-A08G,2,inner_train
HRD_Score,TCGA-A2-A04Y,2,inner_train
HRD_Score,TCGA-LD-A66U,2,inner_train
HRD_Score,TCGA-EW-A1J1,2,inner_train
HRD_Score,TCGA-OL-A6VR,2,inner_train
HRD_Score,TCGA-B6-A0I5,2,inner_train
HRD_Score,TCGA-E9-A244,2,inner_train
HRD_Score,TCGA-A8-A06Z,2,inner_train
HRD_Score,TCGA-E9-A1RB,2,inner_train
HRD_Score,TCGA-BH-A18I,2,inner_train
HRD_Score,TCGA-BH-A18Q,2,inner_train
HRD_Score,TCGA-AC-A5XS,2,inner_train
HRD_Score,TCGA-E2-A15A,2,inner_train
HRD_Score,TCGA-A2-A0YK,2,inner_train
HRD_Score,TCGA-A2-A1G4,2,inner_train
HRD_Score,TCGA-Z7-A8R6,2,inner_train
HRD_Score,TCGA-E2-A1L8,2,inner_train
HRD_Score,TCGA-AR-A1AK,2,inner_train
HRD_Score,TCGA-B6-A0RE,2,inner_train
HRD_Score,TCGA-AO-A12F,2,inner_train
HRD_Score,TCGA-B6-A0IC,2,inner_train
HRD_Score,TCGA-E2-A1IO,2,inner_train
HRD_Score,TCGA-C8-A8HP,2,inner_train
HRD_Score,TCGA-E2-A15P,2,inner_train
HRD_Score,TCGA-E9-A3X8,2,inner_train
HRD_Score,TCGA-D8-A1X5,2,inner_train
HRD_Score,TCGA-B6-A1KC,2,inner_train
HRD_Score,TCGA-A2-A0CV,2,inner_train
HRD_Score,TCGA-A2-A1G0,2,inner_train
HRD_Score,TCGA-D8-A1XT,2,inner_train
HRD_Score,TCGA-D8-A1XK,2,inner_train
HRD_Score,TCGA-AN-A0XP,2,inner_train
HRD_Score,TCGA-A8-A09A,2,inner_train
HRD_Score,TCGA-A1-A0SI,2,inner_train
HRD_Score,TCGA-A7-A0CJ,2,inner_train
HRD_Score,TCGA-D8-A27L,2,inner_train
HRD_Score,TCGA-E2-A10A,2,inner_train
HRD_Score,TCGA-E9-A243,2,inner_train
HRD_Score,TCGA-A2-A1FZ,2,inner_train
HRD_Score,TCGA-D8-A27K,2,inner_train
HRD_Score,TCGA-D8-A27M,2,inner_train
HRD_Score,TCGA-E2-A1LA,2,inner_train
HRD_Score,TCGA-B6-A0RG,2,inner_train
HRD_Score,TCGA-A2-A259,2,inner_train
HRD_Score,TCGA-E2-A15O,2,inner_train
HRD_Score,TCGA-E9-A5FL,2,inner_train
HRD_Score,TCGA-B6-A0I2,2,inner_train
HRD_Score,TCGA-A7-A26I,2,inner_train
HRD_Score,TCGA-S3-AA17,2,inner_train
HRD_Score,TCGA-C8-A12M,2,inner_train
HRD_Score,TCGA-AR-A1AP,2,inner_train
HRD_Score,TCGA-EW-A1P6,2,inner_train
HRD_Score,TCGA-BH-A2L8,2,inner_train
HRD_Score,TCGA-BH-A1EX,2,inner_train
HRD_Score,TCGA-D8-A27P,2,inner_train
HRD_Score,TCGA-A2-A0EW,2,inner_train
HRD_Score,TCGA-C8-A137,2,inner_train
HRD_Score,TCGA-BH-A18P,2,inner_train
HRD_Score,TCGA-E2-A15T,2,inner_train
HRD_Score,TCGA-A2-A0CU,2,inner_train
HRD_Score,TCGA-AC-A3OD,2,inner_train
HRD_Score,TCGA-E9-A22D,2,inner_train
HRD_Score,TCGA-A8-A097,2,inner_train
HRD_Score,TCGA-A1-A0SJ,2,inner_train
HRD_Score,TCGA-B6-A0RS,2,inner_train
HRD_Score,TCGA-AR-A1AJ,2,inner_train
HRD_Score,TCGA-AN-A0XR,2,inner_train
HRD_Score,TCGA-A2-A4S1,2,inner_train
HRD_Score,TCGA-AC-A3QQ,2,inner_train
HRD_Score,TCGA-A1-A0SQ,2,inner_train
HRD_Score,TCGA-A7-A6VW,2,inner_train
HRD_Score,TCGA-B6-A0RN,2,inner_train
HRD_Score,TCGA-E9-A247,2,inner_train
HRD_Score,TCGA-C8-A135,2,inner_train
HRD_Score,TCGA-A8-A091,2,inner_train
HRD_Score,TCGA-D8-A1X9,2,inner_train
HRD_Score,TCGA-A2-A0EY,2,inner_train
HRD_Score,TCGA-BH-A201,2,inner_train
HRD_Score,TCGA-B6-A0WZ,2,inner_train
HRD_Score,TCGA-D8-A13Y,2,inner_train
HRD_Score,TCGA-BH-A209,2,inner_train
HRD_Score,TCGA-B6-A0IE,2,inner_train
HRD_Score,TCGA-AN-A04C,2,inner_train
HRD_Score,TCGA-BH-A0HP,2,inner_train
HRD_Score,TCGA-XX-A899,2,inner_train
HRD_Score,TCGA-A1-A0SF,2,inner_train
HRD_Score,TCGA-A1-A0SG,2,inner_train
HRD_Score,TCGA-E2-A154,2,inner_train
HRD_Score,TCGA-E9-A1RC,2,inner_train
HRD_Score,TCGA-C8-A12N,2,inner_train
HRD_Score,TCGA-AN-A04D,2,inner_train
HRD_Score,TCGA-BH-A0AW,2,inner_train
HRD_Score,TCGA-E2-A152,2,inner_train
HRD_Score,TCGA-BH-A1FC,2,inner_train
HRD_Score,TCGA-AN-A0AJ,2,inner_train
HRD_Score,TCGA-A8-A07B,2,inner_train
HRD_Score,TCGA-A8-A0A2,2,inner_train
HRD_Score,TCGA-A8-A075,2,inner_train
HRD_Score,TCGA-BH-A0EA,2,inner_train
HRD_Score,TCGA-E2-A14O,2,inner_train
HRD_Score,TCGA-AC-A2B8,2,inner_train
HRD_Score,TCGA-AR-A254,2,inner_train
HRD_Score,TCGA-C8-A12W,2,inner_train
HRD_Score,TCGA-AO-A0JD,2,inner_train
HRD_Score,TCGA-AO-A03T,2,inner_train
HRD_Score,TCGA-BH-A0AZ,2,inner_train
HRD_Score,TCGA-E9-A22G,2,inner_train
HRD_Score,TCGA-AC-A6IW,2,inner_train
HRD_Score,TCGA-EW-A1OZ,2,inner_train
HRD_Score,TCGA-BH-A0C1,2,inner_train
HRD_Score,TCGA-AN-A0FW,2,inner_train
HRD_Score,TCGA-AN-A0FZ,2,inner_train
HRD_Score,TCGA-D8-A1XZ,2,inner_train
HRD_Score,TCGA-A8-A08T,2,inner_train
HRD_Score,TCGA-C8-A132,2,inner_train
HRD_Score,TCGA-W8-A86G,2,inner_train
HRD_Score,TCGA-C8-A26Y,2,inner_train
HRD_Score,TCGA-E9-A1R6,2,inner_train
HRD_Score,TCGA-A8-A079,2,inner_train
HRD_Score,TCGA-E2-A1LL,2,inner_train
HRD_Score,TCGA-E9-A5UO,2,inner_train
HRD_Score,TCGA-D8-A145,2,inner_train
HRD_Score,TCGA-LL-A5YN,2,inner_train
HRD_Score,TCGA-A8-A06X,2,inner_train
HRD_Score,TCGA-A8-A0A7,2,inner_train
HRD_Score,TCGA-AN-A0FY,2,inner_train
HRD_Score,TCGA-E9-A245,2,inner_train
HRD_Score,TCGA-AC-A23H,2,inner_train
HRD_Score,TCGA-A8-A09Q,2,inner_train
HRD_Score,TCGA-B6-A0RU,2,inner_train
HRD_Score,TCGA-A2-A25A,2,inner_train
HRD_Score,TCGA-AR-A2LN,2,inner_train
HRD_Score,TCGA-BH-A204,2,inner_train
HRD_Score,TCGA-BH-A0HW,2,inner_train
HRD_Score,TCGA-BH-A0DV,2,inner_train
HRD_Score,TCGA-E2-A159,2,inner_train
HRD_Score,TCGA-E2-A14Y,2,inner_train
HRD_Score,TCGA-LD-A7W6,2,inner_train
HRD_Score,TCGA-E2-A15H,2,inner_train
HRD_Score,TCGA-BH-A0E2,2,inner_train
HRD_Score,TCGA-D8-A73X,2,inner_train
HRD_Score,TCGA-A7-A13D,2,inner_train
HRD_Score,TCGA-B6-A0X1,2,inner_train
HRD_Score,TCGA-OL-A5DA,2,inner_train
HRD_Score,TCGA-BH-A0E9,2,inner_train
HRD_Score,TCGA-LL-A7T0,2,inner_train
HRD_Score,TCGA-D8-A1JU,2,inner_train
HRD_Score,TCGA-AR-A1AO,2,inner_train
HRD_Score,TCGA-C8-A1HE,2,inner_train
HRD_Score,TCGA-B6-A0WY,2,inner_train
HRD_Score,TCGA-BH-A0B9,2,inner_train
HRD_Score,TCGA-OL-A5RX,2,inner_train
HRD_Score,TCGA-EW-A1P5,2,inner_train
HRD_Score,TCGA-E2-A15G,2,inner_train
HRD_Score,TCGA-5T-A9QA,2,inner_train
HRD_Score,TCGA-S3-A6ZH,2,inner_train
HRD_Score,TCGA-B6-A0WS,2,inner_train
HRD_Score,TCGA-OL-A5RV,2,inner_train
HRD_Score,TCGA-A8-A08B,2,inner_train
HRD_Score,TCGA-AO-A12H,2,inner_train
HRD_Score,TCGA-A7-A0CH,2,inner_train
HRD_Score,TCGA-E9-A2JS,2,inner_train
HRD_Score,TCGA-AR-A5QM,2,inner_train
HRD_Score,TCGA-EW-A1OV,2,inner_train
HRD_Score,TCGA-XX-A89A,2,inner_train
HRD_Score,TCGA-AC-A8OQ,2,inner_train
HRD_Score,TCGA-AO-A0J3,2,inner_train
HRD_Score,TCGA-D8-A1JD,2,inner_train
HRD_Score,TCGA-A2-A0SV,2,inner_train
HRD_Score,TCGA-BH-A0WA,2,inner_train
HRD_Score,TCGA-D8-A1JB,2,inner_train
HRD_Score,TCGA-AC-A5XU,2,inner_train
HRD_Score,TCGA-S3-AA12,2,inner_train
HRD_Score,TCGA-A7-A0CG,2,inner_train
HRD_Score,TCGA-EW-A1OX,2,inner_train
HRD_Score,TCGA-A2-A04Q,2,inner_train
HRD_Score,TCGA-C8-A1HF,2,inner_train
HRD_Score,TCGA-AO-A0JI,2,inner_train
HRD_Score,TCGA-AO-A03R,2,inner_train
HRD_Score,TCGA-A8-A0AB,2,inner_train
HRD_Score,TCGA-UU-A93S,2,inner_train
HRD_Score,TCGA-A8-A08X,2,inner_train
HRD_Score,TCGA-BH-A0HA,2,inner_train
HRD_Score,TCGA-B6-A0X4,2,inner_val
HRD_Score,TCGA-D8-A143,2,inner_val
HRD_Score,TCGA-A2-A0CT,2,inner_val
HRD_Score,TCGA-BH-A0BF,2,inner_val
HRD_Score,TCGA-A2-A0T7,2,inner_val
HRD_Score,TCGA-E2-A1AZ,2,inner_val
HRD_Score,TCGA-BH-A18L,2,inner_val
HRD_Score,TCGA-A2-A04W,2,inner_val
HRD_Score,TCGA-D8-A27W,2,inner_val
HRD_Score,TCGA-BH-A0HO,2,inner_val
HRD_Score,TCGA-C8-A12Z,2,inner_val
HRD_Score,TCGA-B6-A401,2,inner_val
HRD_Score,TCGA-AN-A0FN,2,inner_val
HRD_Score,TCGA-A1-A0SD,2,inner_val
HRD_Score,TCGA-A2-A0YT,2,inner_val
HRD_Score,TCGA-BH-A0DL,2,inner_val
HRD_Score,TCGA-PL-A8LV,2,inner_val
HRD_Score,TCGA-D8-A1XJ,2,inner_val
HRD_Score,TCGA-EW-A1PB,2,inner_val
HRD_Score,TCGA-HN-A2NL,2,inner_val
HRD_Score,TCGA-C8-A26Z,2,inner_val
HRD_Score,TCGA-BH-A0GY,2,inner_val
HRD_Score,TCGA-B6-A0RI,2,inner_val
HRD_Score,TCGA-A2-A1FV,2,inner_val
HRD_Score,TCGA-A2-A25E,2,inner_val
HRD_Score,TCGA-A8-A07P,2,inner_val
HRD_Score,TCGA-A8-A082,2,inner_val
HRD_Score,TCGA-BH-A18F,2,inner_val
HRD_Score,TCGA-A8-A09X,2,inner_val
HRD_Score,TCGA-E9-A248,2,inner_val
HRD_Score,TCGA-A7-A0D9,2,inner_val
HRD_Score,TCGA-S3-AA10,2,inner_val
HRD_Score,TCGA-A7-A26E,2,inner_val
HRD_Score,TCGA-C8-A26W,2,inner_val
HRD_Score,TCGA-D8-A1JT,2,inner_val
HRD_Score,TCGA-AR-A2LQ,2,inner_val
HRD_Score,TCGA-BH-A5IZ,2,inner_val
HRD_Score,TCGA-A8-A07O,2,inner_val
HRD_Score,TCGA-D8-A1JK,2,inner_val
HRD_Score,TCGA-AC-A2FO,2,inner_val
HRD_Score,TCGA-E9-A1NE,2,inner_val
HRD_Score,TCGA-E9-A22H,2,inner_val
HRD_Score,TCGA-A8-A06U,2,inner_val
HRD_Score,TCGA-A7-A6VY,2,inner_val
HRD_Score,TCGA-AR-A24X,2,inner_val
HRD_Score,TCGA-BH-A203,2,inner_val
HRD_Score,TCGA-AR-A256,2,inner_val
HRD_Score,TCGA-EW-A1IY,2,inner_val
HRD_Score,TCGA-A2-A0EN,2,inner_val
HRD_Score,TCGA-AO-A0J4,2,inner_val
HRD_Score,TCGA-A7-A26H,2,inner_val
HRD_Score,TCGA-E9-A6HE,2,inner_val
HRD_Score,TCGA-E2-A15M,2,inner_val
HRD_Score,TCGA-A2-A0EX,2,inner_val
HRD_Score,TCGA-AQ-A04J,2,inner_val
HRD_Score,TCGA-BH-A0DE,2,inner_val
HRD_Score,TCGA-D8-A1XA,2,inner_val
HRD_Score,TCGA-BH-A1FG,2,inner_val
HRD_Score,TCGA-C8-A278,2,inner_val
HRD_Score,TCGA-EW-A1IW,2,inner_val
HRD_Score,TCGA-A7-A5ZX,2,inner_val
HRD_Score,TCGA-E2-A570,2,inner_val
HRD_Score,TCGA-OL-A5RZ,2,inner_val
HRD_Score,TCGA-D8-A1XQ,2,inner_val
HRD_Score,TCGA-GM-A2DD,2,inner_val
HRD_Score,TCGA-AN-A0XU,2,inner_val
HRD_Score,TCGA-AR-A24V,2,inner_val
HRD_Score,TCGA-A2-A0CP,2,inner_val
HRD_Score,TCGA-PL-A8LY,2,inner_val
HRD_Score,TCGA-BH-A0BZ,2,inner_val
HRD_Score,TCGA-BH-A0DO,2,inner_val
HRD_Score,TCGA-BH-A0HB,2,inner_val
HRD_Score,TCGA-E2-A15C,2,inner_val
HRD_Score,TCGA-E2-A1LG,2,inner_val
HRD_Score,TCGA-AC-A7VB,2,inner_val
HRD_Score,TCGA-A8-A09M,2,inner_val
HRD_Score,TCGA-B6-A0RP,2,inner_val
HRD_Score,TCGA-3C-AALI,2,inner_val
HRD_Score,TCGA-A8-A07I,2,inner_val
HRD_Score,TCGA-BH-AB28,2,inner_val
HRD_Score,TCGA-AR-A0TZ,2,inner_val
HRD_Score,TCGA-AC-A3YI,2,inner_val
HRD_Score,TCGA-BH-A0DG,2,inner_val
HRD_Score,TCGA-BH-A1FE,2,inner_val
HRD_Score,TCGA-AN-A0XW,2,inner_val
HRD_Score,TCGA-A8-A0AD,2,inner_val
HRD_Score,TCGA-AR-A5QQ,2,inner_val
HRD_Score,TCGA-AR-A1AX,2,inner_val
HRD_Score,TCGA-BH-A18T,2,inner_val
HRD_Score,TCGA-A8-A09T,2,inner_val
HRD_Score,TCGA-AR-A2LH,2,inner_val
HRD_Score,TCGA-WT-AB41,2,inner_val
HRD_Score,TCGA-BH-A18S,2,inner_val
HRD_Score,TCGA-D8-A73U,2,inner_val
HRD_Score,TCGA-A8-A099,2,inner_val
HRD_Score,TCGA-D8-A1JG,2,inner_val
HRD_Score,TCGA-D8-A1JM,2,inner_val
HRD_Score,TCGA-PE-A5DE,2,inner_val
HRD_Score,TCGA-A8-A09G,2,inner_val
HRD_Score,TCGA-AO-A03P,2,inner_val
HRD_Score,TCGA-A8-A09V,2,inner_val
HRD_Score,TCGA-AN-A041,2,inner_val
HRD_Score,TCGA-B6-A0IH,2,inner_val
HRD_Score,TCGA-EW-A1P1,2,inner_val
HRD_Score,TCGA-EW-A1J6,2,inner_val
HRD_Score,TCGA-B6-A0RL,2,inner_val
HRD_Score,TCGA-E2-A1IK,2,inner_val
HRD_Score,TCGA-BH-A0DT,2,inner_val
HRD_Score,TCGA-AR-A1AN,2,inner_val
HRD_Score,TCGA-AC-A6NO,2,inner_val
HRD_Score,TCGA-A2-A25C,2,inner_val
HRD_Score,TCGA-A7-A13F,2,inner_val
HRD_Score,TCGA-D8-A1Y0,2,inner_val
HRD_Score,TCGA-OL-A66I,2,inner_val
HRD_Score,TCGA-B6-A0WT,2,inner_val
HRD_Score,TCGA-E9-A1N5,2,inner_val
HRD_Score,TCGA-BH-A0BM,2,inner_val
HRD_Score,TCGA-B6-A2IU,2,inner_val
HRD_Score,TCGA-A8-A09D,2,inner_val
HRD_Score,TCGA-OL-A5RU,2,inner_val
HRD_Score,TCGA-OK-A5Q2,2,inner_val
HRD_Score,TCGA-E9-A1RG,2,inner_val
HRD_Score,TCGA-BH-A0BA,2,inner_val
HRD_Score,TCGA-AR-A24P,2,inner_val
HRD_Score,TCGA-BH-A0HX,2,inner_val
HRD_Score,TCGA-BH-A18G,2,inner_val
HRD_Score,TCGA-BH-A0HI,2,inner_val
HRD_Score,TCGA-E9-A22A,2,inner_val
HRD_Score,TCGA-E9-A1R7,2,inner_val
HRD_Score,TCGA-E2-A1IE,2,inner_val
HRD_Score,TCGA-BH-A42V,2,inner_val
HRD_Score,TCGA-C8-A1HG,2,inner_val
HRD_Score,TCGA-OL-A5RY,2,inner_val
HRD_Score,TCGA-BH-A0HY,2,inner_val
HRD_Score,TCGA-A2-A0D1,2,inner_val
HRD_Score,TCGA-A2-A0YD,2,inner_val
HRD_Score,TCGA-A8-A094,2,inner_val
HRD_Score,TCGA-B6-A0X0,2,inner_val
HRD_Score,TCGA-GM-A2DB,2,inner_val
HRD_Score,TCGA-C8-A12P,2,inner_val
HRD_Score,TCGA-E2-A14Q,2,inner_val
HRD_Score,TCGA-EW-A1P4,2,inner_val
HRD_Score,TCGA-AO-A0JJ,2,inner_val
HRD_Score,TCGA-LL-A6FQ,2,inner_val
HRD_Score,TCGA-B6-A1KF,2,inner_val
HRD_Score,TCGA-A2-A04V,2,inner_val
HRD_Score,TCGA-S3-A6ZG,2,inner_val
HRD_Score,TCGA-AR-A1AY,2,inner_val
HRD_Score,TCGA-C8-A27A,2,inner_val
HRD_Score,TCGA-A2-A0SY,2,inner_val
HRD_Score,TCGA-AO-A0JF,2,inner_val
HRD_Score,TCGA-E2-A14X,2,inner_val
HRD_Score,TCGA-D8-A1XV,2,inner_val
HRD_Score,TCGA-BH-A0B5,2,inner_val
HRD_Score,TCGA-OL-A6VQ,2,inner_val
HRD_Score,TCGA-A1-A0SK,2,test
HRD_Score,TCGA-A1-A0SO,2,test
HRD_Score,TCGA-A2-A04N,2,test
HRD_Score,TCGA-A2-A0CR,2,test
HRD_Score,TCGA-A2-A0CS,2,test
HRD_Score,TCGA-A2-A0D0,2,test
HRD_Score,TCGA-A2-A0T0,2,test
HRD_Score,TCGA-A2-A0T1,2,test
HRD_Score,TCGA-A2-A0T2,2,test
HRD_Score,TCGA-A2-A0T3,2,test
HRD_Score,TCGA-A2-A0T4,2,test
HRD_Score,TCGA-A2-A0T5,2,test
HRD_Score,TCGA-A2-A0T6,2,test
HRD_Score,TCGA-A2-A0YG,2,test
HRD_Score,TCGA-A2-A0YH,2,test
HRD_Score,TCGA-A2-A3XU,2,test
HRD_Score,TCGA-A2-A3Y0,2,test
HRD_Score,TCGA-A7-A0DA,2,test
HRD_Score,TCGA-A7-A0DB,2,test
HRD_Score,TCGA-A7-A56D,2,test
HRD_Score,TCGA-A7-A5ZW,2,test
HRD_Score,TCGA-A7-A6VX,2,test
HRD_Score,TCGA-A8-A06P,2,test
HRD_Score,TCGA-A8-A06Q,2,test
HRD_Score,TCGA-A8-A07W,2,test
HRD_Score,TCGA-A8-A081,2,test
HRD_Score,TCGA-A8-A08H,2,test
HRD_Score,TCGA-A8-A08L,2,test
HRD_Score,TCGA-A8-A09C,2,test
HRD_Score,TCGA-A8-A09N,2,test
HRD_Score,TCGA-A8-A0A4,2,test
HRD_Score,TCGA-AC-A23C,2,test
HRD_Score,TCGA-AC-A4ZE,2,test
HRD_Score,TCGA-AC-A5EH,2,test
HRD_Score,TCGA-AC-A6IV,2,test
HRD_Score,TCGA-AC-A6IX,2,test
HRD_Score,TCGA-AC-A8OP,2,test
HRD_Score,TCGA-AC-A8OR,2,test
HRD_Score,TCGA-AC-A8OS,2,test
HRD_Score,TCGA-AN-A03Y,2,test
HRD_Score,TCGA-AN-A049,2,test
HRD_Score,TCGA-AN-A0AR,2,test
HRD_Score,TCGA-AN-A0AT,2,test
HRD_Score,TCGA-AN-A0FK,2,test
HRD_Score,TCGA-AN-A0FS,2,test
HRD_Score,TCGA-AN-A0FT,2,test
HRD_Score,TCGA-AN-A0XT,2,test
HRD_Score,TCGA-AO-A03O,2,test
HRD_Score,TCGA-AO-A0J2,2,test
HRD_Score,TCGA-AO-A0JA,2,test
HRD_Score,TCGA-AO-A128,2,test
HRD_Score,TCGA-AO-A1KR,2,test
HRD_Score,TCGA-AO-A1KT,2,test
HRD_Score,TCGA-AQ-A1H3,2,test
HRD_Score,TCGA-AR-A0TW,2,test
HRD_Score,TCGA-AR-A1AH,2,test
HRD_Score,TCGA-AR-A1AR,2,test
HRD_Score,TCGA-AR-A24L,2,test
HRD_Score,TCGA-AR-A24O,2,test
HRD_Score,TCGA-AR-A24S,2,test
HRD_Score,TCGA-AR-A5QN,2,test
HRD_Score,TCGA-B6-A0IB,2,test
HRD_Score,TCGA-B6-A0RH,2,test
HRD_Score,TCGA-BH-A0AU,2,test
HRD_Score,TCGA-BH-A0AY,2,test
HRD_Score,TCGA-BH-A0BC,2,test
HRD_Score,TCGA-BH-A0BO,2,test
HRD_Score,TCGA-BH-A0BR,2,test
HRD_Score,TCGA-BH-A0BT,2,test
HRD_Score,TCGA-BH-A0C3,2,test
HRD_Score,TCGA-BH-A0C7,2,test
HRD_Score,TCGA-BH-A0DI,2,test
HRD_Score,TCGA-BH-A0DQ,2,test
HRD_Score,TCGA-BH-A0DZ,2,test
HRD_Score,TCGA-BH-A0EB,2,test
HRD_Score,TCGA-BH-A0H7,2,test
HRD_Score,TCGA-BH-A0HK,2,test
HRD_Score,TCGA-BH-A0HU,2,test
HRD_Score,TCGA-BH-A18H,2,test
HRD_Score,TCGA-BH-A18N,2,test
HRD_Score,TCGA-BH-A18R,2,test
HRD_Score,TCGA-BH-A18U,2,test
HRD_Score,TCGA-BH-A1F2,2,test
HRD_Score,TCGA-BH-A1FJ,2,test
HRD_Score,TCGA-BH-A1FL,2,test
HRD_Score,TCGA-BH-A1FM,2,test
HRD_Score,TCGA-BH-A1FN,2,test
HRD_Score,TCGA-BH-A28Q,2,test
HRD_Score,TCGA-BH-A6R9,2,test
HRD_Score,TCGA-BH-A8FZ,2,test
HRD_Score,TCGA-C8-A12O,2,test
HRD_Score,TCGA-C8-A133,2,test
HRD_Score,TCGA-C8-A138,2,test
HRD_Score,TCGA-C8-A26V,2,test
HRD_Score,TCGA-C8-A26X,2,test
HRD_Score,TCGA-C8-A8HQ,2,test
HRD_Score,TCGA-D8-A147,2,test
HRD_Score,TCGA-D8-A1J9,2,test
HRD_Score,TCGA-D8-A1JC,2,test
HRD_Score,TCGA-D8-A1JL,2,test
HRD_Score,TCGA-D8-A1JN,2,test
HRD_Score,TCGA-D8-A1X7,2,test
HRD_Score,TCGA-D8-A1X8,2,test
HRD_Score,TCGA-D8-A1XM,2,test
HRD_Score,TCGA-D8-A1XY,2,test
HRD_Score,TCGA-D8-A1Y1,2,test
HRD_Score,TCGA-D8-A1Y3,2,test
HRD_Score,TCGA-D8-A27E,2,test
HRD_Score,TCGA-D8-A27H,2,test
HRD_Score,TCGA-D8-A27R,2,test
HRD_Score,TCGA-D8-A27T,2,test
HRD_Score,TCGA-D8-A27V,2,test
HRD_Score,TCGA-E2-A14Z,2,test
HRD_Score,TCGA-E2-A156,2,test
HRD_Score,TCGA-E2-A15D,2,test
HRD_Score,TCGA-E2-A15E,2,test
HRD_Score,TCGA-E2-A1B5,2,test
HRD_Score,TCGA-E2-A1IG,2,test
HRD_Score,TCGA-E2-A573,2,test
HRD_Score,TCGA-E9-A1N3,2,test
HRD_Score,TCGA-E9-A1NA,2,test
HRD_Score,TCGA-E9-A1NC,2,test
HRD_Score,TCGA-E9-A1NH,2,test
HRD_Score,TCGA-E9-A1R0,2,test
HRD_Score,TCGA-E9-A1R3,2,test
HRD_Score,TCGA-E9-A1R5,2,test
HRD_Score,TCGA-E9-A1RH,2,test
HRD_Score,TCGA-E9-A228,2,test
HRD_Score,TCGA-E9-A229,2,test
HRD_Score,TCGA-E9-A22E,2,test
HRD_Score,TCGA-E9-A295,2,test
HRD_Score,TCGA-E9-A2JT,2,test
HRD_Score,TCGA-EW-A1J3,2,test
HRD_Score,TCGA-EW-A1P0,2,test
HRD_Score,TCGA-EW-A1P3,2,test
HRD_Score,TCGA-EW-A1P8,2,test
HRD_Score,TCGA-EW-A6SB,2,test
HRD_Score,TCGA-GM-A2DC,2,test
HRD_Score,TCGA-GM-A2DF,2,test
HRD_Score,TCGA-GM-A2DH,2,test
HRD_Score,TCGA-GM-A2DK,2,test
HRD_Score,TCGA-GM-A2DM,2,test
HRD_Score,TCGA-GM-A5PX,2,test
HRD_Score,TCGA-LD-A7W5,2,test
HRD_Score,TCGA-LL-A6FR,2,test
HRD_Score,TCGA-LL-A7SZ,2,test
HRD_Score,TCGA-LL-A9Q3,2,test
HRD_Score,TCGA-OL-A5S0,2,test
HRD_Score,TCGA-OL-A66J,2,test
HRD_Score,TCGA-OL-A66K,2,test
HRD_Score,TCGA-OL-A66N,2,test
HRD_Score,TCGA-OL-A66O,2,test
HRD_Score,TCGA-PL-A8LZ,2,test
HRD_Score,TCGA-S3-A6ZF,2,test
HRD_Score,TCGA-V7-A7HQ,2,test
HRD_Score,TCGA-3C-AALJ,3,train
HRD_Score,TCGA-5L-AAT0,3,train
HRD_Score,TCGA-5T-A9QA,3,train
HRD_Score,TCGA-A1-A0SB,3,train
HRD_Score,TCGA-A1-A0SD,3,train
HRD_Score,TCGA-A1-A0SE,3,train
HRD_Score,TCGA-A1-A0SF,3,train
HRD_Score,TCGA-A1-A0SG,3,train
HRD_Score,TCGA-A1-A0SI,3,train
HRD_Score,TCGA-A1-A0SJ,3,train
HRD_Score,TCGA-A1-A0SK,3,train
HRD_Score,TCGA-A1-A0SO,3,train
HRD_Score,TCGA-A1-A0SQ,3,train
HRD_Score,TCGA-A2-A04N,3,train
HRD_Score,TCGA-A2-A04P,3,train
HRD_Score,TCGA-A2-A04Q,3,train
HRD_Score,TCGA-A2-A04T,3,train
HRD_Score,TCGA-A2-A04U,3,train
HRD_Score,TCGA-A2-A04Y,3,train
HRD_Score,TCGA-A2-A0CM,3,train
HRD_Score,TCGA-A2-A0CP,3,train
HRD_Score,TCGA-A2-A0CR,3,train
HRD_Score,TCGA-A2-A0CS,3,train
HRD_Score,TCGA-A2-A0CT,3,train
HRD_Score,TCGA-A2-A0CV,3,train
HRD_Score,TCGA-A2-A0CW,3,train
HRD_Score,TCGA-A2-A0CX,3,train
HRD_Score,TCGA-A2-A0D0,3,train
HRD_Score,TCGA-A2-A0D1,3,train
HRD_Score,TCGA-A2-A0D3,3,train
HRD_Score,TCGA-A2-A0D4,3,train
HRD_Score,TCGA-A2-A0EM,3,train
HRD_Score,TCGA-A2-A0EN,3,train
HRD_Score,TCGA-A2-A0EW,3,train
HRD_Score,TCGA-A2-A0EY,3,train
HRD_Score,TCGA-A2-A0SV,3,train
HRD_Score,TCGA-A2-A0SW,3,train
HRD_Score,TCGA-A2-A0T0,3,train
HRD_Score,TCGA-A2-A0T1,3,train
HRD_Score,TCGA-A2-A0T2,3,train
HRD_Score,TCGA-A2-A0T3,3,train
HRD_Score,TCGA-A2-A0T4,3,train
HRD_Score,TCGA-A2-A0T5,3,train
HRD_Score,TCGA-A2-A0T6,3,train
HRD_Score,TCGA-A2-A0T7,3,train
HRD_Score,TCGA-A2-A0YC,3,train
HRD_Score,TCGA-A2-A0YE,3,train
HRD_Score,TCGA-A2-A0YF,3,train
HRD_Score,TCGA-A2-A0YG,3,train
HRD_Score,TCGA-A2-A0YH,3,train
HRD_Score,TCGA-A2-A0YJ,3,train
HRD_Score,TCGA-A2-A0YL,3,train
HRD_Score,TCGA-A2-A0YM,3,train
HRD_Score,TCGA-A2-A0YT,3,train
HRD_Score,TCGA-A2-A1FV,3,train
HRD_Score,TCGA-A2-A1FX,3,train
HRD_Score,TCGA-A2-A1FZ,3,train
HRD_Score,TCGA-A2-A1G0,3,train
HRD_Score,TCGA-A2-A1G1,3,train
HRD_Score,TCGA-A2-A1G4,3,train
HRD_Score,TCGA-A2-A25C,3,train
HRD_Score,TCGA-A2-A25D,3,train
HRD_Score,TCGA-A2-A25E,3,train
HRD_Score,TCGA-A2-A3XU,3,train
HRD_Score,TCGA-A2-A3Y0,3,train
HRD_Score,TCGA-A2-A4S1,3,train
HRD_Score,TCGA-A2-A4S3,3,train
HRD_Score,TCGA-A7-A0CE,3,train
HRD_Score,TCGA-A7-A0CG,3,train
HRD_Score,TCGA-A7-A0CJ,3,train
HRD_Score,TCGA-A7-A0DA,3,train
HRD_Score,TCGA-A7-A0DB,3,train
HRD_Score,TCGA-A7-A13D,3,train
HRD_Score,TCGA-A7-A13E,3,train
HRD_Score,TCGA-A7-A26E,3,train
HRD_Score,TCGA-A7-A26H,3,train
HRD_Score,TCGA-A7-A26I,3,train
HRD_Score,TCGA-A7-A4SE,3,train
HRD_Score,TCGA-A7-A56D,3,train
HRD_Score,TCGA-A7-A5ZW,3,train
HRD_Score,TCGA-A7-A5ZX,3,train
HRD_Score,TCGA-A7-A6VX,3,train
HRD_Score,TCGA-A7-A6VY,3,train
HRD_Score,TCGA-A8-A06P,3,train
HRD_Score,TCGA-A8-A06Q,3,train
HRD_Score,TCGA-A8-A06R,3,train
HRD_Score,TCGA-A8-A06U,3,train
HRD_Score,TCGA-A8-A06X,3,train
HRD_Score,TCGA-A8-A06Z,3,train
HRD_Score,TCGA-A8-A075,3,train
HRD_Score,TCGA-A8-A079,3,train
HRD_Score,TCGA-A8-A07B,3,train
HRD_Score,TCGA-A8-A07I,3,train
HRD_Score,TCGA-A8-A07J,3,train
HRD_Score,TCGA-A8-A07L,3,train
HRD_Score,TCGA-A8-A07O,3,train
HRD_Score,TCGA-A8-A07P,3,train
HRD_Score,TCGA-A8-A07U,3,train
HRD_Score,TCGA-A8-A07W,3,train
HRD_Score,TCGA-A8-A081,3,train
HRD_Score,TCGA-A8-A083,3,train
HRD_Score,TCGA-A8-A08B,3,train
HRD_Score,TCGA-A8-A08H,3,train
HRD_Score,TCGA-A8-A08L,3,train
HRD_Score,TCGA-A8-A08O,3,train
HRD_Score,TCGA-A8-A08R,3,train
HRD_Score,TCGA-A8-A08T,3,train
HRD_Score,TCGA-A8-A08X,3,train
HRD_Score,TCGA-A8-A091,3,train
HRD_Score,TCGA-A8-A093,3,train
HRD_Score,TCGA-A8-A094,3,train
HRD_Score,TCGA-A8-A095,3,train
HRD_Score,TCGA-A8-A097,3,train
HRD_Score,TCGA-A8-A099,3,train
HRD_Score,TCGA-A8-A09A,3,train
HRD_Score,TCGA-A8-A09B,3,train
HRD_Score,TCGA-A8-A09C,3,train
HRD_Score,TCGA-A8-A09D,3,train
HRD_Score,TCGA-A8-A09G,3,train
HRD_Score,TCGA-A8-A09N,3,train
HRD_Score,TCGA-A8-A09Q,3,train
HRD_Score,TCGA-A8-A09T,3,train
HRD_Score,TCGA-A8-A09V,3,train
HRD_Score,TCGA-A8-A09W,3,train
HRD_Score,TCGA-A8-A09X,3,train
HRD_Score,TCGA-A8-A09Z,3,train
HRD_Score,TCGA-A8-A0A1,3,train
HRD_Score,TCGA-A8-A0A4,3,train
HRD_Score,TCGA-A8-A0AB,3,train
HRD_Score,TCGA-A8-A0AD,3,train
HRD_Score,TCGA-AC-A23C,3,train
HRD_Score,TCGA-AC-A2FB,3,train
HRD_Score,TCGA-AC-A2FG,3,train
HRD_Score,TCGA-AC-A2FO,3,train
HRD_Score,TCGA-AC-A2QH,3,train
HRD_Score,TCGA-AC-A3OD,3,train
HRD_Score,TCGA-AC-A3QQ,3,train
HRD_Score,TCGA-AC-A4ZE,3,train
HRD_Score,TCGA-AC-A5EH,3,train
HRD_Score,TCGA-AC-A5XS,3,train
HRD_Score,TCGA-AC-A5XU,3,train
HRD_Score,TCGA-AC-A62Y,3,train
HRD_Score,TCGA-AC-A6IV,3,train
HRD_Score,TCGA-AC-A6IW,3,train
HRD_Score,TCGA-AC-A6IX,3,train
HRD_Score,TCGA-AC-A6NO,3,train
HRD_Score,TCGA-AC-A7VB,3,train
HRD_Score,TCGA-AC-A8OP,3,train
HRD_Score,TCGA-AC-A8OQ,3,train
HRD_Score,TCGA-AC-A8OR,3,train
HRD_Score,TCGA-AC-A8OS,3,train
HRD_Score,TCGA-AN-A03X,3,train
HRD_Score,TCGA-AN-A03Y,3,train
HRD_Score,TCGA-AN-A041,3,train
HRD_Score,TCGA-AN-A049,3,train
HRD_Score,TCGA-AN-A04C,3,train
HRD_Score,TCGA-AN-A0AL,3,train
HRD_Score,TCGA-AN-A0AM,3,train
HRD_Score,TCGA-AN-A0AR,3,train
HRD_Score,TCGA-AN-A0AT,3,train
HRD_Score,TCGA-AN-A0FJ,3,train
HRD_Score,TCGA-AN-A0FK,3,train
HRD_Score,TCGA-AN-A0FN,3,train
HRD_Score,TCGA-AN-A0FS,3,train
HRD_Score,TCGA-AN-A0FT,3,train
HRD_Score,TCGA-AN-A0FV,3,train
HRD_Score,TCGA-AN-A0FW,3,train
HRD_Score,TCGA-AN-A0FX,3,train
HRD_Score,TCGA-AN-A0FY,3,train
HRD_Score,TCGA-AN-A0XN,3,train
HRD_Score,TCGA-AN-A0XO,3,train
HRD_Score,TCGA-AN-A0XP,3,train
HRD_Score,TCGA-AN-A0XR,3,train
HRD_Score,TCGA-AN-A0XS,3,train
HRD_Score,TCGA-AN-A0XT,3,train
HRD_Score,TCGA-AN-A0XU,3,train
HRD_Score,TCGA-AN-A0XV,3,train
HRD_Score,TCGA-AO-A03L,3,train
HRD_Score,TCGA-AO-A03O,3,train
HRD_Score,TCGA-AO-A03P,3,train
HRD_Score,TCGA-AO-A03R,3,train
HRD_Score,TCGA-AO-A03T,3,train
HRD_Score,TCGA-AO-A03V,3,train
HRD_Score,TCGA-AO-A0J2,3,train
HRD_Score,TCGA-AO-A0J3,3,train
HRD_Score,TCGA-AO-A0J4,3,train
HRD_Score,TCGA-AO-A0J6,3,train
HRD_Score,TCGA-AO-A0J7,3,train
HRD_Score,TCGA-AO-A0J8,3,train
HRD_Score,TCGA-AO-A0J9,3,train
HRD_Score,TCGA-AO-A0JA,3,train
HRD_Score,TCGA-AO-A0JB,3,train
HRD_Score,TCGA-AO-A0JD,3,train
HRD_Score,TCGA-AO-A0JF,3,train
HRD_Score,TCGA-AO-A0JG,3,train
HRD_Score,TCGA-AO-A0JJ,3,train
HRD_Score,TCGA-AO-A0JM,3,train
HRD_Score,TCGA-AO-A124,3,train
HRD_Score,TCGA-AO-A128,3,train
HRD_Score,TCGA-AO-A12A,3,train
HRD_Score,TCGA-AO-A12D,3,train
HRD_Score,TCGA-AO-A12F,3,train
HRD_Score,TCGA-AO-A12H,3,train
HRD_Score,TCGA-AO-A1KP,3,train
HRD_Score,TCGA-AO-A1KR,3,train
HRD_Score,TCGA-AO-A1KT,3,train
HRD_Score,TCGA-AQ-A04H,3,train
HRD_Score,TCGA-AQ-A1H2,3,train
HRD_Score,TCGA-AQ-A1H3,3,train
HRD_Score,TCGA-AR-A0TQ,3,train
HRD_Score,TCGA-AR-A0TS,3,train
HRD_Score,TCGA-AR-A0TV,3,train
HRD_Score,TCGA-AR-A0TW,3,train
HRD_Score,TCGA-AR-A0U0,3,train
HRD_Score,TCGA-AR-A1AH,3,train
HRD_Score,TCGA-AR-A1AI,3,train
HRD_Score,TCGA-AR-A1AJ,3,train
HRD_Score,TCGA-AR-A1AN,3,train
HRD_Score,TCGA-AR-A1AO,3,train
HRD_Score,TCGA-AR-A1AP,3,train
HRD_Score,TCGA-AR-A1AR,3,train
HRD_Score,TCGA-AR-A1AU,3,train
HRD_Score,TCGA-AR-A1AW,3,train
HRD_Score,TCGA-AR-A1AX,3,train
HRD_Score,TCGA-AR-A24L,3,train
HRD_Score,TCGA-AR-A24O,3,train
HRD_Score,TCGA-AR-A24P,3,train
HRD_Score,TCGA-AR-A24Q,3,train
HRD_Score,TCGA-AR-A24S,3,train
HRD_Score,TCGA-AR-A24U,3,train
HRD_Score,TCGA-AR-A24W,3,train
HRD_Score,TCGA-AR-A24X,3,train
HRD_Score,TCGA-AR-A24Z,3,train
HRD_Score,TCGA-AR-A250,3,train
HRD_Score,TCGA-AR-A252,3,train
HRD_Score,TCGA-AR-A254,3,train
HRD_Score,TCGA-AR-A256,3,train
HRD_Score,TCGA-AR-A2LK,3,train
HRD_Score,TCGA-AR-A2LN,3,train
HRD_Score,TCGA-AR-A2LO,3,train
HRD_Score,TCGA-AR-A2LQ,3,train
HRD_Score,TCGA-AR-A5QM,3,train
HRD_Score,TCGA-AR-A5QN,3,train
HRD_Score,TCGA-AR-A5QP,3,train
HRD_Score,TCGA-AR-A5QQ,3,train
HRD_Score,TCGA-B6-A0I2,3,train
HRD_Score,TCGA-B6-A0I5,3,train
HRD_Score,TCGA-B6-A0I9,3,train
HRD_Score,TCGA-B6-A0IB,3,train
HRD_Score,TCGA-B6-A0IC,3,train
HRD_Score,TCGA-B6-A0IH,3,train
HRD_Score,TCGA-B6-A0IJ,3,train
HRD_Score,TCGA-B6-A0IN,3,train
HRD_Score,TCGA-B6-A0RE,3,train
HRD_Score,TCGA-B6-A0RG,3,train
HRD_Score,TCGA-B6-A0RH,3,train
HRD_Score,TCGA-B6-A0RI,3,train
HRD_Score,TCGA-B6-A0RN,3,train
HRD_Score,TCGA-B6-A0RO,3,train
HRD_Score,TCGA-B6-A0RP,3,train
HRD_Score,TCGA-B6-A0RU,3,train
HRD_Score,TCGA-B6-A0RV,3,train
HRD_Score,TCGA-B6-A0WS,3,train
HRD_Score,TCGA-B6-A0WT,3,train
HRD_Score,TCGA-B6-A0WW,3,train
HRD_Score,TCGA-B6-A0WZ,3,train
HRD_Score,TCGA-B6-A0X0,3,train
HRD_Score,TCGA-B6-A0X1,3,train
HRD_Score,TCGA-B6-A0X4,3,train
HRD_Score,TCGA-B6-A1KC,3,train
HRD_Score,TCGA-B6-A1KF,3,train
HRD_Score,TCGA-B6-A1KN,3,train
HRD_Score,TCGA-B6-A401,3,train
HRD_Score,TCGA-B6-A409,3,train
HRD_Score,TCGA-B6-A40C,3,train
HRD_Score,TCGA-BH-A0AU,3,train
HRD_Score,TCGA-BH-A0AV,3,train
HRD_Score,TCGA-BH-A0AW,3,train
HRD_Score,TCGA-BH-A0AY,3,train
HRD_Score,TCGA-BH-A0AZ,3,train
HRD_Score,TCGA-BH-A0B3,3,train
HRD_Score,TCGA-BH-A0B5,3,train
HRD_Score,TCGA-BH-A0B7,3,train
HRD_Score,TCGA-BH-A0B9,3,train
HRD_Score,TCGA-BH-A0BA,3,train
HRD_Score,TCGA-BH-A0BC,3,train
HRD_Score,TCGA-BH-A0BF,3,train
HRD_Score,TCGA-BH-A0BJ,3,train
HRD_Score,TCGA-BH-A0BL,3,train
HRD_Score,TCGA-BH-A0BM,3,train
HRD_Score,TCGA-BH-A0BO,3,train
HRD_Score,TCGA-BH-A0BP,3,train
HRD_Score,TCGA-BH-A0BR,3,train
HRD_Score,TCGA-BH-A0BT,3,train
HRD_Score,TCGA-BH-A0BZ,3,train
HRD_Score,TCGA-BH-A0C3,3,train
HRD_Score,TCGA-BH-A0C7,3,train
HRD_Score,TCGA-BH-A0DE,3,train
HRD_Score,TCGA-BH-A0DG,3,train
HRD_Score,TCGA-BH-A0DI,3,train
HRD_Score,TCGA-BH-A0DK,3,train
HRD_Score,TCGA-BH-A0DL,3,train
HRD_Score,TCGA-BH-A0DQ,3,train
HRD_Score,TCGA-BH-A0DS,3,train
HRD_Score,TCGA-BH-A0DV,3,train
HRD_Score,TCGA-BH-A0DX,3,train
HRD_Score,TCGA-BH-A0DZ,3,train
HRD_Score,TCGA-BH-A0E0,3,train
HRD_Score,TCGA-BH-A0E2,3,train
HRD_Score,TCGA-BH-A0E7,3,train
HRD_Score,TCGA-BH-A0E9,3,train
HRD_Score,TCGA-BH-A0EA,3,train
HRD_Score,TCGA-BH-A0EB,3,train
HRD_Score,TCGA-BH-A0EE,3,train
HRD_Score,TCGA-BH-A0GY,3,train
HRD_Score,TCGA-BH-A0H0,3,train
HRD_Score,TCGA-BH-A0H6,3,train
HRD_Score,TCGA-BH-A0H7,3,train
HRD_Score,TCGA-BH-A0HB,3,train
HRD_Score,TCGA-BH-A0HK,3,train
HRD_Score,TCGA-BH-A0HO,3,train
HRD_Score,TCGA-BH-A0HP,3,train
HRD_Score,TCGA-BH-A0HQ,3,train
HRD_Score,TCGA-BH-A0HU,3,train
HRD_Score,TCGA-BH-A0HW,3,train
HRD_Score,TCGA-BH-A0HX,3,train
HRD_Score,TCGA-BH-A0HY,3,train
HRD_Score,TCGA-BH-A0WA,3,train
HRD_Score,TCGA-BH-A18F,3,train
HRD_Score,TCGA-BH-A18G,3,train
HRD_Score,TCGA-BH-A18H,3,train
HRD_Score,TCGA-BH-A18I,3,train
HRD_Score,TCGA-BH-A18J,3,train
HRD_Score,TCGA-BH-A18K,3,train
HRD_Score,TCGA-BH-A18N,3,train
HRD_Score,TCGA-BH-A18P,3,train
HRD_Score,TCGA-BH-A18Q,3,train
HRD_Score,TCGA-BH-A18R,3,train
HRD_Score,TCGA-BH-A18S,3,train
HRD_Score,TCGA-BH-A18T,3,train
HRD_Score,TCGA-BH-A18U,3,train
HRD_Score,TCGA-BH-A1EO,3,train
HRD_Score,TCGA-BH-A1EU,3,train
HRD_Score,TCGA-BH-A1EV,3,train
HRD_Score,TCGA-BH-A1EW,3,train
HRD_Score,TCGA-BH-A1EX,3,train
HRD_Score,TCGA-BH-A1F2,3,train
HRD_Score,TCGA-BH-A1FC,3,train
HRD_Score,TCGA-BH-A1FE,3,train
HRD_Score,TCGA-BH-A1FG,3,train
HRD_Score,TCGA-BH-A1FJ,3,train
HRD_Score,TCGA-BH-A1FL,3,train
HRD_Score,TCGA-BH-A1FM,3,train
HRD_Score,TCGA-BH-A1FN,3,train
HRD_Score,TCGA-BH-A1FU,3,train
HRD_Score,TCGA-BH-A201,3,train
HRD_Score,TCGA-BH-A202,3,train
HRD_Score,TCGA-BH-A203,3,train
HRD_Score,TCGA-BH-A204,3,train
HRD_Score,TCGA-BH-A208,3,train
HRD_Score,TCGA-BH-A28Q,3,train
HRD_Score,TCGA-BH-A42V,3,train
HRD_Score,TCGA-BH-A6R8,3,train
HRD_Score,TCGA-BH-A6R9,3,train
HRD_Score,TCGA-BH-A8FY,3,train
HRD_Score,TCGA-BH-A8FZ,3,train
HRD_Score,TCGA-BH-A8G0,3,train
HRD_Score,TCGA-BH-AB28,3,train
HRD_Score,TCGA-C8-A12L,3,train
HRD_Score,TCGA-C8-A12M,3,train
HRD_Score,TCGA-C8-A12N,3,train
HRD_Score,TCGA-C8-A12O,3,train
HRD_Score,TCGA-C8-A12P,3,train
HRD_Score,TCGA-C8-A12Q,3,train
HRD_Score,TCGA-C8-A12U,3,train
HRD_Score,TCGA-C8-A12W,3,train
HRD_Score,TCGA-C8-A12Y,3,train
HRD_Score,TCGA-C8-A12Z,3,train
HRD_Score,TCGA-C8-A130,3,train
HRD_Score,TCGA-C8-A131,3,train
HRD_Score,TCGA-C8-A133,3,train
HRD_Score,TCGA-C8-A135,3,train
HRD_Score,TCGA-C8-A137,3,train
HRD_Score,TCGA-C8-A138,3,train
HRD_Score,TCGA-C8-A1HE,3,train
HRD_Score,TCGA-C8-A1HF,3,train
HRD_Score,TCGA-C8-A1HG,3,train
HRD_Score,TCGA-C8-A1HK,3,train
HRD_Score,TCGA-C8-A1HL,3,train
HRD_Score,TCGA-C8-A1HM,3,train
HRD_Score,TCGA-C8-A26V,3,train
HRD_Score,TCGA-C8-A26W,3,train
HRD_Score,TCGA-C8-A26X,3,train
HRD_Score,TCGA-C8-A26Y,3,train
HRD_Score,TCGA-C8-A26Z,3,train
HRD_Score,TCGA-C8-A273,3,train
HRD_Score,TCGA-C8-A278,3,train
HRD_Score,TCGA-C8-A27A,3,train
HRD_Score,TCGA-C8-A8HQ,3,train
HRD_Score,TCGA-C8-A8HR,3,train
HRD_Score,TCGA-D8-A13Z,3,train
HRD_Score,TCGA-D8-A140,3,train
HRD_Score,TCGA-D8-A147,3,train
HRD_Score,TCGA-D8-A1J9,3,train
HRD_Score,TCGA-D8-A1JA,3,train
HRD_Score,TCGA-D8-A1JB,3,train
HRD_Score,TCGA-D8-A1JC,3,train
HRD_Score,TCGA-D8-A1JD,3,train
HRD_Score,TCGA-D8-A1JF,3,train
HRD_Score,TCGA-D8-A1JI,3,train
HRD_Score,TCGA-D8-A1JJ,3,train
HRD_Score,TCGA-D8-A1JK,3,train
HRD_Score,TCGA-D8-A1JL,3,train
HRD_Score,TCGA-D8-A1JM,3,train
HRD_Score,TCGA-D8-A1JN,3,train
HRD_Score,TCGA-D8-A1JU,3,train
HRD_Score,TCGA-D8-A1X5,3,train
HRD_Score,TCGA-D8-A1X7,3,train
HRD_Score,TCGA-D8-A1X8,3,train
HRD_Score,TCGA-D8-A1X9,3,train
HRD_Score,TCGA-D8-A1XA,3,train
HRD_Score,TCGA-D8-A1XC,3,train
HRD_Score,TCGA-D8-A1XG,3,train
HRD_Score,TCGA-D8-A1XJ,3,train
HRD_Score,TCGA-D8-A1XK,3,train
HRD_Score,TCGA-D8-A1XL,3,train
HRD_Score,TCGA-D8-A1XM,3,train
HRD_Score,TCGA-D8-A1XO,3,train
HRD_Score,TCGA-D8-A1XQ,3,train
HRD_Score,TCGA-D8-A1XR,3,train
HRD_Score,TCGA-D8-A1XT,3,train
HRD_Score,TCGA-D8-A1XV,3,train
HRD_Score,TCGA-D8-A1XW,3,train
HRD_Score,TCGA-D8-A1XY,3,train
HRD_Score,TCGA-D8-A1XZ,3,train
HRD_Score,TCGA-D8-A1Y0,3,train
HRD_Score,TCGA-D8-A1Y1,3,train
HRD_Score,TCGA-D8-A1Y2,3,train
HRD_Score,TCGA-D8-A1Y3,3,train
HRD_Score,TCGA-D8-A27E,3,train
HRD_Score,TCGA-D8-A27F,3,train
HRD_Score,TCGA-D8-A27H,3,train
HRD_Score,TCGA-D8-A27K,3,train
HRD_Score,TCGA-D8-A27L,3,train
HRD_Score,TCGA-D8-A27M,3,train
HRD_Score,TCGA-D8-A27N,3,train
HRD_Score,TCGA-D8-A27P,3,train
HRD_Score,TCGA-D8-A27R,3,train
HRD_Score,TCGA-D8-A27T,3,train
HRD_Score,TCGA-D8-A27V,3,train
HRD_Score,TCGA-D8-A3Z6,3,train
HRD_Score,TCGA-D8-A4Z1,3,train
HRD_Score,TCGA-D8-A73U,3,train
HRD_Score,TCGA-D8-A73W,3,train
HRD_Score,TCGA-D8-A73X,3,train
HRD_Score,TCGA-E2-A10A,3,train
HRD_Score,TCGA-E2-A10C,3,train
HRD_Score,TCGA-E2-A14O,3,train
HRD_Score,TCGA-E2-A14Q,3,train
HRD_Score,TCGA-E2-A14R,3,train
HRD_Score,TCGA-E2-A14T,3,train
HRD_Score,TCGA-E2-A14X,3,train
HRD_Score,TCGA-E2-A14Y,3,train
HRD_Score,TCGA-E2-A14Z,3,train
HRD_Score,TCGA-E2-A150,3,train
HRD_Score,TCGA-E2-A154,3,train
HRD_Score,TCGA-E2-A156,3,train
HRD_Score,TCGA-E2-A158,3,train
HRD_Score,TCGA-E2-A159,3,train
HRD_Score,TCGA-E2-A15A,3,train
HRD_Score,TCGA-E2-A15C,3,train
HRD_Score,TCGA-E2-A15D,3,train
HRD_Score,TCGA-E2-A15E,3,train
HRD_Score,TCGA-E2-A15I,3,train
HRD_Score,TCGA-E2-A15K,3,train
HRD_Score,TCGA-E2-A15M,3,train
HRD_Score,TCGA-E2-A15P,3,train
HRD_Score,TCGA-E2-A15R,3,train
HRD_Score,TCGA-E2-A15T,3,train
HRD_Score,TCGA-E2-A1AZ,3,train
HRD_Score,TCGA-E2-A1B0,3,train
HRD_Score,TCGA-E2-A1B5,3,train
HRD_Score,TCGA-E2-A1BC,3,train
HRD_Score,TCGA-E2-A1BD,3,train
HRD_Score,TCGA-E2-A1IE,3,train
HRD_Score,TCGA-E2-A1IG,3,train
HRD_Score,TCGA-E2-A1IH,3,train
HRD_Score,TCGA-E2-A1IJ,3,train
HRD_Score,TCGA-E2-A1IK,3,train
HRD_Score,TCGA-E2-A1IL,3,train
HRD_Score,TCGA-E2-A1IU,3,train
HRD_Score,TCGA-E2-A1L8,3,train
HRD_Score,TCGA-E2-A1LH,3,train
HRD_Score,TCGA-E2-A1LK,3,train
HRD_Score,TCGA-E2-A1LL,3,train
HRD_Score,TCGA-E2-A56Z,3,train
HRD_Score,TCGA-E2-A573,3,train
HRD_Score,TCGA-E2-A576,3,train
HRD_Score,TCGA-E9-A1N3,3,train
HRD_Score,TCGA-E9-A1N5,3,train
HRD_Score,TCGA-E9-A1N8,3,train
HRD_Score,TCGA-E9-A1N9,3,train
HRD_Score,TCGA-E9-A1NA,3,train
HRD_Score,TCGA-E9-A1NC,3,train
HRD_Score,TCGA-E9-A1NH,3,train
HRD_Score,TCGA-E9-A1NI,3,train
HRD_Score,TCGA-E9-A1R0,3,train
HRD_Score,TCGA-E9-A1R3,3,train
HRD_Score,TCGA-E9-A1R5,3,train
HRD_Score,TCGA-E9-A1R6,3,train
HRD_Score,TCGA-E9-A1RA,3,train
HRD_Score,TCGA-E9-A1RB,3,train
HRD_Score,TCGA-E9-A1RC,3,train
HRD_Score,TCGA-E9-A1RD,3,train
HRD_Score,TCGA-E9-A1RF,3,train
HRD_Score,TCGA-E9-A1RG,3,train
HRD_Score,TCGA-E9-A1RH,3,train
HRD_Score,TCGA-E9-A226,3,train
HRD_Score,TCGA-E9-A227,3,train
HRD_Score,TCGA-E9-A228,3,train
HRD_Score,TCGA-E9-A229,3,train
HRD_Score,TCGA-E9-A22A,3,train
HRD_Score,TCGA-E9-A22E,3,train
HRD_Score,TCGA-E9-A22G,3,train
HRD_Score,TCGA-E9-A22H,3,train
HRD_Score,TCGA-E9-A244,3,train
HRD_Score,TCGA-E9-A245,3,train
HRD_Score,TCGA-E9-A247,3,train
HRD_Score,TCGA-E9-A248,3,train
HRD_Score,TCGA-E9-A24A,3,train
HRD_Score,TCGA-E9-A295,3,train
HRD_Score,TCGA-E9-A2JS,3,train
HRD_Score,TCGA-E9-A2JT,3,train
HRD_Score,TCGA-E9-A5FL,3,train
HRD_Score,TCGA-E9-A5UO,3,train
HRD_Score,TCGA-E9-A6HE,3,train
HRD_Score,TCGA-EW-A1IW,3,train
HRD_Score,TCGA-EW-A1IY,3,train
HRD_Score,TCGA-EW-A1IZ,3,train
HRD_Score,TCGA-EW-A1J1,3,train
HRD_Score,TCGA-EW-A1J3,3,train
HRD_Score,TCGA-EW-A1OV,3,train
HRD_Score,TCGA-EW-A1OX,3,train
HRD_Score,TCGA-EW-A1P0,3,train
HRD_Score,TCGA-EW-A1P1,3,train
HRD_Score,TCGA-EW-A1P3,3,train
HRD_Score,TCGA-EW-A1P4,3,train
HRD_Score,TCGA-EW-A1P5,3,train
HRD_Score,TCGA-EW-A1P6,3,train
HRD_Score,TCGA-EW-A1P7,3,train
HRD_Score,TCGA-EW-A1P8,3,train
HRD_Score,TCGA-EW-A1PG,3,train
HRD_Score,TCGA-EW-A2FS,3,train
HRD_Score,TCGA-EW-A2FV,3,train
HRD_Score,TCGA-EW-A6SB,3,train
HRD_Score,TCGA-EW-A6SC,3,train
HRD_Score,TCGA-EW-A6SD,3,train
HRD_Score,TCGA-GM-A2DA,3,train
HRD_Score,TCGA-GM-A2DB,3,train
HRD_Score,TCGA-GM-A2DC,3,train
HRD_Score,TCGA-GM-A2DD,3,train
HRD_Score,TCGA-GM-A2DF,3,train
HRD_Score,TCGA-GM-A2DH,3,train
HRD_Score,TCGA-GM-A2DK,3,train
HRD_Score,TCGA-GM-A2DL,3,train
HRD_Score,TCGA-GM-A2DM,3,train
HRD_Score,TCGA-GM-A2DN,3,train
HRD_Score,TCGA-GM-A5PX,3,train
HRD_Score,TCGA-HN-A2OB,3,train
HRD_Score,TCGA-LD-A66U,3,train
HRD_Score,TCGA-LD-A74U,3,train
HRD_Score,TCGA-LD-A7W5,3,train
HRD_Score,TCGA-LD-A7W6,3,train
HRD_Score,TCGA-LL-A50Y,3,train
HRD_Score,TCGA-LL-A5YM,3,train
HRD_Score,TCGA-LL-A5YN,3,train
HRD_Score,TCGA-LL-A5YP,3,train
HRD_Score,TCGA-LL-A6FQ,3,train
HRD_Score,TCGA-LL-A6FR,3,train
HRD_Score,TCGA-LL-A73Y,3,train
HRD_Score,TCGA-LL-A73Z,3,train
HRD_Score,TCGA-LL-A7SZ,3,train
HRD_Score,TCGA-LL-A8F5,3,train
HRD_Score,TCGA-LL-A9Q3,3,train
HRD_Score,TCGA-OL-A5D6,3,train
HRD_Score,TCGA-OL-A5D7,3,train
HRD_Score,TCGA-OL-A5D8,3,train
HRD_Score,TCGA-OL-A5DA,3,train
HRD_Score,TCGA-OL-A5RU,3,train
HRD_Score,TCGA-OL-A5RW,3,train
HRD_Score,TCGA-OL-A5RX,3,train
HRD_Score,TCGA-OL-A5RY,3,train
HRD_Score,TCGA-OL-A5S0,3,train
HRD_Score,TCGA-OL-A66H,3,train
HRD_Score,TCGA-OL-A66J,3,train
HRD_Score,TCGA-OL-A66K,3,train
HRD_Score,TCGA-OL-A66L,3,train
HRD_Score,TCGA-OL-A66N,3,train
HRD_Score,TCGA-OL-A66O,3,train
HRD_Score,TCGA-OL-A66P,3,train
HRD_Score,TCGA-OL-A6VO,3,train
HRD_Score,TCGA-OL-A6VR,3,train
HRD_Score,TCGA-PE-A5DD,3,train
HRD_Score,TCGA-PE-A5DE,3,train
HRD_Score,TCGA-PL-A8LX,3,train
HRD_Score,TCGA-PL-A8LZ,3,train
HRD_Score,TCGA-S3-A6ZF,3,train
HRD_Score,TCGA-S3-A6ZG,3,train
HRD_Score,TCGA-S3-AA0Z,3,train
HRD_Score,TCGA-S3-AA10,3,train
HRD_Score,TCGA-S3-AA11,3,train
HRD_Score,TCGA-S3-AA12,3,train
HRD_Score,TCGA-S3-AA14,3,train
HRD_Score,TCGA-V7-A7HQ,3,train
HRD_Score,TCGA-WT-AB41,3,train
HRD_Score,TCGA-WT-AB44,3,train
HRD_Score,TCGA-XX-A899,3,train
HRD_Score,TCGA-Z7-A8R6,3,train
HRD_Score,TCGA-D8-A27K,3,inner_train
HRD_Score,TCGA-AN-A0XV,3,inner_train
HRD_Score,TCGA-A2-A0D1,3,inner_train
HRD_Score,TCGA-D8-A27F,3,inner_train
HRD_Score,TCGA-C8-A133,3,inner_train
HRD_Score,TCGA-D8-A1XA,3,inner_train
HRD_Score,TCGA-AR-A1AW,3,inner_train
HRD_Score,TCGA-EW-A1P4,3,inner_train
HRD_Score,TCGA-BH-A1EU,3,inner_train
HRD_Score,TCGA-A2-A0T5,3,inner_train
HRD_Score,TCGA-E2-A10A,3,inner_train
HRD_Score,TCGA-E9-A2JT,3,inner_train
HRD_Score,TCGA-A2-A0YG,3,inner_train
HRD_Score,TCGA-BH-A0DS,3,inner_train
HRD_Score,TCGA-AO-A03R,3,inner_train
HRD_Score,TCGA-BH-A0HX,3,inner_train
HRD_Score,TCGA-B6-A0IJ,3,inner_train
HRD_Score,TCGA-AO-A0J8,3,inner_train
HRD_Score,TCGA-GM-A2DC,3,inner_train
HRD_Score,TCGA-BH-A18F,3,inner_train
HRD_Score,TCGA-C8-A26X,3,inner_train
HRD_Score,TCGA-BH-A18K,3,inner_train
HRD_Score,TCGA-D8-A1X5,3,inner_train
HRD_Score,TCGA-LL-A9Q3,3,inner_train
HRD_Score,TCGA-E9-A244,3,inner_train
HRD_Score,TCGA-C8-A12Z,3,inner_train
HRD_Score,TCGA-A1-A0SG,3,inner_train
HRD_Score,TCGA-D8-A1JA,3,inner_train
HRD_Score,TCGA-BH-A0HB,3,inner_train
HRD_Score,TCGA-D8-A1XR,3,inner_train
HRD_Score,TCGA-E9-A1RC,3,inner_train
HRD_Score,TCGA-AR-A24Q,3,inner_train
HRD_Score,TCGA-GM-A2DH,3,inner_train
HRD_Score,TCGA-B6-A0WS,3,inner_train
HRD_Score,TCGA-D8-A1JM,3,inner_train
HRD_Score,TCGA-A7-A6VY,3,inner_train
HRD_Score,TCGA-C8-A26W,3,inner_train
HRD_Score,TCGA-BH-A0DZ,3,inner_train
HRD_Score,TCGA-A8-A09B,3,inner_train
HRD_Score,TCGA-AN-A0FS,3,inner_train
HRD_Score,TCGA-A8-A0A1,3,inner_train
HRD_Score,TCGA-A8-A095,3,inner_train
HRD_Score,TCGA-AR-A24L,3,inner_train
HRD_Score,TCGA-A8-A06U,3,inner_train
HRD_Score,TCGA-A8-A06X,3,inner_train
HRD_Score,TCGA-A8-A099,3,inner_train
HRD_Score,TCGA-C8-A278,3,inner_train
HRD_Score,TCGA-A1-A0SQ,3,inner_train
HRD_Score,TCGA-C8-A138,3,inner_train
HRD_Score,TCGA-AO-A0JJ,3,inner_train
HRD_Score,TCGA-B6-A409,3,inner_train
HRD_Score,TCGA-AO-A0J7,3,inner_train
HRD_Score,TCGA-BH-A203,3,inner_train
HRD_Score,TCGA-C8-A12L,3,inner_train
HRD_Score,TCGA-E2-A14Q,3,inner_train
HRD_Score,TCGA-PL-A8LX,3,inner_train
HRD_Score,TCGA-BH-A28Q,3,inner_train
HRD_Score,TCGA-E2-A1B5,3,inner_train
HRD_Score,TCGA-E9-A247,3,inner_train
HRD_Score,TCGA-AC-A5EH,3,inner_train
HRD_Score,TCGA-A1-A0SF,3,inner_train
HRD_Score,TCGA-AR-A1AO,3,inner_train
HRD_Score,TCGA-EW-A1J3,3,inner_train
HRD_Score,TCGA-D8-A140,3,inner_train
HRD_Score,TCGA-A7-A5ZX,3,inner_train
HRD_Score,TCGA-D8-A1JF,3,inner_train
HRD_Score,TCGA-B6-A0IN,3,inner_train
HRD_Score,TCGA-A7-A6VX,3,inner_train
HRD_Score,TCGA-D8-A1XK,3,inner_train
HRD_Score,TCGA-E9-A1NI,3,inner_train
HRD_Score,TCGA-A2-A0EY,3,inner_train
HRD_Score,TCGA-AN-A049,3,inner_train
HRD_Score,TCGA-EW-A1P7,3,inner_train
HRD_Score,TCGA-E2-A15C,3,inner_train
HRD_Score,TCGA-B6-A0RV,3,inner_train
HRD_Score,TCGA-AR-A5QM,3,inner_train
HRD_Score,TCGA-E2-A159,3,inner_train
HRD_Score,TCGA-A2-A0YE,3,inner_train
HRD_Score,TCGA-AN-A0XR,3,inner_train
HRD_Score,TCGA-E2-A15R,3,inner_train
HRD_Score,TCGA-BH-A0DE,3,inner_train
HRD_Score,TCGA-A8-A09N,3,inner_train
HRD_Score,TCGA-OL-A5RX,3,inner_train
HRD_Score,TCGA-PL-A8LZ,3,inner_train
HRD_Score,TCGA-A8-A09D,3,inner_train
HRD_Score,TCGA-AC-A6IX,3,inner_train
HRD_Score,TCGA-A7-A4SE,3,inner_train
HRD_Score,TCGA-BH-A0BL,3,inner_train
HRD_Score,TCGA-BH-A0B7,3,inner_train
HRD_Score,TCGA-AN-A0XN,3,inner_train
HRD_Score,TCGA-EW-A6SD,3,inner_train
HRD_Score,TCGA-AO-A03V,3,inner_train
HRD_Score,TCGA-BH-A208,3,inner_train
HRD_Score,TCGA-LL-A6FR,3,inner_train
HRD_Score,TCGA-GM-A2DL,3,inner_train
HRD_Score,TCGA-B6-A0RG,3,inner_train
HRD_Score,TCGA-BH-A0C3,3,inner_train
HRD_Score,TCGA-AR-A1AJ,3,inner_train
HRD_Score,TCGA-C8-A131,3,inner_train
HRD_Score,TCGA-A7-A0CE,3,inner_train
HRD_Score,TCGA-A8-A094,3,inner_train
HRD_Score,TCGA-E9-A1RF,3,inner_train
HRD_Score,TCGA-E9-A1N5,3,inner_train
HRD_Score,TCGA-BH-A0BF,3,inner_train
HRD_Score,TCGA-A2-A0SW,3,inner_train
HRD_Score,TCGA-BH-A0AZ,3,inner_train
HRD_Score,TCGA-D8-A1XG,3,inner_train
HRD_Score,TCGA-LD-A7W6,3,inner_train
HRD_Score,TCGA-A2-A0YF,3,inner_train
HRD_Score,TCGA-AR-A1AI,3,inner_train
HRD_Score,TCGA-D8-A1J9,3,inner_train
HRD_Score,TCGA-E2-A1B0,3,inner_train
HRD_Score,TCGA-E2-A1BD,3,inner_train
HRD_Score,TCGA-E9-A1RG,3,inner_train
HRD_Score,TCGA-E2-A1IG,3,inner_train
HRD_Score,TCGA-OL-A5RY,3,inner_train
HRD_Score,TCGA-E2-A15E,3,inner_train
HRD_Score,TCGA-D8-A27M,3,inner_train
HRD_Score,TCGA-A1-A0SI,3,inner_train
HRD_Score,TCGA-AR-A252,3,inner_train
HRD_Score,TCGA-AC-A62Y,3,inner_train
HRD_Score,TCGA-OL-A5RU,3,inner_train
HRD_Score,TCGA-D8-A1XY,3,inner_train
HRD_Score,TCGA-D8-A27E,3,inner_train
HRD_Score,TCGA-AO-A0J4,3,inner_train
HRD_Score,TCGA-D8-A1Y0,3,inner_train
HRD_Score,TCGA-A7-A13E,3,inner_train
HRD_Score,TCGA-AO-A1KR,3,inner_train
HRD_Score,TCGA-AO-A0J6,3,inner_train
HRD_Score,TCGA-BH-A0BM,3,inner_train
HRD_Score,TCGA-BH-A0C7,3,inner_train
HRD_Score,TCGA-A8-A09Z,3,inner_train
HRD_Score,TCGA-BH-A202,3,inner_train
HRD_Score,TCGA-OL-A5DA,3,inner_train
HRD_Score,TCGA-C8-A137,3,inner_train
HRD_Score,TCGA-BH-A18P,3,inner_train
HRD_Score,TCGA-A8-A09T,3,inner_train
HRD_Score,TCGA-D8-A1XC,3,inner_train
HRD_Score,TCGA-AR-A24U,3,inner_train
HRD_Score,TCGA-E2-A15P,3,inner_train
HRD_Score,TCGA-AO-A0JD,3,inner_train
HRD_Score,TCGA-B6-A0X4,3,inner_train
HRD_Score,TCGA-BH-A18J,3,inner_train
HRD_Score,TCGA-D8-A27L,3,inner_train
HRD_Score,TCGA-A8-A06Q,3,inner_train
HRD_Score,TCGA-BH-A0BT,3,inner_train
HRD_Score,TCGA-BH-A1EV,3,inner_train
HRD_Score,TCGA-AR-A250,3,inner_train
HRD_Score,TCGA-A8-A0AD,3,inner_train
HRD_Score,TCGA-V7-A7HQ,3,inner_train
HRD_Score,TCGA-AO-A1KT,3,inner_train
HRD_Score,TCGA-A7-A26E,3,inner_train
HRD_Score,TCGA-AR-A0TW,3,inner_train
HRD_Score,TCGA-D8-A1JB,3,inner_train
HRD_Score,TCGA-A2-A0D3,3,inner_train
HRD_Score,TCGA-PE-A5DD,3,inner_train
HRD_Score,TCGA-BH-A1EO,3,inner_train
HRD_Score,TCGA-D8-A1JC,3,inner_train
HRD_Score,TCGA-A2-A1G1,3,inner_train
HRD_Score,TCGA-E2-A10C,3,inner_train
HRD_Score,TCGA-D8-A1XJ,3,inner_train
HRD_Score,TCGA-A1-A0SB,3,inner_train
HRD_Score,TCGA-A2-A04P,3,inner_train
HRD_Score,TCGA-B6-A0IH,3,inner_train
HRD_Score,TCGA-C8-A12U,3,inner_train
HRD_Score,TCGA-BH-A0AU,3,inner_train
HRD_Score,TCGA-A2-A0EN,3,inner_train
HRD_Score,TCGA-D8-A1Y1,3,inner_train
HRD_Score,TCGA-B6-A0WT,3,inner_train
HRD_Score,TCGA-D8-A1XV,3,inner_train
HRD_Score,TCGA-E9-A1N8,3,inner_train
HRD_Score,TCGA-C8-A12M,3,inner_train
HRD_Score,TCGA-BH-A0DX,3,inner_train
HRD_Score,TCGA-D8-A73W,3,inner_train
HRD_Score,TCGA-A1-A0SE,3,inner_train
HRD_Score,TCGA-LL-A5YM,3,inner_train
HRD_Score,TCGA-C8-A26Z,3,inner_train
HRD_Score,TCGA-B6-A0WW,3,inner_train
HRD_Score,TCGA-LL-A50Y,3,inner_train
HRD_Score,TCGA-OL-A5D8,3,inner_train
HRD_Score,TCGA-A2-A0YC,3,inner_train
HRD_Score,TCGA-B6-A0IB,3,inner_train
HRD_Score,TCGA-AC-A2FO,3,inner_train
HRD_Score,TCGA-BH-A8FY,3,inner_train
HRD_Score,TCGA-A2-A0T7,3,inner_train
HRD_Score,TCGA-D8-A1XL,3,inner_train
HRD_Score,TCGA-E9-A1N9,3,inner_train
HRD_Score,TCGA-AR-A2LO,3,inner_train
HRD_Score,TCGA-GM-A2DD,3,inner_train
HRD_Score,TCGA-B6-A0RP,3,inner_train
HRD_Score,TCGA-AC-A6NO,3,inner_train
HRD_Score,TCGA-AR-A0TS,3,inner_train
HRD_Score,TCGA-B6-A40C,3,inner_train
HRD_Score,TCGA-A2-A25E,3,inner_train
HRD_Score,TCGA-E2-A15T,3,inner_train
HRD_Score,TCGA-E2-A1IL,3,inner_train
HRD_Score,TCGA-D8-A3Z6,3,inner_train
HRD_Score,TCGA-A7-A13D,3,inner_train
HRD_Score,TCGA-D8-A1Y2,3,inner_train
HRD_Score,TCGA-EW-A1IW,3,inner_train
HRD_Score,TCGA-D8-A27P,3,inner_train
HRD_Score,TCGA-AO-A0J3,3,inner_train
HRD_Score,TCGA-A8-A091,3,inner_train
HRD_Score,TCGA-C8-A1HL,3,inner_train
HRD_Score,TCGA-E2-A15I,3,inner_train
HRD_Score,TCGA-E9-A2JS,3,inner_train
HRD_Score,TCGA-A8-A0A4,3,inner_train
HRD_Score,TCGA-AC-A8OP,3,inner_train
HRD_Score,TCGA-AN-A03Y,3,inner_train
HRD_Score,TCGA-A2-A0CP,3,inner_train
HRD_Score,TCGA-E2-A1L8,3,inner_train
HRD_Score,TCGA-E2-A15D,3,inner_train
HRD_Score,TCGA-AC-A2QH,3,inner_train
HRD_Score,TCGA-BH-A6R8,3,inner_train
HRD_Score,TCGA-BH-A18S,3,inner_train
HRD_Score,TCGA-D8-A1JJ,3,inner_train
HRD_Score,TCGA-C8-A27A,3,inner_train
HRD_Score,TCGA-A7-A5ZW,3,inner_train
HRD_Score,TCGA-D8-A1JL,3,inner_train
HRD_Score,TCGA-E9-A1R6,3,inner_train
HRD_Score,TCGA-D8-A1X8,3,inner_train
HRD_Score,TCGA-E9-A248,3,inner_train
HRD_Score,TCGA-A2-A0T1,3,inner_train
HRD_Score,TCGA-AO-A03L,3,inner_train
HRD_Score,TCGA-BH-A0AV,3,inner_train
HRD_Score,TCGA-C8-A1HF,3,inner_train
HRD_Score,TCGA-BH-A0E0,3,inner_train
HRD_Score,TCGA-EW-A1J1,3,inner_train
HRD_Score,TCGA-BH-A0GY,3,inner_train
HRD_Score,TCGA-WT-AB44,3,inner_train
HRD_Score,TCGA-BH-A0DK,3,inner_train
HRD_Score,TCGA-AR-A0TV,3,inner_train
HRD_Score,TCGA-A2-A0D4,3,inner_train
HRD_Score,TCGA-D8-A1JD,3,inner_train
HRD_Score,TCGA-E9-A1RD,3,inner_train
HRD_Score,TCGA-EW-A1P5,3,inner_train
HRD_Score,TCGA-A2-A0EW,3,inner_train
HRD_Score,TCGA-A7-A26H,3,inner_train
HRD_Score,TCGA-A8-A09C,3,inner_train
HRD_Score,TCGA-OL-A66H,3,inner_train
HRD_Score,TCGA-AR-A24X,3,inner_train
HRD_Score,TCGA-E2-A14Z,3,inner_train
HRD_Score,TCGA-D8-A27N,3,inner_train
HRD_Score,TCGA-BH-A1FU,3,inner_train
HRD_Score,TCGA-A8-A09W,3,inner_train
HRD_Score,TCGA-GM-A2DA,3,inner_train
HRD_Score,TCGA-A1-A0SJ,3,inner_train
HRD_Score,TCGA-A8-A06Z,3,inner_train
HRD_Score,TCGA-E9-A1NH,3,inner_train
HRD_Score,TCGA-BH-A0B3,3,inner_train
HRD_Score,TCGA-OL-A5D6,3,inner_train
HRD_Score,TCGA-GM-A2DF,3,inner_train
HRD_Score,TCGA-A7-A26I,3,inner_train
HRD_Score,TCGA-A8-A0AB,3,inner_train
HRD_Score,TCGA-A2-A0CW,3,inner_train
HRD_Score,TCGA-A8-A07B,3,inner_train
HRD_Score,TCGA-BH-A0BP,3,inner_train
HRD_Score,TCGA-OL-A5D7,3,inner_train
HRD_Score,TCGA-BH-A0HU,3,inner_train
HRD_Score,TCGA-BH-A0BZ,3,inner_train
HRD_Score,TCGA-E2-A14T,3,inner_train
HRD_Score,TCGA-OL-A66J,3,inner_train
HRD_Score,TCGA-AN-A0AM,3,inner_train
HRD_Score,TCGA-E9-A227,3,inner_train
HRD_Score,TCGA-OL-A66K,3,inner_train
HRD_Score,TCGA-BH-A1EW,3,inner_train
HRD_Score,TCGA-C8-A12Y,3,inner_train
HRD_Score,TCGA-A2-A0CV,3,inner_train
HRD_Score,TCGA-BH-A0DI,3,inner_train
HRD_Score,TCGA-EW-A6SC,3,inner_train
HRD_Score,TCGA-C8-A1HE,3,inner_train
HRD_Score,TCGA-A2-A1G4,3,inner_train
HRD_Score,TCGA-AR-A24O,3,inner_train
HRD_Score,TCGA-AN-A0XO,3,inner_train
HRD_Score,TCGA-BH-A0HO,3,inner_train
HRD_Score,TCGA-WT-AB41,3,inner_train
HRD_Score,TCGA-E9-A24A,3,inner_train
HRD_Score,TCGA-AC-A5XU,3,inner_train
HRD_Score,TCGA-BH-A0BR,3,inner_train
HRD_Score,TCGA-BH-A6R9,3,inner_train
HRD_Score,TCGA-BH-A0EA,3,inner_train
HRD_Score,TCGA-AN-A0FN,3,inner_train
HRD_Score,TCGA-E2-A1IU,3,inner_train
HRD_Score,TCGA-A8-A083,3,inner_train
HRD_Score,TCGA-D8-A147,3,inner_train
HRD_Score,TCGA-BH-A0E2,3,inner_train
HRD_Score,TCGA-B6-A0I9,3,inner_train
HRD_Score,TCGA-AN-A04C,3,inner_train
HRD_Score,TCGA-E2-A150,3,inner_train
HRD_Score,TCGA-BH-A1FN,3,inner_train
HRD_Score,TCGA-E9-A1NC,3,inner_train
HRD_Score,TCGA-BH-A0HP,3,inner_train
HRD_Score,TCGA-E2-A14Y,3,inner_train
HRD_Score,TCGA-D8-A27T,3,inner_train
HRD_Score,TCGA-E9-A1RA,3,inner_train
HRD_Score,TCGA-A8-A06R,3,inner_train
HRD_Score,TCGA-E9-A245,3,inner_train
HRD_Score,TCGA-AR-A256,3,inner_train
HRD_Score,TCGA-LL-A8F5,3,inner_train
HRD_Score,TCGA-A2-A1FV,3,inner_train
HRD_Score,TCGA-D8-A27R,3,inner_train
HRD_Score,TCGA-AR-A2LN,3,inner_train
HRD_Score,TCGA-AR-A1AN,3,inner_train
HRD_Score,TCGA-E2-A1BC,3,inner_train
HRD_Score,TCGA-LL-A5YP,3,inner_train
HRD_Score,TCGA-AO-A0J2,3,inner_train
HRD_Score,TCGA-A2-A1FX,3,inner_train
HRD_Score,TCGA-D8-A4Z1,3,inner_train
HRD_Score,TCGA-BH-A18G,3,inner_train
HRD_Score,TCGA-AR-A1AU,3,inner_train
HRD_Score,TCGA-E2-A1LK,3,inner_train
HRD_Score,TCGA-E2-A15K,3,inner_train
HRD_Score,TCGA-C8-A26Y,3,inner_train
HRD_Score,TCGA-BH-A18H,3,inner_train
HRD_Score,TCGA-BH-A201,3,inner_train
HRD_Score,TCGA-EW-A1P6,3,inner_train
HRD_Score,TCGA-B6-A401,3,inner_train
HRD_Score,TCGA-BH-A1FL,3,inner_train
HRD_Score,TCGA-A2-A0CX,3,inner_train
HRD_Score,TCGA-C8-A12O,3,inner_train
HRD_Score,TCGA-AN-A0AT,3,inner_train
HRD_Score,TCGA-AN-A041,3,inner_train
HRD_Score,TCGA-EW-A1IY,3,inner_train
HRD_Score,TCGA-E2-A573,3,inner_train
HRD_Score,TCGA-AC-A2FG,3,inner_train
HRD_Score,TCGA-BH-A18U,3,inner_train
HRD_Score,TCGA-BH-A1FE,3,inner_train
HRD_Score,TCGA-OL-A6VO,3,inner_train
HRD_Score,TCGA-B6-A0WZ,3,inner_train
HRD_Score,TCGA-OL-A6VR,3,inner_train
HRD_Score,TCGA-E2-A1AZ,3,inner_train
HRD_Score,TCGA-S3-AA14,3,inner_train
HRD_Score,TCGA-A8-A08B,3,inner_train
HRD_Score,TCGA-E9-A22G,3,inner_train
HRD_Score,TCGA-BH-A8G0,3,inner_train
HRD_Score,TCGA-D8-A1JK,3,inner_train
HRD_Score,TCGA-E9-A1N3,3,inner_train
HRD_Score,TCGA-A2-A04U,3,inner_train
HRD_Score,TCGA-D8-A1Y3,3,inner_train
HRD_Score,TCGA-C8-A273,3,inner_train
HRD_Score,TCGA-BH-A42V,3,inner_train
HRD_Score,TCGA-A8-A07U,3,inner_train
HRD_Score,TCGA-EW-A1IZ,3,inner_train
HRD_Score,TCGA-BH-A0BO,3,inner_train
HRD_Score,TCGA-AR-A254,3,inner_train
HRD_Score,TCGA-BH-A0HY,3,inner_train
HRD_Score,TCGA-A2-A3Y0,3,inner_train
HRD_Score,TCGA-BH-A0HW,3,inner_train
HRD_Score,TCGA-GM-A2DM,3,inner_train
HRD_Score,TCGA-A8-A08T,3,inner_train
HRD_Score,TCGA-A2-A0EM,3,inner_train
HRD_Score,TCGA-AN-A0FT,3,inner_train
HRD_Score,TCGA-5L-AAT0,3,inner_train
HRD_Score,TCGA-AR-A2LK,3,inner_train
HRD_Score,TCGA-AR-A2LQ,3,inner_train
HRD_Score,TCGA-A2-A25D,3,inner_train
HRD_Score,TCGA-AO-A03O,3,inner_train
HRD_Score,TCGA-B6-A1KF,3,inner_train
HRD_Score,TCGA-BH-A204,3,inner_train
HRD_Score,TCGA-GM-A2DN,3,inner_train
HRD_Score,TCGA-D8-A27V,3,inner_train
HRD_Score,TCGA-AO-A124,3,inner_train
HRD_Score,TCGA-AQ-A04H,3,inner_train
HRD_Score,TCGA-A8-A07I,3,inner_train
HRD_Score,TCGA-E9-A22H,3,inner_train
HRD_Score,TCGA-B6-A0RE,3,inner_train
HRD_Score,TCGA-E2-A15A,3,inner_train
HRD_Score,TCGA-AO-A0JG,3,inner_train
HRD_Score,TCGA-D8-A1XQ,3,inner_train
HRD_Score,TCGA-E2-A14X,3,inner_train
HRD_Score,TCGA-A2-A0T0,3,inner_train
HRD_Score,TCGA-BH-A0HK,3,inner_train
HRD_Score,TCGA-C8-A8HQ,3,inner_train
HRD_Score,TCGA-Z7-A8R6,3,inner_train
HRD_Score,TCGA-B6-A0X0,3,inner_train
HRD_Score,TCGA-AQ-A1H3,3,inner_train
HRD_Score,TCGA-E9-A5UO,3,inner_train
HRD_Score,TCGA-E2-A156,3,inner_train
HRD_Score,TCGA-A8-A08H,3,inner_train
HRD_Score,TCGA-EW-A2FS,3,inner_train
HRD_Score,TCGA-A2-A0T3,3,inner_train
HRD_Score,TCGA-AO-A03P,3,inner_train
HRD_Score,TCGA-LD-A74U,3,inner_train
HRD_Score,TCGA-A2-A0CR,3,inner_train
HRD_Score,TCGA-BH-A18N,3,inner_train
HRD_Score,TCGA-A2-A04Q,3,inner_train
HRD_Score,TCGA-E2-A14R,3,inner_train
HRD_Score,TCGA-D8-A73X,3,inner_train
HRD_Score,TCGA-BH-A0EE,3,inner_train
HRD_Score,TCGA-A2-A0CS,3,inner_train
HRD_Score,TCGA-EW-A1P0,3,inner_train
HRD_Score,TCGA-E2-A1IE,3,inner_train
HRD_Score,TCGA-BH-A8FZ,3,inner_train
HRD_Score,TCGA-A2-A0YT,3,inner_train
HRD_Score,TCGA-EW-A1PG,3,inner_train
HRD_Score,TCGA-OL-A66P,3,inner_train
HRD_Score,TCGA-B6-A0RU,3,inner_train
HRD_Score,TCGA-AO-A03T,3,inner_train
HRD_Score,TCGA-C8-A130,3,inner_train
HRD_Score,TCGA-EW-A1OX,3,inner_train
HRD_Score,TCGA-D8-A13Z,3,inner_train
HRD_Score,TCGA-D8-A1JI,3,inner_train
HRD_Score,TCGA-D8-A1X9,3,inner_train
HRD_Score,TCGA-BH-A0BC,3,inner_train
HRD_Score,TCGA-A8-A08O,3,inner_train
HRD_Score,TCGA-A7-A0DB,3,inner_train
HRD_Score,TCGA-A2-A3XU,3,inner_train
HRD_Score,TCGA-AO-A12A,3,inner_train
HRD_Score,TCGA-BH-A0EB,3,inner_train
HRD_Score,TCGA-B6-A0I2,3,inner_train
HRD_Score,TCGA-OL-A66N,3,inner_train
HRD_Score,TCGA-LL-A73Y,3,inner_train
HRD_Score,TCGA-AC-A3OD,3,inner_train
HRD_Score,TCGA-BH-A0B9,3,inner_train
HRD_Score,TCGA-OL-A5S0,3,inner_train
HRD_Score,TCGA-E9-A1RH,3,inner_train
HRD_Score,TCGA-AR-A5QP,3,inner_train
HRD_Score,TCGA-AO-A12H,3,inner_train
HRD_Score,TCGA-D8-A1JU,3,inner_train
HRD_Score,TCGA-D8-A73U,3,inner_train
HRD_Score,TCGA-S3-AA11,3,inner_train
HRD_Score,TCGA-5T-A9QA,3,inner_train
HRD_Score,TCGA-S3-AA0Z,3,inner_train
HRD_Score,TCGA-AR-A1AH,3,inner_train
HRD_Score,TCGA-BH-A18I,3,inner_train
HRD_Score,TCGA-AC-A3QQ,3,inner_train
HRD_Score,TCGA-D8-A1JN,3,inner_train
HRD_Score,TCGA-BH-A1EX,3,inner_train
HRD_Score,TCGA-GM-A5PX,3,inner_train
HRD_Score,TCGA-AN-A0FX,3,inner_train
HRD_Score,TCGA-A2-A04T,3,inner_train
HRD_Score,TCGA-B6-A0IC,3,inner_train
HRD_Score,TCGA-B6-A0I5,3,inner_train
HRD_Score,TCGA-BH-A1FJ,3,inner_train
HRD_Score,TCGA-BH-A0DV,3,inner_train
HRD_Score,TCGA-B6-A0X1,3,inner_train
HRD_Score,TCGA-LL-A7SZ,3,inner_train
HRD_Score,TCGA-A8-A09A,3,inner_train
HRD_Score,TCGA-OL-A5RW,3,inner_train
HRD_Score,TCGA-AC-A6IW,3,inner_train
HRD_Score,TCGA-AO-A0JM,3,inner_train
HRD_Score,TCGA-A7-A0DA,3,inner_train
HRD_Score,TCGA-A2-A04N,3,inner_train
HRD_Score,TCGA-A7-A56D,3,inner_train
HRD_Score,TCGA-AO-A0J9,3,inner_train
HRD_Score,TCGA-D8-A1X7,3,inner_train
HRD_Score,TCGA-OL-A66L,3,inner_train
HRD_Score,TCGA-A2-A4S1,3,inner_train
HRD_Score,TCGA-BH-A18R,3,inner_train
HRD_Score,TCGA-E9-A22A,3,inner_train
HRD_Score,TCGA-LL-A5YN,3,inner_train
HRD_Score,TCGA-AR-A24S,3,inner_train
HRD_Score,TCGA-C8-A12P,3,inner_train
HRD_Score,TCGA-EW-A1OV,3,inner_train
HRD_Score,TCGA-A2-A0CM,3,inner_train
HRD_Score,TCGA-B6-A0RI,3,inner_train
HRD_Score,TCGA-GM-A2DB,3,inner_train
HRD_Score,TCGA-E9-A226,3,inner_train
HRD_Score,TCGA-E2-A158,3,inner_train
HRD_Score,TCGA-S3-AA12,3,inner_train
HRD_Score,TCGA-AO-A0JA,3,inner_train
HRD_Score,TCGA-D8-A1XT,3,inner_train
HRD_Score,TCGA-AN-A0XP,3,inner_train
HRD_Score,TCGA-AN-A0AR,3,inner_val
HRD_Score,TCGA-A8-A07W,3,inner_val
HRD_Score,TCGA-AO-A1KP,3,inner_val
HRD_Score,TCGA-A8-A075,3,inner_val
HRD_Score,TCGA-A8-A07L,3,inner_val
HRD_Score,TCGA-E2-A15M,3,inner_val
HRD_Score,TCGA-BH-A0DL,3,inner_val
HRD_Score,TCGA-AN-A0FK,3,inner_val
HRD_Score,TCGA-A8-A08R,3,inner_val
HRD_Score,TCGA-AN-A0FY,3,inner_val
HRD_Score,TCGA-E9-A1RB,3,inner_val
HRD_Score,TCGA-AC-A7VB,3,inner_val
HRD_Score,TCGA-E9-A6HE,3,inner_val
HRD_Score,TCGA-E2-A154,3,inner_val
HRD_Score,TCGA-AC-A8OQ,3,inner_val
HRD_Score,TCGA-A8-A09G,3,inner_val
HRD_Score,TCGA-BH-A0H6,3,inner_val
HRD_Score,TCGA-A2-A0YJ,3,inner_val
HRD_Score,TCGA-A2-A0T6,3,inner_val
HRD_Score,TCGA-AN-A0XT,3,inner_val
HRD_Score,TCGA-BH-A0DQ,3,inner_val
HRD_Score,TCGA-AN-A03X,3,inner_val
HRD_Score,TCGA-C8-A1HM,3,inner_val
HRD_Score,TCGA-AR-A24W,3,inner_val
HRD_Score,TCGA-C8-A12Q,3,inner_val
HRD_Score,TCGA-A8-A06P,3,inner_val
HRD_Score,TCGA-S3-A6ZF,3,inner_val
HRD_Score,TCGA-A1-A0SO,3,inner_val
HRD_Score,TCGA-BH-A0AW,3,inner_val
HRD_Score,TCGA-A2-A0YL,3,inner_val
HRD_Score,TCGA-E2-A1IK,3,inner_val
HRD_Score,TCGA-BH-A0E9,3,inner_val
HRD_Score,TCGA-BH-A0AY,3,inner_val
HRD_Score,TCGA-AC-A5XS,3,inner_val
HRD_Score,TCGA-C8-A12N,3,inner_val
HRD_Score,TCGA-E9-A228,3,inner_val
HRD_Score,TCGA-AN-A0XS,3,inner_val
HRD_Score,TCGA-A2-A0D0,3,inner_val
HRD_Score,TCGA-C8-A26V,3,inner_val
HRD_Score,TCGA-AN-A0XU,3,inner_val
HRD_Score,TCGA-EW-A1P3,3,inner_val
HRD_Score,TCGA-BH-A0WA,3,inner_val
HRD_Score,TCGA-A7-A0CG,3,inner_val
HRD_Score,TCGA-S3-AA10,3,inner_val
HRD_Score,TCGA-LD-A66U,3,inner_val
HRD_Score,TCGA-EW-A6SB,3,inner_val
HRD_Score,TCGA-A2-A0SV,3,inner_val
HRD_Score,TCGA-A2-A4S3,3,inner_val
HRD_Score,TCGA-BH-A0E7,3,inner_val
HRD_Score,TCGA-E9-A1NA,3,inner_val
HRD_Score,TCGA-AR-A5QQ,3,inner_val
HRD_Score,TCGA-3C-AALJ,3,inner_val
HRD_Score,TCGA-AR-A0TQ,3,inner_val
HRD_Score,TCGA-B6-A0RN,3,inner_val
HRD_Score,TCGA-D8-A1XW,3,inner_val
HRD_Score,TCGA-E2-A1IJ,3,inner_val
HRD_Score,TCGA-OL-A66O,3,inner_val
HRD_Score,TCGA-AR-A5QN,3,inner_val
HRD_Score,TCGA-A2-A0YM,3,inner_val
HRD_Score,TCGA-A2-A0T2,3,inner_val
HRD_Score,TCGA-E2-A56Z,3,inner_val
HRD_Score,TCGA-BH-A1FG,3,inner_val
HRD_Score,TCGA-EW-A1P8,3,inner_val
HRD_Score,TCGA-A8-A07O,3,inner_val
HRD_Score,TCGA-D8-A1XZ,3,inner_val
HRD_Score,TCGA-B6-A0RO,3,inner_val
HRD_Score,TCGA-E9-A229,3,inner_val
HRD_Score,TCGA-A8-A08X,3,inner_val
HRD_Score,TCGA-A1-A0SD,3,inner_val
HRD_Score,TCGA-BH-A1FC,3,inner_val
HRD_Score,TCGA-A2-A0T4,3,inner_val
HRD_Score,TCGA-AC-A23C,3,inner_val
HRD_Score,TCGA-E2-A1LL,3,inner_val
HRD_Score,TCGA-E9-A5FL,3,inner_val
HRD_Score,TCGA-B6-A0RH,3,inner_val
HRD_Score,TCGA-A8-A079,3,inner_val
HRD_Score,TCGA-E2-A1LH,3,inner_val
HRD_Score,TCGA-A2-A25C,3,inner_val
HRD_Score,TCGA-LD-A7W5,3,inner_val
HRD_Score,TCGA-E2-A14O,3,inner_val
HRD_Score,TCGA-C8-A135,3,inner_val
HRD_Score,TCGA-HN-A2OB,3,inner_val
HRD_Score,TCGA-E9-A1R0,3,inner_val
HRD_Score,TCGA-BH-A0BJ,3,inner_val
HRD_Score,TCGA-S3-A6ZG,3,inner_val
HRD_Score,TCGA-AR-A24P,3,inner_val
HRD_Score,TCGA-A8-A08L,3,inner_val
HRD_Score,TCGA-AO-A0JB,3,inner_val
HRD_Score,TCGA-EW-A1P1,3,inner_val
HRD_Score,TCGA-AR-A1AR,3,inner_val
HRD_Score,TCGA-AR-A24Z,3,inner_val
HRD_Score,TCGA-AQ-A1H2,3,inner_val
HRD_Score,TCGA-A8-A07P,3,inner_val
HRD_Score,TCGA-A2-A1FZ,3,inner_val
HRD_Score,TCGA-BH-A0B5,3,inner_val
HRD_Score,TCGA-B6-A1KN,3,inner_val
HRD_Score,TCGA-AN-A0AL,3,inner_val
HRD_Score,TCGA-AO-A128,3,inner_val
HRD_Score,TCGA-BH-A0DG,3,inner_val
HRD_Score,TCGA-GM-A2DK,3,inner_val
HRD_Score,TCGA-B6-A1KC,3,inner_val
HRD_Score,TCGA-XX-A899,3,inner_val
HRD_Score,TCGA-AC-A2FB,3,inner_val
HRD_Score,TCGA-C8-A1HG,3,inner_val
HRD_Score,TCGA-AN-A0FJ,3,inner_val
HRD_Score,TCGA-E2-A1IH,3,inner_val
HRD_Score,TCGA-A7-A0CJ,3,inner_val
HRD_Score,TCGA-E9-A1R5,3,inner_val
HRD_Score,TCGA-BH-A1FM,3,inner_val
HRD_Score,TCGA-C8-A1HK,3,inner_val
HRD_Score,TCGA-BH-A0BA,3,inner_val
HRD_Score,TCGA-D8-A1XO,3,inner_val
HRD_Score,TCGA-AN-A0FW,3,inner_val
HRD_Score,TCGA-AC-A8OR,3,inner_val
HRD_Score,TCGA-A8-A09V,3,inner_val
HRD_Score,TCGA-AC-A8OS,3,inner_val
HRD_Score,TCGA-AC-A4ZE,3,inner_val
HRD_Score,TCGA-C8-A12W,3,inner_val
HRD_Score,TCGA-A1-A0SK,3,inner_val
HRD_Score,TCGA-AR-A1AX,3,inner_val
HRD_Score,TCGA-AC-A6IV,3,inner_val
HRD_Score,TCGA-D8-A27H,3,inner_val
HRD_Score,TCGA-A2-A04Y,3,inner_val
HRD_Score,TCGA-AO-A12F,3,inner_val
HRD_Score,TCGA-E9-A295,3,inner_val
HRD_Score,TCGA-A8-A081,3,inner_val
HRD_Score,TCGA-BH-A1F2,3,inner_val
HRD_Score,TCGA-E2-A576,3,inner_val
HRD_Score,TCGA-AO-A12D,3,inner_val
HRD_Score,TCGA-E9-A1R3,3,inner_val
HRD_Score,TCGA-D8-A1XM,3,inner_val
HRD_Score,TCGA-A8-A097,3,inner_val
HRD_Score,TCGA-A8-A07J,3,inner_val
HRD_Score,TCGA-AR-A1AP,3,inner_val
HRD_Score,TCGA-BH-A0HQ,3,inner_val
HRD_Score,TCGA-BH-A0H7,3,inner_val
HRD_Score,TCGA-BH-A18Q,3,inner_val
HRD_Score,TCGA-AR-A0U0,3,inner_val
HRD_Score,TCGA-LL-A73Z,3,inner_val
HRD_Score,TCGA-EW-A2FV,3,inner_val
HRD_Score,TCGA-BH-A0H0,3,inner_val
HRD_Score,TCGA-E9-A22E,3,inner_val
HRD_Score,TCGA-A8-A09Q,3,inner_val
HRD_Score,TCGA-A2-A0YH,3,inner_val
HRD_Score,TCGA-PE-A5DE,3,inner_val
HRD_Score,TCGA-LL-A6FQ,3,inner_val
HRD_Score,TCGA-AO-A0JF,3,inner_val
HRD_Score,TCGA-C8-A8HR,3,inner_val
HRD_Score,TCGA-AN-A0FV,3,inner_val
HRD_Score,TCGA-A2-A0CT,3,inner_val
HRD_Score,TCGA-A2-A1G0,3,inner_val
HRD_Score,TCGA-BH-A18T,3,inner_val
HRD_Score,TCGA-A8-A09X,3,inner_val
HRD_Score,TCGA-BH-AB28,3,inner_val
HRD_Score,TCGA-A8-A093,3,inner_val
HRD_Score,TCGA-3C-AALI,3,test
HRD_Score,TCGA-A2-A04R,3,test
HRD_Score,TCGA-A2-A04V,3,test
HRD_Score,TCGA-A2-A04W,3,test
HRD_Score,TCGA-A2-A0CU,3,test
HRD_Score,TCGA-A2-A0ES,3,test
HRD_Score,TCGA-A2-A0EU,3,test
HRD_Score,TCGA-A2-A0EV,3,test
HRD_Score,TCGA-A2-A0EX,3,test
HRD_Score,TCGA-A2-A0SU,3,test
HRD_Score,TCGA-A2-A0SX,3,test
HRD_Score,TCGA-A2-A0SY,3,test
HRD_Score,TCGA-A2-A0YD,3,test
HRD_Score,TCGA-A2-A0YK,3,test
HRD_Score,TCGA-A2-A259,3,test
HRD_Score,TCGA-A2-A25A,3,test
HRD_Score,TCGA-A2-A3KD,3,test
HRD_Score,TCGA-A7-A0CH,3,test
HRD_Score,TCGA-A7-A0D9,3,test
HRD_Score,TCGA-A7-A13F,3,test
HRD_Score,TCGA-A7-A26J,3,test
HRD_Score,TCGA-A7-A5ZV,3,test
HRD_Score,TCGA-A7-A6VW,3,test
HRD_Score,TCGA-A8-A06Y,3,test
HRD_Score,TCGA-A8-A076,3,test
HRD_Score,TCGA-A8-A07Z,3,test
HRD_Score,TCGA-A8-A082,3,test
HRD_Score,TCGA-A8-A08G,3,test
HRD_Score,TCGA-A8-A08Z,3,test
HRD_Score,TCGA-A8-A090,3,test
HRD_Score,TCGA-A8-A092,3,test
HRD_Score,TCGA-A8-A096,3,test
HRD_Score,TCGA-A8-A09M,3,test
HRD_Score,TCGA-A8-A0A2,3,test
HRD_Score,TCGA-A8-A0A6,3,test
HRD_Score,TCGA-A8-A0A7,3,test
HRD_Score,TCGA-AC-A23E,3,test
HRD_Score,TCGA-AC-A23H,3,test
HRD_Score,TCGA-AC-A2B8,3,test
HRD_Score,TCGA-AC-A3YI,3,test
HRD_Score,TCGA-AC-A7VC,3,test
HRD_Score,TCGA-AN-A046,3,test
HRD_Score,TCGA-AN-A04D,3,test
HRD_Score,TCGA-AN-A0AJ,3,test
HRD_Score,TCGA-AN-A0AS,3,test
HRD_Score,TCGA-AN-A0FZ,3,test
HRD_Score,TCGA-AN-A0XW,3,test
HRD_Score,TCGA-AO-A0JE,3,test
HRD_Score,TCGA-AO-A0JI,3,test
HRD_Score,TCGA-AQ-A04J,3,test
HRD_Score,TCGA-AR-A0TP,3,test
HRD_Score,TCGA-AR-A0TR,3,test
HRD_Score,TCGA-AR-A0TT,3,test
HRD_Score,TCGA-AR-A0TX,3,test
HRD_Score,TCGA-AR-A0TY,3,test
HRD_Score,TCGA-AR-A0TZ,3,test
HRD_Score,TCGA-AR-A1AK,3,test
HRD_Score,TCGA-AR-A1AQ,3,test
HRD_Score,TCGA-AR-A1AY,3,test
HRD_Score,TCGA-AR-A24N,3,test
HRD_Score,TCGA-AR-A24R,3,test
HRD_Score,TCGA-AR-A24V,3,test
HRD_Score,TCGA-AR-A251,3,test
HRD_Score,TCGA-AR-A2LH,3,test
HRD_Score,TCGA-B6-A0IE,3,test
HRD_Score,TCGA-B6-A0RL,3,test
HRD_Score,TCGA-B6-A0RS,3,test
HRD_Score,TCGA-B6-A0WY,3,test
HRD_Score,TCGA-B6-A0X5,3,test
HRD_Score,TCGA-B6-A2IU,3,test
HRD_Score,TCGA-BH-A0C1,3,test
HRD_Score,TCGA-BH-A0DH,3,test
HRD_Score,TCGA-BH-A0DO,3,test
HRD_Score,TCGA-BH-A0DT,3,test
HRD_Score,TCGA-BH-A0E1,3,test
HRD_Score,TCGA-BH-A0HA,3,test
HRD_Score,TCGA-BH-A0HI,3,test
HRD_Score,TCGA-BH-A0W3,3,test
HRD_Score,TCGA-BH-A0W4,3,test
HRD_Score,TCGA-BH-A18L,3,test
HRD_Score,TCGA-BH-A18M,3,test
HRD_Score,TCGA-BH-A1ET,3,test
HRD_Score,TCGA-BH-A1EY,3,test
HRD_Score,TCGA-BH-A1F0,3,test
HRD_Score,TCGA-BH-A209,3,test
HRD_Score,TCGA-BH-A2L8,3,test
HRD_Score,TCGA-BH-A5IZ,3,test
HRD_Score,TCGA-C8-A132,3,test
HRD_Score,TCGA-C8-A1HJ,3,test
HRD_Score,TCGA-C8-A275,3,test
HRD_Score,TCGA-C8-A27B,3,test
HRD_Score,TCGA-C8-A8HP,3,test
HRD_Score,TCGA-D8-A13Y,3,test
HRD_Score,TCGA-D8-A141,3,test
HRD_Score,TCGA-D8-A143,3,test
HRD_Score,TCGA-D8-A145,3,test
HRD_Score,TCGA-D8-A1J8,3,test
HRD_Score,TCGA-D8-A1JG,3,test
HRD_Score,TCGA-D8-A1JH,3,test
HRD_Score,TCGA-D8-A1JP,3,test
HRD_Score,TCGA-D8-A1JS,3,test
HRD_Score,TCGA-D8-A1JT,3,test
HRD_Score,TCGA-D8-A1XB,3,test
HRD_Score,TCGA-D8-A1XF,3,test
HRD_Score,TCGA-D8-A27W,3,test
HRD_Score,TCGA-E2-A152,3,test
HRD_Score,TCGA-E2-A153,3,test
HRD_Score,TCGA-E2-A155,3,test
HRD_Score,TCGA-E2-A15G,3,test
HRD_Score,TCGA-E2-A15H,3,test
HRD_Score,TCGA-E2-A15J,3,test
HRD_Score,TCGA-E2-A15O,3,test
HRD_Score,TCGA-E2-A1B4,3,test
HRD_Score,TCGA-E2-A1IF,3,test
HRD_Score,TCGA-E2-A1IO,3,test
HRD_Score,TCGA-E2-A1L6,3,test
HRD_Score,TCGA-E2-A1L9,3,test
HRD_Score,TCGA-E2-A1LA,3,test
HRD_Score,TCGA-E2-A1LG,3,test
HRD_Score,TCGA-E2-A570,3,test
HRD_Score,TCGA-E2-A9RU,3,test
HRD_Score,TCGA-E9-A1ND,3,test
HRD_Score,TCGA-E9-A1NE,3,test
HRD_Score,TCGA-E9-A1NG,3,test
HRD_Score,TCGA-E9-A1R7,3,test
HRD_Score,TCGA-E9-A1RE,3,test
HRD_Score,TCGA-E9-A22B,3,test
HRD_Score,TCGA-E9-A22D,3,test
HRD_Score,TCGA-E9-A243,3,test
HRD_Score,TCGA-E9-A3X8,3,test
HRD_Score,TCGA-EW-A1J6,3,test
HRD_Score,TCGA-EW-A1OY,3,test
HRD_Score,TCGA-EW-A1OZ,3,test
HRD_Score,TCGA-EW-A1PA,3,test
HRD_Score,TCGA-EW-A1PB,3,test
HRD_Score,TCGA-EW-A1PE,3,test
HRD_Score,TCGA-EW-A1PH,3,test
HRD_Score,TCGA-GM-A3NW,3,test
HRD_Score,TCGA-HN-A2NL,3,test
HRD_Score,TCGA-LL-A5YL,3,test
HRD_Score,TCGA-LL-A7T0,3,test
HRD_Score,TCGA-OK-A5Q2,3,test
HRD_Score,TCGA-OL-A5RV,3,test
HRD_Score,TCGA-OL-A5RZ,3,test
HRD_Score,TCGA-OL-A66I,3,test
HRD_Score,TCGA-OL-A6VQ,3,test
HRD_Score,TCGA-OL-A97C,3,test
HRD_Score,TCGA-PL-A8LV,3,test
HRD_Score,TCGA-PL-A8LY,3,test
HRD_Score,TCGA-S3-A6ZH,3,test
HRD_Score,TCGA-S3-AA17,3,test
HRD_Score,TCGA-UU-A93S,3,test
HRD_Score,TCGA-W8-A86G,3,test
HRD_Score,TCGA-XX-A89A,3,test
HRD_Score,TCGA-3C-AALI,4,train
HRD_Score,TCGA-5T-A9QA,4,train
HRD_Score,TCGA-A1-A0SB,4,train
HRD_Score,TCGA-A1-A0SD,4,train
HRD_Score,TCGA-A1-A0SF,4,train
HRD_Score,TCGA-A1-A0SK,4,train
HRD_Score,TCGA-A1-A0SO,4,train
HRD_Score,TCGA-A2-A04N,4,train
HRD_Score,TCGA-A2-A04P,4,train
HRD_Score,TCGA-A2-A04Q,4,train
HRD_Score,TCGA-A2-A04R,4,train
HRD_Score,TCGA-A2-A04T,4,train
HRD_Score,TCGA-A2-A04U,4,train
HRD_Score,TCGA-A2-A04V,4,train
HRD_Score,TCGA-A2-A04W,4,train
HRD_Score,TCGA-A2-A0CM,4,train
HRD_Score,TCGA-A2-A0CP,4,train
HRD_Score,TCGA-A2-A0CR,4,train
HRD_Score,TCGA-A2-A0CS,4,train
HRD_Score,TCGA-A2-A0CT,4,train
HRD_Score,TCGA-A2-A0CU,4,train
HRD_Score,TCGA-A2-A0CV,4,train
HRD_Score,TCGA-A2-A0CW,4,train
HRD_Score,TCGA-A2-A0CX,4,train
HRD_Score,TCGA-A2-A0D0,4,train
HRD_Score,TCGA-A2-A0D1,4,train
HRD_Score,TCGA-A2-A0D4,4,train
HRD_Score,TCGA-A2-A0EM,4,train
HRD_Score,TCGA-A2-A0EN,4,train
HRD_Score,TCGA-A2-A0ES,4,train
HRD_Score,TCGA-A2-A0EU,4,train
HRD_Score,TCGA-A2-A0EV,4,train
HRD_Score,TCGA-A2-A0EX,4,train
HRD_Score,TCGA-A2-A0EY,4,train
HRD_Score,TCGA-A2-A0SU,4,train
HRD_Score,TCGA-A2-A0SV,4,train
HRD_Score,TCGA-A2-A0SW,4,train
HRD_Score,TCGA-A2-A0SX,4,train
HRD_Score,TCGA-A2-A0SY,4,train
HRD_Score,TCGA-A2-A0T0,4,train
HRD_Score,TCGA-A2-A0T1,4,train
HRD_Score,TCGA-A2-A0T2,4,train
HRD_Score,TCGA-A2-A0T3,4,train
HRD_Score,TCGA-A2-A0T4,4,train
HRD_Score,TCGA-A2-A0T5,4,train
HRD_Score,TCGA-A2-A0T6,4,train
HRD_Score,TCGA-A2-A0YC,4,train
HRD_Score,TCGA-A2-A0YD,4,train
HRD_Score,TCGA-A2-A0YE,4,train
HRD_Score,TCGA-A2-A0YF,4,train
HRD_Score,TCGA-A2-A0YG,4,train
HRD_Score,TCGA-A2-A0YH,4,train
HRD_Score,TCGA-A2-A0YJ,4,train
HRD_Score,TCGA-A2-A0YK,4,train
HRD_Score,TCGA-A2-A0YL,4,train
HRD_Score,TCGA-A2-A0YM,4,train
HRD_Score,TCGA-A2-A1FV,4,train
HRD_Score,TCGA-A2-A1FZ,4,train
HRD_Score,TCGA-A2-A1G4,4,train
HRD_Score,TCGA-A2-A259,4,train
HRD_Score,TCGA-A2-A25A,4,train
HRD_Score,TCGA-A2-A25C,4,train
HRD_Score,TCGA-A2-A25E,4,train
HRD_Score,TCGA-A2-A3KD,4,train
HRD_Score,TCGA-A2-A3XU,4,train
HRD_Score,TCGA-A2-A3Y0,4,train
HRD_Score,TCGA-A2-A4S1,4,train
HRD_Score,TCGA-A2-A4S3,4,train
HRD_Score,TCGA-A7-A0CG,4,train
HRD_Score,TCGA-A7-A0CH,4,train
HRD_Score,TCGA-A7-A0CJ,4,train
HRD_Score,TCGA-A7-A0D9,4,train
HRD_Score,TCGA-A7-A0DA,4,train
HRD_Score,TCGA-A7-A0DB,4,train
HRD_Score,TCGA-A7-A13D,4,train
HRD_Score,TCGA-A7-A13E,4,train
HRD_Score,TCGA-A7-A13F,4,train
HRD_Score,TCGA-A7-A26E,4,train
HRD_Score,TCGA-A7-A26H,4,train
HRD_Score,TCGA-A7-A26I,4,train
HRD_Score,TCGA-A7-A26J,4,train
HRD_Score,TCGA-A7-A4SE,4,train
HRD_Score,TCGA-A7-A56D,4,train
HRD_Score,TCGA-A7-A5ZV,4,train
HRD_Score,TCGA-A7-A5ZW,4,train
HRD_Score,TCGA-A7-A6VW,4,train
HRD_Score,TCGA-A7-A6VX,4,train
HRD_Score,TCGA-A8-A06P,4,train
HRD_Score,TCGA-A8-A06Q,4,train
HRD_Score,TCGA-A8-A06U,4,train
HRD_Score,TCGA-A8-A06X,4,train
HRD_Score,TCGA-A8-A06Y,4,train
HRD_Score,TCGA-A8-A06Z,4,train
HRD_Score,TCGA-A8-A076,4,train
HRD_Score,TCGA-A8-A079,4,train
HRD_Score,TCGA-A8-A07I,4,train
HRD_Score,TCGA-A8-A07J,4,train
HRD_Score,TCGA-A8-A07L,4,train
HRD_Score,TCGA-A8-A07O,4,train
HRD_Score,TCGA-A8-A07P,4,train
HRD_Score,TCGA-A8-A07U,4,train
HRD_Score,TCGA-A8-A07W,4,train
HRD_Score,TCGA-A8-A07Z,4,train
HRD_Score,TCGA-A8-A081,4,train
HRD_Score,TCGA-A8-A082,4,train
HRD_Score,TCGA-A8-A08B,4,train
HRD_Score,TCGA-A8-A08G,4,train
HRD_Score,TCGA-A8-A08H,4,train
HRD_Score,TCGA-A8-A08L,4,train
HRD_Score,TCGA-A8-A08O,4,train
HRD_Score,TCGA-A8-A08R,4,train
HRD_Score,TCGA-A8-A08T,4,train
HRD_Score,TCGA-A8-A08X,4,train
HRD_Score,TCGA-A8-A08Z,4,train
HRD_Score,TCGA-A8-A090,4,train
HRD_Score,TCGA-A8-A091,4,train
HRD_Score,TCGA-A8-A092,4,train
HRD_Score,TCGA-A8-A093,4,train
HRD_Score,TCGA-A8-A094,4,train
HRD_Score,TCGA-A8-A096,4,train
HRD_Score,TCGA-A8-A09A,4,train
HRD_Score,TCGA-A8-A09B,4,train
HRD_Score,TCGA-A8-A09C,4,train
HRD_Score,TCGA-A8-A09D,4,train
HRD_Score,TCGA-A8-A09M,4,train
HRD_Score,TCGA-A8-A09N,4,train
HRD_Score,TCGA-A8-A09Q,4,train
HRD_Score,TCGA-A8-A09W,4,train
HRD_Score,TCGA-A8-A09X,4,train
HRD_Score,TCGA-A8-A09Z,4,train
HRD_Score,TCGA-A8-A0A1,4,train
HRD_Score,TCGA-A8-A0A2,4,train
HRD_Score,TCGA-A8-A0A4,4,train
HRD_Score,TCGA-A8-A0A6,4,train
HRD_Score,TCGA-A8-A0A7,4,train
HRD_Score,TCGA-A8-A0AB,4,train
HRD_Score,TCGA-A8-A0AD,4,train
HRD_Score,TCGA-AC-A23C,4,train
HRD_Score,TCGA-AC-A23E,4,train
HRD_Score,TCGA-AC-A23H,4,train
HRD_Score,TCGA-AC-A2B8,4,train
HRD_Score,TCGA-AC-A2FB,4,train
HRD_Score,TCGA-AC-A2FO,4,train
HRD_Score,TCGA-AC-A2QH,4,train
HRD_Score,TCGA-AC-A3YI,4,train
HRD_Score,TCGA-AC-A4ZE,4,train
HRD_Score,TCGA-AC-A5EH,4,train
HRD_Score,TCGA-AC-A5XS,4,train
HRD_Score,TCGA-AC-A5XU,4,train
HRD_Score,TCGA-AC-A6IV,4,train
HRD_Score,TCGA-AC-A6IX,4,train
HRD_Score,TCGA-AC-A7VB,4,train
HRD_Score,TCGA-AC-A7VC,4,train
HRD_Score,TCGA-AC-A8OP,4,train
HRD_Score,TCGA-AC-A8OR,4,train
HRD_Score,TCGA-AC-A8OS,4,train
HRD_Score,TCGA-AN-A03X,4,train
HRD_Score,TCGA-AN-A03Y,4,train
HRD_Score,TCGA-AN-A041,4,train
HRD_Score,TCGA-AN-A046,4,train
HRD_Score,TCGA-AN-A049,4,train
HRD_Score,TCGA-AN-A04C,4,train
HRD_Score,TCGA-AN-A04D,4,train
HRD_Score,TCGA-AN-A0AJ,4,train
HRD_Score,TCGA-AN-A0AM,4,train
HRD_Score,TCGA-AN-A0AR,4,train
HRD_Score,TCGA-AN-A0AS,4,train
HRD_Score,TCGA-AN-A0AT,4,train
HRD_Score,TCGA-AN-A0FJ,4,train
HRD_Score,TCGA-AN-A0FK,4,train
HRD_Score,TCGA-AN-A0FS,4,train
HRD_Score,TCGA-AN-A0FT,4,train
HRD_Score,TCGA-AN-A0FV,4,train
HRD_Score,TCGA-AN-A0FZ,4,train
HRD_Score,TCGA-AN-A0XP,4,train
HRD_Score,TCGA-AN-A0XR,4,train
HRD_Score,TCGA-AN-A0XT,4,train
HRD_Score,TCGA-AN-A0XU,4,train
HRD_Score,TCGA-AN-A0XV,4,train
HRD_Score,TCGA-AN-A0XW,4,train
HRD_Score,TCGA-AO-A03L,4,train
HRD_Score,TCGA-AO-A03O,4,train
HRD_Score,TCGA-AO-A03P,4,train
HRD_Score,TCGA-AO-A03R,4,train
HRD_Score,TCGA-AO-A03T,4,train
HRD_Score,TCGA-AO-A03V,4,train
HRD_Score,TCGA-AO-A0J2,4,train
HRD_Score,TCGA-AO-A0J4,4,train
HRD_Score,TCGA-AO-A0J6,4,train
HRD_Score,TCGA-AO-A0J7,4,train
HRD_Score,TCGA-AO-A0J8,4,train
HRD_Score,TCGA-AO-A0J9,4,train
HRD_Score,TCGA-AO-A0JA,4,train
HRD_Score,TCGA-AO-A0JB,4,train
HRD_Score,TCGA-AO-A0JD,4,train
HRD_Score,TCGA-AO-A0JE,4,train
HRD_Score,TCGA-AO-A0JF,4,train
HRD_Score,TCGA-AO-A0JG,4,train
HRD_Score,TCGA-AO-A0JI,4,train
HRD_Score,TCGA-AO-A0JJ,4,train
HRD_Score,TCGA-AO-A0JM,4,train
HRD_Score,TCGA-AO-A124,4,train
HRD_Score,TCGA-AO-A128,4,train
HRD_Score,TCGA-AO-A12D,4,train
HRD_Score,TCGA-AO-A1KR,4,train
HRD_Score,TCGA-AO-A1KT,4,train
HRD_Score,TCGA-AQ-A04H,4,train
HRD_Score,TCGA-AQ-A04J,4,train
HRD_Score,TCGA-AQ-A1H2,4,train
HRD_Score,TCGA-AQ-A1H3,4,train
HRD_Score,TCGA-AR-A0TP,4,train
HRD_Score,TCGA-AR-A0TQ,4,train
HRD_Score,TCGA-AR-A0TR,4,train
HRD_Score,TCGA-AR-A0TS,4,train
HRD_Score,TCGA-AR-A0TT,4,train
HRD_Score,TCGA-AR-A0TV,4,train
HRD_Score,TCGA-AR-A0TW,4,train
HRD_Score,TCGA-AR-A0TX,4,train
HRD_Score,TCGA-AR-A0TY,4,train
HRD_Score,TCGA-AR-A0TZ,4,train
HRD_Score,TCGA-AR-A0U0,4,train
HRD_Score,TCGA-AR-A1AH,4,train
HRD_Score,TCGA-AR-A1AI,4,train
HRD_Score,TCGA-AR-A1AK,4,train
HRD_Score,TCGA-AR-A1AN,4,train
HRD_Score,TCGA-AR-A1AP,4,train
HRD_Score,TCGA-AR-A1AQ,4,train
HRD_Score,TCGA-AR-A1AR,4,train
HRD_Score,TCGA-AR-A1AU,4,train
HRD_Score,TCGA-AR-A1AW,4,train
HRD_Score,TCGA-AR-A1AY,4,train
HRD_Score,TCGA-AR-A24L,4,train
HRD_Score,TCGA-AR-A24N,4,train
HRD_Score,TCGA-AR-A24O,4,train
HRD_Score,TCGA-AR-A24P,4,train
HRD_Score,TCGA-AR-A24Q,4,train
HRD_Score,TCGA-AR-A24R,4,train
HRD_Score,TCGA-AR-A24S,4,train
HRD_Score,TCGA-AR-A24V,4,train
HRD_Score,TCGA-AR-A24W,4,train
HRD_Score,TCGA-AR-A24X,4,train
HRD_Score,TCGA-AR-A251,4,train
HRD_Score,TCGA-AR-A252,4,train
HRD_Score,TCGA-AR-A256,4,train
HRD_Score,TCGA-AR-A2LH,4,train
HRD_Score,TCGA-AR-A2LK,4,train
HRD_Score,TCGA-AR-A2LN,4,train
HRD_Score,TCGA-AR-A2LO,4,train
HRD_Score,TCGA-AR-A2LQ,4,train
HRD_Score,TCGA-AR-A5QN,4,train
HRD_Score,TCGA-AR-A5QQ,4,train
HRD_Score,TCGA-B6-A0I2,4,train
HRD_Score,TCGA-B6-A0I9,4,train
HRD_Score,TCGA-B6-A0IB,4,train
HRD_Score,TCGA-B6-A0IE,4,train
HRD_Score,TCGA-B6-A0IN,4,train
HRD_Score,TCGA-B6-A0RH,4,train
HRD_Score,TCGA-B6-A0RI,4,train
HRD_Score,TCGA-B6-A0RL,4,train
HRD_Score,TCGA-B6-A0RN,4,train
HRD_Score,TCGA-B6-A0RO,4,train
HRD_Score,TCGA-B6-A0RP,4,train
HRD_Score,TCGA-B6-A0RS,4,train
HRD_Score,TCGA-B6-A0RU,4,train
HRD_Score,TCGA-B6-A0WT,4,train
HRD_Score,TCGA-B6-A0WW,4,train
HRD_Score,TCGA-B6-A0WY,4,train
HRD_Score,TCGA-B6-A0X0,4,train
HRD_Score,TCGA-B6-A0X1,4,train
HRD_Score,TCGA-B6-A0X4,4,train
HRD_Score,TCGA-B6-A0X5,4,train
HRD_Score,TCGA-B6-A1KC,4,train
HRD_Score,TCGA-B6-A1KF,4,train
HRD_Score,TCGA-B6-A1KN,4,train
HRD_Score,TCGA-B6-A2IU,4,train
HRD_Score,TCGA-B6-A40C,4,train
HRD_Score,TCGA-BH-A0AU,4,train
HRD_Score,TCGA-BH-A0AY,4,train
HRD_Score,TCGA-BH-A0AZ,4,train
HRD_Score,TCGA-BH-A0B3,4,train
HRD_Score,TCGA-BH-A0B7,4,train
HRD_Score,TCGA-BH-A0BA,4,train
HRD_Score,TCGA-BH-A0BC,4,train
HRD_Score,TCGA-BH-A0BF,4,train
HRD_Score,TCGA-BH-A0BL,4,train
HRD_Score,TCGA-BH-A0BO,4,train
HRD_Score,TCGA-BH-A0BP,4,train
HRD_Score,TCGA-BH-A0BR,4,train
HRD_Score,TCGA-BH-A0BT,4,train
HRD_Score,TCGA-BH-A0BZ,4,train
HRD_Score,TCGA-BH-A0C1,4,train
HRD_Score,TCGA-BH-A0C3,4,train
HRD_Score,TCGA-BH-A0C7,4,train
HRD_Score,TCGA-BH-A0DE,4,train
HRD_Score,TCGA-BH-A0DG,4,train
HRD_Score,TCGA-BH-A0DH,4,train
HRD_Score,TCGA-BH-A0DI,4,train
HRD_Score,TCGA-BH-A0DO,4,train
HRD_Score,TCGA-BH-A0DQ,4,train
HRD_Score,TCGA-BH-A0DT,4,train
HRD_Score,TCGA-BH-A0DX,4,train
HRD_Score,TCGA-BH-A0DZ,4,train
HRD_Score,TCGA-BH-A0E1,4,train
HRD_Score,TCGA-BH-A0E7,4,train
HRD_Score,TCGA-BH-A0E9,4,train
HRD_Score,TCGA-BH-A0EA,4,train
HRD_Score,TCGA-BH-A0EB,4,train
HRD_Score,TCGA-BH-A0EE,4,train
HRD_Score,TCGA-BH-A0GY,4,train
HRD_Score,TCGA-BH-A0H0,4,train
HRD_Score,TCGA-BH-A0H6,4,train
HRD_Score,TCGA-BH-A0H7,4,train
HRD_Score,TCGA-BH-A0HA,4,train
HRD_Score,TCGA-BH-A0HI,4,train
HRD_Score,TCGA-BH-A0HK,4,train
HRD_Score,TCGA-BH-A0HQ,4,train
HRD_Score,TCGA-BH-A0HU,4,train
HRD_Score,TCGA-BH-A0HW,4,train
HRD_Score,TCGA-BH-A0HX,4,train
HRD_Score,TCGA-BH-A0W3,4,train
HRD_Score,TCGA-BH-A0W4,4,train
HRD_Score,TCGA-BH-A18G,4,train
HRD_Score,TCGA-BH-A18H,4,train
HRD_Score,TCGA-BH-A18I,4,train
HRD_Score,TCGA-BH-A18J,4,train
HRD_Score,TCGA-BH-A18K,4,train
HRD_Score,TCGA-BH-A18L,4,train
HRD_Score,TCGA-BH-A18M,4,train
HRD_Score,TCGA-BH-A18N,4,train
HRD_Score,TCGA-BH-A18P,4,train
HRD_Score,TCGA-BH-A18Q,4,train
HRD_Score,TCGA-BH-A18R,4,train
HRD_Score,TCGA-BH-A18S,4,train
HRD_Score,TCGA-BH-A18U,4,train
HRD_Score,TCGA-BH-A1EO,4,train
HRD_Score,TCGA-BH-A1ET,4,train
HRD_Score,TCGA-BH-A1EU,4,train
HRD_Score,TCGA-BH-A1EW,4,train
HRD_Score,TCGA-BH-A1EX,4,train
HRD_Score,TCGA-BH-A1EY,4,train
HRD_Score,TCGA-BH-A1F0,4,train
HRD_Score,TCGA-BH-A1F2,4,train
HRD_Score,TCGA-BH-A1FC,4,train
HRD_Score,TCGA-BH-A1FG,4,train
HRD_Score,TCGA-BH-A1FJ,4,train
HRD_Score,TCGA-BH-A1FL,4,train
HRD_Score,TCGA-BH-A1FM,4,train
HRD_Score,TCGA-BH-A1FN,4,train
HRD_Score,TCGA-BH-A201,4,train
HRD_Score,TCGA-BH-A202,4,train
HRD_Score,TCGA-BH-A203,4,train
HRD_Score,TCGA-BH-A204,4,train
HRD_Score,TCGA-BH-A209,4,train
HRD_Score,TCGA-BH-A28Q,4,train
HRD_Score,TCGA-BH-A2L8,4,train
HRD_Score,TCGA-BH-A42V,4,train
HRD_Score,TCGA-BH-A5IZ,4,train
HRD_Score,TCGA-BH-A6R9,4,train
HRD_Score,TCGA-BH-A8FY,4,train
HRD_Score,TCGA-BH-A8FZ,4,train
HRD_Score,TCGA-BH-AB28,4,train
HRD_Score,TCGA-C8-A12L,4,train
HRD_Score,TCGA-C8-A12M,4,train
HRD_Score,TCGA-C8-A12O,4,train
HRD_Score,TCGA-C8-A12Q,4,train
HRD_Score,TCGA-C8-A12U,4,train
HRD_Score,TCGA-C8-A12Y,4,train
HRD_Score,TCGA-C8-A12Z,4,train
HRD_Score,TCGA-C8-A130,4,train
HRD_Score,TCGA-C8-A131,4,train
HRD_Score,TCGA-C8-A132,4,train
HRD_Score,TCGA-C8-A133,4,train
HRD_Score,TCGA-C8-A135,4,train
HRD_Score,TCGA-C8-A138,4,train
HRD_Score,TCGA-C8-A1HG,4,train
HRD_Score,TCGA-C8-A1HJ,4,train
HRD_Score,TCGA-C8-A1HM,4,train
HRD_Score,TCGA-C8-A26V,4,train
HRD_Score,TCGA-C8-A26W,4,train
HRD_Score,TCGA-C8-A26X,4,train
HRD_Score,TCGA-C8-A26Z,4,train
HRD_Score,TCGA-C8-A273,4,train
HRD_Score,TCGA-C8-A275,4,train
HRD_Score,TCGA-C8-A278,4,train
HRD_Score,TCGA-C8-A27B,4,train
HRD_Score,TCGA-C8-A8HP,4,train
HRD_Score,TCGA-C8-A8HQ,4,train
HRD_Score,TCGA-D8-A13Y,4,train
HRD_Score,TCGA-D8-A140,4,train
HRD_Score,TCGA-D8-A141,4,train
HRD_Score,TCGA-D8-A143,4,train
HRD_Score,TCGA-D8-A145,4,train
HRD_Score,TCGA-D8-A147,4,train
HRD_Score,TCGA-D8-A1J8,4,train
HRD_Score,TCGA-D8-A1J9,4,train
HRD_Score,TCGA-D8-A1JA,4,train
HRD_Score,TCGA-D8-A1JC,4,train
HRD_Score,TCGA-D8-A1JD,4,train
HRD_Score,TCGA-D8-A1JF,4,train
HRD_Score,TCGA-D8-A1JG,4,train
HRD_Score,TCGA-D8-A1JH,4,train
HRD_Score,TCGA-D8-A1JI,4,train
HRD_Score,TCGA-D8-A1JK,4,train
HRD_Score,TCGA-D8-A1JL,4,train
HRD_Score,TCGA-D8-A1JM,4,train
HRD_Score,TCGA-D8-A1JN,4,train
HRD_Score,TCGA-D8-A1JP,4,train
HRD_Score,TCGA-D8-A1JS,4,train
HRD_Score,TCGA-D8-A1JT,4,train
HRD_Score,TCGA-D8-A1JU,4,train
HRD_Score,TCGA-D8-A1X5,4,train
HRD_Score,TCGA-D8-A1X7,4,train
HRD_Score,TCGA-D8-A1X8,4,train
HRD_Score,TCGA-D8-A1XA,4,train
HRD_Score,TCGA-D8-A1XB,4,train
HRD_Score,TCGA-D8-A1XC,4,train
HRD_Score,TCGA-D8-A1XF,4,train
HRD_Score,TCGA-D8-A1XK,4,train
HRD_Score,TCGA-D8-A1XL,4,train
HRD_Score,TCGA-D8-A1XM,4,train
HRD_Score,TCGA-D8-A1XO,4,train
HRD_Score,TCGA-D8-A1XQ,4,train
HRD_Score,TCGA-D8-A1XR,4,train
HRD_Score,TCGA-D8-A1XV,4,train
HRD_Score,TCGA-D8-A1XW,4,train
HRD_Score,TCGA-D8-A1XY,4,train
HRD_Score,TCGA-D8-A1XZ,4,train
HRD_Score,TCGA-D8-A1Y1,4,train
HRD_Score,TCGA-D8-A1Y2,4,train
HRD_Score,TCGA-D8-A1Y3,4,train
HRD_Score,TCGA-D8-A27E,4,train
HRD_Score,TCGA-D8-A27F,4,train
HRD_Score,TCGA-D8-A27H,4,train
HRD_Score,TCGA-D8-A27K,4,train
HRD_Score,TCGA-D8-A27N,4,train
HRD_Score,TCGA-D8-A27P,4,train
HRD_Score,TCGA-D8-A27R,4,train
HRD_Score,TCGA-D8-A27T,4,train
HRD_Score,TCGA-D8-A27V,4,train
HRD_Score,TCGA-D8-A27W,4,train
HRD_Score,TCGA-D8-A3Z6,4,train
HRD_Score,TCGA-D8-A4Z1,4,train
HRD_Score,TCGA-D8-A73W,4,train
HRD_Score,TCGA-D8-A73X,4,train
HRD_Score,TCGA-E2-A10A,4,train
HRD_Score,TCGA-E2-A14O,4,train
HRD_Score,TCGA-E2-A14R,4,train
HRD_Score,TCGA-E2-A14T,4,train
HRD_Score,TCGA-E2-A14X,4,train
HRD_Score,TCGA-E2-A14Z,4,train
HRD_Score,TCGA-E2-A150,4,train
HRD_Score,TCGA-E2-A152,4,train
HRD_Score,TCGA-E2-A153,4,train
HRD_Score,TCGA-E2-A154,4,train
HRD_Score,TCGA-E2-A155,4,train
HRD_Score,TCGA-E2-A156,4,train
HRD_Score,TCGA-E2-A159,4,train
HRD_Score,TCGA-E2-A15A,4,train
HRD_Score,TCGA-E2-A15C,4,train
HRD_Score,TCGA-E2-A15D,4,train
HRD_Score,TCGA-E2-A15E,4,train
HRD_Score,TCGA-E2-A15G,4,train
HRD_Score,TCGA-E2-A15H,4,train
HRD_Score,TCGA-E2-A15I,4,train
HRD_Score,TCGA-E2-A15J,4,train
HRD_Score,TCGA-E2-A15M,4,train
HRD_Score,TCGA-E2-A15O,4,train
HRD_Score,TCGA-E2-A15P,4,train
HRD_Score,TCGA-E2-A15R,4,train
HRD_Score,TCGA-E2-A1AZ,4,train
HRD_Score,TCGA-E2-A1B0,4,train
HRD_Score,TCGA-E2-A1B4,4,train
HRD_Score,TCGA-E2-A1B5,4,train
HRD_Score,TCGA-E2-A1BC,4,train
HRD_Score,TCGA-E2-A1BD,4,train
HRD_Score,TCGA-E2-A1IE,4,train
HRD_Score,TCGA-E2-A1IF,4,train
HRD_Score,TCGA-E2-A1IG,4,train
HRD_Score,TCGA-E2-A1IH,4,train
HRD_Score,TCGA-E2-A1IJ,4,train
HRD_Score,TCGA-E2-A1IK,4,train
HRD_Score,TCGA-E2-A1IL,4,train
HRD_Score,TCGA-E2-A1IO,4,train
HRD_Score,TCGA-E2-A1IU,4,train
HRD_Score,TCGA-E2-A1L6,4,train
HRD_Score,TCGA-E2-A1L9,4,train
HRD_Score,TCGA-E2-A1LA,4,train
HRD_Score,TCGA-E2-A1LG,4,train
HRD_Score,TCGA-E2-A1LH,4,train
HRD_Score,TCGA-E2-A1LK,4,train
HRD_Score,TCGA-E2-A1LL,4,train
HRD_Score,TCGA-E2-A56Z,4,train
HRD_Score,TCGA-E2-A570,4,train
HRD_Score,TCGA-E2-A573,4,train
HRD_Score,TCGA-E2-A576,4,train
HRD_Score,TCGA-E2-A9RU,4,train
HRD_Score,TCGA-E9-A1N3,4,train
HRD_Score,TCGA-E9-A1N5,4,train
HRD_Score,TCGA-E9-A1NA,4,train
HRD_Score,TCGA-E9-A1NC,4,train
HRD_Score,TCGA-E9-A1ND,4,train
HRD_Score,TCGA-E9-A1NE,4,train
HRD_Score,TCGA-E9-A1NG,4,train
HRD_Score,TCGA-E9-A1NH,4,train
HRD_Score,TCGA-E9-A1NI,4,train
HRD_Score,TCGA-E9-A1R0,4,train
HRD_Score,TCGA-E9-A1R3,4,train
HRD_Score,TCGA-E9-A1R5,4,train
HRD_Score,TCGA-E9-A1R7,4,train
HRD_Score,TCGA-E9-A1RB,4,train
HRD_Score,TCGA-E9-A1RC,4,train
HRD_Score,TCGA-E9-A1RD,4,train
HRD_Score,TCGA-E9-A1RE,4,train
HRD_Score,TCGA-E9-A1RF,4,train
HRD_Score,TCGA-E9-A1RG,4,train
HRD_Score,TCGA-E9-A1RH,4,train
HRD_Score,TCGA-E9-A226,4,train
HRD_Score,TCGA-E9-A227,4,train
HRD_Score,TCGA-E9-A228,4,train
HRD_Score,TCGA-E9-A229,4,train
HRD_Score,TCGA-E9-A22B,4,train
HRD_Score,TCGA-E9-A22D,4,train
HRD_Score,TCGA-E9-A22E,4,train
HRD_Score,TCGA-E9-A22G,4,train
HRD_Score,TCGA-E9-A22H,4,train
HRD_Score,TCGA-E9-A243,4,train
HRD_Score,TCGA-E9-A24A,4,train
HRD_Score,TCGA-E9-A295,4,train
HRD_Score,TCGA-E9-A2JT,4,train
HRD_Score,TCGA-E9-A3X8,4,train
HRD_Score,TCGA-E9-A5FL,4,train
HRD_Score,TCGA-E9-A6HE,4,train
HRD_Score,TCGA-EW-A1J1,4,train
HRD_Score,TCGA-EW-A1J3,4,train
HRD_Score,TCGA-EW-A1J6,4,train
HRD_Score,TCGA-EW-A1OV,4,train
HRD_Score,TCGA-EW-A1OX,4,train
HRD_Score,TCGA-EW-A1OY,4,train
HRD_Score,TCGA-EW-A1OZ,4,train
HRD_Score,TCGA-EW-A1P0,4,train
HRD_Score,TCGA-EW-A1P1,4,train
HRD_Score,TCGA-EW-A1P3,4,train
HRD_Score,TCGA-EW-A1P4,4,train
HRD_Score,TCGA-EW-A1P5,4,train
HRD_Score,TCGA-EW-A1P7,4,train
HRD_Score,TCGA-EW-A1P8,4,train
HRD_Score,TCGA-EW-A1PA,4,train
HRD_Score,TCGA-EW-A1PB,4,train
HRD_Score,TCGA-EW-A1PE,4,train
HRD_Score,TCGA-EW-A1PH,4,train
HRD_Score,TCGA-EW-A2FS,4,train
HRD_Score,TCGA-EW-A6SB,4,train
HRD_Score,TCGA-EW-A6SC,4,train
HRD_Score,TCGA-GM-A2DA,4,train
HRD_Score,TCGA-GM-A2DB,4,train
HRD_Score,TCGA-GM-A2DC,4,train
HRD_Score,TCGA-GM-A2DD,4,train
HRD_Score,TCGA-GM-A2DF,4,train
HRD_Score,TCGA-GM-A2DH,4,train
HRD_Score,TCGA-GM-A2DK,4,train
HRD_Score,TCGA-GM-A2DL,4,train
HRD_Score,TCGA-GM-A2DM,4,train
HRD_Score,TCGA-GM-A2DN,4,train
HRD_Score,TCGA-GM-A3NW,4,train
HRD_Score,TCGA-GM-A5PX,4,train
HRD_Score,TCGA-HN-A2NL,4,train
HRD_Score,TCGA-HN-A2OB,4,train
HRD_Score,TCGA-LD-A74U,4,train
HRD_Score,TCGA-LD-A7W5,4,train
HRD_Score,TCGA-LD-A7W6,4,train
HRD_Score,TCGA-LL-A50Y,4,train
HRD_Score,TCGA-LL-A5YL,4,train
HRD_Score,TCGA-LL-A5YN,4,train
HRD_Score,TCGA-LL-A5YP,4,train
HRD_Score,TCGA-LL-A6FR,4,train
HRD_Score,TCGA-LL-A73Y,4,train
HRD_Score,TCGA-LL-A7SZ,4,train
HRD_Score,TCGA-LL-A7T0,4,train
HRD_Score,TCGA-LL-A8F5,4,train
HRD_Score,TCGA-LL-A9Q3,4,train
HRD_Score,TCGA-OK-A5Q2,4,train
HRD_Score,TCGA-OL-A5D6,4,train
HRD_Score,TCGA-OL-A5DA,4,train
HRD_Score,TCGA-OL-A5RU,4,train
HRD_Score,TCGA-OL-A5RV,4,train
HRD_Score,TCGA-OL-A5RW,4,train
HRD_Score,TCGA-OL-A5RX,4,train
HRD_Score,TCGA-OL-A5RZ,4,train
HRD_Score,TCGA-OL-A5S0,4,train
HRD_Score,TCGA-OL-A66H,4,train
HRD_Score,TCGA-OL-A66I,4,train
HRD_Score,TCGA-OL-A66J,4,train
HRD_Score,TCGA-OL-A66K,4,train
HRD_Score,TCGA-OL-A66N,4,train
HRD_Score,TCGA-OL-A66O,4,train
HRD_Score,TCGA-OL-A66P,4,train
HRD_Score,TCGA-OL-A6VQ,4,train
HRD_Score,TCGA-OL-A97C,4,train
HRD_Score,TCGA-PE-A5DD,4,train
HRD_Score,TCGA-PE-A5DE,4,train
HRD_Score,TCGA-PL-A8LV,4,train
HRD_Score,TCGA-PL-A8LX,4,train
HRD_Score,TCGA-PL-A8LY,4,train
HRD_Score,TCGA-PL-A8LZ,4,train
HRD_Score,TCGA-S3-A6ZF,4,train
HRD_Score,TCGA-S3-A6ZG,4,train
HRD_Score,TCGA-S3-A6ZH,4,train
HRD_Score,TCGA-S3-AA0Z,4,train
HRD_Score,TCGA-S3-AA11,4,train
HRD_Score,TCGA-S3-AA14,4,train
HRD_Score,TCGA-S3-AA17,4,train
HRD_Score,TCGA-UU-A93S,4,train
HRD_Score,TCGA-V7-A7HQ,4,train
HRD_Score,TCGA-W8-A86G,4,train
HRD_Score,TCGA-WT-AB41,4,train
HRD_Score,TCGA-WT-AB44,4,train
HRD_Score,TCGA-XX-A89A,4,train
HRD_Score,TCGA-Z7-A8R6,4,train
HRD_Score,TCGA-E9-A1RC,4,inner_train
HRD_Score,TCGA-S3-AA11,4,inner_train
HRD_Score,TCGA-BH-A0C7,4,inner_train
HRD_Score,TCGA-A7-A13D,4,inner_train
HRD_Score,TCGA-E2-A15H,4,inner_train
HRD_Score,TCGA-BH-A0E1,4,inner_train
HRD_Score,TCGA-A8-A06P,4,inner_train
HRD_Score,TCGA-EW-A1PE,4,inner_train
HRD_Score,TCGA-PL-A8LZ,4,inner_train
HRD_Score,TCGA-AN-A0FT,4,inner_train
HRD_Score,TCGA-A2-A0CP,4,inner_train
HRD_Score,TCGA-A8-A09X,4,inner_train
HRD_Score,TCGA-AR-A0TQ,4,inner_train
HRD_Score,TCGA-E2-A1IL,4,inner_train
HRD_Score,TCGA-A2-A0YE,4,inner_train
HRD_Score,TCGA-Z7-A8R6,4,inner_train
HRD_Score,TCGA-3C-AALI,4,inner_train
HRD_Score,TCGA-E2-A1LK,4,inner_train
HRD_Score,TCGA-C8-A12M,4,inner_train
HRD_Score,TCGA-A2-A04W,4,inner_train
HRD_Score,TCGA-EW-A1P0,4,inner_train
HRD_Score,TCGA-A2-A0SV,4,inner_train
HRD_Score,TCGA-A2-A04R,4,inner_train
HRD_Score,TCGA-BH-A2L8,4,inner_train
HRD_Score,TCGA-E2-A15A,4,inner_train
HRD_Score,TCGA-C8-A27B,4,inner_train
HRD_Score,TCGA-B6-A0IN,4,inner_train
HRD_Score,TCGA-A2-A04T,4,inner_train
HRD_Score,TCGA-LL-A50Y,4,inner_train
HRD_Score,TCGA-BH-A0BR,4,inner_train
HRD_Score,TCGA-E2-A1BD,4,inner_train
HRD_Score,TCGA-GM-A3NW,4,inner_train
HRD_Score,TCGA-E2-A1LG,4,inner_train
HRD_Score,TCGA-A1-A0SO,4,inner_train
HRD_Score,TCGA-E2-A15R,4,inner_train
HRD_Score,TCGA-E9-A22H,4,inner_train
HRD_Score,TCGA-AN-A0XP,4,inner_train
HRD_Score,TCGA-D8-A1JL,4,inner_train
HRD_Score,TCGA-A8-A081,4,inner_train
HRD_Score,TCGA-AR-A2LK,4,inner_train
HRD_Score,TCGA-A2-A25C,4,inner_train
HRD_Score,TCGA-D8-A1JP,4,inner_train
HRD_Score,TCGA-C8-A8HQ,4,inner_train
HRD_Score,TCGA-AC-A6IV,4,inner_train
HRD_Score,TCGA-EW-A1P7,4,inner_train
HRD_Score,TCGA-B6-A0X1,4,inner_train
HRD_Score,TCGA-E2-A15P,4,inner_train
HRD_Score,TCGA-AR-A0TX,4,inner_train
HRD_Score,TCGA-EW-A1P4,4,inner_train
HRD_Score,TCGA-E9-A243,4,inner_train
HRD_Score,TCGA-E2-A14T,4,inner_train
HRD_Score,TCGA-D8-A140,4,inner_train
HRD_Score,TCGA-AO-A0JB,4,inner_train
HRD_Score,TCGA-C8-A138,4,inner_train
HRD_Score,TCGA-OL-A66P,4,inner_train
HRD_Score,TCGA-A8-A092,4,inner_train
HRD_Score,TCGA-D8-A1X5,4,inner_train
HRD_Score,TCGA-AO-A0JA,4,inner_train
HRD_Score,TCGA-OL-A5DA,4,inner_train
HRD_Score,TCGA-AC-A23C,4,inner_train
HRD_Score,TCGA-D8-A1Y2,4,inner_train
HRD_Score,TCGA-B6-A1KN,4,inner_train
HRD_Score,TCGA-GM-A2DB,4,inner_train
HRD_Score,TCGA-A7-A13F,4,inner_train
HRD_Score,TCGA-D8-A1XA,4,inner_train
HRD_Score,TCGA-A8-A07W,4,inner_train
HRD_Score,TCGA-A7-A0DA,4,inner_train
HRD_Score,TCGA-BH-A0C1,4,inner_train
HRD_Score,TCGA-AN-A0XU,4,inner_train
HRD_Score,TCGA-E2-A152,4,inner_train
HRD_Score,TCGA-LD-A74U,4,inner_train
HRD_Score,TCGA-A8-A06U,4,inner_train
HRD_Score,TCGA-LL-A8F5,4,inner_train
HRD_Score,TCGA-BH-A18M,4,inner_train
HRD_Score,TCGA-E2-A1B4,4,inner_train
HRD_Score,TCGA-D8-A1XC,4,inner_train
HRD_Score,TCGA-BH-A0AZ,4,inner_train
HRD_Score,TCGA-AO-A1KT,4,inner_train
HRD_Score,TCGA-AR-A24V,4,inner_train
HRD_Score,TCGA-A8-A091,4,inner_train
HRD_Score,TCGA-D8-A27R,4,inner_train
HRD_Score,TCGA-A8-A09A,4,inner_train
HRD_Score,TCGA-A8-A07U,4,inner_train
HRD_Score,TCGA-A2-A0YH,4,inner_train
HRD_Score,TCGA-OL-A66O,4,inner_train
HRD_Score,TCGA-A8-A0AB,4,inner_train
HRD_Score,TCGA-BH-A0W4,4,inner_train
HRD_Score,TCGA-AC-A2B8,4,inner_train
HRD_Score,TCGA-AC-A7VB,4,inner_train
HRD_Score,TCGA-A2-A0EN,4,inner_train
HRD_Score,TCGA-E2-A14Z,4,inner_train
HRD_Score,TCGA-E9-A1N5,4,inner_train
HRD_Score,TCGA-EW-A6SC,4,inner_train
HRD_Score,TCGA-A7-A56D,4,inner_train
HRD_Score,TCGA-E2-A1IH,4,inner_train
HRD_Score,TCGA-A8-A09D,4,inner_train
HRD_Score,TCGA-BH-A1ET,4,inner_train
HRD_Score,TCGA-BH-A0HQ,4,inner_train
HRD_Score,TCGA-BH-A18S,4,inner_train
HRD_Score,TCGA-A8-A06X,4,inner_train
HRD_Score,TCGA-D8-A73W,4,inner_train
HRD_Score,TCGA-B6-A0X4,4,inner_train
HRD_Score,TCGA-AR-A2LQ,4,inner_train
HRD_Score,TCGA-AO-A0JI,4,inner_train
HRD_Score,TCGA-BH-A0H0,4,inner_train
HRD_Score,TCGA-AN-A0XW,4,inner_train
HRD_Score,TCGA-A2-A0YC,4,inner_train
HRD_Score,TCGA-D8-A1X8,4,inner_train
HRD_Score,TCGA-A8-A0AD,4,inner_train
HRD_Score,TCGA-D8-A3Z6,4,inner_train
HRD_Score,TCGA-BH-A28Q,4,inner_train
HRD_Score,TCGA-E9-A1ND,4,inner_train
HRD_Score,TCGA-BH-A18I,4,inner_train
HRD_Score,TCGA-EW-A1PA,4,inner_train
HRD_Score,TCGA-BH-A0BF,4,inner_train
HRD_Score,TCGA-E9-A1R0,4,inner_train
HRD_Score,TCGA-AN-A0XV,4,inner_train
HRD_Score,TCGA-GM-A2DL,4,inner_train
HRD_Score,TCGA-GM-A2DA,4,inner_train
HRD_Score,TCGA-S3-A6ZG,4,inner_train
HRD_Score,TCGA-E2-A1LA,4,inner_train
HRD_Score,TCGA-AC-A8OS,4,inner_train
HRD_Score,TCGA-E2-A15D,4,inner_train
HRD_Score,TCGA-D8-A1XW,4,inner_train
HRD_Score,TCGA-D8-A1JF,4,inner_train
HRD_Score,TCGA-E2-A1IE,4,inner_train
HRD_Score,TCGA-AC-A5EH,4,inner_train
HRD_Score,TCGA-A2-A1G4,4,inner_train
HRD_Score,TCGA-A2-A0CU,4,inner_train
HRD_Score,TCGA-C8-A130,4,inner_train
HRD_Score,TCGA-E2-A14R,4,inner_train
HRD_Score,TCGA-EW-A1P1,4,inner_train
HRD_Score,TCGA-E9-A1RH,4,inner_train
HRD_Score,TCGA-AR-A1AQ,4,inner_train
HRD_Score,TCGA-E9-A2JT,4,inner_train
HRD_Score,TCGA-E9-A1NH,4,inner_train
HRD_Score,TCGA-AC-A2QH,4,inner_train
HRD_Score,TCGA-D8-A27W,4,inner_train
HRD_Score,TCGA-D8-A27N,4,inner_train
HRD_Score,TCGA-AR-A1AI,4,inner_train
HRD_Score,TCGA-LL-A7T0,4,inner_train
HRD_Score,TCGA-AN-A0AM,4,inner_train
HRD_Score,TCGA-B6-A0RP,4,inner_train
HRD_Score,TCGA-AO-A0J8,4,inner_train
HRD_Score,TCGA-A2-A0T3,4,inner_train
HRD_Score,TCGA-B6-A0WY,4,inner_train
HRD_Score,TCGA-A2-A0ES,4,inner_train
HRD_Score,TCGA-E2-A150,4,inner_train
HRD_Score,TCGA-AC-A8OR,4,inner_train
HRD_Score,TCGA-OL-A66K,4,inner_train
HRD_Score,TCGA-AO-A03P,4,inner_train
HRD_Score,TCGA-C8-A12Z,4,inner_train
HRD_Score,TCGA-A8-A079,4,inner_train
HRD_Score,TCGA-A2-A0D0,4,inner_train
HRD_Score,TCGA-A2-A25E,4,inner_train
HRD_Score,TCGA-BH-A204,4,inner_train
HRD_Score,TCGA-E2-A1L6,4,inner_train
HRD_Score,TCGA-B6-A0WT,4,inner_train
HRD_Score,TCGA-A8-A09W,4,inner_train
HRD_Score,TCGA-BH-A18J,4,inner_train
HRD_Score,TCGA-BH-A0DH,4,inner_train
HRD_Score,TCGA-E2-A14O,4,inner_train
HRD_Score,TCGA-HN-A2OB,4,inner_train
HRD_Score,TCGA-AR-A0TV,4,inner_train
HRD_Score,TCGA-A2-A3KD,4,inner_train
HRD_Score,TCGA-AO-A0J2,4,inner_train
HRD_Score,TCGA-AR-A24X,4,inner_train
HRD_Score,TCGA-E9-A1RF,4,inner_train
HRD_Score,TCGA-OL-A5D6,4,inner_train
HRD_Score,TCGA-BH-AB28,4,inner_train
HRD_Score,TCGA-AO-A0J9,4,inner_train
HRD_Score,TCGA-EW-A1J6,4,inner_train
HRD_Score,TCGA-D8-A1XK,4,inner_train
HRD_Score,TCGA-E2-A15G,4,inner_train
HRD_Score,TCGA-A2-A259,4,inner_train
HRD_Score,TCGA-AN-A0FZ,4,inner_train
HRD_Score,TCGA-V7-A7HQ,4,inner_train
HRD_Score,TCGA-D8-A27P,4,inner_train
HRD_Score,TCGA-AN-A03Y,4,inner_train
HRD_Score,TCGA-AR-A24P,4,inner_train
HRD_Score,TCGA-D8-A1JU,4,inner_train
HRD_Score,TCGA-A2-A1FV,4,inner_train
HRD_Score,TCGA-A8-A0A1,4,inner_train
HRD_Score,TCGA-BH-A18N,4,inner_train
HRD_Score,TCGA-E2-A1IG,4,inner_train
HRD_Score,TCGA-GM-A2DK,4,inner_train
HRD_Score,TCGA-E9-A1R3,4,inner_train
HRD_Score,TCGA-D8-A1XF,4,inner_train
HRD_Score,TCGA-EW-A1OV,4,inner_train
HRD_Score,TCGA-BH-A42V,4,inner_train
HRD_Score,TCGA-OL-A97C,4,inner_train
HRD_Score,TCGA-E2-A1BC,4,inner_train
HRD_Score,TCGA-A2-A0YD,4,inner_train
HRD_Score,TCGA-D8-A4Z1,4,inner_train
HRD_Score,TCGA-OK-A5Q2,4,inner_train
HRD_Score,TCGA-A8-A082,4,inner_train
HRD_Score,TCGA-E9-A22E,4,inner_train
HRD_Score,TCGA-OL-A5RW,4,inner_train
HRD_Score,TCGA-A2-A0CX,4,inner_train
HRD_Score,TCGA-AO-A0J7,4,inner_train
HRD_Score,TCGA-A2-A0EV,4,inner_train
HRD_Score,TCGA-AQ-A1H2,4,inner_train
HRD_Score,TCGA-EW-A1OY,4,inner_train
HRD_Score,TCGA-D8-A1X7,4,inner_train
HRD_Score,TCGA-E9-A295,4,inner_train
HRD_Score,TCGA-BH-A1EO,4,inner_train
HRD_Score,TCGA-AO-A0J4,4,inner_train
HRD_Score,TCGA-AR-A24Q,4,inner_train
HRD_Score,TCGA-D8-A145,4,inner_train
HRD_Score,TCGA-WT-AB44,4,inner_train
HRD_Score,TCGA-AN-A0FS,4,inner_train
HRD_Score,TCGA-OL-A5RV,4,inner_train
HRD_Score,TCGA-B6-A1KF,4,inner_train
HRD_Score,TCGA-AQ-A1H3,4,inner_train
HRD_Score,TCGA-E2-A15M,4,inner_train
HRD_Score,TCGA-BH-A1EY,4,inner_train
HRD_Score,TCGA-OL-A5RX,4,inner_train
HRD_Score,TCGA-GM-A2DC,4,inner_train
HRD_Score,TCGA-AN-A04D,4,inner_train
HRD_Score,TCGA-AO-A124,4,inner_train
HRD_Score,TCGA-D8-A1JH,4,inner_train
HRD_Score,TCGA-AN-A0AS,4,inner_train
HRD_Score,TCGA-A2-A1FZ,4,inner_train
HRD_Score,TCGA-BH-A0C3,4,inner_train
HRD_Score,TCGA-A2-A4S1,4,inner_train
HRD_Score,TCGA-C8-A1HM,4,inner_train
HRD_Score,TCGA-S3-AA14,4,inner_train
HRD_Score,TCGA-E9-A1NI,4,inner_train
HRD_Score,TCGA-D8-A1JN,4,inner_train
HRD_Score,TCGA-E9-A1NC,4,inner_train
HRD_Score,TCGA-E2-A9RU,4,inner_train
HRD_Score,TCGA-E2-A10A,4,inner_train
HRD_Score,TCGA-BH-A203,4,inner_train
HRD_Score,TCGA-EW-A1P3,4,inner_train
HRD_Score,TCGA-C8-A278,4,inner_train
HRD_Score,TCGA-AR-A5QN,4,inner_train
HRD_Score,TCGA-E2-A1AZ,4,inner_train
HRD_Score,TCGA-A1-A0SD,4,inner_train
HRD_Score,TCGA-AO-A12D,4,inner_train
HRD_Score,TCGA-BH-A0DT,4,inner_train
HRD_Score,TCGA-C8-A1HJ,4,inner_train
HRD_Score,TCGA-AR-A0TT,4,inner_train
HRD_Score,TCGA-AR-A1AN,4,inner_train
HRD_Score,TCGA-C8-A12L,4,inner_train
HRD_Score,TCGA-A2-A0YK,4,inner_train
HRD_Score,TCGA-PL-A8LV,4,inner_train
HRD_Score,TCGA-LL-A73Y,4,inner_train
HRD_Score,TCGA-C8-A1HG,4,inner_train
HRD_Score,TCGA-A7-A13E,4,inner_train
HRD_Score,TCGA-OL-A66H,4,inner_train
HRD_Score,TCGA-B6-A0RS,4,inner_train
HRD_Score,TCGA-E9-A1RE,4,inner_train
HRD_Score,TCGA-GM-A2DF,4,inner_train
HRD_Score,TCGA-AC-A5XU,4,inner_train
HRD_Score,TCGA-AR-A2LO,4,inner_train
HRD_Score,TCGA-B6-A0X5,4,inner_train
HRD_Score,TCGA-E2-A1IK,4,inner_train
HRD_Score,TCGA-AQ-A04H,4,inner_train
HRD_Score,TCGA-B6-A0IE,4,inner_train
HRD_Score,TCGA-BH-A0DQ,4,inner_train
HRD_Score,TCGA-BH-A201,4,inner_train
HRD_Score,TCGA-BH-A0EA,4,inner_train
HRD_Score,TCGA-E9-A24A,4,inner_train
HRD_Score,TCGA-BH-A0HX,4,inner_train
HRD_Score,TCGA-AN-A046,4,inner_train
HRD_Score,TCGA-BH-A1EX,4,inner_train
HRD_Score,TCGA-A2-A0EX,4,inner_train
HRD_Score,TCGA-BH-A209,4,inner_train
HRD_Score,TCGA-AO-A1KR,4,inner_train
HRD_Score,TCGA-A2-A0EU,4,inner_train
HRD_Score,TCGA-A8-A093,4,inner_train
HRD_Score,TCGA-A2-A0EM,4,inner_train
HRD_Score,TCGA-A2-A0YG,4,inner_train
HRD_Score,TCGA-A7-A6VW,4,inner_train
HRD_Score,TCGA-S3-AA17,4,inner_train
HRD_Score,TCGA-E9-A22G,4,inner_train
HRD_Score,TCGA-S3-AA0Z,4,inner_train
HRD_Score,TCGA-B6-A0WW,4,inner_train
HRD_Score,TCGA-E2-A1LL,4,inner_train
HRD_Score,TCGA-C8-A8HP,4,inner_train
HRD_Score,TCGA-EW-A1OX,4,inner_train
HRD_Score,TCGA-A8-A0A4,4,inner_train
HRD_Score,TCGA-A8-A09Z,4,inner_train
HRD_Score,TCGA-AN-A0AJ,4,inner_train
HRD_Score,TCGA-BH-A0AU,4,inner_train
HRD_Score,TCGA-AR-A24S,4,inner_train
HRD_Score,TCGA-BH-A18L,4,inner_train
HRD_Score,TCGA-BH-A0HA,4,inner_train
HRD_Score,TCGA-A8-A09C,4,inner_train
HRD_Score,TCGA-PE-A5DE,4,inner_train
HRD_Score,TCGA-BH-A1FN,4,inner_train
HRD_Score,TCGA-E9-A22D,4,inner_train
HRD_Score,TCGA-A1-A0SB,4,inner_train
HRD_Score,TCGA-D8-A147,4,inner_train
HRD_Score,TCGA-A8-A07P,4,inner_train
HRD_Score,TCGA-D8-A1J8,4,inner_train
HRD_Score,TCGA-AC-A4ZE,4,inner_train
HRD_Score,TCGA-A2-A0CT,4,inner_train
HRD_Score,TCGA-AC-A23E,4,inner_train
HRD_Score,TCGA-E9-A226,4,inner_train
HRD_Score,TCGA-D8-A1XB,4,inner_train
HRD_Score,TCGA-E2-A153,4,inner_train
HRD_Score,TCGA-BH-A0E7,4,inner_train
HRD_Score,TCGA-AR-A0TZ,4,inner_train
HRD_Score,TCGA-AN-A03X,4,inner_train
HRD_Score,TCGA-AC-A2FO,4,inner_train
HRD_Score,TCGA-OL-A66J,4,inner_train
HRD_Score,TCGA-EW-A6SB,4,inner_train
HRD_Score,TCGA-PE-A5DD,4,inner_train
HRD_Score,TCGA-BH-A0BA,4,inner_train
HRD_Score,TCGA-BH-A0DO,4,inner_train
HRD_Score,TCGA-D8-A1JA,4,inner_train
HRD_Score,TCGA-AO-A03R,4,inner_train
HRD_Score,TCGA-BH-A18R,4,inner_train
HRD_Score,TCGA-E9-A1RD,4,inner_train
HRD_Score,TCGA-B6-A0I2,4,inner_train
HRD_Score,TCGA-AO-A0JF,4,inner_train
HRD_Score,TCGA-BH-A0HW,4,inner_train
HRD_Score,TCGA-D8-A27K,4,inner_train
HRD_Score,TCGA-EW-A1PB,4,inner_train
HRD_Score,TCGA-E2-A1IF,4,inner_train
HRD_Score,TCGA-BH-A18K,4,inner_train
HRD_Score,TCGA-BH-A0E9,4,inner_train
HRD_Score,TCGA-BH-A0BZ,4,inner_train
HRD_Score,TCGA-AC-A2FB,4,inner_train
HRD_Score,TCGA-A7-A0CH,4,inner_train
HRD_Score,TCGA-D8-A1XQ,4,inner_train
HRD_Score,TCGA-EW-A1J1,4,inner_train
HRD_Score,TCGA-A8-A06Y,4,inner_train
HRD_Score,TCGA-AC-A8OP,4,inner_train
HRD_Score,TCGA-D8-A13Y,4,inner_train
HRD_Score,TCGA-C8-A12U,4,inner_train
HRD_Score,TCGA-D8-A1XM,4,inner_train
HRD_Score,TCGA-C8-A132,4,inner_train
HRD_Score,TCGA-A2-A0EY,4,inner_train
HRD_Score,TCGA-C8-A26W,4,inner_train
HRD_Score,TCGA-A8-A08X,4,inner_train
HRD_Score,TCGA-AR-A0U0,4,inner_train
HRD_Score,TCGA-C8-A12Y,4,inner_train
HRD_Score,TCGA-AO-A128,4,inner_train
HRD_Score,TCGA-BH-A18Q,4,inner_train
HRD_Score,TCGA-BH-A0DI,4,inner_train
HRD_Score,TCGA-E2-A1L9,4,inner_train
HRD_Score,TCGA-S3-A6ZF,4,inner_train
HRD_Score,TCGA-C8-A135,4,inner_train
HRD_Score,TCGA-C8-A12Q,4,inner_train
HRD_Score,TCGA-W8-A86G,4,inner_train
HRD_Score,TCGA-B6-A2IU,4,inner_train
HRD_Score,TCGA-D8-A1XL,4,inner_train
HRD_Score,TCGA-A8-A07Z,4,inner_train
HRD_Score,TCGA-AC-A7VC,4,inner_train
HRD_Score,TCGA-A7-A0CJ,4,inner_train
HRD_Score,TCGA-AR-A0TP,4,inner_train
HRD_Score,TCGA-E2-A14X,4,inner_train
HRD_Score,TCGA-OL-A66I,4,inner_train
HRD_Score,TCGA-A8-A07O,4,inner_train
HRD_Score,TCGA-EW-A1OZ,4,inner_train
HRD_Score,TCGA-D8-A27F,4,inner_train
HRD_Score,TCGA-E2-A570,4,inner_train
HRD_Score,TCGA-S3-A6ZH,4,inner_train
HRD_Score,TCGA-D8-A1Y3,4,inner_train
HRD_Score,TCGA-A2-A0YM,4,inner_train
HRD_Score,TCGA-AO-A03L,4,inner_train
HRD_Score,TCGA-E2-A1B0,4,inner_train
HRD_Score,TCGA-D8-A1JM,4,inner_train
HRD_Score,TCGA-A8-A08Z,4,inner_train
HRD_Score,TCGA-A2-A0T1,4,inner_train
HRD_Score,TCGA-D8-A1JS,4,inner_train
HRD_Score,TCGA-A8-A08R,4,inner_train
HRD_Score,TCGA-AO-A03O,4,inner_train
HRD_Score,TCGA-A8-A09M,4,inner_train
HRD_Score,TCGA-A2-A0YF,4,inner_train
HRD_Score,TCGA-A7-A26H,4,inner_train
HRD_Score,TCGA-A1-A0SK,4,inner_train
HRD_Score,TCGA-D8-A27V,4,inner_train
HRD_Score,TCGA-AO-A0JD,4,inner_train
HRD_Score,TCGA-B6-A0RI,4,inner_train
HRD_Score,TCGA-A2-A0CR,4,inner_train
HRD_Score,TCGA-BH-A1F0,4,inner_train
HRD_Score,TCGA-BH-A0HU,4,inner_train
HRD_Score,TCGA-GM-A2DD,4,inner_train
HRD_Score,TCGA-E9-A1R7,4,inner_train
HRD_Score,TCGA-AO-A03T,4,inner_train
HRD_Score,TCGA-BH-A1FC,4,inner_train
HRD_Score,TCGA-PL-A8LX,4,inner_train
HRD_Score,TCGA-AN-A0FV,4,inner_train
HRD_Score,TCGA-AR-A1AK,4,inner_train
HRD_Score,TCGA-D8-A1Y1,4,inner_train
HRD_Score,TCGA-B6-A0IB,4,inner_train
HRD_Score,TCGA-A8-A08L,4,inner_train
HRD_Score,TCGA-BH-A0H6,4,inner_train
HRD_Score,TCGA-E9-A229,4,inner_train
HRD_Score,TCGA-E9-A1N3,4,inner_train
HRD_Score,TCGA-B6-A0RL,4,inner_train
HRD_Score,TCGA-BH-A8FY,4,inner_train
HRD_Score,TCGA-BH-A0AY,4,inner_train
HRD_Score,TCGA-E2-A15J,4,inner_train
HRD_Score,TCGA-OL-A5S0,4,inner_train
HRD_Score,TCGA-AN-A0AR,4,inner_train
HRD_Score,TCGA-C8-A133,4,inner_train
HRD_Score,TCGA-EW-A1J3,4,inner_train
HRD_Score,TCGA-AR-A24O,4,inner_train
HRD_Score,TCGA-A2-A0D1,4,inner_train
HRD_Score,TCGA-BH-A0DX,4,inner_train
HRD_Score,TCGA-LD-A7W5,4,inner_train
HRD_Score,TCGA-A8-A08G,4,inner_train
HRD_Score,TCGA-A2-A0YJ,4,inner_train
HRD_Score,TCGA-HN-A2NL,4,inner_train
HRD_Score,TCGA-E9-A5FL,4,inner_train
HRD_Score,TCGA-BH-A0BT,4,inner_train
HRD_Score,TCGA-E9-A1NG,4,inner_train
HRD_Score,TCGA-AR-A256,4,inner_train
HRD_Score,TCGA-BH-A0BP,4,inner_train
HRD_Score,TCGA-OL-A5RZ,4,inner_train
HRD_Score,TCGA-E2-A1IO,4,inner_train
HRD_Score,TCGA-E9-A1R5,4,inner_train
HRD_Score,TCGA-E2-A15C,4,inner_train
HRD_Score,TCGA-E2-A1B5,4,inner_train
HRD_Score,TCGA-E2-A154,4,inner_train
HRD_Score,TCGA-LL-A5YL,4,inner_train
HRD_Score,TCGA-A2-A3Y0,4,inner_train
HRD_Score,TCGA-E9-A227,4,inner_train
HRD_Score,TCGA-D8-A1JT,4,inner_train
HRD_Score,TCGA-AC-A3YI,4,inner_train
HRD_Score,TCGA-A8-A090,4,inner_train
HRD_Score,TCGA-A2-A0CV,4,inner_train
HRD_Score,TCGA-E2-A56Z,4,inner_train
HRD_Score,TCGA-D8-A27H,4,inner_train
HRD_Score,TCGA-A8-A08O,4,inner_train
HRD_Score,TCGA-D8-A1XZ,4,inner_train
HRD_Score,TCGA-BH-A18U,4,inner_train
HRD_Score,TCGA-B6-A40C,4,inner_train
HRD_Score,TCGA-LD-A7W6,4,inner_train
HRD_Score,TCGA-A2-A04V,4,inner_train
HRD_Score,TCGA-EW-A1PH,4,inner_train
HRD_Score,TCGA-A8-A08T,4,inner_train
HRD_Score,TCGA-D8-A1JK,4,inner_train
HRD_Score,TCGA-B6-A0RH,4,inner_train
HRD_Score,TCGA-XX-A89A,4,inner_train
HRD_Score,TCGA-E9-A1RB,4,inner_train
HRD_Score,TCGA-D8-A73X,4,inner_train
HRD_Score,TCGA-BH-A0BL,4,inner_train
HRD_Score,TCGA-A8-A09N,4,inner_train
HRD_Score,TCGA-A7-A0D9,4,inner_train
HRD_Score,TCGA-A2-A0SY,4,inner_train
HRD_Score,TCGA-BH-A0EE,4,inner_train
HRD_Score,TCGA-BH-A18P,4,inner_train
HRD_Score,TCGA-A8-A06Q,4,inner_train
HRD_Score,TCGA-BH-A202,4,inner_train
HRD_Score,TCGA-A8-A07I,4,inner_train
HRD_Score,TCGA-A2-A25A,4,inner_train
HRD_Score,TCGA-A8-A06Z,4,inner_train
HRD_Score,TCGA-AR-A2LH,4,inner_train
HRD_Score,TCGA-E9-A3X8,4,inner_train
HRD_Score,TCGA-LL-A5YN,4,inner_train
HRD_Score,TCGA-D8-A1J9,4,inner_train
HRD_Score,TCGA-A8-A08H,4,inner_train
HRD_Score,TCGA-LL-A5YP,4,inner_train
HRD_Score,TCGA-A2-A04U,4,inner_train
HRD_Score,TCGA-BH-A1FL,4,inner_train
HRD_Score,TCGA-A2-A04Q,4,inner_train
HRD_Score,TCGA-AR-A0TY,4,inner_train
HRD_Score,TCGA-C8-A26Z,4,inner_train
HRD_Score,TCGA-E9-A1NA,4,inner_val
HRD_Score,TCGA-A7-A5ZW,4,inner_val
HRD_Score,TCGA-BH-A18G,4,inner_val
HRD_Score,TCGA-AR-A5QQ,4,inner_val
HRD_Score,TCGA-A8-A07L,4,inner_val
HRD_Score,TCGA-BH-A0H7,4,inner_val
HRD_Score,TCGA-EW-A1P8,4,inner_val
HRD_Score,TCGA-AR-A1AP,4,inner_val
HRD_Score,TCGA-AR-A0TS,4,inner_val
HRD_Score,TCGA-A8-A09Q,4,inner_val
HRD_Score,TCGA-D8-A1JC,4,inner_val
HRD_Score,TCGA-AO-A0J6,4,inner_val
HRD_Score,TCGA-A2-A0T5,4,inner_val
HRD_Score,TCGA-LL-A9Q3,4,inner_val
HRD_Score,TCGA-A8-A0A6,4,inner_val
HRD_Score,TCGA-A8-A0A2,4,inner_val
HRD_Score,TCGA-D8-A1JD,4,inner_val
HRD_Score,TCGA-AC-A23H,4,inner_val
HRD_Score,TCGA-LL-A7SZ,4,inner_val
HRD_Score,TCGA-A2-A0T6,4,inner_val
HRD_Score,TCGA-AR-A1AR,4,inner_val
HRD_Score,TCGA-A8-A076,4,inner_val
HRD_Score,TCGA-C8-A26V,4,inner_val
HRD_Score,TCGA-EW-A1P5,4,inner_val
HRD_Score,TCGA-AN-A0XT,4,inner_val
HRD_Score,TCGA-C8-A273,4,inner_val
HRD_Score,TCGA-A7-A26I,4,inner_val
HRD_Score,TCGA-B6-A1KC,4,inner_val
HRD_Score,TCGA-AR-A2LN,4,inner_val
HRD_Score,TCGA-A7-A0CG,4,inner_val
HRD_Score,TCGA-AR-A24R,4,inner_val
HRD_Score,TCGA-A2-A0T0,4,inner_val
HRD_Score,TCGA-A2-A4S3,4,inner_val
HRD_Score,TCGA-BH-A0BC,4,inner_val
HRD_Score,TCGA-BH-A0GY,4,inner_val
HRD_Score,TCGA-B6-A0RO,4,inner_val
HRD_Score,TCGA-PL-A8LY,4,inner_val
HRD_Score,TCGA-A7-A4SE,4,inner_val
HRD_Score,TCGA-AC-A5XS,4,inner_val
HRD_Score,TCGA-A8-A0A7,4,inner_val
HRD_Score,TCGA-BH-A1F2,4,inner_val
HRD_Score,TCGA-A2-A0T2,4,inner_val
HRD_Score,TCGA-D8-A1JG,4,inner_val
HRD_Score,TCGA-AO-A0JG,4,inner_val
HRD_Score,TCGA-WT-AB41,4,inner_val
HRD_Score,TCGA-AN-A049,4,inner_val
HRD_Score,TCGA-D8-A27E,4,inner_val
HRD_Score,TCGA-BH-A5IZ,4,inner_val
HRD_Score,TCGA-A2-A0SU,4,inner_val
HRD_Score,TCGA-BH-A1EU,4,inner_val
HRD_Score,TCGA-E9-A6HE,4,inner_val
HRD_Score,TCGA-A2-A0CW,4,inner_val
HRD_Score,TCGA-BH-A6R9,4,inner_val
HRD_Score,TCGA-B6-A0RU,4,inner_val
HRD_Score,TCGA-A8-A07J,4,inner_val
HRD_Score,TCGA-C8-A131,4,inner_val
HRD_Score,TCGA-GM-A2DH,4,inner_val
HRD_Score,TCGA-E2-A15O,4,inner_val
HRD_Score,TCGA-AO-A03V,4,inner_val
HRD_Score,TCGA-GM-A2DM,4,inner_val
HRD_Score,TCGA-A8-A09B,4,inner_val
HRD_Score,TCGA-GM-A2DN,4,inner_val
HRD_Score,TCGA-AN-A0FK,4,inner_val
HRD_Score,TCGA-AR-A1AY,4,inner_val
HRD_Score,TCGA-AQ-A04J,4,inner_val
HRD_Score,TCGA-AR-A251,4,inner_val
HRD_Score,TCGA-E2-A15E,4,inner_val
HRD_Score,TCGA-E2-A573,4,inner_val
HRD_Score,TCGA-BH-A1FM,4,inner_val
HRD_Score,TCGA-AR-A1AW,4,inner_val
HRD_Score,TCGA-5T-A9QA,4,inner_val
HRD_Score,TCGA-D8-A1XY,4,inner_val
HRD_Score,TCGA-A2-A04P,4,inner_val
HRD_Score,TCGA-LL-A6FR,4,inner_val
HRD_Score,TCGA-C8-A12O,4,inner_val
HRD_Score,TCGA-AR-A252,4,inner_val
HRD_Score,TCGA-B6-A0I9,4,inner_val
HRD_Score,TCGA-OL-A5RU,4,inner_val
HRD_Score,TCGA-A2-A04N,4,inner_val
HRD_Score,TCGA-E2-A155,4,inner_val
HRD_Score,TCGA-A7-A5ZV,4,inner_val
HRD_Score,TCGA-D8-A27T,4,inner_val
HRD_Score,TCGA-A2-A0D4,4,inner_val
HRD_Score,TCGA-E9-A1NE,4,inner_val
HRD_Score,TCGA-E9-A228,4,inner_val
HRD_Score,TCGA-OL-A6VQ,4,inner_val
HRD_Score,TCGA-BH-A0HK,4,inner_val
HRD_Score,TCGA-A8-A096,4,inner_val
HRD_Score,TCGA-B6-A0X0,4,inner_val
HRD_Score,TCGA-BH-A0DE,4,inner_val
HRD_Score,TCGA-A2-A0SW,4,inner_val
HRD_Score,TCGA-D8-A1XR,4,inner_val
HRD_Score,TCGA-UU-A93S,4,inner_val
HRD_Score,TCGA-E2-A1LH,4,inner_val
HRD_Score,TCGA-A7-A26E,4,inner_val
HRD_Score,TCGA-E2-A156,4,inner_val
HRD_Score,TCGA-D8-A141,4,inner_val
HRD_Score,TCGA-E2-A576,4,inner_val
HRD_Score,TCGA-BH-A8FZ,4,inner_val
HRD_Score,TCGA-E2-A1IJ,4,inner_val
HRD_Score,TCGA-D8-A1XV,4,inner_val
HRD_Score,TCGA-C8-A26X,4,inner_val
HRD_Score,TCGA-BH-A0DZ,4,inner_val
HRD_Score,TCGA-A2-A3XU,4,inner_val
HRD_Score,TCGA-AR-A0TR,4,inner_val
HRD_Score,TCGA-BH-A1EW,4,inner_val
HRD_Score,TCGA-AO-A0JM,4,inner_val
HRD_Score,TCGA-E2-A1IU,4,inner_val
HRD_Score,TCGA-E2-A159,4,inner_val
HRD_Score,TCGA-AR-A24N,4,inner_val
HRD_Score,TCGA-AR-A24L,4,inner_val
HRD_Score,TCGA-BH-A0HI,4,inner_val
HRD_Score,TCGA-AO-A0JJ,4,inner_val
HRD_Score,TCGA-AR-A1AH,4,inner_val
HRD_Score,TCGA-BH-A0W3,4,inner_val
HRD_Score,TCGA-AN-A04C,4,inner_val
HRD_Score,TCGA-A7-A6VX,4,inner_val
HRD_Score,TCGA-AN-A0XR,4,inner_val
HRD_Score,TCGA-A8-A094,4,inner_val
HRD_Score,TCGA-E9-A1RG,4,inner_val
HRD_Score,TCGA-AC-A6IX,4,inner_val
HRD_Score,TCGA-BH-A18H,4,inner_val
HRD_Score,TCGA-B6-A0RN,4,inner_val
HRD_Score,TCGA-AN-A0FJ,4,inner_val
HRD_Score,TCGA-C8-A275,4,inner_val
HRD_Score,TCGA-EW-A2FS,4,inner_val
HRD_Score,TCGA-AO-A0JE,4,inner_val
HRD_Score,TCGA-AR-A0TW,4,inner_val
HRD_Score,TCGA-AN-A041,4,inner_val
HRD_Score,TCGA-A7-A26J,4,inner_val
HRD_Score,TCGA-E9-A22B,4,inner_val
HRD_Score,TCGA-D8-A1JI,4,inner_val
HRD_Score,TCGA-A2-A0CM,4,inner_val
HRD_Score,TCGA-D8-A143,4,inner_val
HRD_Score,TCGA-BH-A0DG,4,inner_val
HRD_Score,TCGA-BH-A0BO,4,inner_val
HRD_Score,TCGA-AR-A1AU,4,inner_val
HRD_Score,TCGA-BH-A1FG,4,inner_val
HRD_Score,TCGA-A2-A0SX,4,inner_val
HRD_Score,TCGA-BH-A0EB,4,inner_val
HRD_Score,TCGA-BH-A0B3,4,inner_val
HRD_Score,TCGA-OL-A66N,4,inner_val
HRD_Score,TCGA-GM-A5PX,4,inner_val
HRD_Score,TCGA-BH-A1FJ,4,inner_val
HRD_Score,TCGA-A8-A08B,4,inner_val
HRD_Score,TCGA-A2-A0YL,4,inner_val
HRD_Score,TCGA-A1-A0SF,4,inner_val
HRD_Score,TCGA-BH-A0B7,4,inner_val
HRD_Score,TCGA-AR-A24W,4,inner_val
HRD_Score,TCGA-D8-A1XO,4,inner_val
HRD_Score,TCGA-A2-A0T4,4,inner_val
HRD_Score,TCGA-A7-A0DB,4,inner_val
HRD_Score,TCGA-E2-A15I,4,inner_val
HRD_Score,TCGA-A2-A0CS,4,inner_val
HRD_Score,TCGA-AN-A0AT,4,inner_val
HRD_Score,TCGA-3C-AALJ,4,test
HRD_Score,TCGA-5L-AAT0,4,test
HRD_Score,TCGA-A1-A0SE,4,test
HRD_Score,TCGA-A1-A0SG,4,test
HRD_Score,TCGA-A1-A0SI,4,test
HRD_Score,TCGA-A1-A0SJ,4,test
HRD_Score,TCGA-A1-A0SQ,4,test
HRD_Score,TCGA-A2-A04Y,4,test
HRD_Score,TCGA-A2-A0D3,4,test
HRD_Score,TCGA-A2-A0EW,4,test
HRD_Score,TCGA-A2-A0T7,4,test
HRD_Score,TCGA-A2-A0YT,4,test
HRD_Score,TCGA-A2-A1FX,4,test
HRD_Score,TCGA-A2-A1G0,4,test
HRD_Score,TCGA-A2-A1G1,4,test
HRD_Score,TCGA-A2-A25D,4,test
HRD_Score,TCGA-A7-A0CE,4,test
HRD_Score,TCGA-A7-A5ZX,4,test
HRD_Score,TCGA-A7-A6VY,4,test
HRD_Score,TCGA-A8-A06R,4,test
HRD_Score,TCGA-A8-A075,4,test
HRD_Score,TCGA-A8-A07B,4,test
HRD_Score,TCGA-A8-A083,4,test
HRD_Score,TCGA-A8-A095,4,test
HRD_Score,TCGA-A8-A097,4,test
HRD_Score,TCGA-A8-A099,4,test
HRD_Score,TCGA-A8-A09G,4,test
HRD_Score,TCGA-A8-A09T,4,test
HRD_Score,TCGA-A8-A09V,4,test
HRD_Score,TCGA-AC-A2FG,4,test
HRD_Score,TCGA-AC-A3OD,4,test
HRD_Score,TCGA-AC-A3QQ,4,test
HRD_Score,TCGA-AC-A62Y,4,test
HRD_Score,TCGA-AC-A6IW,4,test
HRD_Score,TCGA-AC-A6NO,4,test
HRD_Score,TCGA-AC-A8OQ,4,test
HRD_Score,TCGA-AN-A0AL,4,test
HRD_Score,TCGA-AN-A0FN,4,test
HRD_Score,TCGA-AN-A0FW,4,test
HRD_Score,TCGA-AN-A0FX,4,test
HRD_Score,TCGA-AN-A0FY,4,test
HRD_Score,TCGA-AN-A0XN,4,test
HRD_Score,TCGA-AN-A0XO,4,test
HRD_Score,TCGA-AN-A0XS,4,test
HRD_Score,TCGA-AO-A0J3,4,test
HRD_Score,TCGA-AO-A12A,4,test
HRD_Score,TCGA-AO-A12F,4,test
HRD_Score,TCGA-AO-A12H,4,test
HRD_Score,TCGA-AO-A1KP,4,test
HRD_Score,TCGA-AR-A1AJ,4,test
HRD_Score,TCGA-AR-A1AO,4,test
HRD_Score,TCGA-AR-A1AX,4,test
HRD_Score,TCGA-AR-A24U,4,test
HRD_Score,TCGA-AR-A24Z,4,test
HRD_Score,TCGA-AR-A250,4,test
HRD_Score,TCGA-AR-A254,4,test
HRD_Score,TCGA-AR-A5QM,4,test
HRD_Score,TCGA-AR-A5QP,4,test
HRD_Score,TCGA-B6-A0I5,4,test
HRD_Score,TCGA-B6-A0IC,4,test
HRD_Score,TCGA-B6-A0IH,4,test
HRD_Score,TCGA-B6-A0IJ,4,test
HRD_Score,TCGA-B6-A0RE,4,test
HRD_Score,TCGA-B6-A0RG,4,test
HRD_Score,TCGA-B6-A0RV,4,test
HRD_Score,TCGA-B6-A0WS,4,test
HRD_Score,TCGA-B6-A0WZ,4,test
HRD_Score,TCGA-B6-A401,4,test
HRD_Score,TCGA-B6-A409,4,test
HRD_Score,TCGA-BH-A0AV,4,test
HRD_Score,TCGA-BH-A0AW,4,test
HRD_Score,TCGA-BH-A0B5,4,test
HRD_Score,TCGA-BH-A0B9,4,test
HRD_Score,TCGA-BH-A0BJ,4,test
HRD_Score,TCGA-BH-A0BM,4,test
HRD_Score,TCGA-BH-A0DK,4,test
HRD_Score,TCGA-BH-A0DL,4,test
HRD_Score,TCGA-BH-A0DS,4,test
HRD_Score,TCGA-BH-A0DV,4,test
HRD_Score,TCGA-BH-A0E0,4,test
HRD_Score,TCGA-BH-A0E2,4,test
HRD_Score,TCGA-BH-A0HB,4,test
HRD_Score,TCGA-BH-A0HO,4,test
HRD_Score,TCGA-BH-A0HP,4,test
HRD_Score,TCGA-BH-A0HY,4,test
HRD_Score,TCGA-BH-A0WA,4,test
HRD_Score,TCGA-BH-A18F,4,test
HRD_Score,TCGA-BH-A18T,4,test
HRD_Score,TCGA-BH-A1EV,4,test
HRD_Score,TCGA-BH-A1FE,4,test
HRD_Score,TCGA-BH-A1FU,4,test
HRD_Score,TCGA-BH-A208,4,test
HRD_Score,TCGA-BH-A6R8,4,test
HRD_Score,TCGA-BH-A8G0,4,test
HRD_Score,TCGA-C8-A12N,4,test
HRD_Score,TCGA-C8-A12P,4,test
HRD_Score,TCGA-C8-A12W,4,test
HRD_Score,TCGA-C8-A137,4,test
HRD_Score,TCGA-C8-A1HE,4,test
HRD_Score,TCGA-C8-A1HF,4,test
HRD_Score,TCGA-C8-A1HK,4,test
HRD_Score,TCGA-C8-A1HL,4,test
HRD_Score,TCGA-C8-A26Y,4,test
HRD_Score,TCGA-C8-A27A,4,test
HRD_Score,TCGA-C8-A8HR,4,test
HRD_Score,TCGA-D8-A13Z,4,test
HRD_Score,TCGA-D8-A1JB,4,test
HRD_Score,TCGA-D8-A1JJ,4,test
HRD_Score,TCGA-D8-A1X9,4,test
HRD_Score,TCGA-D8-A1XG,4,test
HRD_Score,TCGA-D8-A1XJ,4,test
HRD_Score,TCGA-D8-A1XT,4,test
HRD_Score,TCGA-D8-A1Y0,4,test
HRD_Score,TCGA-D8-A27L,4,test
HRD_Score,TCGA-D8-A27M,4,test
HRD_Score,TCGA-D8-A73U,4,test
HRD_Score,TCGA-E2-A10C,4,test
HRD_Score,TCGA-E2-A14Q,4,test
HRD_Score,TCGA-E2-A14Y,4,test
HRD_Score,TCGA-E2-A158,4,test
HRD_Score,TCGA-E2-A15K,4,test
HRD_Score,TCGA-E2-A15T,4,test
HRD_Score,TCGA-E2-A1L8,4,test
HRD_Score,TCGA-E9-A1N8,4,test
HRD_Score,TCGA-E9-A1N9,4,test
HRD_Score,TCGA-E9-A1R6,4,test
HRD_Score,TCGA-E9-A1RA,4,test
HRD_Score,TCGA-E9-A22A,4,test
HRD_Score,TCGA-E9-A244,4,test
HRD_Score,TCGA-E9-A245,4,test
HRD_Score,TCGA-E9-A247,4,test
HRD_Score,TCGA-E9-A248,4,test
HRD_Score,TCGA-E9-A2JS,4,test
HRD_Score,TCGA-E9-A5UO,4,test
HRD_Score,TCGA-EW-A1IW,4,test
HRD_Score,TCGA-EW-A1IY,4,test
HRD_Score,TCGA-EW-A1IZ,4,test
HRD_Score,TCGA-EW-A1P6,4,test
HRD_Score,TCGA-EW-A1PG,4,test
HRD_Score,TCGA-EW-A2FV,4,test
HRD_Score,TCGA-EW-A6SD,4,test
HRD_Score,TCGA-LD-A66U,4,test
HRD_Score,TCGA-LL-A5YM,4,test
HRD_Score,TCGA-LL-A6FQ,4,test
HRD_Score,TCGA-LL-A73Z,4,test
HRD_Score,TCGA-OL-A5D7,4,test
HRD_Score,TCGA-OL-A5D8,4,test
HRD_Score,TCGA-OL-A5RY,4,test
HRD_Score,TCGA-OL-A66L,4,test
HRD_Score,TCGA-OL-A6VO,4,test
HRD_Score,TCGA-OL-A6VR,4,test
HRD_Score,TCGA-S3-AA10,4,test
HRD_Score,TCGA-S3-AA12,4,test
HRD_Score,TCGA-XX-A899,4,test
HRD_Score,TCGA-3C-AALI,5,train
HRD_Score,TCGA-3C-AALJ,5,train
HRD_Score,TCGA-5L-AAT0,5,train
HRD_Score,TCGA-5T-A9QA,5,train
HRD_Score,TCGA-A1-A0SE,5,train
HRD_Score,TCGA-A1-A0SF,5,train
HRD_Score,TCGA-A1-A0SG,5,train
HRD_Score,TCGA-A1-A0SI,5,train
HRD_Score,TCGA-A1-A0SJ,5,train
HRD_Score,TCGA-A1-A0SK,5,train
HRD_Score,TCGA-A1-A0SO,5,train
HRD_Score,TCGA-A1-A0SQ,5,train
HRD_Score,TCGA-A2-A04N,5,train
HRD_Score,TCGA-A2-A04Q,5,train
HRD_Score,TCGA-A2-A04R,5,train
HRD_Score,TCGA-A2-A04T,5,train
HRD_Score,TCGA-A2-A04U,5,train
HRD_Score,TCGA-A2-A04V,5,train
HRD_Score,TCGA-A2-A04W,5,train
HRD_Score,TCGA-A2-A04Y,5,train
HRD_Score,TCGA-A2-A0CM,5,train
HRD_Score,TCGA-A2-A0CR,5,train
HRD_Score,TCGA-A2-A0CS,5,train
HRD_Score,TCGA-A2-A0CU,5,train
HRD_Score,TCGA-A2-A0CV,5,train
HRD_Score,TCGA-A2-A0D0,5,train
HRD_Score,TCGA-A2-A0D1,5,train
HRD_Score,TCGA-A2-A0D3,5,train
HRD_Score,TCGA-A2-A0EN,5,train
HRD_Score,TCGA-A2-A0ES,5,train
HRD_Score,TCGA-A2-A0EU,5,train
HRD_Score,TCGA-A2-A0EV,5,train
HRD_Score,TCGA-A2-A0EW,5,train
HRD_Score,TCGA-A2-A0EX,5,train
HRD_Score,TCGA-A2-A0EY,5,train
HRD_Score,TCGA-A2-A0SU,5,train
HRD_Score,TCGA-A2-A0SX,5,train
HRD_Score,TCGA-A2-A0SY,5,train
HRD_Score,TCGA-A2-A0T0,5,train
HRD_Score,TCGA-A2-A0T1,5,train
HRD_Score,TCGA-A2-A0T2,5,train
HRD_Score,TCGA-A2-A0T3,5,train
HRD_Score,TCGA-A2-A0T4,5,train
HRD_Score,TCGA-A2-A0T5,5,train
HRD_Score,TCGA-A2-A0T6,5,train
HRD_Score,TCGA-A2-A0T7,5,train
HRD_Score,TCGA-A2-A0YC,5,train
HRD_Score,TCGA-A2-A0YD,5,train
HRD_Score,TCGA-A2-A0YE,5,train
HRD_Score,TCGA-A2-A0YF,5,train
HRD_Score,TCGA-A2-A0YG,5,train
HRD_Score,TCGA-A2-A0YH,5,train
HRD_Score,TCGA-A2-A0YJ,5,train
HRD_Score,TCGA-A2-A0YK,5,train
HRD_Score,TCGA-A2-A0YM,5,train
HRD_Score,TCGA-A2-A0YT,5,train
HRD_Score,TCGA-A2-A1FV,5,train
HRD_Score,TCGA-A2-A1FX,5,train
HRD_Score,TCGA-A2-A1FZ,5,train
HRD_Score,TCGA-A2-A1G0,5,train
HRD_Score,TCGA-A2-A1G1,5,train
HRD_Score,TCGA-A2-A259,5,train
HRD_Score,TCGA-A2-A25A,5,train
HRD_Score,TCGA-A2-A25D,5,train
HRD_Score,TCGA-A2-A25E,5,train
HRD_Score,TCGA-A2-A3KD,5,train
HRD_Score,TCGA-A2-A3XU,5,train
HRD_Score,TCGA-A2-A3Y0,5,train
HRD_Score,TCGA-A2-A4S1,5,train
HRD_Score,TCGA-A7-A0CE,5,train
HRD_Score,TCGA-A7-A0CG,5,train
HRD_Score,TCGA-A7-A0CH,5,train
HRD_Score,TCGA-A7-A0D9,5,train
HRD_Score,TCGA-A7-A0DA,5,train
HRD_Score,TCGA-A7-A0DB,5,train
HRD_Score,TCGA-A7-A13D,5,train
HRD_Score,TCGA-A7-A13F,5,train
HRD_Score,TCGA-A7-A26E,5,train
HRD_Score,TCGA-A7-A26I,5,train
HRD_Score,TCGA-A7-A26J,5,train
HRD_Score,TCGA-A7-A4SE,5,train
HRD_Score,TCGA-A7-A56D,5,train
HRD_Score,TCGA-A7-A5ZV,5,train
HRD_Score,TCGA-A7-A5ZW,5,train
HRD_Score,TCGA-A7-A5ZX,5,train
HRD_Score,TCGA-A7-A6VW,5,train
HRD_Score,TCGA-A7-A6VX,5,train
HRD_Score,TCGA-A7-A6VY,5,train
HRD_Score,TCGA-A8-A06P,5,train
HRD_Score,TCGA-A8-A06Q,5,train
HRD_Score,TCGA-A8-A06R,5,train
HRD_Score,TCGA-A8-A06X,5,train
HRD_Score,TCGA-A8-A06Y,5,train
HRD_Score,TCGA-A8-A075,5,train
HRD_Score,TCGA-A8-A076,5,train
HRD_Score,TCGA-A8-A07B,5,train
HRD_Score,TCGA-A8-A07O,5,train
HRD_Score,TCGA-A8-A07U,5,train
HRD_Score,TCGA-A8-A07W,5,train
HRD_Score,TCGA-A8-A07Z,5,train
HRD_Score,TCGA-A8-A081,5,train
HRD_Score,TCGA-A8-A082,5,train
HRD_Score,TCGA-A8-A083,5,train
HRD_Score,TCGA-A8-A08G,5,train
HRD_Score,TCGA-A8-A08H,5,train
HRD_Score,TCGA-A8-A08L,5,train
HRD_Score,TCGA-A8-A08X,5,train
HRD_Score,TCGA-A8-A08Z,5,train
HRD_Score,TCGA-A8-A090,5,train
HRD_Score,TCGA-A8-A092,5,train
HRD_Score,TCGA-A8-A094,5,train
HRD_Score,TCGA-A8-A095,5,train
HRD_Score,TCGA-A8-A096,5,train
HRD_Score,TCGA-A8-A097,5,train
HRD_Score,TCGA-A8-A099,5,train
HRD_Score,TCGA-A8-A09B,5,train
HRD_Score,TCGA-A8-A09C,5,train
HRD_Score,TCGA-A8-A09D,5,train
HRD_Score,TCGA-A8-A09G,5,train
HRD_Score,TCGA-A8-A09M,5,train
HRD_Score,TCGA-A8-A09N,5,train
HRD_Score,TCGA-A8-A09T,5,train
HRD_Score,TCGA-A8-A09V,5,train
HRD_Score,TCGA-A8-A09W,5,train
HRD_Score,TCGA-A8-A09X,5,train
HRD_Score,TCGA-A8-A09Z,5,train
HRD_Score,TCGA-A8-A0A1,5,train
HRD_Score,TCGA-A8-A0A2,5,train
HRD_Score,TCGA-A8-A0A4,5,train
HRD_Score,TCGA-A8-A0A6,5,train
HRD_Score,TCGA-A8-A0A7,5,train
HRD_Score,TCGA-AC-A23C,5,train
HRD_Score,TCGA-AC-A23E,5,train
HRD_Score,TCGA-AC-A23H,5,train
HRD_Score,TCGA-AC-A2B8,5,train
HRD_Score,TCGA-AC-A2FB,5,train
HRD_Score,TCGA-AC-A2FG,5,train
HRD_Score,TCGA-AC-A2FO,5,train
HRD_Score,TCGA-AC-A3OD,5,train
HRD_Score,TCGA-AC-A3QQ,5,train
HRD_Score,TCGA-AC-A3YI,5,train
HRD_Score,TCGA-AC-A4ZE,5,train
HRD_Score,TCGA-AC-A5EH,5,train
HRD_Score,TCGA-AC-A5XS,5,train
HRD_Score,TCGA-AC-A5XU,5,train
HRD_Score,TCGA-AC-A62Y,5,train
HRD_Score,TCGA-AC-A6IV,5,train
HRD_Score,TCGA-AC-A6IW,5,train
HRD_Score,TCGA-AC-A6IX,5,train
HRD_Score,TCGA-AC-A6NO,5,train
HRD_Score,TCGA-AC-A7VC,5,train
HRD_Score,TCGA-AC-A8OP,5,train
HRD_Score,TCGA-AC-A8OQ,5,train
HRD_Score,TCGA-AC-A8OR,5,train
HRD_Score,TCGA-AC-A8OS,5,train
HRD_Score,TCGA-AN-A03X,5,train
HRD_Score,TCGA-AN-A03Y,5,train
HRD_Score,TCGA-AN-A046,5,train
HRD_Score,TCGA-AN-A049,5,train
HRD_Score,TCGA-AN-A04D,5,train
HRD_Score,TCGA-AN-A0AJ,5,train
HRD_Score,TCGA-AN-A0AL,5,train
HRD_Score,TCGA-AN-A0AM,5,train
HRD_Score,TCGA-AN-A0AR,5,train
HRD_Score,TCGA-AN-A0AS,5,train
HRD_Score,TCGA-AN-A0AT,5,train
HRD_Score,TCGA-AN-A0FK,5,train
HRD_Score,TCGA-AN-A0FN,5,train
HRD_Score,TCGA-AN-A0FS,5,train
HRD_Score,TCGA-AN-A0FT,5,train
HRD_Score,TCGA-AN-A0FW,5,train
HRD_Score,TCGA-AN-A0FX,5,train
HRD_Score,TCGA-AN-A0FY,5,train
HRD_Score,TCGA-AN-A0FZ,5,train
HRD_Score,TCGA-AN-A0XN,5,train
HRD_Score,TCGA-AN-A0XO,5,train
HRD_Score,TCGA-AN-A0XP,5,train
HRD_Score,TCGA-AN-A0XR,5,train
HRD_Score,TCGA-AN-A0XS,5,train
HRD_Score,TCGA-AN-A0XT,5,train
HRD_Score,TCGA-AN-A0XV,5,train
HRD_Score,TCGA-AN-A0XW,5,train
HRD_Score,TCGA-AO-A03L,5,train
HRD_Score,TCGA-AO-A03O,5,train
HRD_Score,TCGA-AO-A03P,5,train
HRD_Score,TCGA-AO-A03R,5,train
HRD_Score,TCGA-AO-A03V,5,train
HRD_Score,TCGA-AO-A0J2,5,train
HRD_Score,TCGA-AO-A0J3,5,train
HRD_Score,TCGA-AO-A0J6,5,train
HRD_Score,TCGA-AO-A0J9,5,train
HRD_Score,TCGA-AO-A0JA,5,train
HRD_Score,TCGA-AO-A0JD,5,train
HRD_Score,TCGA-AO-A0JE,5,train
HRD_Score,TCGA-AO-A0JF,5,train
HRD_Score,TCGA-AO-A0JI,5,train
HRD_Score,TCGA-AO-A0JM,5,train
HRD_Score,TCGA-AO-A124,5,train
HRD_Score,TCGA-AO-A128,5,train
HRD_Score,TCGA-AO-A12A,5,train
HRD_Score,TCGA-AO-A12F,5,train
HRD_Score,TCGA-AO-A12H,5,train
HRD_Score,TCGA-AO-A1KP,5,train
HRD_Score,TCGA-AO-A1KR,5,train
HRD_Score,TCGA-AO-A1KT,5,train
HRD_Score,TCGA-AQ-A04J,5,train
HRD_Score,TCGA-AQ-A1H2,5,train
HRD_Score,TCGA-AQ-A1H3,5,train
HRD_Score,TCGA-AR-A0TP,5,train
HRD_Score,TCGA-AR-A0TR,5,train
HRD_Score,TCGA-AR-A0TT,5,train
HRD_Score,TCGA-AR-A0TV,5,train
HRD_Score,TCGA-AR-A0TW,5,train
HRD_Score,TCGA-AR-A0TX,5,train
HRD_Score,TCGA-AR-A0TY,5,train
HRD_Score,TCGA-AR-A0TZ,5,train
HRD_Score,TCGA-AR-A1AH,5,train
HRD_Score,TCGA-AR-A1AJ,5,train
HRD_Score,TCGA-AR-A1AK,5,train
HRD_Score,TCGA-AR-A1AO,5,train
HRD_Score,TCGA-AR-A1AQ,5,train
HRD_Score,TCGA-AR-A1AR,5,train
HRD_Score,TCGA-AR-A1AW,5,train
HRD_Score,TCGA-AR-A1AX,5,train
HRD_Score,TCGA-AR-A1AY,5,train
HRD_Score,TCGA-AR-A24L,5,train
HRD_Score,TCGA-AR-A24N,5,train
HRD_Score,TCGA-AR-A24O,5,train
HRD_Score,TCGA-AR-A24P,5,train
HRD_Score,TCGA-AR-A24Q,5,train
HRD_Score,TCGA-AR-A24R,5,train
HRD_Score,TCGA-AR-A24S,5,train
HRD_Score,TCGA-AR-A24U,5,train
HRD_Score,TCGA-AR-A24V,5,train
HRD_Score,TCGA-AR-A24Z,5,train
HRD_Score,TCGA-AR-A250,5,train
HRD_Score,TCGA-AR-A251,5,train
HRD_Score,TCGA-AR-A252,5,train
HRD_Score,TCGA-AR-A254,5,train
HRD_Score,TCGA-AR-A2LH,5,train
HRD_Score,TCGA-AR-A2LK,5,train
HRD_Score,TCGA-AR-A5QM,5,train
HRD_Score,TCGA-AR-A5QN,5,train
HRD_Score,TCGA-AR-A5QP,5,train
HRD_Score,TCGA-B6-A0I5,5,train
HRD_Score,TCGA-B6-A0I9,5,train
HRD_Score,TCGA-B6-A0IB,5,train
HRD_Score,TCGA-B6-A0IC,5,train
HRD_Score,TCGA-B6-A0IE,5,train
HRD_Score,TCGA-B6-A0IH,5,train
HRD_Score,TCGA-B6-A0IJ,5,train
HRD_Score,TCGA-B6-A0RE,5,train
HRD_Score,TCGA-B6-A0RG,5,train
HRD_Score,TCGA-B6-A0RH,5,train
HRD_Score,TCGA-B6-A0RI,5,train
HRD_Score,TCGA-B6-A0RL,5,train
HRD_Score,TCGA-B6-A0RS,5,train
HRD_Score,TCGA-B6-A0RV,5,train
HRD_Score,TCGA-B6-A0WS,5,train
HRD_Score,TCGA-B6-A0WT,5,train
HRD_Score,TCGA-B6-A0WY,5,train
HRD_Score,TCGA-B6-A0WZ,5,train
HRD_Score,TCGA-B6-A0X0,5,train
HRD_Score,TCGA-B6-A0X4,5,train
HRD_Score,TCGA-B6-A0X5,5,train
HRD_Score,TCGA-B6-A1KC,5,train
HRD_Score,TCGA-B6-A2IU,5,train
HRD_Score,TCGA-B6-A401,5,train
HRD_Score,TCGA-B6-A409,5,train
HRD_Score,TCGA-B6-A40C,5,train
HRD_Score,TCGA-BH-A0AU,5,train
HRD_Score,TCGA-BH-A0AV,5,train
HRD_Score,TCGA-BH-A0AW,5,train
HRD_Score,TCGA-BH-A0AY,5,train
HRD_Score,TCGA-BH-A0B5,5,train
HRD_Score,TCGA-BH-A0B7,5,train
HRD_Score,TCGA-BH-A0B9,5,train
HRD_Score,TCGA-BH-A0BA,5,train
HRD_Score,TCGA-BH-A0BC,5,train
HRD_Score,TCGA-BH-A0BJ,5,train
HRD_Score,TCGA-BH-A0BL,5,train
HRD_Score,TCGA-BH-A0BM,5,train
HRD_Score,TCGA-BH-A0BO,5,train
HRD_Score,TCGA-BH-A0BR,5,train
HRD_Score,TCGA-BH-A0BT,5,train
HRD_Score,TCGA-BH-A0C1,5,train
HRD_Score,TCGA-BH-A0C3,5,train
HRD_Score,TCGA-BH-A0C7,5,train
HRD_Score,TCGA-BH-A0DE,5,train
HRD_Score,TCGA-BH-A0DG,5,train
HRD_Score,TCGA-BH-A0DH,5,train
HRD_Score,TCGA-BH-A0DI,5,train
HRD_Score,TCGA-BH-A0DK,5,train
HRD_Score,TCGA-BH-A0DL,5,train
HRD_Score,TCGA-BH-A0DO,5,train
HRD_Score,TCGA-BH-A0DQ,5,train
HRD_Score,TCGA-BH-A0DS,5,train
HRD_Score,TCGA-BH-A0DT,5,train
HRD_Score,TCGA-BH-A0DV,5,train
HRD_Score,TCGA-BH-A0DZ,5,train
HRD_Score,TCGA-BH-A0E0,5,train
HRD_Score,TCGA-BH-A0E1,5,train
HRD_Score,TCGA-BH-A0E2,5,train
HRD_Score,TCGA-BH-A0EB,5,train
HRD_Score,TCGA-BH-A0EE,5,train
HRD_Score,TCGA-BH-A0GY,5,train
HRD_Score,TCGA-BH-A0H0,5,train
HRD_Score,TCGA-BH-A0H6,5,train
HRD_Score,TCGA-BH-A0H7,5,train
HRD_Score,TCGA-BH-A0HA,5,train
HRD_Score,TCGA-BH-A0HB,5,train
HRD_Score,TCGA-BH-A0HI,5,train
HRD_Score,TCGA-BH-A0HK,5,train
HRD_Score,TCGA-BH-A0HO,5,train
HRD_Score,TCGA-BH-A0HP,5,train
HRD_Score,TCGA-BH-A0HQ,5,train
HRD_Score,TCGA-BH-A0HU,5,train
HRD_Score,TCGA-BH-A0HY,5,train
HRD_Score,TCGA-BH-A0W3,5,train
HRD_Score,TCGA-BH-A0W4,5,train
HRD_Score,TCGA-BH-A0WA,5,train
HRD_Score,TCGA-BH-A18F,5,train
HRD_Score,TCGA-BH-A18G,5,train
HRD_Score,TCGA-BH-A18H,5,train
HRD_Score,TCGA-BH-A18L,5,train
HRD_Score,TCGA-BH-A18M,5,train
HRD_Score,TCGA-BH-A18N,5,train
HRD_Score,TCGA-BH-A18Q,5,train
HRD_Score,TCGA-BH-A18R,5,train
HRD_Score,TCGA-BH-A18S,5,train
HRD_Score,TCGA-BH-A18T,5,train
HRD_Score,TCGA-BH-A18U,5,train
HRD_Score,TCGA-BH-A1EO,5,train
HRD_Score,TCGA-BH-A1ET,5,train
HRD_Score,TCGA-BH-A1EV,5,train
HRD_Score,TCGA-BH-A1EX,5,train
HRD_Score,TCGA-BH-A1EY,5,train
HRD_Score,TCGA-BH-A1F0,5,train
HRD_Score,TCGA-BH-A1F2,5,train
HRD_Score,TCGA-BH-A1FC,5,train
HRD_Score,TCGA-BH-A1FE,5,train
HRD_Score,TCGA-BH-A1FJ,5,train
HRD_Score,TCGA-BH-A1FL,5,train
HRD_Score,TCGA-BH-A1FM,5,train
HRD_Score,TCGA-BH-A1FN,5,train
HRD_Score,TCGA-BH-A1FU,5,train
HRD_Score,TCGA-BH-A201,5,train
HRD_Score,TCGA-BH-A202,5,train
HRD_Score,TCGA-BH-A203,5,train
HRD_Score,TCGA-BH-A204,5,train
HRD_Score,TCGA-BH-A208,5,train
HRD_Score,TCGA-BH-A209,5,train
HRD_Score,TCGA-BH-A28Q,5,train
HRD_Score,TCGA-BH-A2L8,5,train
HRD_Score,TCGA-BH-A42V,5,train
HRD_Score,TCGA-BH-A5IZ,5,train
HRD_Score,TCGA-BH-A6R8,5,train
HRD_Score,TCGA-BH-A6R9,5,train
HRD_Score,TCGA-BH-A8FY,5,train
HRD_Score,TCGA-BH-A8FZ,5,train
HRD_Score,TCGA-BH-A8G0,5,train
HRD_Score,TCGA-BH-AB28,5,train
HRD_Score,TCGA-C8-A12M,5,train
HRD_Score,TCGA-C8-A12N,5,train
HRD_Score,TCGA-C8-A12O,5,train
HRD_Score,TCGA-C8-A12P,5,train
HRD_Score,TCGA-C8-A12Q,5,train
HRD_Score,TCGA-C8-A12W,5,train
HRD_Score,TCGA-C8-A12Z,5,train
HRD_Score,TCGA-C8-A132,5,train
HRD_Score,TCGA-C8-A133,5,train
HRD_Score,TCGA-C8-A135,5,train
HRD_Score,TCGA-C8-A137,5,train
HRD_Score,TCGA-C8-A138,5,train
HRD_Score,TCGA-C8-A1HE,5,train
HRD_Score,TCGA-C8-A1HF,5,train
HRD_Score,TCGA-C8-A1HG,5,train
HRD_Score,TCGA-C8-A1HJ,5,train
HRD_Score,TCGA-C8-A1HK,5,train
HRD_Score,TCGA-C8-A1HL,5,train
HRD_Score,TCGA-C8-A26V,5,train
HRD_Score,TCGA-C8-A26W,5,train
HRD_Score,TCGA-C8-A26X,5,train
HRD_Score,TCGA-C8-A26Y,5,train
HRD_Score,TCGA-C8-A26Z,5,train
HRD_Score,TCGA-C8-A275,5,train
HRD_Score,TCGA-C8-A278,5,train
HRD_Score,TCGA-C8-A27A,5,train
HRD_Score,TCGA-C8-A27B,5,train
HRD_Score,TCGA-C8-A8HP,5,train
HRD_Score,TCGA-C8-A8HQ,5,train
HRD_Score,TCGA-C8-A8HR,5,train
HRD_Score,TCGA-D8-A13Y,5,train
HRD_Score,TCGA-D8-A13Z,5,train
HRD_Score,TCGA-D8-A141,5,train
HRD_Score,TCGA-D8-A143,5,train
HRD_Score,TCGA-D8-A145,5,train
HRD_Score,TCGA-D8-A147,5,train
HRD_Score,TCGA-D8-A1J8,5,train
HRD_Score,TCGA-D8-A1J9,5,train
HRD_Score,TCGA-D8-A1JB,5,train
HRD_Score,TCGA-D8-A1JC,5,train
HRD_Score,TCGA-D8-A1JD,5,train
HRD_Score,TCGA-D8-A1JG,5,train
HRD_Score,TCGA-D8-A1JH,5,train
HRD_Score,TCGA-D8-A1JI,5,train
HRD_Score,TCGA-D8-A1JJ,5,train
HRD_Score,TCGA-D8-A1JK,5,train
HRD_Score,TCGA-D8-A1JL,5,train
HRD_Score,TCGA-D8-A1JN,5,train
HRD_Score,TCGA-D8-A1JP,5,train
HRD_Score,TCGA-D8-A1JS,5,train
HRD_Score,TCGA-D8-A1JT,5,train
HRD_Score,TCGA-D8-A1JU,5,train
HRD_Score,TCGA-D8-A1X5,5,train
HRD_Score,TCGA-D8-A1X7,5,train
HRD_Score,TCGA-D8-A1X8,5,train
HRD_Score,TCGA-D8-A1X9,5,train
HRD_Score,TCGA-D8-A1XA,5,train
HRD_Score,TCGA-D8-A1XB,5,train
HRD_Score,TCGA-D8-A1XC,5,train
HRD_Score,TCGA-D8-A1XF,5,train
HRD_Score,TCGA-D8-A1XG,5,train
HRD_Score,TCGA-D8-A1XJ,5,train
HRD_Score,TCGA-D8-A1XL,5,train
HRD_Score,TCGA-D8-A1XM,5,train
HRD_Score,TCGA-D8-A1XQ,5,train
HRD_Score,TCGA-D8-A1XR,5,train
HRD_Score,TCGA-D8-A1XT,5,train
HRD_Score,TCGA-D8-A1XW,5,train
HRD_Score,TCGA-D8-A1XY,5,train
HRD_Score,TCGA-D8-A1Y0,5,train
HRD_Score,TCGA-D8-A1Y1,5,train
HRD_Score,TCGA-D8-A1Y3,5,train
HRD_Score,TCGA-D8-A27E,5,train
HRD_Score,TCGA-D8-A27F,5,train
HRD_Score,TCGA-D8-A27H,5,train
HRD_Score,TCGA-D8-A27K,5,train
HRD_Score,TCGA-D8-A27L,5,train
HRD_Score,TCGA-D8-A27M,5,train
HRD_Score,TCGA-D8-A27N,5,train
HRD_Score,TCGA-D8-A27P,5,train
HRD_Score,TCGA-D8-A27R,5,train
HRD_Score,TCGA-D8-A27T,5,train
HRD_Score,TCGA-D8-A27V,5,train
HRD_Score,TCGA-D8-A27W,5,train
HRD_Score,TCGA-D8-A4Z1,5,train
HRD_Score,TCGA-D8-A73U,5,train
HRD_Score,TCGA-E2-A10A,5,train
HRD_Score,TCGA-E2-A10C,5,train
HRD_Score,TCGA-E2-A14Q,5,train
HRD_Score,TCGA-E2-A14T,5,train
HRD_Score,TCGA-E2-A14X,5,train
HRD_Score,TCGA-E2-A14Y,5,train
HRD_Score,TCGA-E2-A14Z,5,train
HRD_Score,TCGA-E2-A152,5,train
HRD_Score,TCGA-E2-A153,5,train
HRD_Score,TCGA-E2-A155,5,train
HRD_Score,TCGA-E2-A156,5,train
HRD_Score,TCGA-E2-A158,5,train
HRD_Score,TCGA-E2-A15D,5,train
HRD_Score,TCGA-E2-A15E,5,train
HRD_Score,TCGA-E2-A15G,5,train
HRD_Score,TCGA-E2-A15H,5,train
HRD_Score,TCGA-E2-A15I,5,train
HRD_Score,TCGA-E2-A15J,5,train
HRD_Score,TCGA-E2-A15K,5,train
HRD_Score,TCGA-E2-A15M,5,train
HRD_Score,TCGA-E2-A15O,5,train
HRD_Score,TCGA-E2-A15R,5,train
HRD_Score,TCGA-E2-A15T,5,train
HRD_Score,TCGA-E2-A1B4,5,train
HRD_Score,TCGA-E2-A1B5,5,train
HRD_Score,TCGA-E2-A1BC,5,train
HRD_Score,TCGA-E2-A1IF,5,train
HRD_Score,TCGA-E2-A1IG,5,train
HRD_Score,TCGA-E2-A1IJ,5,train
HRD_Score,TCGA-E2-A1IK,5,train
HRD_Score,TCGA-E2-A1IO,5,train
HRD_Score,TCGA-E2-A1L6,5,train
HRD_Score,TCGA-E2-A1L8,5,train
HRD_Score,TCGA-E2-A1L9,5,train
HRD_Score,TCGA-E2-A1LA,5,train
HRD_Score,TCGA-E2-A1LG,5,train
HRD_Score,TCGA-E2-A1LK,5,train
HRD_Score,TCGA-E2-A1LL,5,train
HRD_Score,TCGA-E2-A570,5,train
HRD_Score,TCGA-E2-A573,5,train
HRD_Score,TCGA-E2-A576,5,train
HRD_Score,TCGA-E2-A9RU,5,train
HRD_Score,TCGA-E9-A1N3,5,train
HRD_Score,TCGA-E9-A1N8,5,train
HRD_Score,TCGA-E9-A1N9,5,train
HRD_Score,TCGA-E9-A1NA,5,train
HRD_Score,TCGA-E9-A1NC,5,train
HRD_Score,TCGA-E9-A1ND,5,train
HRD_Score,TCGA-E9-A1NE,5,train
HRD_Score,TCGA-E9-A1NG,5,train
HRD_Score,TCGA-E9-A1NH,5,train
HRD_Score,TCGA-E9-A1R0,5,train
HRD_Score,TCGA-E9-A1R3,5,train
HRD_Score,TCGA-E9-A1R5,5,train
HRD_Score,TCGA-E9-A1R6,5,train
HRD_Score,TCGA-E9-A1R7,5,train
HRD_Score,TCGA-E9-A1RA,5,train
HRD_Score,TCGA-E9-A1RB,5,train
HRD_Score,TCGA-E9-A1RC,5,train
HRD_Score,TCGA-E9-A1RE,5,train
HRD_Score,TCGA-E9-A1RF,5,train
HRD_Score,TCGA-E9-A1RG,5,train
HRD_Score,TCGA-E9-A1RH,5,train
HRD_Score,TCGA-E9-A228,5,train
HRD_Score,TCGA-E9-A229,5,train
HRD_Score,TCGA-E9-A22A,5,train
HRD_Score,TCGA-E9-A22B,5,train
HRD_Score,TCGA-E9-A22D,5,train
HRD_Score,TCGA-E9-A22E,5,train
HRD_Score,TCGA-E9-A22G,5,train
HRD_Score,TCGA-E9-A22H,5,train
HRD_Score,TCGA-E9-A243,5,train
HRD_Score,TCGA-E9-A244,5,train
HRD_Score,TCGA-E9-A245,5,train
HRD_Score,TCGA-E9-A247,5,train
HRD_Score,TCGA-E9-A248,5,train
HRD_Score,TCGA-E9-A295,5,train
HRD_Score,TCGA-E9-A2JS,5,train
HRD_Score,TCGA-E9-A2JT,5,train
HRD_Score,TCGA-E9-A3X8,5,train
HRD_Score,TCGA-E9-A5UO,5,train
HRD_Score,TCGA-EW-A1IW,5,train
HRD_Score,TCGA-EW-A1IY,5,train
HRD_Score,TCGA-EW-A1IZ,5,train
HRD_Score,TCGA-EW-A1J1,5,train
HRD_Score,TCGA-EW-A1J3,5,train
HRD_Score,TCGA-EW-A1J6,5,train
HRD_Score,TCGA-EW-A1OV,5,train
HRD_Score,TCGA-EW-A1OX,5,train
HRD_Score,TCGA-EW-A1OY,5,train
HRD_Score,TCGA-EW-A1OZ,5,train
HRD_Score,TCGA-EW-A1P0,5,train
HRD_Score,TCGA-EW-A1P1,5,train
HRD_Score,TCGA-EW-A1P3,5,train
HRD_Score,TCGA-EW-A1P4,5,train
HRD_Score,TCGA-EW-A1P5,5,train
HRD_Score,TCGA-EW-A1P6,5,train
HRD_Score,TCGA-EW-A1P7,5,train
HRD_Score,TCGA-EW-A1P8,5,train
HRD_Score,TCGA-EW-A1PA,5,train
HRD_Score,TCGA-EW-A1PB,5,train
HRD_Score,TCGA-EW-A1PE,5,train
HRD_Score,TCGA-EW-A1PG,5,train
HRD_Score,TCGA-EW-A1PH,5,train
HRD_Score,TCGA-EW-A2FS,5,train
HRD_Score,TCGA-EW-A2FV,5,train
HRD_Score,TCGA-EW-A6SB,5,train
HRD_Score,TCGA-EW-A6SD,5,train
HRD_Score,TCGA-GM-A2DA,5,train
HRD_Score,TCGA-GM-A2DC,5,train
HRD_Score,TCGA-GM-A2DD,5,train
HRD_Score,TCGA-GM-A2DF,5,train
HRD_Score,TCGA-GM-A2DH,5,train
HRD_Score,TCGA-GM-A2DK,5,train
HRD_Score,TCGA-GM-A2DL,5,train
HRD_Score,TCGA-GM-A2DM,5,train
HRD_Score,TCGA-GM-A3NW,5,train
HRD_Score,TCGA-GM-A5PX,5,train
HRD_Score,TCGA-HN-A2NL,5,train
HRD_Score,TCGA-LD-A66U,5,train
HRD_Score,TCGA-LD-A74U,5,train
HRD_Score,TCGA-LD-A7W5,5,train
HRD_Score,TCGA-LD-A7W6,5,train
HRD_Score,TCGA-LL-A5YL,5,train
HRD_Score,TCGA-LL-A5YM,5,train
HRD_Score,TCGA-LL-A6FQ,5,train
HRD_Score,TCGA-LL-A6FR,5,train
HRD_Score,TCGA-LL-A73Z,5,train
HRD_Score,TCGA-LL-A7SZ,5,train
HRD_Score,TCGA-LL-A7T0,5,train
HRD_Score,TCGA-LL-A8F5,5,train
HRD_Score,TCGA-LL-A9Q3,5,train
HRD_Score,TCGA-OK-A5Q2,5,train
HRD_Score,TCGA-OL-A5D6,5,train
HRD_Score,TCGA-OL-A5D7,5,train
HRD_Score,TCGA-OL-A5D8,5,train
HRD_Score,TCGA-OL-A5RU,5,train
HRD_Score,TCGA-OL-A5RV,5,train
HRD_Score,TCGA-OL-A5RY,5,train
HRD_Score,TCGA-OL-A5RZ,5,train
HRD_Score,TCGA-OL-A5S0,5,train
HRD_Score,TCGA-OL-A66H,5,train
HRD_Score,TCGA-OL-A66I,5,train
HRD_Score,TCGA-OL-A66J,5,train
HRD_Score,TCGA-OL-A66K,5,train
HRD_Score,TCGA-OL-A66L,5,train
HRD_Score,TCGA-OL-A66N,5,train
HRD_Score,TCGA-OL-A66O,5,train
HRD_Score,TCGA-OL-A66P,5,train
HRD_Score,TCGA-OL-A6VO,5,train
HRD_Score,TCGA-OL-A6VQ,5,train
HRD_Score,TCGA-OL-A6VR,5,train
HRD_Score,TCGA-OL-A97C,5,train
HRD_Score,TCGA-PL-A8LV,5,train
HRD_Score,TCGA-PL-A8LX,5,train
HRD_Score,TCGA-PL-A8LY,5,train
HRD_Score,TCGA-PL-A8LZ,5,train
HRD_Score,TCGA-S3-A6ZF,5,train
HRD_Score,TCGA-S3-A6ZH,5,train
HRD_Score,TCGA-S3-AA0Z,5,train
HRD_Score,TCGA-S3-AA10,5,train
HRD_Score,TCGA-S3-AA12,5,train
HRD_Score,TCGA-S3-AA14,5,train
HRD_Score,TCGA-S3-AA17,5,train
HRD_Score,TCGA-UU-A93S,5,train
HRD_Score,TCGA-V7-A7HQ,5,train
HRD_Score,TCGA-W8-A86G,5,train
HRD_Score,TCGA-XX-A899,5,train
HRD_Score,TCGA-XX-A89A,5,train
HRD_Score,TCGA-Z7-A8R6,5,train
HRD_Score,TCGA-E9-A1RE,5,inner_train
HRD_Score,TCGA-AN-A0FW,5,inner_train
HRD_Score,TCGA-E2-A1IK,5,inner_train
HRD_Score,TCGA-EW-A1OV,5,inner_train
HRD_Score,TCGA-A2-A1G0,5,inner_train
HRD_Score,TCGA-AN-A046,5,inner_train
HRD_Score,TCGA-D8-A27M,5,inner_train
HRD_Score,TCGA-D8-A27E,5,inner_train
HRD_Score,TCGA-D8-A1JT,5,inner_train
HRD_Score,TCGA-BH-A0W4,5,inner_train
HRD_Score,TCGA-AC-A8OP,5,inner_train
HRD_Score,TCGA-BH-A18T,5,inner_train
HRD_Score,TCGA-BH-A1F0,5,inner_train
HRD_Score,TCGA-D8-A1JS,5,inner_train
HRD_Score,TCGA-E2-A1B5,5,inner_train
HRD_Score,TCGA-A2-A0SY,5,inner_train
HRD_Score,TCGA-D8-A1JK,5,inner_train
HRD_Score,TCGA-OL-A66I,5,inner_train
HRD_Score,TCGA-D8-A13Y,5,inner_train
HRD_Score,TCGA-AR-A0TX,5,inner_train
HRD_Score,TCGA-A8-A0A7,5,inner_train
HRD_Score,TCGA-E2-A15H,5,inner_train
HRD_Score,TCGA-AC-A23H,5,inner_train
HRD_Score,TCGA-GM-A2DA,5,inner_train
HRD_Score,TCGA-D8-A73U,5,inner_train
HRD_Score,TCGA-C8-A12Q,5,inner_train
HRD_Score,TCGA-B6-A0RI,5,inner_train
HRD_Score,TCGA-A2-A0CU,5,inner_train
HRD_Score,TCGA-D8-A1Y3,5,inner_train
HRD_Score,TCGA-E9-A1NC,5,inner_train
HRD_Score,TCGA-BH-A1FL,5,inner_train
HRD_Score,TCGA-BH-A0E0,5,inner_train
HRD_Score,TCGA-BH-A1FN,5,inner_train
HRD_Score,TCGA-D8-A141,5,inner_train
HRD_Score,TCGA-E9-A295,5,inner_train
HRD_Score,TCGA-BH-A6R9,5,inner_train
HRD_Score,TCGA-BH-A0E2,5,inner_train
HRD_Score,TCGA-A2-A0YE,5,inner_train
HRD_Score,TCGA-AR-A1AX,5,inner_train
HRD_Score,TCGA-BH-A18U,5,inner_train
HRD_Score,TCGA-A2-A0SU,5,inner_train
HRD_Score,TCGA-E9-A22A,5,inner_train
HRD_Score,TCGA-BH-A1EO,5,inner_train
HRD_Score,TCGA-A2-A0YD,5,inner_train
HRD_Score,TCGA-C8-A278,5,inner_train
HRD_Score,TCGA-A8-A099,5,inner_train
HRD_Score,TCGA-A7-A6VY,5,inner_train
HRD_Score,TCGA-BH-A0HI,5,inner_train
HRD_Score,TCGA-D8-A1JU,5,inner_train
HRD_Score,TCGA-AN-A0FY,5,inner_train
HRD_Score,TCGA-C8-A133,5,inner_train
HRD_Score,TCGA-A2-A04R,5,inner_train
HRD_Score,TCGA-D8-A27W,5,inner_train
HRD_Score,TCGA-D8-A1X5,5,inner_train
HRD_Score,TCGA-E2-A1IG,5,inner_train
HRD_Score,TCGA-OL-A66L,5,inner_train
HRD_Score,TCGA-AR-A1AH,5,inner_train
HRD_Score,TCGA-A2-A0T4,5,inner_train
HRD_Score,TCGA-D8-A1XJ,5,inner_train
HRD_Score,TCGA-3C-AALJ,5,inner_train
HRD_Score,TCGA-AO-A0JD,5,inner_train
HRD_Score,TCGA-A2-A1G1,5,inner_train
HRD_Score,TCGA-B6-A0WT,5,inner_train
HRD_Score,TCGA-BH-A0HY,5,inner_train
HRD_Score,TCGA-BH-A0DG,5,inner_train
HRD_Score,TCGA-E2-A15D,5,inner_train
HRD_Score,TCGA-AO-A03P,5,inner_train
HRD_Score,TCGA-AO-A0JA,5,inner_train
HRD_Score,TCGA-D8-A1XF,5,inner_train
HRD_Score,TCGA-A1-A0SJ,5,inner_train
HRD_Score,TCGA-D8-A1JD,5,inner_train
HRD_Score,TCGA-B6-A40C,5,inner_train
HRD_Score,TCGA-AN-A0XS,5,inner_train
HRD_Score,TCGA-D8-A13Z,5,inner_train
HRD_Score,TCGA-BH-A0AY,5,inner_train
HRD_Score,TCGA-E2-A153,5,inner_train
HRD_Score,TCGA-D8-A1JL,5,inner_train
HRD_Score,TCGA-E9-A1RA,5,inner_train
HRD_Score,TCGA-AC-A6IV,5,inner_train
HRD_Score,TCGA-A8-A06Y,5,inner_train
HRD_Score,TCGA-EW-A1J6,5,inner_train
HRD_Score,TCGA-B6-A0IC,5,inner_train
HRD_Score,TCGA-AR-A1AJ,5,inner_train
HRD_Score,TCGA-E2-A152,5,inner_train
HRD_Score,TCGA-D8-A27P,5,inner_train
HRD_Score,TCGA-EW-A1PE,5,inner_train
HRD_Score,TCGA-A2-A0CS,5,inner_train
HRD_Score,TCGA-S3-AA0Z,5,inner_train
HRD_Score,TCGA-A7-A5ZW,5,inner_train
HRD_Score,TCGA-EW-A1IY,5,inner_train
HRD_Score,TCGA-AR-A24N,5,inner_train
HRD_Score,TCGA-E9-A1RF,5,inner_train
HRD_Score,TCGA-W8-A86G,5,inner_train
HRD_Score,TCGA-BH-AB28,5,inner_train
HRD_Score,TCGA-D8-A4Z1,5,inner_train
HRD_Score,TCGA-D8-A1JP,5,inner_train
HRD_Score,TCGA-S3-AA10,5,inner_train
HRD_Score,TCGA-Z7-A8R6,5,inner_train
HRD_Score,TCGA-A2-A04Q,5,inner_train
HRD_Score,TCGA-A8-A07B,5,inner_train
HRD_Score,TCGA-D8-A1XW,5,inner_train
HRD_Score,TCGA-EW-A1P3,5,inner_train
HRD_Score,TCGA-OL-A5D8,5,inner_train
HRD_Score,TCGA-HN-A2NL,5,inner_train
HRD_Score,TCGA-OL-A66K,5,inner_train
HRD_Score,TCGA-D8-A147,5,inner_train
HRD_Score,TCGA-E2-A14Y,5,inner_train
HRD_Score,TCGA-C8-A26X,5,inner_train
HRD_Score,TCGA-B6-A0RS,5,inner_train
HRD_Score,TCGA-E9-A248,5,inner_train
HRD_Score,TCGA-A2-A0SX,5,inner_train
HRD_Score,TCGA-BH-A2L8,5,inner_train
HRD_Score,TCGA-EW-A1P1,5,inner_train
HRD_Score,TCGA-GM-A2DD,5,inner_train
HRD_Score,TCGA-BH-A201,5,inner_train
HRD_Score,TCGA-D8-A1X7,5,inner_train
HRD_Score,TCGA-AO-A03V,5,inner_train
HRD_Score,TCGA-AC-A23E,5,inner_train
HRD_Score,TCGA-AO-A128,5,inner_train
HRD_Score,TCGA-EW-A1OX,5,inner_train
HRD_Score,TCGA-AN-A0XP,5,inner_train
HRD_Score,TCGA-LD-A7W6,5,inner_train
HRD_Score,TCGA-AN-A0FT,5,inner_train
HRD_Score,TCGA-S3-A6ZF,5,inner_train
HRD_Score,TCGA-AR-A1AK,5,inner_train
HRD_Score,TCGA-AC-A5XU,5,inner_train
HRD_Score,TCGA-BH-A1EY,5,inner_train
HRD_Score,TCGA-B6-A409,5,inner_train
HRD_Score,TCGA-BH-A1EX,5,inner_train
HRD_Score,TCGA-A8-A08H,5,inner_train
HRD_Score,TCGA-A2-A04N,5,inner_train
HRD_Score,TCGA-AR-A0TT,5,inner_train
HRD_Score,TCGA-AO-A0JF,5,inner_train
HRD_Score,TCGA-AN-A0XW,5,inner_train
HRD_Score,TCGA-BH-A18F,5,inner_train
HRD_Score,TCGA-E2-A1B4,5,inner_train
HRD_Score,TCGA-LL-A7SZ,5,inner_train
HRD_Score,TCGA-A2-A04U,5,inner_train
HRD_Score,TCGA-A1-A0SO,5,inner_train
HRD_Score,TCGA-LL-A9Q3,5,inner_train
HRD_Score,TCGA-A8-A083,5,inner_train
HRD_Score,TCGA-D8-A27F,5,inner_train
HRD_Score,TCGA-BH-A0DZ,5,inner_train
HRD_Score,TCGA-AC-A2B8,5,inner_train
HRD_Score,TCGA-A2-A259,5,inner_train
HRD_Score,TCGA-OK-A5Q2,5,inner_train
HRD_Score,TCGA-E9-A2JT,5,inner_train
HRD_Score,TCGA-E2-A1IF,5,inner_train
HRD_Score,TCGA-E2-A1LA,5,inner_train
HRD_Score,TCGA-OL-A5S0,5,inner_train
HRD_Score,TCGA-A7-A0CE,5,inner_train
HRD_Score,TCGA-BH-A8FZ,5,inner_train
HRD_Score,TCGA-AN-A0XT,5,inner_train
HRD_Score,TCGA-B6-A0RV,5,inner_train
HRD_Score,TCGA-E9-A229,5,inner_train
HRD_Score,TCGA-A1-A0SI,5,inner_train
HRD_Score,TCGA-BH-A18H,5,inner_train
HRD_Score,TCGA-BH-A0HK,5,inner_train
HRD_Score,TCGA-C8-A12O,5,inner_train
HRD_Score,TCGA-AN-A0AT,5,inner_train
HRD_Score,TCGA-AN-A0AS,5,inner_train
HRD_Score,TCGA-B6-A401,5,inner_train
HRD_Score,TCGA-A8-A09C,5,inner_train
HRD_Score,TCGA-E2-A576,5,inner_train
HRD_Score,TCGA-A8-A09G,5,inner_train
HRD_Score,TCGA-AN-A0FZ,5,inner_train
HRD_Score,TCGA-E9-A3X8,5,inner_train
HRD_Score,TCGA-A8-A08G,5,inner_train
HRD_Score,TCGA-AQ-A04J,5,inner_train
HRD_Score,TCGA-BH-A0H6,5,inner_train
HRD_Score,TCGA-B6-A0RG,5,inner_train
HRD_Score,TCGA-A8-A09T,5,inner_train
HRD_Score,TCGA-AR-A0TZ,5,inner_train
HRD_Score,TCGA-AR-A24Q,5,inner_train
HRD_Score,TCGA-BH-A0DI,5,inner_train
HRD_Score,TCGA-A8-A06X,5,inner_train
HRD_Score,TCGA-AC-A2FO,5,inner_train
HRD_Score,TCGA-OL-A6VQ,5,inner_train
HRD_Score,TCGA-AR-A0TV,5,inner_train
HRD_Score,TCGA-OL-A97C,5,inner_train
HRD_Score,TCGA-E9-A247,5,inner_train
HRD_Score,TCGA-E2-A14T,5,inner_train
HRD_Score,TCGA-A8-A09W,5,inner_train
HRD_Score,TCGA-E2-A15M,5,inner_train
HRD_Score,TCGA-D8-A27H,5,inner_train
HRD_Score,TCGA-BH-A0BT,5,inner_train
HRD_Score,TCGA-C8-A1HK,5,inner_train
HRD_Score,TCGA-D8-A1XA,5,inner_train
HRD_Score,TCGA-E9-A1RH,5,inner_train
HRD_Score,TCGA-LL-A5YM,5,inner_train
HRD_Score,TCGA-A2-A0T3,5,inner_train
HRD_Score,TCGA-AO-A124,5,inner_train
HRD_Score,TCGA-A2-A0YG,5,inner_train
HRD_Score,TCGA-A8-A097,5,inner_train
HRD_Score,TCGA-EW-A1P7,5,inner_train
HRD_Score,TCGA-BH-A1FE,5,inner_train
HRD_Score,TCGA-BH-A18R,5,inner_train
HRD_Score,TCGA-EW-A1P0,5,inner_train
HRD_Score,TCGA-A2-A0YK,5,inner_train
HRD_Score,TCGA-D8-A27T,5,inner_train
HRD_Score,TCGA-B6-A0I9,5,inner_train
HRD_Score,TCGA-E9-A1NH,5,inner_train
HRD_Score,TCGA-BH-A0H7,5,inner_train
HRD_Score,TCGA-A7-A4SE,5,inner_train
HRD_Score,TCGA-A2-A0YJ,5,inner_train
HRD_Score,TCGA-D8-A1J9,5,inner_train
HRD_Score,TCGA-E2-A155,5,inner_train
HRD_Score,TCGA-A7-A0CH,5,inner_train
HRD_Score,TCGA-BH-A18Q,5,inner_train
HRD_Score,TCGA-A8-A094,5,inner_train
HRD_Score,TCGA-A2-A0YT,5,inner_train
HRD_Score,TCGA-A2-A0D0,5,inner_train
HRD_Score,TCGA-3C-AALI,5,inner_train
HRD_Score,TCGA-A8-A096,5,inner_train
HRD_Score,TCGA-OL-A5RU,5,inner_train
HRD_Score,TCGA-A8-A09M,5,inner_train
HRD_Score,TCGA-AN-A0AR,5,inner_train
HRD_Score,TCGA-BH-A0BL,5,inner_train
HRD_Score,TCGA-A8-A092,5,inner_train
HRD_Score,TCGA-OL-A66H,5,inner_train
HRD_Score,TCGA-BH-A0GY,5,inner_train
HRD_Score,TCGA-LD-A66U,5,inner_train
HRD_Score,TCGA-5L-AAT0,5,inner_train
HRD_Score,TCGA-A2-A04V,5,inner_train
HRD_Score,TCGA-A2-A3KD,5,inner_train
HRD_Score,TCGA-A2-A0T6,5,inner_train
HRD_Score,TCGA-E2-A1L8,5,inner_train
HRD_Score,TCGA-AO-A0JM,5,inner_train
HRD_Score,TCGA-A8-A07Z,5,inner_train
HRD_Score,TCGA-AC-A4ZE,5,inner_train
HRD_Score,TCGA-E2-A1IJ,5,inner_train
HRD_Score,TCGA-AC-A8OR,5,inner_train
HRD_Score,TCGA-BH-A1FJ,5,inner_train
HRD_Score,TCGA-BH-A1FU,5,inner_train
HRD_Score,TCGA-C8-A12Z,5,inner_train
HRD_Score,TCGA-A2-A0YF,5,inner_train
HRD_Score,TCGA-AQ-A1H3,5,inner_train
HRD_Score,TCGA-A8-A0A6,5,inner_train
HRD_Score,TCGA-A2-A0CR,5,inner_train
HRD_Score,TCGA-AR-A254,5,inner_train
HRD_Score,TCGA-AC-A5XS,5,inner_train
HRD_Score,TCGA-BH-A0EB,5,inner_train
HRD_Score,TCGA-AN-A03X,5,inner_train
HRD_Score,TCGA-AR-A24L,5,inner_train
HRD_Score,TCGA-EW-A1PA,5,inner_train
HRD_Score,TCGA-LL-A5YL,5,inner_train
HRD_Score,TCGA-AR-A1AR,5,inner_train
HRD_Score,TCGA-A8-A08X,5,inner_train
HRD_Score,TCGA-E2-A573,5,inner_train
HRD_Score,TCGA-A8-A09X,5,inner_train
HRD_Score,TCGA-D8-A27R,5,inner_train
HRD_Score,TCGA-A8-A09D,5,inner_train
HRD_Score,TCGA-EW-A1P8,5,inner_train
HRD_Score,TCGA-LL-A8F5,5,inner_train
HRD_Score,TCGA-AC-A62Y,5,inner_train
HRD_Score,TCGA-AR-A250,5,inner_train
HRD_Score,TCGA-E2-A9RU,5,inner_train
HRD_Score,TCGA-LL-A6FR,5,inner_train
HRD_Score,TCGA-BH-A0C3,5,inner_train
HRD_Score,TCGA-E9-A22E,5,inner_train
HRD_Score,TCGA-A2-A0T0,5,inner_train
HRD_Score,TCGA-BH-A0BA,5,inner_train
HRD_Score,TCGA-AN-A0AM,5,inner_train
HRD_Score,TCGA-AR-A1AW,5,inner_train
HRD_Score,TCGA-B6-A0IH,5,inner_train
HRD_Score,TCGA-C8-A27A,5,inner_train
HRD_Score,TCGA-A2-A25A,5,inner_train
HRD_Score,TCGA-EW-A1P4,5,inner_train
HRD_Score,TCGA-AO-A1KR,5,inner_train
HRD_Score,TCGA-A2-A04W,5,inner_train
HRD_Score,TCGA-A2-A1FX,5,inner_train
HRD_Score,TCGA-AN-A0FS,5,inner_train
HRD_Score,TCGA-B6-A0X5,5,inner_train
HRD_Score,TCGA-E2-A14Q,5,inner_train
HRD_Score,TCGA-E2-A1LG,5,inner_train
HRD_Score,TCGA-B6-A0IJ,5,inner_train
HRD_Score,TCGA-BH-A0HB,5,inner_train
HRD_Score,TCGA-EW-A1P6,5,inner_train
HRD_Score,TCGA-E2-A15G,5,inner_train
HRD_Score,TCGA-AC-A2FG,5,inner_train
HRD_Score,TCGA-A2-A0D3,5,inner_train
HRD_Score,TCGA-GM-A5PX,5,inner_train
HRD_Score,TCGA-A1-A0SE,5,inner_train
HRD_Score,TCGA-OL-A66O,5,inner_train
HRD_Score,TCGA-A7-A56D,5,inner_train
HRD_Score,TCGA-E9-A1NG,5,inner_train
HRD_Score,TCGA-E9-A22H,5,inner_train
HRD_Score,TCGA-C8-A1HL,5,inner_train
HRD_Score,TCGA-OL-A6VR,5,inner_train
HRD_Score,TCGA-LL-A73Z,5,inner_train
HRD_Score,TCGA-AO-A0J2,5,inner_train
HRD_Score,TCGA-D8-A1X8,5,inner_train
HRD_Score,TCGA-B6-A1KC,5,inner_train
HRD_Score,TCGA-AR-A24Z,5,inner_train
HRD_Score,TCGA-OL-A5RZ,5,inner_train
HRD_Score,TCGA-D8-A1JI,5,inner_train
HRD_Score,TCGA-BH-A18G,5,inner_train
HRD_Score,TCGA-BH-A202,5,inner_train
HRD_Score,TCGA-E9-A2JS,5,inner_train
HRD_Score,TCGA-BH-A0C7,5,inner_train
HRD_Score,TCGA-B6-A0WY,5,inner_train
HRD_Score,TCGA-A7-A0DB,5,inner_train
HRD_Score,TCGA-BH-A208,5,inner_train
HRD_Score,TCGA-C8-A26Z,5,inner_train
HRD_Score,TCGA-E9-A1R3,5,inner_train
HRD_Score,TCGA-AR-A0TY,5,inner_train
HRD_Score,TCGA-GM-A2DK,5,inner_train
HRD_Score,TCGA-A8-A082,5,inner_train
HRD_Score,TCGA-BH-A204,5,inner_train
HRD_Score,TCGA-E9-A1N3,5,inner_train
HRD_Score,TCGA-LD-A74U,5,inner_train
HRD_Score,TCGA-C8-A8HP,5,inner_train
HRD_Score,TCGA-AR-A0TR,5,inner_train
HRD_Score,TCGA-A2-A0CV,5,inner_train
HRD_Score,TCGA-E9-A244,5,inner_train
HRD_Score,TCGA-E9-A228,5,inner_train
HRD_Score,TCGA-A2-A0EU,5,inner_train
HRD_Score,TCGA-A1-A0SG,5,inner_train
HRD_Score,TCGA-BH-A28Q,5,inner_train
HRD_Score,TCGA-B6-A0RH,5,inner_train
HRD_Score,TCGA-E2-A1LK,5,inner_train
HRD_Score,TCGA-AR-A252,5,inner_train
HRD_Score,TCGA-A8-A0A4,5,inner_train
HRD_Score,TCGA-GM-A3NW,5,inner_train
HRD_Score,TCGA-A2-A0T1,5,inner_train
HRD_Score,TCGA-C8-A8HQ,5,inner_train
HRD_Score,TCGA-A2-A0EW,5,inner_train
HRD_Score,TCGA-BH-A0B7,5,inner_train
HRD_Score,TCGA-BH-A0DL,5,inner_train
HRD_Score,TCGA-BH-A0H0,5,inner_train
HRD_Score,TCGA-D8-A27L,5,inner_train
HRD_Score,TCGA-A8-A076,5,inner_train
HRD_Score,TCGA-A2-A3XU,5,inner_train
HRD_Score,TCGA-D8-A1XG,5,inner_train
HRD_Score,TCGA-E9-A22G,5,inner_train
HRD_Score,TCGA-AC-A8OS,5,inner_train
HRD_Score,TCGA-A2-A25E,5,inner_train
HRD_Score,TCGA-AN-A0XN,5,inner_train
HRD_Score,TCGA-AO-A12F,5,inner_train
HRD_Score,TCGA-E9-A1RC,5,inner_train
HRD_Score,TCGA-A2-A0T7,5,inner_train
HRD_Score,TCGA-A8-A081,5,inner_train
HRD_Score,TCGA-C8-A1HJ,5,inner_train
HRD_Score,TCGA-BH-A1EV,5,inner_train
HRD_Score,TCGA-AO-A1KT,5,inner_train
HRD_Score,TCGA-A7-A13D,5,inner_train
HRD_Score,TCGA-E9-A5UO,5,inner_train
HRD_Score,TCGA-A2-A1FV,5,inner_train
HRD_Score,TCGA-A7-A0CG,5,inner_train
HRD_Score,TCGA-A7-A0DA,5,inner_train
HRD_Score,TCGA-5T-A9QA,5,inner_train
HRD_Score,TCGA-A8-A06Q,5,inner_train
HRD_Score,TCGA-D8-A27N,5,inner_train
HRD_Score,TCGA-D8-A1J8,5,inner_train
HRD_Score,TCGA-A2-A0YH,5,inner_train
HRD_Score,TCGA-AO-A1KP,5,inner_train
HRD_Score,TCGA-GM-A2DL,5,inner_train
HRD_Score,TCGA-BH-A1F2,5,inner_train
HRD_Score,TCGA-EW-A1PG,5,inner_train
HRD_Score,TCGA-A7-A26J,5,inner_train
HRD_Score,TCGA-A2-A0EV,5,inner_train
HRD_Score,TCGA-OL-A6VO,5,inner_train
HRD_Score,TCGA-BH-A6R8,5,inner_train
HRD_Score,TCGA-C8-A8HR,5,inner_train
HRD_Score,TCGA-BH-A0B5,5,inner_train
HRD_Score,TCGA-GM-A2DH,5,inner_train
HRD_Score,TCGA-EW-A1PB,5,inner_train
HRD_Score,TCGA-AN-A0XR,5,inner_train
HRD_Score,TCGA-C8-A26W,5,inner_train
HRD_Score,TCGA-A8-A075,5,inner_train
HRD_Score,TCGA-D8-A1JN,5,inner_train
HRD_Score,TCGA-LL-A7T0,5,inner_train
HRD_Score,TCGA-A7-A13F,5,inner_train
HRD_Score,TCGA-AO-A03R,5,inner_train
HRD_Score,TCGA-S3-AA14,5,inner_train
HRD_Score,TCGA-AO-A0JE,5,inner_train
HRD_Score,TCGA-EW-A1OZ,5,inner_train
HRD_Score,TCGA-AC-A2FB,5,inner_train
HRD_Score,TCGA-UU-A93S,5,inner_train
HRD_Score,TCGA-A7-A0D9,5,inner_train
HRD_Score,TCGA-C8-A1HF,5,inner_train
HRD_Score,TCGA-BH-A1ET,5,inner_train
HRD_Score,TCGA-E9-A1RG,5,inner_train
HRD_Score,TCGA-D8-A1Y1,5,inner_train
HRD_Score,TCGA-B6-A0WS,5,inner_train
HRD_Score,TCGA-PL-A8LY,5,inner_train
HRD_Score,TCGA-AN-A0XO,5,inner_train
HRD_Score,TCGA-AN-A0FN,5,inner_train
HRD_Score,TCGA-BH-A1FM,5,inner_train
HRD_Score,TCGA-E9-A243,5,inner_train
HRD_Score,TCGA-E2-A1BC,5,inner_train
HRD_Score,TCGA-A8-A08Z,5,inner_train
HRD_Score,TCGA-C8-A26Y,5,inner_train
HRD_Score,TCGA-EW-A2FS,5,inner_train
HRD_Score,TCGA-BH-A0DE,5,inner_train
HRD_Score,TCGA-BH-A0DK,5,inner_train
HRD_Score,TCGA-EW-A1IZ,5,inner_train
HRD_Score,TCGA-AR-A5QP,5,inner_train
HRD_Score,TCGA-A7-A6VX,5,inner_train
HRD_Score,TCGA-AC-A3QQ,5,inner_train
HRD_Score,TCGA-AR-A251,5,inner_train
HRD_Score,TCGA-A2-A0EY,5,inner_train
HRD_Score,TCGA-E2-A1IO,5,inner_train
HRD_Score,TCGA-BH-A18L,5,inner_train
HRD_Score,TCGA-C8-A275,5,inner_train
HRD_Score,TCGA-C8-A26V,5,inner_train
HRD_Score,TCGA-AC-A3OD,5,inner_train
HRD_Score,TCGA-E2-A15E,5,inner_train
HRD_Score,TCGA-BH-A0BR,5,inner_train
HRD_Score,TCGA-E2-A14Z,5,inner_train
HRD_Score,TCGA-BH-A203,5,inner_train
HRD_Score,TCGA-E2-A15K,5,inner_train
HRD_Score,TCGA-BH-A0HU,5,inner_train
HRD_Score,TCGA-BH-A18N,5,inner_train
HRD_Score,TCGA-AR-A2LH,5,inner_train
HRD_Score,TCGA-A2-A04T,5,inner_train
HRD_Score,TCGA-AR-A24P,5,inner_train
HRD_Score,TCGA-GM-A2DM,5,inner_train
HRD_Score,TCGA-BH-A0B9,5,inner_train
HRD_Score,TCGA-D8-A27K,5,inner_train
HRD_Score,TCGA-BH-A0AV,5,inner_train
HRD_Score,TCGA-E9-A22B,5,inner_train
HRD_Score,TCGA-A7-A26E,5,inner_train
HRD_Score,TCGA-A1-A0SK,5,inner_train
HRD_Score,TCGA-OL-A5RV,5,inner_train
HRD_Score,TCGA-A2-A25D,5,inner_train
HRD_Score,TCGA-S3-A6ZH,5,inner_train
HRD_Score,TCGA-AO-A12A,5,inner_train
HRD_Score,TCGA-A8-A095,5,inner_train
HRD_Score,TCGA-AN-A0FK,5,inner_train
HRD_Score,TCGA-D8-A145,5,inner_train
HRD_Score,TCGA-AC-A8OQ,5,inner_train
HRD_Score,TCGA-E9-A1N8,5,inner_train
HRD_Score,TCGA-GM-A2DF,5,inner_train
HRD_Score,TCGA-BH-A0HP,5,inner_train
HRD_Score,TCGA-A2-A0T5,5,inner_train
HRD_Score,TCGA-BH-A42V,5,inner_train
HRD_Score,TCGA-E2-A15J,5,inner_train
HRD_Score,TCGA-BH-A5IZ,5,inner_train
HRD_Score,TCGA-AO-A0J3,5,inner_train
HRD_Score,TCGA-D8-A1JG,5,inner_train
HRD_Score,TCGA-V7-A7HQ,5,inner_train
HRD_Score,TCGA-D8-A1XM,5,inner_train
HRD_Score,TCGA-A8-A09N,5,inner_train
HRD_Score,TCGA-AR-A2LK,5,inner_train
HRD_Score,TCGA-EW-A6SB,5,inner_train
HRD_Score,TCGA-D8-A27V,5,inner_train
HRD_Score,TCGA-A2-A0CM,5,inner_train
HRD_Score,TCGA-AC-A6IX,5,inner_train
HRD_Score,TCGA-S3-AA12,5,inner_train
HRD_Score,TCGA-E2-A14X,5,inner_train
HRD_Score,TCGA-AN-A0XV,5,inner_train
HRD_Score,TCGA-AR-A1AO,5,inner_train
HRD_Score,TCGA-E2-A1LL,5,inner_train
HRD_Score,TCGA-AR-A5QM,5,inner_train
HRD_Score,TCGA-C8-A1HG,5,inner_train
HRD_Score,TCGA-EW-A2FV,5,inner_train
HRD_Score,TCGA-B6-A0I5,5,inner_train
HRD_Score,TCGA-OL-A5D7,5,inner_train
HRD_Score,TCGA-AC-A6IW,5,inner_train
HRD_Score,TCGA-C8-A137,5,inner_train
HRD_Score,TCGA-E9-A1N9,5,inner_train
HRD_Score,TCGA-E2-A158,5,inner_train
HRD_Score,TCGA-AQ-A1H2,5,inner_val
HRD_Score,TCGA-E9-A1R7,5,inner_val
HRD_Score,TCGA-XX-A899,5,inner_val
HRD_Score,TCGA-A8-A0A1,5,inner_val
HRD_Score,TCGA-BH-A0BO,5,inner_val
HRD_Score,TCGA-AC-A6NO,5,inner_val
HRD_Score,TCGA-C8-A12P,5,inner_val
HRD_Score,TCGA-AO-A03O,5,inner_val
HRD_Score,TCGA-D8-A1Y0,5,inner_val
HRD_Score,TCGA-EW-A6SD,5,inner_val
HRD_Score,TCGA-D8-A1XY,5,inner_val
HRD_Score,TCGA-E2-A570,5,inner_val
HRD_Score,TCGA-D8-A143,5,inner_val
HRD_Score,TCGA-E2-A15I,5,inner_val
HRD_Score,TCGA-D8-A1JB,5,inner_val
HRD_Score,TCGA-D8-A1XL,5,inner_val
HRD_Score,TCGA-C8-A138,5,inner_val
HRD_Score,TCGA-E9-A1R0,5,inner_val
HRD_Score,TCGA-AO-A0J9,5,inner_val
HRD_Score,TCGA-A8-A0A2,5,inner_val
HRD_Score,TCGA-E9-A1NE,5,inner_val
HRD_Score,TCGA-BH-A0DV,5,inner_val
HRD_Score,TCGA-AC-A7VC,5,inner_val
HRD_Score,TCGA-A8-A06P,5,inner_val
HRD_Score,TCGA-A7-A5ZV,5,inner_val
HRD_Score,TCGA-D8-A1XC,5,inner_val
HRD_Score,TCGA-E9-A1ND,5,inner_val
HRD_Score,TCGA-EW-A1PH,5,inner_val
HRD_Score,TCGA-AN-A0FX,5,inner_val
HRD_Score,TCGA-BH-A0BM,5,inner_val
HRD_Score,TCGA-E9-A245,5,inner_val
HRD_Score,TCGA-AN-A03Y,5,inner_val
HRD_Score,TCGA-AR-A24O,5,inner_val
HRD_Score,TCGA-BH-A0HO,5,inner_val
HRD_Score,TCGA-AR-A0TW,5,inner_val
HRD_Score,TCGA-BH-A0W3,5,inner_val
HRD_Score,TCGA-A7-A26I,5,inner_val
HRD_Score,TCGA-D8-A1JJ,5,inner_val
HRD_Score,TCGA-E9-A1RB,5,inner_val
HRD_Score,TCGA-BH-A0AW,5,inner_val
HRD_Score,TCGA-E2-A1L9,5,inner_val
HRD_Score,TCGA-AC-A23C,5,inner_val
HRD_Score,TCGA-A2-A04Y,5,inner_val
HRD_Score,TCGA-A2-A0T2,5,inner_val
HRD_Score,TCGA-E2-A156,5,inner_val
HRD_Score,TCGA-BH-A209,5,inner_val
HRD_Score,TCGA-B6-A0IB,5,inner_val
HRD_Score,TCGA-B6-A0RL,5,inner_val
HRD_Score,TCGA-C8-A135,5,inner_val
HRD_Score,TCGA-D8-A1JC,5,inner_val
HRD_Score,TCGA-C8-A132,5,inner_val
HRD_Score,TCGA-A8-A06R,5,inner_val
HRD_Score,TCGA-OL-A5D6,5,inner_val
HRD_Score,TCGA-E9-A1R6,5,inner_val
HRD_Score,TCGA-AR-A0TP,5,inner_val
HRD_Score,TCGA-A1-A0SF,5,inner_val
HRD_Score,TCGA-PL-A8LV,5,inner_val
HRD_Score,TCGA-BH-A0HQ,5,inner_val
HRD_Score,TCGA-E9-A1NA,5,inner_val
HRD_Score,TCGA-D8-A1XQ,5,inner_val
HRD_Score,TCGA-A8-A090,5,inner_val
HRD_Score,TCGA-E2-A10A,5,inner_val
HRD_Score,TCGA-B6-A2IU,5,inner_val
HRD_Score,TCGA-EW-A1J3,5,inner_val
HRD_Score,TCGA-A2-A0D1,5,inner_val
HRD_Score,TCGA-AN-A0AJ,5,inner_val
HRD_Score,TCGA-C8-A27B,5,inner_val
HRD_Score,TCGA-BH-A1FC,5,inner_val
HRD_Score,TCGA-OL-A66P,5,inner_val
HRD_Score,TCGA-B6-A0RE,5,inner_val
HRD_Score,TCGA-A2-A0EX,5,inner_val
HRD_Score,TCGA-D8-A1JH,5,inner_val
HRD_Score,TCGA-A8-A09Z,5,inner_val
HRD_Score,TCGA-OL-A66N,5,inner_val
HRD_Score,TCGA-A7-A6VW,5,inner_val
HRD_Score,TCGA-BH-A0HA,5,inner_val
HRD_Score,TCGA-BH-A0E1,5,inner_val
HRD_Score,TCGA-BH-A0DO,5,inner_val
HRD_Score,TCGA-AO-A0JI,5,inner_val
HRD_Score,TCGA-A8-A07W,5,inner_val
HRD_Score,TCGA-AO-A0J6,5,inner_val
HRD_Score,TCGA-AR-A24S,5,inner_val
HRD_Score,TCGA-C8-A12M,5,inner_val
HRD_Score,TCGA-A8-A07O,5,inner_val
HRD_Score,TCGA-BH-A0DH,5,inner_val
HRD_Score,TCGA-A1-A0SQ,5,inner_val
HRD_Score,TCGA-AN-A04D,5,inner_val
HRD_Score,TCGA-EW-A1OY,5,inner_val
HRD_Score,TCGA-PL-A8LZ,5,inner_val
HRD_Score,TCGA-A2-A0EN,5,inner_val
HRD_Score,TCGA-EW-A1J1,5,inner_val
HRD_Score,TCGA-AN-A0AL,5,inner_val
HRD_Score,TCGA-D8-A1X9,5,inner_val
HRD_Score,TCGA-E2-A10C,5,inner_val
HRD_Score,TCGA-B6-A0WZ,5,inner_val
HRD_Score,TCGA-D8-A1XB,5,inner_val
HRD_Score,TCGA-AR-A1AQ,5,inner_val
HRD_Score,TCGA-AR-A24R,5,inner_val
HRD_Score,TCGA-BH-A8G0,5,inner_val
HRD_Score,TCGA-XX-A89A,5,inner_val
HRD_Score,TCGA-S3-AA17,5,inner_val
HRD_Score,TCGA-AR-A1AY,5,inner_val
HRD_Score,TCGA-E9-A22D,5,inner_val
HRD_Score,TCGA-EW-A1IW,5,inner_val
HRD_Score,TCGA-BH-A0AU,5,inner_val
HRD_Score,TCGA-A2-A0YM,5,inner_val
HRD_Score,TCGA-A2-A3Y0,5,inner_val
HRD_Score,TCGA-BH-A0DS,5,inner_val
HRD_Score,TCGA-BH-A18S,5,inner_val
HRD_Score,TCGA-A2-A0YC,5,inner_val
HRD_Score,TCGA-GM-A2DC,5,inner_val
HRD_Score,TCGA-AO-A03L,5,inner_val
HRD_Score,TCGA-BH-A8FY,5,inner_val
HRD_Score,TCGA-A2-A4S1,5,inner_val
HRD_Score,TCGA-D8-A1XT,5,inner_val
HRD_Score,TCGA-B6-A0IE,5,inner_val
HRD_Score,TCGA-OL-A5RY,5,inner_val
HRD_Score,TCGA-A8-A07U,5,inner_val
HRD_Score,TCGA-A8-A09B,5,inner_val
HRD_Score,TCGA-AN-A049,5,inner_val
HRD_Score,TCGA-AC-A5EH,5,inner_val
HRD_Score,TCGA-A2-A1FZ,5,inner_val
HRD_Score,TCGA-EW-A1P5,5,inner_val
HRD_Score,TCGA-LD-A7W5,5,inner_val
HRD_Score,TCGA-E2-A15T,5,inner_val
HRD_Score,TCGA-A2-A0ES,5,inner_val
HRD_Score,TCGA-C8-A1HE,5,inner_val
HRD_Score,TCGA-AR-A5QN,5,inner_val
HRD_Score,TCGA-AR-A24V,5,inner_val
HRD_Score,TCGA-LL-A6FQ,5,inner_val
HRD_Score,TCGA-BH-A0DT,5,inner_val
HRD_Score,TCGA-BH-A0BC,5,inner_val
HRD_Score,TCGA-A8-A08L,5,inner_val
HRD_Score,TCGA-B6-A0X0,5,inner_val
HRD_Score,TCGA-E2-A1L6,5,inner_val
HRD_Score,TCGA-B6-A0X4,5,inner_val
HRD_Score,TCGA-OL-A66J,5,inner_val
HRD_Score,TCGA-BH-A18M,5,inner_val
HRD_Score,TCGA-AO-A12H,5,inner_val
HRD_Score,TCGA-A7-A5ZX,5,inner_val
HRD_Score,TCGA-AC-A3YI,5,inner_val
HRD_Score,TCGA-PL-A8LX,5,inner_val
HRD_Score,TCGA-BH-A0EE,5,inner_val
HRD_Score,TCGA-C8-A12W,5,inner_val
HRD_Score,TCGA-E2-A15R,5,inner_val
HRD_Score,TCGA-C8-A12N,5,inner_val
HRD_Score,TCGA-BH-A0WA,5,inner_val
HRD_Score,TCGA-AR-A24U,5,inner_val
HRD_Score,TCGA-BH-A0BJ,5,inner_val
HRD_Score,TCGA-BH-A0DQ,5,inner_val
HRD_Score,TCGA-E2-A15O,5,inner_val
HRD_Score,TCGA-BH-A0C1,5,inner_val
HRD_Score,TCGA-E9-A1R5,5,inner_val
HRD_Score,TCGA-A8-A09V,5,inner_val
HRD_Score,TCGA-D8-A1XR,5,inner_val
HRD_Score,TCGA-A1-A0SB,5,test
HRD_Score,TCGA-A1-A0SD,5,test
HRD_Score,TCGA-A2-A04P,5,test
HRD_Score,TCGA-A2-A0CP,5,test
HRD_Score,TCGA-A2-A0CT,5,test
HRD_Score,TCGA-A2-A0CW,5,test
HRD_Score,TCGA-A2-A0CX,5,test
HRD_Score,TCGA-A2-A0D4,5,test
HRD_Score,TCGA-A2-A0EM,5,test
HRD_Score,TCGA-A2-A0SV,5,test
HRD_Score,TCGA-A2-A0SW,5,test
HRD_Score,TCGA-A2-A0YL,5,test
HRD_Score,TCGA-A2-A1G4,5,test
HRD_Score,TCGA-A2-A25C,5,test
HRD_Score,TCGA-A2-A4S3,5,test
HRD_Score,TCGA-A7-A0CJ,5,test
HRD_Score,TCGA-A7-A13E,5,test
HRD_Score,TCGA-A7-A26H,5,test
HRD_Score,TCGA-A8-A06U,5,test
HRD_Score,TCGA-A8-A06Z,5,test
HRD_Score,TCGA-A8-A079,5,test
HRD_Score,TCGA-A8-A07I,5,test
HRD_Score,TCGA-A8-A07J,5,test
HRD_Score,TCGA-A8-A07L,5,test
HRD_Score,TCGA-A8-A07P,5,test
HRD_Score,TCGA-A8-A08B,5,test
HRD_Score,TCGA-A8-A08O,5,test
HRD_Score,TCGA-A8-A08R,5,test
HRD_Score,TCGA-A8-A08T,5,test
HRD_Score,TCGA-A8-A091,5,test
HRD_Score,TCGA-A8-A093,5,test
HRD_Score,TCGA-A8-A09A,5,test
HRD_Score,TCGA-A8-A09Q,5,test
HRD_Score,TCGA-A8-A0AB,5,test
HRD_Score,TCGA-A8-A0AD,5,test
HRD_Score,TCGA-AC-A2QH,5,test
HRD_Score,TCGA-AC-A7VB,5,test
HRD_Score,TCGA-AN-A041,5,test
HRD_Score,TCGA-AN-A04C,5,test
HRD_Score,TCGA-AN-A0FJ,5,test
HRD_Score,TCGA-AN-A0FV,5,test
HRD_Score,TCGA-AN-A0XU,5,test
HRD_Score,TCGA-AO-A03T,5,test
HRD_Score,TCGA-AO-A0J4,5,test
HRD_Score,TCGA-AO-A0J7,5,test
HRD_Score,TCGA-AO-A0J8,5,test
HRD_Score,TCGA-AO-A0JB,5,test
HRD_Score,TCGA-AO-A0JG,5,test
HRD_Score,TCGA-AO-A0JJ,5,test
HRD_Score,TCGA-AO-A12D,5,test
HRD_Score,TCGA-AQ-A04H,5,test
HRD_Score,TCGA-AR-A0TQ,5,test
HRD_Score,TCGA-AR-A0TS,5,test
HRD_Score,TCGA-AR-A0U0,5,test
HRD_Score,TCGA-AR-A1AI,5,test
HRD_Score,TCGA-AR-A1AN,5,test
HRD_Score,TCGA-AR-A1AP,5,test
HRD_Score,TCGA-AR-A1AU,5,test
HRD_Score,TCGA-AR-A24W,5,test
HRD_Score,TCGA-AR-A24X,5,test
HRD_Score,TCGA-AR-A256,5,test
HRD_Score,TCGA-AR-A2LN,5,test
HRD_Score,TCGA-AR-A2LO,5,test
HRD_Score,TCGA-AR-A2LQ,5,test
HRD_Score,TCGA-AR-A5QQ,5,test
HRD_Score,TCGA-B6-A0I2,5,test
HRD_Score,TCGA-B6-A0IN,5,test
HRD_Score,TCGA-B6-A0RN,5,test
HRD_Score,TCGA-B6-A0RO,5,test
HRD_Score,TCGA-B6-A0RP,5,test
HRD_Score,TCGA-B6-A0RU,5,test
HRD_Score,TCGA-B6-A0WW,5,test
HRD_Score,TCGA-B6-A0X1,5,test
HRD_Score,TCGA-B6-A1KF,5,test
HRD_Score,TCGA-B6-A1KN,5,test
HRD_Score,TCGA-BH-A0AZ,5,test
HRD_Score,TCGA-BH-A0B3,5,test
HRD_Score,TCGA-BH-A0BF,5,test
HRD_Score,TCGA-BH-A0BP,5,test
HRD_Score,TCGA-BH-A0BZ,5,test
HRD_Score,TCGA-BH-A0DX,5,test
HRD_Score,TCGA-BH-A0E7,5,test
HRD_Score,TCGA-BH-A0E9,5,test
HRD_Score,TCGA-BH-A0EA,5,test
HRD_Score,TCGA-BH-A0HW,5,test
HRD_Score,TCGA-BH-A0HX,5,test
HRD_Score,TCGA-BH-A18I,5,test
HRD_Score,TCGA-BH-A18J,5,test
HRD_Score,TCGA-BH-A18K,5,test
HRD_Score,TCGA-BH-A18P,5,test
HRD_Score,TCGA-BH-A1EU,5,test
HRD_Score,TCGA-BH-A1EW,5,test
HRD_Score,TCGA-BH-A1FG,5,test
HRD_Score,TCGA-C8-A12L,5,test
HRD_Score,TCGA-C8-A12U,5,test
HRD_Score,TCGA-C8-A12Y,5,test
HRD_Score,TCGA-C8-A130,5,test
HRD_Score,TCGA-C8-A131,5,test
HRD_Score,TCGA-C8-A1HM,5,test
HRD_Score,TCGA-C8-A273,5,test
HRD_Score,TCGA-D8-A140,5,test
HRD_Score,TCGA-D8-A1JA,5,test
HRD_Score,TCGA-D8-A1JF,5,test
HRD_Score,TCGA-D8-A1JM,5,test
HRD_Score,TCGA-D8-A1XK,5,test
HRD_Score,TCGA-D8-A1XO,5,test
HRD_Score,TCGA-D8-A1XV,5,test
HRD_Score,TCGA-D8-A1XZ,5,test
HRD_Score,TCGA-D8-A1Y2,5,test
HRD_Score,TCGA-D8-A3Z6,5,test
HRD_Score,TCGA-D8-A73W,5,test
HRD_Score,TCGA-D8-A73X,5,test
HRD_Score,TCGA-E2-A14O,5,test
HRD_Score,TCGA-E2-A14R,5,test
HRD_Score,TCGA-E2-A150,5,test
HRD_Score,TCGA-E2-A154,5,test
HRD_Score,TCGA-E2-A159,5,test
HRD_Score,TCGA-E2-A15A,5,test
HRD_Score,TCGA-E2-A15C,5,test
HRD_Score,TCGA-E2-A15P,5,test
HRD_Score,TCGA-E2-A1AZ,5,test
HRD_Score,TCGA-E2-A1B0,5,test
HRD_Score,TCGA-E2-A1BD,5,test
HRD_Score,TCGA-E2-A1IE,5,test
HRD_Score,TCGA-E2-A1IH,5,test
HRD_Score,TCGA-E2-A1IL,5,test
HRD_Score,TCGA-E2-A1IU,5,test
HRD_Score,TCGA-E2-A1LH,5,test
HRD_Score,TCGA-E2-A56Z,5,test
HRD_Score,TCGA-E9-A1N5,5,test
HRD_Score,TCGA-E9-A1NI,5,test
HRD_Score,TCGA-E9-A1RD,5,test
HRD_Score,TCGA-E9-A226,5,test
HRD_Score,TCGA-E9-A227,5,test
HRD_Score,TCGA-E9-A24A,5,test
HRD_Score,TCGA-E9-A5FL,5,test
HRD_Score,TCGA-E9-A6HE,5,test
HRD_Score,TCGA-EW-A6SC,5,test
HRD_Score,TCGA-GM-A2DB,5,test
HRD_Score,TCGA-GM-A2DN,5,test
HRD_Score,TCGA-HN-A2OB,5,test
HRD_Score,TCGA-LL-A50Y,5,test
HRD_Score,TCGA-LL-A5YN,5,test
HRD_Score,TCGA-LL-A5YP,5,test
HRD_Score,TCGA-LL-A73Y,5,test
HRD_Score,TCGA-OL-A5DA,5,test
HRD_Score,TCGA-OL-A5RW,5,test
HRD_Score,TCGA-OL-A5RX,5,test
HRD_Score,TCGA-PE-A5DD,5,test
HRD_Score,TCGA-PE-A5DE,5,test
HRD_Score,TCGA-S3-A6ZG,5,test
HRD_Score,TCGA-S3-AA11,5,test
HRD_Score,TCGA-WT-AB41,5,test
HRD_Score,TCGA-WT-AB44,5,test
hrd_binary_33,TCGA-3C-AALI,1,train
hrd_binary_33,TCGA-3C-AALJ,1,train
hrd_binary_33,TCGA-5L-AAT0,1,train
hrd_binary_33,TCGA-A1-A0SD,1,train
hrd_binary_33,TCGA-A1-A0SE,1,train
hrd_binary_33,TCGA-A1-A0SF,1,train
hrd_binary_33,TCGA-A1-A0SG,1,train
hrd_binary_33,TCGA-A1-A0SI,1,train
hrd_binary_33,TCGA-A1-A0SJ,1,train
hrd_binary_33,TCGA-A1-A0SO,1,train
hrd_binary_33,TCGA-A1-A0SQ,1,train
hrd_binary_33,TCGA-A2-A04N,1,train
hrd_binary_33,TCGA-A2-A04Q,1,train
hrd_binary_33,TCGA-A2-A04R,1,train
hrd_binary_33,TCGA-A2-A04T,1,train
hrd_binary_33,TCGA-A2-A04U,1,train
hrd_binary_33,TCGA-A2-A04V,1,train
hrd_binary_33,TCGA-A2-A04Y,1,train
hrd_binary_33,TCGA-A2-A0CM,1,train
hrd_binary_33,TCGA-A2-A0CP,1,train
hrd_binary_33,TCGA-A2-A0CR,1,train
hrd_binary_33,TCGA-A2-A0CS,1,train
hrd_binary_33,TCGA-A2-A0CT,1,train
hrd_binary_33,TCGA-A2-A0CV,1,train
hrd_binary_33,TCGA-A2-A0CW,1,train
hrd_binary_33,TCGA-A2-A0CX,1,train
hrd_binary_33,TCGA-A2-A0D0,1,train
hrd_binary_33,TCGA-A2-A0D1,1,train
hrd_binary_33,TCGA-A2-A0D3,1,train
hrd_binary_33,TCGA-A2-A0D4,1,train
hrd_binary_33,TCGA-A2-A0EN,1,train
hrd_binary_33,TCGA-A2-A0EV,1,train
hrd_binary_33,TCGA-A2-A0EW,1,train
hrd_binary_33,TCGA-A2-A0EX,1,train
hrd_binary_33,TCGA-A2-A0SU,1,train
hrd_binary_33,TCGA-A2-A0SV,1,train
hrd_binary_33,TCGA-A2-A0SX,1,train
hrd_binary_33,TCGA-A2-A0SY,1,train
hrd_binary_33,TCGA-A2-A0T0,1,train
hrd_binary_33,TCGA-A2-A0T2,1,train
hrd_binary_33,TCGA-A2-A0T3,1,train
hrd_binary_33,TCGA-A2-A0T4,1,train
hrd_binary_33,TCGA-A2-A0T5,1,train
hrd_binary_33,TCGA-A2-A0T6,1,train
hrd_binary_33,TCGA-A2-A0T7,1,train
hrd_binary_33,TCGA-A2-A0YD,1,train
hrd_binary_33,TCGA-A2-A0YF,1,train
hrd_binary_33,TCGA-A2-A0YH,1,train
hrd_binary_33,TCGA-A2-A0YJ,1,train
hrd_binary_33,TCGA-A2-A0YK,1,train
hrd_binary_33,TCGA-A2-A0YL,1,train
hrd_binary_33,TCGA-A2-A0YT,1,train
hrd_binary_33,TCGA-A2-A1FV,1,train
hrd_binary_33,TCGA-A2-A1FZ,1,train
hrd_binary_33,TCGA-A2-A1G0,1,train
hrd_binary_33,TCGA-A2-A1G1,1,train
hrd_binary_33,TCGA-A2-A259,1,train
hrd_binary_33,TCGA-A2-A25C,1,train
hrd_binary_33,TCGA-A2-A25D,1,train
hrd_binary_33,TCGA-A2-A3KD,1,train
hrd_binary_33,TCGA-A2-A3XU,1,train
hrd_binary_33,TCGA-A2-A3Y0,1,train
hrd_binary_33,TCGA-A2-A4S3,1,train
hrd_binary_33,TCGA-A7-A0CE,1,train
hrd_binary_33,TCGA-A7-A0CH,1,train
hrd_binary_33,TCGA-A7-A0CJ,1,train
hrd_binary_33,TCGA-A7-A0D9,1,train
hrd_binary_33,TCGA-A7-A0DA,1,train
hrd_binary_33,TCGA-A7-A0DB,1,train
hrd_binary_33,TCGA-A7-A13D,1,train
hrd_binary_33,TCGA-A7-A13E,1,train
hrd_binary_33,TCGA-A7-A13F,1,train
hrd_binary_33,TCGA-A7-A26E,1,train
hrd_binary_33,TCGA-A7-A26H,1,train
hrd_binary_33,TCGA-A7-A26I,1,train
hrd_binary_33,TCGA-A7-A26J,1,train
hrd_binary_33,TCGA-A7-A4SE,1,train
hrd_binary_33,TCGA-A7-A5ZV,1,train
hrd_binary_33,TCGA-A7-A5ZW,1,train
hrd_binary_33,TCGA-A7-A5ZX,1,train
hrd_binary_33,TCGA-A7-A6VW,1,train
hrd_binary_33,TCGA-A7-A6VY,1,train
hrd_binary_33,TCGA-A8-A06P,1,train
hrd_binary_33,TCGA-A8-A06Q,1,train
hrd_binary_33,TCGA-A8-A06R,1,train
hrd_binary_33,TCGA-A8-A06U,1,train
hrd_binary_33,TCGA-A8-A06X,1,train
hrd_binary_33,TCGA-A8-A06Z,1,train
hrd_binary_33,TCGA-A8-A075,1,train
hrd_binary_33,TCGA-A8-A076,1,train
hrd_binary_33,TCGA-A8-A079,1,train
hrd_binary_33,TCGA-A8-A07B,1,train
hrd_binary_33,TCGA-A8-A07I,1,train
hrd_binary_33,TCGA-A8-A07J,1,train
hrd_binary_33,TCGA-A8-A07L,1,train
hrd_binary_33,TCGA-A8-A07O,1,train
hrd_binary_33,TCGA-A8-A07U,1,train
hrd_binary_33,TCGA-A8-A07W,1,train
hrd_binary_33,TCGA-A8-A07Z,1,train
hrd_binary_33,TCGA-A8-A081,1,train
hrd_binary_33,TCGA-A8-A082,1,train
hrd_binary_33,TCGA-A8-A083,1,train
hrd_binary_33,TCGA-A8-A08B,1,train
hrd_binary_33,TCGA-A8-A08G,1,train
hrd_binary_33,TCGA-A8-A08H,1,train
hrd_binary_33,TCGA-A8-A08L,1,train
hrd_binary_33,TCGA-A8-A08O,1,train
hrd_binary_33,TCGA-A8-A08R,1,train
hrd_binary_33,TCGA-A8-A08T,1,train
hrd_binary_33,TCGA-A8-A08X,1,train
hrd_binary_33,TCGA-A8-A08Z,1,train
hrd_binary_33,TCGA-A8-A091,1,train
hrd_binary_33,TCGA-A8-A092,1,train
hrd_binary_33,TCGA-A8-A094,1,train
hrd_binary_33,TCGA-A8-A095,1,train
hrd_binary_33,TCGA-A8-A096,1,train
hrd_binary_33,TCGA-A8-A097,1,train
hrd_binary_33,TCGA-A8-A099,1,train
hrd_binary_33,TCGA-A8-A09A,1,train
hrd_binary_33,TCGA-A8-A09C,1,train
hrd_binary_33,TCGA-A8-A09D,1,train
hrd_binary_33,TCGA-A8-A09G,1,train
hrd_binary_33,TCGA-A8-A09N,1,train
hrd_binary_33,TCGA-A8-A09Q,1,train
hrd_binary_33,TCGA-A8-A09T,1,train
hrd_binary_33,TCGA-A8-A09V,1,train
hrd_binary_33,TCGA-A8-A09W,1,train
hrd_binary_33,TCGA-A8-A09X,1,train
hrd_binary_33,TCGA-A8-A09Z,1,train
hrd_binary_33,TCGA-A8-A0A1,1,train
hrd_binary_33,TCGA-A8-A0A2,1,train
hrd_binary_33,TCGA-A8-A0A7,1,train
hrd_binary_33,TCGA-A8-A0AD,1,train
hrd_binary_33,TCGA-AC-A23C,1,train
hrd_binary_33,TCGA-AC-A23E,1,train
hrd_binary_33,TCGA-AC-A23H,1,train
hrd_binary_33,TCGA-AC-A2B8,1,train
hrd_binary_33,TCGA-AC-A2FG,1,train
hrd_binary_33,TCGA-AC-A2FO,1,train
hrd_binary_33,TCGA-AC-A2QH,1,train
hrd_binary_33,TCGA-AC-A3OD,1,train
hrd_binary_33,TCGA-AC-A3QQ,1,train
hrd_binary_33,TCGA-AC-A3YI,1,train
hrd_binary_33,TCGA-AC-A4ZE,1,train
hrd_binary_33,TCGA-AC-A5EH,1,train
hrd_binary_33,TCGA-AC-A5XS,1,train
hrd_binary_33,TCGA-AC-A5XU,1,train
hrd_binary_33,TCGA-AC-A62Y,1,train
hrd_binary_33,TCGA-AC-A6IV,1,train
hrd_binary_33,TCGA-AC-A6IW,1,train
hrd_binary_33,TCGA-AC-A6IX,1,train
hrd_binary_33,TCGA-AC-A6NO,1,train
hrd_binary_33,TCGA-AC-A7VB,1,train
hrd_binary_33,TCGA-AC-A7VC,1,train
hrd_binary_33,TCGA-AC-A8OP,1,train
hrd_binary_33,TCGA-AC-A8OR,1,train
hrd_binary_33,TCGA-AC-A8OS,1,train
hrd_binary_33,TCGA-AN-A03X,1,train
hrd_binary_33,TCGA-AN-A041,1,train
hrd_binary_33,TCGA-AN-A046,1,train
hrd_binary_33,TCGA-AN-A049,1,train
hrd_binary_33,TCGA-AN-A04C,1,train
hrd_binary_33,TCGA-AN-A04D,1,train
hrd_binary_33,TCGA-AN-A0AJ,1,train
hrd_binary_33,TCGA-AN-A0AL,1,train
hrd_binary_33,TCGA-AN-A0AM,1,train
hrd_binary_33,TCGA-AN-A0AS,1,train
hrd_binary_33,TCGA-AN-A0AT,1,train
hrd_binary_33,TCGA-AN-A0FJ,1,train
hrd_binary_33,TCGA-AN-A0FK,1,train
hrd_binary_33,TCGA-AN-A0FS,1,train
hrd_binary_33,TCGA-AN-A0FT,1,train
hrd_binary_33,TCGA-AN-A0FV,1,train
hrd_binary_33,TCGA-AN-A0FW,1,train
hrd_binary_33,TCGA-AN-A0FX,1,train
hrd_binary_33,TCGA-AN-A0FY,1,train
hrd_binary_33,TCGA-AN-A0FZ,1,train
hrd_binary_33,TCGA-AN-A0XN,1,train
hrd_binary_33,TCGA-AN-A0XO,1,train
hrd_binary_33,TCGA-AN-A0XP,1,train
hrd_binary_33,TCGA-AN-A0XS,1,train
hrd_binary_33,TCGA-AN-A0XT,1,train
hrd_binary_33,TCGA-AN-A0XU,1,train
hrd_binary_33,TCGA-AN-A0XW,1,train
hrd_binary_33,TCGA-AO-A03L,1,train
hrd_binary_33,TCGA-AO-A03O,1,train
hrd_binary_33,TCGA-AO-A03R,1,train
hrd_binary_33,TCGA-AO-A03T,1,train
hrd_binary_33,TCGA-AO-A03V,1,train
hrd_binary_33,TCGA-AO-A0J3,1,train
hrd_binary_33,TCGA-AO-A0J4,1,train
hrd_binary_33,TCGA-AO-A0J7,1,train
hrd_binary_33,TCGA-AO-A0J9,1,train
hrd_binary_33,TCGA-AO-A0JA,1,train
hrd_binary_33,TCGA-AO-A0JB,1,train
hrd_binary_33,TCGA-AO-A0JF,1,train
hrd_binary_33,TCGA-AO-A0JG,1,train
hrd_binary_33,TCGA-AO-A0JI,1,train
hrd_binary_33,TCGA-AO-A0JJ,1,train
hrd_binary_33,TCGA-AO-A0JM,1,train
hrd_binary_33,TCGA-AO-A124,1,train
hrd_binary_33,TCGA-AO-A128,1,train
hrd_binary_33,TCGA-AO-A12A,1,train
hrd_binary_33,TCGA-AO-A12D,1,train
hrd_binary_33,TCGA-AO-A12F,1,train
hrd_binary_33,TCGA-AO-A1KP,1,train
hrd_binary_33,TCGA-AO-A1KT,1,train
hrd_binary_33,TCGA-AQ-A04H,1,train
hrd_binary_33,TCGA-AQ-A04J,1,train
hrd_binary_33,TCGA-AQ-A1H2,1,train
hrd_binary_33,TCGA-AQ-A1H3,1,train
hrd_binary_33,TCGA-AR-A0TP,1,train
hrd_binary_33,TCGA-AR-A0TQ,1,train
hrd_binary_33,TCGA-AR-A0TR,1,train
hrd_binary_33,TCGA-AR-A0TS,1,train
hrd_binary_33,TCGA-AR-A0TV,1,train
hrd_binary_33,TCGA-AR-A0TW,1,train
hrd_binary_33,TCGA-AR-A0TX,1,train
hrd_binary_33,TCGA-AR-A0TY,1,train
hrd_binary_33,TCGA-AR-A0TZ,1,train
hrd_binary_33,TCGA-AR-A0U0,1,train
hrd_binary_33,TCGA-AR-A1AH,1,train
hrd_binary_33,TCGA-AR-A1AJ,1,train
hrd_binary_33,TCGA-AR-A1AK,1,train
hrd_binary_33,TCGA-AR-A1AN,1,train
hrd_binary_33,TCGA-AR-A1AO,1,train
hrd_binary_33,TCGA-AR-A1AP,1,train
hrd_binary_33,TCGA-AR-A1AR,1,train
hrd_binary_33,TCGA-AR-A1AU,1,train
hrd_binary_33,TCGA-AR-A1AX,1,train
hrd_binary_33,TCGA-AR-A1AY,1,train
hrd_binary_33,TCGA-AR-A24L,1,train
hrd_binary_33,TCGA-AR-A24N,1,train
hrd_binary_33,TCGA-AR-A24O,1,train
hrd_binary_33,TCGA-AR-A24P,1,train
hrd_binary_33,TCGA-AR-A24Q,1,train
hrd_binary_33,TCGA-AR-A24R,1,train
hrd_binary_33,TCGA-AR-A24S,1,train
hrd_binary_33,TCGA-AR-A24U,1,train
hrd_binary_33,TCGA-AR-A24V,1,train
hrd_binary_33,TCGA-AR-A24W,1,train
hrd_binary_33,TCGA-AR-A24X,1,train
hrd_binary_33,TCGA-AR-A24Z,1,train
hrd_binary_33,TCGA-AR-A250,1,train
hrd_binary_33,TCGA-AR-A251,1,train
hrd_binary_33,TCGA-AR-A252,1,train
hrd_binary_33,TCGA-AR-A254,1,train
hrd_binary_33,TCGA-AR-A256,1,train
hrd_binary_33,TCGA-AR-A2LH,1,train
hrd_binary_33,TCGA-AR-A2LO,1,train
hrd_binary_33,TCGA-AR-A5QM,1,train
hrd_binary_33,TCGA-AR-A5QN,1,train
hrd_binary_33,TCGA-AR-A5QP,1,train
hrd_binary_33,TCGA-AR-A5QQ,1,train
hrd_binary_33,TCGA-B6-A0I2,1,train
hrd_binary_33,TCGA-B6-A0I5,1,train
hrd_binary_33,TCGA-B6-A0IB,1,train
hrd_binary_33,TCGA-B6-A0IC,1,train
hrd_binary_33,TCGA-B6-A0IE,1,train
hrd_binary_33,TCGA-B6-A0IH,1,train
hrd_binary_33,TCGA-B6-A0IJ,1,train
hrd_binary_33,TCGA-B6-A0IN,1,train
hrd_binary_33,TCGA-B6-A0RH,1,train
hrd_binary_33,TCGA-B6-A0RI,1,train
hrd_binary_33,TCGA-B6-A0RL,1,train
hrd_binary_33,TCGA-B6-A0RN,1,train
hrd_binary_33,TCGA-B6-A0RO,1,train
hrd_binary_33,TCGA-B6-A0RP,1,train
hrd_binary_33,TCGA-B6-A0RS,1,train
hrd_binary_33,TCGA-B6-A0RU,1,train
hrd_binary_33,TCGA-B6-A0RV,1,train
hrd_binary_33,TCGA-B6-A0WS,1,train
hrd_binary_33,TCGA-B6-A0WT,1,train
hrd_binary_33,TCGA-B6-A0WW,1,train
hrd_binary_33,TCGA-B6-A0WY,1,train
hrd_binary_33,TCGA-B6-A0WZ,1,train
hrd_binary_33,TCGA-B6-A0X0,1,train
hrd_binary_33,TCGA-B6-A0X4,1,train
hrd_binary_33,TCGA-B6-A0X5,1,train
hrd_binary_33,TCGA-B6-A1KC,1,train
hrd_binary_33,TCGA-B6-A1KF,1,train
hrd_binary_33,TCGA-B6-A1KN,1,train
hrd_binary_33,TCGA-B6-A2IU,1,train
hrd_binary_33,TCGA-B6-A401,1,train
hrd_binary_33,TCGA-B6-A409,1,train
hrd_binary_33,TCGA-BH-A0AU,1,train
hrd_binary_33,TCGA-BH-A0AV,1,train
hrd_binary_33,TCGA-BH-A0AW,1,train
hrd_binary_33,TCGA-BH-A0AY,1,train
hrd_binary_33,TCGA-BH-A0AZ,1,train
hrd_binary_33,TCGA-BH-A0B3,1,train
hrd_binary_33,TCGA-BH-A0B5,1,train
hrd_binary_33,TCGA-BH-A0B7,1,train
hrd_binary_33,TCGA-BH-A0B9,1,train
hrd_binary_33,TCGA-BH-A0BC,1,train
hrd_binary_33,TCGA-BH-A0BF,1,train
hrd_binary_33,TCGA-BH-A0BJ,1,train
hrd_binary_33,TCGA-BH-A0BL,1,train
hrd_binary_33,TCGA-BH-A0BO,1,train
hrd_binary_33,TCGA-BH-A0BP,1,train
hrd_binary_33,TCGA-BH-A0BR,1,train
hrd_binary_33,TCGA-BH-A0BZ,1,train
hrd_binary_33,TCGA-BH-A0C7,1,train
hrd_binary_33,TCGA-BH-A0DE,1,train
hrd_binary_33,TCGA-BH-A0DG,1,train
hrd_binary_33,TCGA-BH-A0DI,1,train
hrd_binary_33,TCGA-BH-A0DS,1,train
hrd_binary_33,TCGA-BH-A0DT,1,train
hrd_binary_33,TCGA-BH-A0DV,1,train
hrd_binary_33,TCGA-BH-A0DX,1,train
hrd_binary_33,TCGA-BH-A0DZ,1,train
hrd_binary_33,TCGA-BH-A0E0,1,train
hrd_binary_33,TCGA-BH-A0E2,1,train
hrd_binary_33,TCGA-BH-A0E7,1,train
hrd_binary_33,TCGA-BH-A0E9,1,train
hrd_binary_33,TCGA-BH-A0EA,1,train
hrd_binary_33,TCGA-BH-A0EE,1,train
hrd_binary_33,TCGA-BH-A0GY,1,train
hrd_binary_33,TCGA-BH-A0H6,1,train
hrd_binary_33,TCGA-BH-A0H7,1,train
hrd_binary_33,TCGA-BH-A0HA,1,train
hrd_binary_33,TCGA-BH-A0HI,1,train
hrd_binary_33,TCGA-BH-A0HK,1,train
hrd_binary_33,TCGA-BH-A0HO,1,train
hrd_binary_33,TCGA-BH-A0HP,1,train
hrd_binary_33,TCGA-BH-A0HU,1,train
hrd_binary_33,TCGA-BH-A0HX,1,train
hrd_binary_33,TCGA-BH-A0W3,1,train
hrd_binary_33,TCGA-BH-A0W4,1,train
hrd_binary_33,TCGA-BH-A0WA,1,train
hrd_binary_33,TCGA-BH-A18F,1,train
hrd_binary_33,TCGA-BH-A18G,1,train
hrd_binary_33,TCGA-BH-A18J,1,train
hrd_binary_33,TCGA-BH-A18K,1,train
hrd_binary_33,TCGA-BH-A18M,1,train
hrd_binary_33,TCGA-BH-A18N,1,train
hrd_binary_33,TCGA-BH-A18Q,1,train
hrd_binary_33,TCGA-BH-A18R,1,train
hrd_binary_33,TCGA-BH-A18S,1,train
hrd_binary_33,TCGA-BH-A18U,1,train
hrd_binary_33,TCGA-BH-A1EO,1,train
hrd_binary_33,TCGA-BH-A1ET,1,train
hrd_binary_33,TCGA-BH-A1EU,1,train
hrd_binary_33,TCGA-BH-A1EV,1,train
hrd_binary_33,TCGA-BH-A1EW,1,train
hrd_binary_33,TCGA-BH-A1EX,1,train
hrd_binary_33,TCGA-BH-A1EY,1,train
hrd_binary_33,TCGA-BH-A1F0,1,train
hrd_binary_33,TCGA-BH-A1F2,1,train
hrd_binary_33,TCGA-BH-A1FC,1,train
hrd_binary_33,TCGA-BH-A1FE,1,train
hrd_binary_33,TCGA-BH-A1FG,1,train
hrd_binary_33,TCGA-BH-A1FJ,1,train
hrd_binary_33,TCGA-BH-A1FL,1,train
hrd_binary_33,TCGA-BH-A1FM,1,train
hrd_binary_33,TCGA-BH-A1FN,1,train
hrd_binary_33,TCGA-BH-A1FU,1,train
hrd_binary_33,TCGA-BH-A201,1,train
hrd_binary_33,TCGA-BH-A202,1,train
hrd_binary_33,TCGA-BH-A203,1,train
hrd_binary_33,TCGA-BH-A208,1,train
hrd_binary_33,TCGA-BH-A209,1,train
hrd_binary_33,TCGA-BH-A28Q,1,train
hrd_binary_33,TCGA-BH-A2L8,1,train
hrd_binary_33,TCGA-BH-A5IZ,1,train
hrd_binary_33,TCGA-BH-A6R8,1,train
hrd_binary_33,TCGA-BH-A6R9,1,train
hrd_binary_33,TCGA-BH-A8FY,1,train
hrd_binary_33,TCGA-BH-A8FZ,1,train
hrd_binary_33,TCGA-BH-A8G0,1,train
hrd_binary_33,TCGA-BH-AB28,1,train
hrd_binary_33,TCGA-C8-A12M,1,train
hrd_binary_33,TCGA-C8-A12N,1,train
hrd_binary_33,TCGA-C8-A12O,1,train
hrd_binary_33,TCGA-C8-A12P,1,train
hrd_binary_33,TCGA-C8-A12Q,1,train
hrd_binary_33,TCGA-C8-A12Y,1,train
hrd_binary_33,TCGA-C8-A130,1,train
hrd_binary_33,TCGA-C8-A131,1,train
hrd_binary_33,TCGA-C8-A132,1,train
hrd_binary_33,TCGA-C8-A135,1,train
hrd_binary_33,TCGA-C8-A137,1,train
hrd_binary_33,TCGA-C8-A138,1,train
hrd_binary_33,TCGA-C8-A1HE,1,train
hrd_binary_33,TCGA-C8-A1HF,1,train
hrd_binary_33,TCGA-C8-A1HG,1,train
hrd_binary_33,TCGA-C8-A1HJ,1,train
hrd_binary_33,TCGA-C8-A1HK,1,train
hrd_binary_33,TCGA-C8-A1HL,1,train
hrd_binary_33,TCGA-C8-A26V,1,train
hrd_binary_33,TCGA-C8-A26X,1,train
hrd_binary_33,TCGA-C8-A26Y,1,train
hrd_binary_33,TCGA-C8-A273,1,train
hrd_binary_33,TCGA-C8-A275,1,train
hrd_binary_33,TCGA-C8-A278,1,train
hrd_binary_33,TCGA-C8-A27A,1,train
hrd_binary_33,TCGA-C8-A27B,1,train
hrd_binary_33,TCGA-C8-A8HP,1,train
hrd_binary_33,TCGA-C8-A8HQ,1,train
hrd_binary_33,TCGA-D8-A13Y,1,train
hrd_binary_33,TCGA-D8-A13Z,1,train
hrd_binary_33,TCGA-D8-A140,1,train
hrd_binary_33,TCGA-D8-A141,1,train
hrd_binary_33,TCGA-D8-A143,1,train
hrd_binary_33,TCGA-D8-A145,1,train
hrd_binary_33,TCGA-D8-A147,1,train
hrd_binary_33,TCGA-D8-A1JA,1,train
hrd_binary_33,TCGA-D8-A1JC,1,train
hrd_binary_33,TCGA-D8-A1JF,1,train
hrd_binary_33,TCGA-D8-A1JG,1,train
hrd_binary_33,TCGA-D8-A1JI,1,train
hrd_binary_33,TCGA-D8-A1JJ,1,train
hrd_binary_33,TCGA-D8-A1JK,1,train
hrd_binary_33,TCGA-D8-A1JL,1,train
hrd_binary_33,TCGA-D8-A1JM,1,train
hrd_binary_33,TCGA-D8-A1JN,1,train
hrd_binary_33,TCGA-D8-A1JP,1,train
hrd_binary_33,TCGA-D8-A1JS,1,train
hrd_binary_33,TCGA-D8-A1JU,1,train
hrd_binary_33,TCGA-D8-A1X5,1,train
hrd_binary_33,TCGA-D8-A1X7,1,train
hrd_binary_33,TCGA-D8-A1X8,1,train
hrd_binary_33,TCGA-D8-A1X9,1,train
hrd_binary_33,TCGA-D8-A1XA,1,train
hrd_binary_33,TCGA-D8-A1XB,1,train
hrd_binary_33,TCGA-D8-A1XC,1,train
hrd_binary_33,TCGA-D8-A1XF,1,train
hrd_binary_33,TCGA-D8-A1XJ,1,train
hrd_binary_33,TCGA-D8-A1XK,1,train
hrd_binary_33,TCGA-D8-A1XQ,1,train
hrd_binary_33,TCGA-D8-A1XR,1,train
hrd_binary_33,TCGA-D8-A1XT,1,train
hrd_binary_33,TCGA-D8-A1XV,1,train
hrd_binary_33,TCGA-D8-A1XW,1,train
hrd_binary_33,TCGA-D8-A1XZ,1,train
hrd_binary_33,TCGA-D8-A1Y0,1,train
hrd_binary_33,TCGA-D8-A1Y1,1,train
hrd_binary_33,TCGA-D8-A1Y2,1,train
hrd_binary_33,TCGA-D8-A1Y3,1,train
hrd_binary_33,TCGA-D8-A27E,1,train
hrd_binary_33,TCGA-D8-A27F,1,train
hrd_binary_33,TCGA-D8-A27H,1,train
hrd_binary_33,TCGA-D8-A27K,1,train
hrd_binary_33,TCGA-D8-A27L,1,train
hrd_binary_33,TCGA-D8-A27M,1,train
hrd_binary_33,TCGA-D8-A27N,1,train
hrd_binary_33,TCGA-D8-A27P,1,train
hrd_binary_33,TCGA-D8-A27R,1,train
hrd_binary_33,TCGA-D8-A27T,1,train
hrd_binary_33,TCGA-D8-A27V,1,train
hrd_binary_33,TCGA-D8-A3Z6,1,train
hrd_binary_33,TCGA-D8-A4Z1,1,train
hrd_binary_33,TCGA-D8-A73W,1,train
hrd_binary_33,TCGA-E2-A10A,1,train
hrd_binary_33,TCGA-E2-A14O,1,train
hrd_binary_33,TCGA-E2-A14Q,1,train
hrd_binary_33,TCGA-E2-A14X,1,train
hrd_binary_33,TCGA-E2-A14Y,1,train
hrd_binary_33,TCGA-E2-A14Z,1,train
hrd_binary_33,TCGA-E2-A153,1,train
hrd_binary_33,TCGA-E2-A154,1,train
hrd_binary_33,TCGA-E2-A156,1,train
hrd_binary_33,TCGA-E2-A158,1,train
hrd_binary_33,TCGA-E2-A159,1,train
hrd_binary_33,TCGA-E2-A15C,1,train
hrd_binary_33,TCGA-E2-A15D,1,train
hrd_binary_33,TCGA-E2-A15E,1,train
hrd_binary_33,TCGA-E2-A15I,1,train
hrd_binary_33,TCGA-E2-A15J,1,train
hrd_binary_33,TCGA-E2-A15K,1,train
hrd_binary_33,TCGA-E2-A15P,1,train
hrd_binary_33,TCGA-E2-A15R,1,train
hrd_binary_33,TCGA-E2-A15T,1,train
hrd_binary_33,TCGA-E2-A1B0,1,train
hrd_binary_33,TCGA-E2-A1B4,1,train
hrd_binary_33,TCGA-E2-A1B5,1,train
hrd_binary_33,TCGA-E2-A1BC,1,train
hrd_binary_33,TCGA-E2-A1BD,1,train
hrd_binary_33,TCGA-E2-A1IE,1,train
hrd_binary_33,TCGA-E2-A1IF,1,train
hrd_binary_33,TCGA-E2-A1IG,1,train
hrd_binary_33,TCGA-E2-A1IH,1,train
hrd_binary_33,TCGA-E2-A1IJ,1,train
hrd_binary_33,TCGA-E2-A1IL,1,train
hrd_binary_33,TCGA-E2-A1IO,1,train
hrd_binary_33,TCGA-E2-A1IU,1,train
hrd_binary_33,TCGA-E2-A1L6,1,train
hrd_binary_33,TCGA-E2-A1L8,1,train
hrd_binary_33,TCGA-E2-A1L9,1,train
hrd_binary_33,TCGA-E2-A1LA,1,train
hrd_binary_33,TCGA-E2-A1LG,1,train
hrd_binary_33,TCGA-E2-A1LK,1,train
hrd_binary_33,TCGA-E2-A56Z,1,train
hrd_binary_33,TCGA-E2-A570,1,train
hrd_binary_33,TCGA-E2-A573,1,train
hrd_binary_33,TCGA-E2-A576,1,train
hrd_binary_33,TCGA-E2-A9RU,1,train
hrd_binary_33,TCGA-E9-A1N3,1,train
hrd_binary_33,TCGA-E9-A1N5,1,train
hrd_binary_33,TCGA-E9-A1N8,1,train
hrd_binary_33,TCGA-E9-A1N9,1,train
hrd_binary_33,TCGA-E9-A1NA,1,train
hrd_binary_33,TCGA-E9-A1NC,1,train
hrd_binary_33,TCGA-E9-A1ND,1,train
hrd_binary_33,TCGA-E9-A1NE,1,train
hrd_binary_33,TCGA-E9-A1NG,1,train
hrd_binary_33,TCGA-E9-A1NH,1,train
hrd_binary_33,TCGA-E9-A1R0,1,train
hrd_binary_33,TCGA-E9-A1R3,1,train
hrd_binary_33,TCGA-E9-A1R5,1,train
hrd_binary_33,TCGA-E9-A1R6,1,train
hrd_binary_33,TCGA-E9-A1R7,1,train
hrd_binary_33,TCGA-E9-A1RB,1,train
hrd_binary_33,TCGA-E9-A1RC,1,train
hrd_binary_33,TCGA-E9-A1RD,1,train
hrd_binary_33,TCGA-E9-A1RE,1,train
hrd_binary_33,TCGA-E9-A1RF,1,train
hrd_binary_33,TCGA-E9-A1RG,1,train
hrd_binary_33,TCGA-E9-A1RH,1,train
hrd_binary_33,TCGA-E9-A226,1,train
hrd_binary_33,TCGA-E9-A227,1,train
hrd_binary_33,TCGA-E9-A228,1,train
hrd_binary_33,TCGA-E9-A229,1,train
hrd_binary_33,TCGA-E9-A22B,1,train
hrd_binary_33,TCGA-E9-A22D,1,train
hrd_binary_33,TCGA-E9-A22E,1,train
hrd_binary_33,TCGA-E9-A22G,1,train
hrd_binary_33,TCGA-E9-A243,1,train
hrd_binary_33,TCGA-E9-A244,1,train
hrd_binary_33,TCGA-E9-A245,1,train
hrd_binary_33,TCGA-E9-A247,1,train
hrd_binary_33,TCGA-E9-A248,1,train
hrd_binary_33,TCGA-E9-A24A,1,train
hrd_binary_33,TCGA-E9-A295,1,train
hrd_binary_33,TCGA-E9-A3X8,1,train
hrd_binary_33,TCGA-E9-A5FL,1,train
hrd_binary_33,TCGA-E9-A5UO,1,train
hrd_binary_33,TCGA-EW-A1IW,1,train
hrd_binary_33,TCGA-EW-A1IZ,1,train
hrd_binary_33,TCGA-EW-A1J3,1,train
hrd_binary_33,TCGA-EW-A1J6,1,train
hrd_binary_33,TCGA-EW-A1OV,1,train
hrd_binary_33,TCGA-EW-A1OX,1,train
hrd_binary_33,TCGA-EW-A1OY,1,train
hrd_binary_33,TCGA-EW-A1P0,1,train
hrd_binary_33,TCGA-EW-A1P1,1,train
hrd_binary_33,TCGA-EW-A1P4,1,train
hrd_binary_33,TCGA-EW-A1P6,1,train
hrd_binary_33,TCGA-EW-A1P7,1,train
hrd_binary_33,TCGA-EW-A1PA,1,train
hrd_binary_33,TCGA-EW-A1PB,1,train
hrd_binary_33,TCGA-EW-A1PE,1,train
hrd_binary_33,TCGA-EW-A1PG,1,train
hrd_binary_33,TCGA-EW-A2FV,1,train
hrd_binary_33,TCGA-EW-A6SB,1,train
hrd_binary_33,TCGA-EW-A6SC,1,train
hrd_binary_33,TCGA-EW-A6SD,1,train
hrd_binary_33,TCGA-GM-A2DA,1,train
hrd_binary_33,TCGA-GM-A2DB,1,train
hrd_binary_33,TCGA-GM-A2DC,1,train
hrd_binary_33,TCGA-GM-A2DD,1,train
hrd_binary_33,TCGA-GM-A2DF,1,train
hrd_binary_33,TCGA-GM-A2DK,1,train
hrd_binary_33,TCGA-GM-A2DM,1,train
hrd_binary_33,TCGA-GM-A2DN,1,train
hrd_binary_33,TCGA-GM-A3NW,1,train
hrd_binary_33,TCGA-GM-A5PX,1,train
hrd_binary_33,TCGA-LD-A66U,1,train
hrd_binary_33,TCGA-LD-A74U,1,train
hrd_binary_33,TCGA-LD-A7W5,1,train
hrd_binary_33,TCGA-LD-A7W6,1,train
hrd_binary_33,TCGA-LL-A5YL,1,train
hrd_binary_33,TCGA-LL-A5YM,1,train
hrd_binary_33,TCGA-LL-A5YN,1,train
hrd_binary_33,TCGA-LL-A5YP,1,train
hrd_binary_33,TCGA-LL-A6FQ,1,train
hrd_binary_33,TCGA-LL-A6FR,1,train
hrd_binary_33,TCGA-LL-A73Y,1,train
hrd_binary_33,TCGA-LL-A7SZ,1,train
hrd_binary_33,TCGA-LL-A7T0,1,train
hrd_binary_33,TCGA-LL-A9Q3,1,train
hrd_binary_33,TCGA-OK-A5Q2,1,train
hrd_binary_33,TCGA-OL-A5D6,1,train
hrd_binary_33,TCGA-OL-A5D8,1,train
hrd_binary_33,TCGA-OL-A5DA,1,train
hrd_binary_33,TCGA-OL-A5RU,1,train
hrd_binary_33,TCGA-OL-A5RV,1,train
hrd_binary_33,TCGA-OL-A5RW,1,train
hrd_binary_33,TCGA-OL-A5RX,1,train
hrd_binary_33,TCGA-OL-A5RY,1,train
hrd_binary_33,TCGA-OL-A5RZ,1,train
hrd_binary_33,TCGA-OL-A5S0,1,train
hrd_binary_33,TCGA-OL-A66H,1,train
hrd_binary_33,TCGA-OL-A66I,1,train
hrd_binary_33,TCGA-OL-A66J,1,train
hrd_binary_33,TCGA-OL-A66K,1,train
hrd_binary_33,TCGA-OL-A66L,1,train
hrd_binary_33,TCGA-OL-A66O,1,train
hrd_binary_33,TCGA-OL-A66P,1,train
hrd_binary_33,TCGA-OL-A6VQ,1,train
hrd_binary_33,TCGA-OL-A97C,1,train
hrd_binary_33,TCGA-PE-A5DD,1,train
hrd_binary_33,TCGA-PE-A5DE,1,train
hrd_binary_33,TCGA-PL-A8LV,1,train
hrd_binary_33,TCGA-PL-A8LX,1,train
hrd_binary_33,TCGA-PL-A8LY,1,train
hrd_binary_33,TCGA-PL-A8LZ,1,train
hrd_binary_33,TCGA-S3-AA0Z,1,train
hrd_binary_33,TCGA-S3-AA10,1,train
hrd_binary_33,TCGA-S3-AA11,1,train
hrd_binary_33,TCGA-S3-AA12,1,train
hrd_binary_33,TCGA-S3-AA17,1,train
hrd_binary_33,TCGA-UU-A93S,1,train
hrd_binary_33,TCGA-V7-A7HQ,1,train
hrd_binary_33,TCGA-WT-AB41,1,train
hrd_binary_33,TCGA-XX-A899,1,train
hrd_binary_33,TCGA-XX-A89A,1,train
hrd_binary_33,TCGA-AN-A0AJ,1,inner_train
hrd_binary_33,TCGA-AC-A62Y,1,inner_train
hrd_binary_33,TCGA-AN-A0AT,1,inner_train
hrd_binary_33,TCGA-D8-A13Y,1,inner_train
hrd_binary_33,TCGA-LD-A7W6,1,inner_train
hrd_binary_33,TCGA-AO-A0J3,1,inner_train
hrd_binary_33,TCGA-BH-A0DI,1,inner_train
hrd_binary_33,TCGA-XX-A89A,1,inner_train
hrd_binary_33,TCGA-AO-A128,1,inner_train
hrd_binary_33,TCGA-AR-A0TX,1,inner_train
hrd_binary_33,TCGA-B6-A0I5,1,inner_train
hrd_binary_33,TCGA-BH-A1FC,1,inner_train
hrd_binary_33,TCGA-AO-A0JA,1,inner_train
hrd_binary_33,TCGA-C8-A132,1,inner_train
hrd_binary_33,TCGA-E9-A245,1,inner_train
hrd_binary_33,TCGA-AR-A1AY,1,inner_train
hrd_binary_33,TCGA-BH-A0HK,1,inner_train
hrd_binary_33,TCGA-AR-A1AX,1,inner_train
hrd_binary_33,TCGA-E9-A1R6,1,inner_train
hrd_binary_33,TCGA-A2-A3XU,1,inner_train
hrd_binary_33,TCGA-EW-A1P7,1,inner_train
hrd_binary_33,TCGA-E2-A1B5,1,inner_train
hrd_binary_33,TCGA-OL-A66O,1,inner_train
hrd_binary_33,TCGA-E9-A227,1,inner_train
hrd_binary_33,TCGA-BH-A0DV,1,inner_train
hrd_binary_33,TCGA-C8-A12P,1,inner_train
hrd_binary_33,TCGA-AN-A046,1,inner_train
hrd_binary_33,TCGA-A2-A0CP,1,inner_train
hrd_binary_33,TCGA-C8-A1HL,1,inner_train
hrd_binary_33,TCGA-B6-A0X5,1,inner_train
hrd_binary_33,TCGA-A8-A09T,1,inner_train
hrd_binary_33,TCGA-C8-A27B,1,inner_train
hrd_binary_33,TCGA-E9-A3X8,1,inner_train
hrd_binary_33,TCGA-AN-A0FT,1,inner_train
hrd_binary_33,TCGA-A2-A04R,1,inner_train
hrd_binary_33,TCGA-B6-A401,1,inner_train
hrd_binary_33,TCGA-BH-A0DG,1,inner_train
hrd_binary_33,TCGA-AO-A0JB,1,inner_train
hrd_binary_33,TCGA-D8-A1XR,1,inner_train
hrd_binary_33,TCGA-D8-A145,1,inner_train
hrd_binary_33,TCGA-D8-A1X7,1,inner_train
hrd_binary_33,TCGA-B6-A0X4,1,inner_train
hrd_binary_33,TCGA-AC-A8OR,1,inner_train
hrd_binary_33,TCGA-E9-A1RF,1,inner_train
hrd_binary_33,TCGA-A8-A095,1,inner_train
hrd_binary_33,TCGA-B6-A0RH,1,inner_train
hrd_binary_33,TCGA-BH-A0AW,1,inner_train
hrd_binary_33,TCGA-B6-A0I2,1,inner_train
hrd_binary_33,TCGA-S3-AA10,1,inner_train
hrd_binary_33,TCGA-D8-A143,1,inner_train
hrd_binary_33,TCGA-A2-A3KD,1,inner_train
hrd_binary_33,TCGA-BH-A0B7,1,inner_train
hrd_binary_33,TCGA-S3-AA11,1,inner_train
hrd_binary_33,TCGA-D8-A3Z6,1,inner_train
hrd_binary_33,TCGA-BH-A0HA,1,inner_train
hrd_binary_33,TCGA-A7-A26J,1,inner_train
hrd_binary_33,TCGA-AR-A251,1,inner_train
hrd_binary_33,TCGA-A8-A09W,1,inner_train
hrd_binary_33,TCGA-AR-A24X,1,inner_train
hrd_binary_33,TCGA-B6-A0RV,1,inner_train
hrd_binary_33,TCGA-AC-A8OS,1,inner_train
hrd_binary_33,TCGA-E9-A228,1,inner_train
hrd_binary_33,TCGA-AO-A03V,1,inner_train
hrd_binary_33,TCGA-BH-A1F2,1,inner_train
hrd_binary_33,TCGA-BH-A0HP,1,inner_train
hrd_binary_33,TCGA-D8-A140,1,inner_train
hrd_binary_33,TCGA-EW-A1P1,1,inner_train
hrd_binary_33,TCGA-LD-A7W5,1,inner_train
hrd_binary_33,TCGA-A2-A04N,1,inner_train
hrd_binary_33,TCGA-A8-A06U,1,inner_train
hrd_binary_33,TCGA-D8-A1JS,1,inner_train
hrd_binary_33,TCGA-D8-A1JG,1,inner_train
hrd_binary_33,TCGA-E9-A1N8,1,inner_train
hrd_binary_33,TCGA-D8-A27M,1,inner_train
hrd_binary_33,TCGA-BH-A2L8,1,inner_train
hrd_binary_33,TCGA-AN-A0FK,1,inner_train
hrd_binary_33,TCGA-A7-A13E,1,inner_train
hrd_binary_33,TCGA-EW-A6SB,1,inner_train
hrd_binary_33,TCGA-AO-A0JM,1,inner_train
hrd_binary_33,TCGA-AR-A24L,1,inner_train
hrd_binary_33,TCGA-AC-A2QH,1,inner_train
hrd_binary_33,TCGA-AR-A1AJ,1,inner_train
hrd_binary_33,TCGA-OL-A5D6,1,inner_train
hrd_binary_33,TCGA-A8-A076,1,inner_train
hrd_binary_33,TCGA-BH-A0C7,1,inner_train
hrd_binary_33,TCGA-AC-A2FO,1,inner_train
hrd_binary_33,TCGA-EW-A1J6,1,inner_train
hrd_binary_33,TCGA-E2-A156,1,inner_train
hrd_binary_33,TCGA-E2-A14Z,1,inner_train
hrd_binary_33,TCGA-A2-A0SY,1,inner_train
hrd_binary_33,TCGA-GM-A2DA,1,inner_train
hrd_binary_33,TCGA-A7-A5ZX,1,inner_train
hrd_binary_33,TCGA-E2-A15I,1,inner_train
hrd_binary_33,TCGA-A1-A0SD,1,inner_train
hrd_binary_33,TCGA-AR-A24O,1,inner_train
hrd_binary_33,TCGA-C8-A1HF,1,inner_train
hrd_binary_33,TCGA-AC-A6IX,1,inner_train
hrd_binary_33,TCGA-OL-A5RZ,1,inner_train
hrd_binary_33,TCGA-AR-A1AP,1,inner_train
hrd_binary_33,TCGA-D8-A1Y3,1,inner_train
hrd_binary_33,TCGA-AR-A1AK,1,inner_train
hrd_binary_33,TCGA-A2-A04T,1,inner_train
hrd_binary_33,TCGA-E2-A1B4,1,inner_train
hrd_binary_33,TCGA-AR-A0U0,1,inner_train
hrd_binary_33,TCGA-AC-A7VB,1,inner_train
hrd_binary_33,TCGA-BH-A0BF,1,inner_train
hrd_binary_33,TCGA-E2-A1BC,1,inner_train
hrd_binary_33,TCGA-EW-A1J3,1,inner_train
hrd_binary_33,TCGA-A8-A08O,1,inner_train
hrd_binary_33,TCGA-BH-A0BO,1,inner_train
hrd_binary_33,TCGA-A2-A0T2,1,inner_train
hrd_binary_33,TCGA-OL-A5RU,1,inner_train
hrd_binary_33,TCGA-EW-A1OY,1,inner_train
hrd_binary_33,TCGA-PL-A8LY,1,inner_train
hrd_binary_33,TCGA-E2-A15J,1,inner_train
hrd_binary_33,TCGA-AC-A23C,1,inner_train
hrd_binary_33,TCGA-A2-A0CW,1,inner_train
hrd_binary_33,TCGA-AR-A1AO,1,inner_train
hrd_binary_33,TCGA-EW-A6SD,1,inner_train
hrd_binary_33,TCGA-B6-A0WY,1,inner_train
hrd_binary_33,TCGA-BH-A1EV,1,inner_train
hrd_binary_33,TCGA-EW-A6SC,1,inner_train
hrd_binary_33,TCGA-C8-A273,1,inner_train
hrd_binary_33,TCGA-AR-A0TW,1,inner_train
hrd_binary_33,TCGA-E2-A1IF,1,inner_train
hrd_binary_33,TCGA-A8-A08X,1,inner_train
hrd_binary_33,TCGA-A2-A1G0,1,inner_train
hrd_binary_33,TCGA-BH-A18M,1,inner_train
hrd_binary_33,TCGA-D8-A1JJ,1,inner_train
hrd_binary_33,TCGA-BH-A0AU,1,inner_train
hrd_binary_33,TCGA-AC-A3QQ,1,inner_train
hrd_binary_33,TCGA-E9-A1N5,1,inner_train
hrd_binary_33,TCGA-A2-A3Y0,1,inner_train
hrd_binary_33,TCGA-AR-A5QQ,1,inner_train
hrd_binary_33,TCGA-BH-A1FM,1,inner_train
hrd_binary_33,TCGA-E9-A1RB,1,inner_train
hrd_binary_33,TCGA-EW-A1IW,1,inner_train
hrd_binary_33,TCGA-OL-A66P,1,inner_train
hrd_binary_33,TCGA-A2-A0T3,1,inner_train
hrd_binary_33,TCGA-E2-A1LA,1,inner_train
hrd_binary_33,TCGA-PL-A8LX,1,inner_train
hrd_binary_33,TCGA-C8-A1HE,1,inner_train
hrd_binary_33,TCGA-D8-A1XB,1,inner_train
hrd_binary_33,TCGA-B6-A1KC,1,inner_train
hrd_binary_33,TCGA-A8-A083,1,inner_train
hrd_binary_33,TCGA-BH-A0DX,1,inner_train
hrd_binary_33,TCGA-OL-A97C,1,inner_train
hrd_binary_33,TCGA-C8-A12M,1,inner_train
hrd_binary_33,TCGA-LL-A5YP,1,inner_train
hrd_binary_33,TCGA-BH-A18F,1,inner_train
hrd_binary_33,TCGA-E2-A14X,1,inner_train
hrd_binary_33,TCGA-A2-A25D,1,inner_train
hrd_binary_33,TCGA-B6-A2IU,1,inner_train
hrd_binary_33,TCGA-A8-A092,1,inner_train
hrd_binary_33,TCGA-BH-AB28,1,inner_train
hrd_binary_33,TCGA-OL-A66L,1,inner_train
hrd_binary_33,TCGA-E2-A1IO,1,inner_train
hrd_binary_33,TCGA-E9-A295,1,inner_train
hrd_binary_33,TCGA-BH-A1EO,1,inner_train
hrd_binary_33,TCGA-LL-A6FR,1,inner_train
hrd_binary_33,TCGA-EW-A1P6,1,inner_train
hrd_binary_33,TCGA-AN-A0FJ,1,inner_train
hrd_binary_33,TCGA-S3-AA17,1,inner_train
hrd_binary_33,TCGA-BH-A8G0,1,inner_train
hrd_binary_33,TCGA-D8-A1XV,1,inner_train
hrd_binary_33,TCGA-A8-A081,1,inner_train
hrd_binary_33,TCGA-E2-A1IH,1,inner_train
hrd_binary_33,TCGA-AN-A0FW,1,inner_train
hrd_binary_33,TCGA-B6-A0WS,1,inner_train
hrd_binary_33,TCGA-AN-A04D,1,inner_train
hrd_binary_33,TCGA-BH-A202,1,inner_train
hrd_binary_33,TCGA-BH-A0AY,1,inner_train
hrd_binary_33,TCGA-A8-A07W,1,inner_train
hrd_binary_33,TCGA-E2-A9RU,1,inner_train
hrd_binary_33,TCGA-A8-A09Z,1,inner_train
hrd_binary_33,TCGA-D8-A1XJ,1,inner_train
hrd_binary_33,TCGA-D8-A1XC,1,inner_train
hrd_binary_33,TCGA-OL-A5RV,1,inner_train
hrd_binary_33,TCGA-D8-A1JL,1,inner_train
hrd_binary_33,TCGA-AO-A0JG,1,inner_train
hrd_binary_33,TCGA-BH-A208,1,inner_train
hrd_binary_33,TCGA-AO-A0J7,1,inner_train
hrd_binary_33,TCGA-A2-A4S3,1,inner_train
hrd_binary_33,TCGA-B6-A0IB,1,inner_train
hrd_binary_33,TCGA-A7-A0CE,1,inner_train
hrd_binary_33,TCGA-A8-A09D,1,inner_train
hrd_binary_33,TCGA-GM-A2DC,1,inner_train
hrd_binary_33,TCGA-A7-A0CH,1,inner_train
hrd_binary_33,TCGA-AR-A24S,1,inner_train
hrd_binary_33,TCGA-E9-A1R5,1,inner_train
hrd_binary_33,TCGA-A2-A0D4,1,inner_train
hrd_binary_33,TCGA-BH-A0BL,1,inner_train
hrd_binary_33,TCGA-BH-A18U,1,inner_train
hrd_binary_33,TCGA-E9-A1R0,1,inner_train
hrd_binary_33,TCGA-AR-A0TS,1,inner_train
hrd_binary_33,TCGA-B6-A1KN,1,inner_train
hrd_binary_33,TCGA-AO-A124,1,inner_train
hrd_binary_33,TCGA-AO-A0JF,1,inner_train
hrd_binary_33,TCGA-AC-A6IV,1,inner_train
hrd_binary_33,TCGA-A7-A6VW,1,inner_train
hrd_binary_33,TCGA-C8-A12N,1,inner_train
hrd_binary_33,TCGA-S3-AA12,1,inner_train
hrd_binary_33,TCGA-EW-A1OV,1,inner_train
hrd_binary_33,TCGA-B6-A0IJ,1,inner_train
hrd_binary_33,TCGA-BH-A5IZ,1,inner_train
hrd_binary_33,TCGA-AC-A8OP,1,inner_train
hrd_binary_33,TCGA-5L-AAT0,1,inner_train
hrd_binary_33,TCGA-A2-A04Q,1,inner_train
hrd_binary_33,TCGA-AR-A24N,1,inner_train
hrd_binary_33,TCGA-A2-A0CX,1,inner_train
hrd_binary_33,TCGA-AN-A0FZ,1,inner_train
hrd_binary_33,TCGA-E9-A1RE,1,inner_train
hrd_binary_33,TCGA-BH-A0HX,1,inner_train
hrd_binary_33,TCGA-E9-A5FL,1,inner_train
hrd_binary_33,TCGA-AO-A0J9,1,inner_train
hrd_binary_33,TCGA-B6-A409,1,inner_train
hrd_binary_33,TCGA-AR-A5QN,1,inner_train
hrd_binary_33,TCGA-BH-A0BC,1,inner_train
hrd_binary_33,TCGA-BH-A0H7,1,inner_train
hrd_binary_33,TCGA-B6-A0IC,1,inner_train
hrd_binary_33,TCGA-AO-A0JJ,1,inner_train
hrd_binary_33,TCGA-E9-A22E,1,inner_train
hrd_binary_33,TCGA-BH-A0EE,1,inner_train
hrd_binary_33,TCGA-D8-A27R,1,inner_train
hrd_binary_33,TCGA-OK-A5Q2,1,inner_train
hrd_binary_33,TCGA-E9-A1RG,1,inner_train
hrd_binary_33,TCGA-B6-A0RS,1,inner_train
hrd_binary_33,TCGA-A8-A07J,1,inner_train
hrd_binary_33,TCGA-BH-A0DS,1,inner_train
hrd_binary_33,TCGA-A8-A08T,1,inner_train
hrd_binary_33,TCGA-B6-A0RU,1,inner_train
hrd_binary_33,TCGA-B6-A0RP,1,inner_train
hrd_binary_33,TCGA-E2-A10A,1,inner_train
hrd_binary_33,TCGA-AN-A0FY,1,inner_train
hrd_binary_33,TCGA-D8-A1JA,1,inner_train
hrd_binary_33,TCGA-E2-A15C,1,inner_train
hrd_binary_33,TCGA-A8-A09A,1,inner_train
hrd_binary_33,TCGA-C8-A131,1,inner_train
hrd_binary_33,TCGA-A7-A13F,1,inner_train
hrd_binary_33,TCGA-AR-A0TV,1,inner_train
hrd_binary_33,TCGA-A2-A0YJ,1,inner_train
hrd_binary_33,TCGA-BH-A0WA,1,inner_train
hrd_binary_33,TCGA-BH-A1FG,1,inner_train
hrd_binary_33,TCGA-B6-A0RI,1,inner_train
hrd_binary_33,TCGA-A2-A0T0,1,inner_train
hrd_binary_33,TCGA-D8-A1Y0,1,inner_train
hrd_binary_33,TCGA-AR-A5QM,1,inner_train
hrd_binary_33,TCGA-C8-A138,1,inner_train
hrd_binary_33,TCGA-D8-A1X8,1,inner_train
hrd_binary_33,TCGA-AC-A4ZE,1,inner_train
hrd_binary_33,TCGA-AO-A03O,1,inner_train
hrd_binary_33,TCGA-A8-A09G,1,inner_train
hrd_binary_33,TCGA-A8-A0A7,1,inner_train
hrd_binary_33,TCGA-AO-A12A,1,inner_train
hrd_binary_33,TCGA-LL-A9Q3,1,inner_train
hrd_binary_33,TCGA-OL-A6VQ,1,inner_train
hrd_binary_33,TCGA-E9-A1N3,1,inner_train
hrd_binary_33,TCGA-AO-A03R,1,inner_train
hrd_binary_33,TCGA-PL-A8LV,1,inner_train
hrd_binary_33,TCGA-A8-A08G,1,inner_train
hrd_binary_33,TCGA-A2-A0CR,1,inner_train
hrd_binary_33,TCGA-OL-A66I,1,inner_train
hrd_binary_33,TCGA-A8-A07U,1,inner_train
hrd_binary_33,TCGA-E2-A14O,1,inner_train
hrd_binary_33,TCGA-A1-A0SF,1,inner_train
hrd_binary_33,TCGA-AR-A0TZ,1,inner_train
hrd_binary_33,TCGA-E9-A247,1,inner_train
hrd_binary_33,TCGA-BH-A28Q,1,inner_train
hrd_binary_33,TCGA-AN-A049,1,inner_train
hrd_binary_33,TCGA-A2-A0D1,1,inner_train
hrd_binary_33,TCGA-BH-A0E7,1,inner_train
hrd_binary_33,TCGA-OL-A5RW,1,inner_train
hrd_binary_33,TCGA-A8-A06R,1,inner_train
hrd_binary_33,TCGA-AC-A2B8,1,inner_train
hrd_binary_33,TCGA-A8-A08H,1,inner_train
hrd_binary_33,TCGA-E2-A1LG,1,inner_train
hrd_binary_33,TCGA-D8-A4Z1,1,inner_train
hrd_binary_33,TCGA-A2-A1G1,1,inner_train
hrd_binary_33,TCGA-AR-A24P,1,inner_train
hrd_binary_33,TCGA-A2-A0CT,1,inner_train
hrd_binary_33,TCGA-OL-A66H,1,inner_train
hrd_binary_33,TCGA-E9-A1N9,1,inner_train
hrd_binary_33,TCGA-A7-A0DB,1,inner_train
hrd_binary_33,TCGA-LD-A74U,1,inner_train
hrd_binary_33,TCGA-AN-A0FX,1,inner_train
hrd_binary_33,TCGA-BH-A0E0,1,inner_train
hrd_binary_33,TCGA-D8-A1JI,1,inner_train
hrd_binary_33,TCGA-OL-A5DA,1,inner_train
hrd_binary_33,TCGA-A2-A0CM,1,inner_train
hrd_binary_33,TCGA-A8-A09C,1,inner_train
hrd_binary_33,TCGA-S3-AA0Z,1,inner_train
hrd_binary_33,TCGA-AO-A1KT,1,inner_train
hrd_binary_33,TCGA-A2-A04V,1,inner_train
hrd_binary_33,TCGA-A2-A0T7,1,inner_train
hrd_binary_33,TCGA-A2-A0D3,1,inner_train
hrd_binary_33,TCGA-A8-A07Z,1,inner_train
hrd_binary_33,TCGA-BH-A0DZ,1,inner_train
hrd_binary_33,TCGA-E9-A1RH,1,inner_train
hrd_binary_33,TCGA-D8-A1XT,1,inner_train
hrd_binary_33,TCGA-AC-A23E,1,inner_train
hrd_binary_33,TCGA-AN-A03X,1,inner_train
hrd_binary_33,TCGA-A2-A0D0,1,inner_train
hrd_binary_33,TCGA-D8-A27F,1,inner_train
hrd_binary_33,TCGA-AN-A0XO,1,inner_train
hrd_binary_33,TCGA-C8-A135,1,inner_train
hrd_binary_33,TCGA-BH-A0BZ,1,inner_train
hrd_binary_33,TCGA-BH-A0AV,1,inner_train
hrd_binary_33,TCGA-AN-A041,1,inner_train
hrd_binary_33,TCGA-B6-A0RN,1,inner_train
hrd_binary_33,TCGA-A2-A0EW,1,inner_train
hrd_binary_33,TCGA-BH-A1EY,1,inner_train
hrd_binary_33,TCGA-GM-A2DM,1,inner_train
hrd_binary_33,TCGA-A8-A08B,1,inner_train
hrd_binary_33,TCGA-A8-A06Q,1,inner_train
hrd_binary_33,TCGA-A8-A08Z,1,inner_train
hrd_binary_33,TCGA-AN-A0AS,1,inner_train
hrd_binary_33,TCGA-C8-A8HQ,1,inner_train
hrd_binary_33,TCGA-EW-A1PG,1,inner_train
hrd_binary_33,TCGA-AQ-A1H2,1,inner_train
hrd_binary_33,TCGA-AR-A0TQ,1,inner_train
hrd_binary_33,TCGA-E9-A229,1,inner_train
hrd_binary_33,TCGA-A7-A26H,1,inner_train
hrd_binary_33,TCGA-D8-A1JU,1,inner_train
hrd_binary_33,TCGA-E9-A1RC,1,inner_train
hrd_binary_33,TCGA-BH-A6R8,1,inner_train
hrd_binary_33,TCGA-AQ-A04J,1,inner_train
hrd_binary_33,TCGA-C8-A278,1,inner_train
hrd_binary_33,TCGA-PE-A5DE,1,inner_train
hrd_binary_33,TCGA-E9-A1NE,1,inner_train
hrd_binary_33,TCGA-BH-A0B3,1,inner_train
hrd_binary_33,TCGA-GM-A3NW,1,inner_train
hrd_binary_33,TCGA-C8-A1HG,1,inner_train
hrd_binary_33,TCGA-D8-A1JN,1,inner_train
hrd_binary_33,TCGA-AO-A12F,1,inner_train
hrd_binary_33,TCGA-E2-A573,1,inner_train
hrd_binary_33,TCGA-D8-A27H,1,inner_train
hrd_binary_33,TCGA-BH-A8FZ,1,inner_train
hrd_binary_33,TCGA-LL-A7SZ,1,inner_train
hrd_binary_33,TCGA-C8-A130,1,inner_train
hrd_binary_33,TCGA-D8-A1X5,1,inner_train
hrd_binary_33,TCGA-E2-A154,1,inner_train
hrd_binary_33,TCGA-AC-A5EH,1,inner_train
hrd_binary_33,TCGA-A8-A07L,1,inner_train
hrd_binary_33,TCGA-BH-A0BJ,1,inner_train
hrd_binary_33,TCGA-C8-A27A,1,inner_train
hrd_binary_33,TCGA-B6-A0WZ,1,inner_train
hrd_binary_33,TCGA-C8-A26Y,1,inner_train
hrd_binary_33,TCGA-BH-A0DT,1,inner_train
hrd_binary_33,TCGA-E9-A22D,1,inner_train
hrd_binary_33,TCGA-D8-A1XF,1,inner_train
hrd_binary_33,TCGA-GM-A2DN,1,inner_train
hrd_binary_33,TCGA-BH-A18K,1,inner_train
hrd_binary_33,TCGA-A7-A26I,1,inner_train
hrd_binary_33,TCGA-AO-A12D,1,inner_train
hrd_binary_33,TCGA-GM-A5PX,1,inner_train
hrd_binary_33,TCGA-EW-A1PE,1,inner_train
hrd_binary_33,TCGA-D8-A27P,1,inner_train
hrd_binary_33,TCGA-D8-A1JF,1,inner_train
hrd_binary_33,TCGA-A2-A0YK,1,inner_train
hrd_binary_33,TCGA-E9-A1ND,1,inner_train
hrd_binary_33,TCGA-AR-A1AU,1,inner_train
hrd_binary_33,TCGA-BH-A0B9,1,inner_train
hrd_binary_33,TCGA-XX-A899,1,inner_train
hrd_binary_33,TCGA-A8-A06X,1,inner_train
hrd_binary_33,TCGA-A8-A09X,1,inner_train
hrd_binary_33,TCGA-AQ-A1H3,1,inner_train
hrd_binary_33,TCGA-E9-A22G,1,inner_train
hrd_binary_33,TCGA-AO-A03T,1,inner_train
hrd_binary_33,TCGA-BH-A0HI,1,inner_train
hrd_binary_33,TCGA-E2-A570,1,inner_train
hrd_binary_33,TCGA-E2-A15R,1,inner_train
hrd_binary_33,TCGA-BH-A0E2,1,inner_train
hrd_binary_33,TCGA-EW-A1P4,1,inner_train
hrd_binary_33,TCGA-BH-A0AZ,1,inner_train
hrd_binary_33,TCGA-D8-A27V,1,inner_train
hrd_binary_33,TCGA-A1-A0SQ,1,inner_train
hrd_binary_33,TCGA-E2-A1IE,1,inner_train
hrd_binary_33,TCGA-AO-A1KP,1,inner_train
hrd_binary_33,TCGA-AN-A04C,1,inner_train
hrd_binary_33,TCGA-OL-A5RX,1,inner_train
hrd_binary_33,TCGA-AR-A24Z,1,inner_train
hrd_binary_33,TCGA-3C-AALJ,1,inner_train
hrd_binary_33,TCGA-C8-A12Q,1,inner_train
hrd_binary_33,TCGA-A8-A06P,1,inner_train
hrd_binary_33,TCGA-E2-A1L8,1,inner_train
hrd_binary_33,TCGA-LL-A73Y,1,inner_train
hrd_binary_33,TCGA-AC-A3YI,1,inner_train
hrd_binary_33,TCGA-A7-A5ZW,1,inner_train
hrd_binary_33,TCGA-A8-A079,1,inner_train
hrd_binary_33,TCGA-BH-A18J,1,inner_train
hrd_binary_33,TCGA-E2-A14Y,1,inner_train
hrd_binary_33,TCGA-AR-A24U,1,inner_train
hrd_binary_33,TCGA-A8-A09Q,1,inner_train
hrd_binary_33,TCGA-AO-A03L,1,inner_train
hrd_binary_33,TCGA-OL-A5RY,1,inner_train
hrd_binary_33,TCGA-A2-A1FZ,1,inner_train
hrd_binary_33,TCGA-BH-A1FL,1,inner_train
hrd_binary_33,TCGA-E9-A1R7,1,inner_train
hrd_binary_33,TCGA-BH-A18N,1,inner_train
hrd_binary_33,TCGA-AC-A23H,1,inner_train
hrd_binary_33,TCGA-B6-A0RO,1,inner_train
hrd_binary_33,TCGA-D8-A27T,1,inner_train
hrd_binary_33,TCGA-D8-A1JK,1,inner_train
hrd_binary_33,TCGA-3C-AALI,1,inner_train
hrd_binary_33,TCGA-E2-A15P,1,inner_train
hrd_binary_33,TCGA-E2-A576,1,inner_train
hrd_binary_33,TCGA-BH-A0E9,1,inner_train
hrd_binary_33,TCGA-A8-A097,1,inner_train
hrd_binary_33,TCGA-D8-A27L,1,inner_train
hrd_binary_33,TCGA-B6-A0IH,1,inner_train
hrd_binary_33,TCGA-BH-A0HU,1,inner_train
hrd_binary_33,TCGA-LL-A5YL,1,inner_train
hrd_binary_33,TCGA-E2-A1IJ,1,inner_train
hrd_binary_33,TCGA-C8-A275,1,inner_train
hrd_binary_33,TCGA-A8-A099,1,inner_train
hrd_binary_33,TCGA-D8-A1XA,1,inner_train
hrd_binary_33,TCGA-E9-A22B,1,inner_train
hrd_binary_33,TCGA-A2-A04Y,1,inner_train
hrd_binary_33,TCGA-B6-A0IE,1,inner_train
hrd_binary_33,TCGA-B6-A0IN,1,inner_train
hrd_binary_33,TCGA-E9-A226,1,inner_train
hrd_binary_33,TCGA-E9-A5UO,1,inner_train
hrd_binary_33,TCGA-C8-A12O,1,inner_train
hrd_binary_33,TCGA-BH-A18G,1,inner_train
hrd_binary_33,TCGA-AN-A0XP,1,inner_train
hrd_binary_33,TCGA-AR-A256,1,inner_train
hrd_binary_33,TCGA-B6-A0X0,1,inner_train
hrd_binary_33,TCGA-LL-A7T0,1,inner_train
hrd_binary_33,TCGA-A8-A0A2,1,inner_train
hrd_binary_33,TCGA-B6-A0RL,1,inner_train
hrd_binary_33,TCGA-E2-A1BD,1,inner_train
hrd_binary_33,TCGA-C8-A1HJ,1,inner_train
hrd_binary_33,TCGA-OL-A5S0,1,inner_train
hrd_binary_33,TCGA-BH-A6R9,1,inner_train
hrd_binary_33,TCGA-LL-A5YM,1,inner_train
hrd_binary_33,TCGA-E9-A1NA,1,inner_train
hrd_binary_33,TCGA-A7-A0D9,1,inner_train
hrd_binary_33,TCGA-LL-A6FQ,1,inner_train
hrd_binary_33,TCGA-BH-A0BP,1,inner_train
hrd_binary_33,TCGA-A8-A08L,1,inner_train
hrd_binary_33,TCGA-D8-A1Y2,1,inner_train
hrd_binary_33,TCGA-D8-A73W,1,inner_train
hrd_binary_33,TCGA-B6-A0WW,1,inner_train
hrd_binary_33,TCGA-A7-A6VY,1,inner_train
hrd_binary_33,TCGA-A2-A0YD,1,inner_train
hrd_binary_33,TCGA-A8-A0A1,1,inner_train
hrd_binary_33,TCGA-A2-A0EV,1,inner_train
hrd_binary_33,TCGA-E2-A15E,1,inner_train
hrd_binary_33,TCGA-A1-A0SE,1,inner_train
hrd_binary_33,TCGA-E2-A15D,1,inner_train
hrd_binary_33,TCGA-B6-A0WT,1,inner_train
hrd_binary_33,TCGA-A2-A0CV,1,inner_train
hrd_binary_33,TCGA-EW-A1PA,1,inner_train
hrd_binary_33,TCGA-D8-A1JP,1,inner_train
hrd_binary_33,TCGA-OL-A5D8,1,inner_train
hrd_binary_33,TCGA-BH-A1EW,1,inner_train
hrd_binary_33,TCGA-EW-A1P0,1,inner_train
hrd_binary_33,TCGA-AR-A1AN,1,inner_train
hrd_binary_33,TCGA-A8-A07I,1,inner_train
hrd_binary_33,TCGA-WT-AB41,1,inner_train
hrd_binary_33,TCGA-AN-A0XU,1,inner_train
hrd_binary_33,TCGA-BH-A0HO,1,inner_train
hrd_binary_33,TCGA-BH-A0H6,1,inner_val
hrd_binary_33,TCGA-AN-A0XT,1,inner_val
hrd_binary_33,TCGA-AR-A0TR,1,inner_val
hrd_binary_33,TCGA-E2-A153,1,inner_val
hrd_binary_33,TCGA-AR-A24W,1,inner_val
hrd_binary_33,TCGA-GM-A2DB,1,inner_val
hrd_binary_33,TCGA-D8-A1XK,1,inner_val
hrd_binary_33,TCGA-E9-A1RD,1,inner_val
hrd_binary_33,TCGA-C8-A1HK,1,inner_val
hrd_binary_33,TCGA-A2-A0YF,1,inner_val
hrd_binary_33,TCGA-AC-A5XU,1,inner_val
hrd_binary_33,TCGA-BH-A1FJ,1,inner_val
hrd_binary_33,TCGA-PL-A8LZ,1,inner_val
hrd_binary_33,TCGA-E2-A15T,1,inner_val
hrd_binary_33,TCGA-E9-A1NH,1,inner_val
hrd_binary_33,TCGA-AR-A24V,1,inner_val
hrd_binary_33,TCGA-E9-A244,1,inner_val
hrd_binary_33,TCGA-D8-A141,1,inner_val
hrd_binary_33,TCGA-BH-A0GY,1,inner_val
hrd_binary_33,TCGA-A7-A26E,1,inner_val
hrd_binary_33,TCGA-A7-A4SE,1,inner_val
hrd_binary_33,TCGA-BH-A1EX,1,inner_val
hrd_binary_33,TCGA-A2-A0SX,1,inner_val
hrd_binary_33,TCGA-A2-A0T5,1,inner_val
hrd_binary_33,TCGA-D8-A1XZ,1,inner_val
hrd_binary_33,TCGA-AN-A0XN,1,inner_val
hrd_binary_33,TCGA-BH-A1ET,1,inner_val
hrd_binary_33,TCGA-AN-A0AM,1,inner_val
hrd_binary_33,TCGA-BH-A201,1,inner_val
hrd_binary_33,TCGA-BH-A0BR,1,inner_val
hrd_binary_33,TCGA-E9-A1R3,1,inner_val
hrd_binary_33,TCGA-GM-A2DK,1,inner_val
hrd_binary_33,TCGA-AR-A0TP,1,inner_val
hrd_binary_33,TCGA-C8-A26V,1,inner_val
hrd_binary_33,TCGA-A1-A0SJ,1,inner_val
hrd_binary_33,TCGA-AC-A6NO,1,inner_val
hrd_binary_33,TCGA-A2-A0T6,1,inner_val
hrd_binary_33,TCGA-BH-A0EA,1,inner_val
hrd_binary_33,TCGA-BH-A1FU,1,inner_val
hrd_binary_33,TCGA-BH-A1FN,1,inner_val
hrd_binary_33,TCGA-AR-A5QP,1,inner_val
hrd_binary_33,TCGA-BH-A203,1,inner_val
hrd_binary_33,TCGA-AO-A0JI,1,inner_val
hrd_binary_33,TCGA-E2-A1IL,1,inner_val
hrd_binary_33,TCGA-E2-A1IG,1,inner_val
hrd_binary_33,TCGA-EW-A1IZ,1,inner_val
hrd_binary_33,TCGA-BH-A0B5,1,inner_val
hrd_binary_33,TCGA-E2-A1L9,1,inner_val
hrd_binary_33,TCGA-EW-A1PB,1,inner_val
hrd_binary_33,TCGA-D8-A147,1,inner_val
hrd_binary_33,TCGA-AR-A24R,1,inner_val
hrd_binary_33,TCGA-LL-A5YN,1,inner_val
hrd_binary_33,TCGA-A2-A0EN,1,inner_val
hrd_binary_33,TCGA-C8-A12Y,1,inner_val
hrd_binary_33,TCGA-BH-A209,1,inner_val
hrd_binary_33,TCGA-A7-A0DA,1,inner_val
hrd_binary_33,TCGA-A1-A0SG,1,inner_val
hrd_binary_33,TCGA-A2-A04U,1,inner_val
hrd_binary_33,TCGA-A8-A0AD,1,inner_val
hrd_binary_33,TCGA-C8-A26X,1,inner_val
hrd_binary_33,TCGA-A8-A082,1,inner_val
hrd_binary_33,TCGA-A8-A075,1,inner_val
hrd_binary_33,TCGA-D8-A1JM,1,inner_val
hrd_binary_33,TCGA-BH-A0DE,1,inner_val
hrd_binary_33,TCGA-D8-A1Y1,1,inner_val
hrd_binary_33,TCGA-E9-A1NC,1,inner_val
hrd_binary_33,TCGA-V7-A7HQ,1,inner_val
hrd_binary_33,TCGA-D8-A27N,1,inner_val
hrd_binary_33,TCGA-AR-A0TY,1,inner_val
hrd_binary_33,TCGA-BH-A8FY,1,inner_val
hrd_binary_33,TCGA-D8-A27E,1,inner_val
hrd_binary_33,TCGA-AQ-A04H,1,inner_val
hrd_binary_33,TCGA-A8-A09V,1,inner_val
hrd_binary_33,TCGA-EW-A2FV,1,inner_val
hrd_binary_33,TCGA-GM-A2DD,1,inner_val
hrd_binary_33,TCGA-BH-A1EU,1,inner_val
hrd_binary_33,TCGA-UU-A93S,1,inner_val
hrd_binary_33,TCGA-AC-A7VC,1,inner_val
hrd_binary_33,TCGA-A8-A07O,1,inner_val
hrd_binary_33,TCGA-BH-A0W4,1,inner_val
hrd_binary_33,TCGA-AC-A2FG,1,inner_val
hrd_binary_33,TCGA-AN-A0FV,1,inner_val
hrd_binary_33,TCGA-AN-A0XW,1,inner_val
hrd_binary_33,TCGA-C8-A8HP,1,inner_val
hrd_binary_33,TCGA-A8-A091,1,inner_val
hrd_binary_33,TCGA-BH-A0W3,1,inner_val
hrd_binary_33,TCGA-BH-A18R,1,inner_val
hrd_binary_33,TCGA-AN-A0AL,1,inner_val
hrd_binary_33,TCGA-D8-A13Z,1,inner_val
hrd_binary_33,TCGA-D8-A1XW,1,inner_val
hrd_binary_33,TCGA-AR-A1AH,1,inner_val
hrd_binary_33,TCGA-E2-A56Z,1,inner_val
hrd_binary_33,TCGA-A7-A5ZV,1,inner_val
hrd_binary_33,TCGA-B6-A1KF,1,inner_val
hrd_binary_33,TCGA-A1-A0SO,1,inner_val
hrd_binary_33,TCGA-AC-A3OD,1,inner_val
hrd_binary_33,TCGA-AO-A0J4,1,inner_val
hrd_binary_33,TCGA-E9-A24A,1,inner_val
hrd_binary_33,TCGA-A2-A0YT,1,inner_val
hrd_binary_33,TCGA-BH-A1F0,1,inner_val
hrd_binary_33,TCGA-A8-A07B,1,inner_val
hrd_binary_33,TCGA-D8-A1XQ,1,inner_val
hrd_binary_33,TCGA-A1-A0SI,1,inner_val
hrd_binary_33,TCGA-AR-A1AR,1,inner_val
hrd_binary_33,TCGA-PE-A5DD,1,inner_val
hrd_binary_33,TCGA-C8-A137,1,inner_val
hrd_binary_33,TCGA-A2-A0T4,1,inner_val
hrd_binary_33,TCGA-AR-A2LH,1,inner_val
hrd_binary_33,TCGA-D8-A1JC,1,inner_val
hrd_binary_33,TCGA-A7-A0CJ,1,inner_val
hrd_binary_33,TCGA-A2-A1FV,1,inner_val
hrd_binary_33,TCGA-AR-A24Q,1,inner_val
hrd_binary_33,TCGA-LD-A66U,1,inner_val
hrd_binary_33,TCGA-OL-A66K,1,inner_val
hrd_binary_33,TCGA-E2-A158,1,inner_val
hrd_binary_33,TCGA-E2-A1L6,1,inner_val
hrd_binary_33,TCGA-E2-A1IU,1,inner_val
hrd_binary_33,TCGA-EW-A1OX,1,inner_val
hrd_binary_33,TCGA-A2-A0EX,1,inner_val
hrd_binary_33,TCGA-AC-A6IW,1,inner_val
hrd_binary_33,TCGA-AN-A0XS,1,inner_val
hrd_binary_33,TCGA-A2-A0SU,1,inner_val
hrd_binary_33,TCGA-A2-A25C,1,inner_val
hrd_binary_33,TCGA-D8-A1X9,1,inner_val
hrd_binary_33,TCGA-BH-A18Q,1,inner_val
hrd_binary_33,TCGA-GM-A2DF,1,inner_val
hrd_binary_33,TCGA-A8-A09N,1,inner_val
hrd_binary_33,TCGA-A2-A0YH,1,inner_val
hrd_binary_33,TCGA-AR-A250,1,inner_val
hrd_binary_33,TCGA-A8-A06Z,1,inner_val
hrd_binary_33,TCGA-AR-A2LO,1,inner_val
hrd_binary_33,TCGA-A8-A094,1,inner_val
hrd_binary_33,TCGA-OL-A66J,1,inner_val
hrd_binary_33,TCGA-BH-A18S,1,inner_val
hrd_binary_33,TCGA-A2-A0SV,1,inner_val
hrd_binary_33,TCGA-E9-A1NG,1,inner_val
hrd_binary_33,TCGA-D8-A27K,1,inner_val
hrd_binary_33,TCGA-E2-A14Q,1,inner_val
hrd_binary_33,TCGA-A7-A13D,1,inner_val
hrd_binary_33,TCGA-A8-A08R,1,inner_val
hrd_binary_33,TCGA-AN-A0FS,1,inner_val
hrd_binary_33,TCGA-A2-A0YL,1,inner_val
hrd_binary_33,TCGA-E9-A248,1,inner_val
hrd_binary_33,TCGA-A2-A259,1,inner_val
hrd_binary_33,TCGA-BH-A1FE,1,inner_val
hrd_binary_33,TCGA-E2-A1LK,1,inner_val
hrd_binary_33,TCGA-A8-A096,1,inner_val
hrd_binary_33,TCGA-AC-A5XS,1,inner_val
hrd_binary_33,TCGA-E9-A243,1,inner_val
hrd_binary_33,TCGA-E2-A1B0,1,inner_val
hrd_binary_33,TCGA-E2-A15K,1,inner_val
hrd_binary_33,TCGA-E2-A159,1,inner_val
hrd_binary_33,TCGA-A2-A0CS,1,inner_val
hrd_binary_33,TCGA-AR-A254,1,inner_val
hrd_binary_33,TCGA-AR-A252,1,inner_val
hrd_binary_33,TCGA-5T-A9QA,1,test
hrd_binary_33,TCGA-A1-A0SB,1,test
hrd_binary_33,TCGA-A1-A0SK,1,test
hrd_binary_33,TCGA-A2-A04P,1,test
hrd_binary_33,TCGA-A2-A04W,1,test
hrd_binary_33,TCGA-A2-A0CU,1,test
hrd_binary_33,TCGA-A2-A0EM,1,test
hrd_binary_33,TCGA-A2-A0ES,1,test
hrd_binary_33,TCGA-A2-A0EU,1,test
hrd_binary_33,TCGA-A2-A0EY,1,test
hrd_binary_33,TCGA-A2-A0SW,1,test
hrd_binary_33,TCGA-A2-A0T1,1,test
hrd_binary_33,TCGA-A2-A0YC,1,test
hrd_binary_33,TCGA-A2-A0YE,1,test
hrd_binary_33,TCGA-A2-A0YG,1,test
hrd_binary_33,TCGA-A2-A0YM,1,test
hrd_binary_33,TCGA-A2-A1FX,1,test
hrd_binary_33,TCGA-A2-A1G4,1,test
hrd_binary_33,TCGA-A2-A25A,1,test
hrd_binary_33,TCGA-A2-A25E,1,test
hrd_binary_33,TCGA-A2-A4S1,1,test
hrd_binary_33,TCGA-A7-A0CG,1,test
hrd_binary_33,TCGA-A7-A56D,1,test
hrd_binary_33,TCGA-A7-A6VX,1,test
hrd_binary_33,TCGA-A8-A06Y,1,test
hrd_binary_33,TCGA-A8-A07P,1,test
hrd_binary_33,TCGA-A8-A090,1,test
hrd_binary_33,TCGA-A8-A093,1,test
hrd_binary_33,TCGA-A8-A09B,1,test
hrd_binary_33,TCGA-A8-A09M,1,test
hrd_binary_33,TCGA-A8-A0A4,1,test
hrd_binary_33,TCGA-A8-A0A6,1,test
hrd_binary_33,TCGA-A8-A0AB,1,test
hrd_binary_33,TCGA-AC-A2FB,1,test
hrd_binary_33,TCGA-AC-A8OQ,1,test
hrd_binary_33,TCGA-AN-A03Y,1,test
hrd_binary_33,TCGA-AN-A0AR,1,test
hrd_binary_33,TCGA-AN-A0FN,1,test
hrd_binary_33,TCGA-AN-A0XR,1,test
hrd_binary_33,TCGA-AN-A0XV,1,test
hrd_binary_33,TCGA-AO-A03P,1,test
hrd_binary_33,TCGA-AO-A0J2,1,test
hrd_binary_33,TCGA-AO-A0J6,1,test
hrd_binary_33,TCGA-AO-A0J8,1,test
hrd_binary_33,TCGA-AO-A0JD,1,test
hrd_binary_33,TCGA-AO-A0JE,1,test
hrd_binary_33,TCGA-AO-A12H,1,test
hrd_binary_33,TCGA-AO-A1KR,1,test
hrd_binary_33,TCGA-AR-A0TT,1,test
hrd_binary_33,TCGA-AR-A1AI,1,test
hrd_binary_33,TCGA-AR-A1AQ,1,test
hrd_binary_33,TCGA-AR-A1AW,1,test
hrd_binary_33,TCGA-AR-A2LK,1,test
hrd_binary_33,TCGA-AR-A2LN,1,test
hrd_binary_33,TCGA-AR-A2LQ,1,test
hrd_binary_33,TCGA-B6-A0I9,1,test
hrd_binary_33,TCGA-B6-A0RE,1,test
hrd_binary_33,TCGA-B6-A0RG,1,test
hrd_binary_33,TCGA-B6-A0X1,1,test
hrd_binary_33,TCGA-B6-A40C,1,test
hrd_binary_33,TCGA-BH-A0BA,1,test
hrd_binary_33,TCGA-BH-A0BM,1,test
hrd_binary_33,TCGA-BH-A0BT,1,test
hrd_binary_33,TCGA-BH-A0C1,1,test
hrd_binary_33,TCGA-BH-A0C3,1,test
hrd_binary_33,TCGA-BH-A0DH,1,test
hrd_binary_33,TCGA-BH-A0DK,1,test
hrd_binary_33,TCGA-BH-A0DL,1,test
hrd_binary_33,TCGA-BH-A0DO,1,test
hrd_binary_33,TCGA-BH-A0DQ,1,test
hrd_binary_33,TCGA-BH-A0E1,1,test
hrd_binary_33,TCGA-BH-A0EB,1,test
hrd_binary_33,TCGA-BH-A0H0,1,test
hrd_binary_33,TCGA-BH-A0HB,1,test
hrd_binary_33,TCGA-BH-A0HQ,1,test
hrd_binary_33,TCGA-BH-A0HW,1,test
hrd_binary_33,TCGA-BH-A0HY,1,test
hrd_binary_33,TCGA-BH-A18H,1,test
hrd_binary_33,TCGA-BH-A18I,1,test
hrd_binary_33,TCGA-BH-A18L,1,test
hrd_binary_33,TCGA-BH-A18P,1,test
hrd_binary_33,TCGA-BH-A18T,1,test
hrd_binary_33,TCGA-BH-A204,1,test
hrd_binary_33,TCGA-BH-A42V,1,test
hrd_binary_33,TCGA-C8-A12L,1,test
hrd_binary_33,TCGA-C8-A12U,1,test
hrd_binary_33,TCGA-C8-A12W,1,test
hrd_binary_33,TCGA-C8-A12Z,1,test
hrd_binary_33,TCGA-C8-A133,1,test
hrd_binary_33,TCGA-C8-A1HM,1,test
hrd_binary_33,TCGA-C8-A26W,1,test
hrd_binary_33,TCGA-C8-A26Z,1,test
hrd_binary_33,TCGA-C8-A8HR,1,test
hrd_binary_33,TCGA-D8-A1J8,1,test
hrd_binary_33,TCGA-D8-A1J9,1,test
hrd_binary_33,TCGA-D8-A1JB,1,test
hrd_binary_33,TCGA-D8-A1JD,1,test
hrd_binary_33,TCGA-D8-A1JH,1,test
hrd_binary_33,TCGA-D8-A1JT,1,test
hrd_binary_33,TCGA-D8-A1XG,1,test
hrd_binary_33,TCGA-D8-A1XL,1,test
hrd_binary_33,TCGA-D8-A1XM,1,test
hrd_binary_33,TCGA-D8-A1XO,1,test
hrd_binary_33,TCGA-D8-A1XY,1,test
hrd_binary_33,TCGA-D8-A27W,1,test
hrd_binary_33,TCGA-D8-A73U,1,test
hrd_binary_33,TCGA-D8-A73X,1,test
hrd_binary_33,TCGA-E2-A10C,1,test
hrd_binary_33,TCGA-E2-A14R,1,test
hrd_binary_33,TCGA-E2-A14T,1,test
hrd_binary_33,TCGA-E2-A150,1,test
hrd_binary_33,TCGA-E2-A152,1,test
hrd_binary_33,TCGA-E2-A155,1,test
hrd_binary_33,TCGA-E2-A15A,1,test
hrd_binary_33,TCGA-E2-A15G,1,test
hrd_binary_33,TCGA-E2-A15H,1,test
hrd_binary_33,TCGA-E2-A15M,1,test
hrd_binary_33,TCGA-E2-A15O,1,test
hrd_binary_33,TCGA-E2-A1AZ,1,test
hrd_binary_33,TCGA-E2-A1IK,1,test
hrd_binary_33,TCGA-E2-A1LH,1,test
hrd_binary_33,TCGA-E2-A1LL,1,test
hrd_binary_33,TCGA-E9-A1NI,1,test
hrd_binary_33,TCGA-E9-A1RA,1,test
hrd_binary_33,TCGA-E9-A22A,1,test
hrd_binary_33,TCGA-E9-A22H,1,test
hrd_binary_33,TCGA-E9-A2JS,1,test
hrd_binary_33,TCGA-E9-A2JT,1,test
hrd_binary_33,TCGA-E9-A6HE,1,test
hrd_binary_33,TCGA-EW-A1IY,1,test
hrd_binary_33,TCGA-EW-A1J1,1,test
hrd_binary_33,TCGA-EW-A1OZ,1,test
hrd_binary_33,TCGA-EW-A1P3,1,test
hrd_binary_33,TCGA-EW-A1P5,1,test
hrd_binary_33,TCGA-EW-A1P8,1,test
hrd_binary_33,TCGA-EW-A1PH,1,test
hrd_binary_33,TCGA-EW-A2FS,1,test
hrd_binary_33,TCGA-GM-A2DH,1,test
hrd_binary_33,TCGA-GM-A2DL,1,test
hrd_binary_33,TCGA-HN-A2NL,1,test
hrd_binary_33,TCGA-HN-A2OB,1,test
hrd_binary_33,TCGA-LL-A50Y,1,test
hrd_binary_33,TCGA-LL-A73Z,1,test
hrd_binary_33,TCGA-LL-A8F5,1,test
hrd_binary_33,TCGA-OL-A5D7,1,test
hrd_binary_33,TCGA-OL-A66N,1,test
hrd_binary_33,TCGA-OL-A6VO,1,test
hrd_binary_33,TCGA-OL-A6VR,1,test
hrd_binary_33,TCGA-S3-A6ZF,1,test
hrd_binary_33,TCGA-S3-A6ZG,1,test
hrd_binary_33,TCGA-S3-A6ZH,1,test
hrd_binary_33,TCGA-S3-AA14,1,test
hrd_binary_33,TCGA-W8-A86G,1,test
hrd_binary_33,TCGA-WT-AB44,1,test
hrd_binary_33,TCGA-Z7-A8R6,1,test
hrd_binary_33,TCGA-3C-AALI,2,train
hrd_binary_33,TCGA-3C-AALJ,2,train
hrd_binary_33,TCGA-5T-A9QA,2,train
hrd_binary_33,TCGA-A1-A0SB,2,train
hrd_binary_33,TCGA-A1-A0SD,2,train
hrd_binary_33,TCGA-A1-A0SE,2,train
hrd_binary_33,TCGA-A1-A0SG,2,train
hrd_binary_33,TCGA-A1-A0SI,2,train
hrd_binary_33,TCGA-A1-A0SJ,2,train
hrd_binary_33,TCGA-A1-A0SK,2,train
hrd_binary_33,TCGA-A1-A0SO,2,train
hrd_binary_33,TCGA-A2-A04N,2,train
hrd_binary_33,TCGA-A2-A04P,2,train
hrd_binary_33,TCGA-A2-A04Q,2,train
hrd_binary_33,TCGA-A2-A04R,2,train
hrd_binary_33,TCGA-A2-A04T,2,train
hrd_binary_33,TCGA-A2-A04U,2,train
hrd_binary_33,TCGA-A2-A04V,2,train
hrd_binary_33,TCGA-A2-A04W,2,train
hrd_binary_33,TCGA-A2-A04Y,2,train
hrd_binary_33,TCGA-A2-A0CM,2,train
hrd_binary_33,TCGA-A2-A0CP,2,train
hrd_binary_33,TCGA-A2-A0CR,2,train
hrd_binary_33,TCGA-A2-A0CS,2,train
hrd_binary_33,TCGA-A2-A0CT,2,train
hrd_binary_33,TCGA-A2-A0CU,2,train
hrd_binary_33,TCGA-A2-A0CV,2,train
hrd_binary_33,TCGA-A2-A0CW,2,train
hrd_binary_33,TCGA-A2-A0D0,2,train
hrd_binary_33,TCGA-A2-A0D1,2,train
hrd_binary_33,TCGA-A2-A0D4,2,train
hrd_binary_33,TCGA-A2-A0EM,2,train
hrd_binary_33,TCGA-A2-A0EN,2,train
hrd_binary_33,TCGA-A2-A0ES,2,train
hrd_binary_33,TCGA-A2-A0EU,2,train
hrd_binary_33,TCGA-A2-A0EV,2,train
hrd_binary_33,TCGA-A2-A0EW,2,train
hrd_binary_33,TCGA-A2-A0EY,2,train
hrd_binary_33,TCGA-A2-A0SU,2,train
hrd_binary_33,TCGA-A2-A0SV,2,train
hrd_binary_33,TCGA-A2-A0SW,2,train
hrd_binary_33,TCGA-A2-A0SY,2,train
hrd_binary_33,TCGA-A2-A0T0,2,train
hrd_binary_33,TCGA-A2-A0T1,2,train
hrd_binary_33,TCGA-A2-A0T2,2,train
hrd_binary_33,TCGA-A2-A0T3,2,train
hrd_binary_33,TCGA-A2-A0T4,2,train
hrd_binary_33,TCGA-A2-A0T5,2,train
hrd_binary_33,TCGA-A2-A0T6,2,train
hrd_binary_33,TCGA-A2-A0T7,2,train
hrd_binary_33,TCGA-A2-A0YC,2,train
hrd_binary_33,TCGA-A2-A0YD,2,train
hrd_binary_33,TCGA-A2-A0YE,2,train
hrd_binary_33,TCGA-A2-A0YG,2,train
hrd_binary_33,TCGA-A2-A0YH,2,train
hrd_binary_33,TCGA-A2-A0YK,2,train
hrd_binary_33,TCGA-A2-A0YL,2,train
hrd_binary_33,TCGA-A2-A0YM,2,train
hrd_binary_33,TCGA-A2-A1FV,2,train
hrd_binary_33,TCGA-A2-A1FX,2,train
hrd_binary_33,TCGA-A2-A1FZ,2,train
hrd_binary_33,TCGA-A2-A1G1,2,train
hrd_binary_33,TCGA-A2-A1G4,2,train
hrd_binary_33,TCGA-A2-A25A,2,train
hrd_binary_33,TCGA-A2-A25E,2,train
hrd_binary_33,TCGA-A2-A3Y0,2,train
hrd_binary_33,TCGA-A2-A4S1,2,train
hrd_binary_33,TCGA-A2-A4S3,2,train
hrd_binary_33,TCGA-A7-A0CG,2,train
hrd_binary_33,TCGA-A7-A0CH,2,train
hrd_binary_33,TCGA-A7-A0D9,2,train
hrd_binary_33,TCGA-A7-A0DA,2,train
hrd_binary_33,TCGA-A7-A0DB,2,train
hrd_binary_33,TCGA-A7-A13F,2,train
hrd_binary_33,TCGA-A7-A26H,2,train
hrd_binary_33,TCGA-A7-A4SE,2,train
hrd_binary_33,TCGA-A7-A56D,2,train
hrd_binary_33,TCGA-A7-A5ZV,2,train
hrd_binary_33,TCGA-A7-A5ZW,2,train
hrd_binary_33,TCGA-A7-A5ZX,2,train
hrd_binary_33,TCGA-A7-A6VX,2,train
hrd_binary_33,TCGA-A7-A6VY,2,train
hrd_binary_33,TCGA-A8-A06Q,2,train
hrd_binary_33,TCGA-A8-A06R,2,train
hrd_binary_33,TCGA-A8-A06U,2,train
hrd_binary_33,TCGA-A8-A06X,2,train
hrd_binary_33,TCGA-A8-A06Y,2,train
hrd_binary_33,TCGA-A8-A06Z,2,train
hrd_binary_33,TCGA-A8-A076,2,train
hrd_binary_33,TCGA-A8-A079,2,train
hrd_binary_33,TCGA-A8-A07B,2,train
hrd_binary_33,TCGA-A8-A07I,2,train
hrd_binary_33,TCGA-A8-A07J,2,train
hrd_binary_33,TCGA-A8-A07L,2,train
hrd_binary_33,TCGA-A8-A07O,2,train
hrd_binary_33,TCGA-A8-A07P,2,train
hrd_binary_33,TCGA-A8-A07U,2,train
hrd_binary_33,TCGA-A8-A07W,2,train
hrd_binary_33,TCGA-A8-A081,2,train
hrd_binary_33,TCGA-A8-A082,2,train
hrd_binary_33,TCGA-A8-A083,2,train
hrd_binary_33,TCGA-A8-A08B,2,train
hrd_binary_33,TCGA-A8-A08G,2,train
hrd_binary_33,TCGA-A8-A08H,2,train
hrd_binary_33,TCGA-A8-A08L,2,train
hrd_binary_33,TCGA-A8-A08O,2,train
hrd_binary_33,TCGA-A8-A08R,2,train
hrd_binary_33,TCGA-A8-A08T,2,train
hrd_binary_33,TCGA-A8-A08X,2,train
hrd_binary_33,TCGA-A8-A08Z,2,train
hrd_binary_33,TCGA-A8-A090,2,train
hrd_binary_33,TCGA-A8-A091,2,train
hrd_binary_33,TCGA-A8-A092,2,train
hrd_binary_33,TCGA-A8-A093,2,train
hrd_binary_33,TCGA-A8-A094,2,train
hrd_binary_33,TCGA-A8-A095,2,train
hrd_binary_33,TCGA-A8-A097,2,train
hrd_binary_33,TCGA-A8-A09A,2,train
hrd_binary_33,TCGA-A8-A09B,2,train
hrd_binary_33,TCGA-A8-A09G,2,train
hrd_binary_33,TCGA-A8-A09M,2,train
hrd_binary_33,TCGA-A8-A09N,2,train
hrd_binary_33,TCGA-A8-A09Q,2,train
hrd_binary_33,TCGA-A8-A09V,2,train
hrd_binary_33,TCGA-A8-A09W,2,train
hrd_binary_33,TCGA-A8-A09X,2,train
hrd_binary_33,TCGA-A8-A09Z,2,train
hrd_binary_33,TCGA-A8-A0A1,2,train
hrd_binary_33,TCGA-A8-A0A2,2,train
hrd_binary_33,TCGA-A8-A0A4,2,train
hrd_binary_33,TCGA-A8-A0A6,2,train
hrd_binary_33,TCGA-A8-A0A7,2,train
hrd_binary_33,TCGA-A8-A0AB,2,train
hrd_binary_33,TCGA-A8-A0AD,2,train
hrd_binary_33,TCGA-AC-A23E,2,train
hrd_binary_33,TCGA-AC-A23H,2,train
hrd_binary_33,TCGA-AC-A2FB,2,train
hrd_binary_33,TCGA-AC-A2FG,2,train
hrd_binary_33,TCGA-AC-A2FO,2,train
hrd_binary_33,TCGA-AC-A2QH,2,train
hrd_binary_33,TCGA-AC-A3QQ,2,train
hrd_binary_33,TCGA-AC-A3YI,2,train
hrd_binary_33,TCGA-AC-A4ZE,2,train
hrd_binary_33,TCGA-AC-A5XS,2,train
hrd_binary_33,TCGA-AC-A62Y,2,train
hrd_binary_33,TCGA-AC-A6IV,2,train
hrd_binary_33,TCGA-AC-A6IW,2,train
hrd_binary_33,TCGA-AC-A6IX,2,train
hrd_binary_33,TCGA-AC-A6NO,2,train
hrd_binary_33,TCGA-AC-A7VB,2,train
hrd_binary_33,TCGA-AC-A7VC,2,train
hrd_binary_33,TCGA-AC-A8OP,2,train
hrd_binary_33,TCGA-AC-A8OQ,2,train
hrd_binary_33,TCGA-AC-A8OR,2,train
hrd_binary_33,TCGA-AC-A8OS,2,train
hrd_binary_33,TCGA-AN-A03X,2,train
hrd_binary_33,TCGA-AN-A03Y,2,train
hrd_binary_33,TCGA-AN-A041,2,train
hrd_binary_33,TCGA-AN-A046,2,train
hrd_binary_33,TCGA-AN-A049,2,train
hrd_binary_33,TCGA-AN-A04C,2,train
hrd_binary_33,TCGA-AN-A0AJ,2,train
hrd_binary_33,TCGA-AN-A0AL,2,train
hrd_binary_33,TCGA-AN-A0AM,2,train
hrd_binary_33,TCGA-AN-A0AR,2,train
hrd_binary_33,TCGA-AN-A0AS,2,train
hrd_binary_33,TCGA-AN-A0AT,2,train
hrd_binary_33,TCGA-AN-A0FJ,2,train
hrd_binary_33,TCGA-AN-A0FK,2,train
hrd_binary_33,TCGA-AN-A0FN,2,train
hrd_binary_33,TCGA-AN-A0FT,2,train
hrd_binary_33,TCGA-AN-A0FV,2,train
hrd_binary_33,TCGA-AN-A0FW,2,train
hrd_binary_33,TCGA-AN-A0FX,2,train
hrd_binary_33,TCGA-AN-A0XN,2,train
hrd_binary_33,TCGA-AN-A0XO,2,train
hrd_binary_33,TCGA-AN-A0XP,2,train
hrd_binary_33,TCGA-AN-A0XR,2,train
hrd_binary_33,TCGA-AN-A0XS,2,train
hrd_binary_33,TCGA-AN-A0XT,2,train
hrd_binary_33,TCGA-AN-A0XV,2,train
hrd_binary_33,TCGA-AN-A0XW,2,train
hrd_binary_33,TCGA-AO-A03L,2,train
hrd_binary_33,TCGA-AO-A03O,2,train
hrd_binary_33,TCGA-AO-A03P,2,train
hrd_binary_33,TCGA-AO-A03R,2,train
hrd_binary_33,TCGA-AO-A03T,2,train
hrd_binary_33,TCGA-AO-A0J2,2,train
hrd_binary_33,TCGA-AO-A0J3,2,train
hrd_binary_33,TCGA-AO-A0J6,2,train
hrd_binary_33,TCGA-AO-A0J7,2,train
hrd_binary_33,TCGA-AO-A0J8,2,train
hrd_binary_33,TCGA-AO-A0J9,2,train
hrd_binary_33,TCGA-AO-A0JD,2,train
hrd_binary_33,TCGA-AO-A0JE,2,train
hrd_binary_33,TCGA-AO-A0JG,2,train
hrd_binary_33,TCGA-AO-A0JI,2,train
hrd_binary_33,TCGA-AO-A124,2,train
hrd_binary_33,TCGA-AO-A128,2,train
hrd_binary_33,TCGA-AO-A12D,2,train
hrd_binary_33,TCGA-AO-A12F,2,train
hrd_binary_33,TCGA-AO-A12H,2,train
hrd_binary_33,TCGA-AO-A1KP,2,train
hrd_binary_33,TCGA-AO-A1KR,2,train
hrd_binary_33,TCGA-AO-A1KT,2,train
hrd_binary_33,TCGA-AQ-A1H3,2,train
hrd_binary_33,TCGA-AR-A0TP,2,train
hrd_binary_33,TCGA-AR-A0TQ,2,train
hrd_binary_33,TCGA-AR-A0TR,2,train
hrd_binary_33,TCGA-AR-A0TS,2,train
hrd_binary_33,TCGA-AR-A0TT,2,train
hrd_binary_33,TCGA-AR-A0TV,2,train
hrd_binary_33,TCGA-AR-A0TY,2,train
hrd_binary_33,TCGA-AR-A0TZ,2,train
hrd_binary_33,TCGA-AR-A0U0,2,train
hrd_binary_33,TCGA-AR-A1AH,2,train
hrd_binary_33,TCGA-AR-A1AI,2,train
hrd_binary_33,TCGA-AR-A1AJ,2,train
hrd_binary_33,TCGA-AR-A1AK,2,train
hrd_binary_33,TCGA-AR-A1AN,2,train
hrd_binary_33,TCGA-AR-A1AO,2,train
hrd_binary_33,TCGA-AR-A1AP,2,train
hrd_binary_33,TCGA-AR-A1AQ,2,train
hrd_binary_33,TCGA-AR-A1AR,2,train
hrd_binary_33,TCGA-AR-A1AU,2,train
hrd_binary_33,TCGA-AR-A1AW,2,train
hrd_binary_33,TCGA-AR-A1AX,2,train
hrd_binary_33,TCGA-AR-A24L,2,train
hrd_binary_33,TCGA-AR-A24N,2,train
hrd_binary_33,TCGA-AR-A24O,2,train
hrd_binary_33,TCGA-AR-A24P,2,train
hrd_binary_33,TCGA-AR-A24Q,2,train
hrd_binary_33,TCGA-AR-A24R,2,train
hrd_binary_33,TCGA-AR-A24S,2,train
hrd_binary_33,TCGA-AR-A24U,2,train
hrd_binary_33,TCGA-AR-A24W,2,train
hrd_binary_33,TCGA-AR-A24X,2,train
hrd_binary_33,TCGA-AR-A251,2,train
hrd_binary_33,TCGA-AR-A252,2,train
hrd_binary_33,TCGA-AR-A256,2,train
hrd_binary_33,TCGA-AR-A2LH,2,train
hrd_binary_33,TCGA-AR-A2LK,2,train
hrd_binary_33,TCGA-AR-A2LN,2,train
hrd_binary_33,TCGA-AR-A2LO,2,train
hrd_binary_33,TCGA-AR-A2LQ,2,train
hrd_binary_33,TCGA-AR-A5QM,2,train
hrd_binary_33,TCGA-AR-A5QP,2,train
hrd_binary_33,TCGA-B6-A0I2,2,train
hrd_binary_33,TCGA-B6-A0I5,2,train
hrd_binary_33,TCGA-B6-A0I9,2,train
hrd_binary_33,TCGA-B6-A0IB,2,train
hrd_binary_33,TCGA-B6-A0IC,2,train
hrd_binary_33,TCGA-B6-A0IE,2,train
hrd_binary_33,TCGA-B6-A0IH,2,train
hrd_binary_33,TCGA-B6-A0IN,2,train
hrd_binary_33,TCGA-B6-A0RE,2,train
hrd_binary_33,TCGA-B6-A0RG,2,train
hrd_binary_33,TCGA-B6-A0RI,2,train
hrd_binary_33,TCGA-B6-A0RL,2,train
hrd_binary_33,TCGA-B6-A0RN,2,train
hrd_binary_33,TCGA-B6-A0RP,2,train
hrd_binary_33,TCGA-B6-A0RS,2,train
hrd_binary_33,TCGA-B6-A0RU,2,train
hrd_binary_33,TCGA-B6-A0RV,2,train
hrd_binary_33,TCGA-B6-A0WS,2,train
hrd_binary_33,TCGA-B6-A0WT,2,train
hrd_binary_33,TCGA-B6-A0WW,2,train
hrd_binary_33,TCGA-B6-A0WY,2,train
hrd_binary_33,TCGA-B6-A0WZ,2,train
hrd_binary_33,TCGA-B6-A0X0,2,train
hrd_binary_33,TCGA-B6-A0X1,2,train
hrd_binary_33,TCGA-B6-A0X4,2,train
hrd_binary_33,TCGA-B6-A1KC,2,train
hrd_binary_33,TCGA-B6-A1KF,2,train
hrd_binary_33,TCGA-B6-A1KN,2,train
hrd_binary_33,TCGA-B6-A2IU,2,train
hrd_binary_33,TCGA-B6-A40C,2,train
hrd_binary_33,TCGA-BH-A0AU,2,train
hrd_binary_33,TCGA-BH-A0AV,2,train
hrd_binary_33,TCGA-BH-A0AW,2,train
hrd_binary_33,TCGA-BH-A0AY,2,train
hrd_binary_33,TCGA-BH-A0AZ,2,train
hrd_binary_33,TCGA-BH-A0B3,2,train
hrd_binary_33,TCGA-BH-A0BA,2,train
hrd_binary_33,TCGA-BH-A0BC,2,train
hrd_binary_33,TCGA-BH-A0BL,2,train
hrd_binary_33,TCGA-BH-A0BM,2,train
hrd_binary_33,TCGA-BH-A0BP,2,train
hrd_binary_33,TCGA-BH-A0BR,2,train
hrd_binary_33,TCGA-BH-A0BT,2,train
hrd_binary_33,TCGA-BH-A0BZ,2,train
hrd_binary_33,TCGA-BH-A0C1,2,train
hrd_binary_33,TCGA-BH-A0C3,2,train
hrd_binary_33,TCGA-BH-A0C7,2,train
hrd_binary_33,TCGA-BH-A0DE,2,train
hrd_binary_33,TCGA-BH-A0DG,2,train
hrd_binary_33,TCGA-BH-A0DH,2,train
hrd_binary_33,TCGA-BH-A0DI,2,train
hrd_binary_33,TCGA-BH-A0DK,2,train
hrd_binary_33,TCGA-BH-A0DL,2,train
hrd_binary_33,TCGA-BH-A0DO,2,train
hrd_binary_33,TCGA-BH-A0DQ,2,train
hrd_binary_33,TCGA-BH-A0DS,2,train
hrd_binary_33,TCGA-BH-A0DT,2,train
hrd_binary_33,TCGA-BH-A0DV,2,train
hrd_binary_33,TCGA-BH-A0DX,2,train
hrd_binary_33,TCGA-BH-A0DZ,2,train
hrd_binary_33,TCGA-BH-A0E0,2,train
hrd_binary_33,TCGA-BH-A0E1,2,train
hrd_binary_33,TCGA-BH-A0E2,2,train
hrd_binary_33,TCGA-BH-A0E7,2,train
hrd_binary_33,TCGA-BH-A0E9,2,train
hrd_binary_33,TCGA-BH-A0EA,2,train
hrd_binary_33,TCGA-BH-A0EB,2,train
hrd_binary_33,TCGA-BH-A0GY,2,train
hrd_binary_33,TCGA-BH-A0H0,2,train
hrd_binary_33,TCGA-BH-A0H6,2,train
hrd_binary_33,TCGA-BH-A0H7,2,train
hrd_binary_33,TCGA-BH-A0HA,2,train
hrd_binary_33,TCGA-BH-A0HB,2,train
hrd_binary_33,TCGA-BH-A0HI,2,train
hrd_binary_33,TCGA-BH-A0HK,2,train
hrd_binary_33,TCGA-BH-A0HO,2,train
hrd_binary_33,TCGA-BH-A0HQ,2,train
hrd_binary_33,TCGA-BH-A0HU,2,train
hrd_binary_33,TCGA-BH-A0HW,2,train
hrd_binary_33,TCGA-BH-A0HY,2,train
hrd_binary_33,TCGA-BH-A0W3,2,train
hrd_binary_33,TCGA-BH-A0W4,2,train
hrd_binary_33,TCGA-BH-A0WA,2,train
hrd_binary_33,TCGA-BH-A18F,2,train
hrd_binary_33,TCGA-BH-A18G,2,train
hrd_binary_33,TCGA-BH-A18H,2,train
hrd_binary_33,TCGA-BH-A18I,2,train
hrd_binary_33,TCGA-BH-A18J,2,train
hrd_binary_33,TCGA-BH-A18K,2,train
hrd_binary_33,TCGA-BH-A18L,2,train
hrd_binary_33,TCGA-BH-A18M,2,train
hrd_binary_33,TCGA-BH-A18P,2,train
hrd_binary_33,TCGA-BH-A18R,2,train
hrd_binary_33,TCGA-BH-A18S,2,train
hrd_binary_33,TCGA-BH-A18T,2,train
hrd_binary_33,TCGA-BH-A1EO,2,train
hrd_binary_33,TCGA-BH-A1EU,2,train
hrd_binary_33,TCGA-BH-A1F2,2,train
hrd_binary_33,TCGA-BH-A1FE,2,train
hrd_binary_33,TCGA-BH-A1FL,2,train
hrd_binary_33,TCGA-BH-A1FN,2,train
hrd_binary_33,TCGA-BH-A201,2,train
hrd_binary_33,TCGA-BH-A203,2,train
hrd_binary_33,TCGA-BH-A204,2,train
hrd_binary_33,TCGA-BH-A208,2,train
hrd_binary_33,TCGA-BH-A209,2,train
hrd_binary_33,TCGA-BH-A28Q,2,train
hrd_binary_33,TCGA-BH-A2L8,2,train
hrd_binary_33,TCGA-BH-A42V,2,train
hrd_binary_33,TCGA-BH-A5IZ,2,train
hrd_binary_33,TCGA-BH-A6R8,2,train
hrd_binary_33,TCGA-BH-A6R9,2,train
hrd_binary_33,TCGA-BH-A8FY,2,train
hrd_binary_33,TCGA-BH-A8FZ,2,train
hrd_binary_33,TCGA-BH-AB28,2,train
hrd_binary_33,TCGA-C8-A12L,2,train
hrd_binary_33,TCGA-C8-A12M,2,train
hrd_binary_33,TCGA-C8-A12N,2,train
hrd_binary_33,TCGA-C8-A12O,2,train
hrd_binary_33,TCGA-C8-A12Q,2,train
hrd_binary_33,TCGA-C8-A12U,2,train
hrd_binary_33,TCGA-C8-A12W,2,train
hrd_binary_33,TCGA-C8-A12Z,2,train
hrd_binary_33,TCGA-C8-A132,2,train
hrd_binary_33,TCGA-C8-A133,2,train
hrd_binary_33,TCGA-C8-A135,2,train
hrd_binary_33,TCGA-C8-A137,2,train
hrd_binary_33,TCGA-C8-A138,2,train
hrd_binary_33,TCGA-C8-A1HE,2,train
hrd_binary_33,TCGA-C8-A1HG,2,train
hrd_binary_33,TCGA-C8-A1HJ,2,train
hrd_binary_33,TCGA-C8-A1HK,2,train
hrd_binary_33,TCGA-C8-A1HL,2,train
hrd_binary_33,TCGA-C8-A1HM,2,train
hrd_binary_33,TCGA-C8-A26V,2,train
hrd_binary_33,TCGA-C8-A26W,2,train
hrd_binary_33,TCGA-C8-A26X,2,train
hrd_binary_33,TCGA-C8-A26Y,2,train
hrd_binary_33,TCGA-C8-A26Z,2,train
hrd_binary_33,TCGA-C8-A275,2,train
hrd_binary_33,TCGA-C8-A278,2,train
hrd_binary_33,TCGA-C8-A27A,2,train
hrd_binary_33,TCGA-C8-A27B,2,train
hrd_binary_33,TCGA-C8-A8HQ,2,train
hrd_binary_33,TCGA-C8-A8HR,2,train
hrd_binary_33,TCGA-D8-A141,2,train
hrd_binary_33,TCGA-D8-A143,2,train
hrd_binary_33,TCGA-D8-A1J8,2,train
hrd_binary_33,TCGA-D8-A1J9,2,train
hrd_binary_33,TCGA-D8-A1JB,2,train
hrd_binary_33,TCGA-D8-A1JD,2,train
hrd_binary_33,TCGA-D8-A1JF,2,train
hrd_binary_33,TCGA-D8-A1JG,2,train
hrd_binary_33,TCGA-D8-A1JH,2,train
hrd_binary_33,TCGA-D8-A1JJ,2,train
hrd_binary_33,TCGA-D8-A1JK,2,train
hrd_binary_33,TCGA-D8-A1JL,2,train
hrd_binary_33,TCGA-D8-A1JM,2,train
hrd_binary_33,TCGA-D8-A1JP,2,train
hrd_binary_33,TCGA-D8-A1JT,2,train
hrd_binary_33,TCGA-D8-A1X5,2,train
hrd_binary_33,TCGA-D8-A1X7,2,train
hrd_binary_33,TCGA-D8-A1X8,2,train
hrd_binary_33,TCGA-D8-A1X9,2,train
hrd_binary_33,TCGA-D8-A1XA,2,train
hrd_binary_33,TCGA-D8-A1XB,2,train
hrd_binary_33,TCGA-D8-A1XC,2,train
hrd_binary_33,TCGA-D8-A1XF,2,train
hrd_binary_33,TCGA-D8-A1XG,2,train
hrd_binary_33,TCGA-D8-A1XJ,2,train
hrd_binary_33,TCGA-D8-A1XK,2,train
hrd_binary_33,TCGA-D8-A1XL,2,train
hrd_binary_33,TCGA-D8-A1XM,2,train
hrd_binary_33,TCGA-D8-A1XO,2,train
hrd_binary_33,TCGA-D8-A1XQ,2,train
hrd_binary_33,TCGA-D8-A1XR,2,train
hrd_binary_33,TCGA-D8-A1XT,2,train
hrd_binary_33,TCGA-D8-A1XV,2,train
hrd_binary_33,TCGA-D8-A1XW,2,train
hrd_binary_33,TCGA-D8-A1XY,2,train
hrd_binary_33,TCGA-D8-A1XZ,2,train
hrd_binary_33,TCGA-D8-A1Y0,2,train
hrd_binary_33,TCGA-D8-A1Y1,2,train
hrd_binary_33,TCGA-D8-A1Y2,2,train
hrd_binary_33,TCGA-D8-A1Y3,2,train
hrd_binary_33,TCGA-D8-A27E,2,train
hrd_binary_33,TCGA-D8-A27H,2,train
hrd_binary_33,TCGA-D8-A27K,2,train
hrd_binary_33,TCGA-D8-A27L,2,train
hrd_binary_33,TCGA-D8-A27M,2,train
hrd_binary_33,TCGA-D8-A27N,2,train
hrd_binary_33,TCGA-D8-A27P,2,train
hrd_binary_33,TCGA-D8-A27T,2,train
hrd_binary_33,TCGA-D8-A27V,2,train
hrd_binary_33,TCGA-D8-A27W,2,train
hrd_binary_33,TCGA-D8-A3Z6,2,train
hrd_binary_33,TCGA-D8-A4Z1,2,train
hrd_binary_33,TCGA-D8-A73U,2,train
hrd_binary_33,TCGA-D8-A73X,2,train
hrd_binary_33,TCGA-E2-A10A,2,train
hrd_binary_33,TCGA-E2-A10C,2,train
hrd_binary_33,TCGA-E2-A14Q,2,train
hrd_binary_33,TCGA-E2-A14R,2,train
hrd_binary_33,TCGA-E2-A14T,2,train
hrd_binary_33,TCGA-E2-A14X,2,train
hrd_binary_33,TCGA-E2-A14Y,2,train
hrd_binary_33,TCGA-E2-A14Z,2,train
hrd_binary_33,TCGA-E2-A150,2,train
hrd_binary_33,TCGA-E2-A152,2,train
hrd_binary_33,TCGA-E2-A153,2,train
hrd_binary_33,TCGA-E2-A154,2,train
hrd_binary_33,TCGA-E2-A155,2,train
hrd_binary_33,TCGA-E2-A156,2,train
hrd_binary_33,TCGA-E2-A158,2,train
hrd_binary_33,TCGA-E2-A15A,2,train
hrd_binary_33,TCGA-E2-A15C,2,train
hrd_binary_33,TCGA-E2-A15D,2,train
hrd_binary_33,TCGA-E2-A15E,2,train
hrd_binary_33,TCGA-E2-A15G,2,train
hrd_binary_33,TCGA-E2-A15H,2,train
hrd_binary_33,TCGA-E2-A15I,2,train
hrd_binary_33,TCGA-E2-A15K,2,train
hrd_binary_33,TCGA-E2-A15M,2,train
hrd_binary_33,TCGA-E2-A15O,2,train
hrd_binary_33,TCGA-E2-A15P,2,train
hrd_binary_33,TCGA-E2-A15R,2,train
hrd_binary_33,TCGA-E2-A15T,2,train
hrd_binary_33,TCGA-E2-A1AZ,2,train
hrd_binary_33,TCGA-E2-A1B4,2,train
hrd_binary_33,TCGA-E2-A1BC,2,train
hrd_binary_33,TCGA-E2-A1BD,2,train
hrd_binary_33,TCGA-E2-A1IE,2,train
hrd_binary_33,TCGA-E2-A1IF,2,train
hrd_binary_33,TCGA-E2-A1IG,2,train
hrd_binary_33,TCGA-E2-A1IH,2,train
hrd_binary_33,TCGA-E2-A1IJ,2,train
hrd_binary_33,TCGA-E2-A1IK,2,train
hrd_binary_33,TCGA-E2-A1IL,2,train
hrd_binary_33,TCGA-E2-A1IO,2,train
hrd_binary_33,TCGA-E2-A1IU,2,train
hrd_binary_33,TCGA-E2-A1L9,2,train
hrd_binary_33,TCGA-E2-A1LA,2,train
hrd_binary_33,TCGA-E2-A1LH,2,train
hrd_binary_33,TCGA-E2-A1LK,2,train
hrd_binary_33,TCGA-E2-A1LL,2,train
hrd_binary_33,TCGA-E2-A573,2,train
hrd_binary_33,TCGA-E2-A576,2,train
hrd_binary_33,TCGA-E9-A1N3,2,train
hrd_binary_33,TCGA-E9-A1N5,2,train
hrd_binary_33,TCGA-E9-A1N8,2,train
hrd_binary_33,TCGA-E9-A1N9,2,train
hrd_binary_33,TCGA-E9-A1NA,2,train
hrd_binary_33,TCGA-E9-A1NC,2,train
hrd_binary_33,TCGA-E9-A1ND,2,train
hrd_binary_33,TCGA-E9-A1NE,2,train
hrd_binary_33,TCGA-E9-A1NI,2,train
hrd_binary_33,TCGA-E9-A1R0,2,train
hrd_binary_33,TCGA-E9-A1R3,2,train
hrd_binary_33,TCGA-E9-A1R5,2,train
hrd_binary_33,TCGA-E9-A1R7,2,train
hrd_binary_33,TCGA-E9-A1RA,2,train
hrd_binary_33,TCGA-E9-A1RC,2,train
hrd_binary_33,TCGA-E9-A1RD,2,train
hrd_binary_33,TCGA-E9-A1RE,2,train
hrd_binary_33,TCGA-E9-A1RH,2,train
hrd_binary_33,TCGA-E9-A226,2,train
hrd_binary_33,TCGA-E9-A227,2,train
hrd_binary_33,TCGA-E9-A228,2,train
hrd_binary_33,TCGA-E9-A229,2,train
hrd_binary_33,TCGA-E9-A22A,2,train
hrd_binary_33,TCGA-E9-A22B,2,train
hrd_binary_33,TCGA-E9-A22D,2,train
hrd_binary_33,TCGA-E9-A22E,2,train
hrd_binary_33,TCGA-E9-A22G,2,train
hrd_binary_33,TCGA-E9-A22H,2,train
hrd_binary_33,TCGA-E9-A243,2,train
hrd_binary_33,TCGA-E9-A244,2,train
hrd_binary_33,TCGA-E9-A245,2,train
hrd_binary_33,TCGA-E9-A247,2,train
hrd_binary_33,TCGA-E9-A24A,2,train
hrd_binary_33,TCGA-E9-A295,2,train
hrd_binary_33,TCGA-E9-A2JS,2,train
hrd_binary_33,TCGA-E9-A2JT,2,train
hrd_binary_33,TCGA-E9-A6HE,2,train
hrd_binary_33,TCGA-EW-A1IY,2,train
hrd_binary_33,TCGA-EW-A1IZ,2,train
hrd_binary_33,TCGA-EW-A1J1,2,train
hrd_binary_33,TCGA-EW-A1J3,2,train
hrd_binary_33,TCGA-EW-A1J6,2,train
hrd_binary_33,TCGA-EW-A1OV,2,train
hrd_binary_33,TCGA-EW-A1OY,2,train
hrd_binary_33,TCGA-EW-A1OZ,2,train
hrd_binary_33,TCGA-EW-A1P0,2,train
hrd_binary_33,TCGA-EW-A1P1,2,train
hrd_binary_33,TCGA-EW-A1P3,2,train
hrd_binary_33,TCGA-EW-A1P4,2,train
hrd_binary_33,TCGA-EW-A1P5,2,train
hrd_binary_33,TCGA-EW-A1P8,2,train
hrd_binary_33,TCGA-EW-A1PB,2,train
hrd_binary_33,TCGA-EW-A1PE,2,train
hrd_binary_33,TCGA-EW-A1PG,2,train
hrd_binary_33,TCGA-EW-A1PH,2,train
hrd_binary_33,TCGA-EW-A2FS,2,train
hrd_binary_33,TCGA-EW-A6SB,2,train
hrd_binary_33,TCGA-EW-A6SC,2,train
hrd_binary_33,TCGA-EW-A6SD,2,train
hrd_binary_33,TCGA-GM-A2DA,2,train
hrd_binary_33,TCGA-GM-A2DB,2,train
hrd_binary_33,TCGA-GM-A2DC,2,train
hrd_binary_33,TCGA-GM-A2DD,2,train
hrd_binary_33,TCGA-GM-A2DF,2,train
hrd_binary_33,TCGA-GM-A2DH,2,train
hrd_binary_33,TCGA-GM-A2DL,2,train
hrd_binary_33,TCGA-GM-A2DM,2,train
hrd_binary_33,TCGA-GM-A2DN,2,train
hrd_binary_33,TCGA-GM-A3NW,2,train
hrd_binary_33,TCGA-GM-A5PX,2,train
hrd_binary_33,TCGA-HN-A2NL,2,train
hrd_binary_33,TCGA-HN-A2OB,2,train
hrd_binary_33,TCGA-LD-A66U,2,train
hrd_binary_33,TCGA-LD-A74U,2,train
hrd_binary_33,TCGA-LD-A7W5,2,train
hrd_binary_33,TCGA-LD-A7W6,2,train
hrd_binary_33,TCGA-LL-A50Y,2,train
hrd_binary_33,TCGA-LL-A5YL,2,train
hrd_binary_33,TCGA-LL-A5YM,2,train
hrd_binary_33,TCGA-LL-A5YN,2,train
hrd_binary_33,TCGA-LL-A5YP,2,train
hrd_binary_33,TCGA-LL-A6FQ,2,train
hrd_binary_33,TCGA-LL-A6FR,2,train
hrd_binary_33,TCGA-LL-A73Y,2,train
hrd_binary_33,TCGA-LL-A73Z,2,train
hrd_binary_33,TCGA-LL-A7SZ,2,train
hrd_binary_33,TCGA-LL-A7T0,2,train
hrd_binary_33,TCGA-LL-A8F5,2,train
hrd_binary_33,TCGA-LL-A9Q3,2,train
hrd_binary_33,TCGA-OK-A5Q2,2,train
hrd_binary_33,TCGA-OL-A5D6,2,train
hrd_binary_33,TCGA-OL-A5D7,2,train
hrd_binary_33,TCGA-OL-A5DA,2,train
hrd_binary_33,TCGA-OL-A5RU,2,train
hrd_binary_33,TCGA-OL-A5RV,2,train
hrd_binary_33,TCGA-OL-A5RW,2,train
hrd_binary_33,TCGA-OL-A5RY,2,train
hrd_binary_33,TCGA-OL-A66H,2,train
hrd_binary_33,TCGA-OL-A66N,2,train
hrd_binary_33,TCGA-OL-A66P,2,train
hrd_binary_33,TCGA-OL-A6VO,2,train
hrd_binary_33,TCGA-OL-A6VQ,2,train
hrd_binary_33,TCGA-OL-A6VR,2,train
hrd_binary_33,TCGA-PE-A5DE,2,train
hrd_binary_33,TCGA-PL-A8LV,2,train
hrd_binary_33,TCGA-PL-A8LX,2,train
hrd_binary_33,TCGA-PL-A8LY,2,train
hrd_binary_33,TCGA-PL-A8LZ,2,train
hrd_binary_33,TCGA-S3-A6ZF,2,train
hrd_binary_33,TCGA-S3-A6ZG,2,train
hrd_binary_33,TCGA-S3-A6ZH,2,train
hrd_binary_33,TCGA-S3-AA0Z,2,train
hrd_binary_33,TCGA-S3-AA10,2,train
hrd_binary_33,TCGA-S3-AA11,2,train
hrd_binary_33,TCGA-S3-AA12,2,train
hrd_binary_33,TCGA-S3-AA14,2,train
hrd_binary_33,TCGA-S3-AA17,2,train
hrd_binary_33,TCGA-UU-A93S,2,train
hrd_binary_33,TCGA-V7-A7HQ,2,train
hrd_binary_33,TCGA-W8-A86G,2,train
hrd_binary_33,TCGA-WT-AB41,2,train
hrd_binary_33,TCGA-WT-AB44,2,train
hrd_binary_33,TCGA-Z7-A8R6,2,train
hrd_binary_33,TCGA-D8-A1XC,2,inner_train
hrd_binary_33,TCGA-AN-A0FK,2,inner_train
hrd_binary_33,TCGA-OL-A66N,2,inner_train
hrd_binary_33,TCGA-AN-A0FW,2,inner_train
hrd_binary_33,TCGA-A2-A1G1,2,inner_train
hrd_binary_33,TCGA-E2-A15O,2,inner_train
hrd_binary_33,TCGA-E2-A1IL,2,inner_train
hrd_binary_33,TCGA-E2-A1L9,2,inner_train
hrd_binary_33,TCGA-E2-A15G,2,inner_train
hrd_binary_33,TCGA-BH-AB28,2,inner_train
hrd_binary_33,TCGA-B6-A0RG,2,inner_train
hrd_binary_33,TCGA-BH-A0BA,2,inner_train
hrd_binary_33,TCGA-E2-A14R,2,inner_train
hrd_binary_33,TCGA-C8-A12U,2,inner_train
hrd_binary_33,TCGA-D8-A1Y2,2,inner_train
hrd_binary_33,TCGA-A2-A0T1,2,inner_train
hrd_binary_33,TCGA-BH-A0DT,2,inner_train
hrd_binary_33,TCGA-BH-A0BZ,2,inner_train
hrd_binary_33,TCGA-A7-A0DB,2,inner_train
hrd_binary_33,TCGA-BH-A6R9,2,inner_train
hrd_binary_33,TCGA-AR-A1AQ,2,inner_train
hrd_binary_33,TCGA-A1-A0SI,2,inner_train
hrd_binary_33,TCGA-D8-A1JG,2,inner_train
hrd_binary_33,TCGA-E9-A228,2,inner_train
hrd_binary_33,TCGA-E2-A1IK,2,inner_train
hrd_binary_33,TCGA-AC-A23E,2,inner_train
hrd_binary_33,TCGA-A2-A1FZ,2,inner_train
hrd_binary_33,TCGA-AR-A24O,2,inner_train
hrd_binary_33,TCGA-BH-A0BC,2,inner_train
hrd_binary_33,TCGA-BH-A0AZ,2,inner_train
hrd_binary_33,TCGA-E9-A22A,2,inner_train
hrd_binary_33,TCGA-OK-A5Q2,2,inner_train
hrd_binary_33,TCGA-BH-A0EB,2,inner_train
hrd_binary_33,TCGA-AR-A0U0,2,inner_train
hrd_binary_33,TCGA-BH-A0WA,2,inner_train
hrd_binary_33,TCGA-S3-A6ZG,2,inner_train
hrd_binary_33,TCGA-A2-A0D4,2,inner_train
hrd_binary_33,TCGA-S3-AA17,2,inner_train
hrd_binary_33,TCGA-D8-A1JP,2,inner_train
hrd_binary_33,TCGA-BH-A0B3,2,inner_train
hrd_binary_33,TCGA-AO-A0J9,2,inner_train
hrd_binary_33,TCGA-BH-A8FY,2,inner_train
hrd_binary_33,TCGA-E2-A1BC,2,inner_train
hrd_binary_33,TCGA-D8-A1X9,2,inner_train
hrd_binary_33,TCGA-AR-A0TR,2,inner_train
hrd_binary_33,TCGA-AR-A1AN,2,inner_train
hrd_binary_33,TCGA-E9-A1N8,2,inner_train
hrd_binary_33,TCGA-D8-A1XW,2,inner_train
hrd_binary_33,TCGA-E2-A1LH,2,inner_train
hrd_binary_33,TCGA-OL-A6VQ,2,inner_train
hrd_binary_33,TCGA-AC-A8OS,2,inner_train
hrd_binary_33,TCGA-A8-A06X,2,inner_train
hrd_binary_33,TCGA-D8-A27M,2,inner_train
hrd_binary_33,TCGA-E2-A10C,2,inner_train
hrd_binary_33,TCGA-B6-A1KC,2,inner_train
hrd_binary_33,TCGA-C8-A1HK,2,inner_train
hrd_binary_33,TCGA-EW-A1P4,2,inner_train
hrd_binary_33,TCGA-WT-AB41,2,inner_train
hrd_binary_33,TCGA-D8-A1JL,2,inner_train
hrd_binary_33,TCGA-C8-A26Z,2,inner_train
hrd_binary_33,TCGA-BH-A0HA,2,inner_train
hrd_binary_33,TCGA-D8-A1XQ,2,inner_train
hrd_binary_33,TCGA-E9-A1ND,2,inner_train
hrd_binary_33,TCGA-PL-A8LV,2,inner_train
hrd_binary_33,TCGA-AN-A0AR,2,inner_train
hrd_binary_33,TCGA-AO-A03T,2,inner_train
hrd_binary_33,TCGA-D8-A141,2,inner_train
hrd_binary_33,TCGA-A8-A06Z,2,inner_train
hrd_binary_33,TCGA-BH-A0EA,2,inner_train
hrd_binary_33,TCGA-BH-A0DS,2,inner_train
hrd_binary_33,TCGA-AN-A0AT,2,inner_train
hrd_binary_33,TCGA-GM-A5PX,2,inner_train
hrd_binary_33,TCGA-EW-A1PH,2,inner_train
hrd_binary_33,TCGA-E9-A244,2,inner_train
hrd_binary_33,TCGA-EW-A1OZ,2,inner_train
hrd_binary_33,TCGA-E2-A158,2,inner_train
hrd_binary_33,TCGA-AR-A1AP,2,inner_train
hrd_binary_33,TCGA-E9-A1RD,2,inner_train
hrd_binary_33,TCGA-S3-AA11,2,inner_train
hrd_binary_33,TCGA-LL-A5YM,2,inner_train
hrd_binary_33,TCGA-OL-A5RV,2,inner_train
hrd_binary_33,TCGA-BH-A0W3,2,inner_train
hrd_binary_33,TCGA-A2-A04W,2,inner_train
hrd_binary_33,TCGA-AR-A24U,2,inner_train
hrd_binary_33,TCGA-A8-A07I,2,inner_train
hrd_binary_33,TCGA-BH-A0HI,2,inner_train
hrd_binary_33,TCGA-AN-A049,2,inner_train
hrd_binary_33,TCGA-GM-A3NW,2,inner_train
hrd_binary_33,TCGA-A2-A0ES,2,inner_train
hrd_binary_33,TCGA-AN-A0XO,2,inner_train
hrd_binary_33,TCGA-A2-A4S1,2,inner_train
hrd_binary_33,TCGA-S3-A6ZH,2,inner_train
hrd_binary_33,TCGA-BH-A0AY,2,inner_train
hrd_binary_33,TCGA-E9-A1RA,2,inner_train
hrd_binary_33,TCGA-E9-A6HE,2,inner_train
hrd_binary_33,TCGA-AR-A1AJ,2,inner_train
hrd_binary_33,TCGA-E9-A229,2,inner_train
hrd_binary_33,TCGA-A2-A04V,2,inner_train
hrd_binary_33,TCGA-D8-A1XG,2,inner_train
hrd_binary_33,TCGA-LD-A7W5,2,inner_train
hrd_binary_33,TCGA-BH-A208,2,inner_train
hrd_binary_33,TCGA-E9-A247,2,inner_train
hrd_binary_33,TCGA-A7-A26H,2,inner_train
hrd_binary_33,TCGA-B6-A0RS,2,inner_train
hrd_binary_33,TCGA-BH-A204,2,inner_train
hrd_binary_33,TCGA-A2-A0EU,2,inner_train
hrd_binary_33,TCGA-C8-A12L,2,inner_train
hrd_binary_33,TCGA-AC-A7VC,2,inner_train
hrd_binary_33,TCGA-E2-A1IU,2,inner_train
hrd_binary_33,TCGA-OL-A6VO,2,inner_train
hrd_binary_33,TCGA-AR-A1AI,2,inner_train
hrd_binary_33,TCGA-BH-A18P,2,inner_train
hrd_binary_33,TCGA-AC-A2FB,2,inner_train
hrd_binary_33,TCGA-B6-A0IE,2,inner_train
hrd_binary_33,TCGA-AO-A0J7,2,inner_train
hrd_binary_33,TCGA-A1-A0SG,2,inner_train
hrd_binary_33,TCGA-LD-A7W6,2,inner_train
hrd_binary_33,TCGA-E2-A14Y,2,inner_train
hrd_binary_33,TCGA-B6-A0IC,2,inner_train
hrd_binary_33,TCGA-E2-A15I,2,inner_train
hrd_binary_33,TCGA-E2-A15R,2,inner_train
hrd_binary_33,TCGA-A8-A093,2,inner_train
hrd_binary_33,TCGA-A2-A0YL,2,inner_train
hrd_binary_33,TCGA-D8-A1Y1,2,inner_train
hrd_binary_33,TCGA-AN-A041,2,inner_train
hrd_binary_33,TCGA-S3-AA12,2,inner_train
hrd_binary_33,TCGA-EW-A1IZ,2,inner_train
hrd_binary_33,TCGA-E2-A150,2,inner_train
hrd_binary_33,TCGA-B6-A0RN,2,inner_train
hrd_binary_33,TCGA-5T-A9QA,2,inner_train
hrd_binary_33,TCGA-C8-A132,2,inner_train
hrd_binary_33,TCGA-BH-A0DL,2,inner_train
hrd_binary_33,TCGA-EW-A1PB,2,inner_train
hrd_binary_33,TCGA-AR-A0TP,2,inner_train
hrd_binary_33,TCGA-B6-A0X1,2,inner_train
hrd_binary_33,TCGA-AR-A24N,2,inner_train
hrd_binary_33,TCGA-AC-A2FO,2,inner_train
hrd_binary_33,TCGA-3C-AALJ,2,inner_train
hrd_binary_33,TCGA-EW-A1IY,2,inner_train
hrd_binary_33,TCGA-A8-A0A7,2,inner_train
hrd_binary_33,TCGA-A2-A1FV,2,inner_train
hrd_binary_33,TCGA-D8-A1XY,2,inner_train
hrd_binary_33,TCGA-AN-A0XP,2,inner_train
hrd_binary_33,TCGA-A8-A081,2,inner_train
hrd_binary_33,TCGA-A2-A0YK,2,inner_train
hrd_binary_33,TCGA-A1-A0SD,2,inner_train
hrd_binary_33,TCGA-S3-A6ZF,2,inner_train
hrd_binary_33,TCGA-AR-A256,2,inner_train
hrd_binary_33,TCGA-BH-A18G,2,inner_train
hrd_binary_33,TCGA-S3-AA0Z,2,inner_train
hrd_binary_33,TCGA-AN-A0XW,2,inner_train
hrd_binary_33,TCGA-A8-A08G,2,inner_train
hrd_binary_33,TCGA-BH-A0AV,2,inner_train
hrd_binary_33,TCGA-A2-A0T2,2,inner_train
hrd_binary_33,TCGA-BH-A0H0,2,inner_train
hrd_binary_33,TCGA-A2-A0D0,2,inner_train
hrd_binary_33,TCGA-BH-A0HW,2,inner_train
hrd_binary_33,TCGA-A2-A0SW,2,inner_train
hrd_binary_33,TCGA-A2-A0EN,2,inner_train
hrd_binary_33,TCGA-BH-A0E9,2,inner_train
hrd_binary_33,TCGA-A8-A08X,2,inner_train
hrd_binary_33,TCGA-A8-A0A4,2,inner_train
hrd_binary_33,TCGA-BH-A0BM,2,inner_train
hrd_binary_33,TCGA-GM-A2DF,2,inner_train
hrd_binary_33,TCGA-E2-A15K,2,inner_train
hrd_binary_33,TCGA-OL-A5D6,2,inner_train
hrd_binary_33,TCGA-AC-A3YI,2,inner_train
hrd_binary_33,TCGA-A8-A08T,2,inner_train
hrd_binary_33,TCGA-A2-A0YC,2,inner_train
hrd_binary_33,TCGA-E2-A1IG,2,inner_train
hrd_binary_33,TCGA-EW-A1P0,2,inner_train
hrd_binary_33,TCGA-EW-A1OV,2,inner_train
hrd_binary_33,TCGA-E9-A245,2,inner_train
hrd_binary_33,TCGA-BH-A0HQ,2,inner_train
hrd_binary_33,TCGA-AO-A12F,2,inner_train
hrd_binary_33,TCGA-AR-A5QM,2,inner_train
hrd_binary_33,TCGA-A2-A4S3,2,inner_train
hrd_binary_33,TCGA-E2-A1B4,2,inner_train
hrd_binary_33,TCGA-BH-A0DX,2,inner_train
hrd_binary_33,TCGA-A8-A094,2,inner_train
hrd_binary_33,TCGA-AR-A24L,2,inner_train
hrd_binary_33,TCGA-A2-A0CV,2,inner_train
hrd_binary_33,TCGA-AC-A8OQ,2,inner_train
hrd_binary_33,TCGA-A7-A56D,2,inner_train
hrd_binary_33,TCGA-A2-A0T0,2,inner_train
hrd_binary_33,TCGA-A8-A08Z,2,inner_train
hrd_binary_33,TCGA-AO-A0J6,2,inner_train
hrd_binary_33,TCGA-EW-A6SD,2,inner_train
hrd_binary_33,TCGA-C8-A27A,2,inner_train
hrd_binary_33,TCGA-E9-A1NA,2,inner_train
hrd_binary_33,TCGA-A2-A04P,2,inner_train
hrd_binary_33,TCGA-A8-A097,2,inner_train
hrd_binary_33,TCGA-BH-A0DI,2,inner_train
hrd_binary_33,TCGA-B6-A1KN,2,inner_train
hrd_binary_33,TCGA-AO-A03O,2,inner_train
hrd_binary_33,TCGA-AR-A0TZ,2,inner_train
hrd_binary_33,TCGA-AN-A0FN,2,inner_train
hrd_binary_33,TCGA-BH-A1F2,2,inner_train
hrd_binary_33,TCGA-AN-A04C,2,inner_train
hrd_binary_33,TCGA-A8-A09M,2,inner_train
hrd_binary_33,TCGA-BH-A0DZ,2,inner_train
hrd_binary_33,TCGA-A8-A07P,2,inner_train
hrd_binary_33,TCGA-E9-A227,2,inner_train
hrd_binary_33,TCGA-BH-A42V,2,inner_train
hrd_binary_33,TCGA-C8-A26W,2,inner_train
hrd_binary_33,TCGA-LL-A50Y,2,inner_train
hrd_binary_33,TCGA-A8-A07B,2,inner_train
hrd_binary_33,TCGA-E2-A14X,2,inner_train
hrd_binary_33,TCGA-C8-A12M,2,inner_train
hrd_binary_33,TCGA-D8-A1XL,2,inner_train
hrd_binary_33,TCGA-BH-A0E7,2,inner_train
hrd_binary_33,TCGA-C8-A1HL,2,inner_train
hrd_binary_33,TCGA-BH-A5IZ,2,inner_train
hrd_binary_33,TCGA-E2-A1IF,2,inner_train
hrd_binary_33,TCGA-AO-A03P,2,inner_train
hrd_binary_33,TCGA-BH-A18S,2,inner_train
hrd_binary_33,TCGA-BH-A1FL,2,inner_train
hrd_binary_33,TCGA-BH-A0H6,2,inner_train
hrd_binary_33,TCGA-D8-A27V,2,inner_train
hrd_binary_33,TCGA-A2-A0T6,2,inner_train
hrd_binary_33,TCGA-B6-A0X4,2,inner_train
hrd_binary_33,TCGA-EW-A2FS,2,inner_train
hrd_binary_33,TCGA-BH-A0W4,2,inner_train
hrd_binary_33,TCGA-A7-A5ZV,2,inner_train
hrd_binary_33,TCGA-D8-A1JJ,2,inner_train
hrd_binary_33,TCGA-E2-A10A,2,inner_train
hrd_binary_33,TCGA-C8-A26X,2,inner_train
hrd_binary_33,TCGA-A7-A0CG,2,inner_train
hrd_binary_33,TCGA-D8-A1X5,2,inner_train
hrd_binary_33,TCGA-A2-A04U,2,inner_train
hrd_binary_33,TCGA-A8-A0A2,2,inner_train
hrd_binary_33,TCGA-BH-A1FE,2,inner_train
hrd_binary_33,TCGA-A2-A3Y0,2,inner_train
hrd_binary_33,TCGA-E9-A295,2,inner_train
hrd_binary_33,TCGA-AR-A5QP,2,inner_train
hrd_binary_33,TCGA-BH-A0C1,2,inner_train
hrd_binary_33,TCGA-A8-A0A6,2,inner_train
hrd_binary_33,TCGA-3C-AALI,2,inner_train
hrd_binary_33,TCGA-C8-A27B,2,inner_train
hrd_binary_33,TCGA-E2-A1LA,2,inner_train
hrd_binary_33,TCGA-AR-A2LH,2,inner_train
hrd_binary_33,TCGA-E9-A226,2,inner_train
hrd_binary_33,TCGA-B6-A0WZ,2,inner_train
hrd_binary_33,TCGA-A8-A076,2,inner_train
hrd_binary_33,TCGA-A8-A06R,2,inner_train
hrd_binary_33,TCGA-AC-A8OP,2,inner_train
hrd_binary_33,TCGA-BH-A18F,2,inner_train
hrd_binary_33,TCGA-A2-A25A,2,inner_train
hrd_binary_33,TCGA-E9-A22B,2,inner_train
hrd_binary_33,TCGA-GM-A2DN,2,inner_train
hrd_binary_33,TCGA-A8-A082,2,inner_train
hrd_binary_33,TCGA-AC-A6IW,2,inner_train
hrd_binary_33,TCGA-AC-A2FG,2,inner_train
hrd_binary_33,TCGA-B6-A0RP,2,inner_train
hrd_binary_33,TCGA-B6-A0IN,2,inner_train
hrd_binary_33,TCGA-E9-A1N3,2,inner_train
hrd_binary_33,TCGA-E2-A153,2,inner_train
hrd_binary_33,TCGA-E2-A15P,2,inner_train
hrd_binary_33,TCGA-D8-A27E,2,inner_train
hrd_binary_33,TCGA-AO-A124,2,inner_train
hrd_binary_33,TCGA-GM-A2DA,2,inner_train
hrd_binary_33,TCGA-BH-A0C3,2,inner_train
hrd_binary_33,TCGA-AC-A2QH,2,inner_train
hrd_binary_33,TCGA-AO-A0J2,2,inner_train
hrd_binary_33,TCGA-A8-A07U,2,inner_train
hrd_binary_33,TCGA-E2-A14Q,2,inner_train
hrd_binary_33,TCGA-A8-A09Z,2,inner_train
hrd_binary_33,TCGA-AO-A1KP,2,inner_train
hrd_binary_33,TCGA-D8-A1JH,2,inner_train
hrd_binary_33,TCGA-EW-A1P1,2,inner_train
hrd_binary_33,TCGA-B6-A0WY,2,inner_train
hrd_binary_33,TCGA-AR-A24S,2,inner_train
hrd_binary_33,TCGA-E2-A15T,2,inner_train
hrd_binary_33,TCGA-BH-A0DE,2,inner_train
hrd_binary_33,TCGA-LL-A7SZ,2,inner_train
hrd_binary_33,TCGA-BH-A18T,2,inner_train
hrd_binary_33,TCGA-A2-A1G4,2,inner_train
hrd_binary_33,TCGA-A7-A4SE,2,inner_train
hrd_binary_33,TCGA-E9-A22D,2,inner_train
hrd_binary_33,TCGA-BH-A28Q,2,inner_train
hrd_binary_33,TCGA-EW-A1PE,2,inner_train
hrd_binary_33,TCGA-E2-A15D,2,inner_train
hrd_binary_33,TCGA-AR-A0TT,2,inner_train
hrd_binary_33,TCGA-E9-A1R5,2,inner_train
hrd_binary_33,TCGA-A7-A0CH,2,inner_train
hrd_binary_33,TCGA-B6-A0X0,2,inner_train
hrd_binary_33,TCGA-E9-A243,2,inner_train
hrd_binary_33,TCGA-D8-A73X,2,inner_train
hrd_binary_33,TCGA-PE-A5DE,2,inner_train
hrd_binary_33,TCGA-BH-A18H,2,inner_train
hrd_binary_33,TCGA-AC-A5XS,2,inner_train
hrd_binary_33,TCGA-B6-A0WT,2,inner_train
hrd_binary_33,TCGA-E9-A1R3,2,inner_train
hrd_binary_33,TCGA-W8-A86G,2,inner_train
hrd_binary_33,TCGA-BH-A0GY,2,inner_train
hrd_binary_33,TCGA-AC-A8OR,2,inner_train
hrd_binary_33,TCGA-A7-A5ZX,2,inner_train
hrd_binary_33,TCGA-A8-A09G,2,inner_train
hrd_binary_33,TCGA-E2-A576,2,inner_train
hrd_binary_33,TCGA-AR-A1AR,2,inner_train
hrd_binary_33,TCGA-D8-A1XJ,2,inner_train
hrd_binary_33,TCGA-E9-A1N5,2,inner_train
hrd_binary_33,TCGA-LL-A5YL,2,inner_train
hrd_binary_33,TCGA-BH-A0AU,2,inner_train
hrd_binary_33,TCGA-A8-A06Q,2,inner_train
hrd_binary_33,TCGA-Z7-A8R6,2,inner_train
hrd_binary_33,TCGA-BH-A18I,2,inner_train
hrd_binary_33,TCGA-BH-A0DH,2,inner_train
hrd_binary_33,TCGA-E9-A1RE,2,inner_train
hrd_binary_33,TCGA-BH-A2L8,2,inner_train
hrd_binary_33,TCGA-D8-A1XM,2,inner_train
hrd_binary_33,TCGA-BH-A0HO,2,inner_train
hrd_binary_33,TCGA-C8-A133,2,inner_train
hrd_binary_33,TCGA-OL-A5D7,2,inner_train
hrd_binary_33,TCGA-C8-A278,2,inner_train
hrd_binary_33,TCGA-A8-A09Q,2,inner_train
hrd_binary_33,TCGA-E9-A1NE,2,inner_train
hrd_binary_33,TCGA-A8-A06Y,2,inner_train
hrd_binary_33,TCGA-B6-A40C,2,inner_train
hrd_binary_33,TCGA-AN-A046,2,inner_train
hrd_binary_33,TCGA-AR-A1AH,2,inner_train
hrd_binary_33,TCGA-A8-A08L,2,inner_train
hrd_binary_33,TCGA-AN-A0AL,2,inner_train
hrd_binary_33,TCGA-D8-A1XO,2,inner_train
hrd_binary_33,TCGA-PL-A8LZ,2,inner_train
hrd_binary_33,TCGA-BH-A18M,2,inner_train
hrd_binary_33,TCGA-B6-A0I9,2,inner_train
hrd_binary_33,TCGA-D8-A3Z6,2,inner_train
hrd_binary_33,TCGA-WT-AB44,2,inner_train
hrd_binary_33,TCGA-BH-A201,2,inner_train
hrd_binary_33,TCGA-AN-A0FT,2,inner_train
hrd_binary_33,TCGA-BH-A1EU,2,inner_train
hrd_binary_33,TCGA-E2-A156,2,inner_train
hrd_binary_33,TCGA-A8-A08R,2,inner_train
hrd_binary_33,TCGA-E2-A1LK,2,inner_train
hrd_binary_33,TCGA-E9-A2JS,2,inner_train
hrd_binary_33,TCGA-A8-A07L,2,inner_train
hrd_binary_33,TCGA-A2-A0CR,2,inner_train
hrd_binary_33,TCGA-C8-A12N,2,inner_train
hrd_binary_33,TCGA-BH-A1FN,2,inner_train
hrd_binary_33,TCGA-LD-A66U,2,inner_train
hrd_binary_33,TCGA-D8-A1XT,2,inner_train
hrd_binary_33,TCGA-B6-A0RE,2,inner_train
hrd_binary_33,TCGA-HN-A2NL,2,inner_train
hrd_binary_33,TCGA-B6-A0WS,2,inner_train
hrd_binary_33,TCGA-D8-A1XZ,2,inner_train
hrd_binary_33,TCGA-A2-A0YH,2,inner_train
hrd_binary_33,TCGA-AO-A0JD,2,inner_train
hrd_binary_33,TCGA-A8-A09A,2,inner_train
hrd_binary_33,TCGA-E9-A22E,2,inner_train
hrd_binary_33,TCGA-A1-A0SE,2,inner_train
hrd_binary_33,TCGA-BH-A18K,2,inner_train
hrd_binary_33,TCGA-E9-A1RH,2,inner_train
hrd_binary_33,TCGA-D8-A1JF,2,inner_train
hrd_binary_33,TCGA-LL-A8F5,2,inner_train
hrd_binary_33,TCGA-AC-A4ZE,2,inner_train
hrd_binary_33,TCGA-D8-A1XA,2,inner_train
hrd_binary_33,TCGA-A2-A0EV,2,inner_train
hrd_binary_33,TCGA-BH-A0DK,2,inner_train
hrd_binary_33,TCGA-BH-A0E0,2,inner_train
hrd_binary_33,TCGA-E2-A152,2,inner_train
hrd_binary_33,TCGA-A8-A07W,2,inner_train
hrd_binary_33,TCGA-BH-A0HB,2,inner_train
hrd_binary_33,TCGA-B6-A0IH,2,inner_train
hrd_binary_33,TCGA-A1-A0SJ,2,inner_train
hrd_binary_33,TCGA-LD-A74U,2,inner_train
hrd_binary_33,TCGA-A8-A09N,2,inner_train
hrd_binary_33,TCGA-C8-A1HM,2,inner_train
hrd_binary_33,TCGA-D8-A1XK,2,inner_train
hrd_binary_33,TCGA-AN-A0FX,2,inner_train
hrd_binary_33,TCGA-A1-A0SK,2,inner_train
hrd_binary_33,TCGA-E9-A1RC,2,inner_train
hrd_binary_33,TCGA-A2-A04Q,2,inner_train
hrd_binary_33,TCGA-C8-A275,2,inner_train
hrd_binary_33,TCGA-D8-A1XB,2,inner_train
hrd_binary_33,TCGA-E2-A1IJ,2,inner_train
hrd_binary_33,TCGA-AN-A03X,2,inner_train
hrd_binary_33,TCGA-BH-A0DG,2,inner_train
hrd_binary_33,TCGA-AN-A0FJ,2,inner_train
hrd_binary_33,TCGA-A8-A09V,2,inner_train
hrd_binary_33,TCGA-LL-A5YP,2,inner_train
hrd_binary_33,TCGA-AC-A6IX,2,inner_train
hrd_binary_33,TCGA-EW-A1PG,2,inner_train
hrd_binary_33,TCGA-OL-A5RW,2,inner_train
hrd_binary_33,TCGA-A8-A09B,2,inner_train
hrd_binary_33,TCGA-A8-A07J,2,inner_train
hrd_binary_33,TCGA-AC-A23H,2,inner_train
hrd_binary_33,TCGA-A8-A090,2,inner_train
hrd_binary_33,TCGA-BH-A0BR,2,inner_train
hrd_binary_33,TCGA-BH-A0DV,2,inner_train
hrd_binary_33,TCGA-E2-A1BD,2,inner_train
hrd_binary_33,TCGA-C8-A8HQ,2,inner_train
hrd_binary_33,TCGA-GM-A2DB,2,inner_train
hrd_binary_33,TCGA-AR-A1AX,2,inner_train
hrd_binary_33,TCGA-D8-A27P,2,inner_train
hrd_binary_33,TCGA-B6-A0RV,2,inner_train
hrd_binary_33,TCGA-A2-A0CW,2,inner_train
hrd_binary_33,TCGA-BH-A209,2,inner_train
hrd_binary_33,TCGA-A7-A0DA,2,inner_train
hrd_binary_33,TCGA-B6-A1KF,2,inner_train
hrd_binary_33,TCGA-A2-A0T5,2,inner_train
hrd_binary_33,TCGA-E9-A1N9,2,inner_train
hrd_binary_33,TCGA-UU-A93S,2,inner_train
hrd_binary_33,TCGA-A8-A06U,2,inner_train
hrd_binary_33,TCGA-E2-A1LL,2,inner_train
hrd_binary_33,TCGA-A2-A1FX,2,inner_train
hrd_binary_33,TCGA-A2-A0CU,2,inner_train
hrd_binary_33,TCGA-D8-A73U,2,inner_train
hrd_binary_33,TCGA-BH-A203,2,inner_train
hrd_binary_33,TCGA-AR-A251,2,inner_train
hrd_binary_33,TCGA-C8-A1HG,2,inner_train
hrd_binary_33,TCGA-D8-A143,2,inner_train
hrd_binary_33,TCGA-E9-A1NI,2,inner_train
hrd_binary_33,TCGA-A2-A0CS,2,inner_train
hrd_binary_33,TCGA-A2-A0T7,2,inner_train
hrd_binary_33,TCGA-BH-A0AW,2,inner_train
hrd_binary_33,TCGA-A2-A0SV,2,inner_train
hrd_binary_33,TCGA-OL-A66H,2,inner_train
hrd_binary_33,TCGA-BH-A0HK,2,inner_train
hrd_binary_33,TCGA-C8-A12W,2,inner_train
hrd_binary_33,TCGA-E9-A2JT,2,inner_train
hrd_binary_33,TCGA-LL-A73Y,2,inner_train
hrd_binary_33,TCGA-A2-A0YD,2,inner_train
hrd_binary_33,TCGA-A2-A0YE,2,inner_train
hrd_binary_33,TCGA-EW-A1P8,2,inner_train
hrd_binary_33,TCGA-A2-A04R,2,inner_train
hrd_binary_33,TCGA-A2-A0CP,2,inner_train
hrd_binary_33,TCGA-D8-A1JK,2,inner_train
hrd_binary_33,TCGA-A7-A0D9,2,inner_train
hrd_binary_33,TCGA-AO-A0J3,2,inner_train
hrd_binary_33,TCGA-AN-A03Y,2,inner_train
hrd_binary_33,TCGA-E2-A15E,2,inner_train
hrd_binary_33,TCGA-A2-A04T,2,inner_train
hrd_binary_33,TCGA-A8-A0AD,2,inner_train
hrd_binary_33,TCGA-E9-A1NC,2,inner_train
hrd_binary_33,TCGA-B6-A0I2,2,inner_train
hrd_binary_33,TCGA-AC-A6IV,2,inner_train
hrd_binary_33,TCGA-AR-A0TV,2,inner_train
hrd_binary_33,TCGA-D8-A1JD,2,inner_train
hrd_binary_33,TCGA-AO-A1KT,2,inner_train
hrd_binary_33,TCGA-GM-A2DM,2,inner_train
hrd_binary_33,TCGA-AO-A128,2,inner_train
hrd_binary_33,TCGA-D8-A1XF,2,inner_train
hrd_binary_33,TCGA-S3-AA10,2,inner_train
hrd_binary_33,TCGA-C8-A1HJ,2,inner_train
hrd_binary_33,TCGA-AR-A1AW,2,inner_train
hrd_binary_33,TCGA-BH-A0DO,2,inner_train
hrd_binary_33,TCGA-S3-AA14,2,inner_train
hrd_binary_33,TCGA-PL-A8LX,2,inner_train
hrd_binary_33,TCGA-A2-A0EM,2,inner_train
hrd_binary_33,TCGA-AR-A252,2,inner_train
hrd_binary_33,TCGA-D8-A1J9,2,inner_train
hrd_binary_33,TCGA-B6-A0RI,2,inner_train
hrd_binary_33,TCGA-D8-A1J8,2,inner_train
hrd_binary_33,TCGA-D8-A27T,2,inner_train
hrd_binary_33,TCGA-D8-A1X7,2,inner_train
hrd_binary_33,TCGA-AR-A24R,2,inner_train
hrd_binary_33,TCGA-E2-A1IO,2,inner_train
hrd_binary_33,TCGA-OL-A5DA,2,inner_train
hrd_binary_33,TCGA-AN-A0FV,2,inner_train
hrd_binary_33,TCGA-E9-A22G,2,inner_train
hrd_binary_33,TCGA-BH-A0E1,2,inner_train
hrd_binary_33,TCGA-E2-A155,2,inner_val
hrd_binary_33,TCGA-A8-A083,2,inner_val
hrd_binary_33,TCGA-LL-A73Z,2,inner_val
hrd_binary_33,TCGA-D8-A27L,2,inner_val
hrd_binary_33,TCGA-BH-A0DQ,2,inner_val
hrd_binary_33,TCGA-GM-A2DC,2,inner_val
hrd_binary_33,TCGA-E2-A15M,2,inner_val
hrd_binary_33,TCGA-AN-A0AM,2,inner_val
hrd_binary_33,TCGA-AR-A1AO,2,inner_val
hrd_binary_33,TCGA-A8-A08B,2,inner_val
hrd_binary_33,TCGA-LL-A5YN,2,inner_val
hrd_binary_33,TCGA-BH-A18R,2,inner_val
hrd_binary_33,TCGA-A2-A04Y,2,inner_val
hrd_binary_33,TCGA-V7-A7HQ,2,inner_val
hrd_binary_33,TCGA-E2-A14Z,2,inner_val
hrd_binary_33,TCGA-D8-A27H,2,inner_val
hrd_binary_33,TCGA-E2-A154,2,inner_val
hrd_binary_33,TCGA-EW-A1J1,2,inner_val
hrd_binary_33,TCGA-OL-A5RY,2,inner_val
hrd_binary_33,TCGA-AO-A1KR,2,inner_val
hrd_binary_33,TCGA-AR-A1AK,2,inner_val
hrd_binary_33,TCGA-BH-A6R8,2,inner_val
hrd_binary_33,TCGA-AR-A24P,2,inner_val
hrd_binary_33,TCGA-A7-A6VY,2,inner_val
hrd_binary_33,TCGA-HN-A2OB,2,inner_val
hrd_binary_33,TCGA-A7-A6VX,2,inner_val
hrd_binary_33,TCGA-A2-A0EW,2,inner_val
hrd_binary_33,TCGA-EW-A1P3,2,inner_val
hrd_binary_33,TCGA-A8-A092,2,inner_val
hrd_binary_33,TCGA-A2-A04N,2,inner_val
hrd_binary_33,TCGA-AR-A0TS,2,inner_val
hrd_binary_33,TCGA-LL-A7T0,2,inner_val
hrd_binary_33,TCGA-A8-A079,2,inner_val
hrd_binary_33,TCGA-BH-A8FZ,2,inner_val
hrd_binary_33,TCGA-AN-A0XV,2,inner_val
hrd_binary_33,TCGA-A1-A0SO,2,inner_val
hrd_binary_33,TCGA-A2-A0T4,2,inner_val
hrd_binary_33,TCGA-C8-A12Q,2,inner_val
hrd_binary_33,TCGA-E2-A1IH,2,inner_val
hrd_binary_33,TCGA-AN-A0XS,2,inner_val
hrd_binary_33,TCGA-D8-A1Y3,2,inner_val
hrd_binary_33,TCGA-B6-A0WW,2,inner_val
hrd_binary_33,TCGA-EW-A6SB,2,inner_val
hrd_binary_33,TCGA-C8-A138,2,inner_val
hrd_binary_33,TCGA-AR-A0TY,2,inner_val
hrd_binary_33,TCGA-B6-A2IU,2,inner_val
hrd_binary_33,TCGA-AO-A0JG,2,inner_val
hrd_binary_33,TCGA-A8-A08O,2,inner_val
hrd_binary_33,TCGA-C8-A26V,2,inner_val
hrd_binary_33,TCGA-AR-A2LQ,2,inner_val
hrd_binary_33,TCGA-LL-A6FQ,2,inner_val
hrd_binary_33,TCGA-EW-A1OY,2,inner_val
hrd_binary_33,TCGA-C8-A12O,2,inner_val
hrd_binary_33,TCGA-EW-A1P5,2,inner_val
hrd_binary_33,TCGA-AR-A0TQ,2,inner_val
hrd_binary_33,TCGA-A2-A0YG,2,inner_val
hrd_binary_33,TCGA-A2-A0EY,2,inner_val
hrd_binary_33,TCGA-BH-A0HU,2,inner_val
hrd_binary_33,TCGA-BH-A0BP,2,inner_val
hrd_binary_33,TCGA-BH-A1EO,2,inner_val
hrd_binary_33,TCGA-C8-A135,2,inner_val
hrd_binary_33,TCGA-C8-A137,2,inner_val
hrd_binary_33,TCGA-B6-A0IB,2,inner_val
hrd_binary_33,TCGA-A2-A25E,2,inner_val
hrd_binary_33,TCGA-AR-A1AU,2,inner_val
hrd_binary_33,TCGA-A2-A0SY,2,inner_val
hrd_binary_33,TCGA-OL-A66P,2,inner_val
hrd_binary_33,TCGA-A1-A0SB,2,inner_val
hrd_binary_33,TCGA-A8-A095,2,inner_val
hrd_binary_33,TCGA-OL-A5RU,2,inner_val
hrd_binary_33,TCGA-AN-A0AJ,2,inner_val
hrd_binary_33,TCGA-D8-A1X8,2,inner_val
hrd_binary_33,TCGA-EW-A1J6,2,inner_val
hrd_binary_33,TCGA-A2-A0D1,2,inner_val
hrd_binary_33,TCGA-AN-A0XR,2,inner_val
hrd_binary_33,TCGA-AO-A03L,2,inner_val
hrd_binary_33,TCGA-A8-A07O,2,inner_val
hrd_binary_33,TCGA-EW-A1J3,2,inner_val
hrd_binary_33,TCGA-C8-A8HR,2,inner_val
hrd_binary_33,TCGA-AO-A0JE,2,inner_val
hrd_binary_33,TCGA-AO-A0JI,2,inner_val
hrd_binary_33,TCGA-AR-A2LN,2,inner_val
hrd_binary_33,TCGA-E2-A1IE,2,inner_val
hrd_binary_33,TCGA-AC-A62Y,2,inner_val
hrd_binary_33,TCGA-A2-A0CT,2,inner_val
hrd_binary_33,TCGA-A2-A0YM,2,inner_val
hrd_binary_33,TCGA-E2-A15C,2,inner_val
hrd_binary_33,TCGA-AC-A6NO,2,inner_val
hrd_binary_33,TCGA-E9-A1R7,2,inner_val
hrd_binary_33,TCGA-A2-A0T3,2,inner_val
hrd_binary_33,TCGA-GM-A2DL,2,inner_val
hrd_binary_33,TCGA-AR-A24X,2,inner_val
hrd_binary_33,TCGA-E2-A1AZ,2,inner_val
hrd_binary_33,TCGA-AN-A0XT,2,inner_val
hrd_binary_33,TCGA-C8-A26Y,2,inner_val
hrd_binary_33,TCGA-BH-A18L,2,inner_val
hrd_binary_33,TCGA-B6-A0RU,2,inner_val
hrd_binary_33,TCGA-E9-A24A,2,inner_val
hrd_binary_33,TCGA-OL-A6VR,2,inner_val
hrd_binary_33,TCGA-BH-A0H7,2,inner_val
hrd_binary_33,TCGA-BH-A0HY,2,inner_val
hrd_binary_33,TCGA-D8-A4Z1,2,inner_val
hrd_binary_33,TCGA-EW-A6SC,2,inner_val
hrd_binary_33,TCGA-D8-A1Y0,2,inner_val
hrd_binary_33,TCGA-E2-A15H,2,inner_val
hrd_binary_33,TCGA-E2-A14T,2,inner_val
hrd_binary_33,TCGA-LL-A6FR,2,inner_val
hrd_binary_33,TCGA-BH-A0BL,2,inner_val
hrd_binary_33,TCGA-B6-A0I5,2,inner_val
hrd_binary_33,TCGA-AR-A2LK,2,inner_val
hrd_binary_33,TCGA-AR-A24W,2,inner_val
hrd_binary_33,TCGA-AR-A2LO,2,inner_val
hrd_binary_33,TCGA-BH-A0E2,2,inner_val
hrd_binary_33,TCGA-A8-A091,2,inner_val
hrd_binary_33,TCGA-D8-A27W,2,inner_val
hrd_binary_33,TCGA-PL-A8LY,2,inner_val
hrd_binary_33,TCGA-E9-A22H,2,inner_val
hrd_binary_33,TCGA-A8-A09W,2,inner_val
hrd_binary_33,TCGA-A8-A09X,2,inner_val
hrd_binary_33,TCGA-A8-A0A1,2,inner_val
hrd_binary_33,TCGA-AO-A0J8,2,inner_val
hrd_binary_33,TCGA-LL-A9Q3,2,inner_val
hrd_binary_33,TCGA-D8-A1JT,2,inner_val
hrd_binary_33,TCGA-A2-A0SU,2,inner_val
hrd_binary_33,TCGA-AN-A0XN,2,inner_val
hrd_binary_33,TCGA-A2-A0CM,2,inner_val
hrd_binary_33,TCGA-D8-A1XR,2,inner_val
hrd_binary_33,TCGA-AO-A12D,2,inner_val
hrd_binary_33,TCGA-D8-A1JB,2,inner_val
hrd_binary_33,TCGA-AR-A24Q,2,inner_val
hrd_binary_33,TCGA-A7-A13F,2,inner_val
hrd_binary_33,TCGA-GM-A2DD,2,inner_val
hrd_binary_33,TCGA-D8-A1XV,2,inner_val
hrd_binary_33,TCGA-A8-A08H,2,inner_val
hrd_binary_33,TCGA-C8-A1HE,2,inner_val
hrd_binary_33,TCGA-BH-A0BT,2,inner_val
hrd_binary_33,TCGA-BH-A18J,2,inner_val
hrd_binary_33,TCGA-B6-A0RL,2,inner_val
hrd_binary_33,TCGA-AN-A0AS,2,inner_val
hrd_binary_33,TCGA-AC-A7VB,2,inner_val
hrd_binary_33,TCGA-A8-A0AB,2,inner_val
hrd_binary_33,TCGA-E2-A15A,2,inner_val
hrd_binary_33,TCGA-AO-A12H,2,inner_val
hrd_binary_33,TCGA-A7-A5ZW,2,inner_val
hrd_binary_33,TCGA-D8-A27N,2,inner_val
hrd_binary_33,TCGA-AO-A03R,2,inner_val
hrd_binary_33,TCGA-AC-A3QQ,2,inner_val
hrd_binary_33,TCGA-E2-A573,2,inner_val
hrd_binary_33,TCGA-C8-A12Z,2,inner_val
hrd_binary_33,TCGA-E9-A1R0,2,inner_val
hrd_binary_33,TCGA-D8-A1JM,2,inner_val
hrd_binary_33,TCGA-D8-A27K,2,inner_val
hrd_binary_33,TCGA-GM-A2DH,2,inner_val
hrd_binary_33,TCGA-AQ-A1H3,2,inner_val
hrd_binary_33,TCGA-BH-A0C7,2,inner_val
hrd_binary_33,TCGA-5L-AAT0,2,test
hrd_binary_33,TCGA-A1-A0SF,2,test
hrd_binary_33,TCGA-A1-A0SQ,2,test
hrd_binary_33,TCGA-A2-A0CX,2,test
hrd_binary_33,TCGA-A2-A0D3,2,test
hrd_binary_33,TCGA-A2-A0EX,2,test
hrd_binary_33,TCGA-A2-A0SX,2,test
hrd_binary_33,TCGA-A2-A0YF,2,test
hrd_binary_33,TCGA-A2-A0YJ,2,test
hrd_binary_33,TCGA-A2-A0YT,2,test
hrd_binary_33,TCGA-A2-A1G0,2,test
hrd_binary_33,TCGA-A2-A259,2,test
hrd_binary_33,TCGA-A2-A25C,2,test
hrd_binary_33,TCGA-A2-A25D,2,test
hrd_binary_33,TCGA-A2-A3KD,2,test
hrd_binary_33,TCGA-A2-A3XU,2,test
hrd_binary_33,TCGA-A7-A0CE,2,test
hrd_binary_33,TCGA-A7-A0CJ,2,test
hrd_binary_33,TCGA-A7-A13D,2,test
hrd_binary_33,TCGA-A7-A13E,2,test
hrd_binary_33,TCGA-A7-A26E,2,test
hrd_binary_33,TCGA-A7-A26I,2,test
hrd_binary_33,TCGA-A7-A26J,2,test
hrd_binary_33,TCGA-A7-A6VW,2,test
hrd_binary_33,TCGA-A8-A06P,2,test
hrd_binary_33,TCGA-A8-A075,2,test
hrd_binary_33,TCGA-A8-A07Z,2,test
hrd_binary_33,TCGA-A8-A096,2,test
hrd_binary_33,TCGA-A8-A099,2,test
hrd_binary_33,TCGA-A8-A09C,2,test
hrd_binary_33,TCGA-A8-A09D,2,test
hrd_binary_33,TCGA-A8-A09T,2,test
hrd_binary_33,TCGA-AC-A23C,2,test
hrd_binary_33,TCGA-AC-A2B8,2,test
hrd_binary_33,TCGA-AC-A3OD,2,test
hrd_binary_33,TCGA-AC-A5EH,2,test
hrd_binary_33,TCGA-AC-A5XU,2,test
hrd_binary_33,TCGA-AN-A04D,2,test
hrd_binary_33,TCGA-AN-A0FS,2,test
hrd_binary_33,TCGA-AN-A0FY,2,test
hrd_binary_33,TCGA-AN-A0FZ,2,test
hrd_binary_33,TCGA-AN-A0XU,2,test
hrd_binary_33,TCGA-AO-A03V,2,test
hrd_binary_33,TCGA-AO-A0J4,2,test
hrd_binary_33,TCGA-AO-A0JA,2,test
hrd_binary_33,TCGA-AO-A0JB,2,test
hrd_binary_33,TCGA-AO-A0JF,2,test
hrd_binary_33,TCGA-AO-A0JJ,2,test
hrd_binary_33,TCGA-AO-A0JM,2,test
hrd_binary_33,TCGA-AO-A12A,2,test
hrd_binary_33,TCGA-AQ-A04H,2,test
hrd_binary_33,TCGA-AQ-A04J,2,test
hrd_binary_33,TCGA-AQ-A1H2,2,test
hrd_binary_33,TCGA-AR-A0TW,2,test
hrd_binary_33,TCGA-AR-A0TX,2,test
hrd_binary_33,TCGA-AR-A1AY,2,test
hrd_binary_33,TCGA-AR-A24V,2,test
hrd_binary_33,TCGA-AR-A24Z,2,test
hrd_binary_33,TCGA-AR-A250,2,test
hrd_binary_33,TCGA-AR-A254,2,test
hrd_binary_33,TCGA-AR-A5QN,2,test
hrd_binary_33,TCGA-AR-A5QQ,2,test
hrd_binary_33,TCGA-B6-A0IJ,2,test
hrd_binary_33,TCGA-B6-A0RH,2,test
hrd_binary_33,TCGA-B6-A0RO,2,test
hrd_binary_33,TCGA-B6-A0X5,2,test
hrd_binary_33,TCGA-B6-A401,2,test
hrd_binary_33,TCGA-B6-A409,2,test
hrd_binary_33,TCGA-BH-A0B5,2,test
hrd_binary_33,TCGA-BH-A0B7,2,test
hrd_binary_33,TCGA-BH-A0B9,2,test
hrd_binary_33,TCGA-BH-A0BF,2,test
hrd_binary_33,TCGA-BH-A0BJ,2,test
hrd_binary_33,TCGA-BH-A0BO,2,test
hrd_binary_33,TCGA-BH-A0EE,2,test
hrd_binary_33,TCGA-BH-A0HP,2,test
hrd_binary_33,TCGA-BH-A0HX,2,test
hrd_binary_33,TCGA-BH-A18N,2,test
hrd_binary_33,TCGA-BH-A18Q,2,test
hrd_binary_33,TCGA-BH-A18U,2,test
hrd_binary_33,TCGA-BH-A1ET,2,test
hrd_binary_33,TCGA-BH-A1EV,2,test
hrd_binary_33,TCGA-BH-A1EW,2,test
hrd_binary_33,TCGA-BH-A1EX,2,test
hrd_binary_33,TCGA-BH-A1EY,2,test
hrd_binary_33,TCGA-BH-A1F0,2,test
hrd_binary_33,TCGA-BH-A1FC,2,test
hrd_binary_33,TCGA-BH-A1FG,2,test
hrd_binary_33,TCGA-BH-A1FJ,2,test
hrd_binary_33,TCGA-BH-A1FM,2,test
hrd_binary_33,TCGA-BH-A1FU,2,test
hrd_binary_33,TCGA-BH-A202,2,test
hrd_binary_33,TCGA-BH-A8G0,2,test
hrd_binary_33,TCGA-C8-A12P,2,test
hrd_binary_33,TCGA-C8-A12Y,2,test
hrd_binary_33,TCGA-C8-A130,2,test
hrd_binary_33,TCGA-C8-A131,2,test
hrd_binary_33,TCGA-C8-A1HF,2,test
hrd_binary_33,TCGA-C8-A273,2,test
hrd_binary_33,TCGA-C8-A8HP,2,test
hrd_binary_33,TCGA-D8-A13Y,2,test
hrd_binary_33,TCGA-D8-A13Z,2,test
hrd_binary_33,TCGA-D8-A140,2,test
hrd_binary_33,TCGA-D8-A145,2,test
hrd_binary_33,TCGA-D8-A147,2,test
hrd_binary_33,TCGA-D8-A1JA,2,test
hrd_binary_33,TCGA-D8-A1JC,2,test
hrd_binary_33,TCGA-D8-A1JI,2,test
hrd_binary_33,TCGA-D8-A1JN,2,test
hrd_binary_33,TCGA-D8-A1JS,2,test
hrd_binary_33,TCGA-D8-A1JU,2,test
hrd_binary_33,TCGA-D8-A27F,2,test
hrd_binary_33,TCGA-D8-A27R,2,test
hrd_binary_33,TCGA-D8-A73W,2,test
hrd_binary_33,TCGA-E2-A14O,2,test
hrd_binary_33,TCGA-E2-A159,2,test
hrd_binary_33,TCGA-E2-A15J,2,test
hrd_binary_33,TCGA-E2-A1B0,2,test
hrd_binary_33,TCGA-E2-A1B5,2,test
hrd_binary_33,TCGA-E2-A1L6,2,test
hrd_binary_33,TCGA-E2-A1L8,2,test
hrd_binary_33,TCGA-E2-A1LG,2,test
hrd_binary_33,TCGA-E2-A56Z,2,test
hrd_binary_33,TCGA-E2-A570,2,test
hrd_binary_33,TCGA-E2-A9RU,2,test
hrd_binary_33,TCGA-E9-A1NG,2,test
hrd_binary_33,TCGA-E9-A1NH,2,test
hrd_binary_33,TCGA-E9-A1R6,2,test
hrd_binary_33,TCGA-E9-A1RB,2,test
hrd_binary_33,TCGA-E9-A1RF,2,test
hrd_binary_33,TCGA-E9-A1RG,2,test
hrd_binary_33,TCGA-E9-A248,2,test
hrd_binary_33,TCGA-E9-A3X8,2,test
hrd_binary_33,TCGA-E9-A5FL,2,test
hrd_binary_33,TCGA-E9-A5UO,2,test
hrd_binary_33,TCGA-EW-A1IW,2,test
hrd_binary_33,TCGA-EW-A1OX,2,test
hrd_binary_33,TCGA-EW-A1P6,2,test
hrd_binary_33,TCGA-EW-A1P7,2,test
hrd_binary_33,TCGA-EW-A1PA,2,test
hrd_binary_33,TCGA-EW-A2FV,2,test
hrd_binary_33,TCGA-GM-A2DK,2,test
hrd_binary_33,TCGA-OL-A5D8,2,test
hrd_binary_33,TCGA-OL-A5RX,2,test
hrd_binary_33,TCGA-OL-A5RZ,2,test
hrd_binary_33,TCGA-OL-A5S0,2,test
hrd_binary_33,TCGA-OL-A66I,2,test
hrd_binary_33,TCGA-OL-A66J,2,test
hrd_binary_33,TCGA-OL-A66K,2,test
hrd_binary_33,TCGA-OL-A66L,2,test
hrd_binary_33,TCGA-OL-A66O,2,test
hrd_binary_33,TCGA-OL-A97C,2,test
hrd_binary_33,TCGA-PE-A5DD,2,test
hrd_binary_33,TCGA-XX-A899,2,test
hrd_binary_33,TCGA-XX-A89A,2,test
hrd_binary_33,TCGA-3C-AALJ,3,train
hrd_binary_33,TCGA-5L-AAT0,3,train
hrd_binary_33,TCGA-5T-A9QA,3,train
hrd_binary_33,TCGA-A1-A0SB,3,train
hrd_binary_33,TCGA-A1-A0SD,3,train
hrd_binary_33,TCGA-A1-A0SF,3,train
hrd_binary_33,TCGA-A1-A0SG,3,train
hrd_binary_33,TCGA-A1-A0SI,3,train
hrd_binary_33,TCGA-A1-A0SK,3,train
hrd_binary_33,TCGA-A1-A0SO,3,train
hrd_binary_33,TCGA-A1-A0SQ,3,train
hrd_binary_33,TCGA-A2-A04N,3,train
hrd_binary_33,TCGA-A2-A04P,3,train
hrd_binary_33,TCGA-A2-A04Q,3,train
hrd_binary_33,TCGA-A2-A04R,3,train
hrd_binary_33,TCGA-A2-A04T,3,train
hrd_binary_33,TCGA-A2-A04U,3,train
hrd_binary_33,TCGA-A2-A04V,3,train
hrd_binary_33,TCGA-A2-A04W,3,train
hrd_binary_33,TCGA-A2-A04Y,3,train
hrd_binary_33,TCGA-A2-A0CM,3,train
hrd_binary_33,TCGA-A2-A0CP,3,train
hrd_binary_33,TCGA-A2-A0CR,3,train
hrd_binary_33,TCGA-A2-A0CT,3,train
hrd_binary_33,TCGA-A2-A0CU,3,train
hrd_binary_33,TCGA-A2-A0CV,3,train
hrd_binary_33,TCGA-A2-A0CW,3,train
hrd_binary_33,TCGA-A2-A0CX,3,train
hrd_binary_33,TCGA-A2-A0D0,3,train
hrd_binary_33,TCGA-A2-A0D1,3,train
hrd_binary_33,TCGA-A2-A0D3,3,train
hrd_binary_33,TCGA-A2-A0EM,3,train
hrd_binary_33,TCGA-A2-A0EN,3,train
hrd_binary_33,TCGA-A2-A0ES,3,train
hrd_binary_33,TCGA-A2-A0EU,3,train
hrd_binary_33,TCGA-A2-A0EV,3,train
hrd_binary_33,TCGA-A2-A0EW,3,train
hrd_binary_33,TCGA-A2-A0EX,3,train
hrd_binary_33,TCGA-A2-A0EY,3,train
hrd_binary_33,TCGA-A2-A0SV,3,train
hrd_binary_33,TCGA-A2-A0SW,3,train
hrd_binary_33,TCGA-A2-A0SX,3,train
hrd_binary_33,TCGA-A2-A0SY,3,train
hrd_binary_33,TCGA-A2-A0T1,3,train
hrd_binary_33,TCGA-A2-A0T2,3,train
hrd_binary_33,TCGA-A2-A0T3,3,train
hrd_binary_33,TCGA-A2-A0T4,3,train
hrd_binary_33,TCGA-A2-A0T7,3,train
hrd_binary_33,TCGA-A2-A0YC,3,train
hrd_binary_33,TCGA-A2-A0YD,3,train
hrd_binary_33,TCGA-A2-A0YE,3,train
hrd_binary_33,TCGA-A2-A0YF,3,train
hrd_binary_33,TCGA-A2-A0YG,3,train
hrd_binary_33,TCGA-A2-A0YH,3,train
hrd_binary_33,TCGA-A2-A0YJ,3,train
hrd_binary_33,TCGA-A2-A0YK,3,train
hrd_binary_33,TCGA-A2-A0YL,3,train
hrd_binary_33,TCGA-A2-A0YM,3,train
hrd_binary_33,TCGA-A2-A0YT,3,train
hrd_binary_33,TCGA-A2-A1FV,3,train
hrd_binary_33,TCGA-A2-A1FX,3,train
hrd_binary_33,TCGA-A2-A1FZ,3,train
hrd_binary_33,TCGA-A2-A1G0,3,train
hrd_binary_33,TCGA-A2-A1G1,3,train
hrd_binary_33,TCGA-A2-A1G4,3,train
hrd_binary_33,TCGA-A2-A259,3,train
hrd_binary_33,TCGA-A2-A25A,3,train
hrd_binary_33,TCGA-A2-A25C,3,train
hrd_binary_33,TCGA-A2-A25D,3,train
hrd_binary_33,TCGA-A2-A25E,3,train
hrd_binary_33,TCGA-A2-A3KD,3,train
hrd_binary_33,TCGA-A2-A3XU,3,train
hrd_binary_33,TCGA-A2-A3Y0,3,train
hrd_binary_33,TCGA-A2-A4S1,3,train
hrd_binary_33,TCGA-A7-A0CE,3,train
hrd_binary_33,TCGA-A7-A0CG,3,train
hrd_binary_33,TCGA-A7-A0CH,3,train
hrd_binary_33,TCGA-A7-A0CJ,3,train
hrd_binary_33,TCGA-A7-A0DA,3,train
hrd_binary_33,TCGA-A7-A0DB,3,train
hrd_binary_33,TCGA-A7-A13D,3,train
hrd_binary_33,TCGA-A7-A13E,3,train
hrd_binary_33,TCGA-A7-A13F,3,train
hrd_binary_33,TCGA-A7-A26E,3,train
hrd_binary_33,TCGA-A7-A26H,3,train
hrd_binary_33,TCGA-A7-A26I,3,train
hrd_binary_33,TCGA-A7-A26J,3,train
hrd_binary_33,TCGA-A7-A56D,3,train
hrd_binary_33,TCGA-A7-A5ZV,3,train
hrd_binary_33,TCGA-A7-A5ZW,3,train
hrd_binary_33,TCGA-A7-A6VW,3,train
hrd_binary_33,TCGA-A7-A6VX,3,train
hrd_binary_33,TCGA-A7-A6VY,3,train
hrd_binary_33,TCGA-A8-A06P,3,train
hrd_binary_33,TCGA-A8-A06Q,3,train
hrd_binary_33,TCGA-A8-A06R,3,train
hrd_binary_33,TCGA-A8-A06X,3,train
hrd_binary_33,TCGA-A8-A06Y,3,train
hrd_binary_33,TCGA-A8-A075,3,train
hrd_binary_33,TCGA-A8-A076,3,train
hrd_binary_33,TCGA-A8-A079,3,train
hrd_binary_33,TCGA-A8-A07I,3,train
hrd_binary_33,TCGA-A8-A07L,3,train
hrd_binary_33,TCGA-A8-A07O,3,train
hrd_binary_33,TCGA-A8-A07P,3,train
hrd_binary_33,TCGA-A8-A07W,3,train
hrd_binary_33,TCGA-A8-A07Z,3,train
hrd_binary_33,TCGA-A8-A081,3,train
hrd_binary_33,TCGA-A8-A082,3,train
hrd_binary_33,TCGA-A8-A083,3,train
hrd_binary_33,TCGA-A8-A08G,3,train
hrd_binary_33,TCGA-A8-A08L,3,train
hrd_binary_33,TCGA-A8-A08T,3,train
hrd_binary_33,TCGA-A8-A08X,3,train
hrd_binary_33,TCGA-A8-A090,3,train
hrd_binary_33,TCGA-A8-A091,3,train
hrd_binary_33,TCGA-A8-A093,3,train
hrd_binary_33,TCGA-A8-A095,3,train
hrd_binary_33,TCGA-A8-A096,3,train
hrd_binary_33,TCGA-A8-A097,3,train
hrd_binary_33,TCGA-A8-A099,3,train
hrd_binary_33,TCGA-A8-A09A,3,train
hrd_binary_33,TCGA-A8-A09B,3,train
hrd_binary_33,TCGA-A8-A09C,3,train
hrd_binary_33,TCGA-A8-A09D,3,train
hrd_binary_33,TCGA-A8-A09G,3,train
hrd_binary_33,TCGA-A8-A09M,3,train
hrd_binary_33,TCGA-A8-A09Q,3,train
hrd_binary_33,TCGA-A8-A09T,3,train
hrd_binary_33,TCGA-A8-A09V,3,train
hrd_binary_33,TCGA-A8-A09W,3,train
hrd_binary_33,TCGA-A8-A09X,3,train
hrd_binary_33,TCGA-A8-A0A1,3,train
hrd_binary_33,TCGA-A8-A0A2,3,train
hrd_binary_33,TCGA-A8-A0A4,3,train
hrd_binary_33,TCGA-A8-A0A6,3,train
hrd_binary_33,TCGA-A8-A0AB,3,train
hrd_binary_33,TCGA-A8-A0AD,3,train
hrd_binary_33,TCGA-AC-A23C,3,train
hrd_binary_33,TCGA-AC-A23E,3,train
hrd_binary_33,TCGA-AC-A23H,3,train
hrd_binary_33,TCGA-AC-A2B8,3,train
hrd_binary_33,TCGA-AC-A2FB,3,train
hrd_binary_33,TCGA-AC-A2FG,3,train
hrd_binary_33,TCGA-AC-A2FO,3,train
hrd_binary_33,TCGA-AC-A2QH,3,train
hrd_binary_33,TCGA-AC-A3OD,3,train
hrd_binary_33,TCGA-AC-A3YI,3,train
hrd_binary_33,TCGA-AC-A4ZE,3,train
hrd_binary_33,TCGA-AC-A5EH,3,train
hrd_binary_33,TCGA-AC-A5XS,3,train
hrd_binary_33,TCGA-AC-A5XU,3,train
hrd_binary_33,TCGA-AC-A62Y,3,train
hrd_binary_33,TCGA-AC-A6IV,3,train
hrd_binary_33,TCGA-AC-A6IX,3,train
hrd_binary_33,TCGA-AC-A7VC,3,train
hrd_binary_33,TCGA-AC-A8OP,3,train
hrd_binary_33,TCGA-AC-A8OQ,3,train
hrd_binary_33,TCGA-AC-A8OS,3,train
hrd_binary_33,TCGA-AN-A03X,3,train
hrd_binary_33,TCGA-AN-A03Y,3,train
hrd_binary_33,TCGA-AN-A041,3,train
hrd_binary_33,TCGA-AN-A04C,3,train
hrd_binary_33,TCGA-AN-A04D,3,train
hrd_binary_33,TCGA-AN-A0AJ,3,train
hrd_binary_33,TCGA-AN-A0AL,3,train
hrd_binary_33,TCGA-AN-A0AM,3,train
hrd_binary_33,TCGA-AN-A0AR,3,train
hrd_binary_33,TCGA-AN-A0FJ,3,train
hrd_binary_33,TCGA-AN-A0FN,3,train
hrd_binary_33,TCGA-AN-A0FS,3,train
hrd_binary_33,TCGA-AN-A0FV,3,train
hrd_binary_33,TCGA-AN-A0FW,3,train
hrd_binary_33,TCGA-AN-A0FX,3,train
hrd_binary_33,TCGA-AN-A0FY,3,train
hrd_binary_33,TCGA-AN-A0FZ,3,train
hrd_binary_33,TCGA-AN-A0XN,3,train
hrd_binary_33,TCGA-AN-A0XP,3,train
hrd_binary_33,TCGA-AN-A0XR,3,train
hrd_binary_33,TCGA-AN-A0XT,3,train
hrd_binary_33,TCGA-AN-A0XU,3,train
hrd_binary_33,TCGA-AN-A0XV,3,train
hrd_binary_33,TCGA-AN-A0XW,3,train
hrd_binary_33,TCGA-AO-A03L,3,train
hrd_binary_33,TCGA-AO-A03O,3,train
hrd_binary_33,TCGA-AO-A03P,3,train
hrd_binary_33,TCGA-AO-A03V,3,train
hrd_binary_33,TCGA-AO-A0J2,3,train
hrd_binary_33,TCGA-AO-A0J3,3,train
hrd_binary_33,TCGA-AO-A0J4,3,train
hrd_binary_33,TCGA-AO-A0J6,3,train
hrd_binary_33,TCGA-AO-A0J7,3,train
hrd_binary_33,TCGA-AO-A0J8,3,train
hrd_binary_33,TCGA-AO-A0J9,3,train
hrd_binary_33,TCGA-AO-A0JA,3,train
hrd_binary_33,TCGA-AO-A0JB,3,train
hrd_binary_33,TCGA-AO-A0JD,3,train
hrd_binary_33,TCGA-AO-A0JE,3,train
hrd_binary_33,TCGA-AO-A0JF,3,train
hrd_binary_33,TCGA-AO-A0JI,3,train
hrd_binary_33,TCGA-AO-A0JJ,3,train
hrd_binary_33,TCGA-AO-A0JM,3,train
hrd_binary_33,TCGA-AO-A124,3,train
hrd_binary_33,TCGA-AO-A12A,3,train
hrd_binary_33,TCGA-AO-A12D,3,train
hrd_binary_33,TCGA-AO-A12F,3,train
hrd_binary_33,TCGA-AO-A12H,3,train
hrd_binary_33,TCGA-AO-A1KP,3,train
hrd_binary_33,TCGA-AO-A1KR,3,train
hrd_binary_33,TCGA-AO-A1KT,3,train
hrd_binary_33,TCGA-AQ-A04H,3,train
hrd_binary_33,TCGA-AQ-A04J,3,train
hrd_binary_33,TCGA-AQ-A1H2,3,train
hrd_binary_33,TCGA-AQ-A1H3,3,train
hrd_binary_33,TCGA-AR-A0TP,3,train
hrd_binary_33,TCGA-AR-A0TQ,3,train
hrd_binary_33,TCGA-AR-A0TR,3,train
hrd_binary_33,TCGA-AR-A0TS,3,train
hrd_binary_33,TCGA-AR-A0TT,3,train
hrd_binary_33,TCGA-AR-A0TW,3,train
hrd_binary_33,TCGA-AR-A0TX,3,train
hrd_binary_33,TCGA-AR-A0TZ,3,train
hrd_binary_33,TCGA-AR-A1AH,3,train
hrd_binary_33,TCGA-AR-A1AI,3,train
hrd_binary_33,TCGA-AR-A1AJ,3,train
hrd_binary_33,TCGA-AR-A1AK,3,train
hrd_binary_33,TCGA-AR-A1AQ,3,train
hrd_binary_33,TCGA-AR-A1AW,3,train
hrd_binary_33,TCGA-AR-A1AX,3,train
hrd_binary_33,TCGA-AR-A1AY,3,train
hrd_binary_33,TCGA-AR-A24L,3,train
hrd_binary_33,TCGA-AR-A24R,3,train
hrd_binary_33,TCGA-AR-A24V,3,train
hrd_binary_33,TCGA-AR-A24X,3,train
hrd_binary_33,TCGA-AR-A24Z,3,train
hrd_binary_33,TCGA-AR-A250,3,train
hrd_binary_33,TCGA-AR-A252,3,train
hrd_binary_33,TCGA-AR-A254,3,train
hrd_binary_33,TCGA-AR-A256,3,train
hrd_binary_33,TCGA-AR-A2LH,3,train
hrd_binary_33,TCGA-AR-A2LK,3,train
hrd_binary_33,TCGA-AR-A2LN,3,train
hrd_binary_33,TCGA-AR-A2LO,3,train
hrd_binary_33,TCGA-AR-A2LQ,3,train
hrd_binary_33,TCGA-AR-A5QM,3,train
hrd_binary_33,TCGA-AR-A5QN,3,train
hrd_binary_33,TCGA-AR-A5QP,3,train
hrd_binary_33,TCGA-AR-A5QQ,3,train
hrd_binary_33,TCGA-B6-A0I9,3,train
hrd_binary_33,TCGA-B6-A0IB,3,train
hrd_binary_33,TCGA-B6-A0IC,3,train
hrd_binary_33,TCGA-B6-A0IE,3,train
hrd_binary_33,TCGA-B6-A0IH,3,train
hrd_binary_33,TCGA-B6-A0IJ,3,train
hrd_binary_33,TCGA-B6-A0IN,3,train
hrd_binary_33,TCGA-B6-A0RE,3,train
hrd_binary_33,TCGA-B6-A0RG,3,train
hrd_binary_33,TCGA-B6-A0RH,3,train
hrd_binary_33,TCGA-B6-A0RI,3,train
hrd_binary_33,TCGA-B6-A0RN,3,train
hrd_binary_33,TCGA-B6-A0RO,3,train
hrd_binary_33,TCGA-B6-A0RP,3,train
hrd_binary_33,TCGA-B6-A0RV,3,train
hrd_binary_33,TCGA-B6-A0WW,3,train
hrd_binary_33,TCGA-B6-A0WY,3,train
hrd_binary_33,TCGA-B6-A0X1,3,train
hrd_binary_33,TCGA-B6-A0X5,3,train
hrd_binary_33,TCGA-B6-A1KC,3,train
hrd_binary_33,TCGA-B6-A1KN,3,train
hrd_binary_33,TCGA-B6-A401,3,train
hrd_binary_33,TCGA-B6-A409,3,train
hrd_binary_33,TCGA-B6-A40C,3,train
hrd_binary_33,TCGA-BH-A0AV,3,train
hrd_binary_33,TCGA-BH-A0AW,3,train
hrd_binary_33,TCGA-BH-A0AY,3,train
hrd_binary_33,TCGA-BH-A0B5,3,train
hrd_binary_33,TCGA-BH-A0B7,3,train
hrd_binary_33,TCGA-BH-A0B9,3,train
hrd_binary_33,TCGA-BH-A0BA,3,train
hrd_binary_33,TCGA-BH-A0BC,3,train
hrd_binary_33,TCGA-BH-A0BF,3,train
hrd_binary_33,TCGA-BH-A0BJ,3,train
hrd_binary_33,TCGA-BH-A0BM,3,train
hrd_binary_33,TCGA-BH-A0BO,3,train
hrd_binary_33,TCGA-BH-A0BT,3,train
hrd_binary_33,TCGA-BH-A0BZ,3,train
hrd_binary_33,TCGA-BH-A0C1,3,train
hrd_binary_33,TCGA-BH-A0C3,3,train
hrd_binary_33,TCGA-BH-A0DE,3,train
hrd_binary_33,TCGA-BH-A0DH,3,train
hrd_binary_33,TCGA-BH-A0DK,3,train
hrd_binary_33,TCGA-BH-A0DL,3,train
hrd_binary_33,TCGA-BH-A0DO,3,train
hrd_binary_33,TCGA-BH-A0DQ,3,train
hrd_binary_33,TCGA-BH-A0DS,3,train
hrd_binary_33,TCGA-BH-A0DV,3,train
hrd_binary_33,TCGA-BH-A0DX,3,train
hrd_binary_33,TCGA-BH-A0E0,3,train
hrd_binary_33,TCGA-BH-A0E1,3,train
hrd_binary_33,TCGA-BH-A0E7,3,train
hrd_binary_33,TCGA-BH-A0E9,3,train
hrd_binary_33,TCGA-BH-A0EA,3,train
hrd_binary_33,TCGA-BH-A0EB,3,train
hrd_binary_33,TCGA-BH-A0EE,3,train
hrd_binary_33,TCGA-BH-A0GY,3,train
hrd_binary_33,TCGA-BH-A0H0,3,train
hrd_binary_33,TCGA-BH-A0H6,3,train
hrd_binary_33,TCGA-BH-A0HA,3,train
hrd_binary_33,TCGA-BH-A0HB,3,train
hrd_binary_33,TCGA-BH-A0HI,3,train
hrd_binary_33,TCGA-BH-A0HK,3,train
hrd_binary_33,TCGA-BH-A0HO,3,train
hrd_binary_33,TCGA-BH-A0HP,3,train
hrd_binary_33,TCGA-BH-A0HQ,3,train
hrd_binary_33,TCGA-BH-A0HW,3,train
hrd_binary_33,TCGA-BH-A0HX,3,train
hrd_binary_33,TCGA-BH-A0HY,3,train
hrd_binary_33,TCGA-BH-A0W3,3,train
hrd_binary_33,TCGA-BH-A0W4,3,train
hrd_binary_33,TCGA-BH-A18F,3,train
hrd_binary_33,TCGA-BH-A18G,3,train
hrd_binary_33,TCGA-BH-A18H,3,train
hrd_binary_33,TCGA-BH-A18I,3,train
hrd_binary_33,TCGA-BH-A18J,3,train
hrd_binary_33,TCGA-BH-A18K,3,train
hrd_binary_33,TCGA-BH-A18L,3,train
hrd_binary_33,TCGA-BH-A18M,3,train
hrd_binary_33,TCGA-BH-A18N,3,train
hrd_binary_33,TCGA-BH-A18P,3,train
hrd_binary_33,TCGA-BH-A18Q,3,train
hrd_binary_33,TCGA-BH-A18R,3,train
hrd_binary_33,TCGA-BH-A18T,3,train
hrd_binary_33,TCGA-BH-A18U,3,train
hrd_binary_33,TCGA-BH-A1EO,3,train
hrd_binary_33,TCGA-BH-A1ET,3,train
hrd_binary_33,TCGA-BH-A1EU,3,train
hrd_binary_33,TCGA-BH-A1EV,3,train
hrd_binary_33,TCGA-BH-A1EW,3,train
hrd_binary_33,TCGA-BH-A1EX,3,train
hrd_binary_33,TCGA-BH-A1EY,3,train
hrd_binary_33,TCGA-BH-A1F0,3,train
hrd_binary_33,TCGA-BH-A1FC,3,train
hrd_binary_33,TCGA-BH-A1FE,3,train
hrd_binary_33,TCGA-BH-A1FG,3,train
hrd_binary_33,TCGA-BH-A1FJ,3,train
hrd_binary_33,TCGA-BH-A1FL,3,train
hrd_binary_33,TCGA-BH-A1FM,3,train
hrd_binary_33,TCGA-BH-A1FN,3,train
hrd_binary_33,TCGA-BH-A1FU,3,train
hrd_binary_33,TCGA-BH-A201,3,train
hrd_binary_33,TCGA-BH-A202,3,train
hrd_binary_33,TCGA-BH-A203,3,train
hrd_binary_33,TCGA-BH-A204,3,train
hrd_binary_33,TCGA-BH-A208,3,train
hrd_binary_33,TCGA-BH-A2L8,3,train
hrd_binary_33,TCGA-BH-A42V,3,train
hrd_binary_33,TCGA-BH-A5IZ,3,train
hrd_binary_33,TCGA-BH-A6R8,3,train
hrd_binary_33,TCGA-BH-A6R9,3,train
hrd_binary_33,TCGA-BH-A8FY,3,train
hrd_binary_33,TCGA-BH-A8G0,3,train
hrd_binary_33,TCGA-C8-A12L,3,train
hrd_binary_33,TCGA-C8-A12M,3,train
hrd_binary_33,TCGA-C8-A12N,3,train
hrd_binary_33,TCGA-C8-A12P,3,train
hrd_binary_33,TCGA-C8-A12Q,3,train
hrd_binary_33,TCGA-C8-A12U,3,train
hrd_binary_33,TCGA-C8-A12W,3,train
hrd_binary_33,TCGA-C8-A12Y,3,train
hrd_binary_33,TCGA-C8-A12Z,3,train
hrd_binary_33,TCGA-C8-A130,3,train
hrd_binary_33,TCGA-C8-A131,3,train
hrd_binary_33,TCGA-C8-A132,3,train
hrd_binary_33,TCGA-C8-A133,3,train
hrd_binary_33,TCGA-C8-A135,3,train
hrd_binary_33,TCGA-C8-A137,3,train
hrd_binary_33,TCGA-C8-A138,3,train
hrd_binary_33,TCGA-C8-A1HE,3,train
hrd_binary_33,TCGA-C8-A1HF,3,train
hrd_binary_33,TCGA-C8-A1HG,3,train
hrd_binary_33,TCGA-C8-A1HJ,3,train
hrd_binary_33,TCGA-C8-A1HL,3,train
hrd_binary_33,TCGA-C8-A1HM,3,train
hrd_binary_33,TCGA-C8-A26W,3,train
hrd_binary_33,TCGA-C8-A26Z,3,train
hrd_binary_33,TCGA-C8-A273,3,train
hrd_binary_33,TCGA-C8-A275,3,train
hrd_binary_33,TCGA-C8-A278,3,train
hrd_binary_33,TCGA-C8-A27A,3,train
hrd_binary_33,TCGA-C8-A8HP,3,train
hrd_binary_33,TCGA-C8-A8HQ,3,train
hrd_binary_33,TCGA-C8-A8HR,3,train
hrd_binary_33,TCGA-D8-A13Y,3,train
hrd_binary_33,TCGA-D8-A13Z,3,train
hrd_binary_33,TCGA-D8-A140,3,train
hrd_binary_33,TCGA-D8-A141,3,train
hrd_binary_33,TCGA-D8-A143,3,train
hrd_binary_33,TCGA-D8-A145,3,train
hrd_binary_33,TCGA-D8-A147,3,train
hrd_binary_33,TCGA-D8-A1J8,3,train
hrd_binary_33,TCGA-D8-A1J9,3,train
hrd_binary_33,TCGA-D8-A1JA,3,train
hrd_binary_33,TCGA-D8-A1JB,3,train
hrd_binary_33,TCGA-D8-A1JC,3,train
hrd_binary_33,TCGA-D8-A1JD,3,train
hrd_binary_33,TCGA-D8-A1JF,3,train
hrd_binary_33,TCGA-D8-A1JG,3,train
hrd_binary_33,TCGA-D8-A1JH,3,train
hrd_binary_33,TCGA-D8-A1JI,3,train
hrd_binary_33,TCGA-D8-A1JJ,3,train
hrd_binary_33,TCGA-D8-A1JK,3,train
hrd_binary_33,TCGA-D8-A1JL,3,train
hrd_binary_33,TCGA-D8-A1JM,3,train
hrd_binary_33,TCGA-D8-A1JN,3,train
hrd_binary_33,TCGA-D8-A1JP,3,train
hrd_binary_33,TCGA-D8-A1JS,3,train
hrd_binary_33,TCGA-D8-A1JT,3,train
hrd_binary_33,TCGA-D8-A1JU,3,train
hrd_binary_33,TCGA-D8-A1X5,3,train
hrd_binary_33,TCGA-D8-A1X8,3,train
hrd_binary_33,TCGA-D8-A1X9,3,train
hrd_binary_33,TCGA-D8-A1XA,3,train
hrd_binary_33,TCGA-D8-A1XC,3,train
hrd_binary_33,TCGA-D8-A1XF,3,train
hrd_binary_33,TCGA-D8-A1XG,3,train
hrd_binary_33,TCGA-D8-A1XK,3,train
hrd_binary_33,TCGA-D8-A1XL,3,train
hrd_binary_33,TCGA-D8-A1XM,3,train
hrd_binary_33,TCGA-D8-A1XO,3,train
hrd_binary_33,TCGA-D8-A1XQ,3,train
hrd_binary_33,TCGA-D8-A1XR,3,train
hrd_binary_33,TCGA-D8-A1XT,3,train
hrd_binary_33,TCGA-D8-A1XV,3,train
hrd_binary_33,TCGA-D8-A1XW,3,train
hrd_binary_33,TCGA-D8-A1XY,3,train
hrd_binary_33,TCGA-D8-A1Y0,3,train
hrd_binary_33,TCGA-D8-A1Y1,3,train
hrd_binary_33,TCGA-D8-A1Y2,3,train
hrd_binary_33,TCGA-D8-A27E,3,train
hrd_binary_33,TCGA-D8-A27F,3,train
hrd_binary_33,TCGA-D8-A27K,3,train
hrd_binary_33,TCGA-D8-A27M,3,train
hrd_binary_33,TCGA-D8-A27N,3,train
hrd_binary_33,TCGA-D8-A27P,3,train
hrd_binary_33,TCGA-D8-A27R,3,train
hrd_binary_33,TCGA-D8-A27T,3,train
hrd_binary_33,TCGA-D8-A27W,3,train
hrd_binary_33,TCGA-D8-A3Z6,3,train
hrd_binary_33,TCGA-D8-A4Z1,3,train
hrd_binary_33,TCGA-D8-A73U,3,train
hrd_binary_33,TCGA-D8-A73W,3,train
hrd_binary_33,TCGA-D8-A73X,3,train
hrd_binary_33,TCGA-E2-A10C,3,train
hrd_binary_33,TCGA-E2-A14O,3,train
hrd_binary_33,TCGA-E2-A14Q,3,train
hrd_binary_33,TCGA-E2-A14R,3,train
hrd_binary_33,TCGA-E2-A14T,3,train
hrd_binary_33,TCGA-E2-A14Z,3,train
hrd_binary_33,TCGA-E2-A150,3,train
hrd_binary_33,TCGA-E2-A152,3,train
hrd_binary_33,TCGA-E2-A153,3,train
hrd_binary_33,TCGA-E2-A154,3,train
hrd_binary_33,TCGA-E2-A155,3,train
hrd_binary_33,TCGA-E2-A159,3,train
hrd_binary_33,TCGA-E2-A15A,3,train
hrd_binary_33,TCGA-E2-A15E,3,train
hrd_binary_33,TCGA-E2-A15G,3,train
hrd_binary_33,TCGA-E2-A15H,3,train
hrd_binary_33,TCGA-E2-A15J,3,train
hrd_binary_33,TCGA-E2-A15K,3,train
hrd_binary_33,TCGA-E2-A15M,3,train
hrd_binary_33,TCGA-E2-A15O,3,train
hrd_binary_33,TCGA-E2-A15R,3,train
hrd_binary_33,TCGA-E2-A15T,3,train
hrd_binary_33,TCGA-E2-A1AZ,3,train
hrd_binary_33,TCGA-E2-A1B0,3,train
hrd_binary_33,TCGA-E2-A1B5,3,train
hrd_binary_33,TCGA-E2-A1BD,3,train
hrd_binary_33,TCGA-E2-A1IE,3,train
hrd_binary_33,TCGA-E2-A1IG,3,train
hrd_binary_33,TCGA-E2-A1IK,3,train
hrd_binary_33,TCGA-E2-A1IL,3,train
hrd_binary_33,TCGA-E2-A1IO,3,train
hrd_binary_33,TCGA-E2-A1L6,3,train
hrd_binary_33,TCGA-E2-A1L8,3,train
hrd_binary_33,TCGA-E2-A1L9,3,train
hrd_binary_33,TCGA-E2-A1LA,3,train
hrd_binary_33,TCGA-E2-A1LG,3,train
hrd_binary_33,TCGA-E2-A1LH,3,train
hrd_binary_33,TCGA-E2-A1LL,3,train
hrd_binary_33,TCGA-E2-A56Z,3,train
hrd_binary_33,TCGA-E2-A570,3,train
hrd_binary_33,TCGA-E2-A573,3,train
hrd_binary_33,TCGA-E2-A576,3,train
hrd_binary_33,TCGA-E2-A9RU,3,train
hrd_binary_33,TCGA-E9-A1N8,3,train
hrd_binary_33,TCGA-E9-A1N9,3,train
hrd_binary_33,TCGA-E9-A1ND,3,train
hrd_binary_33,TCGA-E9-A1NE,3,train
hrd_binary_33,TCGA-E9-A1NG,3,train
hrd_binary_33,TCGA-E9-A1NH,3,train
hrd_binary_33,TCGA-E9-A1NI,3,train
hrd_binary_33,TCGA-E9-A1R5,3,train
hrd_binary_33,TCGA-E9-A1R6,3,train
hrd_binary_33,TCGA-E9-A1R7,3,train
hrd_binary_33,TCGA-E9-A1RA,3,train
hrd_binary_33,TCGA-E9-A1RB,3,train
hrd_binary_33,TCGA-E9-A1RC,3,train
hrd_binary_33,TCGA-E9-A1RE,3,train
hrd_binary_33,TCGA-E9-A1RF,3,train
hrd_binary_33,TCGA-E9-A1RG,3,train
hrd_binary_33,TCGA-E9-A226,3,train
hrd_binary_33,TCGA-E9-A229,3,train
hrd_binary_33,TCGA-E9-A22A,3,train
hrd_binary_33,TCGA-E9-A22B,3,train
hrd_binary_33,TCGA-E9-A22E,3,train
hrd_binary_33,TCGA-E9-A22G,3,train
hrd_binary_33,TCGA-E9-A22H,3,train
hrd_binary_33,TCGA-E9-A243,3,train
hrd_binary_33,TCGA-E9-A245,3,train
hrd_binary_33,TCGA-E9-A247,3,train
hrd_binary_33,TCGA-E9-A248,3,train
hrd_binary_33,TCGA-E9-A24A,3,train
hrd_binary_33,TCGA-E9-A295,3,train
hrd_binary_33,TCGA-E9-A2JS,3,train
hrd_binary_33,TCGA-E9-A2JT,3,train
hrd_binary_33,TCGA-E9-A3X8,3,train
hrd_binary_33,TCGA-E9-A5FL,3,train
hrd_binary_33,TCGA-E9-A5UO,3,train
hrd_binary_33,TCGA-E9-A6HE,3,train
hrd_binary_33,TCGA-EW-A1IW,3,train
hrd_binary_33,TCGA-EW-A1IY,3,train
hrd_binary_33,TCGA-EW-A1IZ,3,train
hrd_binary_33,TCGA-EW-A1J1,3,train
hrd_binary_33,TCGA-EW-A1J3,3,train
hrd_binary_33,TCGA-EW-A1J6,3,train
hrd_binary_33,TCGA-EW-A1OV,3,train
hrd_binary_33,TCGA-EW-A1OX,3,train
hrd_binary_33,TCGA-EW-A1OY,3,train
hrd_binary_33,TCGA-EW-A1OZ,3,train
hrd_binary_33,TCGA-EW-A1P0,3,train
hrd_binary_33,TCGA-EW-A1P1,3,train
hrd_binary_33,TCGA-EW-A1P3,3,train
hrd_binary_33,TCGA-EW-A1P5,3,train
hrd_binary_33,TCGA-EW-A1P6,3,train
hrd_binary_33,TCGA-EW-A1P7,3,train
hrd_binary_33,TCGA-EW-A1P8,3,train
hrd_binary_33,TCGA-EW-A1PA,3,train
hrd_binary_33,TCGA-EW-A1PB,3,train
hrd_binary_33,TCGA-EW-A1PG,3,train
hrd_binary_33,TCGA-EW-A1PH,3,train
hrd_binary_33,TCGA-EW-A2FS,3,train
hrd_binary_33,TCGA-EW-A2FV,3,train
hrd_binary_33,TCGA-EW-A6SB,3,train
hrd_binary_33,TCGA-EW-A6SC,3,train
hrd_binary_33,TCGA-EW-A6SD,3,train
hrd_binary_33,TCGA-GM-A2DA,3,train
hrd_binary_33,TCGA-GM-A2DB,3,train
hrd_binary_33,TCGA-GM-A2DF,3,train
hrd_binary_33,TCGA-GM-A2DH,3,train
hrd_binary_33,TCGA-GM-A2DK,3,train
hrd_binary_33,TCGA-GM-A2DL,3,train
hrd_binary_33,TCGA-GM-A2DM,3,train
hrd_binary_33,TCGA-GM-A2DN,3,train
hrd_binary_33,TCGA-GM-A3NW,3,train
hrd_binary_33,TCGA-HN-A2NL,3,train
hrd_binary_33,TCGA-HN-A2OB,3,train
hrd_binary_33,TCGA-LD-A74U,3,train
hrd_binary_33,TCGA-LD-A7W5,3,train
hrd_binary_33,TCGA-LD-A7W6,3,train
hrd_binary_33,TCGA-LL-A50Y,3,train
hrd_binary_33,TCGA-LL-A5YL,3,train
hrd_binary_33,TCGA-LL-A5YP,3,train
hrd_binary_33,TCGA-LL-A6FQ,3,train
hrd_binary_33,TCGA-LL-A6FR,3,train
hrd_binary_33,TCGA-LL-A73Y,3,train
hrd_binary_33,TCGA-LL-A73Z,3,train
hrd_binary_33,TCGA-LL-A7SZ,3,train
hrd_binary_33,TCGA-LL-A8F5,3,train
hrd_binary_33,TCGA-LL-A9Q3,3,train
hrd_binary_33,TCGA-OK-A5Q2,3,train
hrd_binary_33,TCGA-OL-A5D6,3,train
hrd_binary_33,TCGA-OL-A5D7,3,train
hrd_binary_33,TCGA-OL-A5D8,3,train
hrd_binary_33,TCGA-OL-A5RU,3,train
hrd_binary_33,TCGA-OL-A5RV,3,train
hrd_binary_33,TCGA-OL-A5RX,3,train
hrd_binary_33,TCGA-OL-A5RY,3,train
hrd_binary_33,TCGA-OL-A5RZ,3,train
hrd_binary_33,TCGA-OL-A5S0,3,train
hrd_binary_33,TCGA-OL-A66I,3,train
hrd_binary_33,TCGA-OL-A66J,3,train
hrd_binary_33,TCGA-OL-A66K,3,train
hrd_binary_33,TCGA-OL-A66L,3,train
hrd_binary_33,TCGA-OL-A66N,3,train
hrd_binary_33,TCGA-OL-A66O,3,train
hrd_binary_33,TCGA-OL-A66P,3,train
hrd_binary_33,TCGA-OL-A6VO,3,train
hrd_binary_33,TCGA-OL-A6VQ,3,train
hrd_binary_33,TCGA-OL-A6VR,3,train
hrd_binary_33,TCGA-OL-A97C,3,train
hrd_binary_33,TCGA-PE-A5DD,3,train
hrd_binary_33,TCGA-PE-A5DE,3,train
hrd_binary_33,TCGA-PL-A8LX,3,train
hrd_binary_33,TCGA-PL-A8LY,3,train
hrd_binary_33,TCGA-S3-A6ZF,3,train
hrd_binary_33,TCGA-S3-A6ZG,3,train
hrd_binary_33,TCGA-S3-A6ZH,3,train
hrd_binary_33,TCGA-S3-AA0Z,3,train
hrd_binary_33,TCGA-S3-AA14,3,train
hrd_binary_33,TCGA-S3-AA17,3,train
hrd_binary_33,TCGA-UU-A93S,3,train
hrd_binary_33,TCGA-W8-A86G,3,train
hrd_binary_33,TCGA-WT-AB41,3,train
hrd_binary_33,TCGA-WT-AB44,3,train
hrd_binary_33,TCGA-XX-A899,3,train
hrd_binary_33,TCGA-XX-A89A,3,train
hrd_binary_33,TCGA-Z7-A8R6,3,train
hrd_binary_33,TCGA-A2-A1G4,3,inner_train
hrd_binary_33,TCGA-A2-A0CP,3,inner_train
hrd_binary_33,TCGA-AR-A5QQ,3,inner_train
hrd_binary_33,TCGA-AN-A0AJ,3,inner_train
hrd_binary_33,TCGA-B6-A0RO,3,inner_train
hrd_binary_33,TCGA-EW-A1J1,3,inner_train
hrd_binary_33,TCGA-A7-A26E,3,inner_train
hrd_binary_33,TCGA-A8-A0A6,3,inner_train
hrd_binary_33,TCGA-A2-A0YD,3,inner_train
hrd_binary_33,TCGA-B6-A0IJ,3,inner_train
hrd_binary_33,TCGA-A8-A090,3,inner_train
hrd_binary_33,TCGA-C8-A1HF,3,inner_train
hrd_binary_33,TCGA-C8-A12Z,3,inner_train
hrd_binary_33,TCGA-D8-A1XA,3,inner_train
hrd_binary_33,TCGA-A2-A04T,3,inner_train
hrd_binary_33,TCGA-D8-A73U,3,inner_train
hrd_binary_33,TCGA-PE-A5DD,3,inner_train
hrd_binary_33,TCGA-EW-A1J6,3,inner_train
hrd_binary_33,TCGA-BH-A1F0,3,inner_train
hrd_binary_33,TCGA-B6-A0RG,3,inner_train
hrd_binary_33,TCGA-BH-A0DV,3,inner_train
hrd_binary_33,TCGA-A8-A0AB,3,inner_train
hrd_binary_33,TCGA-C8-A12W,3,inner_train
hrd_binary_33,TCGA-D8-A143,3,inner_train
hrd_binary_33,TCGA-C8-A26W,3,inner_train
hrd_binary_33,TCGA-A2-A04W,3,inner_train
hrd_binary_33,TCGA-E9-A1RG,3,inner_train
hrd_binary_33,TCGA-A2-A04P,3,inner_train
hrd_binary_33,TCGA-A8-A07I,3,inner_train
hrd_binary_33,TCGA-AO-A0JM,3,inner_train
hrd_binary_33,TCGA-D8-A1Y1,3,inner_train
hrd_binary_33,TCGA-E2-A15T,3,inner_train
hrd_binary_33,TCGA-C8-A130,3,inner_train
hrd_binary_33,TCGA-EW-A2FV,3,inner_train
hrd_binary_33,TCGA-OL-A5S0,3,inner_train
hrd_binary_33,TCGA-A8-A09A,3,inner_train
hrd_binary_33,TCGA-AO-A12H,3,inner_train
hrd_binary_33,TCGA-A2-A0EW,3,inner_train
hrd_binary_33,TCGA-BH-A0EB,3,inner_train
hrd_binary_33,TCGA-BH-A0EA,3,inner_train
hrd_binary_33,TCGA-B6-A0IB,3,inner_train
hrd_binary_33,TCGA-BH-A0E0,3,inner_train
hrd_binary_33,TCGA-LL-A8F5,3,inner_train
hrd_binary_33,TCGA-C8-A12U,3,inner_train
hrd_binary_33,TCGA-AN-A0FW,3,inner_train
hrd_binary_33,TCGA-A8-A081,3,inner_train
hrd_binary_33,TCGA-BH-A18K,3,inner_train
hrd_binary_33,TCGA-AR-A2LK,3,inner_train
hrd_binary_33,TCGA-OL-A6VR,3,inner_train
hrd_binary_33,TCGA-LL-A73Y,3,inner_train
hrd_binary_33,TCGA-E2-A576,3,inner_train
hrd_binary_33,TCGA-A2-A0YM,3,inner_train
hrd_binary_33,TCGA-E2-A1L9,3,inner_train
hrd_binary_33,TCGA-E2-A152,3,inner_train
hrd_binary_33,TCGA-AR-A24V,3,inner_train
hrd_binary_33,TCGA-AC-A8OP,3,inner_train
hrd_binary_33,TCGA-AN-A0XW,3,inner_train
hrd_binary_33,TCGA-E2-A14O,3,inner_train
hrd_binary_33,TCGA-D8-A13Z,3,inner_train
hrd_binary_33,TCGA-AC-A3YI,3,inner_train
hrd_binary_33,TCGA-BH-A6R8,3,inner_train
hrd_binary_33,TCGA-AR-A1AI,3,inner_train
hrd_binary_33,TCGA-WT-AB41,3,inner_train
hrd_binary_33,TCGA-A2-A0T4,3,inner_train
hrd_binary_33,TCGA-D8-A147,3,inner_train
hrd_binary_33,TCGA-D8-A27R,3,inner_train
hrd_binary_33,TCGA-D8-A1J9,3,inner_train
hrd_binary_33,TCGA-A8-A079,3,inner_train
hrd_binary_33,TCGA-E2-A14Z,3,inner_train
hrd_binary_33,TCGA-AQ-A04J,3,inner_train
hrd_binary_33,TCGA-E9-A6HE,3,inner_train
hrd_binary_33,TCGA-E2-A15K,3,inner_train
hrd_binary_33,TCGA-BH-A0GY,3,inner_train
hrd_binary_33,TCGA-A2-A04V,3,inner_train
hrd_binary_33,TCGA-A2-A04Q,3,inner_train
hrd_binary_33,TCGA-A8-A06Y,3,inner_train
hrd_binary_33,TCGA-D8-A1XV,3,inner_train
hrd_binary_33,TCGA-BH-A0E1,3,inner_train
hrd_binary_33,TCGA-BH-A0DO,3,inner_train
hrd_binary_33,TCGA-AN-A0AL,3,inner_train
hrd_binary_33,TCGA-AR-A0TR,3,inner_train
hrd_binary_33,TCGA-AR-A0TQ,3,inner_train
hrd_binary_33,TCGA-XX-A89A,3,inner_train
hrd_binary_33,TCGA-AO-A0JJ,3,inner_train
hrd_binary_33,TCGA-BH-A1EV,3,inner_train
hrd_binary_33,TCGA-B6-A0RI,3,inner_train
hrd_binary_33,TCGA-AR-A0TX,3,inner_train
hrd_binary_33,TCGA-LL-A9Q3,3,inner_train
hrd_binary_33,TCGA-AO-A12D,3,inner_train
hrd_binary_33,TCGA-B6-A0RE,3,inner_train
hrd_binary_33,TCGA-BH-A18L,3,inner_train
hrd_binary_33,TCGA-A2-A0D3,3,inner_train
hrd_binary_33,TCGA-AC-A23C,3,inner_train
hrd_binary_33,TCGA-A8-A0A4,3,inner_train
hrd_binary_33,TCGA-A7-A26J,3,inner_train
hrd_binary_33,TCGA-GM-A2DK,3,inner_train
hrd_binary_33,TCGA-AC-A8OS,3,inner_train
hrd_binary_33,TCGA-EW-A1P7,3,inner_train
hrd_binary_33,TCGA-A2-A0YL,3,inner_train
hrd_binary_33,TCGA-B6-A0RP,3,inner_train
hrd_binary_33,TCGA-E9-A22G,3,inner_train
hrd_binary_33,TCGA-LD-A7W6,3,inner_train
hrd_binary_33,TCGA-BH-A2L8,3,inner_train
hrd_binary_33,TCGA-BH-A0HX,3,inner_train
hrd_binary_33,TCGA-AO-A0J9,3,inner_train
hrd_binary_33,TCGA-BH-A1FM,3,inner_train
hrd_binary_33,TCGA-EW-A1OV,3,inner_train
hrd_binary_33,TCGA-A7-A56D,3,inner_train
hrd_binary_33,TCGA-BH-A1EO,3,inner_train
hrd_binary_33,TCGA-E9-A1RC,3,inner_train
hrd_binary_33,TCGA-AR-A1AK,3,inner_train
hrd_binary_33,TCGA-D8-A27F,3,inner_train
hrd_binary_33,TCGA-GM-A2DL,3,inner_train
hrd_binary_33,TCGA-GM-A3NW,3,inner_train
hrd_binary_33,TCGA-BH-A8FY,3,inner_train
hrd_binary_33,TCGA-D8-A1XO,3,inner_train
hrd_binary_33,TCGA-D8-A1X5,3,inner_train
hrd_binary_33,TCGA-D8-A1JT,3,inner_train
hrd_binary_33,TCGA-D8-A1JD,3,inner_train
hrd_binary_33,TCGA-B6-A0IC,3,inner_train
hrd_binary_33,TCGA-AR-A2LH,3,inner_train
hrd_binary_33,TCGA-E2-A1B0,3,inner_train
hrd_binary_33,TCGA-A2-A3Y0,3,inner_train
hrd_binary_33,TCGA-D8-A141,3,inner_train
hrd_binary_33,TCGA-GM-A2DF,3,inner_train
hrd_binary_33,TCGA-EW-A6SB,3,inner_train
hrd_binary_33,TCGA-E9-A1RE,3,inner_train
hrd_binary_33,TCGA-BH-A0HO,3,inner_train
hrd_binary_33,TCGA-BH-A0DQ,3,inner_train
hrd_binary_33,TCGA-A2-A0CM,3,inner_train
hrd_binary_33,TCGA-BH-A18Q,3,inner_train
hrd_binary_33,TCGA-A2-A04R,3,inner_train
hrd_binary_33,TCGA-D8-A1JF,3,inner_train
hrd_binary_33,TCGA-E2-A15H,3,inner_train
hrd_binary_33,TCGA-A2-A0EY,3,inner_train
hrd_binary_33,TCGA-A2-A0CR,3,inner_train
hrd_binary_33,TCGA-A2-A0T7,3,inner_train
hrd_binary_33,TCGA-OL-A5RY,3,inner_train
hrd_binary_33,TCGA-E2-A1LA,3,inner_train
hrd_binary_33,TCGA-E9-A1RF,3,inner_train
hrd_binary_33,TCGA-BH-A0AV,3,inner_train
hrd_binary_33,TCGA-BH-A208,3,inner_train
hrd_binary_33,TCGA-AC-A8OQ,3,inner_train
hrd_binary_33,TCGA-D8-A1JB,3,inner_train
hrd_binary_33,TCGA-D8-A1XQ,3,inner_train
hrd_binary_33,TCGA-D8-A27W,3,inner_train
hrd_binary_33,TCGA-A2-A0T2,3,inner_train
hrd_binary_33,TCGA-A1-A0SK,3,inner_train
hrd_binary_33,TCGA-GM-A2DM,3,inner_train
hrd_binary_33,TCGA-A7-A13D,3,inner_train
hrd_binary_33,TCGA-D8-A1XR,3,inner_train
hrd_binary_33,TCGA-BH-A1FE,3,inner_train
hrd_binary_33,TCGA-A7-A5ZV,3,inner_train
hrd_binary_33,TCGA-C8-A131,3,inner_train
hrd_binary_33,TCGA-B6-A0RN,3,inner_train
hrd_binary_33,TCGA-E9-A226,3,inner_train
hrd_binary_33,TCGA-E9-A22H,3,inner_train
hrd_binary_33,TCGA-BH-A1EW,3,inner_train
hrd_binary_33,TCGA-AR-A2LO,3,inner_train
hrd_binary_33,TCGA-AO-A0JI,3,inner_train
hrd_binary_33,TCGA-E2-A1IG,3,inner_train
hrd_binary_33,TCGA-A1-A0SB,3,inner_train
hrd_binary_33,TCGA-OL-A5RX,3,inner_train
hrd_binary_33,TCGA-BH-A0EE,3,inner_train
hrd_binary_33,TCGA-B6-A0X5,3,inner_train
hrd_binary_33,TCGA-A8-A07O,3,inner_train
hrd_binary_33,TCGA-B6-A0WW,3,inner_train
hrd_binary_33,TCGA-OL-A97C,3,inner_train
hrd_binary_33,TCGA-A8-A0A1,3,inner_train
hrd_binary_33,TCGA-E9-A1N9,3,inner_train
hrd_binary_33,TCGA-AC-A2QH,3,inner_train
hrd_binary_33,TCGA-E2-A155,3,inner_train
hrd_binary_33,TCGA-BH-A1FN,3,inner_train
hrd_binary_33,TCGA-GM-A2DN,3,inner_train
hrd_binary_33,TCGA-A2-A1G0,3,inner_train
hrd_binary_33,TCGA-E2-A14T,3,inner_train
hrd_binary_33,TCGA-E9-A1R5,3,inner_train
hrd_binary_33,TCGA-A1-A0SG,3,inner_train
hrd_binary_33,TCGA-E2-A10C,3,inner_train
hrd_binary_33,TCGA-AN-A0FX,3,inner_train
hrd_binary_33,TCGA-AR-A252,3,inner_train
hrd_binary_33,TCGA-AR-A1AQ,3,inner_train
hrd_binary_33,TCGA-AR-A0TT,3,inner_train
hrd_binary_33,TCGA-A8-A06X,3,inner_train
hrd_binary_33,TCGA-AO-A03V,3,inner_train
hrd_binary_33,TCGA-D8-A1JI,3,inner_train
hrd_binary_33,TCGA-AO-A0J2,3,inner_train
hrd_binary_33,TCGA-AN-A0XT,3,inner_train
hrd_binary_33,TCGA-B6-A0WY,3,inner_train
hrd_binary_33,TCGA-D8-A1JN,3,inner_train
hrd_binary_33,TCGA-AN-A0FN,3,inner_train
hrd_binary_33,TCGA-B6-A409,3,inner_train
hrd_binary_33,TCGA-E9-A2JT,3,inner_train
hrd_binary_33,TCGA-E9-A3X8,3,inner_train
hrd_binary_33,TCGA-A2-A0SV,3,inner_train
hrd_binary_33,TCGA-BH-A1EY,3,inner_train
hrd_binary_33,TCGA-AR-A24R,3,inner_train
hrd_binary_33,TCGA-AO-A0JB,3,inner_train
hrd_binary_33,TCGA-BH-A18U,3,inner_train
hrd_binary_33,TCGA-WT-AB44,3,inner_train
hrd_binary_33,TCGA-PL-A8LY,3,inner_train
hrd_binary_33,TCGA-OL-A66O,3,inner_train
hrd_binary_33,TCGA-AC-A5EH,3,inner_train
hrd_binary_33,TCGA-A2-A0EV,3,inner_train
hrd_binary_33,TCGA-A2-A0YT,3,inner_train
hrd_binary_33,TCGA-AN-A03X,3,inner_train
hrd_binary_33,TCGA-D8-A1JK,3,inner_train
hrd_binary_33,TCGA-BH-A0DK,3,inner_train
hrd_binary_33,TCGA-D8-A27P,3,inner_train
hrd_binary_33,TCGA-E2-A1LH,3,inner_train
hrd_binary_33,TCGA-OL-A5D6,3,inner_train
hrd_binary_33,TCGA-LL-A5YP,3,inner_train
hrd_binary_33,TCGA-A2-A3KD,3,inner_train
hrd_binary_33,TCGA-OL-A5RZ,3,inner_train
hrd_binary_33,TCGA-AO-A12A,3,inner_train
hrd_binary_33,TCGA-AR-A5QM,3,inner_train
hrd_binary_33,TCGA-S3-A6ZH,3,inner_train
hrd_binary_33,TCGA-E9-A1RB,3,inner_train
hrd_binary_33,TCGA-LL-A7SZ,3,inner_train
hrd_binary_33,TCGA-AO-A0JE,3,inner_train
hrd_binary_33,TCGA-AR-A2LN,3,inner_train
hrd_binary_33,TCGA-E9-A5UO,3,inner_train
hrd_binary_33,TCGA-BH-A203,3,inner_train
hrd_binary_33,TCGA-EW-A2FS,3,inner_train
hrd_binary_33,TCGA-BH-A0HY,3,inner_train
hrd_binary_33,TCGA-BH-A0HI,3,inner_train
hrd_binary_33,TCGA-LD-A7W5,3,inner_train
hrd_binary_33,TCGA-A2-A0T1,3,inner_train
hrd_binary_33,TCGA-AR-A2LQ,3,inner_train
hrd_binary_33,TCGA-AN-A0FY,3,inner_train
hrd_binary_33,TCGA-AC-A62Y,3,inner_train
hrd_binary_33,TCGA-AR-A24L,3,inner_train
hrd_binary_33,TCGA-A7-A26H,3,inner_train
hrd_binary_33,TCGA-A8-A07L,3,inner_train
hrd_binary_33,TCGA-AO-A1KR,3,inner_train
hrd_binary_33,TCGA-D8-A145,3,inner_train
hrd_binary_33,TCGA-A8-A09Q,3,inner_train
hrd_binary_33,TCGA-BH-A0AY,3,inner_train
hrd_binary_33,TCGA-E2-A154,3,inner_train
hrd_binary_33,TCGA-A2-A0D1,3,inner_train
hrd_binary_33,TCGA-OL-A66K,3,inner_train
hrd_binary_33,TCGA-A2-A0YH,3,inner_train
hrd_binary_33,TCGA-E2-A1LL,3,inner_train
hrd_binary_33,TCGA-E9-A1NH,3,inner_train
hrd_binary_33,TCGA-EW-A1PH,3,inner_train
hrd_binary_33,TCGA-E9-A24A,3,inner_train
hrd_binary_33,TCGA-OL-A5RU,3,inner_train
hrd_binary_33,TCGA-D8-A1XT,3,inner_train
hrd_binary_33,TCGA-A2-A0CU,3,inner_train
hrd_binary_33,TCGA-AO-A0JA,3,inner_train
hrd_binary_33,TCGA-BH-A0BO,3,inner_train
hrd_binary_33,TCGA-AN-A0FZ,3,inner_train
hrd_binary_33,TCGA-AC-A5XU,3,inner_train
hrd_binary_33,TCGA-GM-A2DA,3,inner_train
hrd_binary_33,TCGA-A7-A13F,3,inner_train
hrd_binary_33,TCGA-D8-A1JP,3,inner_train
hrd_binary_33,TCGA-A2-A0EN,3,inner_train
hrd_binary_33,TCGA-A1-A0SI,3,inner_train
hrd_binary_33,TCGA-D8-A27M,3,inner_train
hrd_binary_33,TCGA-E2-A15R,3,inner_train
hrd_binary_33,TCGA-AN-A0AM,3,inner_train
hrd_binary_33,TCGA-A2-A25C,3,inner_train
hrd_binary_33,TCGA-E2-A15A,3,inner_train
hrd_binary_33,TCGA-E2-A153,3,inner_train
hrd_binary_33,TCGA-E2-A9RU,3,inner_train
hrd_binary_33,TCGA-A2-A0EU,3,inner_train
hrd_binary_33,TCGA-A8-A096,3,inner_train
hrd_binary_33,TCGA-A2-A0YJ,3,inner_train
hrd_binary_33,TCGA-D8-A1XL,3,inner_train
hrd_binary_33,TCGA-A8-A08G,3,inner_train
hrd_binary_33,TCGA-A1-A0SO,3,inner_train
hrd_binary_33,TCGA-C8-A12N,3,inner_train
hrd_binary_33,TCGA-D8-A27K,3,inner_train
hrd_binary_33,TCGA-E2-A570,3,inner_train
hrd_binary_33,TCGA-BH-A18T,3,inner_train
hrd_binary_33,TCGA-E9-A22A,3,inner_train
hrd_binary_33,TCGA-D8-A1XM,3,inner_train
hrd_binary_33,TCGA-B6-A0IH,3,inner_train
hrd_binary_33,TCGA-BH-A0BA,3,inner_train
hrd_binary_33,TCGA-AN-A0XR,3,inner_train
hrd_binary_33,TCGA-E9-A22E,3,inner_train
hrd_binary_33,TCGA-AQ-A04H,3,inner_train
hrd_binary_33,TCGA-BH-A42V,3,inner_train
hrd_binary_33,TCGA-B6-A40C,3,inner_train
hrd_binary_33,TCGA-E2-A1L6,3,inner_train
hrd_binary_33,TCGA-BH-A1EU,3,inner_train
hrd_binary_33,TCGA-AC-A2FO,3,inner_train
hrd_binary_33,TCGA-C8-A1HE,3,inner_train
hrd_binary_33,TCGA-A7-A0CJ,3,inner_train
hrd_binary_33,TCGA-AQ-A1H2,3,inner_train
hrd_binary_33,TCGA-A2-A1FZ,3,inner_train
hrd_binary_33,TCGA-AO-A0J4,3,inner_train
hrd_binary_33,TCGA-A8-A09G,3,inner_train
hrd_binary_33,TCGA-A8-A09T,3,inner_train
hrd_binary_33,TCGA-D8-A1Y2,3,inner_train
hrd_binary_33,TCGA-AN-A0AR,3,inner_train
hrd_binary_33,TCGA-GM-A2DB,3,inner_train
hrd_binary_33,TCGA-A2-A0YC,3,inner_train
hrd_binary_33,TCGA-A2-A3XU,3,inner_train
hrd_binary_33,TCGA-EW-A1IY,3,inner_train
hrd_binary_33,TCGA-A2-A25A,3,inner_train
hrd_binary_33,TCGA-AN-A0XU,3,inner_train
hrd_binary_33,TCGA-AR-A1AY,3,inner_train
hrd_binary_33,TCGA-AR-A24X,3,inner_train
hrd_binary_33,TCGA-EW-A1P6,3,inner_train
hrd_binary_33,TCGA-D8-A1XG,3,inner_train
hrd_binary_33,TCGA-BH-A0HQ,3,inner_train
hrd_binary_33,TCGA-A8-A09M,3,inner_train
hrd_binary_33,TCGA-AC-A6IV,3,inner_train
hrd_binary_33,TCGA-E9-A1NI,3,inner_train
hrd_binary_33,TCGA-A2-A0ES,3,inner_train
hrd_binary_33,TCGA-A2-A0SX,3,inner_train
hrd_binary_33,TCGA-OL-A5D7,3,inner_train
hrd_binary_33,TCGA-E9-A1R6,3,inner_train
hrd_binary_33,TCGA-EW-A1IW,3,inner_train
hrd_binary_33,TCGA-A2-A0YF,3,inner_train
hrd_binary_33,TCGA-C8-A8HP,3,inner_train
hrd_binary_33,TCGA-D8-A1JA,3,inner_train
hrd_binary_33,TCGA-BH-A202,3,inner_train
hrd_binary_33,TCGA-A8-A095,3,inner_train
hrd_binary_33,TCGA-A8-A09B,3,inner_train
hrd_binary_33,TCGA-EW-A1OZ,3,inner_train
hrd_binary_33,TCGA-AR-A1AH,3,inner_train
hrd_binary_33,TCGA-AC-A7VC,3,inner_train
hrd_binary_33,TCGA-A8-A082,3,inner_train
hrd_binary_33,TCGA-C8-A275,3,inner_train
hrd_binary_33,TCGA-A2-A1FX,3,inner_train
hrd_binary_33,TCGA-C8-A26Z,3,inner_train
hrd_binary_33,TCGA-BH-A0B9,3,inner_train
hrd_binary_33,TCGA-AO-A0J3,3,inner_train
hrd_binary_33,TCGA-D8-A3Z6,3,inner_train
hrd_binary_33,TCGA-EW-A1P3,3,inner_train
hrd_binary_33,TCGA-3C-AALJ,3,inner_train
hrd_binary_33,TCGA-AC-A6IX,3,inner_train
hrd_binary_33,TCGA-E2-A15O,3,inner_train
hrd_binary_33,TCGA-AO-A03P,3,inner_train
hrd_binary_33,TCGA-A2-A0D0,3,inner_train
hrd_binary_33,TCGA-B6-A0IN,3,inner_train
hrd_binary_33,TCGA-D8-A1JG,3,inner_train
hrd_binary_33,TCGA-D8-A1JS,3,inner_train
hrd_binary_33,TCGA-B6-A0I9,3,inner_train
hrd_binary_33,TCGA-HN-A2NL,3,inner_train
hrd_binary_33,TCGA-AR-A5QP,3,inner_train
hrd_binary_33,TCGA-LL-A6FQ,3,inner_train
hrd_binary_33,TCGA-BH-A18H,3,inner_train
hrd_binary_33,TCGA-BH-A0E7,3,inner_train
hrd_binary_33,TCGA-AC-A2B8,3,inner_train
hrd_binary_33,TCGA-E9-A22B,3,inner_train
hrd_binary_33,TCGA-S3-AA0Z,3,inner_train
hrd_binary_33,TCGA-A8-A083,3,inner_train
hrd_binary_33,TCGA-A7-A0DA,3,inner_train
hrd_binary_33,TCGA-C8-A137,3,inner_train
hrd_binary_33,TCGA-E9-A245,3,inner_train
hrd_binary_33,TCGA-C8-A135,3,inner_train
hrd_binary_33,TCGA-A7-A0CG,3,inner_train
hrd_binary_33,TCGA-BH-A18R,3,inner_train
hrd_binary_33,TCGA-A1-A0SQ,3,inner_train
hrd_binary_33,TCGA-AR-A250,3,inner_train
hrd_binary_33,TCGA-AN-A0FS,3,inner_train
hrd_binary_33,TCGA-BH-A0W4,3,inner_train
hrd_binary_33,TCGA-BH-A0C3,3,inner_train
hrd_binary_33,TCGA-A2-A0CV,3,inner_train
hrd_binary_33,TCGA-Z7-A8R6,3,inner_train
hrd_binary_33,TCGA-EW-A1PG,3,inner_train
hrd_binary_33,TCGA-AO-A0JF,3,inner_train
hrd_binary_33,TCGA-AO-A03L,3,inner_train
hrd_binary_33,TCGA-C8-A12Q,3,inner_train
hrd_binary_33,TCGA-LL-A5YL,3,inner_train
hrd_binary_33,TCGA-E9-A1R7,3,inner_train
hrd_binary_33,TCGA-OL-A6VO,3,inner_train
hrd_binary_33,TCGA-D8-A1JC,3,inner_train
hrd_binary_33,TCGA-D8-A1XC,3,inner_train
hrd_binary_33,TCGA-HN-A2OB,3,inner_train
hrd_binary_33,TCGA-EW-A1P5,3,inner_train
hrd_binary_33,TCGA-AO-A12F,3,inner_train
hrd_binary_33,TCGA-A2-A0EM,3,inner_train
hrd_binary_33,TCGA-A8-A09V,3,inner_train
hrd_binary_33,TCGA-D8-A1XY,3,inner_train
hrd_binary_33,TCGA-AO-A03O,3,inner_train
hrd_binary_33,TCGA-A8-A0AD,3,inner_train
hrd_binary_33,TCGA-A2-A1FV,3,inner_train
hrd_binary_33,TCGA-C8-A12P,3,inner_train
hrd_binary_33,TCGA-BH-A0W3,3,inner_train
hrd_binary_33,TCGA-BH-A0DX,3,inner_train
hrd_binary_33,TCGA-BH-A0BT,3,inner_train
hrd_binary_33,TCGA-E9-A1NE,3,inner_train
hrd_binary_33,TCGA-AC-A23H,3,inner_train
hrd_binary_33,TCGA-BH-A0DH,3,inner_train
hrd_binary_33,TCGA-A2-A259,3,inner_train
hrd_binary_33,TCGA-BH-A0BF,3,inner_train
hrd_binary_33,TCGA-EW-A1PA,3,inner_train
hrd_binary_33,TCGA-A2-A0EX,3,inner_train
hrd_binary_33,TCGA-A8-A06Q,3,inner_train
hrd_binary_33,TCGA-LL-A73Z,3,inner_train
hrd_binary_33,TCGA-BH-A0HB,3,inner_train
hrd_binary_33,TCGA-D8-A1XW,3,inner_train
hrd_binary_33,TCGA-C8-A133,3,inner_train
hrd_binary_33,TCGA-OL-A5RV,3,inner_train
hrd_binary_33,TCGA-BH-A201,3,inner_train
hrd_binary_33,TCGA-E2-A573,3,inner_train
hrd_binary_33,TCGA-D8-A1JU,3,inner_train
hrd_binary_33,TCGA-D8-A1JL,3,inner_train
hrd_binary_33,TCGA-E9-A243,3,inner_train
hrd_binary_33,TCGA-C8-A273,3,inner_train
hrd_binary_33,TCGA-A7-A6VY,3,inner_train
hrd_binary_33,TCGA-E2-A15J,3,inner_train
hrd_binary_33,TCGA-A8-A08T,3,inner_train
hrd_binary_33,TCGA-AC-A2FG,3,inner_train
hrd_binary_33,TCGA-AN-A0XV,3,inner_train
hrd_binary_33,TCGA-BH-A5IZ,3,inner_train
hrd_binary_33,TCGA-A2-A25E,3,inner_train
hrd_binary_33,TCGA-D8-A1XK,3,inner_train
hrd_binary_33,TCGA-E9-A248,3,inner_train
hrd_binary_33,TCGA-E9-A247,3,inner_train
hrd_binary_33,TCGA-BH-A1FC,3,inner_train
hrd_binary_33,TCGA-AR-A0TW,3,inner_train
hrd_binary_33,TCGA-E2-A56Z,3,inner_train
hrd_binary_33,TCGA-C8-A1HG,3,inner_train
hrd_binary_33,TCGA-OL-A66P,3,inner_train
hrd_binary_33,TCGA-E2-A14Q,3,inner_train
hrd_binary_33,TCGA-AC-A5XS,3,inner_train
hrd_binary_33,TCGA-EW-A1P1,3,inner_train
hrd_binary_33,TCGA-D8-A1X8,3,inner_train
hrd_binary_33,TCGA-W8-A86G,3,inner_train
hrd_binary_33,TCGA-A2-A0YK,3,inner_train
hrd_binary_33,TCGA-BH-A18J,3,inner_train
hrd_binary_33,TCGA-A2-A0YG,3,inner_train
hrd_binary_33,TCGA-A7-A13E,3,inner_train
hrd_binary_33,TCGA-EW-A1P8,3,inner_train
hrd_binary_33,TCGA-AN-A0XN,3,inner_train
hrd_binary_33,TCGA-5L-AAT0,3,inner_train
hrd_binary_33,TCGA-C8-A8HR,3,inner_train
hrd_binary_33,TCGA-C8-A12M,3,inner_train
hrd_binary_33,TCGA-E2-A159,3,inner_train
hrd_binary_33,TCGA-BH-A1ET,3,inner_train
hrd_binary_33,TCGA-AN-A0FJ,3,inner_train
hrd_binary_33,TCGA-D8-A73W,3,inner_train
hrd_binary_33,TCGA-BH-A0AW,3,inner_train
hrd_binary_33,TCGA-AO-A0J8,3,inner_train
hrd_binary_33,TCGA-A2-A25D,3,inner_train
hrd_binary_33,TCGA-A7-A5ZW,3,inner_train
hrd_binary_33,TCGA-A8-A09C,3,inner_train
hrd_binary_33,TCGA-E2-A15G,3,inner_train
hrd_binary_33,TCGA-B6-A0RV,3,inner_train
hrd_binary_33,TCGA-BH-A0BZ,3,inner_train
hrd_binary_33,TCGA-C8-A1HM,3,inner_train
hrd_binary_33,TCGA-S3-AA14,3,inner_train
hrd_binary_33,TCGA-OL-A66I,3,inner_train
hrd_binary_33,TCGA-PE-A5DE,3,inner_train
hrd_binary_33,TCGA-B6-A1KC,3,inner_train
hrd_binary_33,TCGA-BH-A1EX,3,inner_train
hrd_binary_33,TCGA-AR-A1AX,3,inner_train
hrd_binary_33,TCGA-BH-A0BC,3,inner_train
hrd_binary_33,TCGA-BH-A0H0,3,inner_train
hrd_binary_33,TCGA-C8-A278,3,inner_train
hrd_binary_33,TCGA-BH-A0B7,3,inner_train
hrd_binary_33,TCGA-LD-A74U,3,inner_train
hrd_binary_33,TCGA-A7-A6VW,3,inner_train
hrd_binary_33,TCGA-E2-A14R,3,inner_train
hrd_binary_33,TCGA-EW-A1J3,3,inner_train
hrd_binary_33,TCGA-AN-A0FV,3,inner_train
hrd_binary_33,TCGA-S3-AA17,3,inner_train
hrd_binary_33,TCGA-BH-A0HP,3,inner_train
hrd_binary_33,TCGA-BH-A0BJ,3,inner_val
hrd_binary_33,TCGA-D8-A4Z1,3,inner_val
hrd_binary_33,TCGA-AR-A1AJ,3,inner_val
hrd_binary_33,TCGA-BH-A0DS,3,inner_val
hrd_binary_33,TCGA-A1-A0SD,3,inner_val
hrd_binary_33,TCGA-OK-A5Q2,3,inner_val
hrd_binary_33,TCGA-EW-A1OX,3,inner_val
hrd_binary_33,TCGA-C8-A132,3,inner_val
hrd_binary_33,TCGA-OL-A66N,3,inner_val
hrd_binary_33,TCGA-A8-A08X,3,inner_val
hrd_binary_33,TCGA-A2-A0T3,3,inner_val
hrd_binary_33,TCGA-LL-A6FR,3,inner_val
hrd_binary_33,TCGA-BH-A18G,3,inner_val
hrd_binary_33,TCGA-LL-A50Y,3,inner_val
hrd_binary_33,TCGA-E2-A1IE,3,inner_val
hrd_binary_33,TCGA-A2-A0CW,3,inner_val
hrd_binary_33,TCGA-BH-A18F,3,inner_val
hrd_binary_33,TCGA-AR-A0TP,3,inner_val
hrd_binary_33,TCGA-BH-A6R9,3,inner_val
hrd_binary_33,TCGA-A2-A4S1,3,inner_val
hrd_binary_33,TCGA-D8-A27T,3,inner_val
hrd_binary_33,TCGA-E2-A1IK,3,inner_val
hrd_binary_33,TCGA-E2-A15E,3,inner_val
hrd_binary_33,TCGA-A1-A0SF,3,inner_val
hrd_binary_33,TCGA-C8-A27A,3,inner_val
hrd_binary_33,TCGA-AC-A23E,3,inner_val
hrd_binary_33,TCGA-C8-A1HJ,3,inner_val
hrd_binary_33,TCGA-A8-A07Z,3,inner_val
hrd_binary_33,TCGA-AR-A5QN,3,inner_val
hrd_binary_33,TCGA-A2-A04Y,3,inner_val
hrd_binary_33,TCGA-AO-A0J7,3,inner_val
hrd_binary_33,TCGA-A8-A07W,3,inner_val
hrd_binary_33,TCGA-A2-A0SY,3,inner_val
hrd_binary_33,TCGA-AR-A24Z,3,inner_val
hrd_binary_33,TCGA-E2-A1LG,3,inner_val
hrd_binary_33,TCGA-E9-A5FL,3,inner_val
hrd_binary_33,TCGA-AQ-A1H3,3,inner_val
hrd_binary_33,TCGA-A7-A26I,3,inner_val
hrd_binary_33,TCGA-OL-A66L,3,inner_val
hrd_binary_33,TCGA-A8-A076,3,inner_val
hrd_binary_33,TCGA-A8-A07P,3,inner_val
hrd_binary_33,TCGA-E2-A150,3,inner_val
hrd_binary_33,TCGA-D8-A73X,3,inner_val
hrd_binary_33,TCGA-D8-A1JH,3,inner_val
hrd_binary_33,TCGA-EW-A1OY,3,inner_val
hrd_binary_33,TCGA-E9-A2JS,3,inner_val
hrd_binary_33,TCGA-A8-A075,3,inner_val
hrd_binary_33,TCGA-AO-A1KT,3,inner_val
hrd_binary_33,TCGA-A7-A0DB,3,inner_val
hrd_binary_33,TCGA-GM-A2DH,3,inner_val
hrd_binary_33,TCGA-S3-A6ZF,3,inner_val
hrd_binary_33,TCGA-E9-A229,3,inner_val
hrd_binary_33,TCGA-A8-A06R,3,inner_val
hrd_binary_33,TCGA-A7-A0CE,3,inner_val
hrd_binary_33,TCGA-OL-A66J,3,inner_val
hrd_binary_33,TCGA-B6-A0RH,3,inner_val
hrd_binary_33,TCGA-D8-A1JJ,3,inner_val
hrd_binary_33,TCGA-AO-A124,3,inner_val
hrd_binary_33,TCGA-BH-A1FL,3,inner_val
hrd_binary_33,TCGA-B6-A0X1,3,inner_val
hrd_binary_33,TCGA-E9-A1N8,3,inner_val
hrd_binary_33,TCGA-E9-A1NG,3,inner_val
hrd_binary_33,TCGA-A8-A09W,3,inner_val
hrd_binary_33,TCGA-C8-A12L,3,inner_val
hrd_binary_33,TCGA-E2-A1L8,3,inner_val
hrd_binary_33,TCGA-BH-A18M,3,inner_val
hrd_binary_33,TCGA-E2-A1AZ,3,inner_val
hrd_binary_33,TCGA-BH-A0HW,3,inner_val
hrd_binary_33,TCGA-BH-A1FG,3,inner_val
hrd_binary_33,TCGA-C8-A1HL,3,inner_val
hrd_binary_33,TCGA-D8-A27E,3,inner_val
hrd_binary_33,TCGA-AN-A04D,3,inner_val
hrd_binary_33,TCGA-UU-A93S,3,inner_val
hrd_binary_33,TCGA-A2-A0SW,3,inner_val
hrd_binary_33,TCGA-AO-A0JD,3,inner_val
hrd_binary_33,TCGA-A7-A6VX,3,inner_val
hrd_binary_33,TCGA-A8-A097,3,inner_val
hrd_binary_33,TCGA-OL-A6VQ,3,inner_val
hrd_binary_33,TCGA-AO-A1KP,3,inner_val
hrd_binary_33,TCGA-E9-A1ND,3,inner_val
hrd_binary_33,TCGA-C8-A12Y,3,inner_val
hrd_binary_33,TCGA-AR-A1AW,3,inner_val
hrd_binary_33,TCGA-BH-A0HA,3,inner_val
hrd_binary_33,TCGA-BH-A18P,3,inner_val
hrd_binary_33,TCGA-BH-A0E9,3,inner_val
hrd_binary_33,TCGA-BH-A0DL,3,inner_val
hrd_binary_33,TCGA-AR-A0TS,3,inner_val
hrd_binary_33,TCGA-C8-A8HQ,3,inner_val
hrd_binary_33,TCGA-BH-A204,3,inner_val
hrd_binary_33,TCGA-AC-A4ZE,3,inner_val
hrd_binary_33,TCGA-A8-A09X,3,inner_val
hrd_binary_33,TCGA-AR-A254,3,inner_val
hrd_binary_33,TCGA-A8-A08L,3,inner_val
hrd_binary_33,TCGA-BH-A0C1,3,inner_val
hrd_binary_33,TCGA-XX-A899,3,inner_val
hrd_binary_33,TCGA-B6-A1KN,3,inner_val
hrd_binary_33,TCGA-B6-A0IE,3,inner_val
hrd_binary_33,TCGA-AO-A0J6,3,inner_val
hrd_binary_33,TCGA-D8-A1X9,3,inner_val
hrd_binary_33,TCGA-E9-A295,3,inner_val
hrd_binary_33,TCGA-S3-A6ZG,3,inner_val
hrd_binary_33,TCGA-BH-A8G0,3,inner_val
hrd_binary_33,TCGA-EW-A6SD,3,inner_val
hrd_binary_33,TCGA-E2-A1IO,3,inner_val
hrd_binary_33,TCGA-A2-A0CT,3,inner_val
hrd_binary_33,TCGA-EW-A1PB,3,inner_val
hrd_binary_33,TCGA-D8-A1Y0,3,inner_val
hrd_binary_33,TCGA-D8-A27N,3,inner_val
hrd_binary_33,TCGA-D8-A140,3,inner_val
hrd_binary_33,TCGA-AN-A03Y,3,inner_val
hrd_binary_33,TCGA-A7-A0CH,3,inner_val
hrd_binary_33,TCGA-A2-A0YE,3,inner_val
hrd_binary_33,TCGA-AN-A0XP,3,inner_val
hrd_binary_33,TCGA-BH-A0HK,3,inner_val
hrd_binary_33,TCGA-OL-A5D8,3,inner_val
hrd_binary_33,TCGA-EW-A1IZ,3,inner_val
hrd_binary_33,TCGA-A2-A04U,3,inner_val
hrd_binary_33,TCGA-E2-A1B5,3,inner_val
hrd_binary_33,TCGA-AN-A04C,3,inner_val
hrd_binary_33,TCGA-E2-A1BD,3,inner_val
hrd_binary_33,TCGA-B6-A401,3,inner_val
hrd_binary_33,TCGA-AC-A2FB,3,inner_val
hrd_binary_33,TCGA-A8-A09D,3,inner_val
hrd_binary_33,TCGA-D8-A1XF,3,inner_val
hrd_binary_33,TCGA-BH-A18I,3,inner_val
hrd_binary_33,TCGA-C8-A138,3,inner_val
hrd_binary_33,TCGA-A2-A04N,3,inner_val
hrd_binary_33,TCGA-BH-A0B5,3,inner_val
hrd_binary_33,TCGA-A8-A093,3,inner_val
hrd_binary_33,TCGA-BH-A0H6,3,inner_val
hrd_binary_33,TCGA-D8-A13Y,3,inner_val
hrd_binary_33,TCGA-AC-A3OD,3,inner_val
hrd_binary_33,TCGA-5T-A9QA,3,inner_val
hrd_binary_33,TCGA-BH-A18N,3,inner_val
hrd_binary_33,TCGA-D8-A1J8,3,inner_val
hrd_binary_33,TCGA-A8-A0A2,3,inner_val
hrd_binary_33,TCGA-E9-A1RA,3,inner_val
hrd_binary_33,TCGA-AR-A256,3,inner_val
hrd_binary_33,TCGA-AR-A0TZ,3,inner_val
hrd_binary_33,TCGA-A8-A06P,3,inner_val
hrd_binary_33,TCGA-BH-A1FJ,3,inner_val
hrd_binary_33,TCGA-A8-A099,3,inner_val
hrd_binary_33,TCGA-BH-A0BM,3,inner_val
hrd_binary_33,TCGA-A2-A0CX,3,inner_val
hrd_binary_33,TCGA-BH-A1FU,3,inner_val
hrd_binary_33,TCGA-PL-A8LX,3,inner_val
hrd_binary_33,TCGA-A8-A091,3,inner_val
hrd_binary_33,TCGA-A2-A1G1,3,inner_val
hrd_binary_33,TCGA-EW-A6SC,3,inner_val
hrd_binary_33,TCGA-E2-A1IL,3,inner_val
hrd_binary_33,TCGA-D8-A1JM,3,inner_val
hrd_binary_33,TCGA-BH-A0DE,3,inner_val
hrd_binary_33,TCGA-EW-A1P0,3,inner_val
hrd_binary_33,TCGA-E2-A15M,3,inner_val
hrd_binary_33,TCGA-AN-A041,3,inner_val
hrd_binary_33,TCGA-3C-AALI,3,test
hrd_binary_33,TCGA-A1-A0SE,3,test
hrd_binary_33,TCGA-A1-A0SJ,3,test
hrd_binary_33,TCGA-A2-A0CS,3,test
hrd_binary_33,TCGA-A2-A0D4,3,test
hrd_binary_33,TCGA-A2-A0SU,3,test
hrd_binary_33,TCGA-A2-A0T0,3,test
hrd_binary_33,TCGA-A2-A0T5,3,test
hrd_binary_33,TCGA-A2-A0T6,3,test
hrd_binary_33,TCGA-A2-A4S3,3,test
hrd_binary_33,TCGA-A7-A0D9,3,test
hrd_binary_33,TCGA-A7-A4SE,3,test
hrd_binary_33,TCGA-A7-A5ZX,3,test
hrd_binary_33,TCGA-A8-A06U,3,test
hrd_binary_33,TCGA-A8-A06Z,3,test
hrd_binary_33,TCGA-A8-A07B,3,test
hrd_binary_33,TCGA-A8-A07J,3,test
hrd_binary_33,TCGA-A8-A07U,3,test
hrd_binary_33,TCGA-A8-A08B,3,test
hrd_binary_33,TCGA-A8-A08H,3,test
hrd_binary_33,TCGA-A8-A08O,3,test
hrd_binary_33,TCGA-A8-A08R,3,test
hrd_binary_33,TCGA-A8-A08Z,3,test
hrd_binary_33,TCGA-A8-A092,3,test
hrd_binary_33,TCGA-A8-A094,3,test
hrd_binary_33,TCGA-A8-A09N,3,test
hrd_binary_33,TCGA-A8-A09Z,3,test
hrd_binary_33,TCGA-A8-A0A7,3,test
hrd_binary_33,TCGA-AC-A3QQ,3,test
hrd_binary_33,TCGA-AC-A6IW,3,test
hrd_binary_33,TCGA-AC-A6NO,3,test
hrd_binary_33,TCGA-AC-A7VB,3,test
hrd_binary_33,TCGA-AC-A8OR,3,test
hrd_binary_33,TCGA-AN-A046,3,test
hrd_binary_33,TCGA-AN-A049,3,test
hrd_binary_33,TCGA-AN-A0AS,3,test
hrd_binary_33,TCGA-AN-A0AT,3,test
hrd_binary_33,TCGA-AN-A0FK,3,test
hrd_binary_33,TCGA-AN-A0FT,3,test
hrd_binary_33,TCGA-AN-A0XO,3,test
hrd_binary_33,TCGA-AN-A0XS,3,test
hrd_binary_33,TCGA-AO-A03R,3,test
hrd_binary_33,TCGA-AO-A03T,3,test
hrd_binary_33,TCGA-AO-A0JG,3,test
hrd_binary_33,TCGA-AO-A128,3,test
hrd_binary_33,TCGA-AR-A0TV,3,test
hrd_binary_33,TCGA-AR-A0TY,3,test
hrd_binary_33,TCGA-AR-A0U0,3,test
hrd_binary_33,TCGA-AR-A1AN,3,test
hrd_binary_33,TCGA-AR-A1AO,3,test
hrd_binary_33,TCGA-AR-A1AP,3,test
hrd_binary_33,TCGA-AR-A1AR,3,test
hrd_binary_33,TCGA-AR-A1AU,3,test
hrd_binary_33,TCGA-AR-A24N,3,test
hrd_binary_33,TCGA-AR-A24O,3,test
hrd_binary_33,TCGA-AR-A24P,3,test
hrd_binary_33,TCGA-AR-A24Q,3,test
hrd_binary_33,TCGA-AR-A24S,3,test
hrd_binary_33,TCGA-AR-A24U,3,test
hrd_binary_33,TCGA-AR-A24W,3,test
hrd_binary_33,TCGA-AR-A251,3,test
hrd_binary_33,TCGA-B6-A0I2,3,test
hrd_binary_33,TCGA-B6-A0I5,3,test
hrd_binary_33,TCGA-B6-A0RL,3,test
hrd_binary_33,TCGA-B6-A0RS,3,test
hrd_binary_33,TCGA-B6-A0RU,3,test
hrd_binary_33,TCGA-B6-A0WS,3,test
hrd_binary_33,TCGA-B6-A0WT,3,test
hrd_binary_33,TCGA-B6-A0WZ,3,test
hrd_binary_33,TCGA-B6-A0X0,3,test
hrd_binary_33,TCGA-B6-A0X4,3,test
hrd_binary_33,TCGA-B6-A1KF,3,test
hrd_binary_33,TCGA-B6-A2IU,3,test
hrd_binary_33,TCGA-BH-A0AU,3,test
hrd_binary_33,TCGA-BH-A0AZ,3,test
hrd_binary_33,TCGA-BH-A0B3,3,test
hrd_binary_33,TCGA-BH-A0BL,3,test
hrd_binary_33,TCGA-BH-A0BP,3,test
hrd_binary_33,TCGA-BH-A0BR,3,test
hrd_binary_33,TCGA-BH-A0C7,3,test
hrd_binary_33,TCGA-BH-A0DG,3,test
hrd_binary_33,TCGA-BH-A0DI,3,test
hrd_binary_33,TCGA-BH-A0DT,3,test
hrd_binary_33,TCGA-BH-A0DZ,3,test
hrd_binary_33,TCGA-BH-A0E2,3,test
hrd_binary_33,TCGA-BH-A0H7,3,test
hrd_binary_33,TCGA-BH-A0HU,3,test
hrd_binary_33,TCGA-BH-A0WA,3,test
hrd_binary_33,TCGA-BH-A18S,3,test
hrd_binary_33,TCGA-BH-A1F2,3,test
hrd_binary_33,TCGA-BH-A209,3,test
hrd_binary_33,TCGA-BH-A28Q,3,test
hrd_binary_33,TCGA-BH-A8FZ,3,test
hrd_binary_33,TCGA-BH-AB28,3,test
hrd_binary_33,TCGA-C8-A12O,3,test
hrd_binary_33,TCGA-C8-A1HK,3,test
hrd_binary_33,TCGA-C8-A26V,3,test
hrd_binary_33,TCGA-C8-A26X,3,test
hrd_binary_33,TCGA-C8-A26Y,3,test
hrd_binary_33,TCGA-C8-A27B,3,test
hrd_binary_33,TCGA-D8-A1X7,3,test
hrd_binary_33,TCGA-D8-A1XB,3,test
hrd_binary_33,TCGA-D8-A1XJ,3,test
hrd_binary_33,TCGA-D8-A1XZ,3,test
hrd_binary_33,TCGA-D8-A1Y3,3,test
hrd_binary_33,TCGA-D8-A27H,3,test
hrd_binary_33,TCGA-D8-A27L,3,test
hrd_binary_33,TCGA-D8-A27V,3,test
hrd_binary_33,TCGA-E2-A10A,3,test
hrd_binary_33,TCGA-E2-A14X,3,test
hrd_binary_33,TCGA-E2-A14Y,3,test
hrd_binary_33,TCGA-E2-A156,3,test
hrd_binary_33,TCGA-E2-A158,3,test
hrd_binary_33,TCGA-E2-A15C,3,test
hrd_binary_33,TCGA-E2-A15D,3,test
hrd_binary_33,TCGA-E2-A15I,3,test
hrd_binary_33,TCGA-E2-A15P,3,test
hrd_binary_33,TCGA-E2-A1B4,3,test
hrd_binary_33,TCGA-E2-A1BC,3,test
hrd_binary_33,TCGA-E2-A1IF,3,test
hrd_binary_33,TCGA-E2-A1IH,3,test
hrd_binary_33,TCGA-E2-A1IJ,3,test
hrd_binary_33,TCGA-E2-A1IU,3,test
hrd_binary_33,TCGA-E2-A1LK,3,test
hrd_binary_33,TCGA-E9-A1N3,3,test
hrd_binary_33,TCGA-E9-A1N5,3,test
hrd_binary_33,TCGA-E9-A1NA,3,test
hrd_binary_33,TCGA-E9-A1NC,3,test
hrd_binary_33,TCGA-E9-A1R0,3,test
hrd_binary_33,TCGA-E9-A1R3,3,test
hrd_binary_33,TCGA-E9-A1RD,3,test
hrd_binary_33,TCGA-E9-A1RH,3,test
hrd_binary_33,TCGA-E9-A227,3,test
hrd_binary_33,TCGA-E9-A228,3,test
hrd_binary_33,TCGA-E9-A22D,3,test
hrd_binary_33,TCGA-E9-A244,3,test
hrd_binary_33,TCGA-EW-A1P4,3,test
hrd_binary_33,TCGA-EW-A1PE,3,test
hrd_binary_33,TCGA-GM-A2DC,3,test
hrd_binary_33,TCGA-GM-A2DD,3,test
hrd_binary_33,TCGA-GM-A5PX,3,test
hrd_binary_33,TCGA-LD-A66U,3,test
hrd_binary_33,TCGA-LL-A5YM,3,test
hrd_binary_33,TCGA-LL-A5YN,3,test
hrd_binary_33,TCGA-LL-A7T0,3,test
hrd_binary_33,TCGA-OL-A5DA,3,test
hrd_binary_33,TCGA-OL-A5RW,3,test
hrd_binary_33,TCGA-OL-A66H,3,test
hrd_binary_33,TCGA-PL-A8LV,3,test
hrd_binary_33,TCGA-PL-A8LZ,3,test
hrd_binary_33,TCGA-S3-AA10,3,test
hrd_binary_33,TCGA-S3-AA11,3,test
hrd_binary_33,TCGA-S3-AA12,3,test
hrd_binary_33,TCGA-V7-A7HQ,3,test
hrd_binary_33,TCGA-3C-AALI,4,train
hrd_binary_33,TCGA-5L-AAT0,4,train
hrd_binary_33,TCGA-5T-A9QA,4,train
hrd_binary_33,TCGA-A1-A0SB,4,train
hrd_binary_33,TCGA-A1-A0SD,4,train
hrd_binary_33,TCGA-A1-A0SE,4,train
hrd_binary_33,TCGA-A1-A0SF,4,train
hrd_binary_33,TCGA-A1-A0SI,4,train
hrd_binary_33,TCGA-A1-A0SJ,4,train
hrd_binary_33,TCGA-A1-A0SK,4,train
hrd_binary_33,TCGA-A1-A0SO,4,train
hrd_binary_33,TCGA-A1-A0SQ,4,train
hrd_binary_33,TCGA-A2-A04N,4,train
hrd_binary_33,TCGA-A2-A04P,4,train
hrd_binary_33,TCGA-A2-A04U,4,train
hrd_binary_33,TCGA-A2-A04W,4,train
hrd_binary_33,TCGA-A2-A0CS,4,train
hrd_binary_33,TCGA-A2-A0CU,4,train
hrd_binary_33,TCGA-A2-A0CV,4,train
hrd_binary_33,TCGA-A2-A0CW,4,train
hrd_binary_33,TCGA-A2-A0CX,4,train
hrd_binary_33,TCGA-A2-A0D0,4,train
hrd_binary_33,TCGA-A2-A0D1,4,train
hrd_binary_33,TCGA-A2-A0D3,4,train
hrd_binary_33,TCGA-A2-A0D4,4,train
hrd_binary_33,TCGA-A2-A0EM,4,train
hrd_binary_33,TCGA-A2-A0ES,4,train
hrd_binary_33,TCGA-A2-A0EU,4,train
hrd_binary_33,TCGA-A2-A0EV,4,train
hrd_binary_33,TCGA-A2-A0EX,4,train
hrd_binary_33,TCGA-A2-A0EY,4,train
hrd_binary_33,TCGA-A2-A0SU,4,train
hrd_binary_33,TCGA-A2-A0SW,4,train
hrd_binary_33,TCGA-A2-A0SX,4,train
hrd_binary_33,TCGA-A2-A0T0,4,train
hrd_binary_33,TCGA-A2-A0T1,4,train
hrd_binary_33,TCGA-A2-A0T3,4,train
hrd_binary_33,TCGA-A2-A0T4,4,train
hrd_binary_33,TCGA-A2-A0T5,4,train
hrd_binary_33,TCGA-A2-A0T6,4,train
hrd_binary_33,TCGA-A2-A0T7,4,train
hrd_binary_33,TCGA-A2-A0YC,4,train
hrd_binary_33,TCGA-A2-A0YE,4,train
hrd_binary_33,TCGA-A2-A0YF,4,train
hrd_binary_33,TCGA-A2-A0YG,4,train
hrd_binary_33,TCGA-A2-A0YH,4,train
hrd_binary_33,TCGA-A2-A0YJ,4,train
hrd_binary_33,TCGA-A2-A0YK,4,train
hrd_binary_33,TCGA-A2-A0YL,4,train
hrd_binary_33,TCGA-A2-A0YM,4,train
hrd_binary_33,TCGA-A2-A0YT,4,train
hrd_binary_33,TCGA-A2-A1FV,4,train
hrd_binary_33,TCGA-A2-A1FX,4,train
hrd_binary_33,TCGA-A2-A1G0,4,train
hrd_binary_33,TCGA-A2-A1G4,4,train
hrd_binary_33,TCGA-A2-A259,4,train
hrd_binary_33,TCGA-A2-A25A,4,train
hrd_binary_33,TCGA-A2-A25C,4,train
hrd_binary_33,TCGA-A2-A25D,4,train
hrd_binary_33,TCGA-A2-A25E,4,train
hrd_binary_33,TCGA-A2-A3KD,4,train
hrd_binary_33,TCGA-A2-A3XU,4,train
hrd_binary_33,TCGA-A2-A3Y0,4,train
hrd_binary_33,TCGA-A2-A4S1,4,train
hrd_binary_33,TCGA-A2-A4S3,4,train
hrd_binary_33,TCGA-A7-A0CE,4,train
hrd_binary_33,TCGA-A7-A0CG,4,train
hrd_binary_33,TCGA-A7-A0CH,4,train
hrd_binary_33,TCGA-A7-A0CJ,4,train
hrd_binary_33,TCGA-A7-A0D9,4,train
hrd_binary_33,TCGA-A7-A13D,4,train
hrd_binary_33,TCGA-A7-A13E,4,train
hrd_binary_33,TCGA-A7-A26E,4,train
hrd_binary_33,TCGA-A7-A26I,4,train
hrd_binary_33,TCGA-A7-A26J,4,train
hrd_binary_33,TCGA-A7-A4SE,4,train
hrd_binary_33,TCGA-A7-A56D,4,train
hrd_binary_33,TCGA-A7-A5ZW,4,train
hrd_binary_33,TCGA-A7-A5ZX,4,train
hrd_binary_33,TCGA-A7-A6VW,4,train
hrd_binary_33,TCGA-A7-A6VX,4,train
hrd_binary_33,TCGA-A8-A06P,4,train
hrd_binary_33,TCGA-A8-A06R,4,train
hrd_binary_33,TCGA-A8-A06U,4,train
hrd_binary_33,TCGA-A8-A06X,4,train
hrd_binary_33,TCGA-A8-A06Y,4,train
hrd_binary_33,TCGA-A8-A06Z,4,train
hrd_binary_33,TCGA-A8-A075,4,train
hrd_binary_33,TCGA-A8-A07B,4,train
hrd_binary_33,TCGA-A8-A07I,4,train
hrd_binary_33,TCGA-A8-A07J,4,train
hrd_binary_33,TCGA-A8-A07L,4,train
hrd_binary_33,TCGA-A8-A07P,4,train
hrd_binary_33,TCGA-A8-A07U,4,train
hrd_binary_33,TCGA-A8-A07W,4,train
hrd_binary_33,TCGA-A8-A07Z,4,train
hrd_binary_33,TCGA-A8-A081,4,train
hrd_binary_33,TCGA-A8-A083,4,train
hrd_binary_33,TCGA-A8-A08B,4,train
hrd_binary_33,TCGA-A8-A08G,4,train
hrd_binary_33,TCGA-A8-A08H,4,train
hrd_binary_33,TCGA-A8-A08L,4,train
hrd_binary_33,TCGA-A8-A08O,4,train
hrd_binary_33,TCGA-A8-A08R,4,train
hrd_binary_33,TCGA-A8-A08Z,4,train
hrd_binary_33,TCGA-A8-A090,4,train
hrd_binary_33,TCGA-A8-A091,4,train
hrd_binary_33,TCGA-A8-A092,4,train
hrd_binary_33,TCGA-A8-A093,4,train
hrd_binary_33,TCGA-A8-A094,4,train
hrd_binary_33,TCGA-A8-A095,4,train
hrd_binary_33,TCGA-A8-A096,4,train
hrd_binary_33,TCGA-A8-A097,4,train
hrd_binary_33,TCGA-A8-A099,4,train
hrd_binary_33,TCGA-A8-A09B,4,train
hrd_binary_33,TCGA-A8-A09C,4,train
hrd_binary_33,TCGA-A8-A09D,4,train
hrd_binary_33,TCGA-A8-A09M,4,train
hrd_binary_33,TCGA-A8-A09N,4,train
hrd_binary_33,TCGA-A8-A09T,4,train
hrd_binary_33,TCGA-A8-A09V,4,train
hrd_binary_33,TCGA-A8-A09W,4,train
hrd_binary_33,TCGA-A8-A09X,4,train
hrd_binary_33,TCGA-A8-A09Z,4,train
hrd_binary_33,TCGA-A8-A0A2,4,train
hrd_binary_33,TCGA-A8-A0A4,4,train
hrd_binary_33,TCGA-A8-A0A6,4,train
hrd_binary_33,TCGA-A8-A0A7,4,train
hrd_binary_33,TCGA-A8-A0AB,4,train
hrd_binary_33,TCGA-A8-A0AD,4,train
hrd_binary_33,TCGA-AC-A23C,4,train
hrd_binary_33,TCGA-AC-A23H,4,train
hrd_binary_33,TCGA-AC-A2B8,4,train
hrd_binary_33,TCGA-AC-A2FB,4,train
hrd_binary_33,TCGA-AC-A2FO,4,train
hrd_binary_33,TCGA-AC-A2QH,4,train
hrd_binary_33,TCGA-AC-A3OD,4,train
hrd_binary_33,TCGA-AC-A3QQ,4,train
hrd_binary_33,TCGA-AC-A3YI,4,train
hrd_binary_33,TCGA-AC-A5EH,4,train
hrd_binary_33,TCGA-AC-A5XS,4,train
hrd_binary_33,TCGA-AC-A5XU,4,train
hrd_binary_33,TCGA-AC-A6IV,4,train
hrd_binary_33,TCGA-AC-A6IW,4,train
hrd_binary_33,TCGA-AC-A6IX,4,train
hrd_binary_33,TCGA-AC-A6NO,4,train
hrd_binary_33,TCGA-AC-A7VB,4,train
hrd_binary_33,TCGA-AC-A7VC,4,train
hrd_binary_33,TCGA-AC-A8OP,4,train
hrd_binary_33,TCGA-AC-A8OQ,4,train
hrd_binary_33,TCGA-AC-A8OR,4,train
hrd_binary_33,TCGA-AN-A03X,4,train
hrd_binary_33,TCGA-AN-A03Y,4,train
hrd_binary_33,TCGA-AN-A046,4,train
hrd_binary_33,TCGA-AN-A049,4,train
hrd_binary_33,TCGA-AN-A04D,4,train
hrd_binary_33,TCGA-AN-A0AM,4,train
hrd_binary_33,TCGA-AN-A0AR,4,train
hrd_binary_33,TCGA-AN-A0AS,4,train
hrd_binary_33,TCGA-AN-A0AT,4,train
hrd_binary_33,TCGA-AN-A0FJ,4,train
hrd_binary_33,TCGA-AN-A0FK,4,train
hrd_binary_33,TCGA-AN-A0FN,4,train
hrd_binary_33,TCGA-AN-A0FS,4,train
hrd_binary_33,TCGA-AN-A0FT,4,train
hrd_binary_33,TCGA-AN-A0FW,4,train
hrd_binary_33,TCGA-AN-A0FY,4,train
hrd_binary_33,TCGA-AN-A0FZ,4,train
hrd_binary_33,TCGA-AN-A0XN,4,train
hrd_binary_33,TCGA-AN-A0XO,4,train
hrd_binary_33,TCGA-AN-A0XR,4,train
hrd_binary_33,TCGA-AN-A0XS,4,train
hrd_binary_33,TCGA-AN-A0XT,4,train
hrd_binary_33,TCGA-AN-A0XU,4,train
hrd_binary_33,TCGA-AN-A0XV,4,train
hrd_binary_33,TCGA-AO-A03P,4,train
hrd_binary_33,TCGA-AO-A03R,4,train
hrd_binary_33,TCGA-AO-A03T,4,train
hrd_binary_33,TCGA-AO-A03V,4,train
hrd_binary_33,TCGA-AO-A0J2,4,train
hrd_binary_33,TCGA-AO-A0J3,4,train
hrd_binary_33,TCGA-AO-A0J4,4,train
hrd_binary_33,TCGA-AO-A0J6,4,train
hrd_binary_33,TCGA-AO-A0J7,4,train
hrd_binary_33,TCGA-AO-A0J8,4,train
hrd_binary_33,TCGA-AO-A0J9,4,train
hrd_binary_33,TCGA-AO-A0JA,4,train
hrd_binary_33,TCGA-AO-A0JB,4,train
hrd_binary_33,TCGA-AO-A0JD,4,train
hrd_binary_33,TCGA-AO-A0JE,4,train
hrd_binary_33,TCGA-AO-A0JF,4,train
hrd_binary_33,TCGA-AO-A0JG,4,train
hrd_binary_33,TCGA-AO-A0JJ,4,train
hrd_binary_33,TCGA-AO-A0JM,4,train
hrd_binary_33,TCGA-AO-A124,4,train
hrd_binary_33,TCGA-AO-A128,4,train
hrd_binary_33,TCGA-AO-A12A,4,train
hrd_binary_33,TCGA-AO-A12D,4,train
hrd_binary_33,TCGA-AO-A12H,4,train
hrd_binary_33,TCGA-AO-A1KR,4,train
hrd_binary_33,TCGA-AO-A1KT,4,train
hrd_binary_33,TCGA-AQ-A04H,4,train
hrd_binary_33,TCGA-AQ-A04J,4,train
hrd_binary_33,TCGA-AQ-A1H2,4,train
hrd_binary_33,TCGA-AQ-A1H3,4,train
hrd_binary_33,TCGA-AR-A0TP,4,train
hrd_binary_33,TCGA-AR-A0TS,4,train
hrd_binary_33,TCGA-AR-A0TT,4,train
hrd_binary_33,TCGA-AR-A0TV,4,train
hrd_binary_33,TCGA-AR-A0TW,4,train
hrd_binary_33,TCGA-AR-A0TX,4,train
hrd_binary_33,TCGA-AR-A0TY,4,train
hrd_binary_33,TCGA-AR-A0TZ,4,train
hrd_binary_33,TCGA-AR-A0U0,4,train
hrd_binary_33,TCGA-AR-A1AI,4,train
hrd_binary_33,TCGA-AR-A1AJ,4,train
hrd_binary_33,TCGA-AR-A1AK,4,train
hrd_binary_33,TCGA-AR-A1AN,4,train
hrd_binary_33,TCGA-AR-A1AO,4,train
hrd_binary_33,TCGA-AR-A1AP,4,train
hrd_binary_33,TCGA-AR-A1AQ,4,train
hrd_binary_33,TCGA-AR-A1AR,4,train
hrd_binary_33,TCGA-AR-A1AU,4,train
hrd_binary_33,TCGA-AR-A1AW,4,train
hrd_binary_33,TCGA-AR-A1AX,4,train
hrd_binary_33,TCGA-AR-A1AY,4,train
hrd_binary_33,TCGA-AR-A24L,4,train
hrd_binary_33,TCGA-AR-A24N,4,train
hrd_binary_33,TCGA-AR-A24O,4,train
hrd_binary_33,TCGA-AR-A24P,4,train
hrd_binary_33,TCGA-AR-A24Q,4,train
hrd_binary_33,TCGA-AR-A24R,4,train
hrd_binary_33,TCGA-AR-A24S,4,train
hrd_binary_33,TCGA-AR-A24U,4,train
hrd_binary_33,TCGA-AR-A24V,4,train
hrd_binary_33,TCGA-AR-A24W,4,train
hrd_binary_33,TCGA-AR-A24Z,4,train
hrd_binary_33,TCGA-AR-A250,4,train
hrd_binary_33,TCGA-AR-A251,4,train
hrd_binary_33,TCGA-AR-A252,4,train
hrd_binary_33,TCGA-AR-A254,4,train
hrd_binary_33,TCGA-AR-A256,4,train
hrd_binary_33,TCGA-AR-A2LK,4,train
hrd_binary_33,TCGA-AR-A2LN,4,train
hrd_binary_33,TCGA-AR-A2LQ,4,train
hrd_binary_33,TCGA-AR-A5QM,4,train
hrd_binary_33,TCGA-AR-A5QN,4,train
hrd_binary_33,TCGA-AR-A5QQ,4,train
hrd_binary_33,TCGA-B6-A0I2,4,train
hrd_binary_33,TCGA-B6-A0I5,4,train
hrd_binary_33,TCGA-B6-A0I9,4,train
hrd_binary_33,TCGA-B6-A0IH,4,train
hrd_binary_33,TCGA-B6-A0IJ,4,train
hrd_binary_33,TCGA-B6-A0RE,4,train
hrd_binary_33,TCGA-B6-A0RG,4,train
hrd_binary_33,TCGA-B6-A0RH,4,train
hrd_binary_33,TCGA-B6-A0RL,4,train
hrd_binary_33,TCGA-B6-A0RO,4,train
hrd_binary_33,TCGA-B6-A0RP,4,train
hrd_binary_33,TCGA-B6-A0RS,4,train
hrd_binary_33,TCGA-B6-A0RU,4,train
hrd_binary_33,TCGA-B6-A0RV,4,train
hrd_binary_33,TCGA-B6-A0WS,4,train
hrd_binary_33,TCGA-B6-A0WT,4,train
hrd_binary_33,TCGA-B6-A0WZ,4,train
hrd_binary_33,TCGA-B6-A0X0,4,train
hrd_binary_33,TCGA-B6-A0X1,4,train
hrd_binary_33,TCGA-B6-A0X4,4,train
hrd_binary_33,TCGA-B6-A0X5,4,train
hrd_binary_33,TCGA-B6-A1KC,4,train
hrd_binary_33,TCGA-B6-A1KF,4,train
hrd_binary_33,TCGA-B6-A1KN,4,train
hrd_binary_33,TCGA-B6-A2IU,4,train
hrd_binary_33,TCGA-B6-A401,4,train
hrd_binary_33,TCGA-B6-A409,4,train
hrd_binary_33,TCGA-B6-A40C,4,train
hrd_binary_33,TCGA-BH-A0AU,4,train
hrd_binary_33,TCGA-BH-A0AW,4,train
hrd_binary_33,TCGA-BH-A0AZ,4,train
hrd_binary_33,TCGA-BH-A0B3,4,train
hrd_binary_33,TCGA-BH-A0B5,4,train
hrd_binary_33,TCGA-BH-A0B7,4,train
hrd_binary_33,TCGA-BH-A0B9,4,train
hrd_binary_33,TCGA-BH-A0BA,4,train
hrd_binary_33,TCGA-BH-A0BC,4,train
hrd_binary_33,TCGA-BH-A0BF,4,train
hrd_binary_33,TCGA-BH-A0BJ,4,train
hrd_binary_33,TCGA-BH-A0BL,4,train
hrd_binary_33,TCGA-BH-A0BM,4,train
hrd_binary_33,TCGA-BH-A0BO,4,train
hrd_binary_33,TCGA-BH-A0BP,4,train
hrd_binary_33,TCGA-BH-A0BR,4,train
hrd_binary_33,TCGA-BH-A0BT,4,train
hrd_binary_33,TCGA-BH-A0BZ,4,train
hrd_binary_33,TCGA-BH-A0C1,4,train
hrd_binary_33,TCGA-BH-A0C3,4,train
hrd_binary_33,TCGA-BH-A0C7,4,train
hrd_binary_33,TCGA-BH-A0DE,4,train
hrd_binary_33,TCGA-BH-A0DG,4,train
hrd_binary_33,TCGA-BH-A0DH,4,train
hrd_binary_33,TCGA-BH-A0DI,4,train
hrd_binary_33,TCGA-BH-A0DK,4,train
hrd_binary_33,TCGA-BH-A0DL,4,train
hrd_binary_33,TCGA-BH-A0DO,4,train
hrd_binary_33,TCGA-BH-A0DQ,4,train
hrd_binary_33,TCGA-BH-A0DT,4,train
hrd_binary_33,TCGA-BH-A0DV,4,train
hrd_binary_33,TCGA-BH-A0DZ,4,train
hrd_binary_33,TCGA-BH-A0E0,4,train
hrd_binary_33,TCGA-BH-A0E1,4,train
hrd_binary_33,TCGA-BH-A0E2,4,train
hrd_binary_33,TCGA-BH-A0E9,4,train
hrd_binary_33,TCGA-BH-A0EA,4,train
hrd_binary_33,TCGA-BH-A0EB,4,train
hrd_binary_33,TCGA-BH-A0EE,4,train
hrd_binary_33,TCGA-BH-A0H0,4,train
hrd_binary_33,TCGA-BH-A0H6,4,train
hrd_binary_33,TCGA-BH-A0H7,4,train
hrd_binary_33,TCGA-BH-A0HB,4,train
hrd_binary_33,TCGA-BH-A0HI,4,train
hrd_binary_33,TCGA-BH-A0HK,4,train
hrd_binary_33,TCGA-BH-A0HO,4,train
hrd_binary_33,TCGA-BH-A0HP,4,train
hrd_binary_33,TCGA-BH-A0HQ,4,train
hrd_binary_33,TCGA-BH-A0HU,4,train
hrd_binary_33,TCGA-BH-A0HW,4,train
hrd_binary_33,TCGA-BH-A0HX,4,train
hrd_binary_33,TCGA-BH-A0HY,4,train
hrd_binary_33,TCGA-BH-A0W4,4,train
hrd_binary_33,TCGA-BH-A0WA,4,train
hrd_binary_33,TCGA-BH-A18H,4,train
hrd_binary_33,TCGA-BH-A18I,4,train
hrd_binary_33,TCGA-BH-A18K,4,train
hrd_binary_33,TCGA-BH-A18L,4,train
hrd_binary_33,TCGA-BH-A18N,4,train
hrd_binary_33,TCGA-BH-A18P,4,train
hrd_binary_33,TCGA-BH-A18Q,4,train
hrd_binary_33,TCGA-BH-A18R,4,train
hrd_binary_33,TCGA-BH-A18S,4,train
hrd_binary_33,TCGA-BH-A18T,4,train
hrd_binary_33,TCGA-BH-A18U,4,train
hrd_binary_33,TCGA-BH-A1EO,4,train
hrd_binary_33,TCGA-BH-A1ET,4,train
hrd_binary_33,TCGA-BH-A1EV,4,train
hrd_binary_33,TCGA-BH-A1EW,4,train
hrd_binary_33,TCGA-BH-A1EX,4,train
hrd_binary_33,TCGA-BH-A1EY,4,train
hrd_binary_33,TCGA-BH-A1F0,4,train
hrd_binary_33,TCGA-BH-A1F2,4,train
hrd_binary_33,TCGA-BH-A1FC,4,train
hrd_binary_33,TCGA-BH-A1FE,4,train
hrd_binary_33,TCGA-BH-A1FG,4,train
hrd_binary_33,TCGA-BH-A1FJ,4,train
hrd_binary_33,TCGA-BH-A1FL,4,train
hrd_binary_33,TCGA-BH-A1FM,4,train
hrd_binary_33,TCGA-BH-A1FN,4,train
hrd_binary_33,TCGA-BH-A1FU,4,train
hrd_binary_33,TCGA-BH-A201,4,train
hrd_binary_33,TCGA-BH-A202,4,train
hrd_binary_33,TCGA-BH-A203,4,train
hrd_binary_33,TCGA-BH-A204,4,train
hrd_binary_33,TCGA-BH-A209,4,train
hrd_binary_33,TCGA-BH-A28Q,4,train
hrd_binary_33,TCGA-BH-A2L8,4,train
hrd_binary_33,TCGA-BH-A42V,4,train
hrd_binary_33,TCGA-BH-A6R9,4,train
hrd_binary_33,TCGA-BH-A8FZ,4,train
hrd_binary_33,TCGA-BH-A8G0,4,train
hrd_binary_33,TCGA-BH-AB28,4,train
hrd_binary_33,TCGA-C8-A12L,4,train
hrd_binary_33,TCGA-C8-A12O,4,train
hrd_binary_33,TCGA-C8-A12P,4,train
hrd_binary_33,TCGA-C8-A12U,4,train
hrd_binary_33,TCGA-C8-A12W,4,train
hrd_binary_33,TCGA-C8-A12Y,4,train
hrd_binary_33,TCGA-C8-A12Z,4,train
hrd_binary_33,TCGA-C8-A130,4,train
hrd_binary_33,TCGA-C8-A131,4,train
hrd_binary_33,TCGA-C8-A132,4,train
hrd_binary_33,TCGA-C8-A133,4,train
hrd_binary_33,TCGA-C8-A1HF,4,train
hrd_binary_33,TCGA-C8-A1HJ,4,train
hrd_binary_33,TCGA-C8-A1HK,4,train
hrd_binary_33,TCGA-C8-A1HM,4,train
hrd_binary_33,TCGA-C8-A26V,4,train
hrd_binary_33,TCGA-C8-A26W,4,train
hrd_binary_33,TCGA-C8-A26X,4,train
hrd_binary_33,TCGA-C8-A26Y,4,train
hrd_binary_33,TCGA-C8-A26Z,4,train
hrd_binary_33,TCGA-C8-A273,4,train
hrd_binary_33,TCGA-C8-A275,4,train
hrd_binary_33,TCGA-C8-A278,4,train
hrd_binary_33,TCGA-C8-A27B,4,train
hrd_binary_33,TCGA-C8-A8HP,4,train
hrd_binary_33,TCGA-C8-A8HR,4,train
hrd_binary_33,TCGA-D8-A13Y,4,train
hrd_binary_33,TCGA-D8-A13Z,4,train
hrd_binary_33,TCGA-D8-A140,4,train
hrd_binary_33,TCGA-D8-A141,4,train
hrd_binary_33,TCGA-D8-A145,4,train
hrd_binary_33,TCGA-D8-A147,4,train
hrd_binary_33,TCGA-D8-A1J8,4,train
hrd_binary_33,TCGA-D8-A1J9,4,train
hrd_binary_33,TCGA-D8-A1JA,4,train
hrd_binary_33,TCGA-D8-A1JB,4,train
hrd_binary_33,TCGA-D8-A1JC,4,train
hrd_binary_33,TCGA-D8-A1JD,4,train
hrd_binary_33,TCGA-D8-A1JF,4,train
hrd_binary_33,TCGA-D8-A1JG,4,train
hrd_binary_33,TCGA-D8-A1JH,4,train
hrd_binary_33,TCGA-D8-A1JI,4,train
hrd_binary_33,TCGA-D8-A1JJ,4,train
hrd_binary_33,TCGA-D8-A1JK,4,train
hrd_binary_33,TCGA-D8-A1JM,4,train
hrd_binary_33,TCGA-D8-A1JN,4,train
hrd_binary_33,TCGA-D8-A1JP,4,train
hrd_binary_33,TCGA-D8-A1JS,4,train
hrd_binary_33,TCGA-D8-A1JT,4,train
hrd_binary_33,TCGA-D8-A1JU,4,train
hrd_binary_33,TCGA-D8-A1X7,4,train
hrd_binary_33,TCGA-D8-A1X8,4,train
hrd_binary_33,TCGA-D8-A1X9,4,train
hrd_binary_33,TCGA-D8-A1XA,4,train
hrd_binary_33,TCGA-D8-A1XB,4,train
hrd_binary_33,TCGA-D8-A1XF,4,train
hrd_binary_33,TCGA-D8-A1XG,4,train
hrd_binary_33,TCGA-D8-A1XJ,4,train
hrd_binary_33,TCGA-D8-A1XK,4,train
hrd_binary_33,TCGA-D8-A1XL,4,train
hrd_binary_33,TCGA-D8-A1XM,4,train
hrd_binary_33,TCGA-D8-A1XO,4,train
hrd_binary_33,TCGA-D8-A1XQ,4,train
hrd_binary_33,TCGA-D8-A1XV,4,train
hrd_binary_33,TCGA-D8-A1XW,4,train
hrd_binary_33,TCGA-D8-A1XY,4,train
hrd_binary_33,TCGA-D8-A1XZ,4,train
hrd_binary_33,TCGA-D8-A1Y0,4,train
hrd_binary_33,TCGA-D8-A1Y3,4,train
hrd_binary_33,TCGA-D8-A27E,4,train
hrd_binary_33,TCGA-D8-A27F,4,train
hrd_binary_33,TCGA-D8-A27H,4,train
hrd_binary_33,TCGA-D8-A27L,4,train
hrd_binary_33,TCGA-D8-A27M,4,train
hrd_binary_33,TCGA-D8-A27R,4,train
hrd_binary_33,TCGA-D8-A27T,4,train
hrd_binary_33,TCGA-D8-A27V,4,train
hrd_binary_33,TCGA-D8-A27W,4,train
hrd_binary_33,TCGA-D8-A73U,4,train
hrd_binary_33,TCGA-D8-A73W,4,train
hrd_binary_33,TCGA-D8-A73X,4,train
hrd_binary_33,TCGA-E2-A10A,4,train
hrd_binary_33,TCGA-E2-A10C,4,train
hrd_binary_33,TCGA-E2-A14O,4,train
hrd_binary_33,TCGA-E2-A14R,4,train
hrd_binary_33,TCGA-E2-A14T,4,train
hrd_binary_33,TCGA-E2-A14X,4,train
hrd_binary_33,TCGA-E2-A14Y,4,train
hrd_binary_33,TCGA-E2-A150,4,train
hrd_binary_33,TCGA-E2-A152,4,train
hrd_binary_33,TCGA-E2-A155,4,train
hrd_binary_33,TCGA-E2-A156,4,train
hrd_binary_33,TCGA-E2-A158,4,train
hrd_binary_33,TCGA-E2-A159,4,train
hrd_binary_33,TCGA-E2-A15A,4,train
hrd_binary_33,TCGA-E2-A15C,4,train
hrd_binary_33,TCGA-E2-A15D,4,train
hrd_binary_33,TCGA-E2-A15E,4,train
hrd_binary_33,TCGA-E2-A15G,4,train
hrd_binary_33,TCGA-E2-A15H,4,train
hrd_binary_33,TCGA-E2-A15I,4,train
hrd_binary_33,TCGA-E2-A15J,4,train
hrd_binary_33,TCGA-E2-A15K,4,train
hrd_binary_33,TCGA-E2-A15M,4,train
hrd_binary_33,TCGA-E2-A15O,4,train
hrd_binary_33,TCGA-E2-A15P,4,train
hrd_binary_33,TCGA-E2-A15T,4,train
hrd_binary_33,TCGA-E2-A1AZ,4,train
hrd_binary_33,TCGA-E2-A1B0,4,train
hrd_binary_33,TCGA-E2-A1B4,4,train
hrd_binary_33,TCGA-E2-A1B5,4,train
hrd_binary_33,TCGA-E2-A1BC,4,train
hrd_binary_33,TCGA-E2-A1IE,4,train
hrd_binary_33,TCGA-E2-A1IF,4,train
hrd_binary_33,TCGA-E2-A1IH,4,train
hrd_binary_33,TCGA-E2-A1IJ,4,train
hrd_binary_33,TCGA-E2-A1IK,4,train
hrd_binary_33,TCGA-E2-A1IL,4,train
hrd_binary_33,TCGA-E2-A1IU,4,train
hrd_binary_33,TCGA-E2-A1L6,4,train
hrd_binary_33,TCGA-E2-A1L8,4,train
hrd_binary_33,TCGA-E2-A1L9,4,train
hrd_binary_33,TCGA-E2-A1LG,4,train
hrd_binary_33,TCGA-E2-A1LH,4,train
hrd_binary_33,TCGA-E2-A1LK,4,train
hrd_binary_33,TCGA-E2-A1LL,4,train
hrd_binary_33,TCGA-E2-A56Z,4,train
hrd_binary_33,TCGA-E2-A570,4,train
hrd_binary_33,TCGA-E2-A576,4,train
hrd_binary_33,TCGA-E2-A9RU,4,train
hrd_binary_33,TCGA-E9-A1N3,4,train
hrd_binary_33,TCGA-E9-A1N5,4,train
hrd_binary_33,TCGA-E9-A1N8,4,train
hrd_binary_33,TCGA-E9-A1NA,4,train
hrd_binary_33,TCGA-E9-A1NC,4,train
hrd_binary_33,TCGA-E9-A1NE,4,train
hrd_binary_33,TCGA-E9-A1NG,4,train
hrd_binary_33,TCGA-E9-A1NH,4,train
hrd_binary_33,TCGA-E9-A1NI,4,train
hrd_binary_33,TCGA-E9-A1R0,4,train
hrd_binary_33,TCGA-E9-A1R3,4,train
hrd_binary_33,TCGA-E9-A1R6,4,train
hrd_binary_33,TCGA-E9-A1RA,4,train
hrd_binary_33,TCGA-E9-A1RB,4,train
hrd_binary_33,TCGA-E9-A1RD,4,train
hrd_binary_33,TCGA-E9-A1RE,4,train
hrd_binary_33,TCGA-E9-A1RF,4,train
hrd_binary_33,TCGA-E9-A1RG,4,train
hrd_binary_33,TCGA-E9-A1RH,4,train
hrd_binary_33,TCGA-E9-A227,4,train
hrd_binary_33,TCGA-E9-A228,4,train
hrd_binary_33,TCGA-E9-A22A,4,train
hrd_binary_33,TCGA-E9-A22B,4,train
hrd_binary_33,TCGA-E9-A22D,4,train
hrd_binary_33,TCGA-E9-A22H,4,train
hrd_binary_33,TCGA-E9-A243,4,train
hrd_binary_33,TCGA-E9-A244,4,train
hrd_binary_33,TCGA-E9-A245,4,train
hrd_binary_33,TCGA-E9-A248,4,train
hrd_binary_33,TCGA-E9-A24A,4,train
hrd_binary_33,TCGA-E9-A295,4,train
hrd_binary_33,TCGA-E9-A2JS,4,train
hrd_binary_33,TCGA-E9-A2JT,4,train
hrd_binary_33,TCGA-E9-A3X8,4,train
hrd_binary_33,TCGA-E9-A5FL,4,train
hrd_binary_33,TCGA-E9-A5UO,4,train
hrd_binary_33,TCGA-E9-A6HE,4,train
hrd_binary_33,TCGA-EW-A1IW,4,train
hrd_binary_33,TCGA-EW-A1IY,4,train
hrd_binary_33,TCGA-EW-A1J1,4,train
hrd_binary_33,TCGA-EW-A1J3,4,train
hrd_binary_33,TCGA-EW-A1OV,4,train
hrd_binary_33,TCGA-EW-A1OX,4,train
hrd_binary_33,TCGA-EW-A1OZ,4,train
hrd_binary_33,TCGA-EW-A1P3,4,train
hrd_binary_33,TCGA-EW-A1P4,4,train
hrd_binary_33,TCGA-EW-A1P5,4,train
hrd_binary_33,TCGA-EW-A1P6,4,train
hrd_binary_33,TCGA-EW-A1P7,4,train
hrd_binary_33,TCGA-EW-A1P8,4,train
hrd_binary_33,TCGA-EW-A1PA,4,train
hrd_binary_33,TCGA-EW-A1PB,4,train
hrd_binary_33,TCGA-EW-A1PE,4,train
hrd_binary_33,TCGA-EW-A1PH,4,train
hrd_binary_33,TCGA-EW-A2FS,4,train
hrd_binary_33,TCGA-EW-A2FV,4,train
hrd_binary_33,TCGA-EW-A6SC,4,train
hrd_binary_33,TCGA-GM-A2DB,4,train
hrd_binary_33,TCGA-GM-A2DC,4,train
hrd_binary_33,TCGA-GM-A2DD,4,train
hrd_binary_33,TCGA-GM-A2DH,4,train
hrd_binary_33,TCGA-GM-A2DK,4,train
hrd_binary_33,TCGA-GM-A2DL,4,train
hrd_binary_33,TCGA-GM-A2DM,4,train
hrd_binary_33,TCGA-GM-A5PX,4,train
hrd_binary_33,TCGA-HN-A2NL,4,train
hrd_binary_33,TCGA-HN-A2OB,4,train
hrd_binary_33,TCGA-LD-A66U,4,train
hrd_binary_33,TCGA-LD-A74U,4,train
hrd_binary_33,TCGA-LD-A7W5,4,train
hrd_binary_33,TCGA-LD-A7W6,4,train
hrd_binary_33,TCGA-LL-A50Y,4,train
hrd_binary_33,TCGA-LL-A5YM,4,train
hrd_binary_33,TCGA-LL-A5YN,4,train
hrd_binary_33,TCGA-LL-A73Z,4,train
hrd_binary_33,TCGA-LL-A7T0,4,train
hrd_binary_33,TCGA-LL-A8F5,4,train
hrd_binary_33,TCGA-LL-A9Q3,4,train
hrd_binary_33,TCGA-OK-A5Q2,4,train
hrd_binary_33,TCGA-OL-A5D7,4,train
hrd_binary_33,TCGA-OL-A5D8,4,train
hrd_binary_33,TCGA-OL-A5DA,4,train
hrd_binary_33,TCGA-OL-A5RW,4,train
hrd_binary_33,TCGA-OL-A5RX,4,train
hrd_binary_33,TCGA-OL-A5RY,4,train
hrd_binary_33,TCGA-OL-A5RZ,4,train
hrd_binary_33,TCGA-OL-A5S0,4,train
hrd_binary_33,TCGA-OL-A66H,4,train
hrd_binary_33,TCGA-OL-A66I,4,train
hrd_binary_33,TCGA-OL-A66J,4,train
hrd_binary_33,TCGA-OL-A66K,4,train
hrd_binary_33,TCGA-OL-A66L,4,train
hrd_binary_33,TCGA-OL-A66N,4,train
hrd_binary_33,TCGA-OL-A66O,4,train
hrd_binary_33,TCGA-OL-A66P,4,train
hrd_binary_33,TCGA-OL-A6VO,4,train
hrd_binary_33,TCGA-OL-A6VR,4,train
hrd_binary_33,TCGA-OL-A97C,4,train
hrd_binary_33,TCGA-PE-A5DD,4,train
hrd_binary_33,TCGA-PE-A5DE,4,train
hrd_binary_33,TCGA-PL-A8LV,4,train
hrd_binary_33,TCGA-PL-A8LX,4,train
hrd_binary_33,TCGA-PL-A8LY,4,train
hrd_binary_33,TCGA-PL-A8LZ,4,train
hrd_binary_33,TCGA-S3-A6ZF,4,train
hrd_binary_33,TCGA-S3-A6ZG,4,train
hrd_binary_33,TCGA-S3-A6ZH,4,train
hrd_binary_33,TCGA-S3-AA0Z,4,train
hrd_binary_33,TCGA-S3-AA10,4,train
hrd_binary_33,TCGA-S3-AA11,4,train
hrd_binary_33,TCGA-S3-AA12,4,train
hrd_binary_33,TCGA-S3-AA14,4,train
hrd_binary_33,TCGA-V7-A7HQ,4,train
hrd_binary_33,TCGA-W8-A86G,4,train
hrd_binary_33,TCGA-WT-AB41,4,train
hrd_binary_33,TCGA-WT-AB44,4,train
hrd_binary_33,TCGA-XX-A899,4,train
hrd_binary_33,TCGA-XX-A89A,4,train
hrd_binary_33,TCGA-Z7-A8R6,4,train
hrd_binary_33,TCGA-E2-A1IH,4,inner_train
hrd_binary_33,TCGA-BH-A1ET,4,inner_train
hrd_binary_33,TCGA-AO-A128,4,inner_train
hrd_binary_33,TCGA-D8-A1XY,4,inner_train
hrd_binary_33,TCGA-A2-A04W,4,inner_train
hrd_binary_33,TCGA-AR-A24P,4,inner_train
hrd_binary_33,TCGA-E9-A1RF,4,inner_train
hrd_binary_33,TCGA-A2-A0YK,4,inner_train
hrd_binary_33,TCGA-BH-A18I,4,inner_train
hrd_binary_33,TCGA-AC-A6NO,4,inner_train
hrd_binary_33,TCGA-BH-A0E2,4,inner_train
hrd_binary_33,TCGA-BH-A1EY,4,inner_train
hrd_binary_33,TCGA-D8-A1XO,4,inner_train
hrd_binary_33,TCGA-D8-A140,4,inner_train
hrd_binary_33,TCGA-EW-A1P4,4,inner_train
hrd_binary_33,TCGA-AO-A124,4,inner_train
hrd_binary_33,TCGA-E9-A6HE,4,inner_train
hrd_binary_33,TCGA-BH-A1FC,4,inner_train
hrd_binary_33,TCGA-A2-A0EX,4,inner_train
hrd_binary_33,TCGA-B6-A0X5,4,inner_train
hrd_binary_33,TCGA-AR-A24N,4,inner_train
hrd_binary_33,TCGA-E2-A1LK,4,inner_train
hrd_binary_33,TCGA-D8-A73U,4,inner_train
hrd_binary_33,TCGA-S3-AA14,4,inner_train
hrd_binary_33,TCGA-BH-A0HY,4,inner_train
hrd_binary_33,TCGA-A2-A0YF,4,inner_train
hrd_binary_33,TCGA-A2-A04P,4,inner_train
hrd_binary_33,TCGA-EW-A1IW,4,inner_train
hrd_binary_33,TCGA-B6-A1KC,4,inner_train
hrd_binary_33,TCGA-D8-A1JF,4,inner_train
hrd_binary_33,TCGA-AN-A0XR,4,inner_train
hrd_binary_33,TCGA-GM-A2DC,4,inner_train
hrd_binary_33,TCGA-A7-A13D,4,inner_train
hrd_binary_33,TCGA-D8-A1JP,4,inner_train
hrd_binary_33,TCGA-E2-A156,4,inner_train
hrd_binary_33,TCGA-E2-A15D,4,inner_train
hrd_binary_33,TCGA-D8-A1JU,4,inner_train
hrd_binary_33,TCGA-PL-A8LV,4,inner_train
hrd_binary_33,TCGA-AN-A0FZ,4,inner_train
hrd_binary_33,TCGA-D8-A1XZ,4,inner_train
hrd_binary_33,TCGA-BH-A0DT,4,inner_train
hrd_binary_33,TCGA-AR-A24Z,4,inner_train
hrd_binary_33,TCGA-D8-A1XL,4,inner_train
hrd_binary_33,TCGA-A8-A09Z,4,inner_train
hrd_binary_33,TCGA-EW-A1IY,4,inner_train
hrd_binary_33,TCGA-AC-A3OD,4,inner_train
hrd_binary_33,TCGA-E2-A14Y,4,inner_train
hrd_binary_33,TCGA-AN-A0FK,4,inner_train
hrd_binary_33,TCGA-A7-A26E,4,inner_train
hrd_binary_33,TCGA-A2-A0EY,4,inner_train
hrd_binary_33,TCGA-B6-A0RP,4,inner_train
hrd_binary_33,TCGA-BH-A0C7,4,inner_train
hrd_binary_33,TCGA-GM-A5PX,4,inner_train
hrd_binary_33,TCGA-D8-A1JS,4,inner_train
hrd_binary_33,TCGA-OL-A5D7,4,inner_train
hrd_binary_33,TCGA-A8-A08G,4,inner_train
hrd_binary_33,TCGA-E9-A2JT,4,inner_train
hrd_binary_33,TCGA-AN-A0FW,4,inner_train
hrd_binary_33,TCGA-E9-A24A,4,inner_train
hrd_binary_33,TCGA-BH-A0HI,4,inner_train
hrd_binary_33,TCGA-D8-A1JB,4,inner_train
hrd_binary_33,TCGA-WT-AB41,4,inner_train
hrd_binary_33,TCGA-S3-A6ZH,4,inner_train
hrd_binary_33,TCGA-A8-A08R,4,inner_train
hrd_binary_33,TCGA-LL-A9Q3,4,inner_train
hrd_binary_33,TCGA-A8-A08Z,4,inner_train
hrd_binary_33,TCGA-5T-A9QA,4,inner_train
hrd_binary_33,TCGA-AR-A0TZ,4,inner_train
hrd_binary_33,TCGA-D8-A1XQ,4,inner_train
hrd_binary_33,TCGA-BH-A0BF,4,inner_train
hrd_binary_33,TCGA-AR-A1AN,4,inner_train
hrd_binary_33,TCGA-B6-A0RS,4,inner_train
hrd_binary_33,TCGA-AR-A2LN,4,inner_train
hrd_binary_33,TCGA-BH-A18U,4,inner_train
hrd_binary_33,TCGA-AO-A12A,4,inner_train
hrd_binary_33,TCGA-E9-A1N5,4,inner_train
hrd_binary_33,TCGA-LL-A5YN,4,inner_train
hrd_binary_33,TCGA-AO-A03P,4,inner_train
hrd_binary_33,TCGA-E2-A1IK,4,inner_train
hrd_binary_33,TCGA-AN-A0AT,4,inner_train
hrd_binary_33,TCGA-V7-A7HQ,4,inner_train
hrd_binary_33,TCGA-B6-A0RU,4,inner_train
hrd_binary_33,TCGA-E2-A15H,4,inner_train
hrd_binary_33,TCGA-AR-A1AR,4,inner_train
hrd_binary_33,TCGA-BH-A0HW,4,inner_train
hrd_binary_33,TCGA-D8-A13Y,4,inner_train
hrd_binary_33,TCGA-A8-A09B,4,inner_train
hrd_binary_33,TCGA-BH-A0BR,4,inner_train
hrd_binary_33,TCGA-E9-A1RB,4,inner_train
hrd_binary_33,TCGA-E2-A56Z,4,inner_train
hrd_binary_33,TCGA-BH-A18Q,4,inner_train
hrd_binary_33,TCGA-A8-A07W,4,inner_train
hrd_binary_33,TCGA-D8-A1XW,4,inner_train
hrd_binary_33,TCGA-AR-A1AQ,4,inner_train
hrd_binary_33,TCGA-A8-A06R,4,inner_train
hrd_binary_33,TCGA-A2-A0YJ,4,inner_train
hrd_binary_33,TCGA-AN-A0FS,4,inner_train
hrd_binary_33,TCGA-LL-A50Y,4,inner_train
hrd_binary_33,TCGA-BH-A1EW,4,inner_train
hrd_binary_33,TCGA-D8-A1X8,4,inner_train
hrd_binary_33,TCGA-PE-A5DD,4,inner_train
hrd_binary_33,TCGA-5L-AAT0,4,inner_train
hrd_binary_33,TCGA-AC-A7VB,4,inner_train
hrd_binary_33,TCGA-A2-A0T4,4,inner_train
hrd_binary_33,TCGA-AN-A0AR,4,inner_train
hrd_binary_33,TCGA-BH-A0AU,4,inner_train
hrd_binary_33,TCGA-LD-A66U,4,inner_train
hrd_binary_33,TCGA-E2-A1L8,4,inner_train
hrd_binary_33,TCGA-BH-A0EA,4,inner_train
hrd_binary_33,TCGA-AR-A0TV,4,inner_train
hrd_binary_33,TCGA-E2-A1LH,4,inner_train
hrd_binary_33,TCGA-C8-A12L,4,inner_train
hrd_binary_33,TCGA-BH-A209,4,inner_train
hrd_binary_33,TCGA-AQ-A04J,4,inner_train
hrd_binary_33,TCGA-A8-A09W,4,inner_train
hrd_binary_33,TCGA-EW-A2FV,4,inner_train
hrd_binary_33,TCGA-AR-A0U0,4,inner_train
hrd_binary_33,TCGA-D8-A13Z,4,inner_train
hrd_binary_33,TCGA-BH-A0BA,4,inner_train
hrd_binary_33,TCGA-E2-A1IF,4,inner_train
hrd_binary_33,TCGA-C8-A26X,4,inner_train
hrd_binary_33,TCGA-OL-A66P,4,inner_train
hrd_binary_33,TCGA-AO-A0JE,4,inner_train
hrd_binary_33,TCGA-A8-A093,4,inner_train
hrd_binary_33,TCGA-D8-A27E,4,inner_train
hrd_binary_33,TCGA-BH-A0C1,4,inner_train
hrd_binary_33,TCGA-A2-A0YC,4,inner_train
hrd_binary_33,TCGA-AO-A1KT,4,inner_train
hrd_binary_33,TCGA-A7-A0CJ,4,inner_train
hrd_binary_33,TCGA-AO-A0J3,4,inner_train
hrd_binary_33,TCGA-A2-A0CV,4,inner_train
hrd_binary_33,TCGA-C8-A278,4,inner_train
hrd_binary_33,TCGA-AR-A1AU,4,inner_train
hrd_binary_33,TCGA-BH-A0BP,4,inner_train
hrd_binary_33,TCGA-A2-A25C,4,inner_train
hrd_binary_33,TCGA-A2-A4S1,4,inner_train
hrd_binary_33,TCGA-C8-A12U,4,inner_train
hrd_binary_33,TCGA-D8-A73X,4,inner_train
hrd_binary_33,TCGA-AC-A6IX,4,inner_train
hrd_binary_33,TCGA-BH-A1EX,4,inner_train
hrd_binary_33,TCGA-BH-A0DK,4,inner_train
hrd_binary_33,TCGA-A8-A07L,4,inner_train
hrd_binary_33,TCGA-E9-A1NE,4,inner_train
hrd_binary_33,TCGA-A8-A094,4,inner_train
hrd_binary_33,TCGA-C8-A1HK,4,inner_train
hrd_binary_33,TCGA-BH-A0HQ,4,inner_train
hrd_binary_33,TCGA-EW-A1OV,4,inner_train
hrd_binary_33,TCGA-AR-A24R,4,inner_train
hrd_binary_33,TCGA-BH-A0C3,4,inner_train
hrd_binary_33,TCGA-LD-A7W5,4,inner_train
hrd_binary_33,TCGA-BH-A0HP,4,inner_train
hrd_binary_33,TCGA-BH-A0DG,4,inner_train
hrd_binary_33,TCGA-BH-A0DV,4,inner_train
hrd_binary_33,TCGA-E9-A1R0,4,inner_train
hrd_binary_33,TCGA-BH-A0B5,4,inner_train
hrd_binary_33,TCGA-A7-A4SE,4,inner_train
hrd_binary_33,TCGA-D8-A1JM,4,inner_train
hrd_binary_33,TCGA-A8-A092,4,inner_train
hrd_binary_33,TCGA-B6-A2IU,4,inner_train
hrd_binary_33,TCGA-D8-A1JD,4,inner_train
hrd_binary_33,TCGA-A8-A06Y,4,inner_train
hrd_binary_33,TCGA-E9-A22A,4,inner_train
hrd_binary_33,TCGA-BH-A0BO,4,inner_train
hrd_binary_33,TCGA-E2-A570,4,inner_train
hrd_binary_33,TCGA-E2-A15M,4,inner_train
hrd_binary_33,TCGA-AR-A0TS,4,inner_train
hrd_binary_33,TCGA-AQ-A1H2,4,inner_train
hrd_binary_33,TCGA-BH-A0DI,4,inner_train
hrd_binary_33,TCGA-OL-A6VO,4,inner_train
hrd_binary_33,TCGA-EW-A1PB,4,inner_train
hrd_binary_33,TCGA-EW-A1J3,4,inner_train
hrd_binary_33,TCGA-AO-A03T,4,inner_train
hrd_binary_33,TCGA-AO-A0JF,4,inner_train
hrd_binary_33,TCGA-AO-A0JA,4,inner_train
hrd_binary_33,TCGA-E9-A1NH,4,inner_train
hrd_binary_33,TCGA-BH-A0DH,4,inner_train
hrd_binary_33,TCGA-AR-A1AP,4,inner_train
hrd_binary_33,TCGA-D8-A1XK,4,inner_train
hrd_binary_33,TCGA-E9-A1R6,4,inner_train
hrd_binary_33,TCGA-A8-A096,4,inner_train
hrd_binary_33,TCGA-E9-A5UO,4,inner_train
hrd_binary_33,TCGA-B6-A0RV,4,inner_train
hrd_binary_33,TCGA-B6-A0WS,4,inner_train
hrd_binary_33,TCGA-AR-A0TP,4,inner_train
hrd_binary_33,TCGA-E2-A15I,4,inner_train
hrd_binary_33,TCGA-AQ-A04H,4,inner_train
hrd_binary_33,TCGA-A8-A095,4,inner_train
hrd_binary_33,TCGA-EW-A1P5,4,inner_train
hrd_binary_33,TCGA-E2-A15J,4,inner_train
hrd_binary_33,TCGA-OK-A5Q2,4,inner_train
hrd_binary_33,TCGA-A8-A08H,4,inner_train
hrd_binary_33,TCGA-BH-A1FE,4,inner_train
hrd_binary_33,TCGA-E2-A9RU,4,inner_train
hrd_binary_33,TCGA-B6-A0RE,4,inner_train
hrd_binary_33,TCGA-AO-A03R,4,inner_train
hrd_binary_33,TCGA-AR-A250,4,inner_train
hrd_binary_33,TCGA-AR-A1AJ,4,inner_train
hrd_binary_33,TCGA-AC-A2QH,4,inner_train
hrd_binary_33,TCGA-BH-A0DQ,4,inner_train
hrd_binary_33,TCGA-A8-A0AD,4,inner_train
hrd_binary_33,TCGA-B6-A0IH,4,inner_train
hrd_binary_33,TCGA-A2-A0YE,4,inner_train
hrd_binary_33,TCGA-A7-A13E,4,inner_train
hrd_binary_33,TCGA-OL-A5RY,4,inner_train
hrd_binary_33,TCGA-AC-A8OQ,4,inner_train
hrd_binary_33,TCGA-A7-A0CH,4,inner_train
hrd_binary_33,TCGA-LL-A5YM,4,inner_train
hrd_binary_33,TCGA-D8-A1J8,4,inner_train
hrd_binary_33,TCGA-BH-A0H7,4,inner_train
hrd_binary_33,TCGA-A8-A0A2,4,inner_train
hrd_binary_33,TCGA-E2-A15G,4,inner_train
hrd_binary_33,TCGA-A2-A0YH,4,inner_train
hrd_binary_33,TCGA-EW-A1OZ,4,inner_train
hrd_binary_33,TCGA-E2-A15O,4,inner_train
hrd_binary_33,TCGA-B6-A0IJ,4,inner_train
hrd_binary_33,TCGA-BH-A18L,4,inner_train
hrd_binary_33,TCGA-BH-A0E1,4,inner_train
hrd_binary_33,TCGA-C8-A131,4,inner_train
hrd_binary_33,TCGA-AO-A0JB,4,inner_train
hrd_binary_33,TCGA-E9-A244,4,inner_train
hrd_binary_33,TCGA-C8-A12Y,4,inner_train
hrd_binary_33,TCGA-BH-A0HB,4,inner_train
hrd_binary_33,TCGA-BH-A18R,4,inner_train
hrd_binary_33,TCGA-GM-A2DB,4,inner_train
hrd_binary_33,TCGA-C8-A8HR,4,inner_train
hrd_binary_33,TCGA-A7-A0CG,4,inner_train
hrd_binary_33,TCGA-A8-A097,4,inner_train
hrd_binary_33,TCGA-A2-A1G0,4,inner_train
hrd_binary_33,TCGA-OL-A6VR,4,inner_train
hrd_binary_33,TCGA-E2-A14R,4,inner_train
hrd_binary_33,TCGA-B6-A0I9,4,inner_train
hrd_binary_33,TCGA-D8-A1XA,4,inner_train
hrd_binary_33,TCGA-E2-A15E,4,inner_train
hrd_binary_33,TCGA-AC-A2FB,4,inner_train
hrd_binary_33,TCGA-HN-A2NL,4,inner_train
hrd_binary_33,TCGA-AR-A0TX,4,inner_train
hrd_binary_33,TCGA-AR-A24V,4,inner_train
hrd_binary_33,TCGA-BH-A202,4,inner_train
hrd_binary_33,TCGA-A2-A259,4,inner_train
hrd_binary_33,TCGA-AR-A24W,4,inner_train
hrd_binary_33,TCGA-A2-A0T7,4,inner_train
hrd_binary_33,TCGA-OL-A5RW,4,inner_train
hrd_binary_33,TCGA-EW-A6SC,4,inner_train
hrd_binary_33,TCGA-BH-A203,4,inner_train
hrd_binary_33,TCGA-BH-A0HU,4,inner_train
hrd_binary_33,TCGA-BH-A1FN,4,inner_train
hrd_binary_33,TCGA-D8-A73W,4,inner_train
hrd_binary_33,TCGA-A7-A6VX,4,inner_train
hrd_binary_33,TCGA-A8-A07Z,4,inner_train
hrd_binary_33,TCGA-BH-A0WA,4,inner_train
hrd_binary_33,TCGA-D8-A27V,4,inner_train
hrd_binary_33,TCGA-S3-A6ZF,4,inner_train
hrd_binary_33,TCGA-A2-A0T0,4,inner_train
hrd_binary_33,TCGA-D8-A27F,4,inner_train
hrd_binary_33,TCGA-E9-A1RH,4,inner_train
hrd_binary_33,TCGA-E2-A15K,4,inner_train
hrd_binary_33,TCGA-E2-A1B0,4,inner_train
hrd_binary_33,TCGA-E2-A10C,4,inner_train
hrd_binary_33,TCGA-B6-A401,4,inner_train
hrd_binary_33,TCGA-A8-A07B,4,inner_train
hrd_binary_33,TCGA-EW-A1PH,4,inner_train
hrd_binary_33,TCGA-A8-A0AB,4,inner_train
hrd_binary_33,TCGA-E9-A22B,4,inner_train
hrd_binary_33,TCGA-BH-A0BZ,4,inner_train
hrd_binary_33,TCGA-AC-A6IW,4,inner_train
hrd_binary_33,TCGA-E9-A3X8,4,inner_train
hrd_binary_33,TCGA-AR-A251,4,inner_train
hrd_binary_33,TCGA-BH-A2L8,4,inner_train
hrd_binary_33,TCGA-A1-A0SJ,4,inner_train
hrd_binary_33,TCGA-C8-A275,4,inner_train
hrd_binary_33,TCGA-PL-A8LZ,4,inner_train
hrd_binary_33,TCGA-BH-A204,4,inner_train
hrd_binary_33,TCGA-A7-A56D,4,inner_train
hrd_binary_33,TCGA-D8-A1XF,4,inner_train
hrd_binary_33,TCGA-D8-A1JG,4,inner_train
hrd_binary_33,TCGA-AN-A0AM,4,inner_train
hrd_binary_33,TCGA-BH-A0DZ,4,inner_train
hrd_binary_33,TCGA-B6-A40C,4,inner_train
hrd_binary_33,TCGA-AC-A5XU,4,inner_train
hrd_binary_33,TCGA-AO-A0J2,4,inner_train
hrd_binary_33,TCGA-B6-A0I5,4,inner_train
hrd_binary_33,TCGA-AN-A0FT,4,inner_train
hrd_binary_33,TCGA-AN-A04D,4,inner_train
hrd_binary_33,TCGA-BH-A0DL,4,inner_train
hrd_binary_33,TCGA-E9-A1NA,4,inner_train
hrd_binary_33,TCGA-BH-A18P,4,inner_train
hrd_binary_33,TCGA-OL-A66H,4,inner_train
hrd_binary_33,TCGA-A8-A08L,4,inner_train
hrd_binary_33,TCGA-C8-A12Z,4,inner_train
hrd_binary_33,TCGA-A1-A0SK,4,inner_train
hrd_binary_33,TCGA-AO-A0J9,4,inner_train
hrd_binary_33,TCGA-LL-A8F5,4,inner_train
hrd_binary_33,TCGA-D8-A1X9,4,inner_train
hrd_binary_33,TCGA-BH-A0W4,4,inner_train
hrd_binary_33,TCGA-A1-A0SB,4,inner_train
hrd_binary_33,TCGA-BH-A0DE,4,inner_train
hrd_binary_33,TCGA-B6-A0RH,4,inner_train
hrd_binary_33,TCGA-AN-A0XV,4,inner_train
hrd_binary_33,TCGA-D8-A1Y3,4,inner_train
hrd_binary_33,TCGA-A2-A3KD,4,inner_train
hrd_binary_33,TCGA-D8-A27W,4,inner_train
hrd_binary_33,TCGA-LL-A73Z,4,inner_train
hrd_binary_33,TCGA-A8-A09X,4,inner_train
hrd_binary_33,TCGA-E2-A1L6,4,inner_train
hrd_binary_33,TCGA-E2-A15T,4,inner_train
hrd_binary_33,TCGA-E2-A14O,4,inner_train
hrd_binary_33,TCGA-A7-A5ZX,4,inner_train
hrd_binary_33,TCGA-E9-A228,4,inner_train
hrd_binary_33,TCGA-E2-A155,4,inner_train
hrd_binary_33,TCGA-A2-A0CX,4,inner_train
hrd_binary_33,TCGA-BH-A1FU,4,inner_train
hrd_binary_33,TCGA-C8-A8HP,4,inner_train
hrd_binary_33,TCGA-S3-AA12,4,inner_train
hrd_binary_33,TCGA-A2-A0T6,4,inner_train
hrd_binary_33,TCGA-A2-A0YM,4,inner_train
hrd_binary_33,TCGA-AR-A0TT,4,inner_train
hrd_binary_33,TCGA-C8-A1HF,4,inner_train
hrd_binary_33,TCGA-A8-A099,4,inner_train
hrd_binary_33,TCGA-OL-A66O,4,inner_train
hrd_binary_33,TCGA-AC-A8OP,4,inner_train
hrd_binary_33,TCGA-3C-AALI,4,inner_train
hrd_binary_33,TCGA-E9-A245,4,inner_train
hrd_binary_33,TCGA-XX-A89A,4,inner_train
hrd_binary_33,TCGA-A2-A25A,4,inner_train
hrd_binary_33,TCGA-E2-A1B5,4,inner_train
hrd_binary_33,TCGA-AN-A0XO,4,inner_train
hrd_binary_33,TCGA-E9-A22H,4,inner_train
hrd_binary_33,TCGA-B6-A0WT,4,inner_train
hrd_binary_33,TCGA-S3-AA11,4,inner_train
hrd_binary_33,TCGA-E9-A1RA,4,inner_train
hrd_binary_33,TCGA-D8-A1JC,4,inner_train
hrd_binary_33,TCGA-AR-A1AK,4,inner_train
hrd_binary_33,TCGA-A8-A090,4,inner_train
hrd_binary_33,TCGA-E9-A2JS,4,inner_train
hrd_binary_33,TCGA-D8-A1JH,4,inner_train
hrd_binary_33,TCGA-E2-A1IE,4,inner_train
hrd_binary_33,TCGA-A8-A09N,4,inner_train
hrd_binary_33,TCGA-AC-A23C,4,inner_train
hrd_binary_33,TCGA-A8-A0A4,4,inner_train
hrd_binary_33,TCGA-BH-A6R9,4,inner_train
hrd_binary_33,TCGA-BH-A1EV,4,inner_train
hrd_binary_33,TCGA-E2-A14X,4,inner_train
hrd_binary_33,TCGA-C8-A273,4,inner_train
hrd_binary_33,TCGA-AR-A24L,4,inner_train
hrd_binary_33,TCGA-A2-A4S3,4,inner_train
hrd_binary_33,TCGA-AR-A2LK,4,inner_train
hrd_binary_33,TCGA-E9-A1N8,4,inner_train
hrd_binary_33,TCGA-HN-A2OB,4,inner_train
hrd_binary_33,TCGA-C8-A26Z,4,inner_train
hrd_binary_33,TCGA-C8-A130,4,inner_train
hrd_binary_33,TCGA-A1-A0SO,4,inner_train
hrd_binary_33,TCGA-BH-A0BM,4,inner_train
hrd_binary_33,TCGA-A8-A06X,4,inner_train
hrd_binary_33,TCGA-AC-A6IV,4,inner_train
hrd_binary_33,TCGA-A2-A0EM,4,inner_train
hrd_binary_33,TCGA-BH-A8G0,4,inner_train
hrd_binary_33,TCGA-OL-A5D8,4,inner_train
hrd_binary_33,TCGA-BH-A201,4,inner_train
hrd_binary_33,TCGA-BH-A0B7,4,inner_train
hrd_binary_33,TCGA-E9-A1NI,4,inner_train
hrd_binary_33,TCGA-AC-A3QQ,4,inner_train
hrd_binary_33,TCGA-AN-A0XU,4,inner_train
hrd_binary_33,TCGA-A2-A0SU,4,inner_train
hrd_binary_33,TCGA-LD-A7W6,4,inner_train
hrd_binary_33,TCGA-A2-A04N,4,inner_train
hrd_binary_33,TCGA-E2-A1LG,4,inner_train
hrd_binary_33,TCGA-AR-A24O,4,inner_train
hrd_binary_33,TCGA-AN-A0XN,4,inner_train
hrd_binary_33,TCGA-A8-A06P,4,inner_train
hrd_binary_33,TCGA-BH-A0B9,4,inner_train
hrd_binary_33,TCGA-AR-A1AW,4,inner_train
hrd_binary_33,TCGA-A8-A08O,4,inner_train
hrd_binary_33,TCGA-A7-A5ZW,4,inner_train
hrd_binary_33,TCGA-E9-A22D,4,inner_train
hrd_binary_33,TCGA-BH-A0E9,4,inner_train
hrd_binary_33,TCGA-AC-A3YI,4,inner_train
hrd_binary_33,TCGA-A7-A6VW,4,inner_train
hrd_binary_33,TCGA-A2-A0D1,4,inner_train
hrd_binary_33,TCGA-C8-A1HJ,4,inner_train
hrd_binary_33,TCGA-BH-A0E0,4,inner_train
hrd_binary_33,TCGA-AO-A0J4,4,inner_train
hrd_binary_33,TCGA-D8-A1XJ,4,inner_train
hrd_binary_33,TCGA-BH-A18S,4,inner_train
hrd_binary_33,TCGA-A8-A075,4,inner_train
hrd_binary_33,TCGA-EW-A1J1,4,inner_train
hrd_binary_33,TCGA-A2-A0T5,4,inner_train
hrd_binary_33,TCGA-BH-A0EB,4,inner_train
hrd_binary_33,TCGA-BH-A0DO,4,inner_train
hrd_binary_33,TCGA-BH-A0AW,4,inner_train
hrd_binary_33,TCGA-E9-A243,4,inner_train
hrd_binary_33,TCGA-XX-A899,4,inner_train
hrd_binary_33,TCGA-BH-A0H6,4,inner_train
hrd_binary_33,TCGA-B6-A0RG,4,inner_train
hrd_binary_33,TCGA-A2-A0EV,4,inner_train
hrd_binary_33,TCGA-C8-A26Y,4,inner_train
hrd_binary_33,TCGA-A8-A09T,4,inner_train
hrd_binary_33,TCGA-D8-A27H,4,inner_train
hrd_binary_33,TCGA-A8-A09V,4,inner_train
hrd_binary_33,TCGA-OL-A5DA,4,inner_train
hrd_binary_33,TCGA-E2-A1IU,4,inner_train
hrd_binary_33,TCGA-W8-A86G,4,inner_train
hrd_binary_33,TCGA-PL-A8LY,4,inner_train
hrd_binary_33,TCGA-A2-A0T3,4,inner_train
hrd_binary_33,TCGA-D8-A1XM,4,inner_train
hrd_binary_33,TCGA-AR-A1AX,4,inner_train
hrd_binary_33,TCGA-AR-A5QN,4,inner_train
hrd_binary_33,TCGA-AR-A24S,4,inner_train
hrd_binary_33,TCGA-D8-A1JI,4,inner_train
hrd_binary_33,TCGA-OL-A66I,4,inner_train
hrd_binary_33,TCGA-OL-A66J,4,inner_train
hrd_binary_33,TCGA-E2-A15A,4,inner_train
hrd_binary_33,TCGA-A2-A04U,4,inner_train
hrd_binary_33,TCGA-AO-A0J6,4,inner_train
hrd_binary_33,TCGA-D8-A141,4,inner_train
hrd_binary_33,TCGA-AR-A252,4,inner_train
hrd_binary_33,TCGA-BH-A0BC,4,inner_train
hrd_binary_33,TCGA-B6-A0X0,4,inner_train
hrd_binary_33,TCGA-EW-A1P7,4,inner_train
hrd_binary_33,TCGA-BH-A0HO,4,inner_train
hrd_binary_33,TCGA-E2-A1L9,4,inner_train
hrd_binary_33,TCGA-D8-A147,4,inner_train
hrd_binary_33,TCGA-AR-A256,4,inner_train
hrd_binary_33,TCGA-BH-A18K,4,inner_train
hrd_binary_33,TCGA-B6-A409,4,inner_train
hrd_binary_33,TCGA-A2-A1FV,4,inner_train
hrd_binary_33,TCGA-A2-A0YG,4,inner_train
hrd_binary_33,TCGA-D8-A27T,4,inner_train
hrd_binary_33,TCGA-GM-A2DK,4,inner_train
hrd_binary_33,TCGA-E2-A576,4,inner_train
hrd_binary_33,TCGA-A2-A0T1,4,inner_train
hrd_binary_33,TCGA-D8-A1XG,4,inner_train
hrd_binary_33,TCGA-E2-A1IL,4,inner_train
hrd_binary_33,TCGA-E9-A5FL,4,inner_train
hrd_binary_33,TCGA-A2-A1G4,4,inner_train
hrd_binary_33,TCGA-C8-A26V,4,inner_train
hrd_binary_33,TCGA-BH-A0B3,4,inner_train
hrd_binary_33,TCGA-BH-A0BT,4,inner_train
hrd_binary_33,TCGA-AQ-A1H3,4,inner_train
hrd_binary_33,TCGA-D8-A1JK,4,inner_train
hrd_binary_33,TCGA-AO-A0JJ,4,inner_train
hrd_binary_33,TCGA-A2-A0SX,4,inner_train
hrd_binary_33,TCGA-A1-A0SD,4,inner_train
hrd_binary_33,TCGA-PE-A5DE,4,inner_train
hrd_binary_33,TCGA-E9-A1RG,4,inner_train
hrd_binary_33,TCGA-OL-A97C,4,inner_train
hrd_binary_33,TCGA-A8-A083,4,inner_train
hrd_binary_33,TCGA-A8-A06U,4,inner_train
hrd_binary_33,TCGA-D8-A27R,4,inner_train
hrd_binary_33,TCGA-D8-A27M,4,inner_train
hrd_binary_33,TCGA-E9-A1R3,4,inner_train
hrd_binary_33,TCGA-C8-A133,4,inner_train
hrd_binary_33,TCGA-C8-A27B,4,inner_train
hrd_binary_33,TCGA-C8-A26W,4,inner_train
hrd_binary_33,TCGA-EW-A2FS,4,inner_train
hrd_binary_33,TCGA-A2-A0ES,4,inner_train
hrd_binary_33,TCGA-S3-AA10,4,inner_train
hrd_binary_33,TCGA-A1-A0SF,4,inner_train
hrd_binary_33,TCGA-AR-A5QQ,4,inner_train
hrd_binary_33,TCGA-D8-A1Y0,4,inner_train
hrd_binary_33,TCGA-AN-A0FJ,4,inner_train
hrd_binary_33,TCGA-A2-A0YT,4,inner_train
hrd_binary_33,TCGA-E2-A152,4,inner_train
hrd_binary_33,TCGA-E2-A158,4,inner_train
hrd_binary_33,TCGA-AN-A049,4,inner_val
hrd_binary_33,TCGA-D8-A27L,4,inner_val
hrd_binary_33,TCGA-AN-A03Y,4,inner_val
hrd_binary_33,TCGA-A2-A0D0,4,inner_val
hrd_binary_33,TCGA-E2-A14T,4,inner_val
hrd_binary_33,TCGA-E2-A1B4,4,inner_val
hrd_binary_33,TCGA-BH-A0H0,4,inner_val
hrd_binary_33,TCGA-D8-A1JN,4,inner_val
hrd_binary_33,TCGA-B6-A1KF,4,inner_val
hrd_binary_33,TCGA-OL-A5RX,4,inner_val
hrd_binary_33,TCGA-AC-A5XS,4,inner_val
hrd_binary_33,TCGA-AO-A1KR,4,inner_val
hrd_binary_33,TCGA-OL-A5RZ,4,inner_val
hrd_binary_33,TCGA-A1-A0SQ,4,inner_val
hrd_binary_33,TCGA-GM-A2DH,4,inner_val
hrd_binary_33,TCGA-EW-A1OX,4,inner_val
hrd_binary_33,TCGA-BH-A0AZ,4,inner_val
hrd_binary_33,TCGA-AN-A0XT,4,inner_val
hrd_binary_33,TCGA-BH-A0HX,4,inner_val
hrd_binary_33,TCGA-PL-A8LX,4,inner_val
hrd_binary_33,TCGA-AO-A0JM,4,inner_val
hrd_binary_33,TCGA-A8-A07P,4,inner_val
hrd_binary_33,TCGA-A8-A07U,4,inner_val
hrd_binary_33,TCGA-A2-A0D4,4,inner_val
hrd_binary_33,TCGA-E2-A1IJ,4,inner_val
hrd_binary_33,TCGA-C8-A12W,4,inner_val
hrd_binary_33,TCGA-E9-A1RE,4,inner_val
hrd_binary_33,TCGA-EW-A1P6,4,inner_val
hrd_binary_33,TCGA-A8-A09D,4,inner_val
hrd_binary_33,TCGA-AO-A03V,4,inner_val
hrd_binary_33,TCGA-A2-A0CU,4,inner_val
hrd_binary_33,TCGA-GM-A2DL,4,inner_val
hrd_binary_33,TCGA-AR-A1AI,4,inner_val
hrd_binary_33,TCGA-C8-A12P,4,inner_val
hrd_binary_33,TCGA-AN-A0FY,4,inner_val
hrd_binary_33,TCGA-AO-A0J7,4,inner_val
hrd_binary_33,TCGA-AC-A8OR,4,inner_val
hrd_binary_33,TCGA-A2-A3Y0,4,inner_val
hrd_binary_33,TCGA-A2-A1FX,4,inner_val
hrd_binary_33,TCGA-OL-A66K,4,inner_val
hrd_binary_33,TCGA-A1-A0SE,4,inner_val
hrd_binary_33,TCGA-D8-A1JJ,4,inner_val
hrd_binary_33,TCGA-BH-A1FL,4,inner_val
hrd_binary_33,TCGA-BH-A1F2,4,inner_val
hrd_binary_33,TCGA-BH-AB28,4,inner_val
hrd_binary_33,TCGA-AR-A0TY,4,inner_val
hrd_binary_33,TCGA-AN-A03X,4,inner_val
hrd_binary_33,TCGA-A2-A0CS,4,inner_val
hrd_binary_33,TCGA-WT-AB44,4,inner_val
hrd_binary_33,TCGA-A2-A0CW,4,inner_val
hrd_binary_33,TCGA-E2-A1AZ,4,inner_val
hrd_binary_33,TCGA-A2-A0D3,4,inner_val
hrd_binary_33,TCGA-D8-A1JT,4,inner_val
hrd_binary_33,TCGA-AR-A24U,4,inner_val
hrd_binary_33,TCGA-LL-A7T0,4,inner_val
hrd_binary_33,TCGA-D8-A145,4,inner_val
hrd_binary_33,TCGA-A2-A0EU,4,inner_val
hrd_binary_33,TCGA-A7-A0CE,4,inner_val
hrd_binary_33,TCGA-GM-A2DM,4,inner_val
hrd_binary_33,TCGA-E2-A159,4,inner_val
hrd_binary_33,TCGA-AR-A254,4,inner_val
hrd_binary_33,TCGA-A8-A081,4,inner_val
hrd_binary_33,TCGA-AR-A24Q,4,inner_val
hrd_binary_33,TCGA-A7-A26J,4,inner_val
hrd_binary_33,TCGA-BH-A18T,4,inner_val
hrd_binary_33,TCGA-BH-A1FM,4,inner_val
hrd_binary_33,TCGA-A8-A09M,4,inner_val
hrd_binary_33,TCGA-A8-A07J,4,inner_val
hrd_binary_33,TCGA-B6-A1KN,4,inner_val
hrd_binary_33,TCGA-LD-A74U,4,inner_val
hrd_binary_33,TCGA-D8-A1J9,4,inner_val
hrd_binary_33,TCGA-EW-A1P8,4,inner_val
hrd_binary_33,TCGA-BH-A0EE,4,inner_val
hrd_binary_33,TCGA-AO-A0J8,4,inner_val
hrd_binary_33,TCGA-D8-A1XB,4,inner_val
hrd_binary_33,TCGA-AC-A23H,4,inner_val
hrd_binary_33,TCGA-A8-A091,4,inner_val
hrd_binary_33,TCGA-C8-A1HM,4,inner_val
hrd_binary_33,TCGA-B6-A0I2,4,inner_val
hrd_binary_33,TCGA-AO-A12D,4,inner_val
hrd_binary_33,TCGA-E9-A1NC,4,inner_val
hrd_binary_33,TCGA-A8-A09C,4,inner_val
hrd_binary_33,TCGA-E9-A295,4,inner_val
hrd_binary_33,TCGA-AO-A12H,4,inner_val
hrd_binary_33,TCGA-A7-A0D9,4,inner_val
hrd_binary_33,TCGA-D8-A1X7,4,inner_val
hrd_binary_33,TCGA-C8-A12O,4,inner_val
hrd_binary_33,TCGA-D8-A1JA,4,inner_val
hrd_binary_33,TCGA-GM-A2DD,4,inner_val
hrd_binary_33,TCGA-E9-A1NG,4,inner_val
hrd_binary_33,TCGA-A8-A08B,4,inner_val
hrd_binary_33,TCGA-AR-A1AY,4,inner_val
hrd_binary_33,TCGA-B6-A0RO,4,inner_val
hrd_binary_33,TCGA-AC-A5EH,4,inner_val
hrd_binary_33,TCGA-E2-A1LL,4,inner_val
hrd_binary_33,TCGA-AC-A7VC,4,inner_val
hrd_binary_33,TCGA-A8-A0A7,4,inner_val
hrd_binary_33,TCGA-AC-A2FO,4,inner_val
hrd_binary_33,TCGA-OL-A5S0,4,inner_val
hrd_binary_33,TCGA-AN-A0AS,4,inner_val
hrd_binary_33,TCGA-EW-A1PA,4,inner_val
hrd_binary_33,TCGA-BH-A1F0,4,inner_val
hrd_binary_33,TCGA-E9-A227,4,inner_val
hrd_binary_33,TCGA-AO-A0JD,4,inner_val
hrd_binary_33,TCGA-BH-A1FJ,4,inner_val
hrd_binary_33,TCGA-OL-A66N,4,inner_val
hrd_binary_33,TCGA-C8-A132,4,inner_val
hrd_binary_33,TCGA-A2-A0SW,4,inner_val
hrd_binary_33,TCGA-AR-A2LQ,4,inner_val
hrd_binary_33,TCGA-A8-A0A6,4,inner_val
hrd_binary_33,TCGA-D8-A1XV,4,inner_val
hrd_binary_33,TCGA-AR-A0TW,4,inner_val
hrd_binary_33,TCGA-B6-A0WZ,4,inner_val
hrd_binary_33,TCGA-BH-A1EO,4,inner_val
hrd_binary_33,TCGA-BH-A0HK,4,inner_val
hrd_binary_33,TCGA-B6-A0X1,4,inner_val
hrd_binary_33,TCGA-BH-A28Q,4,inner_val
hrd_binary_33,TCGA-E2-A10A,4,inner_val
hrd_binary_33,TCGA-A2-A0YL,4,inner_val
hrd_binary_33,TCGA-S3-A6ZG,4,inner_val
hrd_binary_33,TCGA-A8-A06Z,4,inner_val
hrd_binary_33,TCGA-AN-A046,4,inner_val
hrd_binary_33,TCGA-AN-A0FN,4,inner_val
hrd_binary_33,TCGA-AO-A0JG,4,inner_val
hrd_binary_33,TCGA-AR-A5QM,4,inner_val
hrd_binary_33,TCGA-AR-A1AO,4,inner_val
hrd_binary_33,TCGA-A2-A25D,4,inner_val
hrd_binary_33,TCGA-BH-A8FZ,4,inner_val
hrd_binary_33,TCGA-S3-AA0Z,4,inner_val
hrd_binary_33,TCGA-E9-A248,4,inner_val
hrd_binary_33,TCGA-Z7-A8R6,4,inner_val
hrd_binary_33,TCGA-B6-A0RL,4,inner_val
hrd_binary_33,TCGA-A8-A07I,4,inner_val
hrd_binary_33,TCGA-BH-A18N,4,inner_val
hrd_binary_33,TCGA-E2-A150,4,inner_val
hrd_binary_33,TCGA-BH-A18H,4,inner_val
hrd_binary_33,TCGA-EW-A1P3,4,inner_val
hrd_binary_33,TCGA-BH-A0BJ,4,inner_val
hrd_binary_33,TCGA-AN-A0XS,4,inner_val
hrd_binary_33,TCGA-B6-A0X4,4,inner_val
hrd_binary_33,TCGA-BH-A0BL,4,inner_val
hrd_binary_33,TCGA-A2-A25E,4,inner_val
hrd_binary_33,TCGA-E2-A1BC,4,inner_val
hrd_binary_33,TCGA-BH-A42V,4,inner_val
hrd_binary_33,TCGA-EW-A1PE,4,inner_val
hrd_binary_33,TCGA-AC-A2B8,4,inner_val
hrd_binary_33,TCGA-E2-A15P,4,inner_val
hrd_binary_33,TCGA-E9-A1RD,4,inner_val
hrd_binary_33,TCGA-OL-A66L,4,inner_val
hrd_binary_33,TCGA-A2-A3XU,4,inner_val
hrd_binary_33,TCGA-A7-A26I,4,inner_val
hrd_binary_33,TCGA-A1-A0SI,4,inner_val
hrd_binary_33,TCGA-BH-A1FG,4,inner_val
hrd_binary_33,TCGA-E2-A15C,4,inner_val
hrd_binary_33,TCGA-E9-A1N3,4,inner_val
hrd_binary_33,TCGA-3C-AALJ,4,test
hrd_binary_33,TCGA-A1-A0SG,4,test
hrd_binary_33,TCGA-A2-A04Q,4,test
hrd_binary_33,TCGA-A2-A04R,4,test
hrd_binary_33,TCGA-A2-A04T,4,test
hrd_binary_33,TCGA-A2-A04V,4,test
hrd_binary_33,TCGA-A2-A04Y,4,test
hrd_binary_33,TCGA-A2-A0CM,4,test
hrd_binary_33,TCGA-A2-A0CP,4,test
hrd_binary_33,TCGA-A2-A0CR,4,test
hrd_binary_33,TCGA-A2-A0CT,4,test
hrd_binary_33,TCGA-A2-A0EN,4,test
hrd_binary_33,TCGA-A2-A0EW,4,test
hrd_binary_33,TCGA-A2-A0SV,4,test
hrd_binary_33,TCGA-A2-A0SY,4,test
hrd_binary_33,TCGA-A2-A0T2,4,test
hrd_binary_33,TCGA-A2-A0YD,4,test
hrd_binary_33,TCGA-A2-A1FZ,4,test
hrd_binary_33,TCGA-A2-A1G1,4,test
hrd_binary_33,TCGA-A7-A0DA,4,test
hrd_binary_33,TCGA-A7-A0DB,4,test
hrd_binary_33,TCGA-A7-A13F,4,test
hrd_binary_33,TCGA-A7-A26H,4,test
hrd_binary_33,TCGA-A7-A5ZV,4,test
hrd_binary_33,TCGA-A7-A6VY,4,test
hrd_binary_33,TCGA-A8-A06Q,4,test
hrd_binary_33,TCGA-A8-A076,4,test
hrd_binary_33,TCGA-A8-A079,4,test
hrd_binary_33,TCGA-A8-A07O,4,test
hrd_binary_33,TCGA-A8-A082,4,test
hrd_binary_33,TCGA-A8-A08T,4,test
hrd_binary_33,TCGA-A8-A08X,4,test
hrd_binary_33,TCGA-A8-A09A,4,test
hrd_binary_33,TCGA-A8-A09G,4,test
hrd_binary_33,TCGA-A8-A09Q,4,test
hrd_binary_33,TCGA-A8-A0A1,4,test
hrd_binary_33,TCGA-AC-A23E,4,test
hrd_binary_33,TCGA-AC-A2FG,4,test
hrd_binary_33,TCGA-AC-A4ZE,4,test
hrd_binary_33,TCGA-AC-A62Y,4,test
hrd_binary_33,TCGA-AC-A8OS,4,test
hrd_binary_33,TCGA-AN-A041,4,test
hrd_binary_33,TCGA-AN-A04C,4,test
hrd_binary_33,TCGA-AN-A0AJ,4,test
hrd_binary_33,TCGA-AN-A0AL,4,test
hrd_binary_33,TCGA-AN-A0FV,4,test
hrd_binary_33,TCGA-AN-A0FX,4,test
hrd_binary_33,TCGA-AN-A0XP,4,test
hrd_binary_33,TCGA-AN-A0XW,4,test
hrd_binary_33,TCGA-AO-A03L,4,test
hrd_binary_33,TCGA-AO-A03O,4,test
hrd_binary_33,TCGA-AO-A0JI,4,test
hrd_binary_33,TCGA-AO-A12F,4,test
hrd_binary_33,TCGA-AO-A1KP,4,test
hrd_binary_33,TCGA-AR-A0TQ,4,test
hrd_binary_33,TCGA-AR-A0TR,4,test
hrd_binary_33,TCGA-AR-A1AH,4,test
hrd_binary_33,TCGA-AR-A24X,4,test
hrd_binary_33,TCGA-AR-A2LH,4,test
hrd_binary_33,TCGA-AR-A2LO,4,test
hrd_binary_33,TCGA-AR-A5QP,4,test
hrd_binary_33,TCGA-B6-A0IB,4,test
hrd_binary_33,TCGA-B6-A0IC,4,test
hrd_binary_33,TCGA-B6-A0IE,4,test
hrd_binary_33,TCGA-B6-A0IN,4,test
hrd_binary_33,TCGA-B6-A0RI,4,test
hrd_binary_33,TCGA-B6-A0RN,4,test
hrd_binary_33,TCGA-B6-A0WW,4,test
hrd_binary_33,TCGA-B6-A0WY,4,test
hrd_binary_33,TCGA-BH-A0AV,4,test
hrd_binary_33,TCGA-BH-A0AY,4,test
hrd_binary_33,TCGA-BH-A0DS,4,test
hrd_binary_33,TCGA-BH-A0DX,4,test
hrd_binary_33,TCGA-BH-A0E7,4,test
hrd_binary_33,TCGA-BH-A0GY,4,test
hrd_binary_33,TCGA-BH-A0HA,4,test
hrd_binary_33,TCGA-BH-A0W3,4,test
hrd_binary_33,TCGA-BH-A18F,4,test
hrd_binary_33,TCGA-BH-A18G,4,test
hrd_binary_33,TCGA-BH-A18J,4,test
hrd_binary_33,TCGA-BH-A18M,4,test
hrd_binary_33,TCGA-BH-A1EU,4,test
hrd_binary_33,TCGA-BH-A208,4,test
hrd_binary_33,TCGA-BH-A5IZ,4,test
hrd_binary_33,TCGA-BH-A6R8,4,test
hrd_binary_33,TCGA-BH-A8FY,4,test
hrd_binary_33,TCGA-C8-A12M,4,test
hrd_binary_33,TCGA-C8-A12N,4,test
hrd_binary_33,TCGA-C8-A12Q,4,test
hrd_binary_33,TCGA-C8-A135,4,test
hrd_binary_33,TCGA-C8-A137,4,test
hrd_binary_33,TCGA-C8-A138,4,test
hrd_binary_33,TCGA-C8-A1HE,4,test
hrd_binary_33,TCGA-C8-A1HG,4,test
hrd_binary_33,TCGA-C8-A1HL,4,test
hrd_binary_33,TCGA-C8-A27A,4,test
hrd_binary_33,TCGA-C8-A8HQ,4,test
hrd_binary_33,TCGA-D8-A143,4,test
hrd_binary_33,TCGA-D8-A1JL,4,test
hrd_binary_33,TCGA-D8-A1X5,4,test
hrd_binary_33,TCGA-D8-A1XC,4,test
hrd_binary_33,TCGA-D8-A1XR,4,test
hrd_binary_33,TCGA-D8-A1XT,4,test
hrd_binary_33,TCGA-D8-A1Y1,4,test
hrd_binary_33,TCGA-D8-A1Y2,4,test
hrd_binary_33,TCGA-D8-A27K,4,test
hrd_binary_33,TCGA-D8-A27N,4,test
hrd_binary_33,TCGA-D8-A27P,4,test
hrd_binary_33,TCGA-D8-A3Z6,4,test
hrd_binary_33,TCGA-D8-A4Z1,4,test
hrd_binary_33,TCGA-E2-A14Q,4,test
hrd_binary_33,TCGA-E2-A14Z,4,test
hrd_binary_33,TCGA-E2-A153,4,test
hrd_binary_33,TCGA-E2-A154,4,test
hrd_binary_33,TCGA-E2-A15R,4,test
hrd_binary_33,TCGA-E2-A1BD,4,test
hrd_binary_33,TCGA-E2-A1IG,4,test
hrd_binary_33,TCGA-E2-A1IO,4,test
hrd_binary_33,TCGA-E2-A1LA,4,test
hrd_binary_33,TCGA-E2-A573,4,test
hrd_binary_33,TCGA-E9-A1N9,4,test
hrd_binary_33,TCGA-E9-A1ND,4,test
hrd_binary_33,TCGA-E9-A1R5,4,test
hrd_binary_33,TCGA-E9-A1R7,4,test
hrd_binary_33,TCGA-E9-A1RC,4,test
hrd_binary_33,TCGA-E9-A226,4,test
hrd_binary_33,TCGA-E9-A229,4,test
hrd_binary_33,TCGA-E9-A22E,4,test
hrd_binary_33,TCGA-E9-A22G,4,test
hrd_binary_33,TCGA-E9-A247,4,test
hrd_binary_33,TCGA-EW-A1IZ,4,test
hrd_binary_33,TCGA-EW-A1J6,4,test
hrd_binary_33,TCGA-EW-A1OY,4,test
hrd_binary_33,TCGA-EW-A1P0,4,test
hrd_binary_33,TCGA-EW-A1P1,4,test
hrd_binary_33,TCGA-EW-A1PG,4,test
hrd_binary_33,TCGA-EW-A6SB,4,test
hrd_binary_33,TCGA-EW-A6SD,4,test
hrd_binary_33,TCGA-GM-A2DA,4,test
hrd_binary_33,TCGA-GM-A2DF,4,test
hrd_binary_33,TCGA-GM-A2DN,4,test
hrd_binary_33,TCGA-GM-A3NW,4,test
hrd_binary_33,TCGA-LL-A5YL,4,test
hrd_binary_33,TCGA-LL-A5YP,4,test
hrd_binary_33,TCGA-LL-A6FQ,4,test
hrd_binary_33,TCGA-LL-A6FR,4,test
hrd_binary_33,TCGA-LL-A73Y,4,test
hrd_binary_33,TCGA-LL-A7SZ,4,test
hrd_binary_33,TCGA-OL-A5D6,4,test
hrd_binary_33,TCGA-OL-A5RU,4,test
hrd_binary_33,TCGA-OL-A5RV,4,test
hrd_binary_33,TCGA-OL-A6VQ,4,test
hrd_binary_33,TCGA-S3-AA17,4,test
hrd_binary_33,TCGA-UU-A93S,4,test
hrd_binary_33,TCGA-3C-AALI,5,train
hrd_binary_33,TCGA-3C-AALJ,5,train
hrd_binary_33,TCGA-5L-AAT0,5,train
hrd_binary_33,TCGA-5T-A9QA,5,train
hrd_binary_33,TCGA-A1-A0SB,5,train
hrd_binary_33,TCGA-A1-A0SE,5,train
hrd_binary_33,TCGA-A1-A0SF,5,train
hrd_binary_33,TCGA-A1-A0SG,5,train
hrd_binary_33,TCGA-A1-A0SJ,5,train
hrd_binary_33,TCGA-A1-A0SK,5,train
hrd_binary_33,TCGA-A1-A0SQ,5,train
hrd_binary_33,TCGA-A2-A04P,5,train
hrd_binary_33,TCGA-A2-A04Q,5,train
hrd_binary_33,TCGA-A2-A04R,5,train
hrd_binary_33,TCGA-A2-A04T,5,train
hrd_binary_33,TCGA-A2-A04V,5,train
hrd_binary_33,TCGA-A2-A04W,5,train
hrd_binary_33,TCGA-A2-A04Y,5,train
hrd_binary_33,TCGA-A2-A0CM,5,train
hrd_binary_33,TCGA-A2-A0CP,5,train
hrd_binary_33,TCGA-A2-A0CR,5,train
hrd_binary_33,TCGA-A2-A0CS,5,train
hrd_binary_33,TCGA-A2-A0CT,5,train
hrd_binary_33,TCGA-A2-A0CU,5,train
hrd_binary_33,TCGA-A2-A0CX,5,train
hrd_binary_33,TCGA-A2-A0D3,5,train
hrd_binary_33,TCGA-A2-A0D4,5,train
hrd_binary_33,TCGA-A2-A0EM,5,train
hrd_binary_33,TCGA-A2-A0EN,5,train
hrd_binary_33,TCGA-A2-A0ES,5,train
hrd_binary_33,TCGA-A2-A0EU,5,train
hrd_binary_33,TCGA-A2-A0EW,5,train
hrd_binary_33,TCGA-A2-A0EX,5,train
hrd_binary_33,TCGA-A2-A0EY,5,train
hrd_binary_33,TCGA-A2-A0SU,5,train
hrd_binary_33,TCGA-A2-A0SV,5,train
hrd_binary_33,TCGA-A2-A0SW,5,train
hrd_binary_33,TCGA-A2-A0SX,5,train
hrd_binary_33,TCGA-A2-A0SY,5,train
hrd_binary_33,TCGA-A2-A0T0,5,train
hrd_binary_33,TCGA-A2-A0T1,5,train
hrd_binary_33,TCGA-A2-A0T2,5,train
hrd_binary_33,TCGA-A2-A0T5,5,train
hrd_binary_33,TCGA-A2-A0T6,5,train
hrd_binary_33,TCGA-A2-A0YC,5,train
hrd_binary_33,TCGA-A2-A0YD,5,train
hrd_binary_33,TCGA-A2-A0YE,5,train
hrd_binary_33,TCGA-A2-A0YF,5,train
hrd_binary_33,TCGA-A2-A0YG,5,train
hrd_binary_33,TCGA-A2-A0YJ,5,train
hrd_binary_33,TCGA-A2-A0YM,5,train
hrd_binary_33,TCGA-A2-A0YT,5,train
hrd_binary_33,TCGA-A2-A1FX,5,train
hrd_binary_33,TCGA-A2-A1FZ,5,train
hrd_binary_33,TCGA-A2-A1G0,5,train
hrd_binary_33,TCGA-A2-A1G1,5,train
hrd_binary_33,TCGA-A2-A1G4,5,train
hrd_binary_33,TCGA-A2-A259,5,train
hrd_binary_33,TCGA-A2-A25A,5,train
hrd_binary_33,TCGA-A2-A25C,5,train
hrd_binary_33,TCGA-A2-A25D,5,train
hrd_binary_33,TCGA-A2-A25E,5,train
hrd_binary_33,TCGA-A2-A3KD,5,train
hrd_binary_33,TCGA-A2-A3XU,5,train
hrd_binary_33,TCGA-A2-A4S1,5,train
hrd_binary_33,TCGA-A2-A4S3,5,train
hrd_binary_33,TCGA-A7-A0CE,5,train
hrd_binary_33,TCGA-A7-A0CG,5,train
hrd_binary_33,TCGA-A7-A0CJ,5,train
hrd_binary_33,TCGA-A7-A0D9,5,train
hrd_binary_33,TCGA-A7-A0DA,5,train
hrd_binary_33,TCGA-A7-A0DB,5,train
hrd_binary_33,TCGA-A7-A13D,5,train
hrd_binary_33,TCGA-A7-A13E,5,train
hrd_binary_33,TCGA-A7-A13F,5,train
hrd_binary_33,TCGA-A7-A26E,5,train
hrd_binary_33,TCGA-A7-A26H,5,train
hrd_binary_33,TCGA-A7-A26I,5,train
hrd_binary_33,TCGA-A7-A26J,5,train
hrd_binary_33,TCGA-A7-A4SE,5,train
hrd_binary_33,TCGA-A7-A56D,5,train
hrd_binary_33,TCGA-A7-A5ZV,5,train
hrd_binary_33,TCGA-A7-A5ZX,5,train
hrd_binary_33,TCGA-A7-A6VW,5,train
hrd_binary_33,TCGA-A7-A6VX,5,train
hrd_binary_33,TCGA-A7-A6VY,5,train
hrd_binary_33,TCGA-A8-A06P,5,train
hrd_binary_33,TCGA-A8-A06Q,5,train
hrd_binary_33,TCGA-A8-A06U,5,train
hrd_binary_33,TCGA-A8-A06Y,5,train
hrd_binary_33,TCGA-A8-A06Z,5,train
hrd_binary_33,TCGA-A8-A075,5,train
hrd_binary_33,TCGA-A8-A076,5,train
hrd_binary_33,TCGA-A8-A079,5,train
hrd_binary_33,TCGA-A8-A07B,5,train
hrd_binary_33,TCGA-A8-A07J,5,train
hrd_binary_33,TCGA-A8-A07O,5,train
hrd_binary_33,TCGA-A8-A07P,5,train
hrd_binary_33,TCGA-A8-A07U,5,train
hrd_binary_33,TCGA-A8-A07Z,5,train
hrd_binary_33,TCGA-A8-A082,5,train
hrd_binary_33,TCGA-A8-A08B,5,train
hrd_binary_33,TCGA-A8-A08H,5,train
hrd_binary_33,TCGA-A8-A08O,5,train
hrd_binary_33,TCGA-A8-A08R,5,train
hrd_binary_33,TCGA-A8-A08T,5,train
hrd_binary_33,TCGA-A8-A08X,5,train
hrd_binary_33,TCGA-A8-A08Z,5,train
hrd_binary_33,TCGA-A8-A090,5,train
hrd_binary_33,TCGA-A8-A092,5,train
hrd_binary_33,TCGA-A8-A093,5,train
hrd_binary_33,TCGA-A8-A094,5,train
hrd_binary_33,TCGA-A8-A096,5,train
hrd_binary_33,TCGA-A8-A099,5,train
hrd_binary_33,TCGA-A8-A09A,5,train
hrd_binary_33,TCGA-A8-A09B,5,train
hrd_binary_33,TCGA-A8-A09C,5,train
hrd_binary_33,TCGA-A8-A09D,5,train
hrd_binary_33,TCGA-A8-A09G,5,train
hrd_binary_33,TCGA-A8-A09M,5,train
hrd_binary_33,TCGA-A8-A09N,5,train
hrd_binary_33,TCGA-A8-A09Q,5,train
hrd_binary_33,TCGA-A8-A09T,5,train
hrd_binary_33,TCGA-A8-A09Z,5,train
hrd_binary_33,TCGA-A8-A0A1,5,train
hrd_binary_33,TCGA-A8-A0A4,5,train
hrd_binary_33,TCGA-A8-A0A6,5,train
hrd_binary_33,TCGA-A8-A0A7,5,train
hrd_binary_33,TCGA-A8-A0AB,5,train
hrd_binary_33,TCGA-AC-A23C,5,train
hrd_binary_33,TCGA-AC-A23E,5,train
hrd_binary_33,TCGA-AC-A2B8,5,train
hrd_binary_33,TCGA-AC-A2FB,5,train
hrd_binary_33,TCGA-AC-A2FG,5,train
hrd_binary_33,TCGA-AC-A3OD,5,train
hrd_binary_33,TCGA-AC-A3QQ,5,train
hrd_binary_33,TCGA-AC-A4ZE,5,train
hrd_binary_33,TCGA-AC-A5EH,5,train
hrd_binary_33,TCGA-AC-A5XU,5,train
hrd_binary_33,TCGA-AC-A62Y,5,train
hrd_binary_33,TCGA-AC-A6IW,5,train
hrd_binary_33,TCGA-AC-A6NO,5,train
hrd_binary_33,TCGA-AC-A7VB,5,train
hrd_binary_33,TCGA-AC-A8OQ,5,train
hrd_binary_33,TCGA-AC-A8OR,5,train
hrd_binary_33,TCGA-AC-A8OS,5,train
hrd_binary_33,TCGA-AN-A03Y,5,train
hrd_binary_33,TCGA-AN-A041,5,train
hrd_binary_33,TCGA-AN-A046,5,train
hrd_binary_33,TCGA-AN-A049,5,train
hrd_binary_33,TCGA-AN-A04C,5,train
hrd_binary_33,TCGA-AN-A04D,5,train
hrd_binary_33,TCGA-AN-A0AJ,5,train
hrd_binary_33,TCGA-AN-A0AL,5,train
hrd_binary_33,TCGA-AN-A0AR,5,train
hrd_binary_33,TCGA-AN-A0AS,5,train
hrd_binary_33,TCGA-AN-A0AT,5,train
hrd_binary_33,TCGA-AN-A0FK,5,train
hrd_binary_33,TCGA-AN-A0FN,5,train
hrd_binary_33,TCGA-AN-A0FS,5,train
hrd_binary_33,TCGA-AN-A0FT,5,train
hrd_binary_33,TCGA-AN-A0FV,5,train
hrd_binary_33,TCGA-AN-A0FX,5,train
hrd_binary_33,TCGA-AN-A0FY,5,train
hrd_binary_33,TCGA-AN-A0FZ,5,train
hrd_binary_33,TCGA-AN-A0XO,5,train
hrd_binary_33,TCGA-AN-A0XP,5,train
hrd_binary_33,TCGA-AN-A0XR,5,train
hrd_binary_33,TCGA-AN-A0XS,5,train
hrd_binary_33,TCGA-AN-A0XU,5,train
hrd_binary_33,TCGA-AN-A0XV,5,train
hrd_binary_33,TCGA-AN-A0XW,5,train
hrd_binary_33,TCGA-AO-A03L,5,train
hrd_binary_33,TCGA-AO-A03O,5,train
hrd_binary_33,TCGA-AO-A03P,5,train
hrd_binary_33,TCGA-AO-A03R,5,train
hrd_binary_33,TCGA-AO-A03T,5,train
hrd_binary_33,TCGA-AO-A03V,5,train
hrd_binary_33,TCGA-AO-A0J2,5,train
hrd_binary_33,TCGA-AO-A0J4,5,train
hrd_binary_33,TCGA-AO-A0J6,5,train
hrd_binary_33,TCGA-AO-A0J8,5,train
hrd_binary_33,TCGA-AO-A0JA,5,train
hrd_binary_33,TCGA-AO-A0JB,5,train
hrd_binary_33,TCGA-AO-A0JD,5,train
hrd_binary_33,TCGA-AO-A0JE,5,train
hrd_binary_33,TCGA-AO-A0JF,5,train
hrd_binary_33,TCGA-AO-A0JG,5,train
hrd_binary_33,TCGA-AO-A0JI,5,train
hrd_binary_33,TCGA-AO-A0JJ,5,train
hrd_binary_33,TCGA-AO-A0JM,5,train
hrd_binary_33,TCGA-AO-A128,5,train
hrd_binary_33,TCGA-AO-A12A,5,train
hrd_binary_33,TCGA-AO-A12F,5,train
hrd_binary_33,TCGA-AO-A12H,5,train
hrd_binary_33,TCGA-AO-A1KP,5,train
hrd_binary_33,TCGA-AO-A1KR,5,train
hrd_binary_33,TCGA-AQ-A04H,5,train
hrd_binary_33,TCGA-AQ-A04J,5,train
hrd_binary_33,TCGA-AQ-A1H2,5,train
hrd_binary_33,TCGA-AR-A0TQ,5,train
hrd_binary_33,TCGA-AR-A0TR,5,train
hrd_binary_33,TCGA-AR-A0TT,5,train
hrd_binary_33,TCGA-AR-A0TV,5,train
hrd_binary_33,TCGA-AR-A0TW,5,train
hrd_binary_33,TCGA-AR-A0TX,5,train
hrd_binary_33,TCGA-AR-A0TY,5,train
hrd_binary_33,TCGA-AR-A0U0,5,train
hrd_binary_33,TCGA-AR-A1AH,5,train
hrd_binary_33,TCGA-AR-A1AI,5,train
hrd_binary_33,TCGA-AR-A1AN,5,train
hrd_binary_33,TCGA-AR-A1AO,5,train
hrd_binary_33,TCGA-AR-A1AP,5,train
hrd_binary_33,TCGA-AR-A1AQ,5,train
hrd_binary_33,TCGA-AR-A1AR,5,train
hrd_binary_33,TCGA-AR-A1AU,5,train
hrd_binary_33,TCGA-AR-A1AW,5,train
hrd_binary_33,TCGA-AR-A1AY,5,train
hrd_binary_33,TCGA-AR-A24N,5,train
hrd_binary_33,TCGA-AR-A24O,5,train
hrd_binary_33,TCGA-AR-A24P,5,train
hrd_binary_33,TCGA-AR-A24Q,5,train
hrd_binary_33,TCGA-AR-A24S,5,train
hrd_binary_33,TCGA-AR-A24U,5,train
hrd_binary_33,TCGA-AR-A24V,5,train
hrd_binary_33,TCGA-AR-A24W,5,train
hrd_binary_33,TCGA-AR-A24X,5,train
hrd_binary_33,TCGA-AR-A24Z,5,train
hrd_binary_33,TCGA-AR-A250,5,train
hrd_binary_33,TCGA-AR-A251,5,train
hrd_binary_33,TCGA-AR-A254,5,train
hrd_binary_33,TCGA-AR-A2LH,5,train
hrd_binary_33,TCGA-AR-A2LK,5,train
hrd_binary_33,TCGA-AR-A2LN,5,train
hrd_binary_33,TCGA-AR-A2LO,5,train
hrd_binary_33,TCGA-AR-A2LQ,5,train
hrd_binary_33,TCGA-AR-A5QN,5,train
hrd_binary_33,TCGA-AR-A5QP,5,train
hrd_binary_33,TCGA-AR-A5QQ,5,train
hrd_binary_33,TCGA-B6-A0I2,5,train
hrd_binary_33,TCGA-B6-A0I5,5,train
hrd_binary_33,TCGA-B6-A0I9,5,train
hrd_binary_33,TCGA-B6-A0IB,5,train
hrd_binary_33,TCGA-B6-A0IC,5,train
hrd_binary_33,TCGA-B6-A0IE,5,train
hrd_binary_33,TCGA-B6-A0IJ,5,train
hrd_binary_33,TCGA-B6-A0IN,5,train
hrd_binary_33,TCGA-B6-A0RE,5,train
hrd_binary_33,TCGA-B6-A0RG,5,train
hrd_binary_33,TCGA-B6-A0RH,5,train
hrd_binary_33,TCGA-B6-A0RI,5,train
hrd_binary_33,TCGA-B6-A0RL,5,train
hrd_binary_33,TCGA-B6-A0RN,5,train
hrd_binary_33,TCGA-B6-A0RO,5,train
hrd_binary_33,TCGA-B6-A0RS,5,train
hrd_binary_33,TCGA-B6-A0RU,5,train
hrd_binary_33,TCGA-B6-A0WS,5,train
hrd_binary_33,TCGA-B6-A0WT,5,train
hrd_binary_33,TCGA-B6-A0WW,5,train
hrd_binary_33,TCGA-B6-A0WY,5,train
hrd_binary_33,TCGA-B6-A0WZ,5,train
hrd_binary_33,TCGA-B6-A0X0,5,train
hrd_binary_33,TCGA-B6-A0X1,5,train
hrd_binary_33,TCGA-B6-A0X4,5,train
hrd_binary_33,TCGA-B6-A0X5,5,train
hrd_binary_33,TCGA-B6-A1KF,5,train
hrd_binary_33,TCGA-B6-A2IU,5,train
hrd_binary_33,TCGA-B6-A401,5,train
hrd_binary_33,TCGA-B6-A409,5,train
hrd_binary_33,TCGA-B6-A40C,5,train
hrd_binary_33,TCGA-BH-A0AU,5,train
hrd_binary_33,TCGA-BH-A0AV,5,train
hrd_binary_33,TCGA-BH-A0AY,5,train
hrd_binary_33,TCGA-BH-A0AZ,5,train
hrd_binary_33,TCGA-BH-A0B3,5,train
hrd_binary_33,TCGA-BH-A0B5,5,train
hrd_binary_33,TCGA-BH-A0B7,5,train
hrd_binary_33,TCGA-BH-A0B9,5,train
hrd_binary_33,TCGA-BH-A0BA,5,train
hrd_binary_33,TCGA-BH-A0BF,5,train
hrd_binary_33,TCGA-BH-A0BJ,5,train
hrd_binary_33,TCGA-BH-A0BL,5,train
hrd_binary_33,TCGA-BH-A0BM,5,train
hrd_binary_33,TCGA-BH-A0BO,5,train
hrd_binary_33,TCGA-BH-A0BP,5,train
hrd_binary_33,TCGA-BH-A0BR,5,train
hrd_binary_33,TCGA-BH-A0BT,5,train
hrd_binary_33,TCGA-BH-A0C1,5,train
hrd_binary_33,TCGA-BH-A0C3,5,train
hrd_binary_33,TCGA-BH-A0C7,5,train
hrd_binary_33,TCGA-BH-A0DG,5,train
hrd_binary_33,TCGA-BH-A0DH,5,train
hrd_binary_33,TCGA-BH-A0DI,5,train
hrd_binary_33,TCGA-BH-A0DK,5,train
hrd_binary_33,TCGA-BH-A0DL,5,train
hrd_binary_33,TCGA-BH-A0DO,5,train
hrd_binary_33,TCGA-BH-A0DQ,5,train
hrd_binary_33,TCGA-BH-A0DS,5,train
hrd_binary_33,TCGA-BH-A0DT,5,train
hrd_binary_33,TCGA-BH-A0DX,5,train
hrd_binary_33,TCGA-BH-A0DZ,5,train
hrd_binary_33,TCGA-BH-A0E1,5,train
hrd_binary_33,TCGA-BH-A0E2,5,train
hrd_binary_33,TCGA-BH-A0E7,5,train
hrd_binary_33,TCGA-BH-A0EB,5,train
hrd_binary_33,TCGA-BH-A0EE,5,train
hrd_binary_33,TCGA-BH-A0GY,5,train
hrd_binary_33,TCGA-BH-A0H0,5,train
hrd_binary_33,TCGA-BH-A0H7,5,train
hrd_binary_33,TCGA-BH-A0HA,5,train
hrd_binary_33,TCGA-BH-A0HB,5,train
hrd_binary_33,TCGA-BH-A0HP,5,train
hrd_binary_33,TCGA-BH-A0HQ,5,train
hrd_binary_33,TCGA-BH-A0HU,5,train
hrd_binary_33,TCGA-BH-A0HW,5,train
hrd_binary_33,TCGA-BH-A0HX,5,train
hrd_binary_33,TCGA-BH-A0HY,5,train
hrd_binary_33,TCGA-BH-A0W3,5,train
hrd_binary_33,TCGA-BH-A0WA,5,train
hrd_binary_33,TCGA-BH-A18F,5,train
hrd_binary_33,TCGA-BH-A18G,5,train
hrd_binary_33,TCGA-BH-A18H,5,train
hrd_binary_33,TCGA-BH-A18I,5,train
hrd_binary_33,TCGA-BH-A18J,5,train
hrd_binary_33,TCGA-BH-A18L,5,train
hrd_binary_33,TCGA-BH-A18M,5,train
hrd_binary_33,TCGA-BH-A18N,5,train
hrd_binary_33,TCGA-BH-A18P,5,train
hrd_binary_33,TCGA-BH-A18Q,5,train
hrd_binary_33,TCGA-BH-A18S,5,train
hrd_binary_33,TCGA-BH-A18T,5,train
hrd_binary_33,TCGA-BH-A18U,5,train
hrd_binary_33,TCGA-BH-A1ET,5,train
hrd_binary_33,TCGA-BH-A1EU,5,train
hrd_binary_33,TCGA-BH-A1EV,5,train
hrd_binary_33,TCGA-BH-A1EW,5,train
hrd_binary_33,TCGA-BH-A1EX,5,train
hrd_binary_33,TCGA-BH-A1EY,5,train
hrd_binary_33,TCGA-BH-A1F0,5,train
hrd_binary_33,TCGA-BH-A1F2,5,train
hrd_binary_33,TCGA-BH-A1FC,5,train
hrd_binary_33,TCGA-BH-A1FG,5,train
hrd_binary_33,TCGA-BH-A1FJ,5,train
hrd_binary_33,TCGA-BH-A1FM,5,train
hrd_binary_33,TCGA-BH-A1FU,5,train
hrd_binary_33,TCGA-BH-A202,5,train
hrd_binary_33,TCGA-BH-A204,5,train
hrd_binary_33,TCGA-BH-A208,5,train
hrd_binary_33,TCGA-BH-A209,5,train
hrd_binary_33,TCGA-BH-A28Q,5,train
hrd_binary_33,TCGA-BH-A42V,5,train
hrd_binary_33,TCGA-BH-A5IZ,5,train
hrd_binary_33,TCGA-BH-A6R8,5,train
hrd_binary_33,TCGA-BH-A8FY,5,train
hrd_binary_33,TCGA-BH-A8FZ,5,train
hrd_binary_33,TCGA-BH-A8G0,5,train
hrd_binary_33,TCGA-BH-AB28,5,train
hrd_binary_33,TCGA-C8-A12L,5,train
hrd_binary_33,TCGA-C8-A12M,5,train
hrd_binary_33,TCGA-C8-A12N,5,train
hrd_binary_33,TCGA-C8-A12O,5,train
hrd_binary_33,TCGA-C8-A12P,5,train
hrd_binary_33,TCGA-C8-A12Q,5,train
hrd_binary_33,TCGA-C8-A12U,5,train
hrd_binary_33,TCGA-C8-A12W,5,train
hrd_binary_33,TCGA-C8-A12Y,5,train
hrd_binary_33,TCGA-C8-A12Z,5,train
hrd_binary_33,TCGA-C8-A130,5,train
hrd_binary_33,TCGA-C8-A131,5,train
hrd_binary_33,TCGA-C8-A133,5,train
hrd_binary_33,TCGA-C8-A135,5,train
hrd_binary_33,TCGA-C8-A137,5,train
hrd_binary_33,TCGA-C8-A138,5,train
hrd_binary_33,TCGA-C8-A1HE,5,train
hrd_binary_33,TCGA-C8-A1HF,5,train
hrd_binary_33,TCGA-C8-A1HG,5,train
hrd_binary_33,TCGA-C8-A1HK,5,train
hrd_binary_33,TCGA-C8-A1HL,5,train
hrd_binary_33,TCGA-C8-A1HM,5,train
hrd_binary_33,TCGA-C8-A26V,5,train
hrd_binary_33,TCGA-C8-A26W,5,train
hrd_binary_33,TCGA-C8-A26X,5,train
hrd_binary_33,TCGA-C8-A26Y,5,train
hrd_binary_33,TCGA-C8-A26Z,5,train
hrd_binary_33,TCGA-C8-A273,5,train
hrd_binary_33,TCGA-C8-A27A,5,train
hrd_binary_33,TCGA-C8-A27B,5,train
hrd_binary_33,TCGA-C8-A8HP,5,train
hrd_binary_33,TCGA-C8-A8HQ,5,train
hrd_binary_33,TCGA-C8-A8HR,5,train
hrd_binary_33,TCGA-D8-A13Y,5,train
hrd_binary_33,TCGA-D8-A13Z,5,train
hrd_binary_33,TCGA-D8-A140,5,train
hrd_binary_33,TCGA-D8-A143,5,train
hrd_binary_33,TCGA-D8-A145,5,train
hrd_binary_33,TCGA-D8-A147,5,train
hrd_binary_33,TCGA-D8-A1J8,5,train
hrd_binary_33,TCGA-D8-A1J9,5,train
hrd_binary_33,TCGA-D8-A1JA,5,train
hrd_binary_33,TCGA-D8-A1JB,5,train
hrd_binary_33,TCGA-D8-A1JC,5,train
hrd_binary_33,TCGA-D8-A1JD,5,train
hrd_binary_33,TCGA-D8-A1JH,5,train
hrd_binary_33,TCGA-D8-A1JI,5,train
hrd_binary_33,TCGA-D8-A1JL,5,train
hrd_binary_33,TCGA-D8-A1JN,5,train
hrd_binary_33,TCGA-D8-A1JS,5,train
hrd_binary_33,TCGA-D8-A1JT,5,train
hrd_binary_33,TCGA-D8-A1JU,5,train
hrd_binary_33,TCGA-D8-A1X5,5,train
hrd_binary_33,TCGA-D8-A1X7,5,train
hrd_binary_33,TCGA-D8-A1XB,5,train
hrd_binary_33,TCGA-D8-A1XC,5,train
hrd_binary_33,TCGA-D8-A1XG,5,train
hrd_binary_33,TCGA-D8-A1XJ,5,train
hrd_binary_33,TCGA-D8-A1XL,5,train
hrd_binary_33,TCGA-D8-A1XM,5,train
hrd_binary_33,TCGA-D8-A1XO,5,train
hrd_binary_33,TCGA-D8-A1XR,5,train
hrd_binary_33,TCGA-D8-A1XT,5,train
hrd_binary_33,TCGA-D8-A1XY,5,train
hrd_binary_33,TCGA-D8-A1XZ,5,train
hrd_binary_33,TCGA-D8-A1Y1,5,train
hrd_binary_33,TCGA-D8-A1Y2,5,train
hrd_binary_33,TCGA-D8-A1Y3,5,train
hrd_binary_33,TCGA-D8-A27F,5,train
hrd_binary_33,TCGA-D8-A27H,5,train
hrd_binary_33,TCGA-D8-A27K,5,train
hrd_binary_33,TCGA-D8-A27L,5,train
hrd_binary_33,TCGA-D8-A27N,5,train
hrd_binary_33,TCGA-D8-A27P,5,train
hrd_binary_33,TCGA-D8-A27R,5,train
hrd_binary_33,TCGA-D8-A27V,5,train
hrd_binary_33,TCGA-D8-A27W,5,train
hrd_binary_33,TCGA-D8-A3Z6,5,train
hrd_binary_33,TCGA-D8-A4Z1,5,train
hrd_binary_33,TCGA-D8-A73U,5,train
hrd_binary_33,TCGA-D8-A73W,5,train
hrd_binary_33,TCGA-D8-A73X,5,train
hrd_binary_33,TCGA-E2-A10A,5,train
hrd_binary_33,TCGA-E2-A10C,5,train
hrd_binary_33,TCGA-E2-A14O,5,train
hrd_binary_33,TCGA-E2-A14Q,5,train
hrd_binary_33,TCGA-E2-A14R,5,train
hrd_binary_33,TCGA-E2-A14T,5,train
hrd_binary_33,TCGA-E2-A14X,5,train
hrd_binary_33,TCGA-E2-A14Y,5,train
hrd_binary_33,TCGA-E2-A14Z,5,train
hrd_binary_33,TCGA-E2-A150,5,train
hrd_binary_33,TCGA-E2-A152,5,train
hrd_binary_33,TCGA-E2-A153,5,train
hrd_binary_33,TCGA-E2-A154,5,train
hrd_binary_33,TCGA-E2-A155,5,train
hrd_binary_33,TCGA-E2-A156,5,train
hrd_binary_33,TCGA-E2-A158,5,train
hrd_binary_33,TCGA-E2-A159,5,train
hrd_binary_33,TCGA-E2-A15A,5,train
hrd_binary_33,TCGA-E2-A15C,5,train
hrd_binary_33,TCGA-E2-A15D,5,train
hrd_binary_33,TCGA-E2-A15G,5,train
hrd_binary_33,TCGA-E2-A15H,5,train
hrd_binary_33,TCGA-E2-A15I,5,train
hrd_binary_33,TCGA-E2-A15J,5,train
hrd_binary_33,TCGA-E2-A15M,5,train
hrd_binary_33,TCGA-E2-A15O,5,train
hrd_binary_33,TCGA-E2-A15P,5,train
hrd_binary_33,TCGA-E2-A15R,5,train
hrd_binary_33,TCGA-E2-A1AZ,5,train
hrd_binary_33,TCGA-E2-A1B0,5,train
hrd_binary_33,TCGA-E2-A1B4,5,train
hrd_binary_33,TCGA-E2-A1B5,5,train
hrd_binary_33,TCGA-E2-A1BC,5,train
hrd_binary_33,TCGA-E2-A1BD,5,train
hrd_binary_33,TCGA-E2-A1IF,5,train
hrd_binary_33,TCGA-E2-A1IG,5,train
hrd_binary_33,TCGA-E2-A1IH,5,train
hrd_binary_33,TCGA-E2-A1IJ,5,train
hrd_binary_33,TCGA-E2-A1IK,5,train
hrd_binary_33,TCGA-E2-A1IO,5,train
hrd_binary_33,TCGA-E2-A1IU,5,train
hrd_binary_33,TCGA-E2-A1L6,5,train
hrd_binary_33,TCGA-E2-A1L8,5,train
hrd_binary_33,TCGA-E2-A1LA,5,train
hrd_binary_33,TCGA-E2-A1LG,5,train
hrd_binary_33,TCGA-E2-A1LH,5,train
hrd_binary_33,TCGA-E2-A1LK,5,train
hrd_binary_33,TCGA-E2-A1LL,5,train
hrd_binary_33,TCGA-E2-A56Z,5,train
hrd_binary_33,TCGA-E2-A570,5,train
hrd_binary_33,TCGA-E2-A573,5,train
hrd_binary_33,TCGA-E2-A9RU,5,train
hrd_binary_33,TCGA-E9-A1N3,5,train
hrd_binary_33,TCGA-E9-A1N5,5,train
hrd_binary_33,TCGA-E9-A1N9,5,train
hrd_binary_33,TCGA-E9-A1NA,5,train
hrd_binary_33,TCGA-E9-A1NC,5,train
hrd_binary_33,TCGA-E9-A1ND,5,train
hrd_binary_33,TCGA-E9-A1NG,5,train
hrd_binary_33,TCGA-E9-A1NH,5,train
hrd_binary_33,TCGA-E9-A1NI,5,train
hrd_binary_33,TCGA-E9-A1R0,5,train
hrd_binary_33,TCGA-E9-A1R3,5,train
hrd_binary_33,TCGA-E9-A1R5,5,train
hrd_binary_33,TCGA-E9-A1R6,5,train
hrd_binary_33,TCGA-E9-A1R7,5,train
hrd_binary_33,TCGA-E9-A1RA,5,train
hrd_binary_33,TCGA-E9-A1RB,5,train
hrd_binary_33,TCGA-E9-A1RC,5,train
hrd_binary_33,TCGA-E9-A1RD,5,train
hrd_binary_33,TCGA-E9-A1RF,5,train
hrd_binary_33,TCGA-E9-A1RG,5,train
hrd_binary_33,TCGA-E9-A1RH,5,train
hrd_binary_33,TCGA-E9-A226,5,train
hrd_binary_33,TCGA-E9-A227,5,train
hrd_binary_33,TCGA-E9-A228,5,train
hrd_binary_33,TCGA-E9-A229,5,train
hrd_binary_33,TCGA-E9-A22A,5,train
hrd_binary_33,TCGA-E9-A22D,5,train
hrd_binary_33,TCGA-E9-A22E,5,train
hrd_binary_33,TCGA-E9-A22G,5,train
hrd_binary_33,TCGA-E9-A22H,5,train
hrd_binary_33,TCGA-E9-A244,5,train
hrd_binary_33,TCGA-E9-A247,5,train
hrd_binary_33,TCGA-E9-A248,5,train
hrd_binary_33,TCGA-E9-A2JS,5,train
hrd_binary_33,TCGA-E9-A2JT,5,train
hrd_binary_33,TCGA-E9-A3X8,5,train
hrd_binary_33,TCGA-E9-A5FL,5,train
hrd_binary_33,TCGA-E9-A5UO,5,train
hrd_binary_33,TCGA-E9-A6HE,5,train
hrd_binary_33,TCGA-EW-A1IW,5,train
hrd_binary_33,TCGA-EW-A1IY,5,train
hrd_binary_33,TCGA-EW-A1IZ,5,train
hrd_binary_33,TCGA-EW-A1J1,5,train
hrd_binary_33,TCGA-EW-A1J6,5,train
hrd_binary_33,TCGA-EW-A1OX,5,train
hrd_binary_33,TCGA-EW-A1OY,5,train
hrd_binary_33,TCGA-EW-A1OZ,5,train
hrd_binary_33,TCGA-EW-A1P0,5,train
hrd_binary_33,TCGA-EW-A1P1,5,train
hrd_binary_33,TCGA-EW-A1P3,5,train
hrd_binary_33,TCGA-EW-A1P4,5,train
hrd_binary_33,TCGA-EW-A1P5,5,train
hrd_binary_33,TCGA-EW-A1P6,5,train
hrd_binary_33,TCGA-EW-A1P7,5,train
hrd_binary_33,TCGA-EW-A1P8,5,train
hrd_binary_33,TCGA-EW-A1PA,5,train
hrd_binary_33,TCGA-EW-A1PE,5,train
hrd_binary_33,TCGA-EW-A1PG,5,train
hrd_binary_33,TCGA-EW-A1PH,5,train
hrd_binary_33,TCGA-EW-A2FS,5,train
hrd_binary_33,TCGA-EW-A2FV,5,train
hrd_binary_33,TCGA-EW-A6SB,5,train
hrd_binary_33,TCGA-EW-A6SD,5,train
hrd_binary_33,TCGA-GM-A2DA,5,train
hrd_binary_33,TCGA-GM-A2DC,5,train
hrd_binary_33,TCGA-GM-A2DD,5,train
hrd_binary_33,TCGA-GM-A2DF,5,train
hrd_binary_33,TCGA-GM-A2DH,5,train
hrd_binary_33,TCGA-GM-A2DK,5,train
hrd_binary_33,TCGA-GM-A2DL,5,train
hrd_binary_33,TCGA-GM-A2DN,5,train
hrd_binary_33,TCGA-GM-A3NW,5,train
hrd_binary_33,TCGA-GM-A5PX,5,train
hrd_binary_33,TCGA-HN-A2NL,5,train
hrd_binary_33,TCGA-HN-A2OB,5,train
hrd_binary_33,TCGA-LD-A66U,5,train
hrd_binary_33,TCGA-LL-A50Y,5,train
hrd_binary_33,TCGA-LL-A5YL,5,train
hrd_binary_33,TCGA-LL-A5YM,5,train
hrd_binary_33,TCGA-LL-A5YN,5,train
hrd_binary_33,TCGA-LL-A5YP,5,train
hrd_binary_33,TCGA-LL-A6FQ,5,train
hrd_binary_33,TCGA-LL-A6FR,5,train
hrd_binary_33,TCGA-LL-A73Y,5,train
hrd_binary_33,TCGA-LL-A73Z,5,train
hrd_binary_33,TCGA-LL-A7SZ,5,train
hrd_binary_33,TCGA-LL-A7T0,5,train
hrd_binary_33,TCGA-LL-A8F5,5,train
hrd_binary_33,TCGA-OL-A5D6,5,train
hrd_binary_33,TCGA-OL-A5D7,5,train
hrd_binary_33,TCGA-OL-A5D8,5,train
hrd_binary_33,TCGA-OL-A5DA,5,train
hrd_binary_33,TCGA-OL-A5RU,5,train
hrd_binary_33,TCGA-OL-A5RV,5,train
hrd_binary_33,TCGA-OL-A5RW,5,train
hrd_binary_33,TCGA-OL-A5RX,5,train
hrd_binary_33,TCGA-OL-A5RZ,5,train
hrd_binary_33,TCGA-OL-A5S0,5,train
hrd_binary_33,TCGA-OL-A66H,5,train
hrd_binary_33,TCGA-OL-A66I,5,train
hrd_binary_33,TCGA-OL-A66J,5,train
hrd_binary_33,TCGA-OL-A66K,5,train
hrd_binary_33,TCGA-OL-A66L,5,train
hrd_binary_33,TCGA-OL-A66N,5,train
hrd_binary_33,TCGA-OL-A66O,5,train
hrd_binary_33,TCGA-OL-A6VO,5,train
hrd_binary_33,TCGA-OL-A6VQ,5,train
hrd_binary_33,TCGA-OL-A6VR,5,train
hrd_binary_33,TCGA-OL-A97C,5,train
hrd_binary_33,TCGA-PE-A5DD,5,train
hrd_binary_33,TCGA-PL-A8LV,5,train
hrd_binary_33,TCGA-PL-A8LZ,5,train
hrd_binary_33,TCGA-S3-A6ZF,5,train
hrd_binary_33,TCGA-S3-A6ZG,5,train
hrd_binary_33,TCGA-S3-A6ZH,5,train
hrd_binary_33,TCGA-S3-AA10,5,train
hrd_binary_33,TCGA-S3-AA11,5,train
hrd_binary_33,TCGA-S3-AA12,5,train
hrd_binary_33,TCGA-S3-AA14,5,train
hrd_binary_33,TCGA-S3-AA17,5,train
hrd_binary_33,TCGA-UU-A93S,5,train
hrd_binary_33,TCGA-V7-A7HQ,5,train
hrd_binary_33,TCGA-W8-A86G,5,train
hrd_binary_33,TCGA-WT-AB44,5,train
hrd_binary_33,TCGA-XX-A899,5,train
hrd_binary_33,TCGA-XX-A89A,5,train
hrd_binary_33,TCGA-Z7-A8R6,5,train
hrd_binary_33,TCGA-E2-A1BD,5,inner_train
hrd_binary_33,TCGA-AN-A0XP,5,inner_train
hrd_binary_33,TCGA-BH-A0BP,5,inner_train
hrd_binary_33,TCGA-EW-A1P8,5,inner_train
hrd_binary_33,TCGA-AR-A2LK,5,inner_train
hrd_binary_33,TCGA-BH-A0EB,5,inner_train
hrd_binary_33,TCGA-D8-A1Y1,5,inner_train
hrd_binary_33,TCGA-E9-A1RH,5,inner_train
hrd_binary_33,TCGA-C8-A12P,5,inner_train
hrd_binary_33,TCGA-A2-A1FX,5,inner_train
hrd_binary_33,TCGA-A2-A0EY,5,inner_train
hrd_binary_33,TCGA-BH-A1EY,5,inner_train
hrd_binary_33,TCGA-AN-A0FZ,5,inner_train
hrd_binary_33,TCGA-E9-A248,5,inner_train
hrd_binary_33,TCGA-EW-A6SB,5,inner_train
hrd_binary_33,TCGA-AR-A0TY,5,inner_train
hrd_binary_33,TCGA-AR-A0TT,5,inner_train
hrd_binary_33,TCGA-A8-A09C,5,inner_train
hrd_binary_33,TCGA-B6-A0I9,5,inner_train
hrd_binary_33,TCGA-AO-A0JF,5,inner_train
hrd_binary_33,TCGA-AC-A2B8,5,inner_train
hrd_binary_33,TCGA-A7-A13E,5,inner_train
hrd_binary_33,TCGA-A2-A04W,5,inner_train
hrd_binary_33,TCGA-AR-A5QN,5,inner_train
hrd_binary_33,TCGA-OL-A66O,5,inner_train
hrd_binary_33,TCGA-E9-A247,5,inner_train
hrd_binary_33,TCGA-BH-A0E1,5,inner_train
hrd_binary_33,TCGA-E2-A10C,5,inner_train
hrd_binary_33,TCGA-B6-A0IJ,5,inner_train
hrd_binary_33,TCGA-BH-A0B5,5,inner_train
hrd_binary_33,TCGA-E2-A155,5,inner_train
hrd_binary_33,TCGA-OL-A5RW,5,inner_train
hrd_binary_33,TCGA-BH-A1F0,5,inner_train
hrd_binary_33,TCGA-BH-A0B7,5,inner_train
hrd_binary_33,TCGA-E2-A9RU,5,inner_train
hrd_binary_33,TCGA-AN-A041,5,inner_train
hrd_binary_33,TCGA-B6-A1KF,5,inner_train
hrd_binary_33,TCGA-EW-A1J6,5,inner_train
hrd_binary_33,TCGA-OL-A5RZ,5,inner_train
hrd_binary_33,TCGA-BH-A0BL,5,inner_train
hrd_binary_33,TCGA-HN-A2NL,5,inner_train
hrd_binary_33,TCGA-BH-A0DX,5,inner_train
hrd_binary_33,TCGA-A2-A0YT,5,inner_train
hrd_binary_33,TCGA-D8-A1J9,5,inner_train
hrd_binary_33,TCGA-OL-A5RX,5,inner_train
hrd_binary_33,TCGA-EW-A1P5,5,inner_train
hrd_binary_33,TCGA-D8-A140,5,inner_train
hrd_binary_33,TCGA-GM-A2DA,5,inner_train
hrd_binary_33,TCGA-AO-A0JG,5,inner_train
hrd_binary_33,TCGA-AR-A1AH,5,inner_train
hrd_binary_33,TCGA-EW-A1PA,5,inner_train
hrd_binary_33,TCGA-LL-A73Z,5,inner_train
hrd_binary_33,TCGA-E2-A153,5,inner_train
hrd_binary_33,TCGA-OL-A66J,5,inner_train
hrd_binary_33,TCGA-B6-A0RU,5,inner_train
hrd_binary_33,TCGA-B6-A0RE,5,inner_train
hrd_binary_33,TCGA-A2-A0YF,5,inner_train
hrd_binary_33,TCGA-BH-A0C1,5,inner_train
hrd_binary_33,TCGA-AO-A03P,5,inner_train
hrd_binary_33,TCGA-D8-A1JD,5,inner_train
hrd_binary_33,TCGA-E2-A1IH,5,inner_train
hrd_binary_33,TCGA-A2-A4S1,5,inner_train
hrd_binary_33,TCGA-B6-A0IE,5,inner_train
hrd_binary_33,TCGA-AR-A5QP,5,inner_train
hrd_binary_33,TCGA-A2-A0SX,5,inner_train
hrd_binary_33,TCGA-A8-A075,5,inner_train
hrd_binary_33,TCGA-A2-A259,5,inner_train
hrd_binary_33,TCGA-BH-A0DH,5,inner_train
hrd_binary_33,TCGA-A7-A26H,5,inner_train
hrd_binary_33,TCGA-BH-A0BF,5,inner_train
hrd_binary_33,TCGA-D8-A13Z,5,inner_train
hrd_binary_33,TCGA-A8-A07J,5,inner_train
hrd_binary_33,TCGA-A2-A04V,5,inner_train
hrd_binary_33,TCGA-XX-A899,5,inner_train
hrd_binary_33,TCGA-E2-A150,5,inner_train
hrd_binary_33,TCGA-E2-A1LG,5,inner_train
hrd_binary_33,TCGA-C8-A1HF,5,inner_train
hrd_binary_33,TCGA-D8-A1XT,5,inner_train
hrd_binary_33,TCGA-BH-A1FC,5,inner_train
hrd_binary_33,TCGA-BH-A0E2,5,inner_train
hrd_binary_33,TCGA-AR-A1AP,5,inner_train
hrd_binary_33,TCGA-C8-A12U,5,inner_train
hrd_binary_33,TCGA-C8-A1HL,5,inner_train
hrd_binary_33,TCGA-A7-A13D,5,inner_train
hrd_binary_33,TCGA-BH-A8FY,5,inner_train
hrd_binary_33,TCGA-B6-A0IN,5,inner_train
hrd_binary_33,TCGA-A8-A08B,5,inner_train
hrd_binary_33,TCGA-AO-A0J8,5,inner_train
hrd_binary_33,TCGA-E2-A15R,5,inner_train
hrd_binary_33,TCGA-AO-A0J4,5,inner_train
hrd_binary_33,TCGA-OL-A5DA,5,inner_train
hrd_binary_33,TCGA-D8-A1JS,5,inner_train
hrd_binary_33,TCGA-BH-A0C3,5,inner_train
hrd_binary_33,TCGA-E2-A10A,5,inner_train
hrd_binary_33,TCGA-S3-AA17,5,inner_train
hrd_binary_33,TCGA-AR-A1AQ,5,inner_train
hrd_binary_33,TCGA-AO-A0JI,5,inner_train
hrd_binary_33,TCGA-AR-A1AI,5,inner_train
hrd_binary_33,TCGA-A8-A09G,5,inner_train
hrd_binary_33,TCGA-BH-A0DG,5,inner_train
hrd_binary_33,TCGA-BH-A0B3,5,inner_train
hrd_binary_33,TCGA-E2-A1B5,5,inner_train
hrd_binary_33,TCGA-EW-A1P6,5,inner_train
hrd_binary_33,TCGA-A2-A0T5,5,inner_train
hrd_binary_33,TCGA-E9-A1N5,5,inner_train
hrd_binary_33,TCGA-BH-A208,5,inner_train
hrd_binary_33,TCGA-A2-A0SY,5,inner_train
hrd_binary_33,TCGA-E9-A1NC,5,inner_train
hrd_binary_33,TCGA-A8-A09N,5,inner_train
hrd_binary_33,TCGA-GM-A5PX,5,inner_train
hrd_binary_33,TCGA-5T-A9QA,5,inner_train
hrd_binary_33,TCGA-LL-A8F5,5,inner_train
hrd_binary_33,TCGA-B6-A0I2,5,inner_train
hrd_binary_33,TCGA-GM-A2DN,5,inner_train
hrd_binary_33,TCGA-D8-A73U,5,inner_train
hrd_binary_33,TCGA-EW-A1OZ,5,inner_train
hrd_binary_33,TCGA-A7-A56D,5,inner_train
hrd_binary_33,TCGA-AN-A04D,5,inner_train
hrd_binary_33,TCGA-AR-A254,5,inner_train
hrd_binary_33,TCGA-OL-A5RV,5,inner_train
hrd_binary_33,TCGA-AR-A24Z,5,inner_train
hrd_binary_33,TCGA-S3-AA12,5,inner_train
hrd_binary_33,TCGA-BH-A0AU,5,inner_train
hrd_binary_33,TCGA-LL-A5YM,5,inner_train
hrd_binary_33,TCGA-A7-A26I,5,inner_train
hrd_binary_33,TCGA-AO-A0JJ,5,inner_train
hrd_binary_33,TCGA-BH-A0W3,5,inner_train
hrd_binary_33,TCGA-AR-A250,5,inner_train
hrd_binary_33,TCGA-E2-A1B4,5,inner_train
hrd_binary_33,TCGA-B6-A0IC,5,inner_train
hrd_binary_33,TCGA-AR-A2LH,5,inner_train
hrd_binary_33,TCGA-S3-AA14,5,inner_train
hrd_binary_33,TCGA-A7-A13F,5,inner_train
hrd_binary_33,TCGA-BH-A0DZ,5,inner_train
hrd_binary_33,TCGA-B6-A0RL,5,inner_train
hrd_binary_33,TCGA-EW-A1IW,5,inner_train
hrd_binary_33,TCGA-BH-A0GY,5,inner_train
hrd_binary_33,TCGA-EW-A1IY,5,inner_train
hrd_binary_33,TCGA-BH-A18P,5,inner_train
hrd_binary_33,TCGA-OL-A97C,5,inner_train
hrd_binary_33,TCGA-A2-A0YE,5,inner_train
hrd_binary_33,TCGA-AO-A128,5,inner_train
hrd_binary_33,TCGA-BH-A0AY,5,inner_train
hrd_binary_33,TCGA-D8-A1JI,5,inner_train
hrd_binary_33,TCGA-E9-A1RG,5,inner_train
hrd_binary_33,TCGA-A1-A0SK,5,inner_train
hrd_binary_33,TCGA-A2-A0EM,5,inner_train
hrd_binary_33,TCGA-B6-A0RG,5,inner_train
hrd_binary_33,TCGA-A8-A0A6,5,inner_train
hrd_binary_33,TCGA-D8-A1XJ,5,inner_train
hrd_binary_33,TCGA-AC-A4ZE,5,inner_train
hrd_binary_33,TCGA-C8-A8HQ,5,inner_train
hrd_binary_33,TCGA-OL-A5RU,5,inner_train
hrd_binary_33,TCGA-BH-A0HA,5,inner_train
hrd_binary_33,TCGA-AN-A0FT,5,inner_train
hrd_binary_33,TCGA-AN-A0AT,5,inner_train
hrd_binary_33,TCGA-E2-A56Z,5,inner_train
hrd_binary_33,TCGA-AO-A03O,5,inner_train
hrd_binary_33,TCGA-BH-A0HX,5,inner_train
hrd_binary_33,TCGA-B6-A0X1,5,inner_train
hrd_binary_33,TCGA-OL-A66H,5,inner_train
hrd_binary_33,TCGA-E9-A5FL,5,inner_train
hrd_binary_33,TCGA-AR-A1AR,5,inner_train
hrd_binary_33,TCGA-AR-A0TV,5,inner_train
hrd_binary_33,TCGA-D8-A1JH,5,inner_train
hrd_binary_33,TCGA-A1-A0SJ,5,inner_train
hrd_binary_33,TCGA-BH-AB28,5,inner_train
hrd_binary_33,TCGA-E9-A228,5,inner_train
hrd_binary_33,TCGA-E2-A14Q,5,inner_train
hrd_binary_33,TCGA-A8-A09B,5,inner_train
hrd_binary_33,TCGA-C8-A135,5,inner_train
hrd_binary_33,TCGA-S3-A6ZF,5,inner_train
hrd_binary_33,TCGA-AO-A0JM,5,inner_train
hrd_binary_33,TCGA-A8-A093,5,inner_train
hrd_binary_33,TCGA-AO-A0JB,5,inner_train
hrd_binary_33,TCGA-AO-A0J6,5,inner_train
hrd_binary_33,TCGA-D8-A1X5,5,inner_train
hrd_binary_33,TCGA-E2-A1L6,5,inner_train
hrd_binary_33,TCGA-AO-A1KP,5,inner_train
hrd_binary_33,TCGA-AN-A0XS,5,inner_train
hrd_binary_33,TCGA-D8-A1XB,5,inner_train
hrd_binary_33,TCGA-A2-A0SU,5,inner_train
hrd_binary_33,TCGA-E9-A229,5,inner_train
hrd_binary_33,TCGA-AN-A049,5,inner_train
hrd_binary_33,TCGA-A8-A094,5,inner_train
hrd_binary_33,TCGA-E2-A1LH,5,inner_train
hrd_binary_33,TCGA-AN-A0FK,5,inner_train
hrd_binary_33,TCGA-LL-A5YN,5,inner_train
hrd_binary_33,TCGA-E2-A158,5,inner_train
hrd_binary_33,TCGA-B6-A0X5,5,inner_train
hrd_binary_33,TCGA-AO-A0JD,5,inner_train
hrd_binary_33,TCGA-BH-A0HW,5,inner_train
hrd_binary_33,TCGA-A2-A0YD,5,inner_train
hrd_binary_33,TCGA-LL-A5YP,5,inner_train
hrd_binary_33,TCGA-E2-A570,5,inner_train
hrd_binary_33,TCGA-GM-A2DC,5,inner_train
hrd_binary_33,TCGA-A8-A09A,5,inner_train
hrd_binary_33,TCGA-E2-A15D,5,inner_train
hrd_binary_33,TCGA-BH-A0DK,5,inner_train
hrd_binary_33,TCGA-AO-A12F,5,inner_train
hrd_binary_33,TCGA-D8-A1XM,5,inner_train
hrd_binary_33,TCGA-A8-A07U,5,inner_train
hrd_binary_33,TCGA-A2-A25A,5,inner_train
hrd_binary_33,TCGA-AO-A0J2,5,inner_train
hrd_binary_33,TCGA-E9-A226,5,inner_train
hrd_binary_33,TCGA-A7-A0CE,5,inner_train
hrd_binary_33,TCGA-AO-A12A,5,inner_train
hrd_binary_33,TCGA-AQ-A04H,5,inner_train
hrd_binary_33,TCGA-A7-A0D9,5,inner_train
hrd_binary_33,TCGA-AR-A2LO,5,inner_train
hrd_binary_33,TCGA-C8-A12M,5,inner_train
hrd_binary_33,TCGA-E9-A6HE,5,inner_train
hrd_binary_33,TCGA-AO-A03T,5,inner_train
hrd_binary_33,TCGA-D8-A1XL,5,inner_train
hrd_binary_33,TCGA-C8-A12L,5,inner_train
hrd_binary_33,TCGA-GM-A2DL,5,inner_train
hrd_binary_33,TCGA-A2-A0CS,5,inner_train
hrd_binary_33,TCGA-C8-A26V,5,inner_train
hrd_binary_33,TCGA-B6-A0WZ,5,inner_train
hrd_binary_33,TCGA-BH-A0B9,5,inner_train
hrd_binary_33,TCGA-EW-A1OX,5,inner_train
hrd_binary_33,TCGA-E9-A1RB,5,inner_train
hrd_binary_33,TCGA-AN-A0AL,5,inner_train
hrd_binary_33,TCGA-EW-A1PH,5,inner_train
hrd_binary_33,TCGA-D8-A145,5,inner_train
hrd_binary_33,TCGA-D8-A13Y,5,inner_train
hrd_binary_33,TCGA-D8-A27V,5,inner_train
hrd_binary_33,TCGA-PL-A8LV,5,inner_train
hrd_binary_33,TCGA-D8-A1JC,5,inner_train
hrd_binary_33,TCGA-GM-A2DF,5,inner_train
hrd_binary_33,TCGA-PL-A8LZ,5,inner_train
hrd_binary_33,TCGA-AR-A24Q,5,inner_train
hrd_binary_33,TCGA-OL-A66K,5,inner_train
hrd_binary_33,TCGA-A2-A0YC,5,inner_train
hrd_binary_33,TCGA-S3-AA10,5,inner_train
hrd_binary_33,TCGA-AN-A04C,5,inner_train
hrd_binary_33,TCGA-D8-A1XC,5,inner_train
hrd_binary_33,TCGA-B6-A409,5,inner_train
hrd_binary_33,TCGA-AR-A0TW,5,inner_train
hrd_binary_33,TCGA-E2-A156,5,inner_train
hrd_binary_33,TCGA-B6-A0X4,5,inner_train
hrd_binary_33,TCGA-A2-A25D,5,inner_train
hrd_binary_33,TCGA-A8-A0A4,5,inner_train
hrd_binary_33,TCGA-BH-A1EV,5,inner_train
hrd_binary_33,TCGA-AN-A03Y,5,inner_train
hrd_binary_33,TCGA-E9-A1R0,5,inner_train
hrd_binary_33,TCGA-AR-A24O,5,inner_train
hrd_binary_33,TCGA-BH-A209,5,inner_train
hrd_binary_33,TCGA-A7-A0DA,5,inner_train
hrd_binary_33,TCGA-BH-A18F,5,inner_train
hrd_binary_33,TCGA-C8-A131,5,inner_train
hrd_binary_33,TCGA-AC-A23E,5,inner_train
hrd_binary_33,TCGA-A8-A06Q,5,inner_train
hrd_binary_33,TCGA-BH-A0H7,5,inner_train
hrd_binary_33,TCGA-AR-A2LQ,5,inner_train
hrd_binary_33,TCGA-EW-A1PE,5,inner_train
hrd_binary_33,TCGA-LL-A5YL,5,inner_train
hrd_binary_33,TCGA-C8-A8HP,5,inner_train
hrd_binary_33,TCGA-A2-A04T,5,inner_train
hrd_binary_33,TCGA-AR-A1AO,5,inner_train
hrd_binary_33,TCGA-A2-A0CP,5,inner_train
hrd_binary_33,TCGA-AR-A251,5,inner_train
hrd_binary_33,TCGA-A8-A09D,5,inner_train
hrd_binary_33,TCGA-S3-A6ZH,5,inner_train
hrd_binary_33,TCGA-BH-A18I,5,inner_train
hrd_binary_33,TCGA-C8-A137,5,inner_train
hrd_binary_33,TCGA-A2-A0ES,5,inner_train
hrd_binary_33,TCGA-A7-A5ZV,5,inner_train
hrd_binary_33,TCGA-OL-A5D8,5,inner_train
hrd_binary_33,TCGA-AR-A2LN,5,inner_train
hrd_binary_33,TCGA-A2-A04Q,5,inner_train
hrd_binary_33,TCGA-EW-A1PG,5,inner_train
hrd_binary_33,TCGA-E2-A159,5,inner_train
hrd_binary_33,TCGA-A8-A07B,5,inner_train
hrd_binary_33,TCGA-A8-A08T,5,inner_train
hrd_binary_33,TCGA-E2-A1IK,5,inner_train
hrd_binary_33,TCGA-D8-A1Y2,5,inner_train
hrd_binary_33,TCGA-A8-A08R,5,inner_train
hrd_binary_33,TCGA-D8-A27W,5,inner_train
hrd_binary_33,TCGA-AO-A0JA,5,inner_train
hrd_binary_33,TCGA-EW-A1J1,5,inner_train
hrd_binary_33,TCGA-E2-A1IJ,5,inner_train
hrd_binary_33,TCGA-B6-A0WS,5,inner_train
hrd_binary_33,TCGA-AN-A0FV,5,inner_train
hrd_binary_33,TCGA-E2-A15G,5,inner_train
hrd_binary_33,TCGA-A8-A0A1,5,inner_train
hrd_binary_33,TCGA-A8-A0A7,5,inner_train
hrd_binary_33,TCGA-B6-A40C,5,inner_train
hrd_binary_33,TCGA-E2-A1IU,5,inner_train
hrd_binary_33,TCGA-A2-A4S3,5,inner_train
hrd_binary_33,TCGA-OL-A66N,5,inner_train
hrd_binary_33,TCGA-E9-A1R5,5,inner_train
hrd_binary_33,TCGA-AC-A5XU,5,inner_train
hrd_binary_33,TCGA-AC-A8OR,5,inner_train
hrd_binary_33,TCGA-C8-A12W,5,inner_train
hrd_binary_33,TCGA-A8-A06Y,5,inner_train
hrd_binary_33,TCGA-BH-A0HP,5,inner_train
hrd_binary_33,TCGA-A2-A0SW,5,inner_train
hrd_binary_33,TCGA-BH-A6R8,5,inner_train
hrd_binary_33,TCGA-A8-A06P,5,inner_train
hrd_binary_33,TCGA-3C-AALJ,5,inner_train
hrd_binary_33,TCGA-BH-A204,5,inner_train
hrd_binary_33,TCGA-E9-A1RC,5,inner_train
hrd_binary_33,TCGA-A7-A26J,5,inner_train
hrd_binary_33,TCGA-A2-A0T2,5,inner_train
hrd_binary_33,TCGA-D8-A73W,5,inner_train
hrd_binary_33,TCGA-A8-A099,5,inner_train
hrd_binary_33,TCGA-AR-A24S,5,inner_train
hrd_binary_33,TCGA-D8-A1JN,5,inner_train
hrd_binary_33,TCGA-E2-A1AZ,5,inner_train
hrd_binary_33,TCGA-GM-A2DH,5,inner_train
hrd_binary_33,TCGA-EW-A2FS,5,inner_train
hrd_binary_33,TCGA-C8-A26W,5,inner_train
hrd_binary_33,TCGA-E9-A1R3,5,inner_train
hrd_binary_33,TCGA-E9-A2JS,5,inner_train
hrd_binary_33,TCGA-EW-A2FV,5,inner_train
hrd_binary_33,TCGA-AN-A0AJ,5,inner_train
hrd_binary_33,TCGA-BH-A18T,5,inner_train
hrd_binary_33,TCGA-AO-A03R,5,inner_train
hrd_binary_33,TCGA-WT-AB44,5,inner_train
hrd_binary_33,TCGA-A2-A04Y,5,inner_train
hrd_binary_33,TCGA-E9-A22H,5,inner_train
hrd_binary_33,TCGA-A2-A0CU,5,inner_train
hrd_binary_33,TCGA-A8-A079,5,inner_train
hrd_binary_33,TCGA-3C-AALI,5,inner_train
hrd_binary_33,TCGA-C8-A12Q,5,inner_train
hrd_binary_33,TCGA-E2-A1LL,5,inner_train
hrd_binary_33,TCGA-AC-A6NO,5,inner_train
hrd_binary_33,TCGA-D8-A3Z6,5,inner_train
hrd_binary_33,TCGA-BH-A0WA,5,inner_train
hrd_binary_33,TCGA-E2-A1IO,5,inner_train
hrd_binary_33,TCGA-C8-A12N,5,inner_train
hrd_binary_33,TCGA-GM-A3NW,5,inner_train
hrd_binary_33,TCGA-D8-A27R,5,inner_train
hrd_binary_33,TCGA-B6-A0X0,5,inner_train
hrd_binary_33,TCGA-E9-A244,5,inner_train
hrd_binary_33,TCGA-BH-A0E7,5,inner_train
hrd_binary_33,TCGA-C8-A27A,5,inner_train
hrd_binary_33,TCGA-BH-A1FM,5,inner_train
hrd_binary_33,TCGA-A2-A0YM,5,inner_train
hrd_binary_33,TCGA-A2-A0EX,5,inner_train
hrd_binary_33,TCGA-D8-A1XR,5,inner_train
hrd_binary_33,TCGA-E2-A15C,5,inner_train
hrd_binary_33,TCGA-A1-A0SF,5,inner_train
hrd_binary_33,TCGA-E9-A3X8,5,inner_train
hrd_binary_33,TCGA-E2-A573,5,inner_train
hrd_binary_33,TCGA-GM-A2DD,5,inner_train
hrd_binary_33,TCGA-D8-A1X7,5,inner_train
hrd_binary_33,TCGA-EW-A1P0,5,inner_train
hrd_binary_33,TCGA-B6-A0RH,5,inner_train
hrd_binary_33,TCGA-D8-A27P,5,inner_train
hrd_binary_33,TCGA-S3-AA11,5,inner_train
hrd_binary_33,TCGA-AC-A3QQ,5,inner_train
hrd_binary_33,TCGA-BH-A0BR,5,inner_train
hrd_binary_33,TCGA-AN-A0XR,5,inner_train
hrd_binary_33,TCGA-C8-A26X,5,inner_train
hrd_binary_33,TCGA-BH-A0AV,5,inner_train
hrd_binary_33,TCGA-A2-A0EN,5,inner_train
hrd_binary_33,TCGA-BH-A0BJ,5,inner_train
hrd_binary_33,TCGA-A2-A1G4,5,inner_train
hrd_binary_33,TCGA-A2-A0EU,5,inner_train
hrd_binary_33,TCGA-BH-A8FZ,5,inner_train
hrd_binary_33,TCGA-D8-A1JU,5,inner_train
hrd_binary_33,TCGA-B6-A0RS,5,inner_train
hrd_binary_33,TCGA-A7-A6VX,5,inner_train
hrd_binary_33,TCGA-LL-A7SZ,5,inner_train
hrd_binary_33,TCGA-BH-A18S,5,inner_train
hrd_binary_33,TCGA-BH-A0DI,5,inner_train
hrd_binary_33,TCGA-A2-A0T0,5,inner_train
hrd_binary_33,TCGA-E2-A1BC,5,inner_train
hrd_binary_33,TCGA-A2-A0T1,5,inner_train
hrd_binary_33,TCGA-AN-A0FN,5,inner_train
hrd_binary_33,TCGA-E9-A1N9,5,inner_train
hrd_binary_33,TCGA-BH-A42V,5,inner_train
hrd_binary_33,TCGA-E9-A227,5,inner_train
hrd_binary_33,TCGA-OL-A66I,5,inner_train
hrd_binary_33,TCGA-AR-A0TQ,5,inner_train
hrd_binary_33,TCGA-BH-A1EU,5,inner_train
hrd_binary_33,TCGA-LL-A6FQ,5,inner_train
hrd_binary_33,TCGA-AR-A24P,5,inner_train
hrd_binary_33,TCGA-AR-A24X,5,inner_train
hrd_binary_33,TCGA-AO-A03L,5,inner_train
hrd_binary_33,TCGA-A2-A0EW,5,inner_train
hrd_binary_33,TCGA-BH-A0BO,5,inner_train
hrd_binary_33,TCGA-A8-A0AB,5,inner_train
hrd_binary_33,TCGA-E2-A14R,5,inner_train
hrd_binary_33,TCGA-AO-A03V,5,inner_train
hrd_binary_33,TCGA-A8-A090,5,inner_train
hrd_binary_33,TCGA-A8-A07O,5,inner_train
hrd_binary_33,TCGA-D8-A1XO,5,inner_train
hrd_binary_33,TCGA-E9-A1NA,5,inner_train
hrd_binary_33,TCGA-BH-A18J,5,inner_train
hrd_binary_33,TCGA-C8-A133,5,inner_train
hrd_binary_33,TCGA-LD-A66U,5,inner_train
hrd_binary_33,TCGA-B6-A0WT,5,inner_train
hrd_binary_33,TCGA-C8-A12O,5,inner_train
hrd_binary_33,TCGA-A8-A09Z,5,inner_train
hrd_binary_33,TCGA-B6-A0RI,5,inner_train
hrd_binary_33,TCGA-E9-A1NI,5,inner_train
hrd_binary_33,TCGA-A8-A08X,5,inner_train
hrd_binary_33,TCGA-AO-A12H,5,inner_train
hrd_binary_33,TCGA-C8-A1HG,5,inner_train
hrd_binary_33,TCGA-C8-A12Z,5,inner_train
hrd_binary_33,TCGA-E9-A5UO,5,inner_train
hrd_binary_33,TCGA-E2-A1LK,5,inner_train
hrd_binary_33,TCGA-BH-A1FJ,5,inner_train
hrd_binary_33,TCGA-E2-A15H,5,inner_train
hrd_binary_33,TCGA-E9-A2JT,5,inner_train
hrd_binary_33,TCGA-E9-A1ND,5,inner_train
hrd_binary_33,TCGA-EW-A6SD,5,inner_train
hrd_binary_33,TCGA-D8-A27L,5,inner_train
hrd_binary_33,TCGA-AC-A2FB,5,inner_train
hrd_binary_33,TCGA-EW-A1OY,5,inner_train
hrd_binary_33,TCGA-B6-A0RO,5,inner_train
hrd_binary_33,TCGA-A7-A4SE,5,inner_train
hrd_binary_33,TCGA-BH-A8G0,5,inner_train
hrd_binary_33,TCGA-A8-A06Z,5,inner_train
hrd_binary_33,TCGA-C8-A1HK,5,inner_train
hrd_binary_33,TCGA-E2-A1LA,5,inner_train
hrd_binary_33,TCGA-A7-A5ZX,5,inner_train
hrd_binary_33,TCGA-A7-A0DB,5,inner_train
hrd_binary_33,TCGA-AN-A0XO,5,inner_train
hrd_binary_33,TCGA-C8-A26Z,5,inner_train
hrd_binary_33,TCGA-OL-A6VQ,5,inner_train
hrd_binary_33,TCGA-A2-A0D4,5,inner_train
hrd_binary_33,TCGA-EW-A1P3,5,inner_train
hrd_binary_33,TCGA-AN-A0XW,5,inner_train
hrd_binary_33,TCGA-A1-A0SE,5,inner_train
hrd_binary_33,TCGA-B6-A0WY,5,inner_train
hrd_binary_33,TCGA-A8-A07P,5,inner_train
hrd_binary_33,TCGA-A1-A0SB,5,inner_train
hrd_binary_33,TCGA-C8-A8HR,5,inner_train
hrd_binary_33,TCGA-AR-A1AN,5,inner_train
hrd_binary_33,TCGA-OL-A5S0,5,inner_train
hrd_binary_33,TCGA-E2-A15P,5,inner_train
hrd_binary_33,TCGA-A8-A06U,5,inner_train
hrd_binary_33,TCGA-OL-A5D7,5,inner_train
hrd_binary_33,TCGA-E2-A15J,5,inner_train
hrd_binary_33,TCGA-E9-A1RF,5,inner_train
hrd_binary_33,TCGA-AR-A24W,5,inner_train
hrd_binary_33,TCGA-Z7-A8R6,5,inner_train
hrd_binary_33,TCGA-A8-A096,5,inner_train
hrd_binary_33,TCGA-A2-A0CT,5,inner_train
hrd_binary_33,TCGA-A8-A08Z,5,inner_train
hrd_binary_33,TCGA-EW-A1P4,5,inner_train
hrd_binary_33,TCGA-A2-A0YG,5,inner_train
hrd_binary_33,TCGA-AC-A6IW,5,inner_train
hrd_binary_33,TCGA-A2-A04P,5,inner_train
hrd_binary_33,TCGA-D8-A73X,5,inner_train
hrd_binary_33,TCGA-AR-A1AU,5,inner_train
hrd_binary_33,TCGA-A2-A0YJ,5,inner_train
hrd_binary_33,TCGA-LL-A50Y,5,inner_train
hrd_binary_33,TCGA-C8-A138,5,inner_train
hrd_binary_33,TCGA-AC-A2FG,5,inner_train
hrd_binary_33,TCGA-AR-A0TR,5,inner_train
hrd_binary_33,TCGA-UU-A93S,5,inner_train
hrd_binary_33,TCGA-XX-A89A,5,inner_train
hrd_binary_33,TCGA-BH-A1F2,5,inner_train
hrd_binary_33,TCGA-AN-A046,5,inner_train
hrd_binary_33,TCGA-A8-A07Z,5,inner_train
hrd_binary_33,TCGA-BH-A18M,5,inner_train
hrd_binary_33,TCGA-E9-A1R7,5,inner_train
hrd_binary_33,TCGA-BH-A0HB,5,inner_train
hrd_binary_33,TCGA-A2-A3XU,5,inner_val
hrd_binary_33,TCGA-E9-A1RA,5,inner_val
hrd_binary_33,TCGA-A2-A0CM,5,inner_val
hrd_binary_33,TCGA-A2-A0SV,5,inner_val
hrd_binary_33,TCGA-W8-A86G,5,inner_val
hrd_binary_33,TCGA-BH-A0BT,5,inner_val
hrd_binary_33,TCGA-BH-A0HQ,5,inner_val
hrd_binary_33,TCGA-BH-A1EW,5,inner_val
hrd_binary_33,TCGA-AN-A0FS,5,inner_val
hrd_binary_33,TCGA-E2-A14T,5,inner_val
hrd_binary_33,TCGA-A2-A0CR,5,inner_val
hrd_binary_33,TCGA-D8-A1JL,5,inner_val
hrd_binary_33,TCGA-AN-A0XU,5,inner_val
hrd_binary_33,TCGA-BH-A202,5,inner_val
hrd_binary_33,TCGA-E2-A154,5,inner_val
hrd_binary_33,TCGA-C8-A130,5,inner_val
hrd_binary_33,TCGA-BH-A0H0,5,inner_val
hrd_binary_33,TCGA-AN-A0FX,5,inner_val
hrd_binary_33,TCGA-OL-A6VO,5,inner_val
hrd_binary_33,TCGA-BH-A1EX,5,inner_val
hrd_binary_33,TCGA-E9-A22D,5,inner_val
hrd_binary_33,TCGA-5L-AAT0,5,inner_val
hrd_binary_33,TCGA-EW-A1IZ,5,inner_val
hrd_binary_33,TCGA-AC-A62Y,5,inner_val
hrd_binary_33,TCGA-AC-A3OD,5,inner_val
hrd_binary_33,TCGA-A8-A09M,5,inner_val
hrd_binary_33,TCGA-EW-A1P1,5,inner_val
hrd_binary_33,TCGA-E2-A15M,5,inner_val
hrd_binary_33,TCGA-AN-A0AR,5,inner_val
hrd_binary_33,TCGA-A7-A6VW,5,inner_val
hrd_binary_33,TCGA-AC-A8OQ,5,inner_val
hrd_binary_33,TCGA-A8-A092,5,inner_val
hrd_binary_33,TCGA-AR-A0TX,5,inner_val
hrd_binary_33,TCGA-A8-A082,5,inner_val
hrd_binary_33,TCGA-E9-A1N3,5,inner_val
hrd_binary_33,TCGA-A7-A0CJ,5,inner_val
hrd_binary_33,TCGA-A2-A0CX,5,inner_val
hrd_binary_33,TCGA-BH-A0DT,5,inner_val
hrd_binary_33,TCGA-B6-A401,5,inner_val
hrd_binary_33,TCGA-A7-A0CG,5,inner_val
hrd_binary_33,TCGA-C8-A1HE,5,inner_val
hrd_binary_33,TCGA-LL-A73Y,5,inner_val
hrd_binary_33,TCGA-AO-A0JE,5,inner_val
hrd_binary_33,TCGA-A2-A1G0,5,inner_val
hrd_binary_33,TCGA-E2-A15O,5,inner_val
hrd_binary_33,TCGA-EW-A1P7,5,inner_val
hrd_binary_33,TCGA-BH-A0C7,5,inner_val
hrd_binary_33,TCGA-AQ-A04J,5,inner_val
hrd_binary_33,TCGA-A7-A26E,5,inner_val
hrd_binary_33,TCGA-A2-A1G1,5,inner_val
hrd_binary_33,TCGA-B6-A2IU,5,inner_val
hrd_binary_33,TCGA-A1-A0SG,5,inner_val
hrd_binary_33,TCGA-AR-A1AY,5,inner_val
hrd_binary_33,TCGA-BH-A0DQ,5,inner_val
hrd_binary_33,TCGA-E9-A1RD,5,inner_val
hrd_binary_33,TCGA-AQ-A1H2,5,inner_val
hrd_binary_33,TCGA-D8-A1J8,5,inner_val
hrd_binary_33,TCGA-BH-A18N,5,inner_val
hrd_binary_33,TCGA-AN-A0AS,5,inner_val
hrd_binary_33,TCGA-B6-A0I5,5,inner_val
hrd_binary_33,TCGA-E2-A14O,5,inner_val
hrd_binary_33,TCGA-V7-A7HQ,5,inner_val
hrd_binary_33,TCGA-BH-A5IZ,5,inner_val
hrd_binary_33,TCGA-E2-A152,5,inner_val
hrd_binary_33,TCGA-C8-A26Y,5,inner_val
hrd_binary_33,TCGA-AC-A8OS,5,inner_val
hrd_binary_33,TCGA-A2-A25E,5,inner_val
hrd_binary_33,TCGA-BH-A1FG,5,inner_val
hrd_binary_33,TCGA-E2-A14X,5,inner_val
hrd_binary_33,TCGA-AR-A5QQ,5,inner_val
hrd_binary_33,TCGA-LL-A6FR,5,inner_val
hrd_binary_33,TCGA-BH-A1ET,5,inner_val
hrd_binary_33,TCGA-D8-A147,5,inner_val
hrd_binary_33,TCGA-D8-A1XY,5,inner_val
hrd_binary_33,TCGA-A8-A09T,5,inner_val
hrd_binary_33,TCGA-OL-A66L,5,inner_val
hrd_binary_33,TCGA-E9-A22G,5,inner_val
hrd_binary_33,TCGA-PE-A5DD,5,inner_val
hrd_binary_33,TCGA-AR-A0U0,5,inner_val
hrd_binary_33,TCGA-C8-A27B,5,inner_val
hrd_binary_33,TCGA-D8-A4Z1,5,inner_val
hrd_binary_33,TCGA-AN-A0XV,5,inner_val
hrd_binary_33,TCGA-A7-A6VY,5,inner_val
hrd_binary_33,TCGA-AR-A24N,5,inner_val
hrd_binary_33,TCGA-D8-A1Y3,5,inner_val
hrd_binary_33,TCGA-A2-A1FZ,5,inner_val
hrd_binary_33,TCGA-E2-A15A,5,inner_val
hrd_binary_33,TCGA-BH-A0DS,5,inner_val
hrd_binary_33,TCGA-A8-A09Q,5,inner_val
hrd_binary_33,TCGA-A8-A076,5,inner_val
hrd_binary_33,TCGA-HN-A2OB,5,inner_val
hrd_binary_33,TCGA-D8-A1JT,5,inner_val
hrd_binary_33,TCGA-E9-A22A,5,inner_val
hrd_binary_33,TCGA-D8-A27N,5,inner_val
hrd_binary_33,TCGA-BH-A1FU,5,inner_val
hrd_binary_33,TCGA-E9-A1NH,5,inner_val
hrd_binary_33,TCGA-OL-A5D6,5,inner_val
hrd_binary_33,TCGA-BH-A18U,5,inner_val
hrd_binary_33,TCGA-E2-A1L8,5,inner_val
hrd_binary_33,TCGA-A2-A25C,5,inner_val
hrd_binary_33,TCGA-E2-A1IF,5,inner_val
hrd_binary_33,TCGA-AC-A7VB,5,inner_val
hrd_binary_33,TCGA-AR-A24V,5,inner_val
hrd_binary_33,TCGA-E2-A15I,5,inner_val
hrd_binary_33,TCGA-C8-A273,5,inner_val
hrd_binary_33,TCGA-BH-A0HY,5,inner_val
hrd_binary_33,TCGA-AN-A0FY,5,inner_val
hrd_binary_33,TCGA-BH-A0HU,5,inner_val
hrd_binary_33,TCGA-A2-A3KD,5,inner_val
hrd_binary_33,TCGA-BH-A18L,5,inner_val
hrd_binary_33,TCGA-BH-A18H,5,inner_val
hrd_binary_33,TCGA-BH-A18G,5,inner_val
hrd_binary_33,TCGA-E9-A1NG,5,inner_val
hrd_binary_33,TCGA-E9-A22E,5,inner_val
hrd_binary_33,TCGA-A8-A08H,5,inner_val
hrd_binary_33,TCGA-AO-A1KR,5,inner_val
hrd_binary_33,TCGA-D8-A1JA,5,inner_val
hrd_binary_33,TCGA-BH-A0DL,5,inner_val
hrd_binary_33,TCGA-C8-A1HM,5,inner_val
hrd_binary_33,TCGA-S3-A6ZG,5,inner_val
hrd_binary_33,TCGA-BH-A0BM,5,inner_val
hrd_binary_33,TCGA-BH-A0BA,5,inner_val
hrd_binary_33,TCGA-BH-A0EE,5,inner_val
hrd_binary_33,TCGA-OL-A6VR,5,inner_val
hrd_binary_33,TCGA-AR-A1AW,5,inner_val
hrd_binary_33,TCGA-BH-A0DO,5,inner_val
hrd_binary_33,TCGA-GM-A2DK,5,inner_val
hrd_binary_33,TCGA-D8-A1XG,5,inner_val
hrd_binary_33,TCGA-A2-A04R,5,inner_val
hrd_binary_33,TCGA-AC-A5EH,5,inner_val
hrd_binary_33,TCGA-E2-A14Z,5,inner_val
hrd_binary_33,TCGA-AR-A24U,5,inner_val
hrd_binary_33,TCGA-A8-A08O,5,inner_val
hrd_binary_33,TCGA-C8-A12Y,5,inner_val
hrd_binary_33,TCGA-LL-A7T0,5,inner_val
hrd_binary_33,TCGA-D8-A27H,5,inner_val
hrd_binary_33,TCGA-D8-A143,5,inner_val
hrd_binary_33,TCGA-BH-A28Q,5,inner_val
hrd_binary_33,TCGA-A1-A0SQ,5,inner_val
hrd_binary_33,TCGA-A2-A0T6,5,inner_val
hrd_binary_33,TCGA-E2-A1B0,5,inner_val
hrd_binary_33,TCGA-E2-A1IG,5,inner_val
hrd_binary_33,TCGA-E9-A1R6,5,inner_val
hrd_binary_33,TCGA-D8-A1JB,5,inner_val
hrd_binary_33,TCGA-D8-A27F,5,inner_val
hrd_binary_33,TCGA-B6-A0IB,5,inner_val
hrd_binary_33,TCGA-AC-A23C,5,inner_val
hrd_binary_33,TCGA-D8-A1XZ,5,inner_val
hrd_binary_33,TCGA-BH-A0AZ,5,inner_val
hrd_binary_33,TCGA-BH-A18Q,5,inner_val
hrd_binary_33,TCGA-E2-A14Y,5,inner_val
hrd_binary_33,TCGA-B6-A0RN,5,inner_val
hrd_binary_33,TCGA-B6-A0WW,5,inner_val
hrd_binary_33,TCGA-A2-A0D3,5,inner_val
hrd_binary_33,TCGA-D8-A27K,5,inner_val
hrd_binary_33,TCGA-A1-A0SD,5,test
hrd_binary_33,TCGA-A1-A0SI,5,test
hrd_binary_33,TCGA-A1-A0SO,5,test
hrd_binary_33,TCGA-A2-A04N,5,test
hrd_binary_33,TCGA-A2-A04U,5,test
hrd_binary_33,TCGA-A2-A0CV,5,test
hrd_binary_33,TCGA-A2-A0CW,5,test
hrd_binary_33,TCGA-A2-A0D0,5,test
hrd_binary_33,TCGA-A2-A0D1,5,test
hrd_binary_33,TCGA-A2-A0EV,5,test
hrd_binary_33,TCGA-A2-A0T3,5,test
hrd_binary_33,TCGA-A2-A0T4,5,test
hrd_binary_33,TCGA-A2-A0T7,5,test
hrd_binary_33,TCGA-A2-A0YH,5,test
hrd_binary_33,TCGA-A2-A0YK,5,test
hrd_binary_33,TCGA-A2-A0YL,5,test
hrd_binary_33,TCGA-A2-A1FV,5,test
hrd_binary_33,TCGA-A2-A3Y0,5,test
hrd_binary_33,TCGA-A7-A0CH,5,test
hrd_binary_33,TCGA-A7-A5ZW,5,test
hrd_binary_33,TCGA-A8-A06R,5,test
hrd_binary_33,TCGA-A8-A06X,5,test
hrd_binary_33,TCGA-A8-A07I,5,test
hrd_binary_33,TCGA-A8-A07L,5,test
hrd_binary_33,TCGA-A8-A07W,5,test
hrd_binary_33,TCGA-A8-A081,5,test
hrd_binary_33,TCGA-A8-A083,5,test
hrd_binary_33,TCGA-A8-A08G,5,test
hrd_binary_33,TCGA-A8-A08L,5,test
hrd_binary_33,TCGA-A8-A091,5,test
hrd_binary_33,TCGA-A8-A095,5,test
hrd_binary_33,TCGA-A8-A097,5,test
hrd_binary_33,TCGA-A8-A09V,5,test
hrd_binary_33,TCGA-A8-A09W,5,test
hrd_binary_33,TCGA-A8-A09X,5,test
hrd_binary_33,TCGA-A8-A0A2,5,test
hrd_binary_33,TCGA-A8-A0AD,5,test
hrd_binary_33,TCGA-AC-A23H,5,test
hrd_binary_33,TCGA-AC-A2FO,5,test
hrd_binary_33,TCGA-AC-A2QH,5,test
hrd_binary_33,TCGA-AC-A3YI,5,test
hrd_binary_33,TCGA-AC-A5XS,5,test
hrd_binary_33,TCGA-AC-A6IV,5,test
hrd_binary_33,TCGA-AC-A6IX,5,test
hrd_binary_33,TCGA-AC-A7VC,5,test
hrd_binary_33,TCGA-AC-A8OP,5,test
hrd_binary_33,TCGA-AN-A03X,5,test
hrd_binary_33,TCGA-AN-A0AM,5,test
hrd_binary_33,TCGA-AN-A0FJ,5,test
hrd_binary_33,TCGA-AN-A0FW,5,test
hrd_binary_33,TCGA-AN-A0XN,5,test
hrd_binary_33,TCGA-AN-A0XT,5,test
hrd_binary_33,TCGA-AO-A0J3,5,test
hrd_binary_33,TCGA-AO-A0J7,5,test
hrd_binary_33,TCGA-AO-A0J9,5,test
hrd_binary_33,TCGA-AO-A124,5,test
hrd_binary_33,TCGA-AO-A12D,5,test
hrd_binary_33,TCGA-AO-A1KT,5,test
hrd_binary_33,TCGA-AQ-A1H3,5,test
hrd_binary_33,TCGA-AR-A0TP,5,test
hrd_binary_33,TCGA-AR-A0TS,5,test
hrd_binary_33,TCGA-AR-A0TZ,5,test
hrd_binary_33,TCGA-AR-A1AJ,5,test
hrd_binary_33,TCGA-AR-A1AK,5,test
hrd_binary_33,TCGA-AR-A1AX,5,test
hrd_binary_33,TCGA-AR-A24L,5,test
hrd_binary_33,TCGA-AR-A24R,5,test
hrd_binary_33,TCGA-AR-A252,5,test
hrd_binary_33,TCGA-AR-A256,5,test
hrd_binary_33,TCGA-AR-A5QM,5,test
hrd_binary_33,TCGA-B6-A0IH,5,test
hrd_binary_33,TCGA-B6-A0RP,5,test
hrd_binary_33,TCGA-B6-A0RV,5,test
hrd_binary_33,TCGA-B6-A1KC,5,test
hrd_binary_33,TCGA-B6-A1KN,5,test
hrd_binary_33,TCGA-BH-A0AW,5,test
hrd_binary_33,TCGA-BH-A0BC,5,test
hrd_binary_33,TCGA-BH-A0BZ,5,test
hrd_binary_33,TCGA-BH-A0DE,5,test
hrd_binary_33,TCGA-BH-A0DV,5,test
hrd_binary_33,TCGA-BH-A0E0,5,test
hrd_binary_33,TCGA-BH-A0E9,5,test
hrd_binary_33,TCGA-BH-A0EA,5,test
hrd_binary_33,TCGA-BH-A0H6,5,test
hrd_binary_33,TCGA-BH-A0HI,5,test
hrd_binary_33,TCGA-BH-A0HK,5,test
hrd_binary_33,TCGA-BH-A0HO,5,test
hrd_binary_33,TCGA-BH-A0W4,5,test
hrd_binary_33,TCGA-BH-A18K,5,test
hrd_binary_33,TCGA-BH-A18R,5,test
hrd_binary_33,TCGA-BH-A1EO,5,test
hrd_binary_33,TCGA-BH-A1FE,5,test
hrd_binary_33,TCGA-BH-A1FL,5,test
hrd_binary_33,TCGA-BH-A1FN,5,test
hrd_binary_33,TCGA-BH-A201,5,test
hrd_binary_33,TCGA-BH-A203,5,test
hrd_binary_33,TCGA-BH-A2L8,5,test
hrd_binary_33,TCGA-BH-A6R9,5,test
hrd_binary_33,TCGA-C8-A132,5,test
hrd_binary_33,TCGA-C8-A1HJ,5,test
hrd_binary_33,TCGA-C8-A275,5,test
hrd_binary_33,TCGA-C8-A278,5,test
hrd_binary_33,TCGA-D8-A141,5,test
hrd_binary_33,TCGA-D8-A1JF,5,test
hrd_binary_33,TCGA-D8-A1JG,5,test
hrd_binary_33,TCGA-D8-A1JJ,5,test
hrd_binary_33,TCGA-D8-A1JK,5,test
hrd_binary_33,TCGA-D8-A1JM,5,test
hrd_binary_33,TCGA-D8-A1JP,5,test
hrd_binary_33,TCGA-D8-A1X8,5,test
hrd_binary_33,TCGA-D8-A1X9,5,test
hrd_binary_33,TCGA-D8-A1XA,5,test
hrd_binary_33,TCGA-D8-A1XF,5,test
hrd_binary_33,TCGA-D8-A1XK,5,test
hrd_binary_33,TCGA-D8-A1XQ,5,test
hrd_binary_33,TCGA-D8-A1XV,5,test
hrd_binary_33,TCGA-D8-A1XW,5,test
hrd_binary_33,TCGA-D8-A1Y0,5,test
hrd_binary_33,TCGA-D8-A27E,5,test
hrd_binary_33,TCGA-D8-A27M,5,test
hrd_binary_33,TCGA-D8-A27T,5,test
hrd_binary_33,TCGA-E2-A15E,5,test
hrd_binary_33,TCGA-E2-A15K,5,test
hrd_binary_33,TCGA-E2-A15T,5,test
hrd_binary_33,TCGA-E2-A1IE,5,test
hrd_binary_33,TCGA-E2-A1IL,5,test
hrd_binary_33,TCGA-E2-A1L9,5,test
hrd_binary_33,TCGA-E2-A576,5,test
hrd_binary_33,TCGA-E9-A1N8,5,test
hrd_binary_33,TCGA-E9-A1NE,5,test
hrd_binary_33,TCGA-E9-A1RE,5,test
hrd_binary_33,TCGA-E9-A22B,5,test
hrd_binary_33,TCGA-E9-A243,5,test
hrd_binary_33,TCGA-E9-A245,5,test
hrd_binary_33,TCGA-E9-A24A,5,test
hrd_binary_33,TCGA-E9-A295,5,test
hrd_binary_33,TCGA-EW-A1J3,5,test
hrd_binary_33,TCGA-EW-A1OV,5,test
hrd_binary_33,TCGA-EW-A1PB,5,test
hrd_binary_33,TCGA-EW-A6SC,5,test
hrd_binary_33,TCGA-GM-A2DB,5,test
hrd_binary_33,TCGA-GM-A2DM,5,test
hrd_binary_33,TCGA-LD-A74U,5,test
hrd_binary_33,TCGA-LD-A7W5,5,test
hrd_binary_33,TCGA-LD-A7W6,5,test
hrd_binary_33,TCGA-LL-A9Q3,5,test
hrd_binary_33,TCGA-OK-A5Q2,5,test
hrd_binary_33,TCGA-OL-A5RY,5,test
hrd_binary_33,TCGA-OL-A66P,5,test
hrd_binary_33,TCGA-PE-A5DE,5,test
hrd_binary_33,TCGA-PL-A8LX,5,test
hrd_binary_33,TCGA-PL-A8LY,5,test
hrd_binary_33,TCGA-S3-AA0Z,5,test
hrd_binary_33,TCGA-WT-AB41,5,test
