endpoint,sample,fold,attention_max,attention_entropy,n_events
HRD_Score,TCGA-5T-A9QA,1,0.12049079686403275,3.7615771293640137,93
HRD_Score,TCGA-A1-A0SF,1,0.20664699375629425,3.3827364444732666,67
HRD_Score,TCGA-A2-A04Q,1,0.23523512482643127,3.2047197818756104,71
HRD_Score,TCGA-A2-A04T,1,0.04439818486571312,4.20800256729126,127
HRD_Score,TCGA-A2-A04U,1,0.3720463514328003,2.8296194076538086,71
HRD_Score,TCGA-A2-A0CM,1,0.11360222101211548,3.6168112754821777,76
HRD_Score,TCGA-A2-A0CV,1,0.18750648200511932,2.7114429473876953,27
HRD_Score,TCGA-A2-A0D1,1,0.16571754217147827,3.3239285945892334,79
HRD_Score,TCGA-A2-A0EN,1,0.14833040535449982,2.8349432945251465,43
HRD_Score,TCGA-A2-A0EY,1,0.04916207492351532,4.8780035972595215,299
HRD_Score,TCGA-A2-A0YC,1,0.20320141315460205,2.966446876525879,35
HRD_Score,TCGA-A2-A0YE,1,0.3164973556995392,2.921111822128296,50
HRD_Score,TCGA-A2-A0YF,1,0.3757849335670471,2.613253355026245,49
HRD_Score,TCGA-A2-A0YJ,1,0.1194375678896904,3.761641025543213,101
HRD_Score,TCGA-A2-A0YM,1,0.35584938526153564,3.210965633392334,115
HRD_Score,TCGA-A2-A1FV,1,0.08341383934020996,3.597289562225342,57
HRD_Score,TCGA-A2-A1FZ,1,0.48784810304641724,2.0630722045898438,36
HRD_Score,TCGA-A2-A25E,1,0.4075024127960205,2.388895273208618,69
HRD_Score,TCGA-A2-A4S1,1,0.12166698276996613,3.798405885696411,106
HRD_Score,TCGA-A7-A0CG,1,0.11336532980203629,3.597241163253784,78
HRD_Score,TCGA-A7-A13D,1,0.08402634412050247,4.151239395141602,158
HRD_Score,TCGA-A7-A26E,1,0.11494110524654388,3.550365924835205,71
HRD_Score,TCGA-A7-A26I,1,0.14337366819381714,3.069559097290039,47
HRD_Score,TCGA-A7-A4SE,1,0.053747933357954025,4.560750961303711,321
HRD_Score,TCGA-A8-A06X,1,0.0973534807562828,4.401355743408203,275
HRD_Score,TCGA-A8-A07O,1,0.08659213036298752,3.5532584190368652,58
HRD_Score,TCGA-A8-A07U,1,0.06629347056150436,3.9582104682922363,91
HRD_Score,TCGA-A8-A08X,1,0.2238636612892151,3.049267053604126,47
HRD_Score,TCGA-A8-A094,1,0.25046995282173157,3.9468886852264404,254
HRD_Score,TCGA-A8-A09B,1,0.2785683870315552,2.7699055671691895,60
HRD_Score,TCGA-A8-A09D,1,0.1112154871225357,3.536602258682251,64
HRD_Score,TCGA-A8-A09W,1,0.14844253659248352,3.706017017364502,119
HRD_Score,TCGA-A8-A09X,1,0.3184402287006378,3.0654306411743164,74
HRD_Score,TCGA-A8-A09Z,1,0.03389517217874527,6.457362651824951,1720
HRD_Score,TCGA-A8-A0A1,1,0.17496821284294128,3.2737011909484863,62
HRD_Score,TCGA-AC-A2FB,1,0.4204442799091339,2.0284838676452637,17
HRD_Score,TCGA-AC-A2FO,1,0.3252769112586975,2.612337350845337,32
HRD_Score,TCGA-AC-A5XS,1,0.01611817441880703,6.206462383270264,1454
HRD_Score,TCGA-AC-A5XU,1,0.15926311910152435,3.8111209869384766,119
HRD_Score,TCGA-AN-A03X,1,0.5221844911575317,2.2109594345092773,54
HRD_Score,TCGA-AN-A0AM,1,0.16851435601711273,3.3430824279785156,128
HRD_Score,TCGA-AN-A0XP,1,0.2362159937620163,2.6000683307647705,39
HRD_Score,TCGA-AN-A0XR,1,0.23316727578639984,2.782184362411499,42
HRD_Score,TCGA-AN-A0XV,1,0.32355359196662903,2.7927634716033936,49
HRD_Score,TCGA-AO-A03L,1,0.15379181504249573,2.840034246444702,39
HRD_Score,TCGA-AO-A03P,1,0.09281909465789795,3.4723873138427734,71
HRD_Score,TCGA-AO-A03R,1,0.16966663300991058,3.231328010559082,59
HRD_Score,TCGA-AO-A03V,1,0.2523241341114044,3.09030818939209,74
HRD_Score,TCGA-AO-A0J6,1,0.10742934793233871,4.014374732971191,147
HRD_Score,TCGA-AO-A0J9,1,0.06426618248224258,4.486140251159668,170
HRD_Score,TCGA-AO-A0JD,1,0.08776013553142548,4.067696571350098,142
HRD_Score,TCGA-AO-A0JF,1,0.21968898177146912,2.542344570159912,37
HRD_Score,TCGA-AO-A0JM,1,0.3072673976421356,3.0336031913757324,54
HRD_Score,TCGA-AO-A124,1,0.36357927322387695,3.5276169776916504,194
HRD_Score,TCGA-AQ-A1H2,1,0.21058455109596252,2.905062198638916,39
HRD_Score,TCGA-AR-A0TV,1,0.19275948405265808,3.4573636054992676,83
HRD_Score,TCGA-AR-A1AW,1,0.2698838710784912,2.6003284454345703,44
HRD_Score,TCGA-AR-A24P,1,0.23001758754253387,2.394077777862549,26
HRD_Score,TCGA-AR-A24Q,1,0.1047067642211914,4.137383460998535,244
HRD_Score,TCGA-AR-A252,1,0.23772920668125153,2.36911940574646,19
HRD_Score,TCGA-AR-A2LK,1,0.1480804830789566,3.1137142181396484,53
HRD_Score,TCGA-B6-A0I9,1,0.1323797106742859,3.669881820678711,118
HRD_Score,TCGA-B6-A0RI,1,0.1448204666376114,2.958183765411377,32
HRD_Score,TCGA-B6-A0WT,1,0.15086883306503296,2.803593397140503,23
HRD_Score,TCGA-B6-A0X0,1,0.2402426153421402,2.5376346111297607,28
HRD_Score,TCGA-B6-A0X4,1,0.13625551760196686,2.6984570026397705,24
HRD_Score,TCGA-B6-A1KC,1,0.2538110017776489,2.922302722930908,40
HRD_Score,TCGA-B6-A40C,1,0.3996932804584503,2.6368625164031982,57
HRD_Score,TCGA-BH-A0B7,1,0.15345080196857452,3.5484464168548584,97
HRD_Score,TCGA-BH-A0BA,1,0.11189750581979752,3.7159533500671387,110
HRD_Score,TCGA-BH-A0BL,1,0.09594038128852844,4.194672584533691,143
HRD_Score,TCGA-BH-A0DE,1,0.07889097183942795,3.630286931991577,82
HRD_Score,TCGA-BH-A0DG,1,0.3756633400917053,2.6391782760620117,48
HRD_Score,TCGA-BH-A0EE,1,0.07415102422237396,4.3102264404296875,186
HRD_Score,TCGA-BH-A0GY,1,0.14961673319339752,3.212597370147705,48
HRD_Score,TCGA-BH-A0H0,1,0.16719456017017365,2.9435198307037354,28
HRD_Score,TCGA-BH-A0H6,1,0.669749915599823,1.3319387435913086,30
HRD_Score,TCGA-BH-A0HQ,1,0.4211782217025757,2.0109477043151855,49
HRD_Score,TCGA-BH-A18G,1,0.05569680407643318,6.430745601654053,1922
HRD_Score,TCGA-BH-A18Q,1,0.0849032998085022,3.9268381595611572,121
HRD_Score,TCGA-BH-A18S,1,0.2937327027320862,2.1870956420898438,39
HRD_Score,TCGA-BH-A1EO,1,0.15970386564731598,3.1382102966308594,53
HRD_Score,TCGA-BH-A1EX,1,0.38937750458717346,2.37419056892395,35
HRD_Score,TCGA-BH-A1FC,1,0.05749112367630005,4.009524345397949,135
HRD_Score,TCGA-BH-A201,1,0.11385305970907211,2.9546377658843994,28
HRD_Score,TCGA-BH-A202,1,0.13720017671585083,2.721440076828003,31
HRD_Score,TCGA-BH-A203,1,0.06133216246962547,4.024956703186035,106
HRD_Score,TCGA-BH-A204,1,0.18244244158267975,3.0090529918670654,56
HRD_Score,TCGA-BH-A42V,1,0.2024080753326416,3.1064670085906982,62
HRD_Score,TCGA-BH-A8FY,1,0.38933664560317993,2.474189043045044,64
HRD_Score,TCGA-BH-AB28,1,0.2965318262577057,2.6789913177490234,101
HRD_Score,TCGA-C8-A12M,1,0.3057686686515808,3.2217743396759033,89
HRD_Score,TCGA-C8-A12Q,1,0.12467754632234573,3.973667621612549,146
HRD_Score,TCGA-C8-A12Z,1,0.3321111798286438,2.826655387878418,63
HRD_Score,TCGA-C8-A135,1,0.48626700043678284,2.694999933242798,87
HRD_Score,TCGA-C8-A1HG,1,0.1418573558330536,3.475055456161499,75
HRD_Score,TCGA-C8-A26W,1,0.22958743572235107,3.1206064224243164,73
HRD_Score,TCGA-C8-A26Z,1,0.11549022793769836,3.425661325454712,62
HRD_Score,TCGA-C8-A278,1,0.14012885093688965,3.3540287017822266,57
HRD_Score,TCGA-D8-A1JD,1,0.0812884047627449,3.7031099796295166,137
HRD_Score,TCGA-D8-A1JI,1,0.32311341166496277,2.8801355361938477,44
HRD_Score,TCGA-D8-A1JK,1,0.05170105770230293,4.661132335662842,283
HRD_Score,TCGA-D8-A1JU,1,0.20806443691253662,2.500680923461914,21
HRD_Score,TCGA-D8-A1X5,1,0.10206159204244614,3.604975938796997,73
HRD_Score,TCGA-D8-A1XA,1,0.5671291351318359,1.7685445547103882,34
HRD_Score,TCGA-D8-A1XC,1,0.18484452366828918,2.771742820739746,36
HRD_Score,TCGA-D8-A1XL,1,0.258199542760849,3.3853843212127686,118
HRD_Score,TCGA-D8-A1XQ,1,0.028487306088209152,6.02651834487915,1180
HRD_Score,TCGA-D8-A1XR,1,0.25276046991348267,2.8831803798675537,37
HRD_Score,TCGA-D8-A1XW,1,0.09220971912145615,3.920532703399658,130
HRD_Score,TCGA-D8-A27F,1,0.39371901750564575,3.0223848819732666,84
HRD_Score,TCGA-D8-A27K,1,0.1897069215774536,2.7751107215881348,27
HRD_Score,TCGA-D8-A27N,1,0.1340569406747818,3.4677467346191406,64
HRD_Score,TCGA-D8-A27P,1,0.2953276038169861,2.596219301223755,34
HRD_Score,TCGA-D8-A4Z1,1,0.3412075340747833,2.8305578231811523,47
HRD_Score,TCGA-E2-A10A,1,0.24541637301445007,2.4925646781921387,36
HRD_Score,TCGA-E2-A14T,1,0.10987220704555511,3.394470691680908,50
HRD_Score,TCGA-E2-A14X,1,0.0809425413608551,3.4477155208587646,44
HRD_Score,TCGA-E2-A15I,1,0.08749239146709442,3.7403528690338135,95
HRD_Score,TCGA-E2-A15M,1,0.05795332416892052,4.54459810256958,226
HRD_Score,TCGA-E2-A15R,1,0.19007889926433563,3.2464137077331543,51
HRD_Score,TCGA-E2-A1BC,1,0.0585792250931263,3.7711071968078613,97
HRD_Score,TCGA-E2-A1IJ,1,0.5161052942276001,1.8819520473480225,23
HRD_Score,TCGA-E2-A1IK,1,0.25731360912323,2.3956258296966553,22
HRD_Score,TCGA-E2-A1LK,1,0.1647675335407257,3.386586904525757,64
HRD_Score,TCGA-E2-A1LL,1,0.22190448641777039,3.072681427001953,64
HRD_Score,TCGA-E2-A576,1,0.12074438482522964,3.549374580383301,79
HRD_Score,TCGA-E9-A1RB,1,0.24011769890785217,3.027256727218628,43
HRD_Score,TCGA-E9-A1RC,1,0.1702861487865448,3.027294158935547,59
HRD_Score,TCGA-E9-A1RF,1,0.12726794183254242,3.860361099243164,181
HRD_Score,TCGA-E9-A1RG,1,0.32128143310546875,2.5717875957489014,45
HRD_Score,TCGA-E9-A22G,1,0.18787072598934174,3.610142469406128,128
HRD_Score,TCGA-E9-A22H,1,0.22795428335666656,2.6961750984191895,30
HRD_Score,TCGA-EW-A1J1,1,0.35577210783958435,2.268051862716675,25
HRD_Score,TCGA-EW-A1OV,1,0.07888223230838776,4.253444671630859,144
HRD_Score,TCGA-EW-A1OX,1,0.27981802821159363,2.332850217819214,24
HRD_Score,TCGA-EW-A1P1,1,0.5198785066604614,0.9668388366699219,3
HRD_Score,TCGA-EW-A1P4,1,0.13881070911884308,3.6059391498565674,83
HRD_Score,TCGA-EW-A1P5,1,0.5339199304580688,1.9713599681854248,24
HRD_Score,TCGA-EW-A1P7,1,0.3367467522621155,2.526604652404785,29
HRD_Score,TCGA-EW-A2FS,1,0.21425101161003113,2.8000149726867676,50
HRD_Score,TCGA-GM-A2DA,1,0.10823618620634079,3.3175296783447266,49
HRD_Score,TCGA-GM-A2DD,1,0.08118521422147751,3.769152879714966,77
HRD_Score,TCGA-GM-A2DL,1,0.1248219758272171,3.4015021324157715,56
HRD_Score,TCGA-LD-A74U,1,0.03589918091893196,5.04991340637207,361
HRD_Score,TCGA-LD-A7W6,1,0.25949805974960327,3.084179162979126,51
HRD_Score,TCGA-LL-A8F5,1,0.1860734224319458,3.7320480346679688,217
HRD_Score,TCGA-OL-A5D6,1,0.10254954546689987,3.40813946723938,62
HRD_Score,TCGA-OL-A5RU,1,0.11525042355060577,3.1007447242736816,50
HRD_Score,TCGA-OL-A66H,1,0.33434775471687317,2.5673763751983643,31
HRD_Score,TCGA-OL-A66P,1,0.5345842838287354,2.485383987426758,143
HRD_Score,TCGA-PL-A8LX,1,0.1578391045331955,3.0720109939575195,53
HRD_Score,TCGA-S3-AA0Z,1,0.06322447955608368,3.876612663269043,80
HRD_Score,TCGA-S3-AA14,1,0.16165657341480255,2.7303833961486816,27
HRD_Score,TCGA-Z7-A8R6,1,0.073240727186203,3.912191867828369,117
HRD_Score,TCGA-A1-A0SK,2,0.14267085492610931,3.822805881500244,88
HRD_Score,TCGA-A1-A0SO,2,0.027019046247005463,5.416961669921875,386
HRD_Score,TCGA-A2-A04N,2,0.17167365550994873,3.3368685245513916,57
HRD_Score,TCGA-A2-A0CR,2,0.05766236409544945,4.830819129943848,221
HRD_Score,TCGA-A2-A0CS,2,0.10669636726379395,3.510140895843506,57
HRD_Score,TCGA-A2-A0D0,2,0.06520239263772964,4.156390190124512,114
HRD_Score,TCGA-A2-A0T0,2,0.05107617750763893,4.899879455566406,239
HRD_Score,TCGA-A2-A0T1,2,0.13776998221874237,3.033315896987915,35
HRD_Score,TCGA-A2-A0T2,2,0.16196130216121674,3.2617573738098145,43
HRD_Score,TCGA-A2-A0T3,2,0.17835570871829987,3.112185001373291,48
HRD_Score,TCGA-A2-A0T4,2,0.2317516803741455,3.0846853256225586,45
HRD_Score,TCGA-A2-A0T5,2,0.22195559740066528,2.2911911010742188,17
HRD_Score,TCGA-A2-A0T6,2,0.3366214632987976,2.6572787761688232,29
HRD_Score,TCGA-A2-A0YG,2,0.1737871766090393,3.4467670917510986,79
HRD_Score,TCGA-A2-A0YH,2,0.09164411574602127,3.949615001678467,104
HRD_Score,TCGA-A2-A3XU,2,0.1381414532661438,3.1683130264282227,38
HRD_Score,TCGA-A2-A3Y0,2,0.053313128650188446,4.831138610839844,252
HRD_Score,TCGA-A7-A0DA,2,0.07961929589509964,4.526775360107422,210
HRD_Score,TCGA-A7-A0DB,2,0.13010188937187195,3.5026421546936035,60
HRD_Score,TCGA-A7-A56D,2,0.023470839485526085,5.588906764984131,472
HRD_Score,TCGA-A7-A5ZW,2,0.16753295063972473,3.2588422298431396,42
HRD_Score,TCGA-A7-A6VX,2,0.053365081548690796,4.659919261932373,200
HRD_Score,TCGA-A8-A06P,2,0.25059831142425537,3.116938591003418,48
HRD_Score,TCGA-A8-A06Q,2,0.06566934287548065,5.044770240783691,322
HRD_Score,TCGA-A8-A07W,2,0.0446915403008461,4.627068519592285,186
HRD_Score,TCGA-A8-A081,2,0.040224168449640274,4.619150161743164,161
HRD_Score,TCGA-A8-A08H,2,0.06792857497930527,4.648004531860352,178
HRD_Score,TCGA-A8-A08L,2,0.05975368991494179,4.961108207702637,284
HRD_Score,TCGA-A8-A09C,2,0.08149687945842743,3.471052646636963,47
HRD_Score,TCGA-A8-A09N,2,0.4725450575351715,2.798110246658325,106
HRD_Score,TCGA-A8-A0A4,2,0.1564336121082306,3.0259480476379395,41
HRD_Score,TCGA-AC-A23C,2,0.07502526789903641,4.36318302154541,153
HRD_Score,TCGA-AC-A4ZE,2,0.14445334672927856,3.6742899417877197,80
HRD_Score,TCGA-AC-A5EH,2,0.05767802894115448,4.779477596282959,214
HRD_Score,TCGA-AC-A6IV,2,0.18933504819869995,2.8392066955566406,33
HRD_Score,TCGA-AC-A6IX,2,0.04548769071698189,4.479247093200684,142
HRD_Score,TCGA-AC-A8OP,2,0.11566979438066483,4.758289337158203,262
HRD_Score,TCGA-AC-A8OR,2,0.07937167584896088,4.045884609222412,94
HRD_Score,TCGA-AC-A8OS,2,0.17591150104999542,3.6667299270629883,85
HRD_Score,TCGA-AN-A03Y,2,0.15274129807949066,3.1963114738464355,43
HRD_Score,TCGA-AN-A049,2,0.1418178528547287,3.2958123683929443,41
HRD_Score,TCGA-AN-A0AR,2,0.07077699154615402,4.437555313110352,162
HRD_Score,TCGA-AN-A0AT,2,0.07543403655290604,4.238278388977051,153
HRD_Score,TCGA-AN-A0FK,2,0.07467281073331833,3.6266238689422607,60
HRD_Score,TCGA-AN-A0FS,2,0.12531045079231262,3.893970012664795,96
HRD_Score,TCGA-AN-A0FT,2,0.09963692724704742,4.112212181091309,136
HRD_Score,TCGA-AN-A0XT,2,0.21077875792980194,2.5299031734466553,22
HRD_Score,TCGA-AO-A03O,2,0.0921962633728981,4.0682759284973145,103
HRD_Score,TCGA-AO-A0J2,2,0.09291330724954605,3.8495442867279053,91
HRD_Score,TCGA-AO-A0JA,2,0.21278664469718933,2.9340195655822754,36
HRD_Score,TCGA-AO-A128,2,0.02284000813961029,6.535938262939453,1263
HRD_Score,TCGA-AO-A1KR,2,0.07765211164951324,4.066258907318115,94
HRD_Score,TCGA-AO-A1KT,2,0.12495693564414978,3.467161178588867,56
HRD_Score,TCGA-AQ-A1H3,2,0.116737961769104,3.1291990280151367,33
HRD_Score,TCGA-AR-A0TW,2,0.10742858797311783,3.5721137523651123,71
HRD_Score,TCGA-AR-A1AH,2,0.15842057764530182,4.153286933898926,131
HRD_Score,TCGA-AR-A1AR,2,0.14497539401054382,3.6269445419311523,71
HRD_Score,TCGA-AR-A24L,2,0.08612310141324997,3.7115204334259033,61
HRD_Score,TCGA-AR-A24O,2,0.14720642566680908,2.8994879722595215,27
HRD_Score,TCGA-AR-A24S,2,0.06593886017799377,3.837888479232788,62
HRD_Score,TCGA-AR-A5QN,2,0.2016933411359787,3.2678284645080566,59
HRD_Score,TCGA-B6-A0IB,2,0.09631247073411942,3.8269145488739014,99
HRD_Score,TCGA-B6-A0RH,2,0.18146054446697235,3.3792858123779297,50
HRD_Score,TCGA-BH-A0AU,2,0.2520163357257843,2.56239652633667,25
HRD_Score,TCGA-BH-A0AY,2,0.0753767266869545,4.449097156524658,162
HRD_Score,TCGA-BH-A0BC,2,0.13164512813091278,3.553497076034546,92
HRD_Score,TCGA-BH-A0BO,2,0.06815370172262192,3.6955208778381348,66
HRD_Score,TCGA-BH-A0BR,2,0.11249390989542007,3.756864547729492,78
HRD_Score,TCGA-BH-A0BT,2,0.18394926190376282,3.3510453701019287,50
HRD_Score,TCGA-BH-A0C3,2,0.34792429208755493,2.421290159225464,20
HRD_Score,TCGA-BH-A0C7,2,0.1164504811167717,3.593914031982422,66
HRD_Score,TCGA-BH-A0DI,2,0.11992248147726059,3.5452945232391357,64
HRD_Score,TCGA-BH-A0DQ,2,0.0339304581284523,4.10388708114624,77
HRD_Score,TCGA-BH-A0DZ,2,0.019197046756744385,6.022647380828857,779
HRD_Score,TCGA-BH-A0EB,2,0.057853877544403076,3.8062660694122314,62
HRD_Score,TCGA-BH-A0H7,2,0.09253305196762085,3.8478221893310547,119
HRD_Score,TCGA-BH-A0HK,2,0.05650510638952255,5.020848274230957,289
HRD_Score,TCGA-BH-A0HU,2,0.12971676886081696,3.1628823280334473,50
HRD_Score,TCGA-BH-A18H,2,0.1267033964395523,3.3196094036102295,59
HRD_Score,TCGA-BH-A18N,2,0.1419408917427063,3.1991562843322754,47
HRD_Score,TCGA-BH-A18R,2,0.14478641748428345,3.0782623291015625,45
HRD_Score,TCGA-BH-A18U,2,0.06628504395484924,4.707544803619385,188
HRD_Score,TCGA-BH-A1F2,2,0.06878409534692764,3.8574421405792236,75
HRD_Score,TCGA-BH-A1FJ,2,0.09009230881929398,3.3566455841064453,48
HRD_Score,TCGA-BH-A1FL,2,0.1644819974899292,2.9406020641326904,30
HRD_Score,TCGA-BH-A1FM,2,0.1539992243051529,3.363504409790039,68
HRD_Score,TCGA-BH-A1FN,2,0.07986734807491302,4.480862617492676,158
HRD_Score,TCGA-BH-A28Q,2,0.11322664469480515,2.9657328128814697,30
HRD_Score,TCGA-BH-A6R9,2,0.131410151720047,2.985407829284668,32
HRD_Score,TCGA-BH-A8FZ,2,0.0849718227982521,3.957561492919922,101
HRD_Score,TCGA-C8-A12O,2,0.10587430000305176,3.4867804050445557,52
HRD_Score,TCGA-C8-A133,2,0.21611574292182922,2.8720579147338867,36
HRD_Score,TCGA-C8-A138,2,0.08337736874818802,3.707899808883667,59
HRD_Score,TCGA-C8-A26V,2,0.08415570110082626,3.95735764503479,99
HRD_Score,TCGA-C8-A26X,2,0.09583287686109543,3.882021903991699,90
HRD_Score,TCGA-C8-A8HQ,2,0.049919046461582184,5.11176872253418,379
HRD_Score,TCGA-D8-A147,2,0.07642415165901184,4.635522842407227,215
HRD_Score,TCGA-D8-A1J9,2,0.05624914541840553,4.900940418243408,280
HRD_Score,TCGA-D8-A1JC,2,0.3288517892360687,3.2508749961853027,126
HRD_Score,TCGA-D8-A1JL,2,0.09066705405712128,4.274181842803955,136
HRD_Score,TCGA-D8-A1JN,2,0.05514541640877724,4.6680684089660645,213
HRD_Score,TCGA-D8-A1X7,2,0.223602294921875,2.713412284851074,32
HRD_Score,TCGA-D8-A1X8,2,0.19091670215129852,3.0808651447296143,36
HRD_Score,TCGA-D8-A1XM,2,0.10151536762714386,3.658022880554199,68
HRD_Score,TCGA-D8-A1XY,2,0.10593676567077637,3.6110033988952637,66
HRD_Score,TCGA-D8-A1Y1,2,0.04300851747393608,5.104458808898926,292
HRD_Score,TCGA-D8-A1Y3,2,0.10632063448429108,3.6394119262695312,71
HRD_Score,TCGA-D8-A27E,2,0.45300808548927307,1.9578313827514648,14
HRD_Score,TCGA-D8-A27H,2,0.0391085110604763,4.737057685852051,172
HRD_Score,TCGA-D8-A27R,2,0.12624980509281158,3.2030043601989746,44
HRD_Score,TCGA-D8-A27T,2,0.1327391117811203,3.14738392829895,34
HRD_Score,TCGA-D8-A27V,2,0.005335107445716858,7.727687835693359,3333
HRD_Score,TCGA-E2-A14Z,2,0.06660741567611694,3.9915640354156494,102
HRD_Score,TCGA-E2-A156,2,0.14903108775615692,2.98506760597229,32
HRD_Score,TCGA-E2-A15D,2,0.14302536845207214,3.1700239181518555,40
HRD_Score,TCGA-E2-A15E,2,0.07429227977991104,3.9313793182373047,84
HRD_Score,TCGA-E2-A1B5,2,0.03749169409275055,4.186110496520996,101
HRD_Score,TCGA-E2-A1IG,2,0.0809132531285286,3.6800384521484375,65
HRD_Score,TCGA-E2-A573,2,0.18205846846103668,3.4846174716949463,81
HRD_Score,TCGA-E9-A1N3,2,0.19659587740898132,2.820878267288208,32
HRD_Score,TCGA-E9-A1NA,2,0.08333186060190201,4.023251533508301,124
HRD_Score,TCGA-E9-A1NC,2,0.2021661251783371,3.6267709732055664,94
HRD_Score,TCGA-E9-A1NH,2,0.12108553946018219,3.220339775085449,42
HRD_Score,TCGA-E9-A1R0,2,0.1813911497592926,3.07542085647583,38
HRD_Score,TCGA-E9-A1R3,2,0.31440433859825134,2.561302423477173,28
HRD_Score,TCGA-E9-A1R5,2,0.15734414756298065,3.4365200996398926,58
HRD_Score,TCGA-E9-A1RH,2,0.09539216011762619,4.116373538970947,122
HRD_Score,TCGA-E9-A228,2,0.11341226100921631,3.339777946472168,56
HRD_Score,TCGA-E9-A229,2,0.20823563635349274,2.869957447052002,35
HRD_Score,TCGA-E9-A22E,2,0.08603872358798981,4.306488990783691,158
HRD_Score,TCGA-E9-A295,2,0.10557583719491959,4.099792957305908,119
HRD_Score,TCGA-E9-A2JT,2,0.10489030927419662,2.968435525894165,28
HRD_Score,TCGA-EW-A1J3,2,0.2595893442630768,2.8125357627868652,32
HRD_Score,TCGA-EW-A1P0,2,0.16091684997081757,2.86032772064209,29
HRD_Score,TCGA-EW-A1P3,2,0.16038267314434052,2.895643949508667,30
HRD_Score,TCGA-EW-A1P8,2,0.13648806512355804,2.9946088790893555,42
HRD_Score,TCGA-EW-A6SB,2,0.06583118438720703,4.010171413421631,92
HRD_Score,TCGA-GM-A2DC,2,0.2117663025856018,2.9366140365600586,32
HRD_Score,TCGA-GM-A2DF,2,0.27992355823516846,3.1968657970428467,55
HRD_Score,TCGA-GM-A2DH,2,0.036626625806093216,4.926155090332031,242
HRD_Score,TCGA-GM-A2DK,2,0.17446006834506989,3.024531126022339,38
HRD_Score,TCGA-GM-A2DM,2,0.1887214034795761,2.891592502593994,28
HRD_Score,TCGA-GM-A5PX,2,0.10862398147583008,3.403862714767456,44
HRD_Score,TCGA-LD-A7W5,2,0.09239304810762405,3.558438777923584,70
HRD_Score,TCGA-LL-A6FR,2,0.0866292268037796,3.837568998336792,73
HRD_Score,TCGA-LL-A7SZ,2,0.1325584053993225,4.183547496795654,130
HRD_Score,TCGA-LL-A9Q3,2,0.1924164742231369,3.459599256515503,75
HRD_Score,TCGA-OL-A5S0,2,0.1309342384338379,3.35768985748291,53
HRD_Score,TCGA-OL-A66J,2,0.10979223996400833,3.6306257247924805,72
HRD_Score,TCGA-OL-A66K,2,0.1571381539106369,3.263782024383545,54
HRD_Score,TCGA-OL-A66N,2,0.16766023635864258,3.3675897121429443,62
HRD_Score,TCGA-OL-A66O,2,0.12277664244174957,3.258315086364746,45
HRD_Score,TCGA-PL-A8LZ,2,0.07566116005182266,4.142191410064697,140
HRD_Score,TCGA-S3-A6ZF,2,0.18383081257343292,3.4727272987365723,60
HRD_Score,TCGA-V7-A7HQ,2,0.1384466290473938,2.935136318206787,35
HRD_Score,TCGA-3C-AALI,3,0.03223715350031853,5.945953369140625,824
HRD_Score,TCGA-A2-A04R,3,0.2720278799533844,3.1947500705718994,109
HRD_Score,TCGA-A2-A04V,3,0.11035104840993881,3.21962833404541,44
HRD_Score,TCGA-A2-A04W,3,0.20901991426944733,4.032243728637695,190
HRD_Score,TCGA-A2-A0CU,3,0.0731244757771492,3.654568672180176,64
HRD_Score,TCGA-A2-A0ES,3,0.5278307199478149,1.9194575548171997,22
HRD_Score,TCGA-A2-A0EU,3,0.3206617534160614,3.0607352256774902,57
HRD_Score,TCGA-A2-A0EV,3,0.21536540985107422,3.5784146785736084,83
HRD_Score,TCGA-A2-A0EX,3,0.1922265887260437,2.9847452640533447,35
HRD_Score,TCGA-A2-A0SU,3,0.43125903606414795,2.008049964904785,43
HRD_Score,TCGA-A2-A0SX,3,0.15440258383750916,3.1815690994262695,42
HRD_Score,TCGA-A2-A0SY,3,0.13706336915493011,4.3038153648376465,181
HRD_Score,TCGA-A2-A0YD,3,0.07360348850488663,3.922738552093506,95
HRD_Score,TCGA-A2-A0YK,3,0.028826959431171417,5.401918411254883,489
HRD_Score,TCGA-A2-A259,3,0.11677715927362442,2.9790003299713135,31
HRD_Score,TCGA-A2-A25A,3,0.03201061114668846,5.39280366897583,412
HRD_Score,TCGA-A2-A3KD,3,0.2378106266260147,2.543673515319824,18
HRD_Score,TCGA-A7-A0CH,3,0.10420449823141098,3.7215683460235596,80
HRD_Score,TCGA-A7-A0D9,3,0.11057925969362259,3.589246988296509,63
HRD_Score,TCGA-A7-A13F,3,0.04501474276185036,4.159285068511963,97
HRD_Score,TCGA-A7-A26J,3,0.11048707365989685,3.554360866546631,52
HRD_Score,TCGA-A7-A5ZV,3,0.06496371328830719,4.657290458679199,280
HRD_Score,TCGA-A7-A6VW,3,0.14967477321624756,3.7145040035247803,100
HRD_Score,TCGA-A8-A06Y,3,0.11215619742870331,3.271890878677368,45
HRD_Score,TCGA-A8-A076,3,0.10485612601041794,4.005671501159668,99
HRD_Score,TCGA-A8-A07Z,3,0.47678589820861816,2.2298243045806885,26
HRD_Score,TCGA-A8-A082,3,0.19126847386360168,2.7631213665008545,28
HRD_Score,TCGA-A8-A08G,3,0.11088185012340546,3.5065793991088867,62
HRD_Score,TCGA-A8-A08Z,3,0.22541309893131256,3.1271400451660156,47
HRD_Score,TCGA-A8-A090,3,0.1560100018978119,3.211495876312256,50
HRD_Score,TCGA-A8-A092,3,0.14990882575511932,3.831979751586914,96
HRD_Score,TCGA-A8-A096,3,0.32143446803092957,2.8760058879852295,40
HRD_Score,TCGA-A8-A09M,3,0.22422470152378082,3.8292694091796875,194
HRD_Score,TCGA-A8-A0A2,3,0.14089232683181763,3.452073097229004,57
HRD_Score,TCGA-A8-A0A6,3,0.11175557971000671,3.2885587215423584,43
HRD_Score,TCGA-A8-A0A7,3,0.030660955235362053,5.1381731033325195,304
HRD_Score,TCGA-AC-A23E,3,0.30947375297546387,2.23514461517334,28
HRD_Score,TCGA-AC-A23H,3,0.006995366420596838,7.757486343383789,5000
HRD_Score,TCGA-AC-A2B8,3,0.09949265420436859,4.016609191894531,133
HRD_Score,TCGA-AC-A3YI,3,0.11401405930519104,2.791562557220459,21
HRD_Score,TCGA-AC-A7VC,3,0.1593785285949707,2.9090747833251953,29
HRD_Score,TCGA-AN-A046,3,0.0026914170011878014,7.975553512573242,5000
HRD_Score,TCGA-AN-A04D,3,0.0524587482213974,4.399387359619141,126
HRD_Score,TCGA-AN-A0AJ,3,0.16839778423309326,3.73689603805542,119
HRD_Score,TCGA-AN-A0AS,3,0.14040961861610413,3.4369633197784424,52
HRD_Score,TCGA-AN-A0FZ,3,0.0751977264881134,4.080348491668701,97
HRD_Score,TCGA-AN-A0XW,3,0.07684314996004105,5.056548118591309,429
HRD_Score,TCGA-AO-A0JE,3,0.16166268289089203,3.3128747940063477,61
HRD_Score,TCGA-AO-A0JI,3,0.08628866076469421,2.9777419567108154,24
HRD_Score,TCGA-AQ-A04J,3,0.12384887039661407,3.9865450859069824,106
HRD_Score,TCGA-AR-A0TP,3,0.137478306889534,3.6979315280914307,83
HRD_Score,TCGA-AR-A0TR,3,0.4074246287345886,2.667802095413208,46
HRD_Score,TCGA-AR-A0TT,3,0.08545007556676865,3.7260794639587402,80
HRD_Score,TCGA-AR-A0TX,3,0.021088577806949615,5.3813042640686035,414
HRD_Score,TCGA-AR-A0TY,3,0.3705655634403229,3.3113937377929688,121
HRD_Score,TCGA-AR-A0TZ,3,0.1925220489501953,3.4195194244384766,70
HRD_Score,TCGA-AR-A1AK,3,0.09361234307289124,3.7186484336853027,84
HRD_Score,TCGA-AR-A1AQ,3,0.1936940997838974,3.2326860427856445,52
HRD_Score,TCGA-AR-A1AY,3,0.10621926933526993,3.758216142654419,79
HRD_Score,TCGA-AR-A24N,3,0.13770301640033722,3.2301154136657715,49
HRD_Score,TCGA-AR-A24R,3,0.2084684520959854,2.892922878265381,31
HRD_Score,TCGA-AR-A24V,3,0.2798895239830017,2.691380262374878,28
HRD_Score,TCGA-AR-A251,3,0.06632307171821594,4.696966171264648,219
HRD_Score,TCGA-AR-A2LH,3,0.07362008094787598,3.846684455871582,75
HRD_Score,TCGA-B6-A0IE,3,0.32070544362068176,2.9267327785491943,44
HRD_Score,TCGA-B6-A0RL,3,0.31851789355278015,3.2435009479522705,76
HRD_Score,TCGA-B6-A0RS,3,0.037819381803274155,4.7025227546691895,205
HRD_Score,TCGA-B6-A0WY,3,0.20069850981235504,3.064030170440674,39
HRD_Score,TCGA-B6-A0X5,3,0.2826099395751953,3.0275321006774902,54
HRD_Score,TCGA-B6-A2IU,3,0.11560245603322983,3.388639211654663,56
HRD_Score,TCGA-BH-A0C1,3,0.08947235345840454,3.4861605167388916,54
HRD_Score,TCGA-BH-A0DH,3,0.0741521492600441,3.9784066677093506,105
HRD_Score,TCGA-BH-A0DO,3,0.31769922375679016,2.474175453186035,35
HRD_Score,TCGA-BH-A0DT,3,0.25497037172317505,2.254032611846924,20
HRD_Score,TCGA-BH-A0E1,3,0.06564102321863174,3.891627311706543,72
HRD_Score,TCGA-BH-A0HA,3,0.05720188096165657,5.578902721405029,470
HRD_Score,TCGA-BH-A0HI,3,0.2441646009683609,3.002772808074951,39
HRD_Score,TCGA-BH-A0W3,3,0.37542399764060974,2.308934450149536,24
HRD_Score,TCGA-BH-A0W4,3,0.11983925849199295,3.296499252319336,43
HRD_Score,TCGA-BH-A18L,3,0.07763804495334625,3.750044345855713,72
HRD_Score,TCGA-BH-A18M,3,0.2442423701286316,2.3548409938812256,22
HRD_Score,TCGA-BH-A1ET,3,0.30595698952674866,2.6805567741394043,38
HRD_Score,TCGA-BH-A1EY,3,0.16077978909015656,2.958841323852539,58
HRD_Score,TCGA-BH-A1F0,3,0.151009202003479,3.867124319076538,101
HRD_Score,TCGA-BH-A209,3,0.05775795876979828,4.243053436279297,133
HRD_Score,TCGA-BH-A2L8,3,0.06954208016395569,5.613870143890381,637
HRD_Score,TCGA-BH-A5IZ,3,0.062341127544641495,4.6740522384643555,207
HRD_Score,TCGA-C8-A132,3,0.25236859917640686,3.4369044303894043,88
HRD_Score,TCGA-C8-A1HJ,3,0.09570077806711197,4.214115142822266,135
HRD_Score,TCGA-C8-A275,3,0.08007201552391052,4.319924354553223,146
HRD_Score,TCGA-C8-A27B,3,0.14316803216934204,4.01725959777832,169
HRD_Score,TCGA-C8-A8HP,3,0.0869675949215889,4.783088207244873,276
HRD_Score,TCGA-D8-A13Y,3,0.14119087159633636,3.73791241645813,92
HRD_Score,TCGA-D8-A141,3,0.25584959983825684,2.700014352798462,25
HRD_Score,TCGA-D8-A143,3,0.1809224635362625,3.4216184616088867,70
HRD_Score,TCGA-D8-A145,3,0.07252414524555206,3.613013982772827,54
HRD_Score,TCGA-D8-A1J8,3,0.014479335397481918,6.316634178161621,1045
HRD_Score,TCGA-D8-A1JG,3,0.14680185914039612,4.47488260269165,185
HRD_Score,TCGA-D8-A1JH,3,0.3010586202144623,2.404971122741699,27
HRD_Score,TCGA-D8-A1JP,3,0.13269077241420746,4.131303310394287,148
HRD_Score,TCGA-D8-A1JS,3,0.4491177499294281,2.1281957626342773,33
HRD_Score,TCGA-D8-A1JT,3,0.2486879825592041,3.1765055656433105,47
HRD_Score,TCGA-D8-A1XB,3,0.19387781620025635,3.2435200214385986,54
HRD_Score,TCGA-D8-A1XF,3,0.1699138730764389,3.407841444015503,56
HRD_Score,TCGA-D8-A27W,3,0.07758049666881561,3.5421416759490967,60
HRD_Score,TCGA-E2-A152,3,0.13016781210899353,4.289092540740967,175
HRD_Score,TCGA-E2-A153,3,0.11823159456253052,3.2693846225738525,61
HRD_Score,TCGA-E2-A155,3,0.08474165201187134,3.9375813007354736,86
HRD_Score,TCGA-E2-A15G,3,0.19212739169597626,3.692953586578369,78
HRD_Score,TCGA-E2-A15H,3,0.15281647443771362,3.1996822357177734,38
HRD_Score,TCGA-E2-A15J,3,0.14039625227451324,2.8794009685516357,27
HRD_Score,TCGA-E2-A15O,3,0.12231536209583282,3.231595516204834,38
HRD_Score,TCGA-E2-A1B4,3,0.15859773755073547,2.950953960418701,44
HRD_Score,TCGA-E2-A1IF,3,0.3870500922203064,2.25711989402771,26
HRD_Score,TCGA-E2-A1IO,3,0.5290180444717407,1.8321161270141602,17
HRD_Score,TCGA-E2-A1L6,3,0.26156264543533325,2.3926751613616943,31
HRD_Score,TCGA-E2-A1L9,3,0.24038705229759216,2.666748046875,33
HRD_Score,TCGA-E2-A1LA,3,0.21338720619678497,3.5382964611053467,115
HRD_Score,TCGA-E2-A1LG,3,0.07727663964033127,4.6493401527404785,222
HRD_Score,TCGA-E2-A570,3,0.4468085467815399,2.2549996376037598,39
HRD_Score,TCGA-E2-A9RU,3,0.4260787069797516,3.023048162460327,115
HRD_Score,TCGA-E9-A1ND,3,0.18676696717739105,3.785989999771118,113
HRD_Score,TCGA-E9-A1NE,3,0.19389291107654572,3.0160675048828125,63
HRD_Score,TCGA-E9-A1NG,3,0.38628026843070984,2.4023425579071045,24
HRD_Score,TCGA-E9-A1R7,3,0.11429309844970703,3.518874406814575,65
HRD_Score,TCGA-E9-A1RE,3,0.08226478099822998,3.6476664543151855,68
HRD_Score,TCGA-E9-A22B,3,0.17893816530704498,3.609891414642334,78
HRD_Score,TCGA-E9-A22D,3,0.14391860365867615,3.138733386993408,44
HRD_Score,TCGA-E9-A243,3,0.3819316029548645,3.1616709232330322,95
HRD_Score,TCGA-E9-A3X8,3,0.15888841450214386,3.144627332687378,44
HRD_Score,TCGA-EW-A1J6,3,0.25561338663101196,3.052326202392578,47
HRD_Score,TCGA-EW-A1OY,3,0.08367423713207245,3.8466475009918213,85
HRD_Score,TCGA-EW-A1OZ,3,0.10899968445301056,3.6950693130493164,79
HRD_Score,TCGA-EW-A1PA,3,0.7703366279602051,1.2843464612960815,46
HRD_Score,TCGA-EW-A1PB,3,0.07926417887210846,4.46624755859375,192
HRD_Score,TCGA-EW-A1PE,3,0.28945472836494446,2.9228861331939697,43
HRD_Score,TCGA-EW-A1PH,3,0.23645080626010895,3.4252004623413086,68
HRD_Score,TCGA-GM-A3NW,3,0.060372158885002136,4.11595344543457,100
HRD_Score,TCGA-HN-A2NL,3,0.1007169857621193,4.184024810791016,102
HRD_Score,TCGA-LL-A5YL,3,0.049807023257017136,4.1150994300842285,97
HRD_Score,TCGA-LL-A7T0,3,0.19732460379600525,3.5099923610687256,81
HRD_Score,TCGA-OK-A5Q2,3,0.2071426957845688,2.7297544479370117,44
HRD_Score,TCGA-OL-A5RV,3,0.3090006411075592,2.351033926010132,18
HRD_Score,TCGA-OL-A5RZ,3,0.2688462734222412,3.853445529937744,167
HRD_Score,TCGA-OL-A66I,3,0.3440815210342407,2.902848958969116,60
HRD_Score,TCGA-OL-A6VQ,3,0.1324094980955124,4.323501110076904,137
HRD_Score,TCGA-OL-A97C,3,0.07257919013500214,3.9069881439208984,96
HRD_Score,TCGA-PL-A8LV,3,0.057947225868701935,4.368144512176514,167
HRD_Score,TCGA-PL-A8LY,3,0.2999693751335144,1.7757289409637451,8
HRD_Score,TCGA-S3-A6ZH,3,0.07088283449411392,3.508638620376587,52
HRD_Score,TCGA-S3-AA17,3,0.07131214439868927,4.473708152770996,161
HRD_Score,TCGA-UU-A93S,3,0.09945130348205566,4.715908050537109,241
HRD_Score,TCGA-W8-A86G,3,0.12163065373897552,3.250352144241333,39
HRD_Score,TCGA-XX-A89A,3,0.06370069831609726,4.765005588531494,271
HRD_Score,TCGA-3C-AALJ,4,0.4522145986557007,1.960310935974121,72
HRD_Score,TCGA-5L-AAT0,4,0.2990042269229889,2.735851287841797,282
HRD_Score,TCGA-A1-A0SE,4,0.1955753117799759,2.7137904167175293,39
HRD_Score,TCGA-A1-A0SG,4,0.3595348298549652,2.262632369995117,37
HRD_Score,TCGA-A1-A0SI,4,0.16678152978420258,3.2181456089019775,279
HRD_Score,TCGA-A1-A0SJ,4,0.3458872139453888,2.3477752208709717,42
HRD_Score,TCGA-A1-A0SQ,4,0.9469296336174011,0.3426826596260071,40
HRD_Score,TCGA-A2-A04Y,4,0.711477518081665,1.0053496360778809,66
HRD_Score,TCGA-A2-A0D3,4,0.1491776406764984,3.0170631408691406,39
HRD_Score,TCGA-A2-A0EW,4,0.3569653332233429,2.0428061485290527,21
HRD_Score,TCGA-A2-A0T7,4,0.43427222967147827,1.3685071468353271,33
HRD_Score,TCGA-A2-A0YT,4,0.3934725821018219,2.7332699298858643,87
HRD_Score,TCGA-A2-A1FX,4,0.21598142385482788,2.6794896125793457,32
HRD_Score,TCGA-A2-A1G0,4,0.8120604753494263,0.9147503972053528,26
HRD_Score,TCGA-A2-A1G1,4,0.21059979498386383,2.781567096710205,46
HRD_Score,TCGA-A2-A25D,4,0.8478007316589355,0.8547003865242004,72
HRD_Score,TCGA-A7-A0CE,4,0.2913808822631836,1.7424733638763428,285
HRD_Score,TCGA-A7-A5ZX,4,0.12936504185199738,3.36494779586792,96
HRD_Score,TCGA-A7-A6VY,4,0.5392613410949707,1.2314748764038086,154
HRD_Score,TCGA-A8-A06R,4,0.8497432470321655,0.6072039008140564,89
HRD_Score,TCGA-A8-A075,4,0.529172956943512,2.1791675090789795,111
HRD_Score,TCGA-A8-A07B,4,0.6131962537765503,1.1297340393066406,93
HRD_Score,TCGA-A8-A083,4,0.13240869343280792,2.827840805053711,32
HRD_Score,TCGA-A8-A095,4,0.4173334538936615,2.2661492824554443,214
HRD_Score,TCGA-A8-A097,4,0.4870031177997589,1.1531795263290405,136
HRD_Score,TCGA-A8-A099,4,0.22214354574680328,2.5437233448028564,36
HRD_Score,TCGA-A8-A09G,4,0.10369331389665604,3.882988691329956,363
HRD_Score,TCGA-A8-A09T,4,0.31240516901016235,2.335602283477783,27
HRD_Score,TCGA-A8-A09V,4,0.9968461990356445,0.029278399422764778,49
HRD_Score,TCGA-AC-A2FG,4,0.5947104692459106,0.9600183963775635,42
HRD_Score,TCGA-AC-A3OD,4,0.6933495998382568,1.5586036443710327,46
HRD_Score,TCGA-AC-A3QQ,4,0.1765996217727661,2.777435779571533,37
HRD_Score,TCGA-AC-A62Y,4,0.8301942944526672,1.051226019859314,95
HRD_Score,TCGA-AC-A6IW,4,0.6755993366241455,1.494628667831421,251
HRD_Score,TCGA-AC-A6NO,4,0.6335486173629761,1.6000889539718628,51
HRD_Score,TCGA-AC-A8OQ,4,0.8731183409690857,0.8893935680389404,149
HRD_Score,TCGA-AN-A0AL,4,0.636508584022522,1.0959064960479736,116
HRD_Score,TCGA-AN-A0FN,4,0.9719237685203552,0.2060002237558365,59
HRD_Score,TCGA-AN-A0FW,4,0.45505625009536743,1.3302929401397705,160
HRD_Score,TCGA-AN-A0FX,4,0.7756099104881287,1.4101731777191162,164
HRD_Score,TCGA-AN-A0FY,4,0.1591998040676117,3.240166425704956,65
HRD_Score,TCGA-AN-A0XN,4,0.44216975569725037,1.8503625392913818,193
HRD_Score,TCGA-AN-A0XO,4,0.7468211054801941,1.3486921787261963,46
HRD_Score,TCGA-AN-A0XS,4,0.661173939704895,1.4360212087631226,35
HRD_Score,TCGA-AO-A0J3,4,0.41153109073638916,1.6560331583023071,108
HRD_Score,TCGA-AO-A12A,4,0.6225813627243042,1.5137622356414795,21
HRD_Score,TCGA-AO-A12F,4,0.18307743966579437,2.830404281616211,46
HRD_Score,TCGA-AO-A12H,4,0.30431923270225525,2.5761072635650635,33
HRD_Score,TCGA-AO-A1KP,4,0.3087730407714844,2.352768898010254,27
HRD_Score,TCGA-AR-A1AJ,4,0.4486435353755951,2.500286817550659,57
HRD_Score,TCGA-AR-A1AO,4,0.4369015395641327,1.5261552333831787,126
HRD_Score,TCGA-AR-A1AX,4,0.880623996257782,0.6939143538475037,36
HRD_Score,TCGA-AR-A24U,4,0.4608134925365448,1.5988649129867554,49
HRD_Score,TCGA-AR-A24Z,4,0.8270328640937805,1.0037416219711304,62
HRD_Score,TCGA-AR-A250,4,0.33216363191604614,2.194941520690918,165
HRD_Score,TCGA-AR-A254,4,0.15400975942611694,2.863396644592285,47
HRD_Score,TCGA-AR-A5QM,4,0.29035627841949463,2.6340036392211914,38
HRD_Score,TCGA-AR-A5QP,4,0.7054991722106934,1.3869585990905762,38
HRD_Score,TCGA-B6-A0I5,4,0.33464035391807556,2.308485746383667,35
HRD_Score,TCGA-B6-A0IC,4,0.5513855218887329,1.3774175643920898,49
HRD_Score,TCGA-B6-A0IH,4,0.23904888331890106,2.6950361728668213,48
HRD_Score,TCGA-B6-A0IJ,4,0.4398192763328552,1.7818654775619507,177
HRD_Score,TCGA-B6-A0RE,4,0.33970868587493896,2.136631965637207,211
HRD_Score,TCGA-B6-A0RG,4,0.8125784397125244,0.7931880354881287,94
HRD_Score,TCGA-B6-A0RV,4,0.34021010994911194,2.237701416015625,68
HRD_Score,TCGA-B6-A0WS,4,0.27355244755744934,2.251420021057129,20
HRD_Score,TCGA-B6-A0WZ,4,0.31556931138038635,2.130659580230713,97
HRD_Score,TCGA-B6-A401,4,0.42271730303764343,2.1926093101501465,33
HRD_Score,TCGA-B6-A409,4,0.9282518625259399,0.38288596272468567,58
HRD_Score,TCGA-BH-A0AV,4,0.7817022800445557,0.7730913758277893,92
HRD_Score,TCGA-BH-A0AW,4,0.25274789333343506,2.6153550148010254,219
HRD_Score,TCGA-BH-A0B5,4,0.61894291639328,1.4253183603286743,93
HRD_Score,TCGA-BH-A0B9,4,0.9380275011062622,0.3941401541233063,46
HRD_Score,TCGA-BH-A0BJ,4,0.18810515105724335,2.996086835861206,75
HRD_Score,TCGA-BH-A0BM,4,0.4953933358192444,0.7618808150291443,77
HRD_Score,TCGA-BH-A0DK,4,0.3570314049720764,1.803795337677002,266
HRD_Score,TCGA-BH-A0DL,4,0.3081932067871094,2.0966835021972656,135
HRD_Score,TCGA-BH-A0DS,4,0.2384454309940338,3.0319182872772217,62
HRD_Score,TCGA-BH-A0DV,4,0.4614037871360779,0.9849512577056885,21
HRD_Score,TCGA-BH-A0E0,4,0.10304270684719086,3.611488103866577,93
HRD_Score,TCGA-BH-A0E2,4,0.18292587995529175,3.139770984649658,64
HRD_Score,TCGA-BH-A0HB,4,0.3088495433330536,2.6890604496002197,45
HRD_Score,TCGA-BH-A0HO,4,0.24990856647491455,2.6167876720428467,29
HRD_Score,TCGA-BH-A0HP,4,0.11301708221435547,3.6654419898986816,364
HRD_Score,TCGA-BH-A0HY,4,0.6443593502044678,1.2835201025009155,89
HRD_Score,TCGA-BH-A0WA,4,0.10312177985906601,3.985219717025757,123
HRD_Score,TCGA-BH-A18F,4,0.12252413481473923,3.2843551635742188,72
HRD_Score,TCGA-BH-A18T,4,0.4035770893096924,1.4456284046173096,111
HRD_Score,TCGA-BH-A1EV,4,0.400612473487854,2.157177448272705,131
HRD_Score,TCGA-BH-A1FE,4,0.9077345728874207,0.5260573625564575,29
HRD_Score,TCGA-BH-A1FU,4,0.3443622589111328,1.5595365762710571,119
HRD_Score,TCGA-BH-A208,4,0.4775688648223877,1.571932315826416,88
HRD_Score,TCGA-BH-A6R8,4,0.7113877534866333,1.3973355293273926,44
HRD_Score,TCGA-BH-A8G0,4,0.33722051978111267,2.045518159866333,21
HRD_Score,TCGA-C8-A12N,4,0.8918440937995911,0.6451229453086853,33
HRD_Score,TCGA-C8-A12P,4,0.5919478535652161,1.7676408290863037,210
HRD_Score,TCGA-C8-A12W,4,0.7349836826324463,1.3121291399002075,83
HRD_Score,TCGA-C8-A137,4,0.35269400477409363,1.8777474164962769,64
HRD_Score,TCGA-C8-A1HE,4,0.4737527370452881,2.0950767993927,58
HRD_Score,TCGA-C8-A1HF,4,0.8265929818153381,0.6220725178718567,43
HRD_Score,TCGA-C8-A1HK,4,0.6312105059623718,1.269652009010315,76
HRD_Score,TCGA-C8-A1HL,4,0.19724954664707184,2.8073179721832275,38
HRD_Score,TCGA-C8-A26Y,4,0.09770387411117554,4.103867530822754,942
HRD_Score,TCGA-C8-A27A,4,0.464354544878006,2.244414806365967,41
HRD_Score,TCGA-C8-A8HR,4,0.8891934752464294,0.7217846512794495,64
HRD_Score,TCGA-D8-A13Z,4,0.4183431565761566,1.3583204746246338,112
HRD_Score,TCGA-D8-A1JB,4,0.25360992550849915,3.1372199058532715,69
HRD_Score,TCGA-D8-A1JJ,4,0.4186939299106598,1.684682011604309,102
HRD_Score,TCGA-D8-A1X9,4,0.7047387361526489,0.8567255735397339,108
HRD_Score,TCGA-D8-A1XG,4,0.3407444655895233,2.2201027870178223,36
HRD_Score,TCGA-D8-A1XJ,4,0.11545168608427048,3.809293031692505,121
HRD_Score,TCGA-D8-A1XT,4,0.5781397819519043,1.7627575397491455,48
HRD_Score,TCGA-D8-A1Y0,4,0.7132770419120789,1.0823613405227661,84
HRD_Score,TCGA-D8-A27L,4,0.2769263982772827,2.021476984024048,58
HRD_Score,TCGA-D8-A27M,4,0.37345805764198303,1.4351176023483276,101
HRD_Score,TCGA-D8-A73U,4,0.1824694275856018,2.9942235946655273,216
HRD_Score,TCGA-E2-A10C,4,0.1368197798728943,3.64607834815979,523
HRD_Score,TCGA-E2-A14Q,4,0.13398118317127228,3.025501012802124,44
HRD_Score,TCGA-E2-A14Y,4,0.19277919828891754,2.2042253017425537,114
HRD_Score,TCGA-E2-A158,4,0.31244707107543945,1.641254186630249,133
HRD_Score,TCGA-E2-A15K,4,0.09016677737236023,4.066729545593262,214
HRD_Score,TCGA-E2-A15T,4,0.9282233119010925,0.4732181131839752,42
HRD_Score,TCGA-E2-A1L8,4,0.6513142585754395,1.6484193801879883,42
HRD_Score,TCGA-E9-A1N8,4,0.6333965063095093,0.806717574596405,43
HRD_Score,TCGA-E9-A1N9,4,0.9217245578765869,0.5086398720741272,74
HRD_Score,TCGA-E9-A1R6,4,0.23680609464645386,2.513559341430664,39
HRD_Score,TCGA-E9-A1RA,4,0.7338228821754456,1.216357707977295,27
HRD_Score,TCGA-E9-A22A,4,0.86062091588974,0.7407872676849365,39
HRD_Score,TCGA-E9-A244,4,0.5927445888519287,2.2180731296539307,134
HRD_Score,TCGA-E9-A245,4,0.3947664499282837,2.254457473754883,26
HRD_Score,TCGA-E9-A247,4,0.736883819103241,1.334830641746521,53
HRD_Score,TCGA-E9-A248,4,0.1447860598564148,3.034940004348755,36
HRD_Score,TCGA-E9-A2JS,4,0.15714021027088165,3.6072487831115723,98
HRD_Score,TCGA-E9-A5UO,4,0.9508211016654968,0.3287770450115204,46
HRD_Score,TCGA-EW-A1IW,4,0.4521295130252838,2.1608939170837402,131
HRD_Score,TCGA-EW-A1IY,4,0.9259032607078552,0.42988482117652893,42
HRD_Score,TCGA-EW-A1IZ,4,0.041054196655750275,5.190505027770996,534
HRD_Score,TCGA-EW-A1P6,4,0.3078373074531555,2.466622829437256,29
HRD_Score,TCGA-EW-A1PG,4,0.6007571220397949,1.2356393337249756,15
HRD_Score,TCGA-EW-A2FV,4,0.020178314298391342,7.362486839294434,4232
HRD_Score,TCGA-EW-A6SD,4,0.8309370875358582,0.7880206108093262,80
HRD_Score,TCGA-LD-A66U,4,0.7269057631492615,1.3959201574325562,49
HRD_Score,TCGA-LL-A5YM,4,0.12404217571020126,3.051009178161621,46
HRD_Score,TCGA-LL-A6FQ,4,0.09921834617853165,3.378434419631958,73
HRD_Score,TCGA-LL-A73Z,4,0.8900505900382996,0.6766349077224731,62
HRD_Score,TCGA-OL-A5D7,4,0.5333240628242493,1.0077391862869263,86
HRD_Score,TCGA-OL-A5D8,4,0.17509609460830688,3.0320560932159424,46
HRD_Score,TCGA-OL-A5RY,4,0.6821368932723999,1.3736757040023804,17
HRD_Score,TCGA-OL-A66L,4,0.35030099749565125,2.203061103820801,98
HRD_Score,TCGA-OL-A6VO,4,0.8339321613311768,0.7581533789634705,62
HRD_Score,TCGA-OL-A6VR,4,0.40205055475234985,2.202028512954712,40
HRD_Score,TCGA-S3-AA10,4,0.7411828637123108,0.8471893072128296,231
HRD_Score,TCGA-S3-AA12,4,0.13410542905330658,3.5792081356048584,72
HRD_Score,TCGA-XX-A899,4,0.17709872126579285,3.381751775741577,130
HRD_Score,TCGA-A1-A0SB,5,0.16787926852703094,2.619589328765869,19
HRD_Score,TCGA-A1-A0SD,5,0.0920996367931366,3.4721908569335938,44
HRD_Score,TCGA-A2-A04P,5,0.044519636780023575,4.779540061950684,180
HRD_Score,TCGA-A2-A0CP,5,0.13316550850868225,3.521975040435791,52
HRD_Score,TCGA-A2-A0CT,5,0.058626819401979446,4.389132022857666,126
HRD_Score,TCGA-A2-A0CW,5,0.08144152909517288,4.113516807556152,93
HRD_Score,TCGA-A2-A0CX,5,0.03068670816719532,5.428342819213867,371
HRD_Score,TCGA-A2-A0D4,5,0.1336408406496048,3.349963426589966,48
HRD_Score,TCGA-A2-A0EM,5,0.14064908027648926,3.2282655239105225,39
HRD_Score,TCGA-A2-A0SV,5,0.103203684091568,3.419184684753418,51
HRD_Score,TCGA-A2-A0SW,5,0.12208437919616699,3.581249713897705,71
HRD_Score,TCGA-A2-A0YL,5,0.09848526865243912,3.6023671627044678,50
HRD_Score,TCGA-A2-A1G4,5,0.1024058386683464,3.4182796478271484,45
HRD_Score,TCGA-A2-A25C,5,0.11966738104820251,3.4993622303009033,46
HRD_Score,TCGA-A2-A4S3,5,0.09477374702692032,4.147279739379883,115
HRD_Score,TCGA-A7-A0CJ,5,0.12449377030134201,3.7294869422912598,77
HRD_Score,TCGA-A7-A13E,5,0.027136793360114098,4.658530235290527,156
HRD_Score,TCGA-A7-A26H,5,0.04801753908395767,4.5241804122924805,156
HRD_Score,TCGA-A8-A06U,5,0.09343716502189636,4.200392723083496,98
HRD_Score,TCGA-A8-A06Z,5,0.039544422179460526,4.342636585235596,108
HRD_Score,TCGA-A8-A079,5,0.06777447462081909,4.183745384216309,99
HRD_Score,TCGA-A8-A07I,5,0.1035594642162323,3.65454363822937,60
HRD_Score,TCGA-A8-A07J,5,0.0869641825556755,3.5426533222198486,54
HRD_Score,TCGA-A8-A07L,5,0.06807513535022736,4.219508647918701,106
HRD_Score,TCGA-A8-A07P,5,0.08659262955188751,3.8569257259368896,69
HRD_Score,TCGA-A8-A08B,5,0.07242809236049652,3.8722896575927734,74
HRD_Score,TCGA-A8-A08O,5,0.1835174262523651,3.0371222496032715,33
HRD_Score,TCGA-A8-A08R,5,0.01930290088057518,5.396162509918213,347
HRD_Score,TCGA-A8-A08T,5,0.10652066767215729,3.501739025115967,61
HRD_Score,TCGA-A8-A091,5,0.15586082637310028,2.922295570373535,29
HRD_Score,TCGA-A8-A093,5,0.05332815274596214,4.468778610229492,144
HRD_Score,TCGA-A8-A09A,5,0.044329412281513214,5.195793628692627,301
HRD_Score,TCGA-A8-A09Q,5,0.0421585850417614,4.866269588470459,202
HRD_Score,TCGA-A8-A0AB,5,0.25144174695014954,3.0795087814331055,43
HRD_Score,TCGA-A8-A0AD,5,0.0880575180053711,3.454824447631836,43
HRD_Score,TCGA-AC-A2QH,5,0.129465714097023,3.1702158451080322,37
HRD_Score,TCGA-AC-A7VB,5,0.12398774176836014,3.2360219955444336,42
HRD_Score,TCGA-AN-A041,5,0.08151330798864365,3.4146101474761963,43
HRD_Score,TCGA-AN-A04C,5,0.05728545039892197,4.195892810821533,102
HRD_Score,TCGA-AN-A0FJ,5,0.045876000076532364,4.475378036499023,129
HRD_Score,TCGA-AN-A0FV,5,0.04801604151725769,4.308938503265381,121
HRD_Score,TCGA-AN-A0XU,5,0.03852348402142525,4.667446613311768,153
HRD_Score,TCGA-AO-A03T,5,0.059447478502988815,4.464671611785889,131
HRD_Score,TCGA-AO-A0J4,5,0.03890259563922882,4.620819091796875,151
HRD_Score,TCGA-AO-A0J7,5,0.10944391041994095,2.9705862998962402,28
HRD_Score,TCGA-AO-A0J8,5,0.11104931682348251,3.2078616619110107,37
HRD_Score,TCGA-AO-A0JB,5,0.04121442511677742,4.524634838104248,141
HRD_Score,TCGA-AO-A0JG,5,0.16222502291202545,2.78019118309021,22
HRD_Score,TCGA-AO-A0JJ,5,0.10249421000480652,3.016078472137451,24
HRD_Score,TCGA-AO-A12D,5,0.11486439406871796,3.7847115993499756,74
HRD_Score,TCGA-AQ-A04H,5,0.05349566787481308,4.051807880401611,87
HRD_Score,TCGA-AR-A0TQ,5,0.065208300948143,3.5938174724578857,52
HRD_Score,TCGA-AR-A0TS,5,0.07324722409248352,4.073680877685547,100
HRD_Score,TCGA-AR-A0U0,5,0.09685112535953522,3.5945980548858643,55
HRD_Score,TCGA-AR-A1AI,5,0.06258682906627655,4.126538276672363,92
HRD_Score,TCGA-AR-A1AN,5,0.09242328256368637,3.136354446411133,35
HRD_Score,TCGA-AR-A1AP,5,0.061786144971847534,3.588834762573242,55
HRD_Score,TCGA-AR-A1AU,5,0.15261848270893097,2.8401293754577637,27
HRD_Score,TCGA-AR-A24W,5,0.17714901268482208,2.63948130607605,19
HRD_Score,TCGA-AR-A24X,5,0.12611904740333557,3.198256492614746,38
HRD_Score,TCGA-AR-A256,5,0.029068589210510254,5.136614799499512,245
HRD_Score,TCGA-AR-A2LN,5,0.09127482771873474,3.597048759460449,61
HRD_Score,TCGA-AR-A2LO,5,0.19576749205589294,2.61283016204834,20
HRD_Score,TCGA-AR-A2LQ,5,0.14736239612102509,2.481971263885498,16
HRD_Score,TCGA-AR-A5QQ,5,0.04417501017451286,4.357970714569092,106
HRD_Score,TCGA-B6-A0I2,5,0.05225624516606331,4.053515434265137,80
HRD_Score,TCGA-B6-A0IN,5,0.08194629102945328,3.5599422454833984,52
HRD_Score,TCGA-B6-A0RN,5,0.11486086994409561,3.357898473739624,38
HRD_Score,TCGA-B6-A0RO,5,0.14066827297210693,3.3473124504089355,47
HRD_Score,TCGA-B6-A0RP,5,0.24020709097385406,2.8549740314483643,31
HRD_Score,TCGA-B6-A0RU,5,0.08910344541072845,3.7705283164978027,65
HRD_Score,TCGA-B6-A0WW,5,0.1037822812795639,3.56062388420105,52
HRD_Score,TCGA-B6-A0X1,5,0.0918283686041832,4.004802227020264,99
HRD_Score,TCGA-B6-A1KF,5,0.05725175514817238,4.017465114593506,83
HRD_Score,TCGA-B6-A1KN,5,0.06584130227565765,3.9700331687927246,79
HRD_Score,TCGA-BH-A0AZ,5,0.06954298913478851,4.0652241706848145,80
HRD_Score,TCGA-BH-A0B3,5,0.04906098172068596,4.219776153564453,114
HRD_Score,TCGA-BH-A0BF,5,0.1830393224954605,3.067391872406006,37
HRD_Score,TCGA-BH-A0BP,5,0.046578194946050644,4.819740295410156,206
HRD_Score,TCGA-BH-A0BZ,5,0.029700301587581635,5.36533260345459,331
HRD_Score,TCGA-BH-A0DX,5,0.05169730633497238,4.015303134918213,79
HRD_Score,TCGA-BH-A0E7,5,0.07825331389904022,3.575190305709839,52
HRD_Score,TCGA-BH-A0E9,5,0.08445475995540619,3.230036497116089,38
HRD_Score,TCGA-BH-A0EA,5,0.14854596555233002,3.0240190029144287,33
HRD_Score,TCGA-BH-A0HW,5,0.2516903281211853,2.9502949714660645,46
HRD_Score,TCGA-BH-A0HX,5,0.06600493937730789,4.169210433959961,92
HRD_Score,TCGA-BH-A18I,5,0.21772845089435577,3.036681652069092,37
HRD_Score,TCGA-BH-A18J,5,0.06567449867725372,4.170183181762695,113
HRD_Score,TCGA-BH-A18K,5,0.06549029797315598,3.9469802379608154,77
HRD_Score,TCGA-BH-A18P,5,0.021557217463850975,5.56588077545166,446
HRD_Score,TCGA-BH-A1EU,5,0.1268589049577713,3.2713592052459717,38
HRD_Score,TCGA-BH-A1EW,5,0.15378712117671967,2.596811294555664,22
HRD_Score,TCGA-BH-A1FG,5,0.15466010570526123,2.84836745262146,27
HRD_Score,TCGA-C8-A12L,5,0.06355173140764236,4.160730361938477,102
HRD_Score,TCGA-C8-A12U,5,0.057291362434625626,3.873898983001709,65
HRD_Score,TCGA-C8-A12Y,5,0.11405515670776367,3.503840208053589,52
HRD_Score,TCGA-C8-A130,5,0.11829664558172226,3.608982563018799,58
HRD_Score,TCGA-C8-A131,5,0.07822234183549881,3.9433436393737793,84
HRD_Score,TCGA-C8-A1HM,5,0.01551906205713749,5.702572822570801,462
HRD_Score,TCGA-C8-A273,5,0.24723467230796814,2.774019479751587,28
HRD_Score,TCGA-D8-A140,5,0.05928778275847435,4.47169303894043,149
HRD_Score,TCGA-D8-A1JA,5,0.024768099188804626,6.534196853637695,1201
HRD_Score,TCGA-D8-A1JF,5,0.06583468616008759,3.6769471168518066,56
HRD_Score,TCGA-D8-A1JM,5,0.13932934403419495,3.4688735008239746,58
HRD_Score,TCGA-D8-A1XK,5,0.00990142859518528,6.8208112716674805,1426
HRD_Score,TCGA-D8-A1XO,5,0.12263066321611404,3.1381564140319824,31
HRD_Score,TCGA-D8-A1XV,5,0.14002937078475952,3.2486326694488525,38
HRD_Score,TCGA-D8-A1XZ,5,0.0514812208712101,4.227334976196289,105
HRD_Score,TCGA-D8-A1Y2,5,0.1029617041349411,2.9843573570251465,24
HRD_Score,TCGA-D8-A3Z6,5,0.21966199576854706,3.1601617336273193,44
HRD_Score,TCGA-D8-A73W,5,0.11194571107625961,3.590118408203125,58
HRD_Score,TCGA-D8-A73X,5,0.07263200730085373,3.6087687015533447,58
HRD_Score,TCGA-E2-A14O,5,0.14412780106067657,3.0475831031799316,40
HRD_Score,TCGA-E2-A14R,5,0.046221643686294556,4.618478775024414,153
HRD_Score,TCGA-E2-A150,5,0.04441295191645622,4.174990653991699,96
HRD_Score,TCGA-E2-A154,5,0.08066412061452866,3.8200604915618896,61
HRD_Score,TCGA-E2-A159,5,0.05925513058900833,4.811701774597168,203
HRD_Score,TCGA-E2-A15A,5,0.07394607365131378,4.30859899520874,109
HRD_Score,TCGA-E2-A15C,5,0.12050594389438629,3.479818105697632,54
HRD_Score,TCGA-E2-A15P,5,0.08143884688615799,3.7107362747192383,54
HRD_Score,TCGA-E2-A1AZ,5,0.09080943465232849,3.989586114883423,84
HRD_Score,TCGA-E2-A1B0,5,0.11460541933774948,3.6361520290374756,63
HRD_Score,TCGA-E2-A1BD,5,0.09882353246212006,3.4953160285949707,48
HRD_Score,TCGA-E2-A1IE,5,0.10002310574054718,3.1880288124084473,31
HRD_Score,TCGA-E2-A1IH,5,0.0646393671631813,4.075232028961182,89
HRD_Score,TCGA-E2-A1IL,5,0.17164458334445953,3.176896572113037,38
HRD_Score,TCGA-E2-A1IU,5,0.17342567443847656,3.058598041534424,36
HRD_Score,TCGA-E2-A1LH,5,0.0263013057410717,5.110696792602539,243
HRD_Score,TCGA-E2-A56Z,5,0.052651941776275635,3.863187789916992,65
HRD_Score,TCGA-E9-A1N5,5,0.09062909334897995,3.3333425521850586,43
HRD_Score,TCGA-E9-A1NI,5,0.0915859043598175,3.429670810699463,43
HRD_Score,TCGA-E9-A1RD,5,0.18423888087272644,2.832838773727417,27
HRD_Score,TCGA-E9-A226,5,0.08058065176010132,3.8293700218200684,87
HRD_Score,TCGA-E9-A227,5,0.1888338029384613,2.6862926483154297,23
HRD_Score,TCGA-E9-A24A,5,0.3143065273761749,2.526132583618164,25
HRD_Score,TCGA-E9-A5FL,5,0.050954803824424744,4.569698810577393,145
HRD_Score,TCGA-E9-A6HE,5,0.1656176745891571,2.896758794784546,28
HRD_Score,TCGA-EW-A6SC,5,0.12139713019132614,3.367748975753784,47
HRD_Score,TCGA-GM-A2DB,5,0.06772661209106445,4.582913398742676,162
HRD_Score,TCGA-GM-A2DN,5,0.12648408114910126,2.930724859237671,28
HRD_Score,TCGA-HN-A2OB,5,0.14940997958183289,2.8973731994628906,26
HRD_Score,TCGA-LL-A50Y,5,0.11812251806259155,3.456331968307495,50
HRD_Score,TCGA-LL-A5YN,5,0.08256176114082336,3.711836099624634,51
HRD_Score,TCGA-LL-A5YP,5,0.041571784764528275,4.306404113769531,110
HRD_Score,TCGA-LL-A73Y,5,0.044450074434280396,4.705268859863281,199
HRD_Score,TCGA-OL-A5DA,5,0.047075945883989334,4.315478801727295,118
HRD_Score,TCGA-OL-A5RW,5,0.02815449796617031,5.147876739501953,261
HRD_Score,TCGA-OL-A5RX,5,0.16176597774028778,3.262012481689453,39
HRD_Score,TCGA-PE-A5DD,5,0.058560483157634735,4.063538551330566,92
HRD_Score,TCGA-PE-A5DE,5,0.012269750237464905,6.0575785636901855,704
HRD_Score,TCGA-S3-A6ZG,5,0.1202072724699974,3.5924201011657715,65
HRD_Score,TCGA-S3-AA11,5,0.047095078974962234,4.24444580078125,110
HRD_Score,TCGA-WT-AB41,5,0.09787499904632568,3.7506234645843506,66
HRD_Score,TCGA-WT-AB44,5,0.09514767676591873,3.7429866790771484,66
hrd_binary_33,TCGA-5T-A9QA,1,0.4369511008262634,1.1955862045288086,93
hrd_binary_33,TCGA-A1-A0SB,1,0.8044617176055908,0.9217180013656616,19
hrd_binary_33,TCGA-A1-A0SK,1,0.6534979343414307,1.325754165649414,88
hrd_binary_33,TCGA-A2-A04P,1,0.24646452069282532,1.8200770616531372,180
hrd_binary_33,TCGA-A2-A04W,1,0.5634791851043701,1.6467403173446655,190
hrd_binary_33,TCGA-A2-A0CU,1,0.6313136219978333,1.101981520652771,64
hrd_binary_33,TCGA-A2-A0EM,1,0.9213051795959473,0.46738946437835693,39
hrd_binary_33,TCGA-A2-A0ES,1,0.5638046860694885,1.8221544027328491,22
hrd_binary_33,TCGA-A2-A0EU,1,0.8774973154067993,0.7713285684585571,57
hrd_binary_33,TCGA-A2-A0EY,1,0.1799793839454651,2.5787482261657715,299
hrd_binary_33,TCGA-A2-A0SW,1,0.7230520844459534,0.7178347110748291,71
hrd_binary_33,TCGA-A2-A0T1,1,0.670192539691925,1.6124165058135986,35
hrd_binary_33,TCGA-A2-A0YC,1,0.6876914501190186,0.780646026134491,35
hrd_binary_33,TCGA-A2-A0YE,1,0.9791498780250549,0.17289428412914276,50
hrd_binary_33,TCGA-A2-A0YG,1,0.905106246471405,0.39827588200569153,79
hrd_binary_33,TCGA-A2-A0YM,1,0.7214404940605164,1.0004922151565552,115
hrd_binary_33,TCGA-A2-A1FX,1,0.3866606056690216,1.8395565748214722,32
hrd_binary_33,TCGA-A2-A1G4,1,0.3175559639930725,2.276660442352295,45
hrd_binary_33,TCGA-A2-A25A,1,0.5063933730125427,1.6981570720672607,412
hrd_binary_33,TCGA-A2-A25E,1,0.870451033115387,0.4198572635650635,69
hrd_binary_33,TCGA-A2-A4S1,1,0.49945247173309326,1.2599796056747437,106
hrd_binary_33,TCGA-A7-A0CG,1,0.9572921395301819,0.34088456630706787,78
hrd_binary_33,TCGA-A7-A56D,1,0.3039947748184204,2.2945966720581055,472
hrd_binary_33,TCGA-A7-A6VX,1,0.2863060534000397,1.7255048751831055,200
hrd_binary_33,TCGA-A8-A06Y,1,0.3912844955921173,1.795880675315857,45
hrd_binary_33,TCGA-A8-A07P,1,0.8715932369232178,0.6943063735961914,69
hrd_binary_33,TCGA-A8-A090,1,0.8713846206665039,0.7302027344703674,50
hrd_binary_33,TCGA-A8-A093,1,0.7645801901817322,0.7463983297348022,144
hrd_binary_33,TCGA-A8-A09B,1,0.9957230091094971,0.036257725208997726,60
hrd_binary_33,TCGA-A8-A09M,1,0.7306479215621948,1.3983652591705322,194
hrd_binary_33,TCGA-A8-A0A4,1,0.9637778997421265,0.2160424143075943,41
hrd_binary_33,TCGA-A8-A0A6,1,0.7784116268157959,1.0895912647247314,43
hrd_binary_33,TCGA-A8-A0AB,1,0.3401568830013275,2.3337602615356445,43
hrd_binary_33,TCGA-AC-A2FB,1,0.7228860259056091,1.1959611177444458,17
hrd_binary_33,TCGA-AC-A8OQ,1,0.6854172945022583,1.2102582454681396,149
hrd_binary_33,TCGA-AN-A03Y,1,0.9740473031997681,0.19388160109519958,43
hrd_binary_33,TCGA-AN-A0AR,1,0.8134233951568604,0.683822512626648,162
hrd_binary_33,TCGA-AN-A0FN,1,0.5445507764816284,1.2796958684921265,59
hrd_binary_33,TCGA-AN-A0XR,1,0.5695004463195801,1.7986267805099487,42
hrd_binary_33,TCGA-AN-A0XV,1,0.47797611355781555,1.9672255516052246,49
hrd_binary_33,TCGA-AO-A03P,1,0.8577685356140137,0.6761547923088074,71
hrd_binary_33,TCGA-AO-A0J2,1,0.5789908766746521,1.1601365804672241,91
hrd_binary_33,TCGA-AO-A0J6,1,0.8057776093482971,0.903329610824585,147
hrd_binary_33,TCGA-AO-A0J8,1,0.7255048751831055,0.951237142086029,37
hrd_binary_33,TCGA-AO-A0JD,1,0.5088382363319397,1.3950777053833008,142
hrd_binary_33,TCGA-AO-A0JE,1,0.9887399673461914,0.10131029039621353,61
hrd_binary_33,TCGA-AO-A12H,1,0.9623667001724243,0.20627997815608978,33
hrd_binary_33,TCGA-AO-A1KR,1,0.43581077456474304,1.86006760597229,94
hrd_binary_33,TCGA-AR-A0TT,1,0.6224246621131897,0.9008966684341431,80
hrd_binary_33,TCGA-AR-A1AI,1,0.6878242492675781,1.4418952465057373,92
hrd_binary_33,TCGA-AR-A1AQ,1,0.80702805519104,0.6838093996047974,52
hrd_binary_33,TCGA-AR-A1AW,1,0.9752399325370789,0.17473670840263367,44
hrd_binary_33,TCGA-AR-A2LK,1,0.9724498987197876,0.21149928867816925,53
hrd_binary_33,TCGA-AR-A2LN,1,0.3304383158683777,2.7358028888702393,61
hrd_binary_33,TCGA-AR-A2LQ,1,0.4420661926269531,1.9668669700622559,16
hrd_binary_33,TCGA-B6-A0I9,1,0.39133551716804504,2.111719846725464,118
hrd_binary_33,TCGA-B6-A0RE,1,0.8880033493041992,0.517719030380249,211
hrd_binary_33,TCGA-B6-A0RG,1,0.47826170921325684,1.0500730276107788,94
hrd_binary_33,TCGA-B6-A0X1,1,0.3877239525318146,1.5410338640213013,99
hrd_binary_33,TCGA-B6-A40C,1,0.9256046414375305,0.3950801491737366,57
hrd_binary_33,TCGA-BH-A0BA,1,0.2990869879722595,2.824782371520996,110
hrd_binary_33,TCGA-BH-A0BM,1,0.21855007112026215,3.1424615383148193,77
hrd_binary_33,TCGA-BH-A0BT,1,0.17091520130634308,3.1980412006378174,50
hrd_binary_33,TCGA-BH-A0C1,1,0.27449724078178406,3.100679636001587,54
hrd_binary_33,TCGA-BH-A0C3,1,0.942674458026886,0.23381265997886658,20
hrd_binary_33,TCGA-BH-A0DH,1,0.3419826328754425,1.7312008142471313,105
hrd_binary_33,TCGA-BH-A0DK,1,0.1427708864212036,2.7942118644714355,266
hrd_binary_33,TCGA-BH-A0DL,1,0.09612631052732468,3.8505547046661377,135
hrd_binary_33,TCGA-BH-A0DO,1,0.5022812485694885,2.0974392890930176,35
hrd_binary_33,TCGA-BH-A0DQ,1,0.47103914618492126,0.9515026807785034,77
hrd_binary_33,TCGA-BH-A0E1,1,0.9318613409996033,0.509166419506073,72
hrd_binary_33,TCGA-BH-A0EB,1,0.7590839266777039,0.7675580382347107,62
hrd_binary_33,TCGA-BH-A0H0,1,0.9575740098953247,0.2571879029273987,28
hrd_binary_33,TCGA-BH-A0HB,1,0.15685081481933594,2.942502737045288,45
hrd_binary_33,TCGA-BH-A0HQ,1,0.9735559225082397,0.20978498458862305,49
hrd_binary_33,TCGA-BH-A0HW,1,0.9650436639785767,0.23289303481578827,46
hrd_binary_33,TCGA-BH-A0HY,1,0.8313962817192078,0.5810958743095398,89
hrd_binary_33,TCGA-BH-A18H,1,0.8692660331726074,0.666507363319397,59
hrd_binary_33,TCGA-BH-A18I,1,0.9881861209869385,0.10104095935821533,37
hrd_binary_33,TCGA-BH-A18L,1,0.38574159145355225,1.9813542366027832,72
hrd_binary_33,TCGA-BH-A18P,1,0.20039033889770508,2.6866865158081055,446
hrd_binary_33,TCGA-BH-A18T,1,0.9217463731765747,0.4624815881252289,111
hrd_binary_33,TCGA-BH-A204,1,0.45877817273139954,2.2005128860473633,56
hrd_binary_33,TCGA-BH-A42V,1,0.9115551710128784,0.5057344436645508,62
hrd_binary_33,TCGA-C8-A12L,1,0.9972932934761047,0.02269829250872135,102
hrd_binary_33,TCGA-C8-A12U,1,0.3264254927635193,2.4000794887542725,65
hrd_binary_33,TCGA-C8-A12W,1,0.8247915506362915,0.7558571100234985,83
hrd_binary_33,TCGA-C8-A12Z,1,0.3478173017501831,2.3680694103240967,63
hrd_binary_33,TCGA-C8-A133,1,0.7163543105125427,1.2865630388259888,36
hrd_binary_33,TCGA-C8-A1HM,1,0.21144717931747437,2.7183597087860107,462
hrd_binary_33,TCGA-C8-A26W,1,0.7970935106277466,0.9393500089645386,73
hrd_binary_33,TCGA-C8-A26Z,1,0.7365446090698242,0.7633820176124573,62
hrd_binary_33,TCGA-C8-A8HR,1,0.8571073412895203,0.5997285842895508,64
hrd_binary_33,TCGA-D8-A1J8,1,0.6227309107780457,1.7879276275634766,1045
hrd_binary_33,TCGA-D8-A1J9,1,0.2983663082122803,2.353517532348633,280
hrd_binary_33,TCGA-D8-A1JB,1,0.5005932450294495,1.8249166011810303,69
hrd_binary_33,TCGA-D8-A1JD,1,0.30173468589782715,2.1207590103149414,137
hrd_binary_33,TCGA-D8-A1JH,1,0.9660171270370483,0.16444295644760132,27
hrd_binary_33,TCGA-D8-A1JT,1,0.6021257638931274,1.3121970891952515,47
hrd_binary_33,TCGA-D8-A1XG,1,0.7010849714279175,0.9606332778930664,36
hrd_binary_33,TCGA-D8-A1XL,1,0.995439887046814,0.03738369792699814,118
hrd_binary_33,TCGA-D8-A1XM,1,0.8695343136787415,0.5839604735374451,68
hrd_binary_33,TCGA-D8-A1XO,1,0.5189966559410095,0.9907498955726624,31
hrd_binary_33,TCGA-D8-A1XY,1,0.9717864394187927,0.19877934455871582,66
hrd_binary_33,TCGA-D8-A27W,1,0.5742383003234863,1.3025840520858765,60
hrd_binary_33,TCGA-D8-A73U,1,0.312723845243454,1.8391543626785278,216
hrd_binary_33,TCGA-D8-A73X,1,0.7168321013450623,1.2201038599014282,58
hrd_binary_33,TCGA-E2-A10C,1,0.7755086421966553,1.1147774457931519,523
hrd_binary_33,TCGA-E2-A14R,1,0.504755973815918,1.0845891237258911,153
hrd_binary_33,TCGA-E2-A14T,1,0.8362323641777039,0.8560524582862854,50
hrd_binary_33,TCGA-E2-A150,1,0.27317336201667786,2.751347064971924,96
hrd_binary_33,TCGA-E2-A152,1,0.5053942799568176,1.5914626121520996,175
hrd_binary_33,TCGA-E2-A155,1,0.8014053106307983,0.6832668781280518,86
hrd_binary_33,TCGA-E2-A15A,1,0.4340387284755707,1.3074754476547241,109
hrd_binary_33,TCGA-E2-A15G,1,0.7251033782958984,0.9216277599334717,78
hrd_binary_33,TCGA-E2-A15H,1,0.8951179385185242,0.6421663165092468,38
hrd_binary_33,TCGA-E2-A15M,1,0.1906667947769165,2.1047520637512207,226
hrd_binary_33,TCGA-E2-A15O,1,0.8162644505500793,0.841856062412262,38
hrd_binary_33,TCGA-E2-A1AZ,1,0.8662444949150085,0.69294673204422,84
hrd_binary_33,TCGA-E2-A1IK,1,0.4250919818878174,1.5251085758209229,22
hrd_binary_33,TCGA-E2-A1LH,1,0.3860839605331421,1.7740898132324219,243
hrd_binary_33,TCGA-E2-A1LL,1,0.7896029353141785,0.7294363379478455,64
hrd_binary_33,TCGA-E9-A1NI,1,0.1543191522359848,2.994098663330078,43
hrd_binary_33,TCGA-E9-A1RA,1,0.9979863166809082,0.02027944102883339,27
hrd_binary_33,TCGA-E9-A22A,1,0.9998829364776611,0.001420757151208818,39
hrd_binary_33,TCGA-E9-A22H,1,0.71407550573349,0.8990491628646851,30
hrd_binary_33,TCGA-E9-A2JS,1,0.618910014629364,1.1559842824935913,98
hrd_binary_33,TCGA-E9-A2JT,1,0.8874886631965637,0.5715888738632202,28
hrd_binary_33,TCGA-E9-A6HE,1,0.9709712862968445,0.1395840048789978,28
hrd_binary_33,TCGA-EW-A1IY,1,0.5724777579307556,1.8896509408950806,42
hrd_binary_33,TCGA-EW-A1J1,1,0.21907219290733337,2.4574949741363525,25
hrd_binary_33,TCGA-EW-A1OZ,1,0.4676991403102875,2.5196635723114014,79
hrd_binary_33,TCGA-EW-A1P3,1,0.9354100227355957,0.36424189805984497,30
hrd_binary_33,TCGA-EW-A1P5,1,0.31611284613609314,2.5719621181488037,24
hrd_binary_33,TCGA-EW-A1P8,1,0.42650270462036133,2.583571434020996,42
hrd_binary_33,TCGA-EW-A1PH,1,0.45496276021003723,1.106931209564209,68
hrd_binary_33,TCGA-EW-A2FS,1,0.7876593470573425,0.6158777475357056,50
hrd_binary_33,TCGA-GM-A2DH,1,0.2800769507884979,1.952087640762329,242
hrd_binary_33,TCGA-GM-A2DL,1,0.8016321659088135,0.7017095685005188,56
hrd_binary_33,TCGA-HN-A2NL,1,0.633582353591919,1.2057944536209106,102
hrd_binary_33,TCGA-HN-A2OB,1,0.9299114942550659,0.3653429448604584,26
hrd_binary_33,TCGA-LL-A50Y,1,0.8547423481941223,0.7720471024513245,50
hrd_binary_33,TCGA-LL-A73Z,1,0.686756432056427,1.1971417665481567,62
hrd_binary_33,TCGA-LL-A8F5,1,0.9065139293670654,0.518018364906311,217
hrd_binary_33,TCGA-OL-A5D7,1,0.6861116290092468,0.8256202936172485,86
hrd_binary_33,TCGA-OL-A66N,1,0.7502106428146362,0.9453750848770142,62
hrd_binary_33,TCGA-OL-A6VO,1,0.9224935173988342,0.35996419191360474,62
hrd_binary_33,TCGA-OL-A6VR,1,0.3498135805130005,2.3351950645446777,40
hrd_binary_33,TCGA-S3-A6ZF,1,0.8559510707855225,0.8096326589584351,60
hrd_binary_33,TCGA-S3-A6ZG,1,0.9207446575164795,0.33550068736076355,65
hrd_binary_33,TCGA-S3-A6ZH,1,0.9952228665351868,0.04227672889828682,52
hrd_binary_33,TCGA-S3-AA14,1,0.46036362648010254,2.1642184257507324,27
hrd_binary_33,TCGA-W8-A86G,1,0.3592572510242462,1.444494366645813,39
hrd_binary_33,TCGA-WT-AB44,1,0.9882535338401794,0.07607100158929825,66
hrd_binary_33,TCGA-Z7-A8R6,1,0.8839979767799377,0.42658597230911255,117
hrd_binary_33,TCGA-5L-AAT0,2,0.2693355977535248,3.8686580657958984,282
hrd_binary_33,TCGA-A1-A0SF,2,0.08764075487852097,3.7003135681152344,67
hrd_binary_33,TCGA-A1-A0SQ,2,0.11218498647212982,3.192744016647339,40
hrd_binary_33,TCGA-A2-A0CX,2,0.13510723412036896,4.992251396179199,371
hrd_binary_33,TCGA-A2-A0D3,2,0.10250549763441086,3.2748982906341553,39
hrd_binary_33,TCGA-A2-A0EX,2,0.21074827015399933,2.7430827617645264,35
hrd_binary_33,TCGA-A2-A0SX,2,0.46845197677612305,2.3935248851776123,42
hrd_binary_33,TCGA-A2-A0YF,2,0.26777106523513794,3.1145362854003906,49
hrd_binary_33,TCGA-A2-A0YJ,2,0.46190008521080017,2.8275842666625977,101
hrd_binary_33,TCGA-A2-A0YT,2,0.17074403166770935,3.411990165710449,87
hrd_binary_33,TCGA-A2-A1G0,2,0.28275179862976074,2.2814764976501465,26
hrd_binary_33,TCGA-A2-A259,2,0.14669285714626312,2.9243268966674805,31
hrd_binary_33,TCGA-A2-A25C,2,0.2715398967266083,3.0419986248016357,46
hrd_binary_33,TCGA-A2-A25D,2,0.0994785949587822,3.686177968978882,72
hrd_binary_33,TCGA-A2-A3KD,2,0.19118119776248932,2.5267937183380127,18
hrd_binary_33,TCGA-A2-A3XU,2,0.1456174999475479,3.006486415863037,38
hrd_binary_33,TCGA-A7-A0CE,2,0.21826162934303284,3.734968662261963,285
hrd_binary_33,TCGA-A7-A0CJ,2,0.40603816509246826,2.917433261871338,77
hrd_binary_33,TCGA-A7-A13D,2,0.32212764024734497,3.3442087173461914,158
hrd_binary_33,TCGA-A7-A13E,2,0.2028980255126953,3.283425807952881,156
hrd_binary_33,TCGA-A7-A26E,2,0.10015814006328583,3.6758806705474854,71
hrd_binary_33,TCGA-A7-A26I,2,0.4258975088596344,2.204491376876831,47
hrd_binary_33,TCGA-A7-A26J,2,0.36678341031074524,2.7589473724365234,52
hrd_binary_33,TCGA-A7-A6VW,2,0.28124070167541504,3.266221523284912,100
hrd_binary_33,TCGA-A8-A06P,2,0.12389296293258667,3.287278652191162,48
hrd_binary_33,TCGA-A8-A075,2,0.6543275713920593,1.8837968111038208,111
hrd_binary_33,TCGA-A8-A07Z,2,0.3758474290370941,2.4746365547180176,26
hrd_binary_33,TCGA-A8-A096,2,0.17637231945991516,3.246098279953003,40
hrd_binary_33,TCGA-A8-A099,2,0.21171821653842926,2.9551010131835938,36
hrd_binary_33,TCGA-A8-A09C,2,0.19702939689159393,3.2463607788085938,47
hrd_binary_33,TCGA-A8-A09D,2,0.15169979631900787,3.5040464401245117,64
hrd_binary_33,TCGA-A8-A09T,2,0.25789839029312134,2.6390509605407715,27
hrd_binary_33,TCGA-AC-A23C,2,0.3087429106235504,3.728578805923462,153
hrd_binary_33,TCGA-AC-A2B8,2,0.06794138997793198,4.260054588317871,133
hrd_binary_33,TCGA-AC-A3OD,2,0.58388352394104,1.8175232410430908,46
hrd_binary_33,TCGA-AC-A5EH,2,0.11054575443267822,4.409649848937988,214
hrd_binary_33,TCGA-AC-A5XU,2,0.3275393843650818,2.5615079402923584,119
hrd_binary_33,TCGA-AN-A04D,2,0.08750093728303909,4.123388290405273,126
hrd_binary_33,TCGA-AN-A0FS,2,0.09279870986938477,3.963010311126709,96
hrd_binary_33,TCGA-AN-A0FY,2,0.24948343634605408,3.0147275924682617,65
hrd_binary_33,TCGA-AN-A0FZ,2,0.07362453639507294,4.015597343444824,97
hrd_binary_33,TCGA-AN-A0XU,2,0.3702229857444763,3.3904781341552734,153
hrd_binary_33,TCGA-AO-A03V,2,0.4546545147895813,2.4462316036224365,74
hrd_binary_33,TCGA-AO-A0J4,2,0.32231876254081726,3.222838878631592,151
hrd_binary_33,TCGA-AO-A0JA,2,0.210785374045372,2.8173325061798096,36
hrd_binary_33,TCGA-AO-A0JB,2,0.5630578398704529,2.5251173973083496,141
hrd_binary_33,TCGA-AO-A0JF,2,0.24783386290073395,2.8850016593933105,37
hrd_binary_33,TCGA-AO-A0JJ,2,0.15001223981380463,2.7968201637268066,24
hrd_binary_33,TCGA-AO-A0JM,2,0.1809213012456894,3.307904005050659,54
hrd_binary_33,TCGA-AO-A12A,2,0.2650645077228546,2.288928508758545,21
hrd_binary_33,TCGA-AQ-A04H,2,0.1619008630514145,3.4110124111175537,87
hrd_binary_33,TCGA-AQ-A04J,2,0.5545774102210999,2.4994139671325684,106
hrd_binary_33,TCGA-AQ-A1H2,2,0.6590244174003601,1.6178299188613892,39
hrd_binary_33,TCGA-AR-A0TW,2,0.11102519929409027,3.5715034008026123,71
hrd_binary_33,TCGA-AR-A0TX,2,0.2743268311023712,4.4978485107421875,414
hrd_binary_33,TCGA-AR-A1AY,2,0.3895397186279297,2.970970392227173,79
hrd_binary_33,TCGA-AR-A24V,2,0.5929043889045715,1.8210692405700684,28
hrd_binary_33,TCGA-AR-A24Z,2,0.34160155057907104,2.4629852771759033,62
hrd_binary_33,TCGA-AR-A250,2,0.12743358314037323,4.396278381347656,165
hrd_binary_33,TCGA-AR-A254,2,0.18088527023792267,2.9212827682495117,47
hrd_binary_33,TCGA-AR-A5QN,2,0.06979769468307495,3.621166706085205,59
hrd_binary_33,TCGA-AR-A5QQ,2,0.38898608088493347,2.0283517837524414,106
hrd_binary_33,TCGA-B6-A0IJ,2,0.4568561613559723,2.9197564125061035,177
hrd_binary_33,TCGA-B6-A0RH,2,0.453159362077713,2.3572757244110107,50
hrd_binary_33,TCGA-B6-A0RO,2,0.35694584250450134,2.829463481903076,47
hrd_binary_33,TCGA-B6-A0X5,2,0.11152029037475586,3.455496311187744,54
hrd_binary_33,TCGA-B6-A401,2,0.7068868279457092,1.4549211263656616,33
hrd_binary_33,TCGA-B6-A409,2,0.42274945974349976,2.616576910018921,58
hrd_binary_33,TCGA-BH-A0B5,2,0.06299609690904617,3.9692142009735107,93
hrd_binary_33,TCGA-BH-A0B7,2,0.11067991703748703,3.834733009338379,97
hrd_binary_33,TCGA-BH-A0B9,2,0.4620806872844696,2.4657161235809326,46
hrd_binary_33,TCGA-BH-A0BF,2,0.6668019890785217,1.5951664447784424,37
hrd_binary_33,TCGA-BH-A0BJ,2,0.10553520172834396,3.5819196701049805,75
hrd_binary_33,TCGA-BH-A0BO,2,0.09193935245275497,3.6561532020568848,66
hrd_binary_33,TCGA-BH-A0EE,2,0.1040712296962738,4.432634353637695,186
hrd_binary_33,TCGA-BH-A0HP,2,0.30293163657188416,3.9806220531463623,364
hrd_binary_33,TCGA-BH-A0HX,2,0.2964131236076355,2.8800737857818604,92
hrd_binary_33,TCGA-BH-A18N,2,0.30524224042892456,2.9111435413360596,47
hrd_binary_33,TCGA-BH-A18Q,2,0.5804123878479004,2.04675030708313,121
hrd_binary_33,TCGA-BH-A18U,2,0.16852019727230072,4.242441177368164,188
hrd_binary_33,TCGA-BH-A1ET,2,0.1962350308895111,2.996234655380249,38
hrd_binary_33,TCGA-BH-A1EV,2,0.24327003955841064,3.7817554473876953,131
hrd_binary_33,TCGA-BH-A1EW,2,0.19682154059410095,2.547191858291626,22
hrd_binary_33,TCGA-BH-A1EX,2,0.0899713858962059,3.1403417587280273,35
hrd_binary_33,TCGA-BH-A1EY,2,0.5022179484367371,2.098482370376587,58
hrd_binary_33,TCGA-BH-A1F0,2,0.16577008366584778,3.714287281036377,101
hrd_binary_33,TCGA-BH-A1FC,2,0.5225874185562134,2.7644357681274414,135
hrd_binary_33,TCGA-BH-A1FG,2,0.15114198625087738,2.803391933441162,27
hrd_binary_33,TCGA-BH-A1FJ,2,0.09546679258346558,3.4323010444641113,48
hrd_binary_33,TCGA-BH-A1FM,2,0.34688615798950195,3.0708537101745605,68
hrd_binary_33,TCGA-BH-A1FU,2,0.3324762284755707,3.2527828216552734,119
hrd_binary_33,TCGA-BH-A202,2,0.8546631932258606,0.858601987361908,31
hrd_binary_33,TCGA-BH-A8G0,2,0.2615537941455841,2.4952168464660645,21
hrd_binary_33,TCGA-C8-A12P,2,0.5107734203338623,2.3426012992858887,210
hrd_binary_33,TCGA-C8-A12Y,2,0.14338335394859314,3.409135103225708,52
hrd_binary_33,TCGA-C8-A130,2,0.23364771902561188,3.2201061248779297,58
hrd_binary_33,TCGA-C8-A131,2,0.3546273410320282,2.7338058948516846,84
hrd_binary_33,TCGA-C8-A1HF,2,0.40285825729370117,2.573103427886963,43
hrd_binary_33,TCGA-C8-A273,2,0.13380402326583862,2.9402096271514893,28
hrd_binary_33,TCGA-C8-A8HP,2,0.10247752815485,4.826205253601074,276
hrd_binary_33,TCGA-D8-A13Y,2,0.20641127228736877,2.927168846130371,92
hrd_binary_33,TCGA-D8-A13Z,2,0.19452083110809326,3.5692272186279297,112
hrd_binary_33,TCGA-D8-A140,2,0.05101862549781799,4.459101676940918,149
hrd_binary_33,TCGA-D8-A145,2,0.10475996881723404,3.5435798168182373,54
hrd_binary_33,TCGA-D8-A147,2,0.2314268797636032,4.127499580383301,215
hrd_binary_33,TCGA-D8-A1JA,2,0.04686029255390167,6.322776794433594,1201
hrd_binary_33,TCGA-D8-A1JC,2,0.5483629703521729,2.5489463806152344,126
hrd_binary_33,TCGA-D8-A1JI,2,0.12471580505371094,3.2141544818878174,44
hrd_binary_33,TCGA-D8-A1JN,2,0.035911403596401215,4.7554121017456055,213
hrd_binary_33,TCGA-D8-A1JS,2,0.16595964133739471,2.9706175327301025,33
hrd_binary_33,TCGA-D8-A1JU,2,0.32225722074508667,2.440107822418213,21
hrd_binary_33,TCGA-D8-A27F,2,0.25001761317253113,3.5702614784240723,84
hrd_binary_33,TCGA-D8-A27R,2,0.14478799700737,3.240814208984375,44
hrd_binary_33,TCGA-D8-A73W,2,0.08776088058948517,3.503610134124756,58
hrd_binary_33,TCGA-E2-A14O,2,0.15915215015411377,3.1542062759399414,40
hrd_binary_33,TCGA-E2-A159,2,0.13371898233890533,4.415196418762207,203
hrd_binary_33,TCGA-E2-A15J,2,0.14726591110229492,2.935612440109253,27
hrd_binary_33,TCGA-E2-A1B0,2,0.516794741153717,2.3377957344055176,63
hrd_binary_33,TCGA-E2-A1B5,2,0.049174629151821136,4.123868942260742,101
hrd_binary_33,TCGA-E2-A1L6,2,0.1490291804075241,2.785632848739624,31
hrd_binary_33,TCGA-E2-A1L8,2,0.36334285140037537,2.652656078338623,42
hrd_binary_33,TCGA-E2-A1LG,2,0.13420045375823975,4.358728408813477,222
hrd_binary_33,TCGA-E2-A56Z,2,0.11319658160209656,3.4547693729400635,65
hrd_binary_33,TCGA-E2-A570,2,0.65406334400177,1.6951098442077637,39
hrd_binary_33,TCGA-E2-A9RU,2,0.13888375461101532,3.9621288776397705,115
hrd_binary_33,TCGA-E9-A1NG,2,0.24301670491695404,2.3479573726654053,24
hrd_binary_33,TCGA-E9-A1NH,2,0.09047334641218185,3.3352348804473877,42
hrd_binary_33,TCGA-E9-A1R6,2,0.14439108967781067,3.181615114212036,39
hrd_binary_33,TCGA-E9-A1RB,2,0.5714025497436523,2.0442018508911133,43
hrd_binary_33,TCGA-E9-A1RF,2,0.28690385818481445,2.7902982234954834,181
hrd_binary_33,TCGA-E9-A1RG,2,0.1802636831998825,3.2355518341064453,45
hrd_binary_33,TCGA-E9-A248,2,0.38214775919914246,2.5289504528045654,36
hrd_binary_33,TCGA-E9-A3X8,2,0.12462504953145981,3.2766759395599365,44
hrd_binary_33,TCGA-E9-A5FL,2,0.3620796799659729,2.7469887733459473,145
hrd_binary_33,TCGA-E9-A5UO,2,0.13913582265377045,3.29793119430542,46
hrd_binary_33,TCGA-EW-A1IW,2,0.11540567129850388,4.108433723449707,131
hrd_binary_33,TCGA-EW-A1OX,2,0.2196667194366455,2.6633424758911133,24
hrd_binary_33,TCGA-EW-A1P6,2,0.2924148738384247,2.5032458305358887,29
hrd_binary_33,TCGA-EW-A1P7,2,0.2075703889131546,2.9580459594726562,29
hrd_binary_33,TCGA-EW-A1PA,2,0.7362384796142578,1.4251763820648193,46
hrd_binary_33,TCGA-EW-A2FV,2,0.02340080216526985,7.418826580047607,4232
hrd_binary_33,TCGA-GM-A2DK,2,0.11061118543148041,3.1038002967834473,38
hrd_binary_33,TCGA-OL-A5D8,2,0.247968390583992,3.0448756217956543,46
hrd_binary_33,TCGA-OL-A5RX,2,0.1559145152568817,3.090139865875244,39
hrd_binary_33,TCGA-OL-A5RZ,2,0.44359493255615234,3.197523593902588,167
hrd_binary_33,TCGA-OL-A5S0,2,0.4870204031467438,2.344524621963501,53
hrd_binary_33,TCGA-OL-A66I,2,0.45003676414489746,2.1051840782165527,60
hrd_binary_33,TCGA-OL-A66J,2,0.3759373128414154,2.5202131271362305,72
hrd_binary_33,TCGA-OL-A66K,2,0.1207384318113327,3.4893059730529785,54
hrd_binary_33,TCGA-OL-A66L,2,0.06688068807125092,3.9240105152130127,98
hrd_binary_33,TCGA-OL-A66O,2,0.5939339399337769,1.5445799827575684,45
hrd_binary_33,TCGA-OL-A97C,2,0.410569965839386,3.0763659477233887,96
hrd_binary_33,TCGA-PE-A5DD,2,0.2469693124294281,3.517061710357666,92
hrd_binary_33,TCGA-XX-A899,2,0.34906283020973206,2.38571834564209,130
hrd_binary_33,TCGA-XX-A89A,2,0.04961928725242615,4.9402689933776855,271
hrd_binary_33,TCGA-3C-AALI,3,0.4293261468410492,1.0831369161605835,824
hrd_binary_33,TCGA-A1-A0SE,3,0.2357429563999176,2.7819340229034424,39
hrd_binary_33,TCGA-A1-A0SJ,3,0.16198237240314484,2.984466552734375,42
hrd_binary_33,TCGA-A2-A0CS,3,0.9565670490264893,0.27672484517097473,57
hrd_binary_33,TCGA-A2-A0D4,3,0.9681065082550049,0.21751409769058228,48
hrd_binary_33,TCGA-A2-A0SU,3,0.13997454941272736,3.2314321994781494,43
hrd_binary_33,TCGA-A2-A0T0,3,0.5834357738494873,0.9563876390457153,239
hrd_binary_33,TCGA-A2-A0T5,3,0.42098191380500793,2.0406289100646973,17
hrd_binary_33,TCGA-A2-A0T6,3,0.3030230402946472,2.540935516357422,29
hrd_binary_33,TCGA-A2-A4S3,3,0.9060904383659363,0.32874009013175964,115
hrd_binary_33,TCGA-A7-A0D9,3,0.30448588728904724,2.5540390014648438,63
hrd_binary_33,TCGA-A7-A4SE,3,0.4977371394634247,0.7411878705024719,321
hrd_binary_33,TCGA-A7-A5ZX,3,0.2435106337070465,2.6746749877929688,96
hrd_binary_33,TCGA-A8-A06U,3,0.9998824596405029,0.0016391577664762735,98
hrd_binary_33,TCGA-A8-A06Z,3,0.9949801564216614,0.03643139451742172,108
hrd_binary_33,TCGA-A8-A07B,3,0.9996023178100586,0.004963289014995098,93
hrd_binary_33,TCGA-A8-A07J,3,0.1566443294286728,3.302948236465454,54
hrd_binary_33,TCGA-A8-A07U,3,0.9994280934333801,0.006064414978027344,91
hrd_binary_33,TCGA-A8-A08B,3,0.9324586391448975,0.3944407105445862,74
hrd_binary_33,TCGA-A8-A08H,3,0.22262613475322723,3.8711581230163574,178
hrd_binary_33,TCGA-A8-A08O,3,0.37928131222724915,2.451942205429077,33
hrd_binary_33,TCGA-A8-A08R,3,0.8139073848724365,0.4823888838291168,347
hrd_binary_33,TCGA-A8-A08Z,3,0.7475544214248657,1.3076404333114624,47
hrd_binary_33,TCGA-A8-A092,3,0.9998583197593689,0.0018001038115471601,96
hrd_binary_33,TCGA-A8-A094,3,0.9982372522354126,0.017475418746471405,254
hrd_binary_33,TCGA-A8-A09N,3,0.9729734063148499,0.1297171711921692,106
hrd_binary_33,TCGA-A8-A09Z,3,0.931609570980072,0.3454054892063141,1720
hrd_binary_33,TCGA-A8-A0A7,3,0.4195835292339325,3.0384321212768555,304
hrd_binary_33,TCGA-AC-A3QQ,3,0.11079400777816772,3.3051767349243164,37
hrd_binary_33,TCGA-AC-A6IW,3,0.9827899932861328,0.09031763672828674,251
hrd_binary_33,TCGA-AC-A6NO,3,0.45946577191352844,2.366297483444214,51
hrd_binary_33,TCGA-AC-A7VB,3,0.5488254427909851,2.1007165908813477,42
hrd_binary_33,TCGA-AC-A8OR,3,0.11267523467540741,3.8848674297332764,94
hrd_binary_33,TCGA-AN-A046,3,0.4828127324581146,0.9424199461936951,5000
hrd_binary_33,TCGA-AN-A049,3,0.546374499797821,1.9864075183868408,41
hrd_binary_33,TCGA-AN-A0AS,3,0.9997414946556091,0.0029014183674007654,52
hrd_binary_33,TCGA-AN-A0AT,3,0.5224460363388062,1.7875078916549683,153
hrd_binary_33,TCGA-AN-A0FK,3,0.27873697876930237,2.8497838973999023,60
hrd_binary_33,TCGA-AN-A0FT,3,0.9990978837013245,0.01066870428621769,136
hrd_binary_33,TCGA-AN-A0XO,3,0.4502986967563629,2.363642930984497,46
hrd_binary_33,TCGA-AN-A0XS,3,0.43367627263069153,2.403416395187378,35
hrd_binary_33,TCGA-AO-A03R,3,0.9987102746963501,0.01092914305627346,59
hrd_binary_33,TCGA-AO-A03T,3,0.81913822889328,1.1984577178955078,131
hrd_binary_33,TCGA-AO-A0JG,3,0.32056760787963867,2.22086763381958,22
hrd_binary_33,TCGA-AO-A128,3,0.9807707071304321,0.13623179495334625,1263
hrd_binary_33,TCGA-AR-A0TV,3,0.9999306201934814,0.0008590733050368726,83
hrd_binary_33,TCGA-AR-A0TY,3,0.23300695419311523,3.728832960128784,121
hrd_binary_33,TCGA-AR-A0U0,3,0.9997482895851135,0.0029790860135108232,55
hrd_binary_33,TCGA-AR-A1AN,3,0.9995208978652954,0.004942099563777447,35
hrd_binary_33,TCGA-AR-A1AO,3,0.4516505300998688,2.5067715644836426,126
hrd_binary_33,TCGA-AR-A1AP,3,0.9998810291290283,0.0014091128250584006,55
hrd_binary_33,TCGA-AR-A1AR,3,0.9998914003372192,0.001478730235248804,71
hrd_binary_33,TCGA-AR-A1AU,3,0.9997331500053406,0.003183749970048666,27
hrd_binary_33,TCGA-AR-A24N,3,0.15062040090560913,3.1508545875549316,49
hrd_binary_33,TCGA-AR-A24O,3,0.9998859167098999,0.0014448410365730524,27
hrd_binary_33,TCGA-AR-A24P,3,0.9999467730522156,0.0006837771506980062,26
hrd_binary_33,TCGA-AR-A24Q,3,0.9195857048034668,0.319810152053833,244
hrd_binary_33,TCGA-AR-A24S,3,0.9999597668647766,0.0005902167758904397,62
hrd_binary_33,TCGA-AR-A24U,3,0.9999326467514038,0.0009288900182582438,49
hrd_binary_33,TCGA-AR-A24W,3,0.14483550190925598,2.701950788497925,19
hrd_binary_33,TCGA-AR-A251,3,0.9995432496070862,0.005313222296535969,219
hrd_binary_33,TCGA-B6-A0I2,3,0.9993486404418945,0.00751136988401413,80
hrd_binary_33,TCGA-B6-A0I5,3,0.31508877873420715,2.6930289268493652,35
hrd_binary_33,TCGA-B6-A0RL,3,0.34493473172187805,2.9047889709472656,76
hrd_binary_33,TCGA-B6-A0RS,3,0.9574247002601624,0.2725825607776642,205
hrd_binary_33,TCGA-B6-A0RU,3,0.9998851418495178,0.0014761261409148574,65
hrd_binary_33,TCGA-B6-A0WS,3,0.5982893109321594,1.5131502151489258,20
hrd_binary_33,TCGA-B6-A0WT,3,0.36179181933403015,2.0435118675231934,23
hrd_binary_33,TCGA-B6-A0WZ,3,0.24124935269355774,3.052504539489746,97
hrd_binary_33,TCGA-B6-A0X0,3,0.39949190616607666,2.2692129611968994,28
hrd_binary_33,TCGA-B6-A0X4,3,0.4012160003185272,1.9847486019134521,24
hrd_binary_33,TCGA-B6-A1KF,3,0.9979974627494812,0.020915677770972252,83
hrd_binary_33,TCGA-B6-A2IU,3,0.22168207168579102,2.671273708343506,56
hrd_binary_33,TCGA-BH-A0AU,3,0.18787549436092377,2.6363439559936523,25
hrd_binary_33,TCGA-BH-A0AZ,3,0.9033545851707458,0.6723813414573669,80
hrd_binary_33,TCGA-BH-A0B3,3,0.49999237060546875,0.693382978439331,114
hrd_binary_33,TCGA-BH-A0BL,3,0.49974238872528076,0.698352575302124,143
hrd_binary_33,TCGA-BH-A0BP,3,0.986549437046051,0.09811978787183762,206
hrd_binary_33,TCGA-BH-A0BR,3,0.9976361393928528,0.02380550652742386,78
hrd_binary_33,TCGA-BH-A0C7,3,0.3251280188560486,2.444772481918335,66
hrd_binary_33,TCGA-BH-A0DG,3,0.6165485978126526,1.433035135269165,48
hrd_binary_33,TCGA-BH-A0DI,3,0.9999288320541382,0.000993386609479785,64
hrd_binary_33,TCGA-BH-A0DT,3,0.4731171429157257,1.7287555932998657,20
hrd_binary_33,TCGA-BH-A0DZ,3,0.30465590953826904,1.3664883375167847,779
hrd_binary_33,TCGA-BH-A0E2,3,0.22562454640865326,2.950918436050415,64
hrd_binary_33,TCGA-BH-A0H7,3,0.9998540878295898,0.0019083278020843863,119
hrd_binary_33,TCGA-BH-A0HU,3,0.4249334931373596,2.5429539680480957,50
hrd_binary_33,TCGA-BH-A0WA,3,0.9997044801712036,0.0032470955047756433,123
hrd_binary_33,TCGA-BH-A18S,3,0.29123806953430176,2.686617612838745,39
hrd_binary_33,TCGA-BH-A1F2,3,0.9998965859413147,0.0014238496078178287,75
hrd_binary_33,TCGA-BH-A209,3,0.1953054964542389,3.570591449737549,133
hrd_binary_33,TCGA-BH-A28Q,3,0.6626080870628357,1.61762535572052,30
hrd_binary_33,TCGA-BH-A8FZ,3,0.9887869358062744,0.09628421068191528,101
hrd_binary_33,TCGA-BH-AB28,3,0.21045973896980286,2.8880698680877686,101
hrd_binary_33,TCGA-C8-A12O,3,0.9998365640640259,0.0020116304513067007,52
hrd_binary_33,TCGA-C8-A1HK,3,0.9996767044067383,0.003995004575699568,76
hrd_binary_33,TCGA-C8-A26V,3,0.9996740818023682,0.0037707206793129444,99
hrd_binary_33,TCGA-C8-A26X,3,0.904184877872467,0.6248654723167419,90
hrd_binary_33,TCGA-C8-A26Y,3,0.5438477396965027,0.7103145718574524,942
hrd_binary_33,TCGA-C8-A27B,3,0.9972781538963318,0.023305147886276245,169
hrd_binary_33,TCGA-D8-A1X7,3,0.5851476192474365,1.888746738433838,32
hrd_binary_33,TCGA-D8-A1XB,3,0.267262727022171,2.6661813259124756,54
hrd_binary_33,TCGA-D8-A1XJ,3,0.8920181393623352,0.3516477942466736,121
hrd_binary_33,TCGA-D8-A1XZ,3,0.9999513626098633,0.000672816822770983,105
hrd_binary_33,TCGA-D8-A1Y3,3,0.9999741315841675,0.0003810313646681607,71
hrd_binary_33,TCGA-D8-A27H,3,0.9299663305282593,0.4053894281387329,172
hrd_binary_33,TCGA-D8-A27L,3,0.3628089725971222,2.5550413131713867,58
hrd_binary_33,TCGA-D8-A27V,3,0.5658103227615356,1.0138438940048218,3333
hrd_binary_33,TCGA-E2-A10A,3,0.12785044312477112,3.163306951522827,36
hrd_binary_33,TCGA-E2-A14X,3,0.9999842643737793,0.00023580087872687727,44
hrd_binary_33,TCGA-E2-A14Y,3,0.49988994002342224,0.6959577202796936,114
hrd_binary_33,TCGA-E2-A156,3,0.19254817068576813,2.7016830444335938,32
hrd_binary_33,TCGA-E2-A158,3,0.9996322989463806,0.004064423032104969,133
hrd_binary_33,TCGA-E2-A15C,3,0.17096780240535736,3.071092367172241,54
hrd_binary_33,TCGA-E2-A15D,3,0.6681451797485352,1.5677342414855957,40
hrd_binary_33,TCGA-E2-A15I,3,0.49994850158691406,0.6943650841712952,95
hrd_binary_33,TCGA-E2-A15P,3,0.9892281889915466,0.09528357535600662,54
hrd_binary_33,TCGA-E2-A1B4,3,0.8139232993125916,0.5753422379493713,44
hrd_binary_33,TCGA-E2-A1BC,3,0.13900834321975708,3.5201592445373535,97
hrd_binary_33,TCGA-E2-A1IF,3,0.613771915435791,1.7629667520523071,26
hrd_binary_33,TCGA-E2-A1IH,3,0.37876075506210327,2.797313928604126,89
hrd_binary_33,TCGA-E2-A1IJ,3,0.24272070825099945,2.4160139560699463,23
hrd_binary_33,TCGA-E2-A1IU,3,0.32547029852867126,2.336507797241211,36
hrd_binary_33,TCGA-E2-A1LK,3,0.9998181462287903,0.0022819465957581997,64
hrd_binary_33,TCGA-E9-A1N3,3,0.6247166991233826,1.8308994770050049,32
hrd_binary_33,TCGA-E9-A1N5,3,0.9996009469032288,0.004473451059311628,43
hrd_binary_33,TCGA-E9-A1NA,3,0.22986429929733276,2.784642457962036,124
hrd_binary_33,TCGA-E9-A1NC,3,0.999828577041626,0.002122902777045965,94
hrd_binary_33,TCGA-E9-A1R0,3,0.3895248770713806,2.3335680961608887,38
hrd_binary_33,TCGA-E9-A1R3,3,0.9406033754348755,0.35829514265060425,28
hrd_binary_33,TCGA-E9-A1RD,3,0.4404247999191284,1.3763247728347778,27
hrd_binary_33,TCGA-E9-A1RH,3,0.5754601359367371,0.6842248439788818,122
hrd_binary_33,TCGA-E9-A227,3,0.7999362349510193,0.5475711226463318,23
hrd_binary_33,TCGA-E9-A228,3,0.12435588240623474,3.3862171173095703,56
hrd_binary_33,TCGA-E9-A22D,3,0.9759060144424438,0.1850011646747589,44
hrd_binary_33,TCGA-E9-A244,3,0.9875994324684143,0.10080264508724213,134
hrd_binary_33,TCGA-EW-A1P4,3,0.9989480376243591,0.011450192891061306,83
hrd_binary_33,TCGA-EW-A1PE,3,0.13082893192768097,3.0863418579101562,43
hrd_binary_33,TCGA-GM-A2DC,3,0.323861300945282,2.565129518508911,32
hrd_binary_33,TCGA-GM-A2DD,3,0.9930527806282043,0.0630212128162384,77
hrd_binary_33,TCGA-GM-A5PX,3,0.9999544024467468,0.0006401705904863775,44
hrd_binary_33,TCGA-LD-A66U,3,0.33458012342453003,2.8911218643188477,49
hrd_binary_33,TCGA-LL-A5YM,3,0.22139443457126617,2.9094009399414062,46
hrd_binary_33,TCGA-LL-A5YN,3,0.6373878121376038,1.7845021486282349,51
hrd_binary_33,TCGA-LL-A7T0,3,0.12400896102190018,3.5567305088043213,81
hrd_binary_33,TCGA-OL-A5DA,3,0.989506185054779,0.08175288140773773,118
hrd_binary_33,TCGA-OL-A5RW,3,0.9987372756004333,0.013644535094499588,261
hrd_binary_33,TCGA-OL-A66H,3,0.28440794348716736,2.321148157119751,31
hrd_binary_33,TCGA-PL-A8LV,3,0.9998877048492432,0.0015108829829841852,167
hrd_binary_33,TCGA-PL-A8LZ,3,0.9839345216751099,0.1334926187992096,140
hrd_binary_33,TCGA-S3-AA10,3,0.7626685500144958,0.5573958158493042,231
hrd_binary_33,TCGA-S3-AA11,3,0.15947489440441132,3.870418071746826,110
hrd_binary_33,TCGA-S3-AA12,3,0.295756459236145,3.127349853515625,72
hrd_binary_33,TCGA-V7-A7HQ,3,0.2679602801799774,2.5794548988342285,35
hrd_binary_33,TCGA-3C-AALJ,4,0.16771084070205688,3.4861679077148438,72
hrd_binary_33,TCGA-A1-A0SG,4,0.15342022478580475,3.2072417736053467,37
hrd_binary_33,TCGA-A2-A04Q,4,0.37362387776374817,2.6455633640289307,71
hrd_binary_33,TCGA-A2-A04R,4,0.38493189215660095,2.8773276805877686,109
hrd_binary_33,TCGA-A2-A04T,4,0.11303932219743729,3.328282356262207,127
hrd_binary_33,TCGA-A2-A04V,4,0.19642877578735352,2.979139566421509,44
hrd_binary_33,TCGA-A2-A04Y,4,0.1724645495414734,3.2317569255828857,66
hrd_binary_33,TCGA-A2-A0CM,4,0.1670750081539154,3.335143566131592,76
hrd_binary_33,TCGA-A2-A0CP,4,0.1779588758945465,2.868722438812256,52
hrd_binary_33,TCGA-A2-A0CR,4,0.10358709841966629,4.241554260253906,221
hrd_binary_33,TCGA-A2-A0CT,4,0.3812815546989441,2.7702815532684326,126
hrd_binary_33,TCGA-A2-A0EN,4,0.10733365267515182,3.3213539123535156,43
hrd_binary_33,TCGA-A2-A0EW,4,0.18179480731487274,2.367513656616211,21
hrd_binary_33,TCGA-A2-A0SV,4,0.5670642852783203,1.9044109582901,51
hrd_binary_33,TCGA-A2-A0SY,4,0.3895640969276428,3.217508554458618,181
hrd_binary_33,TCGA-A2-A0T2,4,0.5603916645050049,1.7448155879974365,43
hrd_binary_33,TCGA-A2-A0YD,4,0.3729032576084137,2.865774154663086,95
hrd_binary_33,TCGA-A2-A1FZ,4,0.6017007827758789,1.7932270765304565,36
hrd_binary_33,TCGA-A2-A1G1,4,0.7458990812301636,1.3622416257858276,46
hrd_binary_33,TCGA-A7-A0DA,4,0.33187779784202576,3.3344547748565674,210
hrd_binary_33,TCGA-A7-A0DB,4,0.17477165162563324,3.2108113765716553,60
hrd_binary_33,TCGA-A7-A13F,4,0.3953312933444977,1.8348627090454102,97
hrd_binary_33,TCGA-A7-A26H,4,0.0899588093161583,4.304744720458984,156
hrd_binary_33,TCGA-A7-A5ZV,4,0.14226798713207245,3.988675594329834,280
hrd_binary_33,TCGA-A7-A6VY,4,0.18606311082839966,3.439166784286499,154
hrd_binary_33,TCGA-A8-A06Q,4,0.44715574383735657,2.9222147464752197,322
hrd_binary_33,TCGA-A8-A076,4,0.9175008535385132,0.6093440055847168,99
hrd_binary_33,TCGA-A8-A079,4,0.5731867551803589,2.256723642349243,99
hrd_binary_33,TCGA-A8-A07O,4,0.7351201176643372,1.360327959060669,58
hrd_binary_33,TCGA-A8-A082,4,0.28779104351997375,2.4848554134368896,28
hrd_binary_33,TCGA-A8-A08T,4,0.4535205662250519,2.5725691318511963,61
hrd_binary_33,TCGA-A8-A08X,4,0.3226429522037506,2.669785261154175,47
hrd_binary_33,TCGA-A8-A09A,4,0.3546237051486969,3.627035617828369,301
hrd_binary_33,TCGA-A8-A09G,4,0.1233990490436554,4.706265449523926,363
hrd_binary_33,TCGA-A8-A09Q,4,0.39865201711654663,2.806527614593506,202
hrd_binary_33,TCGA-A8-A0A1,4,0.173265278339386,3.2138760089874268,62
hrd_binary_33,TCGA-AC-A23E,4,0.1282641440629959,2.8910694122314453,28
hrd_binary_33,TCGA-AC-A2FG,4,0.28051427006721497,2.835785388946533,42
hrd_binary_33,TCGA-AC-A4ZE,4,0.3582703173160553,2.8235526084899902,80
hrd_binary_33,TCGA-AC-A62Y,4,0.15801115334033966,3.5347042083740234,95
hrd_binary_33,TCGA-AC-A8OS,4,0.32688596844673157,2.749990701675415,85
hrd_binary_33,TCGA-AN-A041,4,0.2024202197790146,3.0328915119171143,43
hrd_binary_33,TCGA-AN-A04C,4,0.24161528050899506,3.0760741233825684,102
hrd_binary_33,TCGA-AN-A0AJ,4,0.22305920720100403,3.1755034923553467,119
hrd_binary_33,TCGA-AN-A0AL,4,0.2580640912055969,3.058950185775757,116
hrd_binary_33,TCGA-AN-A0FV,4,0.4082556664943695,2.754511594772339,121
hrd_binary_33,TCGA-AN-A0FX,4,0.2412990927696228,3.1501708030700684,164
hrd_binary_33,TCGA-AN-A0XP,4,0.43572935461997986,2.244389533996582,39
hrd_binary_33,TCGA-AN-A0XW,4,0.10047949105501175,4.880679130554199,429
hrd_binary_33,TCGA-AO-A03L,4,0.8264731764793396,0.991790235042572,39
hrd_binary_33,TCGA-AO-A03O,4,0.4720527231693268,2.301337718963623,103
hrd_binary_33,TCGA-AO-A0JI,4,0.5706090331077576,1.882814645767212,24
hrd_binary_33,TCGA-AO-A12F,4,0.20118358731269836,2.8635618686676025,46
hrd_binary_33,TCGA-AO-A1KP,4,0.4237976670265198,2.1353249549865723,27
hrd_binary_33,TCGA-AR-A0TQ,4,0.20753352344036102,3.1037755012512207,52
hrd_binary_33,TCGA-AR-A0TR,4,0.20443129539489746,2.839907169342041,46
hrd_binary_33,TCGA-AR-A1AH,4,0.21890684962272644,3.27890682220459,131
hrd_binary_33,TCGA-AR-A24X,4,0.1527889519929886,2.963620901107788,38
hrd_binary_33,TCGA-AR-A2LH,4,0.37508487701416016,2.874523162841797,75
hrd_binary_33,TCGA-AR-A2LO,4,0.21316435933113098,2.5557773113250732,20
hrd_binary_33,TCGA-AR-A5QP,4,0.5668925046920776,1.799436330795288,38
hrd_binary_33,TCGA-B6-A0IB,4,0.1218070238828659,3.777221441268921,99
hrd_binary_33,TCGA-B6-A0IC,4,0.6936944723129272,1.648828148841858,49
hrd_binary_33,TCGA-B6-A0IE,4,0.6441769599914551,1.4809335470199585,44
hrd_binary_33,TCGA-B6-A0IN,4,0.18823423981666565,2.707536220550537,52
hrd_binary_33,TCGA-B6-A0RI,4,0.3690078556537628,2.315706253051758,32
hrd_binary_33,TCGA-B6-A0RN,4,0.2052486091852188,2.9788992404937744,38
hrd_binary_33,TCGA-B6-A0WW,4,0.28002700209617615,2.9797651767730713,52
hrd_binary_33,TCGA-B6-A0WY,4,0.30549708008766174,2.8275811672210693,39
hrd_binary_33,TCGA-BH-A0AV,4,0.1896388977766037,3.1123995780944824,92
hrd_binary_33,TCGA-BH-A0AY,4,0.4414483904838562,1.4494361877441406,162
hrd_binary_33,TCGA-BH-A0DS,4,0.24960722029209137,2.8804917335510254,62
hrd_binary_33,TCGA-BH-A0DX,4,0.1066800057888031,3.696842670440674,79
hrd_binary_33,TCGA-BH-A0E7,4,0.2537766098976135,2.8917391300201416,52
hrd_binary_33,TCGA-BH-A0GY,4,0.5528260469436646,2.087486505508423,48
hrd_binary_33,TCGA-BH-A0HA,4,0.15461717545986176,4.6477155685424805,470
hrd_binary_33,TCGA-BH-A0W3,4,0.9117501974105835,0.48843246698379517,24
hrd_binary_33,TCGA-BH-A18F,4,0.0851469412446022,3.70736026763916,72
hrd_binary_33,TCGA-BH-A18G,4,0.14961208403110504,5.5052666664123535,1922
hrd_binary_33,TCGA-BH-A18J,4,0.3566862642765045,3.036647319793701,113
hrd_binary_33,TCGA-BH-A18M,4,0.3447366952896118,2.4732065200805664,22
hrd_binary_33,TCGA-BH-A1EU,4,0.16509953141212463,3.08481764793396,38
hrd_binary_33,TCGA-BH-A208,4,0.951805591583252,0.28677505254745483,88
hrd_binary_33,TCGA-BH-A5IZ,4,0.09190638363361359,4.077845573425293,207
hrd_binary_33,TCGA-BH-A6R8,4,0.2520146667957306,2.7859389781951904,44
hrd_binary_33,TCGA-BH-A8FY,4,0.2615487575531006,2.6869428157806396,64
hrd_binary_33,TCGA-C8-A12M,4,0.795070230960846,1.2290157079696655,89
hrd_binary_33,TCGA-C8-A12N,4,0.2773278057575226,2.563581705093384,33
hrd_binary_33,TCGA-C8-A12Q,4,0.27041149139404297,3.4346418380737305,146
hrd_binary_33,TCGA-C8-A135,4,0.5902366042137146,1.7758947610855103,87
hrd_binary_33,TCGA-C8-A137,4,0.13318674266338348,3.3642280101776123,64
hrd_binary_33,TCGA-C8-A138,4,0.47633346915245056,2.3570680618286133,59
hrd_binary_33,TCGA-C8-A1HE,4,0.14442922174930573,3.2965798377990723,58
hrd_binary_33,TCGA-C8-A1HG,4,0.5127491354942322,1.9810055494308472,75
hrd_binary_33,TCGA-C8-A1HL,4,0.7388819456100464,1.2878484725952148,38
hrd_binary_33,TCGA-C8-A27A,4,0.19647277891635895,2.925316095352173,41
hrd_binary_33,TCGA-C8-A8HQ,4,0.2940388321876526,3.851283550262451,379
hrd_binary_33,TCGA-D8-A143,4,0.49655652046203613,1.737745761871338,70
hrd_binary_33,TCGA-D8-A1JL,4,0.3153981566429138,3.2723095417022705,136
hrd_binary_33,TCGA-D8-A1X5,4,0.46557560563087463,2.1636438369750977,73
hrd_binary_33,TCGA-D8-A1XC,4,0.5102345943450928,2.191964864730835,36
hrd_binary_33,TCGA-D8-A1XR,4,0.6360623836517334,1.5950757265090942,37
hrd_binary_33,TCGA-D8-A1XT,4,0.1645255833864212,3.136021375656128,48
hrd_binary_33,TCGA-D8-A1Y1,4,0.10659416764974594,4.317636966705322,292
hrd_binary_33,TCGA-D8-A1Y2,4,0.4103788435459137,2.0543642044067383,24
hrd_binary_33,TCGA-D8-A27K,4,0.21327395737171173,2.89469575881958,27
hrd_binary_33,TCGA-D8-A27N,4,0.4243294894695282,2.137427568435669,64
hrd_binary_33,TCGA-D8-A27P,4,0.4054030179977417,2.0409698486328125,34
hrd_binary_33,TCGA-D8-A3Z6,4,0.6366651058197021,1.676802396774292,44
hrd_binary_33,TCGA-D8-A4Z1,4,0.5044423341751099,2.0327694416046143,47
hrd_binary_33,TCGA-E2-A14Q,4,0.35256078839302063,2.057997465133667,44
hrd_binary_33,TCGA-E2-A14Z,4,0.35947272181510925,2.524078369140625,102
hrd_binary_33,TCGA-E2-A153,4,0.22943860292434692,2.8241074085235596,61
hrd_binary_33,TCGA-E2-A154,4,0.3552268445491791,2.2432241439819336,61
hrd_binary_33,TCGA-E2-A15R,4,0.19233761727809906,3.091831684112549,51
hrd_binary_33,TCGA-E2-A1BD,4,0.1474328637123108,3.0577809810638428,48
hrd_binary_33,TCGA-E2-A1IG,4,0.14842993021011353,3.288482427597046,65
hrd_binary_33,TCGA-E2-A1IO,4,0.7086858153343201,1.2466336488723755,17
hrd_binary_33,TCGA-E2-A1LA,4,0.24799492955207825,2.945448398590088,115
hrd_binary_33,TCGA-E2-A573,4,0.39519891142845154,2.7935092449188232,81
hrd_binary_33,TCGA-E9-A1N9,4,0.7958288192749023,1.1780201196670532,74
hrd_binary_33,TCGA-E9-A1ND,4,0.1389349400997162,3.5070581436157227,113
hrd_binary_33,TCGA-E9-A1R5,4,0.47278115153312683,2.145420551300049,58
hrd_binary_33,TCGA-E9-A1R7,4,0.3810991644859314,2.640355110168457,65
hrd_binary_33,TCGA-E9-A1RC,4,0.2966066896915436,2.9584598541259766,59
hrd_binary_33,TCGA-E9-A226,4,0.39255979657173157,2.4659767150878906,87
hrd_binary_33,TCGA-E9-A229,4,0.2190662920475006,2.8551862239837646,35
hrd_binary_33,TCGA-E9-A22E,4,0.2724369466304779,3.606672763824463,158
hrd_binary_33,TCGA-E9-A22G,4,0.5609089732170105,2.24725079536438,128
hrd_binary_33,TCGA-E9-A247,4,0.9697362780570984,0.22745299339294434,53
hrd_binary_33,TCGA-EW-A1IZ,4,0.07244440168142319,4.869331359863281,534
hrd_binary_33,TCGA-EW-A1J6,4,0.23431724309921265,3.151818037033081,47
hrd_binary_33,TCGA-EW-A1OY,4,0.2832581698894501,2.6989691257476807,85
hrd_binary_33,TCGA-EW-A1P0,4,0.2907514274120331,2.699673891067505,29
hrd_binary_33,TCGA-EW-A1P1,4,0.6120452880859375,0.7079380750656128,3
hrd_binary_33,TCGA-EW-A1PG,4,0.3157031834125519,1.999001383781433,15
hrd_binary_33,TCGA-EW-A6SB,4,0.8715148568153381,0.5823927521705627,92
hrd_binary_33,TCGA-EW-A6SD,4,0.13759392499923706,3.667814254760742,80
hrd_binary_33,TCGA-GM-A2DA,4,0.39183154702186584,2.5821444988250732,49
hrd_binary_33,TCGA-GM-A2DF,4,0.5075268745422363,1.9494105577468872,55
hrd_binary_33,TCGA-GM-A2DN,4,0.644371509552002,1.67934250831604,28
hrd_binary_33,TCGA-GM-A3NW,4,0.10696781426668167,3.5802810192108154,100
hrd_binary_33,TCGA-LL-A5YL,4,0.3534223139286041,3.1478047370910645,97
hrd_binary_33,TCGA-LL-A5YP,4,0.3476910889148712,2.906890630722046,110
hrd_binary_33,TCGA-LL-A6FQ,4,0.14523997902870178,3.2511227130889893,73
hrd_binary_33,TCGA-LL-A6FR,4,0.31916069984436035,2.7108511924743652,73
hrd_binary_33,TCGA-LL-A73Y,4,0.22425895929336548,2.928551197052002,199
hrd_binary_33,TCGA-LL-A7SZ,4,0.24790219962596893,3.3307690620422363,130
hrd_binary_33,TCGA-OL-A5D6,4,0.8518639802932739,0.6718061566352844,62
hrd_binary_33,TCGA-OL-A5RU,4,0.24730931222438812,2.956505060195923,50
hrd_binary_33,TCGA-OL-A5RV,4,0.2856495678424835,2.3721983432769775,18
hrd_binary_33,TCGA-OL-A6VQ,4,0.17590948939323425,3.5572705268859863,137
hrd_binary_33,TCGA-S3-AA17,4,0.09298529475927353,3.915919542312622,161
hrd_binary_33,TCGA-UU-A93S,4,0.1763806790113449,3.609795570373535,241
hrd_binary_33,TCGA-A1-A0SD,5,0.13380266726016998,3.2005884647369385,44
hrd_binary_33,TCGA-A1-A0SI,5,0.2637253999710083,3.6716392040252686,279
hrd_binary_33,TCGA-A1-A0SO,5,0.0557754784822464,5.17863655090332,386
hrd_binary_33,TCGA-A2-A04N,5,0.6072970032691956,1.9388097524642944,57
hrd_binary_33,TCGA-A2-A04U,5,0.11382412910461426,3.5687263011932373,71
hrd_binary_33,TCGA-A2-A0CV,5,0.2116287350654602,2.6852314472198486,27
hrd_binary_33,TCGA-A2-A0CW,5,0.41308730840682983,2.986396312713623,93
hrd_binary_33,TCGA-A2-A0D0,5,0.11197513341903687,3.730374336242676,114
hrd_binary_33,TCGA-A2-A0D1,5,0.6002348065376282,2.154585361480713,79
hrd_binary_33,TCGA-A2-A0EV,5,0.45487090945243835,2.4722840785980225,83
hrd_binary_33,TCGA-A2-A0T3,5,0.10602694749832153,3.3869783878326416,48
hrd_binary_33,TCGA-A2-A0T4,5,0.5593734383583069,2.0717456340789795,45
hrd_binary_33,TCGA-A2-A0T7,5,0.43808552622795105,1.3522089719772339,33
hrd_binary_33,TCGA-A2-A0YH,5,0.6470186114311218,2.0150270462036133,104
hrd_binary_33,TCGA-A2-A0YK,5,0.327443391084671,4.234017848968506,489
hrd_binary_33,TCGA-A2-A0YL,5,0.5576420426368713,2.0549190044403076,50
hrd_binary_33,TCGA-A2-A1FV,5,0.1003437489271164,3.5395402908325195,57
hrd_binary_33,TCGA-A2-A3Y0,5,0.028674952685832977,4.930594444274902,252
hrd_binary_33,TCGA-A7-A0CH,5,0.380108118057251,1.9754157066345215,80
hrd_binary_33,TCGA-A7-A5ZW,5,0.6516377925872803,1.6478294134140015,42
hrd_binary_33,TCGA-A8-A06R,5,0.5410946607589722,2.414442777633667,89
hrd_binary_33,TCGA-A8-A06X,5,0.05429496616125107,4.815634727478027,275
hrd_binary_33,TCGA-A8-A07I,5,0.1241646409034729,3.5875253677368164,60
hrd_binary_33,TCGA-A8-A07L,5,0.07988155633211136,3.9714386463165283,106
hrd_binary_33,TCGA-A8-A07W,5,0.05625063553452492,4.593109130859375,186
hrd_binary_33,TCGA-A8-A081,5,0.36559024453163147,3.5013418197631836,161
hrd_binary_33,TCGA-A8-A083,5,0.34657934308052063,2.4324073791503906,32
hrd_binary_33,TCGA-A8-A08G,5,0.17863641679286957,3.324206590652466,62
hrd_binary_33,TCGA-A8-A08L,5,0.2509959936141968,4.23029899597168,284
hrd_binary_33,TCGA-A8-A091,5,0.3114503026008606,2.375661611557007,29
hrd_binary_33,TCGA-A8-A095,5,0.3816479444503784,2.805086612701416,214
hrd_binary_33,TCGA-A8-A097,5,0.07976566255092621,3.940687894821167,136
hrd_binary_33,TCGA-A8-A09V,5,0.3119170069694519,2.936692237854004,49
hrd_binary_33,TCGA-A8-A09W,5,0.08347692340612411,4.1450114250183105,119
hrd_binary_33,TCGA-A8-A09X,5,0.08737222850322723,3.699249744415283,74
hrd_binary_33,TCGA-A8-A0A2,5,0.2211129516363144,2.8796584606170654,57
hrd_binary_33,TCGA-A8-A0AD,5,0.18686893582344055,3.055854320526123,43
hrd_binary_33,TCGA-AC-A23H,5,0.02619432471692562,7.611639022827148,5000
hrd_binary_33,TCGA-AC-A2FO,5,0.7581944465637207,1.143831491470337,32
hrd_binary_33,TCGA-AC-A2QH,5,0.2176385223865509,2.9869015216827393,37
hrd_binary_33,TCGA-AC-A3YI,5,0.5844643115997314,1.7407848834991455,21
hrd_binary_33,TCGA-AC-A5XS,5,0.07761995494365692,5.755341529846191,1454
hrd_binary_33,TCGA-AC-A6IV,5,0.20768268406391144,2.6677587032318115,33
hrd_binary_33,TCGA-AC-A6IX,5,0.10531508177518845,4.135998249053955,142
hrd_binary_33,TCGA-AC-A7VC,5,0.15133005380630493,2.853078842163086,29
hrd_binary_33,TCGA-AC-A8OP,5,0.0353977307677269,4.879098415374756,262
hrd_binary_33,TCGA-AN-A03X,5,0.7373765707015991,1.378562569618225,54
hrd_binary_33,TCGA-AN-A0AM,5,0.1245487630367279,4.082675457000732,128
hrd_binary_33,TCGA-AN-A0FJ,5,0.06327534466981888,4.283349990844727,129
hrd_binary_33,TCGA-AN-A0FW,5,0.08903094381093979,4.273763656616211,160
hrd_binary_33,TCGA-AN-A0XN,5,0.053779952228069305,4.548947811126709,193
hrd_binary_33,TCGA-AN-A0XT,5,0.167764812707901,2.6212894916534424,22
hrd_binary_33,TCGA-AO-A0J3,5,0.0546523854136467,4.178502082824707,108
hrd_binary_33,TCGA-AO-A0J7,5,0.8931505084037781,0.6491189002990723,28
hrd_binary_33,TCGA-AO-A0J9,5,0.06394602358341217,4.494386672973633,170
hrd_binary_33,TCGA-AO-A124,5,0.09015822410583496,4.464323043823242,194
hrd_binary_33,TCGA-AO-A12D,5,0.09989270567893982,3.7279722690582275,74
hrd_binary_33,TCGA-AO-A1KT,5,0.1161402016878128,3.397548198699951,56
hrd_binary_33,TCGA-AQ-A1H3,5,0.1234932392835617,3.043288230895996,33
hrd_binary_33,TCGA-AR-A0TP,5,0.12306641787290573,3.736701488494873,83
hrd_binary_33,TCGA-AR-A0TS,5,0.061265815049409866,3.997823476791382,100
hrd_binary_33,TCGA-AR-A0TZ,5,0.5818586349487305,2.221998691558838,70
hrd_binary_33,TCGA-AR-A1AJ,5,0.09198174625635147,3.509411334991455,57
hrd_binary_33,TCGA-AR-A1AK,5,0.12115516513586044,3.741725206375122,84
hrd_binary_33,TCGA-AR-A1AX,5,0.16975116729736328,2.9157230854034424,36
hrd_binary_33,TCGA-AR-A24L,5,0.12613141536712646,3.531589984893799,61
hrd_binary_33,TCGA-AR-A24R,5,0.2633037567138672,2.6993730068206787,31
hrd_binary_33,TCGA-AR-A252,5,0.25481852889060974,2.438661813735962,19
hrd_binary_33,TCGA-AR-A256,5,0.06865958124399185,4.7949419021606445,245
hrd_binary_33,TCGA-AR-A5QM,5,0.6203545928001404,1.7458393573760986,38
hrd_binary_33,TCGA-B6-A0IH,5,0.08790834248065948,3.4420456886291504,48
hrd_binary_33,TCGA-B6-A0RP,5,0.903060257434845,0.597751259803772,31
hrd_binary_33,TCGA-B6-A0RV,5,0.08021345734596252,3.5412607192993164,68
hrd_binary_33,TCGA-B6-A1KC,5,0.11081983894109726,3.2049715518951416,40
hrd_binary_33,TCGA-B6-A1KN,5,0.13059963285923004,3.5879628658294678,79
hrd_binary_33,TCGA-BH-A0AW,5,0.08919013291597366,4.523442268371582,219
hrd_binary_33,TCGA-BH-A0BC,5,0.3898610770702362,1.8882049322128296,92
hrd_binary_33,TCGA-BH-A0BZ,5,0.04552936181426048,5.094180107116699,331
hrd_binary_33,TCGA-BH-A0DE,5,0.3495781421661377,2.268068790435791,82
hrd_binary_33,TCGA-BH-A0DV,5,0.4298301041126251,1.2827811241149902,21
hrd_binary_33,TCGA-BH-A0E0,5,0.06386875361204147,3.9304728507995605,93
hrd_binary_33,TCGA-BH-A0E9,5,0.3452705442905426,2.576019525527954,38
hrd_binary_33,TCGA-BH-A0EA,5,0.7617622017860413,1.246381402015686,33
hrd_binary_33,TCGA-BH-A0H6,5,0.30825576186180115,2.511822462081909,30
hrd_binary_33,TCGA-BH-A0HI,5,0.7626141905784607,1.2513039112091064,39
hrd_binary_33,TCGA-BH-A0HK,5,0.026478856801986694,4.994076251983643,289
hrd_binary_33,TCGA-BH-A0HO,5,0.18726415932178497,2.848066806793213,29
hrd_binary_33,TCGA-BH-A0W4,5,0.21052509546279907,3.029707431793213,43
hrd_binary_33,TCGA-BH-A18K,5,0.11705836653709412,3.542160749435425,77
hrd_binary_33,TCGA-BH-A18R,5,0.11089138686656952,3.196336507797241,45
hrd_binary_33,TCGA-BH-A1EO,5,0.10424782335758209,3.492769956588745,53
hrd_binary_33,TCGA-BH-A1FE,5,0.8020228147506714,1.067014217376709,29
hrd_binary_33,TCGA-BH-A1FL,5,0.13307203352451324,2.8448753356933594,30
hrd_binary_33,TCGA-BH-A1FN,5,0.15716652572155,4.156566143035889,158
hrd_binary_33,TCGA-BH-A201,5,0.719321072101593,1.3867485523223877,28
hrd_binary_33,TCGA-BH-A203,5,0.43486711382865906,2.866898775100708,106
hrd_binary_33,TCGA-BH-A2L8,5,0.07081707566976547,5.381773948669434,637
hrd_binary_33,TCGA-BH-A6R9,5,0.1894705593585968,2.7849202156066895,32
hrd_binary_33,TCGA-C8-A132,5,0.15814493596553802,3.66646671295166,88
hrd_binary_33,TCGA-C8-A1HJ,5,0.09617061167955399,4.090765953063965,135
hrd_binary_33,TCGA-C8-A275,5,0.057878755033016205,4.331904411315918,146
hrd_binary_33,TCGA-C8-A278,5,0.554894745349884,1.7002732753753662,57
hrd_binary_33,TCGA-D8-A141,5,0.20888976752758026,2.671940803527832,25
hrd_binary_33,TCGA-D8-A1JF,5,0.595257043838501,1.841888427734375,56
hrd_binary_33,TCGA-D8-A1JG,5,0.3145504593849182,3.769299030303955,185
hrd_binary_33,TCGA-D8-A1JJ,5,0.41362348198890686,3.004943609237671,102
hrd_binary_33,TCGA-D8-A1JK,5,0.2689128518104553,4.109918594360352,283
hrd_binary_33,TCGA-D8-A1JM,5,0.09912341088056564,3.6290085315704346,58
hrd_binary_33,TCGA-D8-A1JP,5,0.10652225464582443,4.094266414642334,148
hrd_binary_33,TCGA-D8-A1X8,5,0.21033331751823425,2.937950849533081,36
hrd_binary_33,TCGA-D8-A1X9,5,0.1070590615272522,3.865436315536499,108
hrd_binary_33,TCGA-D8-A1XA,5,0.16703444719314575,2.83024263381958,34
hrd_binary_33,TCGA-D8-A1XF,5,0.10300695896148682,3.4503090381622314,56
hrd_binary_33,TCGA-D8-A1XK,5,0.036214932799339294,6.436755657196045,1426
hrd_binary_33,TCGA-D8-A1XQ,5,0.014593502506613731,6.407024383544922,1180
hrd_binary_33,TCGA-D8-A1XV,5,0.11527254432439804,3.125216007232666,38
hrd_binary_33,TCGA-D8-A1XW,5,0.0643588975071907,4.235301971435547,130
hrd_binary_33,TCGA-D8-A1Y0,5,0.08206751197576523,3.9186058044433594,84
hrd_binary_33,TCGA-D8-A27E,5,0.4689706265926361,1.6723343133926392,14
hrd_binary_33,TCGA-D8-A27M,5,0.07434038817882538,3.9970946311950684,101
hrd_binary_33,TCGA-D8-A27T,5,0.6962146162986755,1.5045192241668701,34
hrd_binary_33,TCGA-E2-A15E,5,0.34146419167518616,2.205923080444336,84
hrd_binary_33,TCGA-E2-A15K,5,0.16628140211105347,3.1373744010925293,214
hrd_binary_33,TCGA-E2-A15T,5,0.11284337192773819,3.3861043453216553,42
hrd_binary_33,TCGA-E2-A1IE,5,0.2021544873714447,2.8987808227539062,31
hrd_binary_33,TCGA-E2-A1IL,5,0.7203162312507629,1.4301817417144775,38
hrd_binary_33,TCGA-E2-A1L9,5,0.15651749074459076,2.8229434490203857,33
hrd_binary_33,TCGA-E2-A576,5,0.3498270809650421,3.1308655738830566,79
hrd_binary_33,TCGA-E9-A1N8,5,0.20299504697322845,3.0098495483398438,43
hrd_binary_33,TCGA-E9-A1NE,5,0.10509732365608215,3.438941717147827,63
hrd_binary_33,TCGA-E9-A1RE,5,0.4830673038959503,2.629628896713257,68
hrd_binary_33,TCGA-E9-A22B,5,0.13970567286014557,3.71763014793396,78
hrd_binary_33,TCGA-E9-A243,5,0.10182523727416992,3.907069444656372,95
hrd_binary_33,TCGA-E9-A245,5,0.14489133656024933,2.748462677001953,26
hrd_binary_33,TCGA-E9-A24A,5,0.23819947242736816,2.626460552215576,25
hrd_binary_33,TCGA-E9-A295,5,0.6110535264015198,2.236217737197876,119
hrd_binary_33,TCGA-EW-A1J3,5,0.1213444247841835,3.03483510017395,32
hrd_binary_33,TCGA-EW-A1OV,5,0.08061841130256653,4.268481254577637,144
hrd_binary_33,TCGA-EW-A1PB,5,0.1030895859003067,4.411848068237305,192
hrd_binary_33,TCGA-EW-A6SC,5,0.7419366240501404,1.348578929901123,47
hrd_binary_33,TCGA-GM-A2DB,5,0.09524136036634445,4.296611785888672,162
hrd_binary_33,TCGA-GM-A2DM,5,0.14491400122642517,2.844778060913086,28
hrd_binary_33,TCGA-LD-A74U,5,0.24113471806049347,4.232953071594238,361
hrd_binary_33,TCGA-LD-A7W5,5,0.16364042460918427,3.58544659614563,70
hrd_binary_33,TCGA-LD-A7W6,5,0.12126713246107101,3.317847728729248,51
hrd_binary_33,TCGA-LL-A9Q3,5,0.34562018513679504,3.0172221660614014,75
hrd_binary_33,TCGA-OK-A5Q2,5,0.7054576277732849,1.6269499063491821,44
hrd_binary_33,TCGA-OL-A5RY,5,0.32932180166244507,2.2951862812042236,17
hrd_binary_33,TCGA-OL-A66P,5,0.06760494410991669,4.289742469787598,143
hrd_binary_33,TCGA-PE-A5DE,5,0.16270099580287933,5.284380912780762,704
hrd_binary_33,TCGA-PL-A8LX,5,0.40881600975990295,2.7069571018218994,53
hrd_binary_33,TCGA-PL-A8LY,5,0.33484339714050293,1.6534314155578613,8
hrd_binary_33,TCGA-S3-AA0Z,5,0.11654948443174362,3.849257230758667,80
hrd_binary_33,TCGA-WT-AB41,5,0.4137754738330841,2.7516419887542725,66
