sample,benchmark,endpoint,representation,learner,true_value,pred_value,pred_value_z,fold,predicted_class,pred_class_0,class_label_0,pred_class_1,class_label_1
TCGA-3C-AALI,tcga_mc3_wes,HRD_Score,MuAt-compatible reimplementation,muat_compatible_qkv_attention,32.0,40.36214170999225,0.68310546875,3,,,,,
TCGA-3C-AALJ,tcga_mc3_wes,HRD_Score,MuAt-compatible reimplementation,muat_compatible_qkv_attention,31.0,25.462072239024547,-0.031463623046875,4,,,,,
TCGA-5L-AAT0,tcga_mc3_wes,HRD_Score,MuAt-compatible reimplementation,muat_compatible_qkv_attention,9.0,24.165958545344704,-0.09552001953125,4,,,,,
TCGA-5T-A9QA,tcga_mc3_wes,HRD_Score,MuAt-compatible reimplementation,muat_compatible_qkv_attention,15.0,16.252565580629685,-0.4814453125,1,,,,,
TCGA-A1-A0SB,tcga_mc3_wes,HRD_Score,MuAt-compatible reimplementation,muat_compatible_qkv_attention,0.0,24.41015655221093,-0.055755615234375,5,,,,,
TCGA-A1-A0SD,tcga_mc3_wes,HRD_Score,MuAt-compatible reimplementation,muat_compatible_qkv_attention,25.0,15.037152953111587,-0.53173828125,5,,,,,
TCGA-A1-A0SE,tcga_mc3_wes,HRD_Score,MuAt-compatible reimplementation,muat_compatible_qkv_attention,15.0,20.141151944389385,-0.29443359375,4,,,,,
TCGA-A1-A0SF,tcga_mc3_wes,HRD_Score,MuAt-compatible reimplementation,muat_compatible_qkv_attention,23.0,13.026185911856013,-0.6416015625,1,,,,,
TCGA-A1-A0SG,tcga_mc3_wes,HRD_Score,MuAt-compatible reimplementation,muat_compatible_qkv_attention,12.0,17.24141401893891,-0.437744140625,4,,,,,
TCGA-A1-A0SI,tcga_mc3_wes,HRD_Score,MuAt-compatible reimplementation,muat_compatible_qkv_attention,13.0,26.64672879992249,0.0270843505859375,4,,,,,
TCGA-A1-A0SJ,tcga_mc3_wes,HRD_Score,MuAt-compatible reimplementation,muat_compatible_qkv_attention,22.0,19.42980226591431,-0.32958984375,4,,,,,
TCGA-A1-A0SK,tcga_mc3_wes,HRD_Score,MuAt-compatible reimplementation,muat_compatible_qkv_attention,33.0,40.75801059568104,0.763671875,2,,,,,
TCGA-A1-A0SO,tcga_mc3_wes,HRD_Score,MuAt-compatible reimplementation,muat_compatible_qkv_attention,82.0,59.74967456794673,1.716796875,2,,,,,
TCGA-A1-A0SQ,tcga_mc3_wes,HRD_Score,MuAt-compatible reimplementation,muat_compatible_qkv_attention,8.0,21.52186191059621,-0.2261962890625,4,,,,,
TCGA-A2-A04N,tcga_mc3_wes,HRD_Score,MuAt-compatible reimplementation,muat_compatible_qkv_attention,7.0,9.449007182386488,-0.8076171875,2,,,,,
TCGA-A2-A04P,tcga_mc3_wes,HRD_Score,MuAt-compatible reimplementation,muat_compatible_qkv_attention,83.0,34.73866926989513,0.46875,5,,,,,
TCGA-A2-A04Q,tcga_mc3_wes,HRD_Score,MuAt-compatible reimplementation,muat_compatible_qkv_attention,16.0,53.84775794054727,1.384765625,1,,,,,
TCGA-A2-A04R,tcga_mc3_wes,HRD_Score,MuAt-compatible reimplementation,muat_compatible_qkv_attention,36.0,41.82057009430135,0.75537109375,3,,,,,
TCGA-A2-A04T,tcga_mc3_wes,HRD_Score,MuAt-compatible reimplementation,muat_compatible_qkv_attention,77.0,55.834735663389594,1.4833984375,1,,,,,
TCGA-A2-A04U,tcga_mc3_wes,HRD_Score,MuAt-compatible reimplementation,muat_compatible_qkv_attention,59.0,56.81838800143034,1.5322265625,1,,,,,
TCGA-A2-A04V,tcga_mc3_wes,HRD_Score,MuAt-compatible reimplementation,muat_compatible_qkv_attention,10.0,25.44158172761375,-0.05621337890625,3,,,,,
TCGA-A2-A04W,tcga_mc3_wes,HRD_Score,MuAt-compatible reimplementation,muat_compatible_qkv_attention,22.0,34.59248077071537,0.397216796875,3,,,,,
TCGA-A2-A04Y,tcga_mc3_wes,HRD_Score,MuAt-compatible reimplementation,muat_compatible_qkv_attention,20.0,25.877180590895094,-0.01094818115234375,4,,,,,
TCGA-A2-A0CM,tcga_mc3_wes,HRD_Score,MuAt-compatible reimplementation,muat_compatible_qkv_attention,40.0,58.490596976099624,1.615234375,1,,,,,
TCGA-A2-A0CP,tcga_mc3_wes,HRD_Score,MuAt-compatible reimplementation,muat_compatible_qkv_attention,5.0,14.21024694860042,-0.57373046875,5,,,,,
TCGA-A2-A0CR,tcga_mc3_wes,HRD_Score,MuAt-compatible reimplementation,muat_compatible_qkv_attention,2.0,15.13093943638401,-0.5224609375,2,,,,,
TCGA-A2-A0CS,tcga_mc3_wes,HRD_Score,MuAt-compatible reimplementation,muat_compatible_qkv_attention,3.0,21.014755413447368,-0.2271728515625,2,,,,,
TCGA-A2-A0CT,tcga_mc3_wes,HRD_Score,MuAt-compatible reimplementation,muat_compatible_qkv_attention,30.0,19.585135977923017,-0.30078125,5,,,,,
TCGA-A2-A0CU,tcga_mc3_wes,HRD_Score,MuAt-compatible reimplementation,muat_compatible_qkv_attention,21.0,26.923413945792678,0.0172119140625,3,,,,,
TCGA-A2-A0CV,tcga_mc3_wes,HRD_Score,MuAt-compatible reimplementation,muat_compatible_qkv_attention,3.0,20.62490022322083,-0.264404296875,1,,,,,
TCGA-A2-A0CW,tcga_mc3_wes,HRD_Score,MuAt-compatible reimplementation,muat_compatible_qkv_attention,44.0,34.45021368692611,0.4541015625,5,,,,,
TCGA-A2-A0CX,tcga_mc3_wes,HRD_Score,MuAt-compatible reimplementation,muat_compatible_qkv_attention,21.0,30.42145071145891,0.24951171875,5,,,,,
TCGA-A2-A0D0,tcga_mc3_wes,HRD_Score,MuAt-compatible reimplementation,muat_compatible_qkv_attention,62.0,41.059620013273374,0.77880859375,2,,,,,
TCGA-A2-A0D1,tcga_mc3_wes,HRD_Score,MuAt-compatible reimplementation,muat_compatible_qkv_attention,30.0,33.97798071212405,0.3984375,1,,,,,
TCGA-A2-A0D3,tcga_mc3_wes,HRD_Score,MuAt-compatible reimplementation,muat_compatible_qkv_attention,4.0,14.223117813742595,-0.5869140625,4,,,,,
TCGA-A2-A0D4,tcga_mc3_wes,HRD_Score,MuAt-compatible reimplementation,muat_compatible_qkv_attention,31.0,23.024968804828486,-0.1260986328125,5,,,,,
TCGA-A2-A0EM,tcga_mc3_wes,HRD_Score,MuAt-compatible reimplementation,muat_compatible_qkv_attention,8.0,20.27262178399916,-0.265869140625,5,,,,,
TCGA-A2-A0EN,tcga_mc3_wes,HRD_Score,MuAt-compatible reimplementation,muat_compatible_qkv_attention,7.0,8.196452932075914,-0.88134765625,1,,,,,
TCGA-A2-A0ES,tcga_mc3_wes,HRD_Score,MuAt-compatible reimplementation,muat_compatible_qkv_attention,1.0,33.030582805087036,0.31982421875,3,,,,,
TCGA-A2-A0EU,tcga_mc3_wes,HRD_Score,MuAt-compatible reimplementation,muat_compatible_qkv_attention,3.0,27.257226523620183,0.03375244140625,3,,,,,
TCGA-A2-A0EV,tcga_mc3_wes,HRD_Score,MuAt-compatible reimplementation,muat_compatible_qkv_attention,25.0,31.956470008535064,0.2666015625,3,,,,,
TCGA-A2-A0EW,tcga_mc3_wes,HRD_Score,MuAt-compatible reimplementation,muat_compatible_qkv_attention,8.0,21.41071352333448,-0.231689453125,4,,,,,
TCGA-A2-A0EX,tcga_mc3_wes,HRD_Score,MuAt-compatible reimplementation,muat_compatible_qkv_attention,10.0,13.588155762912333,-0.6435546875,3,,,,,
TCGA-A2-A0EY,tcga_mc3_wes,HRD_Score,MuAt-compatible reimplementation,muat_compatible_qkv_attention,49.0,21.382312523512212,-0.226806640625,1,,,,,
TCGA-A2-A0SU,tcga_mc3_wes,HRD_Score,MuAt-compatible reimplementation,muat_compatible_qkv_attention,18.0,33.35577291780461,0.3359375,3,,,,,
TCGA-A2-A0SV,tcga_mc3_wes,HRD_Score,MuAt-compatible reimplementation,muat_compatible_qkv_attention,35.0,25.867157720770035,0.0182342529296875,5,,,,,
TCGA-A2-A0SW,tcga_mc3_wes,HRD_Score,MuAt-compatible reimplementation,muat_compatible_qkv_attention,32.0,23.70043562828092,-0.091796875,5,,,,,
TCGA-A2-A0SX,tcga_mc3_wes,HRD_Score,MuAt-compatible reimplementation,muat_compatible_qkv_attention,36.0,28.901653798157895,0.115234375,3,,,,,
TCGA-A2-A0SY,tcga_mc3_wes,HRD_Score,MuAt-compatible reimplementation,muat_compatible_qkv_attention,10.0,22.277137032267397,-0.2130126953125,3,,,,,
TCGA-A2-A0T0,tcga_mc3_wes,HRD_Score,MuAt-compatible reimplementation,muat_compatible_qkv_attention,70.0,56.63628703150973,1.560546875,2,,,,,
TCGA-A2-A0T1,tcga_mc3_wes,HRD_Score,MuAt-compatible reimplementation,muat_compatible_qkv_attention,31.0,21.931745336288575,-0.18115234375,2,,,,,
TCGA-A2-A0T2,tcga_mc3_wes,HRD_Score,MuAt-compatible reimplementation,muat_compatible_qkv_attention,26.0,12.358078661744809,-0.66162109375,2,,,,,
TCGA-A2-A0T3,tcga_mc3_wes,HRD_Score,MuAt-compatible reimplementation,muat_compatible_qkv_attention,39.0,40.37856648967778,0.74462890625,2,,,,,
TCGA-A2-A0T4,tcga_mc3_wes,HRD_Score,MuAt-compatible reimplementation,muat_compatible_qkv_attention,15.0,13.914772429963307,-0.58349609375,2,,,,,
TCGA-A2-A0T5,tcga_mc3_wes,HRD_Score,MuAt-compatible reimplementation,muat_compatible_qkv_attention,3.0,5.51835541763478,-1.0048828125,2,,,,,
TCGA-A2-A0T6,tcga_mc3_wes,HRD_Score,MuAt-compatible reimplementation,muat_compatible_qkv_attention,4.0,4.681632517217338,-1.046875,2,,,,,
TCGA-A2-A0T7,tcga_mc3_wes,HRD_Score,MuAt-compatible reimplementation,muat_compatible_qkv_attention,23.0,24.971166861951904,-0.05572509765625,4,,,,,
TCGA-A2-A0YC,tcga_mc3_wes,HRD_Score,MuAt-compatible reimplementation,muat_compatible_qkv_attention,6.0,13.518012080876389,-0.6171875,1,,,,,
TCGA-A2-A0YD,tcga_mc3_wes,HRD_Score,MuAt-compatible reimplementation,muat_compatible_qkv_attention,8.0,20.289042934062255,-0.3115234375,3,,,,,
TCGA-A2-A0YE,tcga_mc3_wes,HRD_Score,MuAt-compatible reimplementation,muat_compatible_qkv_attention,40.0,19.346152183767853,-0.327880859375,1,,,,,
TCGA-A2-A0YF,tcga_mc3_wes,HRD_Score,MuAt-compatible reimplementation,muat_compatible_qkv_attention,14.0,5.648793376550362,-1.0078125,1,,,,,
TCGA-A2-A0YG,tcga_mc3_wes,HRD_Score,MuAt-compatible reimplementation,muat_compatible_qkv_attention,29.0,15.413090181873612,-0.50830078125,2,,,,,
TCGA-A2-A0YH,tcga_mc3_wes,HRD_Score,MuAt-compatible reimplementation,muat_compatible_qkv_attention,21.0,14.761224666432117,-0.541015625,2,,,,,
TCGA-A2-A0YJ,tcga_mc3_wes,HRD_Score,MuAt-compatible reimplementation,muat_compatible_qkv_attention,25.0,40.47008614319303,0.720703125,1,,,,,
TCGA-A2-A0YK,tcga_mc3_wes,HRD_Score,MuAt-compatible reimplementation,muat_compatible_qkv_attention,6.0,31.912125902255397,0.264404296875,3,,,,,
TCGA-A2-A0YL,tcga_mc3_wes,HRD_Score,MuAt-compatible reimplementation,muat_compatible_qkv_attention,8.0,15.700600793940316,-0.498046875,5,,,,,
TCGA-A2-A0YM,tcga_mc3_wes,HRD_Score,MuAt-compatible reimplementation,muat_compatible_qkv_attention,36.0,38.00111877471073,0.59814453125,1,,,,,
TCGA-A2-A0YT,tcga_mc3_wes,HRD_Score,MuAt-compatible reimplementation,muat_compatible_qkv_attention,44.0,18.338078106587986,-0.383544921875,4,,,,,
TCGA-A2-A1FV,tcga_mc3_wes,HRD_Score,MuAt-compatible reimplementation,muat_compatible_qkv_attention,34.0,4.881544552878577,-1.0458984375,1,,,,,
TCGA-A2-A1FX,tcga_mc3_wes,HRD_Score,MuAt-compatible reimplementation,muat_compatible_qkv_attention,17.0,21.591020907114622,-0.2227783203125,4,,,,,
TCGA-A2-A1FZ,tcga_mc3_wes,HRD_Score,MuAt-compatible reimplementation,muat_compatible_qkv_attention,4.0,10.557218543373722,-0.76416015625,1,,,,,
TCGA-A2-A1G0,tcga_mc3_wes,HRD_Score,MuAt-compatible reimplementation,muat_compatible_qkv_attention,10.0,19.20256556306811,-0.3408203125,4,,,,,
TCGA-A2-A1G1,tcga_mc3_wes,HRD_Score,MuAt-compatible reimplementation,muat_compatible_qkv_attention,17.0,31.06827339429815,0.24560546875,4,,,,,
TCGA-A2-A1G4,tcga_mc3_wes,HRD_Score,MuAt-compatible reimplementation,muat_compatible_qkv_attention,11.0,24.316408487746003,-0.060516357421875,5,,,,,
TCGA-A2-A259,tcga_mc3_wes,HRD_Score,MuAt-compatible reimplementation,muat_compatible_qkv_attention,8.0,23.171409842240717,-0.168701171875,3,,,,,
TCGA-A2-A25A,tcga_mc3_wes,HRD_Score,MuAt-compatible reimplementation,muat_compatible_qkv_attention,6.0,31.936761516855213,0.265625,3,,,,,
TCGA-A2-A25C,tcga_mc3_wes,HRD_Score,MuAt-compatible reimplementation,muat_compatible_qkv_attention,14.0,19.705325804160104,-0.294677734375,5,,,,,
TCGA-A2-A25D,tcga_mc3_wes,HRD_Score,MuAt-compatible reimplementation,muat_compatible_qkv_attention,33.0,25.29905460437401,-0.039520263671875,4,,,,,
TCGA-A2-A25E,tcga_mc3_wes,HRD_Score,MuAt-compatible reimplementation,muat_compatible_qkv_attention,53.0,42.88003437139287,0.84033203125,1,,,,,
TCGA-A2-A3KD,tcga_mc3_wes,HRD_Score,MuAt-compatible reimplementation,muat_compatible_qkv_attention,13.0,20.096885140183694,-0.321044921875,3,,,,,
TCGA-A2-A3XU,tcga_mc3_wes,HRD_Score,MuAt-compatible reimplementation,muat_compatible_qkv_attention,10.0,28.224193427509288,0.1346435546875,2,,,,,
TCGA-A2-A3Y0,tcga_mc3_wes,HRD_Score,MuAt-compatible reimplementation,muat_compatible_qkv_attention,55.0,70.84111766650352,2.2734375,2,,,,,
TCGA-A2-A4S1,tcga_mc3_wes,HRD_Score,MuAt-compatible reimplementation,muat_compatible_qkv_attention,29.0,48.49668922160557,1.119140625,1,,,,,
TCGA-A2-A4S3,tcga_mc3_wes,HRD_Score,MuAt-compatible reimplementation,muat_compatible_qkv_attention,65.0,29.700311754036377,0.212890625,5,,,,,
TCGA-A7-A0CE,tcga_mc3_wes,HRD_Score,MuAt-compatible reimplementation,muat_compatible_qkv_attention,50.0,37.56921906702868,0.56689453125,4,,,,,
TCGA-A7-A0CG,tcga_mc3_wes,HRD_Score,MuAt-compatible reimplementation,muat_compatible_qkv_attention,11.0,10.183430654918237,-0.78271484375,1,,,,,
TCGA-A7-A0CH,tcga_mc3_wes,HRD_Score,MuAt-compatible reimplementation,muat_compatible_qkv_attention,4.0,16.63311772744958,-0.49267578125,3,,,,,
TCGA-A7-A0CJ,tcga_mc3_wes,HRD_Score,MuAt-compatible reimplementation,muat_compatible_qkv_attention,54.0,19.56590560572508,-0.3017578125,5,,,,,
TCGA-A7-A0D9,tcga_mc3_wes,HRD_Score,MuAt-compatible reimplementation,muat_compatible_qkv_attention,16.0,26.080260036113977,-0.024566650390625,3,,,,,
TCGA-A7-A0DA,tcga_mc3_wes,HRD_Score,MuAt-compatible reimplementation,muat_compatible_qkv_attention,74.0,52.413755185217056,1.3486328125,2,,,,,
TCGA-A7-A0DB,tcga_mc3_wes,HRD_Score,MuAt-compatible reimplementation,muat_compatible_qkv_attention,4.0,17.967040895357087,-0.380126953125,2,,,,,
TCGA-A7-A13D,tcga_mc3_wes,HRD_Score,MuAt-compatible reimplementation,muat_compatible_qkv_attention,46.0,76.15699296731155,2.4921875,1,,,,,
TCGA-A7-A13E,tcga_mc3_wes,HRD_Score,MuAt-compatible reimplementation,muat_compatible_qkv_attention,31.0,23.820625454518012,-0.085693359375,5,,,,,
TCGA-A7-A13F,tcga_mc3_wes,HRD_Score,MuAt-compatible reimplementation,muat_compatible_qkv_attention,9.0,26.60028321648306,0.0012006759643554688,3,,,,,
TCGA-A7-A26E,tcga_mc3_wes,HRD_Score,MuAt-compatible reimplementation,muat_compatible_qkv_attention,4.0,13.695069501723724,-0.6083984375,1,,,,,
TCGA-A7-A26H,tcga_mc3_wes,HRD_Score,MuAt-compatible reimplementation,muat_compatible_qkv_attention,18.0,22.30142605088121,-0.162841796875,5,,,,,
TCGA-A7-A26I,tcga_mc3_wes,HRD_Score,MuAt-compatible reimplementation,muat_compatible_qkv_attention,38.0,36.21087151947656,0.50927734375,1,,,,,
TCGA-A7-A26J,tcga_mc3_wes,HRD_Score,MuAt-compatible reimplementation,muat_compatible_qkv_attention,15.0,29.354949106794507,0.1376953125,3,,,,,
TCGA-A7-A4SE,tcga_mc3_wes,HRD_Score,MuAt-compatible reimplementation,muat_compatible_qkv_attention,60.0,61.736649691634106,1.7763671875,1,,,,,
TCGA-A7-A56D,tcga_mc3_wes,HRD_Score,MuAt-compatible reimplementation,muat_compatible_qkv_attention,34.0,23.192910521946843,-0.11785888671875,2,,,,,
TCGA-A7-A5ZV,tcga_mc3_wes,HRD_Score,MuAt-compatible reimplementation,muat_compatible_qkv_attention,55.0,46.83638122682387,1.00390625,3,,,,,
TCGA-A7-A5ZW,tcga_mc3_wes,HRD_Score,MuAt-compatible reimplementation,muat_compatible_qkv_attention,4.0,6.355078318052222,-0.962890625,2,,,,,
TCGA-A7-A5ZX,tcga_mc3_wes,HRD_Score,MuAt-compatible reimplementation,muat_compatible_qkv_attention,6.0,24.848903635964003,-0.061767578125,4,,,,,
TCGA-A7-A6VW,tcga_mc3_wes,HRD_Score,MuAt-compatible reimplementation,muat_compatible_qkv_attention,48.0,43.022788086772366,0.81494140625,3,,,,,
TCGA-A7-A6VX,tcga_mc3_wes,HRD_Score,MuAt-compatible reimplementation,muat_compatible_qkv_attention,68.0,32.97454175458855,0.373046875,2,,,,,
TCGA-A7-A6VY,tcga_mc3_wes,HRD_Score,MuAt-compatible reimplementation,muat_compatible_qkv_attention,76.0,33.311000852823724,0.3564453125,4,,,,,
TCGA-A8-A06P,tcga_mc3_wes,HRD_Score,MuAt-compatible reimplementation,muat_compatible_qkv_attention,8.0,0.7315220803628968,-1.2451171875,2,,,,,
TCGA-A8-A06Q,tcga_mc3_wes,HRD_Score,MuAt-compatible reimplementation,muat_compatible_qkv_attention,38.0,21.32852650110391,-0.21142578125,2,,,,,
TCGA-A8-A06R,tcga_mc3_wes,HRD_Score,MuAt-compatible reimplementation,muat_compatible_qkv_attention,63.0,30.04570823149023,0.195068359375,4,,,,,
TCGA-A8-A06U,tcga_mc3_wes,HRD_Score,MuAt-compatible reimplementation,muat_compatible_qkv_attention,67.0,23.921584908557165,-0.08056640625,5,,,,,
TCGA-A8-A06X,tcga_mc3_wes,HRD_Score,MuAt-compatible reimplementation,muat_compatible_qkv_attention,59.0,67.18608364437989,2.046875,1,,,,,
TCGA-A8-A06Y,tcga_mc3_wes,HRD_Score,MuAt-compatible reimplementation,muat_compatible_qkv_attention,4.0,23.53108981539803,-0.15087890625,3,,,,,
TCGA-A8-A06Z,tcga_mc3_wes,HRD_Score,MuAt-compatible reimplementation,muat_compatible_qkv_attention,31.0,39.35395859739932,0.703125,5,,,,,
TCGA-A8-A075,tcga_mc3_wes,HRD_Score,MuAt-compatible reimplementation,muat_compatible_qkv_attention,55.0,27.53992958977856,0.07122802734375,4,,,,,
TCGA-A8-A076,tcga_mc3_wes,HRD_Score,MuAt-compatible reimplementation,muat_compatible_qkv_attention,21.0,24.5251368645006,-0.10162353515625,3,,,,,
TCGA-A8-A079,tcga_mc3_wes,HRD_Score,MuAt-compatible reimplementation,muat_compatible_qkv_attention,31.0,30.12337994239093,0.234375,5,,,,,
TCGA-A8-A07B,tcga_mc3_wes,HRD_Score,MuAt-compatible reimplementation,muat_compatible_qkv_attention,29.0,25.11318980123078,-0.0487060546875,4,,,,,
TCGA-A8-A07I,tcga_mc3_wes,HRD_Score,MuAt-compatible reimplementation,muat_compatible_qkv_attention,25.0,23.654763494310828,-0.0941162109375,5,,,,,
TCGA-A8-A07J,tcga_mc3_wes,HRD_Score,MuAt-compatible reimplementation,muat_compatible_qkv_attention,13.0,21.71249590231948,-0.1927490234375,5,,,,,
TCGA-A8-A07L,tcga_mc3_wes,HRD_Score,MuAt-compatible reimplementation,muat_compatible_qkv_attention,71.0,43.27695452577789,0.90234375,5,,,,,
TCGA-A8-A07O,tcga_mc3_wes,HRD_Score,MuAt-compatible reimplementation,muat_compatible_qkv_attention,23.0,19.587147006587834,-0.31591796875,1,,,,,
TCGA-A8-A07P,tcga_mc3_wes,HRD_Score,MuAt-compatible reimplementation,muat_compatible_qkv_attention,23.0,20.832706374263992,-0.2374267578125,5,,,,,
TCGA-A8-A07U,tcga_mc3_wes,HRD_Score,MuAt-compatible reimplementation,muat_compatible_qkv_attention,33.0,22.302027459580316,-0.18115234375,1,,,,,
TCGA-A8-A07W,tcga_mc3_wes,HRD_Score,MuAt-compatible reimplementation,muat_compatible_qkv_attention,24.0,33.87450533933987,0.418212890625,2,,,,,
TCGA-A8-A07Z,tcga_mc3_wes,HRD_Score,MuAt-compatible reimplementation,muat_compatible_qkv_attention,11.0,23.19358189538055,-0.1676025390625,3,,,,,
TCGA-A8-A081,tcga_mc3_wes,HRD_Score,MuAt-compatible reimplementation,muat_compatible_qkv_attention,33.0,31.734051408039434,0.310791015625,2,,,,,
TCGA-A8-A082,tcga_mc3_wes,HRD_Score,MuAt-compatible reimplementation,muat_compatible_qkv_attention,12.0,17.840262842840556,-0.432861328125,3,,,,,
TCGA-A8-A083,tcga_mc3_wes,HRD_Score,MuAt-compatible reimplementation,muat_compatible_qkv_attention,8.0,29.23802995072166,0.1551513671875,4,,,,,
TCGA-A8-A08B,tcga_mc3_wes,HRD_Score,MuAt-compatible reimplementation,muat_compatible_qkv_attention,26.0,19.282257615805552,-0.316162109375,5,,,,,
TCGA-A8-A08G,tcga_mc3_wes,HRD_Score,MuAt-compatible reimplementation,muat_compatible_qkv_attention,24.0,24.589189462460123,-0.09844970703125,3,,,,,
TCGA-A8-A08H,tcga_mc3_wes,HRD_Score,MuAt-compatible reimplementation,muat_compatible_qkv_attention,0.0,13.48668164370322,-0.60498046875,2,,,,,
TCGA-A8-A08L,tcga_mc3_wes,HRD_Score,MuAt-compatible reimplementation,muat_compatible_qkv_attention,79.0,46.12860409603486,1.033203125,2,,,,,
TCGA-A8-A08O,tcga_mc3_wes,HRD_Score,MuAt-compatible reimplementation,muat_compatible_qkv_attention,25.0,16.609235880292704,-0.451904296875,5,,,,,
TCGA-A8-A08R,tcga_mc3_wes,HRD_Score,MuAt-compatible reimplementation,muat_compatible_qkv_attention,85.0,47.87301348108415,1.1357421875,5,,,,,
TCGA-A8-A08T,tcga_mc3_wes,HRD_Score,MuAt-compatible reimplementation,muat_compatible_qkv_attention,12.0,21.50817319771643,-0.203125,5,,,,,
TCGA-A8-A08X,tcga_mc3_wes,HRD_Score,MuAt-compatible reimplementation,muat_compatible_qkv_attention,35.0,29.83188610728228,0.192626953125,1,,,,,
TCGA-A8-A08Z,tcga_mc3_wes,HRD_Score,MuAt-compatible reimplementation,muat_compatible_qkv_attention,13.0,23.597605974817533,-0.1475830078125,3,,,,,
TCGA-A8-A090,tcga_mc3_wes,HRD_Score,MuAt-compatible reimplementation,muat_compatible_qkv_attention,13.0,24.41920372172139,-0.10687255859375,3,,,,,
TCGA-A8-A091,tcga_mc3_wes,HRD_Score,MuAt-compatible reimplementation,muat_compatible_qkv_attention,11.0,8.941124966366463,-0.84130859375,5,,,,,
TCGA-A8-A092,tcga_mc3_wes,HRD_Score,MuAt-compatible reimplementation,muat_compatible_qkv_attention,13.0,26.344477002697005,-0.011474609375,3,,,,,
TCGA-A8-A093,tcga_mc3_wes,HRD_Score,MuAt-compatible reimplementation,muat_compatible_qkv_attention,7.0,17.263068535022466,-0.418701171875,5,,,,,
TCGA-A8-A094,tcga_mc3_wes,HRD_Score,MuAt-compatible reimplementation,muat_compatible_qkv_attention,39.0,27.876877085426283,0.0955810546875,1,,,,,
TCGA-A8-A095,tcga_mc3_wes,HRD_Score,MuAt-compatible reimplementation,muat_compatible_qkv_attention,6.0,23.54229259459833,-0.1263427734375,4,,,,,
TCGA-A8-A096,tcga_mc3_wes,HRD_Score,MuAt-compatible reimplementation,muat_compatible_qkv_attention,6.0,23.452255848678618,-0.15478515625,3,,,,,
TCGA-A8-A097,tcga_mc3_wes,HRD_Score,MuAt-compatible reimplementation,muat_compatible_qkv_attention,51.0,35.34625132179408,0.45703125,4,,,,,
TCGA-A8-A099,tcga_mc3_wes,HRD_Score,MuAt-compatible reimplementation,muat_compatible_qkv_attention,12.0,18.906169863703497,-0.35546875,4,,,,,
TCGA-A8-A09A,tcga_mc3_wes,HRD_Score,MuAt-compatible reimplementation,muat_compatible_qkv_attention,70.0,40.53662648757227,0.76318359375,5,,,,,
TCGA-A8-A09B,tcga_mc3_wes,HRD_Score,MuAt-compatible reimplementation,muat_compatible_qkv_attention,13.0,34.12552856283017,0.40576171875,1,,,,,
TCGA-A8-A09C,tcga_mc3_wes,HRD_Score,MuAt-compatible reimplementation,muat_compatible_qkv_attention,24.0,25.714480788884366,0.00868988037109375,2,,,,,
TCGA-A8-A09D,tcga_mc3_wes,HRD_Score,MuAt-compatible reimplementation,muat_compatible_qkv_attention,24.0,22.53072662817479,-0.1697998046875,1,,,,,
TCGA-A8-A09G,tcga_mc3_wes,HRD_Score,MuAt-compatible reimplementation,muat_compatible_qkv_attention,10.0,28.625478838701458,0.1248779296875,4,,,,,
TCGA-A8-A09M,tcga_mc3_wes,HRD_Score,MuAt-compatible reimplementation,muat_compatible_qkv_attention,51.0,38.08581092096926,0.5703125,3,,,,,
TCGA-A8-A09N,tcga_mc3_wes,HRD_Score,MuAt-compatible reimplementation,muat_compatible_qkv_attention,22.0,29.056051659901048,0.1763916015625,2,,,,,
TCGA-A8-A09Q,tcga_mc3_wes,HRD_Score,MuAt-compatible reimplementation,muat_compatible_qkv_attention,46.0,23.46245977233149,-0.1038818359375,5,,,,,
TCGA-A8-A09T,tcga_mc3_wes,HRD_Score,MuAt-compatible reimplementation,muat_compatible_qkv_attention,10.0,16.89067910802412,-0.455078125,4,,,,,
TCGA-A8-A09V,tcga_mc3_wes,HRD_Score,MuAt-compatible reimplementation,muat_compatible_qkv_attention,4.0,28.25498421449569,0.1065673828125,4,,,,,
TCGA-A8-A09W,tcga_mc3_wes,HRD_Score,MuAt-compatible reimplementation,muat_compatible_qkv_attention,56.0,54.35925715632846,1.41015625,1,,,,,
TCGA-A8-A09X,tcga_mc3_wes,HRD_Score,MuAt-compatible reimplementation,muat_compatible_qkv_attention,26.0,25.04088443831254,-0.045196533203125,1,,,,,
TCGA-A8-A09Z,tcga_mc3_wes,HRD_Score,MuAt-compatible reimplementation,muat_compatible_qkv_attention,10.0,49.40164937260306,1.1640625,1,,,,,
TCGA-A8-A0A1,tcga_mc3_wes,HRD_Score,MuAt-compatible reimplementation,muat_compatible_qkv_attention,18.0,14.501664418917143,-0.568359375,1,,,,,
TCGA-A8-A0A2,tcga_mc3_wes,HRD_Score,MuAt-compatible reimplementation,muat_compatible_qkv_attention,14.0,22.304236208327197,-0.211669921875,3,,,,,
TCGA-A8-A0A4,tcga_mc3_wes,HRD_Score,MuAt-compatible reimplementation,muat_compatible_qkv_attention,28.0,8.670660298277241,-0.8466796875,2,,,,,
TCGA-A8-A0A6,tcga_mc3_wes,HRD_Score,MuAt-compatible reimplementation,muat_compatible_qkv_attention,14.0,19.121314802030984,-0.369384765625,3,,,,,
TCGA-A8-A0A7,tcga_mc3_wes,HRD_Score,MuAt-compatible reimplementation,muat_compatible_qkv_attention,21.0,23.388203250719098,-0.157958984375,3,,,,,
TCGA-A8-A0AB,tcga_mc3_wes,HRD_Score,MuAt-compatible reimplementation,muat_compatible_qkv_attention,18.0,38.0462932879398,0.63671875,5,,,,,
TCGA-A8-A0AD,tcga_mc3_wes,HRD_Score,MuAt-compatible reimplementation,muat_compatible_qkv_attention,8.0,24.88069972192913,-0.0318603515625,5,,,,,
TCGA-AC-A23C,tcga_mc3_wes,HRD_Score,MuAt-compatible reimplementation,muat_compatible_qkv_attention,26.0,27.17220896695538,0.08184814453125,2,,,,,
TCGA-AC-A23E,tcga_mc3_wes,HRD_Score,MuAt-compatible reimplementation,muat_compatible_qkv_attention,8.0,20.284115811142293,-0.311767578125,3,,,,,
TCGA-AC-A23H,tcga_mc3_wes,HRD_Score,MuAt-compatible reimplementation,muat_compatible_qkv_attention,21.0,45.269556138275576,0.92626953125,3,,,,,
TCGA-AC-A2B8,tcga_mc3_wes,HRD_Score,MuAt-compatible reimplementation,muat_compatible_qkv_attention,19.0,20.845807824018095,-0.283935546875,3,,,,,
TCGA-AC-A2FB,tcga_mc3_wes,HRD_Score,MuAt-compatible reimplementation,muat_compatible_qkv_attention,8.0,17.000141357540656,-0.4443359375,1,,,,,
TCGA-AC-A2FG,tcga_mc3_wes,HRD_Score,MuAt-compatible reimplementation,muat_compatible_qkv_attention,10.0,25.734077042295613,-0.0180206298828125,4,,,,,
TCGA-AC-A2FO,tcga_mc3_wes,HRD_Score,MuAt-compatible reimplementation,muat_compatible_qkv_attention,22.0,22.002013496477886,-0.196044921875,1,,,,,
TCGA-AC-A2QH,tcga_mc3_wes,HRD_Score,MuAt-compatible reimplementation,muat_compatible_qkv_attention,40.0,28.78206148158502,0.166259765625,5,,,,,
TCGA-AC-A3OD,tcga_mc3_wes,HRD_Score,MuAt-compatible reimplementation,muat_compatible_qkv_attention,25.0,15.349421471328128,-0.53125,4,,,,,
TCGA-AC-A3QQ,tcga_mc3_wes,HRD_Score,MuAt-compatible reimplementation,muat_compatible_qkv_attention,14.0,18.9407493619627,-0.353759765625,4,,,,,
TCGA-AC-A3YI,tcga_mc3_wes,HRD_Score,MuAt-compatible reimplementation,muat_compatible_qkv_attention,3.0,20.486127850860782,-0.3017578125,3,,,,,
TCGA-AC-A4ZE,tcga_mc3_wes,HRD_Score,MuAt-compatible reimplementation,muat_compatible_qkv_attention,13.0,32.58050364450824,0.353271484375,2,,,,,
TCGA-AC-A5EH,tcga_mc3_wes,HRD_Score,MuAt-compatible reimplementation,muat_compatible_qkv_attention,37.0,58.99078635594021,1.6787109375,2,,,,,
TCGA-AC-A5XS,tcga_mc3_wes,HRD_Score,MuAt-compatible reimplementation,muat_compatible_qkv_attention,25.0,28.057623202541272,0.10455322265625,1,,,,,
TCGA-AC-A5XU,tcga_mc3_wes,HRD_Score,MuAt-compatible reimplementation,muat_compatible_qkv_attention,23.0,36.19119847271575,0.50830078125,1,,,,,
TCGA-AC-A62Y,tcga_mc3_wes,HRD_Score,MuAt-compatible reimplementation,muat_compatible_qkv_attention,15.0,31.0460437168458,0.2445068359375,4,,,,,
TCGA-AC-A6IV,tcga_mc3_wes,HRD_Score,MuAt-compatible reimplementation,muat_compatible_qkv_attention,12.0,4.759467205628262,-1.04296875,2,,,,,
TCGA-AC-A6IW,tcga_mc3_wes,HRD_Score,MuAt-compatible reimplementation,muat_compatible_qkv_attention,31.0,31.572146083217994,0.2705078125,4,,,,,
TCGA-AC-A6IX,tcga_mc3_wes,HRD_Score,MuAt-compatible reimplementation,muat_compatible_qkv_attention,24.0,18.87186914813409,-0.334716796875,2,,,,,
TCGA-AC-A6NO,tcga_mc3_wes,HRD_Score,MuAt-compatible reimplementation,muat_compatible_qkv_attention,6.0,21.877536749833748,-0.2086181640625,4,,,,,
TCGA-AC-A7VB,tcga_mc3_wes,HRD_Score,MuAt-compatible reimplementation,muat_compatible_qkv_attention,24.0,17.835172107911006,-0.3896484375,5,,,,,
TCGA-AC-A7VC,tcga_mc3_wes,HRD_Score,MuAt-compatible reimplementation,muat_compatible_qkv_attention,8.0,26.391284670436654,-0.0091552734375,3,,,,,
TCGA-AC-A8OP,tcga_mc3_wes,HRD_Score,MuAt-compatible reimplementation,muat_compatible_qkv_attention,36.0,29.793048865791995,0.21337890625,2,,,,,
TCGA-AC-A8OQ,tcga_mc3_wes,HRD_Score,MuAt-compatible reimplementation,muat_compatible_qkv_attention,71.0,32.16987741026996,0.300048828125,4,,,,,
TCGA-AC-A8OR,tcga_mc3_wes,HRD_Score,MuAt-compatible reimplementation,muat_compatible_qkv_attention,4.0,42.25632834759135,0.8388671875,2,,,,,
TCGA-AC-A8OS,tcga_mc3_wes,HRD_Score,MuAt-compatible reimplementation,muat_compatible_qkv_attention,7.0,22.71738922243635,-0.1417236328125,2,,,,,
TCGA-AN-A03X,tcga_mc3_wes,HRD_Score,MuAt-compatible reimplementation,muat_compatible_qkv_attention,12.0,36.122342809052896,0.5048828125,1,,,,,
TCGA-AN-A03Y,tcga_mc3_wes,HRD_Score,MuAt-compatible reimplementation,muat_compatible_qkv_attention,10.0,10.772196885372214,-0.7412109375,2,,,,,
TCGA-AN-A041,tcga_mc3_wes,HRD_Score,MuAt-compatible reimplementation,muat_compatible_qkv_attention,17.0,17.86882525925739,-0.387939453125,5,,,,,
TCGA-AN-A046,tcga_mc3_wes,HRD_Score,MuAt-compatible reimplementation,muat_compatible_qkv_attention,8.0,42.71730646573465,0.7998046875,3,,,,,
TCGA-AN-A049,tcga_mc3_wes,HRD_Score,MuAt-compatible reimplementation,muat_compatible_qkv_attention,40.0,7.2599065708292265,-0.91748046875,2,,,,,
TCGA-AN-A04C,tcga_mc3_wes,HRD_Score,MuAt-compatible reimplementation,muat_compatible_qkv_attention,35.0,25.29550485972988,-0.01079559326171875,5,,,,,
TCGA-AN-A04D,tcga_mc3_wes,HRD_Score,MuAt-compatible reimplementation,muat_compatible_qkv_attention,61.0,41.584068194143114,0.74365234375,3,,,,,
TCGA-AN-A0AJ,tcga_mc3_wes,HRD_Score,MuAt-compatible reimplementation,muat_compatible_qkv_attention,40.0,30.815841052563588,0.2100830078125,3,,,,,
TCGA-AN-A0AL,tcga_mc3_wes,HRD_Score,MuAt-compatible reimplementation,muat_compatible_qkv_attention,66.0,38.0928514692395,0.5927734375,4,,,,,
TCGA-AN-A0AM,tcga_mc3_wes,HRD_Score,MuAt-compatible reimplementation,muat_compatible_qkv_attention,44.0,26.43951510646423,0.02423095703125,1,,,,,
TCGA-AN-A0AR,tcga_mc3_wes,HRD_Score,MuAt-compatible reimplementation,muat_compatible_qkv_attention,75.0,52.97805667619626,1.376953125,2,,,,,
TCGA-AN-A0AS,tcga_mc3_wes,HRD_Score,MuAt-compatible reimplementation,muat_compatible_qkv_attention,21.0,22.535810985565465,-0.2001953125,3,,,,,
TCGA-AN-A0AT,tcga_mc3_wes,HRD_Score,MuAt-compatible reimplementation,muat_compatible_qkv_attention,67.0,58.21243947183096,1.6396484375,2,,,,,
TCGA-AN-A0FJ,tcga_mc3_wes,HRD_Score,MuAt-compatible reimplementation,muat_compatible_qkv_attention,27.0,36.344405348422626,0.55029296875,5,,,,,
TCGA-AN-A0FK,tcga_mc3_wes,HRD_Score,MuAt-compatible reimplementation,muat_compatible_qkv_attention,9.0,15.80712829195392,-0.488525390625,2,,,,,
TCGA-AN-A0FN,tcga_mc3_wes,HRD_Score,MuAt-compatible reimplementation,muat_compatible_qkv_attention,3.0,26.344466935674618,0.01214599609375,4,,,,,
TCGA-AN-A0FS,tcga_mc3_wes,HRD_Score,MuAt-compatible reimplementation,muat_compatible_qkv_attention,12.0,19.942096113784306,-0.281005859375,2,,,,,
TCGA-AN-A0FT,tcga_mc3_wes,HRD_Score,MuAt-compatible reimplementation,muat_compatible_qkv_attention,57.0,30.021688262999085,0.224853515625,2,,,,,
TCGA-AN-A0FV,tcga_mc3_wes,HRD_Score,MuAt-compatible reimplementation,muat_compatible_qkv_attention,35.0,30.26039634430121,0.2413330078125,5,,,,,
TCGA-AN-A0FW,tcga_mc3_wes,HRD_Score,MuAt-compatible reimplementation,muat_compatible_qkv_attention,23.0,35.86000386735941,0.482421875,4,,,,,
TCGA-AN-A0FX,tcga_mc3_wes,HRD_Score,MuAt-compatible reimplementation,muat_compatible_qkv_attention,59.0,29.186160703332853,0.152587890625,4,,,,,
TCGA-AN-A0FY,tcga_mc3_wes,HRD_Score,MuAt-compatible reimplementation,muat_compatible_qkv_attention,42.0,19.217385348036338,-0.340087890625,4,,,,,
TCGA-AN-A0FZ,tcga_mc3_wes,HRD_Score,MuAt-compatible reimplementation,muat_compatible_qkv_attention,28.0,26.040535107571774,-0.0265350341796875,3,,,,,
TCGA-AN-A0XN,tcga_mc3_wes,HRD_Score,MuAt-compatible reimplementation,muat_compatible_qkv_attention,71.0,36.71955139551679,0.52490234375,4,,,,,
TCGA-AN-A0XO,tcga_mc3_wes,HRD_Score,MuAt-compatible reimplementation,muat_compatible_qkv_attention,23.0,19.70149832366521,-0.316162109375,4,,,,,
TCGA-AN-A0XP,tcga_mc3_wes,HRD_Score,MuAt-compatible reimplementation,muat_compatible_qkv_attention,5.0,39.820875600086126,0.6884765625,1,,,,,
TCGA-AN-A0XR,tcga_mc3_wes,HRD_Score,MuAt-compatible reimplementation,muat_compatible_qkv_attention,10.0,23.798408578824812,-0.10687255859375,1,,,,,
TCGA-AN-A0XS,tcga_mc3_wes,HRD_Score,MuAt-compatible reimplementation,muat_compatible_qkv_attention,9.0,16.594283408659507,-0.4697265625,4,,,,,
TCGA-AN-A0XT,tcga_mc3_wes,HRD_Score,MuAt-compatible reimplementation,muat_compatible_qkv_attention,35.0,21.790669963543774,-0.188232421875,2,,,,,
TCGA-AN-A0XU,tcga_mc3_wes,HRD_Score,MuAt-compatible reimplementation,muat_compatible_qkv_attention,84.0,36.74824316457924,0.57080078125,5,,,,,
TCGA-AN-A0XV,tcga_mc3_wes,HRD_Score,MuAt-compatible reimplementation,muat_compatible_qkv_attention,7.0,30.945872380113432,0.2479248046875,1,,,,,
TCGA-AN-A0XW,tcga_mc3_wes,HRD_Score,MuAt-compatible reimplementation,muat_compatible_qkv_attention,26.0,33.49865948248354,0.343017578125,3,,,,,
TCGA-AO-A03L,tcga_mc3_wes,HRD_Score,MuAt-compatible reimplementation,muat_compatible_qkv_attention,32.0,21.18558205590406,-0.236572265625,1,,,,,
TCGA-AO-A03O,tcga_mc3_wes,HRD_Score,MuAt-compatible reimplementation,muat_compatible_qkv_attention,46.0,38.724579360945626,0.66162109375,2,,,,,
TCGA-AO-A03P,tcga_mc3_wes,HRD_Score,MuAt-compatible reimplementation,muat_compatible_qkv_attention,25.0,21.22246901858059,-0.2347412109375,1,,,,,
TCGA-AO-A03R,tcga_mc3_wes,HRD_Score,MuAt-compatible reimplementation,muat_compatible_qkv_attention,13.0,51.467319282488646,1.2666015625,1,,,,,
TCGA-AO-A03T,tcga_mc3_wes,HRD_Score,MuAt-compatible reimplementation,muat_compatible_qkv_attention,43.0,34.536750361816814,0.45849609375,5,,,,,
TCGA-AO-A03V,tcga_mc3_wes,HRD_Score,MuAt-compatible reimplementation,muat_compatible_qkv_attention,41.0,15.003327111317926,-0.54345703125,1,,,,,
TCGA-AO-A0J2,tcga_mc3_wes,HRD_Score,MuAt-compatible reimplementation,muat_compatible_qkv_attention,83.0,37.177614928778496,0.583984375,2,,,,,
TCGA-AO-A0J3,tcga_mc3_wes,HRD_Score,MuAt-compatible reimplementation,muat_compatible_qkv_attention,39.0,20.53634621020887,-0.27490234375,4,,,,,
TCGA-AO-A0J4,tcga_mc3_wes,HRD_Score,MuAt-compatible reimplementation,muat_compatible_qkv_attention,52.0,46.43073556623909,1.0625,5,,,,,
TCGA-AO-A0J6,tcga_mc3_wes,HRD_Score,MuAt-compatible reimplementation,muat_compatible_qkv_attention,73.0,58.333212602013106,1.607421875,1,,,,,
TCGA-AO-A0J7,tcga_mc3_wes,HRD_Score,MuAt-compatible reimplementation,muat_compatible_qkv_attention,4.0,12.912196825239864,-0.6396484375,5,,,,,
TCGA-AO-A0J8,tcga_mc3_wes,HRD_Score,MuAt-compatible reimplementation,muat_compatible_qkv_attention,4.0,24.30198570859755,-0.061248779296875,5,,,,,
TCGA-AO-A0J9,tcga_mc3_wes,HRD_Score,MuAt-compatible reimplementation,muat_compatible_qkv_attention,9.0,28.570351983745013,0.1300048828125,1,,,,,
TCGA-AO-A0JA,tcga_mc3_wes,HRD_Score,MuAt-compatible reimplementation,muat_compatible_qkv_attention,37.0,12.20240928492296,-0.66943359375,2,,,,,
TCGA-AO-A0JB,tcga_mc3_wes,HRD_Score,MuAt-compatible reimplementation,muat_compatible_qkv_attention,68.0,36.527093884303,0.5595703125,5,,,,,
TCGA-AO-A0JD,tcga_mc3_wes,HRD_Score,MuAt-compatible reimplementation,muat_compatible_qkv_attention,51.0,75.40941719040057,2.455078125,1,,,,,
TCGA-AO-A0JE,tcga_mc3_wes,HRD_Score,MuAt-compatible reimplementation,muat_compatible_qkv_attention,34.0,16.65282621912943,-0.49169921875,3,,,,,
TCGA-AO-A0JF,tcga_mc3_wes,HRD_Score,MuAt-compatible reimplementation,muat_compatible_qkv_attention,4.0,5.550428142746288,-1.0126953125,1,,,,,
TCGA-AO-A0JG,tcga_mc3_wes,HRD_Score,MuAt-compatible reimplementation,muat_compatible_qkv_attention,16.0,22.59949681994919,-0.147705078125,5,,,,,
TCGA-AO-A0JI,tcga_mc3_wes,HRD_Score,MuAt-compatible reimplementation,muat_compatible_qkv_attention,14.0,28.264823160752652,0.08367919921875,3,,,,,
TCGA-AO-A0JJ,tcga_mc3_wes,HRD_Score,MuAt-compatible reimplementation,muat_compatible_qkv_attention,10.0,20.835110170788735,-0.2373046875,5,,,,,
TCGA-AO-A0JM,tcga_mc3_wes,HRD_Score,MuAt-compatible reimplementation,muat_compatible_qkv_attention,36.0,23.334862414523105,-0.1298828125,1,,,,,
TCGA-AO-A124,tcga_mc3_wes,HRD_Score,MuAt-compatible reimplementation,muat_compatible_qkv_attention,89.0,51.64437670333598,1.275390625,1,,,,,
TCGA-AO-A128,tcga_mc3_wes,HRD_Score,MuAt-compatible reimplementation,muat_compatible_qkv_attention,15.0,29.116860010222084,0.179443359375,2,,,,,
TCGA-AO-A12A,tcga_mc3_wes,HRD_Score,MuAt-compatible reimplementation,muat_compatible_qkv_attention,7.0,12.642340750464655,-0.6650390625,4,,,,,
TCGA-AO-A12D,tcga_mc3_wes,HRD_Score,MuAt-compatible reimplementation,muat_compatible_qkv_attention,26.0,17.43133429175439,-0.41015625,5,,,,,
TCGA-AO-A12F,tcga_mc3_wes,HRD_Score,MuAt-compatible reimplementation,muat_compatible_qkv_attention,56.0,20.388148360526564,-0.2822265625,4,,,,,
TCGA-AO-A12H,tcga_mc3_wes,HRD_Score,MuAt-compatible reimplementation,muat_compatible_qkv_attention,0.0,24.358615749931705,-0.08599853515625,4,,,,,
TCGA-AO-A1KP,tcga_mc3_wes,HRD_Score,MuAt-compatible reimplementation,muat_compatible_qkv_attention,16.0,19.405102624300596,-0.330810546875,4,,,,,
TCGA-AO-A1KR,tcga_mc3_wes,HRD_Score,MuAt-compatible reimplementation,muat_compatible_qkv_attention,40.0,34.96419097709282,0.472900390625,2,,,,,
TCGA-AO-A1KT,tcga_mc3_wes,HRD_Score,MuAt-compatible reimplementation,muat_compatible_qkv_attention,29.0,25.66522602512433,0.00621795654296875,2,,,,,
TCGA-AQ-A04H,tcga_mc3_wes,HRD_Score,MuAt-compatible reimplementation,muat_compatible_qkv_attention,25.0,20.957703793550564,-0.2310791015625,5,,,,,
TCGA-AQ-A04J,tcga_mc3_wes,HRD_Score,MuAt-compatible reimplementation,muat_compatible_qkv_attention,59.0,36.34653653022226,0.484130859375,3,,,,,
TCGA-AQ-A1H2,tcga_mc3_wes,HRD_Score,MuAt-compatible reimplementation,muat_compatible_qkv_attention,27.0,31.017187174621387,0.25146484375,1,,,,,
TCGA-AQ-A1H3,tcga_mc3_wes,HRD_Score,MuAt-compatible reimplementation,muat_compatible_qkv_attention,9.0,11.715942482354679,-0.69384765625,2,,,,,
TCGA-AR-A0TP,tcga_mc3_wes,HRD_Score,MuAt-compatible reimplementation,muat_compatible_qkv_attention,70.0,37.159511812016184,0.5244140625,3,,,,,
TCGA-AR-A0TQ,tcga_mc3_wes,HRD_Score,MuAt-compatible reimplementation,muat_compatible_qkv_attention,10.0,21.770187018913283,-0.1898193359375,5,,,,,
TCGA-AR-A0TR,tcga_mc3_wes,HRD_Score,MuAt-compatible reimplementation,muat_compatible_qkv_attention,16.0,19.8948731004652,-0.3310546875,3,,,,,
TCGA-AR-A0TS,tcga_mc3_wes,HRD_Score,MuAt-compatible reimplementation,muat_compatible_qkv_attention,49.0,32.18102976756988,0.3388671875,5,,,,,
TCGA-AR-A0TT,tcga_mc3_wes,HRD_Score,MuAt-compatible reimplementation,muat_compatible_qkv_attention,38.0,28.952156808087516,0.11773681640625,3,,,,,
TCGA-AR-A0TV,tcga_mc3_wes,HRD_Score,MuAt-compatible reimplementation,muat_compatible_qkv_attention,36.0,41.76850722940682,0.78515625,1,,,,,
TCGA-AR-A0TW,tcga_mc3_wes,HRD_Score,MuAt-compatible reimplementation,muat_compatible_qkv_attention,58.0,26.099853709043927,0.0280303955078125,2,,,,,
TCGA-AR-A0TX,tcga_mc3_wes,HRD_Score,MuAt-compatible reimplementation,muat_compatible_qkv_attention,22.0,33.82877671812108,0.359375,3,,,,,
TCGA-AR-A0TY,tcga_mc3_wes,HRD_Score,MuAt-compatible reimplementation,muat_compatible_qkv_attention,35.0,32.60192311105024,0.298583984375,3,,,,,
TCGA-AR-A0TZ,tcga_mc3_wes,HRD_Score,MuAt-compatible reimplementation,muat_compatible_qkv_attention,26.0,26.728638617862885,0.00756072998046875,3,,,,,
TCGA-AR-A0U0,tcga_mc3_wes,HRD_Score,MuAt-compatible reimplementation,muat_compatible_qkv_attention,32.0,31.229126343772144,0.29052734375,5,,,,,
TCGA-AR-A1AH,tcga_mc3_wes,HRD_Score,MuAt-compatible reimplementation,muat_compatible_qkv_attention,27.0,44.630286344124556,0.9580078125,2,,,,,
TCGA-AR-A1AI,tcga_mc3_wes,HRD_Score,MuAt-compatible reimplementation,muat_compatible_qkv_attention,47.0,39.171270061518946,0.69384765625,5,,,,,
TCGA-AR-A1AJ,tcga_mc3_wes,HRD_Score,MuAt-compatible reimplementation,muat_compatible_qkv_attention,12.0,17.078396384288375,-0.44580078125,4,,,,,
TCGA-AR-A1AK,tcga_mc3_wes,HRD_Score,MuAt-compatible reimplementation,muat_compatible_qkv_attention,18.0,25.94476415581499,-0.031280517578125,3,,,,,
TCGA-AR-A1AN,tcga_mc3_wes,HRD_Score,MuAt-compatible reimplementation,muat_compatible_qkv_attention,30.0,17.359220396012134,-0.413818359375,5,,,,,
TCGA-AR-A1AO,tcga_mc3_wes,HRD_Score,MuAt-compatible reimplementation,muat_compatible_qkv_attention,0.0,30.186496188688423,0.2020263671875,4,,,,,
TCGA-AR-A1AP,tcga_mc3_wes,HRD_Score,MuAt-compatible reimplementation,muat_compatible_qkv_attention,19.0,26.02670971509977,0.026336669921875,5,,,,,
TCGA-AR-A1AQ,tcga_mc3_wes,HRD_Score,MuAt-compatible reimplementation,muat_compatible_qkv_attention,31.0,39.46540533855895,0.638671875,3,,,,,
TCGA-AR-A1AR,tcga_mc3_wes,HRD_Score,MuAt-compatible reimplementation,muat_compatible_qkv_attention,26.0,23.48357443648139,-0.103271484375,2,,,,,
TCGA-AR-A1AU,tcga_mc3_wes,HRD_Score,MuAt-compatible reimplementation,muat_compatible_qkv_attention,22.0,15.450605955367172,-0.5107421875,5,,,,,
TCGA-AR-A1AW,tcga_mc3_wes,HRD_Score,MuAt-compatible reimplementation,muat_compatible_qkv_attention,16.0,12.091716190717296,-0.68798828125,1,,,,,
TCGA-AR-A1AX,tcga_mc3_wes,HRD_Score,MuAt-compatible reimplementation,muat_compatible_qkv_attention,6.0,18.496155812915777,-0.375732421875,4,,,,,
TCGA-AR-A1AY,tcga_mc3_wes,HRD_Score,MuAt-compatible reimplementation,muat_compatible_qkv_attention,33.0,29.879687697770585,0.1636962890625,3,,,,,
TCGA-AR-A24L,tcga_mc3_wes,HRD_Score,MuAt-compatible reimplementation,muat_compatible_qkv_attention,50.0,39.444550228746685,0.69775390625,2,,,,,
TCGA-AR-A24N,tcga_mc3_wes,HRD_Score,MuAt-compatible reimplementation,muat_compatible_qkv_attention,9.0,19.6140270940273,-0.344970703125,3,,,,,
TCGA-AR-A24O,tcga_mc3_wes,HRD_Score,MuAt-compatible reimplementation,muat_compatible_qkv_attention,4.0,9.653323239465168,-0.79736328125,2,,,,,
TCGA-AR-A24P,tcga_mc3_wes,HRD_Score,MuAt-compatible reimplementation,muat_compatible_qkv_attention,6.0,2.599471128624028,-1.1591796875,1,,,,,
TCGA-AR-A24Q,tcga_mc3_wes,HRD_Score,MuAt-compatible reimplementation,muat_compatible_qkv_attention,72.0,57.92007862003599,1.5869140625,1,,,,,
TCGA-AR-A24R,tcga_mc3_wes,HRD_Score,MuAt-compatible reimplementation,muat_compatible_qkv_attention,14.0,22.048025816489112,-0.224365234375,3,,,,,
TCGA-AR-A24S,tcga_mc3_wes,HRD_Score,MuAt-compatible reimplementation,muat_compatible_qkv_attention,28.0,18.83781647195431,-0.33642578125,2,,,,,
TCGA-AR-A24U,tcga_mc3_wes,HRD_Score,MuAt-compatible reimplementation,muat_compatible_qkv_attention,23.0,20.941420332673843,-0.2548828125,4,,,,,
TCGA-AR-A24V,tcga_mc3_wes,HRD_Score,MuAt-compatible reimplementation,muat_compatible_qkv_attention,18.0,25.40278063461904,-0.058135986328125,3,,,,,
TCGA-AR-A24W,tcga_mc3_wes,HRD_Score,MuAt-compatible reimplementation,muat_compatible_qkv_attention,8.0,11.941063029244189,-0.68896484375,5,,,,,
TCGA-AR-A24X,tcga_mc3_wes,HRD_Score,MuAt-compatible reimplementation,muat_compatible_qkv_attention,4.0,13.296804269198548,-0.6201171875,5,,,,,
TCGA-AR-A24Z,tcga_mc3_wes,HRD_Score,MuAt-compatible reimplementation,muat_compatible_qkv_attention,33.0,26.37071030488919,0.0134429931640625,4,,,,,
TCGA-AR-A250,tcga_mc3_wes,HRD_Score,MuAt-compatible reimplementation,muat_compatible_qkv_attention,30.0,25.43737259741083,-0.032684326171875,4,,,,,
TCGA-AR-A251,tcga_mc3_wes,HRD_Score,MuAt-compatible reimplementation,muat_compatible_qkv_attention,79.0,44.047629654124705,0.86572265625,3,,,,,
TCGA-AR-A252,tcga_mc3_wes,HRD_Score,MuAt-compatible reimplementation,muat_compatible_qkv_attention,3.0,9.426018354626855,-0.8203125,1,,,,,
TCGA-AR-A254,tcga_mc3_wes,HRD_Score,MuAt-compatible reimplementation,muat_compatible_qkv_attention,21.0,16.500424770527378,-0.474365234375,4,,,,,
TCGA-AR-A256,tcga_mc3_wes,HRD_Score,MuAt-compatible reimplementation,muat_compatible_qkv_attention,63.0,44.55577427694051,0.96728515625,5,,,,,
TCGA-AR-A2LH,tcga_mc3_wes,HRD_Score,MuAt-compatible reimplementation,muat_compatible_qkv_attention,0.0,26.197279205463104,-0.018768310546875,3,,,,,
TCGA-AR-A2LK,tcga_mc3_wes,HRD_Score,MuAt-compatible reimplementation,muat_compatible_qkv_attention,8.0,12.455667555792376,-0.669921875,1,,,,,
TCGA-AR-A2LN,tcga_mc3_wes,HRD_Score,MuAt-compatible reimplementation,muat_compatible_qkv_attention,8.0,19.78705488600132,-0.29052734375,5,,,,,
TCGA-AR-A2LO,tcga_mc3_wes,HRD_Score,MuAt-compatible reimplementation,muat_compatible_qkv_attention,20.0,16.416932158313365,-0.461669921875,5,,,,,
TCGA-AR-A2LQ,tcga_mc3_wes,HRD_Score,MuAt-compatible reimplementation,muat_compatible_qkv_attention,2.0,16.282319552927824,-0.468505859375,5,,,,,
TCGA-AR-A5QM,tcga_mc3_wes,HRD_Score,MuAt-compatible reimplementation,muat_compatible_qkv_attention,13.0,21.07479839738792,-0.248291015625,4,,,,,
TCGA-AR-A5QN,tcga_mc3_wes,HRD_Score,MuAt-compatible reimplementation,muat_compatible_qkv_attention,17.0,16.697362540653874,-0.44384765625,2,,,,,
TCGA-AR-A5QP,tcga_mc3_wes,HRD_Score,MuAt-compatible reimplementation,muat_compatible_qkv_attention,15.0,17.98734319567319,-0.40087890625,4,,,,,
TCGA-AR-A5QQ,tcga_mc3_wes,HRD_Score,MuAt-compatible reimplementation,muat_compatible_qkv_attention,13.0,43.632716411439674,0.92041015625,5,,,,,
TCGA-B6-A0I2,tcga_mc3_wes,HRD_Score,MuAt-compatible reimplementation,muat_compatible_qkv_attention,40.0,32.78678649180481,0.36962890625,5,,,,,
TCGA-B6-A0I5,tcga_mc3_wes,HRD_Score,MuAt-compatible reimplementation,muat_compatible_qkv_attention,4.0,21.373664060913903,-0.2335205078125,4,,,,,
TCGA-B6-A0I9,tcga_mc3_wes,HRD_Score,MuAt-compatible reimplementation,muat_compatible_qkv_attention,33.0,29.989270481368802,0.200439453125,1,,,,,
TCGA-B6-A0IB,tcga_mc3_wes,HRD_Score,MuAt-compatible reimplementation,muat_compatible_qkv_attention,22.0,27.655027268504398,0.1060791015625,2,,,,,
TCGA-B6-A0IC,tcga_mc3_wes,HRD_Score,MuAt-compatible reimplementation,muat_compatible_qkv_attention,5.0,19.66197889708326,-0.318115234375,4,,,,,
TCGA-B6-A0IE,tcga_mc3_wes,HRD_Score,MuAt-compatible reimplementation,muat_compatible_qkv_attention,21.0,26.621974105275243,0.0022754669189453125,3,,,,,
TCGA-B6-A0IH,tcga_mc3_wes,HRD_Score,MuAt-compatible reimplementation,muat_compatible_qkv_attention,16.0,18.97038893189916,-0.352294921875,4,,,,,
TCGA-B6-A0IJ,tcga_mc3_wes,HRD_Score,MuAt-compatible reimplementation,muat_compatible_qkv_attention,73.0,39.752667385681335,0.6748046875,4,,,,,
TCGA-B6-A0IN,tcga_mc3_wes,HRD_Score,MuAt-compatible reimplementation,muat_compatible_qkv_attention,21.0,17.561139304090446,-0.403564453125,5,,,,,
TCGA-B6-A0RE,tcga_mc3_wes,HRD_Score,MuAt-compatible reimplementation,muat_compatible_qkv_attention,39.0,39.762547242326825,0.67529296875,4,,,,,
TCGA-B6-A0RG,tcga_mc3_wes,HRD_Score,MuAt-compatible reimplementation,muat_compatible_qkv_attention,30.0,36.29471755976084,0.50390625,4,,,,,
TCGA-B6-A0RH,tcga_mc3_wes,HRD_Score,MuAt-compatible reimplementation,muat_compatible_qkv_attention,24.0,22.250381091970798,-0.1651611328125,2,,,,,
TCGA-B6-A0RI,tcga_mc3_wes,HRD_Score,MuAt-compatible reimplementation,muat_compatible_qkv_attention,13.0,28.90233464783377,0.146484375,1,,,,,
TCGA-B6-A0RL,tcga_mc3_wes,HRD_Score,MuAt-compatible reimplementation,muat_compatible_qkv_attention,20.0,21.83123240801073,-0.235107421875,3,,,,,
TCGA-B6-A0RN,tcga_mc3_wes,HRD_Score,MuAt-compatible reimplementation,muat_compatible_qkv_attention,4.0,14.354474740084925,-0.56640625,5,,,,,
TCGA-B6-A0RO,tcga_mc3_wes,HRD_Score,MuAt-compatible reimplementation,muat_compatible_qkv_attention,18.0,19.003417218935507,-0.330322265625,5,,,,,
TCGA-B6-A0RP,tcga_mc3_wes,HRD_Score,MuAt-compatible reimplementation,muat_compatible_qkv_attention,4.0,12.546819753479115,-0.658203125,5,,,,,
TCGA-B6-A0RS,tcga_mc3_wes,HRD_Score,MuAt-compatible reimplementation,muat_compatible_qkv_attention,77.0,44.688155633719916,0.8974609375,3,,,,,
TCGA-B6-A0RU,tcga_mc3_wes,HRD_Score,MuAt-compatible reimplementation,muat_compatible_qkv_attention,32.0,34.83001353783531,0.473388671875,5,,,,,
TCGA-B6-A0RV,tcga_mc3_wes,HRD_Score,MuAt-compatible reimplementation,muat_compatible_qkv_attention,18.0,19.820056603411054,-0.310302734375,4,,,,,
TCGA-B6-A0WS,tcga_mc3_wes,HRD_Score,MuAt-compatible reimplementation,muat_compatible_qkv_attention,20.0,21.803437824992596,-0.2122802734375,4,,,,,
TCGA-B6-A0WT,tcga_mc3_wes,HRD_Score,MuAt-compatible reimplementation,muat_compatible_qkv_attention,28.0,9.780133196321525,-0.802734375,1,,,,,
TCGA-B6-A0WW,tcga_mc3_wes,HRD_Score,MuAt-compatible reimplementation,muat_compatible_qkv_attention,27.0,27.618623963610005,0.107177734375,5,,,,,
TCGA-B6-A0WY,tcga_mc3_wes,HRD_Score,MuAt-compatible reimplementation,muat_compatible_qkv_attention,29.0,24.001630054254512,-0.1275634765625,3,,,,,
TCGA-B6-A0WZ,tcga_mc3_wes,HRD_Score,MuAt-compatible reimplementation,muat_compatible_qkv_attention,6.0,19.780537176829107,-0.312255859375,4,,,,,
TCGA-B6-A0X0,tcga_mc3_wes,HRD_Score,MuAt-compatible reimplementation,muat_compatible_qkv_attention,6.0,10.478526356330462,-0.76806640625,1,,,,,
TCGA-B6-A0X1,tcga_mc3_wes,HRD_Score,MuAt-compatible reimplementation,muat_compatible_qkv_attention,78.0,34.84443631698376,0.47412109375,5,,,,,
TCGA-B6-A0X4,tcga_mc3_wes,HRD_Score,MuAt-compatible reimplementation,muat_compatible_qkv_attention,1.0,11.531034358034068,-0.7158203125,1,,,,,
TCGA-B6-A0X5,tcga_mc3_wes,HRD_Score,MuAt-compatible reimplementation,muat_compatible_qkv_attention,5.0,27.093707631713905,0.0256500244140625,3,,,,,
TCGA-B6-A1KC,tcga_mc3_wes,HRD_Score,MuAt-compatible reimplementation,muat_compatible_qkv_attention,13.0,35.42394964904396,0.47021484375,1,,,,,
TCGA-B6-A1KF,tcga_mc3_wes,HRD_Score,MuAt-compatible reimplementation,muat_compatible_qkv_attention,21.0,23.76053054139947,-0.0887451171875,5,,,,,
TCGA-B6-A1KN,tcga_mc3_wes,HRD_Score,MuAt-compatible reimplementation,muat_compatible_qkv_attention,33.0,34.73866926989513,0.46875,5,,,,,
TCGA-B6-A2IU,tcga_mc3_wes,HRD_Score,MuAt-compatible reimplementation,muat_compatible_qkv_attention,10.0,18.02256639087919,-0.423828125,3,,,,,
TCGA-B6-A401,tcga_mc3_wes,HRD_Score,MuAt-compatible reimplementation,muat_compatible_qkv_attention,27.0,17.320452872102813,-0.433837890625,4,,,,,
TCGA-B6-A409,tcga_mc3_wes,HRD_Score,MuAt-compatible reimplementation,muat_compatible_qkv_attention,51.0,21.442823057432314,-0.2301025390625,4,,,,,
TCGA-B6-A40C,tcga_mc3_wes,HRD_Score,MuAt-compatible reimplementation,muat_compatible_qkv_attention,12.0,21.288865551398338,-0.2314453125,1,,,,,
TCGA-BH-A0AU,tcga_mc3_wes,HRD_Score,MuAt-compatible reimplementation,muat_compatible_qkv_attention,32.0,14.099629814939254,-0.57421875,2,,,,,
TCGA-BH-A0AV,tcga_mc3_wes,HRD_Score,MuAt-compatible reimplementation,muat_compatible_qkv_attention,68.0,39.77242709897231,0.67578125,4,,,,,
TCGA-BH-A0AW,tcga_mc3_wes,HRD_Score,MuAt-compatible reimplementation,muat_compatible_qkv_attention,41.0,26.133458669232425,0.0017175674438476562,4,,,,,
TCGA-BH-A0AY,tcga_mc3_wes,HRD_Score,MuAt-compatible reimplementation,muat_compatible_qkv_attention,17.0,28.89065294702783,0.1680908203125,2,,,,,
TCGA-BH-A0AZ,tcga_mc3_wes,HRD_Score,MuAt-compatible reimplementation,muat_compatible_qkv_attention,42.0,26.187764082257466,0.034515380859375,5,,,,,
TCGA-BH-A0B3,tcga_mc3_wes,HRD_Score,MuAt-compatible reimplementation,muat_compatible_qkv_attention,37.0,34.1617581039571,0.439453125,5,,,,,
TCGA-BH-A0B5,tcga_mc3_wes,HRD_Score,MuAt-compatible reimplementation,muat_compatible_qkv_attention,10.0,22.566656750856474,-0.174560546875,4,,,,,
TCGA-BH-A0B7,tcga_mc3_wes,HRD_Score,MuAt-compatible reimplementation,muat_compatible_qkv_attention,27.0,27.233814369432142,0.06365966796875,1,,,,,
TCGA-BH-A0B9,tcga_mc3_wes,HRD_Score,MuAt-compatible reimplementation,muat_compatible_qkv_attention,37.0,35.440109959926204,0.461669921875,4,,,,,
TCGA-BH-A0BA,tcga_mc3_wes,HRD_Score,MuAt-compatible reimplementation,muat_compatible_qkv_attention,23.0,23.882019027558275,-0.10272216796875,1,,,,,
TCGA-BH-A0BC,tcga_mc3_wes,HRD_Score,MuAt-compatible reimplementation,muat_compatible_qkv_attention,14.0,13.866125749706478,-0.5859375,2,,,,,
TCGA-BH-A0BF,tcga_mc3_wes,HRD_Score,MuAt-compatible reimplementation,muat_compatible_qkv_attention,26.0,19.854361188694092,-0.287109375,5,,,,,
TCGA-BH-A0BJ,tcga_mc3_wes,HRD_Score,MuAt-compatible reimplementation,muat_compatible_qkv_attention,7.0,32.29337561833855,0.30615234375,4,,,,,
TCGA-BH-A0BL,tcga_mc3_wes,HRD_Score,MuAt-compatible reimplementation,muat_compatible_qkv_attention,41.0,23.599218980371557,-0.11676025390625,1,,,,,
TCGA-BH-A0BM,tcga_mc3_wes,HRD_Score,MuAt-compatible reimplementation,muat_compatible_qkv_attention,8.0,25.577543063568676,-0.0257568359375,4,,,,,
TCGA-BH-A0BO,tcga_mc3_wes,HRD_Score,MuAt-compatible reimplementation,muat_compatible_qkv_attention,5.0,7.143154538212837,-0.92333984375,2,,,,,
TCGA-BH-A0BP,tcga_mc3_wes,HRD_Score,MuAt-compatible reimplementation,muat_compatible_qkv_attention,62.0,33.632922868513916,0.41259765625,5,,,,,
TCGA-BH-A0BR,tcga_mc3_wes,HRD_Score,MuAt-compatible reimplementation,muat_compatible_qkv_attention,37.0,42.149305651026324,0.83349609375,2,,,,,
TCGA-BH-A0BT,tcga_mc3_wes,HRD_Score,MuAt-compatible reimplementation,muat_compatible_qkv_attention,16.0,24.597583414362756,-0.04736328125,2,,,,,
TCGA-BH-A0BZ,tcga_mc3_wes,HRD_Score,MuAt-compatible reimplementation,muat_compatible_qkv_attention,22.0,53.0267532301305,1.3974609375,5,,,,,
TCGA-BH-A0C1,tcga_mc3_wes,HRD_Score,MuAt-compatible reimplementation,muat_compatible_qkv_attention,11.0,19.840674748345606,-0.333740234375,3,,,,,
TCGA-BH-A0C3,tcga_mc3_wes,HRD_Score,MuAt-compatible reimplementation,muat_compatible_qkv_attention,14.0,39.18185815535981,0.6845703125,2,,,,,
TCGA-BH-A0C7,tcga_mc3_wes,HRD_Score,MuAt-compatible reimplementation,muat_compatible_qkv_attention,39.0,29.155777354427546,0.181396484375,2,,,,,
TCGA-BH-A0DE,tcga_mc3_wes,HRD_Score,MuAt-compatible reimplementation,muat_compatible_qkv_attention,18.0,-0.7056007271929019,-1.3232421875,1,,,,,
TCGA-BH-A0DG,tcga_mc3_wes,HRD_Score,MuAt-compatible reimplementation,muat_compatible_qkv_attention,19.0,44.38502244859522,0.9150390625,1,,,,,
TCGA-BH-A0DH,tcga_mc3_wes,HRD_Score,MuAt-compatible reimplementation,muat_compatible_qkv_attention,26.0,23.927723210455063,-0.1312255859375,3,,,,,
TCGA-BH-A0DI,tcga_mc3_wes,HRD_Score,MuAt-compatible reimplementation,muat_compatible_qkv_attention,29.0,21.76634662341536,-0.189453125,2,,,,,
TCGA-BH-A0DK,tcga_mc3_wes,HRD_Score,MuAt-compatible reimplementation,muat_compatible_qkv_attention,16.0,31.031223931877573,0.2437744140625,4,,,,,
TCGA-BH-A0DL,tcga_mc3_wes,HRD_Score,MuAt-compatible reimplementation,muat_compatible_qkv_attention,18.0,20.00777387967531,-0.301025390625,4,,,,,
TCGA-BH-A0DO,tcga_mc3_wes,HRD_Score,MuAt-compatible reimplementation,muat_compatible_qkv_attention,4.0,15.322503030739371,-0.5576171875,3,,,,,
TCGA-BH-A0DQ,tcga_mc3_wes,HRD_Score,MuAt-compatible reimplementation,muat_compatible_qkv_attention,26.0,35.971177258409156,0.5234375,2,,,,,
TCGA-BH-A0DS,tcga_mc3_wes,HRD_Score,MuAt-compatible reimplementation,muat_compatible_qkv_attention,12.0,17.330332728748296,-0.433349609375,4,,,,,
TCGA-BH-A0DT,tcga_mc3_wes,HRD_Score,MuAt-compatible reimplementation,muat_compatible_qkv_attention,4.0,8.572344630389814,-0.89208984375,3,,,,,
TCGA-BH-A0DV,tcga_mc3_wes,HRD_Score,MuAt-compatible reimplementation,muat_compatible_qkv_attention,5.0,17.68106763966309,-0.416015625,4,,,,,
TCGA-BH-A0DX,tcga_mc3_wes,HRD_Score,MuAt-compatible reimplementation,muat_compatible_qkv_attention,27.0,17.10441796438951,-0.4267578125,5,,,,,
TCGA-BH-A0DZ,tcga_mc3_wes,HRD_Score,MuAt-compatible reimplementation,muat_compatible_qkv_attention,22.0,20.297216879659153,-0.26318359375,2,,,,,
TCGA-BH-A0E0,tcga_mc3_wes,HRD_Score,MuAt-compatible reimplementation,muat_compatible_qkv_attention,27.0,20.590685421759048,-0.272216796875,4,,,,,
TCGA-BH-A0E1,tcga_mc3_wes,HRD_Score,MuAt-compatible reimplementation,muat_compatible_qkv_attention,4.0,23.774982399936206,-0.1387939453125,3,,,,,
TCGA-BH-A0E2,tcga_mc3_wes,HRD_Score,MuAt-compatible reimplementation,muat_compatible_qkv_attention,28.0,22.623465926568027,-0.1717529296875,4,,,,,
TCGA-BH-A0E7,tcga_mc3_wes,HRD_Score,MuAt-compatible reimplementation,muat_compatible_qkv_attention,4.0,18.0707441673357,-0.377685546875,5,,,,,
TCGA-BH-A0E9,tcga_mc3_wes,HRD_Score,MuAt-compatible reimplementation,muat_compatible_qkv_attention,10.0,19.65724987366527,-0.297119140625,5,,,,,
TCGA-BH-A0EA,tcga_mc3_wes,HRD_Score,MuAt-compatible reimplementation,muat_compatible_qkv_attention,4.0,8.104603775756328,-0.8837890625,5,,,,,
TCGA-BH-A0EB,tcga_mc3_wes,HRD_Score,MuAt-compatible reimplementation,muat_compatible_qkv_attention,8.0,25.34111751791321,-0.01004791259765625,2,,,,,
TCGA-BH-A0EE,tcga_mc3_wes,HRD_Score,MuAt-compatible reimplementation,muat_compatible_qkv_attention,21.0,50.798435692620934,1.2333984375,1,,,,,
TCGA-BH-A0GY,tcga_mc3_wes,HRD_Score,MuAt-compatible reimplementation,muat_compatible_qkv_attention,22.0,23.43445721374973,-0.12493896484375,1,,,,,
TCGA-BH-A0H0,tcga_mc3_wes,HRD_Score,MuAt-compatible reimplementation,muat_compatible_qkv_attention,17.0,7.14394493037231,-0.93359375,1,,,,,
TCGA-BH-A0H6,tcga_mc3_wes,HRD_Score,MuAt-compatible reimplementation,muat_compatible_qkv_attention,9.0,49.04753453090839,1.146484375,1,,,,,
TCGA-BH-A0H7,tcga_mc3_wes,HRD_Score,MuAt-compatible reimplementation,muat_compatible_qkv_attention,39.0,17.31517537991559,-0.412841796875,2,,,,,
TCGA-BH-A0HA,tcga_mc3_wes,HRD_Score,MuAt-compatible reimplementation,muat_compatible_qkv_attention,7.0,34.144112584998716,0.375,3,,,,,
TCGA-BH-A0HB,tcga_mc3_wes,HRD_Score,MuAt-compatible reimplementation,muat_compatible_qkv_attention,27.0,15.932333013411869,-0.50244140625,4,,,,,
TCGA-BH-A0HI,tcga_mc3_wes,HRD_Score,MuAt-compatible reimplementation,muat_compatible_qkv_attention,7.0,12.868795816597709,-0.67919921875,3,,,,,
TCGA-BH-A0HK,tcga_mc3_wes,HRD_Score,MuAt-compatible reimplementation,muat_compatible_qkv_attention,10.0,12.017551899947012,-0.6787109375,2,,,,,
TCGA-BH-A0HO,tcga_mc3_wes,HRD_Score,MuAt-compatible reimplementation,muat_compatible_qkv_attention,3.0,20.99081961590128,-0.25244140625,4,,,,,
TCGA-BH-A0HP,tcga_mc3_wes,HRD_Score,MuAt-compatible reimplementation,muat_compatible_qkv_attention,12.0,25.457749801742146,-0.03167724609375,4,,,,,
TCGA-BH-A0HQ,tcga_mc3_wes,HRD_Score,MuAt-compatible reimplementation,muat_compatible_qkv_attention,4.0,4.0159304954027135,-1.0888671875,1,,,,,
TCGA-BH-A0HU,tcga_mc3_wes,HRD_Score,MuAt-compatible reimplementation,muat_compatible_qkv_attention,33.0,39.15267014720572,0.68310546875,2,,,,,
TCGA-BH-A0HW,tcga_mc3_wes,HRD_Score,MuAt-compatible reimplementation,muat_compatible_qkv_attention,21.0,19.912052305287894,-0.2841796875,5,,,,,
TCGA-BH-A0HX,tcga_mc3_wes,HRD_Score,MuAt-compatible reimplementation,muat_compatible_qkv_attention,44.0,35.825185299078406,0.52392578125,5,,,,,
TCGA-BH-A0HY,tcga_mc3_wes,HRD_Score,MuAt-compatible reimplementation,muat_compatible_qkv_attention,49.0,22.413518972851424,-0.18212890625,4,,,,,
TCGA-BH-A0W3,tcga_mc3_wes,HRD_Score,MuAt-compatible reimplementation,muat_compatible_qkv_attention,6.0,14.672122805304232,-0.58984375,3,,,,,
TCGA-BH-A0W4,tcga_mc3_wes,HRD_Score,MuAt-compatible reimplementation,muat_compatible_qkv_attention,4.0,30.111262475008854,0.1751708984375,3,,,,,
TCGA-BH-A0WA,tcga_mc3_wes,HRD_Score,MuAt-compatible reimplementation,muat_compatible_qkv_attention,63.0,38.122491039175955,0.59423828125,4,,,,,
TCGA-BH-A18F,tcga_mc3_wes,HRD_Score,MuAt-compatible reimplementation,muat_compatible_qkv_attention,7.0,17.962643554059476,-0.402099609375,4,,,,,
TCGA-BH-A18G,tcga_mc3_wes,HRD_Score,MuAt-compatible reimplementation,muat_compatible_qkv_attention,6.0,36.61416897807327,0.529296875,1,,,,,
TCGA-BH-A18H,tcga_mc3_wes,HRD_Score,MuAt-compatible reimplementation,muat_compatible_qkv_attention,30.0,22.119035055277365,-0.1717529296875,2,,,,,
TCGA-BH-A18I,tcga_mc3_wes,HRD_Score,MuAt-compatible reimplementation,muat_compatible_qkv_attention,12.0,10.6237825336857,-0.755859375,5,,,,,
TCGA-BH-A18J,tcga_mc3_wes,HRD_Score,MuAt-compatible reimplementation,muat_compatible_qkv_attention,25.0,18.700538856818042,-0.345703125,5,,,,,
TCGA-BH-A18K,tcga_mc3_wes,HRD_Score,MuAt-compatible reimplementation,muat_compatible_qkv_attention,30.0,27.187142487418857,0.08526611328125,5,,,,,
TCGA-BH-A18L,tcga_mc3_wes,HRD_Score,MuAt-compatible reimplementation,muat_compatible_qkv_attention,26.0,29.618550183012538,0.1507568359375,3,,,,,
TCGA-BH-A18M,tcga_mc3_wes,HRD_Score,MuAt-compatible reimplementation,muat_compatible_qkv_attention,10.0,12.247978328682347,-0.7099609375,3,,,,,
TCGA-BH-A18N,tcga_mc3_wes,HRD_Score,MuAt-compatible reimplementation,muat_compatible_qkv_attention,4.0,27.929881011955477,0.119873046875,2,,,,,
TCGA-BH-A18P,tcga_mc3_wes,HRD_Score,MuAt-compatible reimplementation,muat_compatible_qkv_attention,8.0,21.503365604666946,-0.203369140625,5,,,,,
TCGA-BH-A18Q,tcga_mc3_wes,HRD_Score,MuAt-compatible reimplementation,muat_compatible_qkv_attention,62.0,56.03146613099774,1.4931640625,1,,,,,
TCGA-BH-A18R,tcga_mc3_wes,HRD_Score,MuAt-compatible reimplementation,muat_compatible_qkv_attention,27.0,32.77995503356124,0.36328125,2,,,,,
TCGA-BH-A18S,tcga_mc3_wes,HRD_Score,MuAt-compatible reimplementation,muat_compatible_qkv_attention,10.0,26.29043029897993,0.0168304443359375,1,,,,,
TCGA-BH-A18T,tcga_mc3_wes,HRD_Score,MuAt-compatible reimplementation,muat_compatible_qkv_attention,53.0,34.26934694743598,0.40380859375,4,,,,,
TCGA-BH-A18U,tcga_mc3_wes,HRD_Score,MuAt-compatible reimplementation,muat_compatible_qkv_attention,54.0,20.248570199402323,-0.265625,2,,,,,
TCGA-BH-A1EO,tcga_mc3_wes,HRD_Score,MuAt-compatible reimplementation,muat_compatible_qkv_attention,21.0,19.287133043485404,-0.330810546875,1,,,,,
TCGA-BH-A1ET,tcga_mc3_wes,HRD_Score,MuAt-compatible reimplementation,muat_compatible_qkv_attention,3.0,15.391482751618856,-0.55419921875,3,,,,,
TCGA-BH-A1EU,tcga_mc3_wes,HRD_Score,MuAt-compatible reimplementation,muat_compatible_qkv_attention,17.0,15.335223722179567,-0.5166015625,5,,,,,
TCGA-BH-A1EV,tcga_mc3_wes,HRD_Score,MuAt-compatible reimplementation,muat_compatible_qkv_attention,26.0,22.39375925956045,-0.18310546875,4,,,,,
TCGA-BH-A1EW,tcga_mc3_wes,HRD_Score,MuAt-compatible reimplementation,muat_compatible_qkv_attention,26.0,16.64769662468857,-0.449951171875,5,,,,,
TCGA-BH-A1EX,tcga_mc3_wes,HRD_Score,MuAt-compatible reimplementation,muat_compatible_qkv_attention,2.0,16.926367432187597,-0.447998046875,1,,,,,
TCGA-BH-A1EY,tcga_mc3_wes,HRD_Score,MuAt-compatible reimplementation,muat_compatible_qkv_attention,35.0,28.420027532731492,0.09136962890625,3,,,,,
TCGA-BH-A1F0,tcga_mc3_wes,HRD_Score,MuAt-compatible reimplementation,muat_compatible_qkv_attention,42.0,35.82426150070616,0.458251953125,3,,,,,
TCGA-BH-A1F2,tcga_mc3_wes,HRD_Score,MuAt-compatible reimplementation,muat_compatible_qkv_attention,39.0,24.10503577676237,-0.07208251953125,2,,,,,
TCGA-BH-A1FC,tcga_mc3_wes,HRD_Score,MuAt-compatible reimplementation,muat_compatible_qkv_attention,40.0,42.53575605307861,0.8232421875,1,,,,,
TCGA-BH-A1FE,tcga_mc3_wes,HRD_Score,MuAt-compatible reimplementation,muat_compatible_qkv_attention,26.0,18.352897891556214,-0.3828125,4,,,,,
TCGA-BH-A1FG,tcga_mc3_wes,HRD_Score,MuAt-compatible reimplementation,muat_compatible_qkv_attention,8.0,19.287065208855033,-0.31591796875,5,,,,,
TCGA-BH-A1FJ,tcga_mc3_wes,HRD_Score,MuAt-compatible reimplementation,muat_compatible_qkv_attention,4.0,22.25281342598364,-0.1650390625,2,,,,,
TCGA-BH-A1FL,tcga_mc3_wes,HRD_Score,MuAt-compatible reimplementation,muat_compatible_qkv_attention,10.0,18.97889184469911,-0.329345703125,2,,,,,
TCGA-BH-A1FM,tcga_mc3_wes,HRD_Score,MuAt-compatible reimplementation,muat_compatible_qkv_attention,33.0,14.080171142836523,-0.5751953125,2,,,,,
TCGA-BH-A1FN,tcga_mc3_wes,HRD_Score,MuAt-compatible reimplementation,muat_compatible_qkv_attention,64.0,39.22077549956528,0.6865234375,2,,,,,
TCGA-BH-A1FU,tcga_mc3_wes,HRD_Score,MuAt-compatible reimplementation,muat_compatible_qkv_attention,20.0,37.71741691671099,0.57421875,4,,,,,
TCGA-BH-A201,tcga_mc3_wes,HRD_Score,MuAt-compatible reimplementation,muat_compatible_qkv_attention,10.0,10.153921084777012,-0.7841796875,1,,,,,
TCGA-BH-A202,tcga_mc3_wes,HRD_Score,MuAt-compatible reimplementation,muat_compatible_qkv_attention,13.0,12.622888453259304,-0.66162109375,1,,,,,
TCGA-BH-A203,tcga_mc3_wes,HRD_Score,MuAt-compatible reimplementation,muat_compatible_qkv_attention,49.0,27.158196095945257,0.059906005859375,1,,,,,
TCGA-BH-A204,tcga_mc3_wes,HRD_Score,MuAt-compatible reimplementation,muat_compatible_qkv_attention,28.0,37.59782131611403,0.578125,1,,,,,
TCGA-BH-A208,tcga_mc3_wes,HRD_Score,MuAt-compatible reimplementation,muat_compatible_qkv_attention,26.0,25.565810733802163,-0.026336669921875,4,,,,,
TCGA-BH-A209,tcga_mc3_wes,HRD_Score,MuAt-compatible reimplementation,muat_compatible_qkv_attention,29.0,36.883592928498246,0.5107421875,3,,,,,
TCGA-BH-A28Q,tcga_mc3_wes,HRD_Score,MuAt-compatible reimplementation,muat_compatible_qkv_attention,11.0,12.075927916255205,-0.67578125,2,,,,,
TCGA-BH-A2L8,tcga_mc3_wes,HRD_Score,MuAt-compatible reimplementation,muat_compatible_qkv_attention,3.0,32.33585847337223,0.285400390625,3,,,,,
TCGA-BH-A42V,tcga_mc3_wes,HRD_Score,MuAt-compatible reimplementation,muat_compatible_qkv_attention,11.0,10.094901944494568,-0.787109375,1,,,,,
TCGA-BH-A5IZ,tcga_mc3_wes,HRD_Score,MuAt-compatible reimplementation,muat_compatible_qkv_attention,55.0,39.18948645504101,0.625,3,,,,,
TCGA-BH-A6R8,tcga_mc3_wes,HRD_Score,MuAt-compatible reimplementation,muat_compatible_qkv_attention,13.0,20.254770295812488,-0.288818359375,4,,,,,
TCGA-BH-A6R9,tcga_mc3_wes,HRD_Score,MuAt-compatible reimplementation,muat_compatible_qkv_attention,0.0,28.824979928681113,0.164794921875,2,,,,,
TCGA-BH-A8FY,tcga_mc3_wes,HRD_Score,MuAt-compatible reimplementation,muat_compatible_qkv_attention,8.0,63.13343601165198,1.845703125,1,,,,,
TCGA-BH-A8FZ,tcga_mc3_wes,HRD_Score,MuAt-compatible reimplementation,muat_compatible_qkv_attention,43.0,44.51353431150817,0.9521484375,2,,,,,
TCGA-BH-A8G0,tcga_mc3_wes,HRD_Score,MuAt-compatible reimplementation,muat_compatible_qkv_attention,3.0,15.300022188100693,-0.53369140625,4,,,,,
TCGA-BH-AB28,tcga_mc3_wes,HRD_Score,MuAt-compatible reimplementation,muat_compatible_qkv_attention,13.0,15.259076719208522,-0.53076171875,1,,,,,
TCGA-C8-A12L,tcga_mc3_wes,HRD_Score,MuAt-compatible reimplementation,muat_compatible_qkv_attention,76.0,36.67132167578751,0.56689453125,5,,,,,
TCGA-C8-A12M,tcga_mc3_wes,HRD_Score,MuAt-compatible reimplementation,muat_compatible_qkv_attention,25.0,35.3501757236909,0.466552734375,1,,,,,
TCGA-C8-A12N,tcga_mc3_wes,HRD_Score,MuAt-compatible reimplementation,muat_compatible_qkv_attention,8.0,21.14889732222907,-0.24462890625,4,,,,,
TCGA-C8-A12O,tcga_mc3_wes,HRD_Score,MuAt-compatible reimplementation,muat_compatible_qkv_attention,28.0,38.23811255837735,0.63720703125,2,,,,,
TCGA-C8-A12P,tcga_mc3_wes,HRD_Score,MuAt-compatible reimplementation,muat_compatible_qkv_attention,51.0,26.476918763828177,0.0186920166015625,4,,,,,
TCGA-C8-A12Q,tcga_mc3_wes,HRD_Score,MuAt-compatible reimplementation,muat_compatible_qkv_attention,41.0,21.507728196612405,-0.2205810546875,1,,,,,
TCGA-C8-A12U,tcga_mc3_wes,HRD_Score,MuAt-compatible reimplementation,muat_compatible_qkv_attention,44.0,14.86407960333018,-0.54052734375,5,,,,,
TCGA-C8-A12W,tcga_mc3_wes,HRD_Score,MuAt-compatible reimplementation,muat_compatible_qkv_attention,28.0,22.314720406396553,-0.18701171875,4,,,,,
TCGA-C8-A12Y,tcga_mc3_wes,HRD_Score,MuAt-compatible reimplementation,muat_compatible_qkv_attention,17.0,20.28704456314761,-0.26513671875,5,,,,,
TCGA-C8-A12Z,tcga_mc3_wes,HRD_Score,MuAt-compatible reimplementation,muat_compatible_qkv_attention,29.0,28.05270494085107,0.10430908203125,1,,,,,
TCGA-C8-A130,tcga_mc3_wes,HRD_Score,MuAt-compatible reimplementation,muat_compatible_qkv_attention,53.0,18.013053050741895,-0.380615234375,5,,,,,
TCGA-C8-A131,tcga_mc3_wes,HRD_Score,MuAt-compatible reimplementation,muat_compatible_qkv_attention,15.0,16.88807627716275,-0.437744140625,5,,,,,
TCGA-C8-A132,tcga_mc3_wes,HRD_Score,MuAt-compatible reimplementation,muat_compatible_qkv_attention,36.0,35.17388127527102,0.426025390625,3,,,,,
TCGA-C8-A133,tcga_mc3_wes,HRD_Score,MuAt-compatible reimplementation,muat_compatible_qkv_attention,0.0,13.009944177186306,-0.62890625,2,,,,,
TCGA-C8-A135,tcga_mc3_wes,HRD_Score,MuAt-compatible reimplementation,muat_compatible_qkv_attention,29.0,32.24675259717233,0.3125,1,,,,,
TCGA-C8-A137,tcga_mc3_wes,HRD_Score,MuAt-compatible reimplementation,muat_compatible_qkv_attention,34.0,21.344024490977443,-0.2349853515625,4,,,,,
TCGA-C8-A138,tcga_mc3_wes,HRD_Score,MuAt-compatible reimplementation,muat_compatible_qkv_attention,33.0,27.399632197156052,0.09326171875,2,,,,,
TCGA-C8-A1HE,tcga_mc3_wes,HRD_Score,MuAt-compatible reimplementation,muat_compatible_qkv_attention,16.0,18.83207093886234,-0.359130859375,4,,,,,
TCGA-C8-A1HF,tcga_mc3_wes,HRD_Score,MuAt-compatible reimplementation,muat_compatible_qkv_attention,26.0,20.012713807998054,-0.30078125,4,,,,,
TCGA-C8-A1HG,tcga_mc3_wes,HRD_Score,MuAt-compatible reimplementation,muat_compatible_qkv_attention,39.0,35.69445404200517,0.483642578125,1,,,,,
TCGA-C8-A1HJ,tcga_mc3_wes,HRD_Score,MuAt-compatible reimplementation,muat_compatible_qkv_attention,72.0,40.58878936431056,0.6943359375,3,,,,,
TCGA-C8-A1HK,tcga_mc3_wes,HRD_Score,MuAt-compatible reimplementation,muat_compatible_qkv_attention,22.0,30.369273536629933,0.2110595703125,4,,,,,
TCGA-C8-A1HL,tcga_mc3_wes,HRD_Score,MuAt-compatible reimplementation,muat_compatible_qkv_attention,17.0,19.92379509818867,-0.30517578125,4,,,,,
TCGA-C8-A1HM,tcga_mc3_wes,HRD_Score,MuAt-compatible reimplementation,muat_compatible_qkv_attention,60.0,34.61847944365804,0.462646484375,5,,,,,
TCGA-C8-A26V,tcga_mc3_wes,HRD_Score,MuAt-compatible reimplementation,muat_compatible_qkv_attention,28.0,9.205773781102348,-0.81982421875,2,,,,,
TCGA-C8-A26W,tcga_mc3_wes,HRD_Score,MuAt-compatible reimplementation,muat_compatible_qkv_attention,32.0,14.245914811026546,-0.5810546875,1,,,,,
TCGA-C8-A26X,tcga_mc3_wes,HRD_Score,MuAt-compatible reimplementation,muat_compatible_qkv_attention,31.0,23.23912486819083,-0.11553955078125,2,,,,,
TCGA-C8-A26Y,tcga_mc3_wes,HRD_Score,MuAt-compatible reimplementation,muat_compatible_qkv_attention,42.0,29.998778912424168,0.1927490234375,4,,,,,
TCGA-C8-A26Z,tcga_mc3_wes,HRD_Score,MuAt-compatible reimplementation,muat_compatible_qkv_attention,22.0,28.207630184092487,0.11199951171875,1,,,,,
TCGA-C8-A273,tcga_mc3_wes,HRD_Score,MuAt-compatible reimplementation,muat_compatible_qkv_attention,17.0,15.008307394814686,-0.533203125,5,,,,,
TCGA-C8-A275,tcga_mc3_wes,HRD_Score,MuAt-compatible reimplementation,muat_compatible_qkv_attention,17.0,28.654065871429744,0.10296630859375,3,,,,,
TCGA-C8-A278,tcga_mc3_wes,HRD_Score,MuAt-compatible reimplementation,muat_compatible_qkv_attention,29.0,25.13802010669406,-0.040374755859375,1,,,,,
TCGA-C8-A27A,tcga_mc3_wes,HRD_Score,MuAt-compatible reimplementation,muat_compatible_qkv_attention,42.0,18.98026878854465,-0.351806640625,4,,,,,
TCGA-C8-A27B,tcga_mc3_wes,HRD_Score,MuAt-compatible reimplementation,muat_compatible_qkv_attention,67.0,48.51160301961134,1.0869140625,3,,,,,
TCGA-C8-A8HP,tcga_mc3_wes,HRD_Score,MuAt-compatible reimplementation,muat_compatible_qkv_attention,32.0,36.16423298218362,0.47509765625,3,,,,,
TCGA-C8-A8HQ,tcga_mc3_wes,HRD_Score,MuAt-compatible reimplementation,muat_compatible_qkv_attention,23.0,18.94483916851933,-0.3310546875,2,,,,,
TCGA-C8-A8HR,tcga_mc3_wes,HRD_Score,MuAt-compatible reimplementation,muat_compatible_qkv_attention,35.0,28.078381776957606,0.09783935546875,4,,,,,
TCGA-D8-A13Y,tcga_mc3_wes,HRD_Score,MuAt-compatible reimplementation,muat_compatible_qkv_attention,58.0,32.153554925333594,0.2763671875,3,,,,,
TCGA-D8-A13Z,tcga_mc3_wes,HRD_Score,MuAt-compatible reimplementation,muat_compatible_qkv_attention,37.0,31.58202593986348,0.27099609375,4,,,,,
TCGA-D8-A140,tcga_mc3_wes,HRD_Score,MuAt-compatible reimplementation,muat_compatible_qkv_attention,20.0,21.82066674593286,-0.187255859375,5,,,,,
TCGA-D8-A141,tcga_mc3_wes,HRD_Score,MuAt-compatible reimplementation,muat_compatible_qkv_attention,4.0,24.453693582161133,-0.10516357421875,3,,,,,
TCGA-D8-A143,tcga_mc3_wes,HRD_Score,MuAt-compatible reimplementation,muat_compatible_qkv_attention,34.0,32.02052260649459,0.269775390625,3,,,,,
TCGA-D8-A145,tcga_mc3_wes,HRD_Score,MuAt-compatible reimplementation,muat_compatible_qkv_attention,6.0,24.748089176628934,-0.090576171875,3,,,,,
TCGA-D8-A147,tcga_mc3_wes,HRD_Score,MuAt-compatible reimplementation,muat_compatible_qkv_attention,69.0,54.028824969743745,1.4296875,2,,,,,
TCGA-D8-A1J8,tcga_mc3_wes,HRD_Score,MuAt-compatible reimplementation,muat_compatible_qkv_attention,7.0,34.40525009975676,0.387939453125,3,,,,,
TCGA-D8-A1J9,tcga_mc3_wes,HRD_Score,MuAt-compatible reimplementation,muat_compatible_qkv_attention,31.0,21.36744384530937,-0.20947265625,2,,,,,
TCGA-D8-A1JA,tcga_mc3_wes,HRD_Score,MuAt-compatible reimplementation,muat_compatible_qkv_attention,28.0,44.873075418206426,0.9833984375,5,,,,,
TCGA-D8-A1JB,tcga_mc3_wes,HRD_Score,MuAt-compatible reimplementation,muat_compatible_qkv_attention,41.0,23.51512298882324,-0.127685546875,4,,,,,
TCGA-D8-A1JC,tcga_mc3_wes,HRD_Score,MuAt-compatible reimplementation,muat_compatible_qkv_attention,33.0,25.41515168442907,-0.0063323974609375,2,,,,,
TCGA-D8-A1JD,tcga_mc3_wes,HRD_Score,MuAt-compatible reimplementation,muat_compatible_qkv_attention,40.0,64.88433717336451,1.9326171875,1,,,,,
TCGA-D8-A1JF,tcga_mc3_wes,HRD_Score,MuAt-compatible reimplementation,muat_compatible_qkv_attention,23.0,23.835048233666463,-0.0849609375,5,,,,,
TCGA-D8-A1JG,tcga_mc3_wes,HRD_Score,MuAt-compatible reimplementation,muat_compatible_qkv_attention,27.0,27.10540954864882,0.0262298583984375,3,,,,,
TCGA-D8-A1JH,tcga_mc3_wes,HRD_Score,MuAt-compatible reimplementation,muat_compatible_qkv_attention,0.0,25.313476531694707,-0.06256103515625,3,,,,,
TCGA-D8-A1JI,tcga_mc3_wes,HRD_Score,MuAt-compatible reimplementation,muat_compatible_qkv_attention,17.0,38.87656935556701,0.6416015625,1,,,,,
TCGA-D8-A1JJ,tcga_mc3_wes,HRD_Score,MuAt-compatible reimplementation,muat_compatible_qkv_attention,25.0,19.810176746765567,-0.310791015625,4,,,,,
TCGA-D8-A1JK,tcga_mc3_wes,HRD_Score,MuAt-compatible reimplementation,muat_compatible_qkv_attention,53.0,41.7389976592656,0.78369140625,1,,,,,
TCGA-D8-A1JL,tcga_mc3_wes,HRD_Score,MuAt-compatible reimplementation,muat_compatible_qkv_attention,51.0,47.41287645481513,1.09765625,2,,,,,
TCGA-D8-A1JM,tcga_mc3_wes,HRD_Score,MuAt-compatible reimplementation,muat_compatible_qkv_attention,42.0,24.986166294452175,-0.0265045166015625,5,,,,,
TCGA-D8-A1JN,tcga_mc3_wes,HRD_Score,MuAt-compatible reimplementation,muat_compatible_qkv_attention,6.0,21.78094062749241,-0.188720703125,2,,,,,
TCGA-D8-A1JP,tcga_mc3_wes,HRD_Score,MuAt-compatible reimplementation,muat_compatible_qkv_attention,69.0,39.7807412054366,0.654296875,3,,,,,
TCGA-D8-A1JS,tcga_mc3_wes,HRD_Score,MuAt-compatible reimplementation,muat_compatible_qkv_attention,6.0,25.13117298365607,-0.07159423828125,3,,,,,
TCGA-D8-A1JT,tcga_mc3_wes,HRD_Score,MuAt-compatible reimplementation,muat_compatible_qkv_attention,13.0,32.43440093177149,0.290283203125,3,,,,,
TCGA-D8-A1JU,tcga_mc3_wes,HRD_Score,MuAt-compatible reimplementation,muat_compatible_qkv_attention,6.0,6.868522275720899,-0.947265625,1,,,,,
TCGA-D8-A1X5,tcga_mc3_wes,HRD_Score,MuAt-compatible reimplementation,muat_compatible_qkv_attention,37.0,35.792819275809244,0.488525390625,1,,,,,
TCGA-D8-A1X7,tcga_mc3_wes,HRD_Score,MuAt-compatible reimplementation,muat_compatible_qkv_attention,4.0,33.75775330672349,0.412353515625,2,,,,,
TCGA-D8-A1X8,tcga_mc3_wes,HRD_Score,MuAt-compatible reimplementation,muat_compatible_qkv_attention,15.0,10.869490245885869,-0.736328125,2,,,,,
TCGA-D8-A1X9,tcga_mc3_wes,HRD_Score,MuAt-compatible reimplementation,muat_compatible_qkv_attention,55.0,35.306731895212124,0.455078125,4,,,,,
TCGA-D8-A1XA,tcga_mc3_wes,HRD_Score,MuAt-compatible reimplementation,muat_compatible_qkv_attention,12.0,11.40315955408877,-0.72216796875,1,,,,,
TCGA-D8-A1XB,tcga_mc3_wes,HRD_Score,MuAt-compatible reimplementation,muat_compatible_qkv_attention,8.0,24.08785470535387,-0.123291015625,3,,,,,
TCGA-D8-A1XC,tcga_mc3_wes,HRD_Score,MuAt-compatible reimplementation,muat_compatible_qkv_attention,3.0,23.869723373332764,-0.10333251953125,1,,,,,
TCGA-D8-A1XF,tcga_mc3_wes,HRD_Score,MuAt-compatible reimplementation,muat_compatible_qkv_attention,27.0,26.072561406551536,-0.0249481201171875,3,,,,,
TCGA-D8-A1XG,tcga_mc3_wes,HRD_Score,MuAt-compatible reimplementation,muat_compatible_qkv_attention,8.0,25.07058291944712,-0.050811767578125,4,,,,,
TCGA-D8-A1XJ,tcga_mc3_wes,HRD_Score,MuAt-compatible reimplementation,muat_compatible_qkv_attention,40.0,21.860247000704145,-0.20947265625,4,,,,,
TCGA-D8-A1XK,tcga_mc3_wes,HRD_Score,MuAt-compatible reimplementation,muat_compatible_qkv_attention,72.0,40.10394311311875,0.7412109375,5,,,,,
TCGA-D8-A1XL,tcga_mc3_wes,HRD_Score,MuAt-compatible reimplementation,muat_compatible_qkv_attention,47.0,65.06139459421186,1.94140625,1,,,,,
TCGA-D8-A1XM,tcga_mc3_wes,HRD_Score,MuAt-compatible reimplementation,muat_compatible_qkv_attention,16.0,11.73540115445741,-0.69287109375,2,,,,,
TCGA-D8-A1XO,tcga_mc3_wes,HRD_Score,MuAt-compatible reimplementation,muat_compatible_qkv_attention,12.0,18.181318807473822,-0.3720703125,5,,,,,
TCGA-D8-A1XQ,tcga_mc3_wes,HRD_Score,MuAt-compatible reimplementation,muat_compatible_qkv_attention,72.0,43.706302335347104,0.88134765625,1,,,,,
TCGA-D8-A1XR,tcga_mc3_wes,HRD_Score,MuAt-compatible reimplementation,muat_compatible_qkv_attention,13.0,18.682186855590345,-0.36083984375,1,,,,,
TCGA-D8-A1XT,tcga_mc3_wes,HRD_Score,MuAt-compatible reimplementation,muat_compatible_qkv_attention,36.0,20.057173162902743,-0.298583984375,4,,,,,
TCGA-D8-A1XV,tcga_mc3_wes,HRD_Score,MuAt-compatible reimplementation,muat_compatible_qkv_attention,2.0,27.945540290974886,0.123779296875,5,,,,,
TCGA-D8-A1XW,tcga_mc3_wes,HRD_Score,MuAt-compatible reimplementation,muat_compatible_qkv_attention,50.0,47.926170865541934,1.0908203125,1,,,,,
TCGA-D8-A1XY,tcga_mc3_wes,HRD_Score,MuAt-compatible reimplementation,muat_compatible_qkv_attention,25.0,20.87854470872825,-0.2340087890625,2,,,,,
TCGA-D8-A1XZ,tcga_mc3_wes,HRD_Score,MuAt-compatible reimplementation,muat_compatible_qkv_attention,26.0,23.999708295611274,-0.07659912109375,5,,,,,
TCGA-D8-A1Y0,tcga_mc3_wes,HRD_Score,MuAt-compatible reimplementation,muat_compatible_qkv_attention,44.0,27.25958865746286,0.057373046875,4,,,,,
TCGA-D8-A1Y1,tcga_mc3_wes,HRD_Score,MuAt-compatible reimplementation,muat_compatible_qkv_attention,10.0,16.906543265758234,-0.433349609375,2,,,,,
TCGA-D8-A1Y2,tcga_mc3_wes,HRD_Score,MuAt-compatible reimplementation,muat_compatible_qkv_attention,12.0,8.393059358725338,-0.869140625,5,,,,,
TCGA-D8-A1Y3,tcga_mc3_wes,HRD_Score,MuAt-compatible reimplementation,muat_compatible_qkv_attention,35.0,20.058848146400695,-0.275146484375,2,,,,,
TCGA-D8-A27E,tcga_mc3_wes,HRD_Score,MuAt-compatible reimplementation,muat_compatible_qkv_attention,0.0,35.04202566550374,0.476806640625,2,,,,,
TCGA-D8-A27F,tcga_mc3_wes,HRD_Score,MuAt-compatible reimplementation,muat_compatible_qkv_attention,77.0,67.77627504720434,2.076171875,1,,,,,
TCGA-D8-A27H,tcga_mc3_wes,HRD_Score,MuAt-compatible reimplementation,muat_compatible_qkv_attention,75.0,70.17952281501067,2.240234375,2,,,,,
TCGA-D8-A27K,tcga_mc3_wes,HRD_Score,MuAt-compatible reimplementation,muat_compatible_qkv_attention,4.0,29.81467219136657,0.1917724609375,1,,,,,
TCGA-D8-A27L,tcga_mc3_wes,HRD_Score,MuAt-compatible reimplementation,muat_compatible_qkv_attention,9.0,16.816580183182964,-0.458740234375,4,,,,,
TCGA-D8-A27M,tcga_mc3_wes,HRD_Score,MuAt-compatible reimplementation,muat_compatible_qkv_attention,48.0,28.451346365324746,0.11627197265625,4,,,,,
TCGA-D8-A27N,tcga_mc3_wes,HRD_Score,MuAt-compatible reimplementation,muat_compatible_qkv_attention,22.0,34.05175463747711,0.402099609375,1,,,,,
TCGA-D8-A27P,tcga_mc3_wes,HRD_Score,MuAt-compatible reimplementation,muat_compatible_qkv_attention,4.0,9.475200971528892,-0.81787109375,1,,,,,
TCGA-D8-A27R,tcga_mc3_wes,HRD_Score,MuAt-compatible reimplementation,muat_compatible_qkv_attention,37.0,17.028159966400302,-0.42724609375,2,,,,,
TCGA-D8-A27T,tcga_mc3_wes,HRD_Score,MuAt-compatible reimplementation,muat_compatible_qkv_attention,10.0,10.188436722290277,-0.7705078125,2,,,,,
TCGA-D8-A27V,tcga_mc3_wes,HRD_Score,MuAt-compatible reimplementation,muat_compatible_qkv_attention,18.0,22.01201235871234,-0.1771240234375,2,,,,,
TCGA-D8-A27W,tcga_mc3_wes,HRD_Score,MuAt-compatible reimplementation,muat_compatible_qkv_attention,21.0,20.924641790737507,-0.280029296875,3,,,,,
TCGA-D8-A3Z6,tcga_mc3_wes,HRD_Score,MuAt-compatible reimplementation,muat_compatible_qkv_attention,11.0,13.825639504641737,-0.59326171875,5,,,,,
TCGA-D8-A4Z1,tcga_mc3_wes,HRD_Score,MuAt-compatible reimplementation,muat_compatible_qkv_attention,6.0,7.321002351219644,-0.9248046875,1,,,,,
TCGA-D8-A73U,tcga_mc3_wes,HRD_Score,MuAt-compatible reimplementation,muat_compatible_qkv_attention,13.0,23.033479977355743,-0.1514892578125,4,,,,,
TCGA-D8-A73W,tcga_mc3_wes,HRD_Score,MuAt-compatible reimplementation,muat_compatible_qkv_attention,15.0,15.315993349981634,-0.517578125,5,,,,,
TCGA-D8-A73X,tcga_mc3_wes,HRD_Score,MuAt-compatible reimplementation,muat_compatible_qkv_attention,4.0,13.594875038266526,-0.60498046875,5,,,,,
TCGA-E2-A10A,tcga_mc3_wes,HRD_Score,MuAt-compatible reimplementation,muat_compatible_qkv_attention,18.0,16.100099468233367,-0.489013671875,1,,,,,
TCGA-E2-A10C,tcga_mc3_wes,HRD_Score,MuAt-compatible reimplementation,muat_compatible_qkv_attention,22.0,26.76436084310782,0.03289794921875,4,,,,,
TCGA-E2-A14O,tcga_mc3_wes,HRD_Score,MuAt-compatible reimplementation,muat_compatible_qkv_attention,10.0,13.662181340959297,-0.6015625,5,,,,,
TCGA-E2-A14Q,tcga_mc3_wes,HRD_Score,MuAt-compatible reimplementation,muat_compatible_qkv_attention,18.0,20.54622606685436,-0.2744140625,4,,,,,
TCGA-E2-A14R,tcga_mc3_wes,HRD_Score,MuAt-compatible reimplementation,muat_compatible_qkv_attention,85.0,46.546117799426696,1.068359375,5,,,,,
TCGA-E2-A14T,tcga_mc3_wes,HRD_Score,MuAt-compatible reimplementation,muat_compatible_qkv_attention,30.0,24.534918266932824,-0.0703125,1,,,,,
TCGA-E2-A14X,tcga_mc3_wes,HRD_Score,MuAt-compatible reimplementation,muat_compatible_qkv_attention,12.0,13.67539645496291,-0.609375,1,,,,,
TCGA-E2-A14Y,tcga_mc3_wes,HRD_Score,MuAt-compatible reimplementation,muat_compatible_qkv_attention,19.0,28.556319842183047,0.1214599609375,4,,,,,
TCGA-E2-A14Z,tcga_mc3_wes,HRD_Score,MuAt-compatible reimplementation,muat_compatible_qkv_attention,44.0,31.82648010052741,0.3154296875,2,,,,,
TCGA-E2-A150,tcga_mc3_wes,HRD_Score,MuAt-compatible reimplementation,muat_compatible_qkv_attention,49.0,23.544188854172706,-0.0997314453125,5,,,,,
TCGA-E2-A152,tcga_mc3_wes,HRD_Score,MuAt-compatible reimplementation,muat_compatible_qkv_attention,18.0,24.326820166972084,-0.1114501953125,3,,,,,
TCGA-E2-A153,tcga_mc3_wes,HRD_Score,MuAt-compatible reimplementation,muat_compatible_qkv_attention,8.0,13.824657663070566,-0.6318359375,3,,,,,
TCGA-E2-A154,tcga_mc3_wes,HRD_Score,MuAt-compatible reimplementation,muat_compatible_qkv_attention,8.0,20.0851256550693,-0.275390625,5,,,,,
TCGA-E2-A155,tcga_mc3_wes,HRD_Score,MuAt-compatible reimplementation,muat_compatible_qkv_attention,26.0,24.350224000841905,-0.11029052734375,3,,,,,
TCGA-E2-A156,tcga_mc3_wes,HRD_Score,MuAt-compatible reimplementation,muat_compatible_qkv_attention,6.0,2.9108933558687937,-1.1357421875,2,,,,,
TCGA-E2-A158,tcga_mc3_wes,HRD_Score,MuAt-compatible reimplementation,muat_compatible_qkv_attention,76.0,39.10059684707919,0.642578125,4,,,,,
TCGA-E2-A159,tcga_mc3_wes,HRD_Score,MuAt-compatible reimplementation,muat_compatible_qkv_attention,26.0,21.260582155668025,-0.2156982421875,5,,,,,
TCGA-E2-A15A,tcga_mc3_wes,HRD_Score,MuAt-compatible reimplementation,muat_compatible_qkv_attention,58.0,21.476923842894784,-0.2047119140625,5,,,,,
TCGA-E2-A15C,tcga_mc3_wes,HRD_Score,MuAt-compatible reimplementation,muat_compatible_qkv_attention,5.0,23.147562427590316,-0.119873046875,5,,,,,
TCGA-E2-A15D,tcga_mc3_wes,HRD_Score,MuAt-compatible reimplementation,muat_compatible_qkv_attention,6.0,11.044618294810451,-0.7275390625,2,,,,,
TCGA-E2-A15E,tcga_mc3_wes,HRD_Score,MuAt-compatible reimplementation,muat_compatible_qkv_attention,33.0,14.741765994329384,-0.5419921875,2,,,,,
TCGA-E2-A15G,tcga_mc3_wes,HRD_Score,MuAt-compatible reimplementation,muat_compatible_qkv_attention,5.0,28.7267409344992,0.1065673828125,3,,,,,
TCGA-E2-A15H,tcga_mc3_wes,HRD_Score,MuAt-compatible reimplementation,muat_compatible_qkv_attention,15.0,20.101812263103657,-0.32080078125,3,,,,,
TCGA-E2-A15I,tcga_mc3_wes,HRD_Score,MuAt-compatible reimplementation,muat_compatible_qkv_attention,7.0,22.235630926762564,-0.1844482421875,1,,,,,
TCGA-E2-A15J,tcga_mc3_wes,HRD_Score,MuAt-compatible reimplementation,muat_compatible_qkv_attention,6.0,17.54956259056273,-0.447265625,3,,,,,
TCGA-E2-A15K,tcga_mc3_wes,HRD_Score,MuAt-compatible reimplementation,muat_compatible_qkv_attention,11.0,26.476918763828177,0.0186920166015625,4,,,,,
TCGA-E2-A15M,tcga_mc3_wes,HRD_Score,MuAt-compatible reimplementation,muat_compatible_qkv_attention,39.0,21.556910813514445,-0.2181396484375,1,,,,,
TCGA-E2-A15O,tcga_mc3_wes,HRD_Score,MuAt-compatible reimplementation,muat_compatible_qkv_attention,21.0,23.528626253938047,-0.1510009765625,3,,,,,
TCGA-E2-A15P,tcga_mc3_wes,HRD_Score,MuAt-compatible reimplementation,muat_compatible_qkv_attention,17.0,19.806285258199257,-0.28955078125,5,,,,,
TCGA-E2-A15R,tcga_mc3_wes,HRD_Score,MuAt-compatible reimplementation,muat_compatible_qkv_attention,27.0,16.527988235281093,-0.4677734375,1,,,,,
TCGA-E2-A15T,tcga_mc3_wes,HRD_Score,MuAt-compatible reimplementation,muat_compatible_qkv_attention,19.0,20.086812732839206,-0.297119140625,4,,,,,
TCGA-E2-A1AZ,tcga_mc3_wes,HRD_Score,MuAt-compatible reimplementation,muat_compatible_qkv_attention,42.0,29.248398007384925,0.18994140625,5,,,,,
TCGA-E2-A1B0,tcga_mc3_wes,HRD_Score,MuAt-compatible reimplementation,muat_compatible_qkv_attention,35.0,24.49549132883926,-0.051422119140625,5,,,,,
TCGA-E2-A1B4,tcga_mc3_wes,HRD_Score,MuAt-compatible reimplementation,muat_compatible_qkv_attention,3.0,17.78606449072096,-0.435546875,3,,,,,
TCGA-E2-A1B5,tcga_mc3_wes,HRD_Score,MuAt-compatible reimplementation,muat_compatible_qkv_attention,18.0,16.570881171986123,-0.4501953125,2,,,,,
TCGA-E2-A1BC,tcga_mc3_wes,HRD_Score,MuAt-compatible reimplementation,muat_compatible_qkv_attention,11.0,23.69143638706288,-0.1121826171875,1,,,,,
TCGA-E2-A1BD,tcga_mc3_wes,HRD_Score,MuAt-compatible reimplementation,muat_compatible_qkv_attention,7.0,20.880782304758828,-0.2349853515625,5,,,,,
TCGA-E2-A1IE,tcga_mc3_wes,HRD_Score,MuAt-compatible reimplementation,muat_compatible_qkv_attention,32.0,21.64518959962671,-0.1961669921875,5,,,,,
TCGA-E2-A1IF,tcga_mc3_wes,HRD_Score,MuAt-compatible reimplementation,muat_compatible_qkv_attention,6.0,27.41920568961397,0.041778564453125,3,,,,,
TCGA-E2-A1IG,tcga_mc3_wes,HRD_Score,MuAt-compatible reimplementation,muat_compatible_qkv_attention,12.0,16.61952785224295,-0.44775390625,2,,,,,
TCGA-E2-A1IH,tcga_mc3_wes,HRD_Score,MuAt-compatible reimplementation,muat_compatible_qkv_attention,28.0,23.7220697970036,-0.0906982421875,5,,,,,
TCGA-E2-A1IJ,tcga_mc3_wes,HRD_Score,MuAt-compatible reimplementation,muat_compatible_qkv_attention,7.0,32.69431441098087,0.334716796875,1,,,,,
TCGA-E2-A1IK,tcga_mc3_wes,HRD_Score,MuAt-compatible reimplementation,muat_compatible_qkv_attention,0.0,15.190221055545669,-0.5341796875,1,,,,,
TCGA-E2-A1IL,tcga_mc3_wes,HRD_Score,MuAt-compatible reimplementation,muat_compatible_qkv_attention,13.0,17.138071115735894,-0.425048828125,5,,,,,
TCGA-E2-A1IO,tcga_mc3_wes,HRD_Score,MuAt-compatible reimplementation,muat_compatible_qkv_attention,30.0,7.754442225675927,-0.9326171875,3,,,,,
TCGA-E2-A1IU,tcga_mc3_wes,HRD_Score,MuAt-compatible reimplementation,muat_compatible_qkv_attention,5.0,25.053472597144946,-0.0230865478515625,5,,,,,
TCGA-E2-A1L6,tcga_mc3_wes,HRD_Score,MuAt-compatible reimplementation,muat_compatible_qkv_attention,9.0,21.42720832857375,-0.255126953125,3,,,,,
TCGA-E2-A1L8,tcga_mc3_wes,HRD_Score,MuAt-compatible reimplementation,muat_compatible_qkv_attention,14.0,24.692060911716894,-0.06951904296875,4,,,,,
TCGA-E2-A1L9,tcga_mc3_wes,HRD_Score,MuAt-compatible reimplementation,muat_compatible_qkv_attention,6.0,20.530471957140453,-0.299560546875,3,,,,,
TCGA-E2-A1LA,tcga_mc3_wes,HRD_Score,MuAt-compatible reimplementation,muat_compatible_qkv_attention,58.0,38.19420762520845,0.57568359375,3,,,,,
TCGA-E2-A1LG,tcga_mc3_wes,HRD_Score,MuAt-compatible reimplementation,muat_compatible_qkv_attention,15.0,38.57852321296558,0.5947265625,3,,,,,
TCGA-E2-A1LH,tcga_mc3_wes,HRD_Score,MuAt-compatible reimplementation,muat_compatible_qkv_attention,74.0,46.892264498989505,1.0859375,5,,,,,
TCGA-E2-A1LK,tcga_mc3_wes,HRD_Score,MuAt-compatible reimplementation,muat_compatible_qkv_attention,24.0,17.787063227973256,-0.4052734375,1,,,,,
TCGA-E2-A1LL,tcga_mc3_wes,HRD_Score,MuAt-compatible reimplementation,muat_compatible_qkv_attention,52.0,53.31658567800526,1.3583984375,1,,,,,
TCGA-E2-A56Z,tcga_mc3_wes,HRD_Score,MuAt-compatible reimplementation,muat_compatible_qkv_attention,31.0,20.767803868095964,-0.24072265625,5,,,,,
TCGA-E2-A570,tcga_mc3_wes,HRD_Score,MuAt-compatible reimplementation,muat_compatible_qkv_attention,5.0,15.73638135601628,-0.537109375,3,,,,,
TCGA-E2-A573,tcga_mc3_wes,HRD_Score,MuAt-compatible reimplementation,muat_compatible_qkv_attention,43.0,22.627392863961216,-0.146240234375,2,,,,,
TCGA-E2-A576,tcga_mc3_wes,HRD_Score,MuAt-compatible reimplementation,muat_compatible_qkv_attention,23.0,19.139585192779293,-0.338134765625,1,,,,,
TCGA-E2-A9RU,tcga_mc3_wes,HRD_Score,MuAt-compatible reimplementation,muat_compatible_qkv_attention,54.0,35.661666444347375,0.4501953125,3,,,,,
TCGA-E9-A1N3,tcga_mc3_wes,HRD_Score,MuAt-compatible reimplementation,muat_compatible_qkv_attention,4.0,32.57563897648256,0.35302734375,2,,,,,
TCGA-E9-A1N5,tcga_mc3_wes,HRD_Score,MuAt-compatible reimplementation,muat_compatible_qkv_attention,14.0,24.194415814115356,-0.06671142578125,5,,,,,
TCGA-E9-A1N8,tcga_mc3_wes,HRD_Score,MuAt-compatible reimplementation,muat_compatible_qkv_attention,28.0,24.390725284029536,-0.08441162109375,4,,,,,
TCGA-E9-A1N9,tcga_mc3_wes,HRD_Score,MuAt-compatible reimplementation,muat_compatible_qkv_attention,50.0,32.2192766934974,0.302490234375,4,,,,,
TCGA-E9-A1NA,tcga_mc3_wes,HRD_Score,MuAt-compatible reimplementation,muat_compatible_qkv_attention,42.0,39.5515729253117,0.703125,2,,,,,
TCGA-E9-A1NC,tcga_mc3_wes,HRD_Score,MuAt-compatible reimplementation,muat_compatible_qkv_attention,75.0,34.925273632887354,0.470947265625,2,,,,,
TCGA-E9-A1ND,tcga_mc3_wes,HRD_Score,MuAt-compatible reimplementation,muat_compatible_qkv_attention,42.0,30.38225423560683,0.1885986328125,3,,,,,
TCGA-E9-A1NE,tcga_mc3_wes,HRD_Score,MuAt-compatible reimplementation,muat_compatible_qkv_attention,6.0,38.87415058816337,0.609375,3,,,,,
TCGA-E9-A1NG,tcga_mc3_wes,HRD_Score,MuAt-compatible reimplementation,muat_compatible_qkv_attention,14.0,10.720570223493763,-0.78564453125,3,,,,,
TCGA-E9-A1NH,tcga_mc3_wes,HRD_Score,MuAt-compatible reimplementation,muat_compatible_qkv_attention,13.0,16.371429782933127,-0.460205078125,2,,,,,
TCGA-E9-A1NI,tcga_mc3_wes,HRD_Score,MuAt-compatible reimplementation,muat_compatible_qkv_attention,23.0,12.816044964250194,-0.64453125,5,,,,,
TCGA-E9-A1R0,tcga_mc3_wes,HRD_Score,MuAt-compatible reimplementation,muat_compatible_qkv_attention,7.0,15.228232796897666,-0.517578125,2,,,,,
TCGA-E9-A1R3,tcga_mc3_wes,HRD_Score,MuAt-compatible reimplementation,muat_compatible_qkv_attention,9.0,9.653323239465168,-0.79736328125,2,,,,,
TCGA-E9-A1R5,tcga_mc3_wes,HRD_Score,MuAt-compatible reimplementation,muat_compatible_qkv_attention,13.0,22.897381939386612,-0.1326904296875,2,,,,,
TCGA-E9-A1R6,tcga_mc3_wes,HRD_Score,MuAt-compatible reimplementation,muat_compatible_qkv_attention,13.0,23.813988652349224,-0.1129150390625,4,,,,,
TCGA-E9-A1R7,tcga_mc3_wes,HRD_Score,MuAt-compatible reimplementation,muat_compatible_qkv_attention,37.0,21.31881162433456,-0.260498046875,3,,,,,
TCGA-E9-A1RA,tcga_mc3_wes,HRD_Score,MuAt-compatible reimplementation,muat_compatible_qkv_attention,4.0,15.013506345381566,-0.5478515625,4,,,,,
TCGA-E9-A1RB,tcga_mc3_wes,HRD_Score,MuAt-compatible reimplementation,muat_compatible_qkv_attention,30.0,31.351628969555243,0.26806640625,1,,,,,
TCGA-E9-A1RC,tcga_mc3_wes,HRD_Score,MuAt-compatible reimplementation,muat_compatible_qkv_attention,16.0,16.045998589641123,-0.49169921875,1,,,,,
TCGA-E9-A1RD,tcga_mc3_wes,HRD_Score,MuAt-compatible reimplementation,muat_compatible_qkv_attention,3.0,10.85454700006091,-0.744140625,5,,,,,
TCGA-E9-A1RE,tcga_mc3_wes,HRD_Score,MuAt-compatible reimplementation,muat_compatible_qkv_attention,42.0,15.696964372656574,-0.5390625,3,,,,,
TCGA-E9-A1RF,tcga_mc3_wes,HRD_Score,MuAt-compatible reimplementation,muat_compatible_qkv_attention,49.0,48.67374664245291,1.1279296875,1,,,,,
TCGA-E9-A1RG,tcga_mc3_wes,HRD_Score,MuAt-compatible reimplementation,muat_compatible_qkv_attention,47.0,34.05667289916732,0.40234375,1,,,,,
TCGA-E9-A1RH,tcga_mc3_wes,HRD_Score,MuAt-compatible reimplementation,muat_compatible_qkv_attention,39.0,34.0350393841874,0.42626953125,2,,,,,
TCGA-E9-A226,tcga_mc3_wes,HRD_Score,MuAt-compatible reimplementation,muat_compatible_qkv_attention,22.0,15.686178014791865,-0.498779296875,5,,,,,
TCGA-E9-A227,tcga_mc3_wes,HRD_Score,MuAt-compatible reimplementation,muat_compatible_qkv_attention,3.0,20.75097729242277,-0.2415771484375,5,,,,,
TCGA-E9-A228,tcga_mc3_wes,HRD_Score,MuAt-compatible reimplementation,muat_compatible_qkv_attention,26.0,17.97190556338277,-0.3798828125,2,,,,,
TCGA-E9-A229,tcga_mc3_wes,HRD_Score,MuAt-compatible reimplementation,muat_compatible_qkv_attention,23.0,9.458736518437856,-0.80712890625,2,,,,,
TCGA-E9-A22A,tcga_mc3_wes,HRD_Score,MuAt-compatible reimplementation,muat_compatible_qkv_attention,26.0,31.967340349037478,0.2900390625,4,,,,,
TCGA-E9-A22B,tcga_mc3_wes,HRD_Score,MuAt-compatible reimplementation,muat_compatible_qkv_attention,22.0,29.739264694551636,0.15673828125,3,,,,,
TCGA-E9-A22D,tcga_mc3_wes,HRD_Score,MuAt-compatible reimplementation,muat_compatible_qkv_attention,35.0,15.716672864336426,-0.5380859375,3,,,,,
TCGA-E9-A22E,tcga_mc3_wes,HRD_Score,MuAt-compatible reimplementation,muat_compatible_qkv_attention,67.0,61.967963187658086,1.828125,2,,,,,
TCGA-E9-A22G,tcga_mc3_wes,HRD_Score,MuAt-compatible reimplementation,muat_compatible_qkv_attention,79.0,66.0253738854918,1.9892578125,1,,,,,
TCGA-E9-A22H,tcga_mc3_wes,HRD_Score,MuAt-compatible reimplementation,muat_compatible_qkv_attention,9.0,18.51988421981362,-0.368896484375,1,,,,,
TCGA-E9-A243,tcga_mc3_wes,HRD_Score,MuAt-compatible reimplementation,muat_compatible_qkv_attention,42.0,38.332167066967415,0.58251953125,3,,,,,
TCGA-E9-A244,tcga_mc3_wes,HRD_Score,MuAt-compatible reimplementation,muat_compatible_qkv_attention,77.0,29.36646808711299,0.1614990234375,4,,,,,
TCGA-E9-A245,tcga_mc3_wes,HRD_Score,MuAt-compatible reimplementation,muat_compatible_qkv_attention,2.0,23.716425067975038,-0.11773681640625,4,,,,,
TCGA-E9-A247,tcga_mc3_wes,HRD_Score,MuAt-compatible reimplementation,muat_compatible_qkv_attention,44.0,20.239950510844256,-0.28955078125,4,,,,,
TCGA-E9-A248,tcga_mc3_wes,HRD_Score,MuAt-compatible reimplementation,muat_compatible_qkv_attention,14.0,18.728332444084728,-0.3642578125,4,,,,,
TCGA-E9-A24A,tcga_mc3_wes,HRD_Score,MuAt-compatible reimplementation,muat_compatible_qkv_attention,6.0,17.97459230634603,-0.382568359375,5,,,,,
TCGA-E9-A295,tcga_mc3_wes,HRD_Score,MuAt-compatible reimplementation,muat_compatible_qkv_attention,21.0,19.08104987323845,-0.32421875,2,,,,,
TCGA-E9-A2JS,tcga_mc3_wes,HRD_Score,MuAt-compatible reimplementation,muat_compatible_qkv_attention,61.0,19.098827068290493,-0.345947265625,4,,,,,
TCGA-E9-A2JT,tcga_mc3_wes,HRD_Score,MuAt-compatible reimplementation,muat_compatible_qkv_attention,0.0,13.233718906367715,-0.61767578125,2,,,,,
TCGA-E9-A3X8,tcga_mc3_wes,HRD_Score,MuAt-compatible reimplementation,muat_compatible_qkv_attention,5.0,23.880915542715414,-0.133544921875,3,,,,,
TCGA-E9-A5FL,tcga_mc3_wes,HRD_Score,MuAt-compatible reimplementation,muat_compatible_qkv_attention,65.0,32.07526272048125,0.33349609375,5,,,,,
TCGA-E9-A5UO,tcga_mc3_wes,HRD_Score,MuAt-compatible reimplementation,muat_compatible_qkv_attention,20.0,22.092423631873093,-0.197998046875,4,,,,,
TCGA-E9-A6HE,tcga_mc3_wes,HRD_Score,MuAt-compatible reimplementation,muat_compatible_qkv_attention,12.0,16.162129726690736,-0.474609375,5,,,,,
TCGA-EW-A1IW,tcga_mc3_wes,HRD_Score,MuAt-compatible reimplementation,muat_compatible_qkv_attention,20.0,24.96375696946779,-0.05609130859375,4,,,,,
TCGA-EW-A1IY,tcga_mc3_wes,HRD_Score,MuAt-compatible reimplementation,muat_compatible_qkv_attention,1.0,13.007895446347678,-0.64697265625,4,,,,,
TCGA-EW-A1IZ,tcga_mc3_wes,HRD_Score,MuAt-compatible reimplementation,muat_compatible_qkv_attention,6.0,26.226989265249372,0.00634002685546875,4,,,,,
TCGA-EW-A1J1,tcga_mc3_wes,HRD_Score,MuAt-compatible reimplementation,muat_compatible_qkv_attention,19.0,13.813107782288615,-0.6025390625,1,,,,,
TCGA-EW-A1J3,tcga_mc3_wes,HRD_Score,MuAt-compatible reimplementation,muat_compatible_qkv_attention,13.0,22.36956545860003,-0.1591796875,2,,,,,
TCGA-EW-A1J6,tcga_mc3_wes,HRD_Score,MuAt-compatible reimplementation,muat_compatible_qkv_attention,37.0,33.47402386788372,0.341796875,3,,,,,
TCGA-EW-A1OV,tcga_mc3_wes,HRD_Score,MuAt-compatible reimplementation,muat_compatible_qkv_attention,36.0,28.29124063282595,0.11614990234375,1,,,,,
TCGA-EW-A1OX,tcga_mc3_wes,HRD_Score,MuAt-compatible reimplementation,muat_compatible_qkv_attention,10.0,16.45913257161824,-0.47119140625,1,,,,,
TCGA-EW-A1OY,tcga_mc3_wes,HRD_Score,MuAt-compatible reimplementation,muat_compatible_qkv_attention,40.0,24.208569216892965,-0.1173095703125,3,,,,,
TCGA-EW-A1OZ,tcga_mc3_wes,HRD_Score,MuAt-compatible reimplementation,muat_compatible_qkv_attention,51.0,26.00081017902957,-0.02850341796875,3,,,,,
TCGA-EW-A1P0,tcga_mc3_wes,HRD_Score,MuAt-compatible reimplementation,muat_compatible_qkv_attention,21.0,30.858411163416527,0.266845703125,2,,,,,
TCGA-EW-A1P1,tcga_mc3_wes,HRD_Score,MuAt-compatible reimplementation,muat_compatible_qkv_attention,0.0,46.78513415341466,1.0341796875,1,,,,,
TCGA-EW-A1P3,tcga_mc3_wes,HRD_Score,MuAt-compatible reimplementation,muat_compatible_qkv_attention,9.0,8.573366937763584,-0.8515625,2,,,,,
TCGA-EW-A1P4,tcga_mc3_wes,HRD_Score,MuAt-compatible reimplementation,muat_compatible_qkv_attention,67.0,28.01581797817454,0.10247802734375,1,,,,,
TCGA-EW-A1P5,tcga_mc3_wes,HRD_Score,MuAt-compatible reimplementation,muat_compatible_qkv_attention,16.0,7.05541621994864,-0.93798828125,1,,,,,
TCGA-EW-A1P6,tcga_mc3_wes,HRD_Score,MuAt-compatible reimplementation,muat_compatible_qkv_attention,5.0,14.618312079562081,-0.5673828125,4,,,,,
TCGA-EW-A1P7,tcga_mc3_wes,HRD_Score,MuAt-compatible reimplementation,muat_compatible_qkv_attention,14.0,71.9076148669755,2.28125,1,,,,,
TCGA-EW-A1P8,tcga_mc3_wes,HRD_Score,MuAt-compatible reimplementation,muat_compatible_qkv_attention,39.0,15.267150141103128,-0.515625,2,,,,,
TCGA-EW-A1PA,tcga_mc3_wes,HRD_Score,MuAt-compatible reimplementation,muat_compatible_qkv_attention,26.0,32.84335213412844,0.310546875,3,,,,,
TCGA-EW-A1PB,tcga_mc3_wes,HRD_Score,MuAt-compatible reimplementation,muat_compatible_qkv_attention,72.0,44.96407451723786,0.9111328125,3,,,,,
TCGA-EW-A1PE,tcga_mc3_wes,HRD_Score,MuAt-compatible reimplementation,muat_compatible_qkv_attention,6.0,24.25044976171265,-0.115234375,3,,,,,
TCGA-EW-A1PG,tcga_mc3_wes,HRD_Score,MuAt-compatible reimplementation,muat_compatible_qkv_attention,0.0,13.245012005839369,-0.63525390625,4,,,,,
TCGA-EW-A1PH,tcga_mc3_wes,HRD_Score,MuAt-compatible reimplementation,muat_compatible_qkv_attention,38.0,20.968985897017177,-0.27783203125,3,,,,,
TCGA-EW-A2FS,tcga_mc3_wes,HRD_Score,MuAt-compatible reimplementation,muat_compatible_qkv_attention,23.0,45.152271272267015,0.953125,1,,,,,
TCGA-EW-A2FV,tcga_mc3_wes,HRD_Score,MuAt-compatible reimplementation,muat_compatible_qkv_attention,16.0,40.85921132997589,0.7294921875,4,,,,,
TCGA-EW-A6SB,tcga_mc3_wes,HRD_Score,MuAt-compatible reimplementation,muat_compatible_qkv_attention,32.0,43.60870605873117,0.90673828125,2,,,,,
TCGA-EW-A6SC,tcga_mc3_wes,HRD_Score,MuAt-compatible reimplementation,muat_compatible_qkv_attention,17.0,14.037173598819011,-0.58251953125,5,,,,,
TCGA-EW-A6SD,tcga_mc3_wes,HRD_Score,MuAt-compatible reimplementation,muat_compatible_qkv_attention,45.0,21.60337072792148,-0.22216796875,4,,,,,
TCGA-GM-A2DA,tcga_mc3_wes,HRD_Score,MuAt-compatible reimplementation,muat_compatible_qkv_attention,13.0,22.19136657155073,-0.1866455078125,1,,,,,
TCGA-GM-A2DB,tcga_mc3_wes,HRD_Score,MuAt-compatible reimplementation,muat_compatible_qkv_attention,32.0,34.53194276876734,0.458251953125,5,,,,,
TCGA-GM-A2DC,tcga_mc3_wes,HRD_Score,MuAt-compatible reimplementation,muat_compatible_qkv_attention,21.0,31.077321224572255,0.27783203125,2,,,,,
TCGA-GM-A2DD,tcga_mc3_wes,HRD_Score,MuAt-compatible reimplementation,muat_compatible_qkv_attention,32.0,37.73553264343973,0.5849609375,1,,,,,
TCGA-GM-A2DF,tcga_mc3_wes,HRD_Score,MuAt-compatible reimplementation,muat_compatible_qkv_attention,48.0,25.103508889033765,-0.02197265625,2,,,,,
TCGA-GM-A2DH,tcga_mc3_wes,HRD_Score,MuAt-compatible reimplementation,muat_compatible_qkv_attention,42.0,43.59897672267981,0.90625,2,,,,,
TCGA-GM-A2DK,tcga_mc3_wes,HRD_Score,MuAt-compatible reimplementation,muat_compatible_qkv_attention,18.0,22.381727128664235,-0.1585693359375,2,,,,,
TCGA-GM-A2DL,tcga_mc3_wes,HRD_Score,MuAt-compatible reimplementation,muat_compatible_qkv_attention,18.0,44.621099009725,0.9267578125,1,,,,,
TCGA-GM-A2DM,tcga_mc3_wes,HRD_Score,MuAt-compatible reimplementation,muat_compatible_qkv_attention,3.0,29.93898890656248,0.220703125,2,,,,,
TCGA-GM-A2DN,tcga_mc3_wes,HRD_Score,MuAt-compatible reimplementation,muat_compatible_qkv_attention,4.0,16.243858808531954,-0.470458984375,5,,,,,
TCGA-GM-A3NW,tcga_mc3_wes,HRD_Score,MuAt-compatible reimplementation,muat_compatible_qkv_attention,14.0,29.57913319965283,0.1488037109375,3,,,,,
TCGA-GM-A5PX,tcga_mc3_wes,HRD_Score,MuAt-compatible reimplementation,muat_compatible_qkv_attention,12.0,11.745130490508775,-0.6923828125,2,,,,,
TCGA-HN-A2NL,tcga_mc3_wes,HRD_Score,MuAt-compatible reimplementation,muat_compatible_qkv_attention,68.0,41.761444619261795,0.75244140625,3,,,,,
TCGA-HN-A2OB,tcga_mc3_wes,HRD_Score,MuAt-compatible reimplementation,muat_compatible_qkv_attention,7.0,36.72901279238131,0.56982421875,5,,,,,
TCGA-LD-A66U,tcga_mc3_wes,HRD_Score,MuAt-compatible reimplementation,muat_compatible_qkv_attention,12.0,20.49188685530418,-0.277099609375,4,,,,,
TCGA-LD-A74U,tcga_mc3_wes,HRD_Score,MuAt-compatible reimplementation,muat_compatible_qkv_attention,7.0,19.611738315038856,-0.314697265625,1,,,,,
TCGA-LD-A7W5,tcga_mc3_wes,HRD_Score,MuAt-compatible reimplementation,muat_compatible_qkv_attention,41.0,17.874612202869113,-0.384765625,2,,,,,
TCGA-LD-A7W6,tcga_mc3_wes,HRD_Score,MuAt-compatible reimplementation,muat_compatible_qkv_attention,14.0,31.43523941828871,0.272216796875,1,,,,,
TCGA-LL-A50Y,tcga_mc3_wes,HRD_Score,MuAt-compatible reimplementation,muat_compatible_qkv_attention,9.0,22.14758307329774,-0.170654296875,5,,,,,
TCGA-LL-A5YL,tcga_mc3_wes,HRD_Score,MuAt-compatible reimplementation,muat_compatible_qkv_attention,27.0,24.26153578828257,-0.11468505859375,3,,,,,
TCGA-LL-A5YM,tcga_mc3_wes,HRD_Score,MuAt-compatible reimplementation,muat_compatible_qkv_attention,28.0,22.719794528861527,-0.1669921875,4,,,,,
TCGA-LL-A5YN,tcga_mc3_wes,HRD_Score,MuAt-compatible reimplementation,muat_compatible_qkv_attention,34.0,17.330374837715233,-0.415283203125,5,,,,,
TCGA-LL-A5YP,tcga_mc3_wes,HRD_Score,MuAt-compatible reimplementation,muat_compatible_qkv_attention,79.0,37.959756613049095,0.63232421875,5,,,,,
TCGA-LL-A6FQ,tcga_mc3_wes,HRD_Score,MuAt-compatible reimplementation,muat_compatible_qkv_attention,8.0,19.242084989650056,-0.3388671875,4,,,,,
TCGA-LL-A6FR,tcga_mc3_wes,HRD_Score,MuAt-compatible reimplementation,muat_compatible_qkv_attention,50.0,30.39383536696382,0.2435302734375,2,,,,,
TCGA-LL-A73Y,tcga_mc3_wes,HRD_Score,MuAt-compatible reimplementation,muat_compatible_qkv_attention,29.0,34.26752515104574,0.44482421875,5,,,,,
TCGA-LL-A73Z,tcga_mc3_wes,HRD_Score,MuAt-compatible reimplementation,muat_compatible_qkv_attention,32.0,22.49255782601532,-0.17822265625,4,,,,,
TCGA-LL-A7SZ,tcga_mc3_wes,HRD_Score,MuAt-compatible reimplementation,muat_compatible_qkv_attention,53.0,40.39802516178052,0.74560546875,2,,,,,
TCGA-LL-A7T0,tcga_mc3_wes,HRD_Score,MuAt-compatible reimplementation,muat_compatible_qkv_attention,34.0,16.78093141504847,-0.4853515625,3,,,,,
TCGA-LL-A8F5,tcga_mc3_wes,HRD_Score,MuAt-compatible reimplementation,muat_compatible_qkv_attention,85.0,71.04200080949963,2.23828125,1,,,,,
TCGA-LL-A9Q3,tcga_mc3_wes,HRD_Score,MuAt-compatible reimplementation,muat_compatible_qkv_attention,14.0,13.525598987908683,-0.60302734375,2,,,,,
TCGA-OK-A5Q2,tcga_mc3_wes,HRD_Score,MuAt-compatible reimplementation,muat_compatible_qkv_attention,11.0,20.500909219620674,-0.301025390625,3,,,,,
TCGA-OL-A5D6,tcga_mc3_wes,HRD_Score,MuAt-compatible reimplementation,muat_compatible_qkv_attention,19.0,23.548806798046968,-0.1192626953125,1,,,,,
TCGA-OL-A5D7,tcga_mc3_wes,HRD_Score,MuAt-compatible reimplementation,muat_compatible_qkv_attention,43.0,30.95959497119779,0.240234375,4,,,,,
TCGA-OL-A5D8,tcga_mc3_wes,HRD_Score,MuAt-compatible reimplementation,muat_compatible_qkv_attention,20.0,25.268797543397206,-0.041015625,4,,,,,
TCGA-OL-A5DA,tcga_mc3_wes,HRD_Score,MuAt-compatible reimplementation,muat_compatible_qkv_attention,18.0,19.873591560892027,-0.2861328125,5,,,,,
TCGA-OL-A5RU,tcga_mc3_wes,HRD_Score,MuAt-compatible reimplementation,muat_compatible_qkv_attention,2.0,22.095460468591757,-0.19140625,1,,,,,
TCGA-OL-A5RV,tcga_mc3_wes,HRD_Score,MuAt-compatible reimplementation,muat_compatible_qkv_attention,4.0,15.805361076895764,-0.53369140625,3,,,,,
TCGA-OL-A5RW,tcga_mc3_wes,HRD_Score,MuAt-compatible reimplementation,muat_compatible_qkv_attention,76.0,38.8347385480551,0.6767578125,5,,,,,
TCGA-OL-A5RX,tcga_mc3_wes,HRD_Score,MuAt-compatible reimplementation,muat_compatible_qkv_attention,6.0,11.594916329681375,-0.70654296875,5,,,,,
TCGA-OL-A5RY,tcga_mc3_wes,HRD_Score,MuAt-compatible reimplementation,muat_compatible_qkv_attention,2.0,19.908975313220438,-0.305908203125,4,,,,,
TCGA-OL-A5RZ,tcga_mc3_wes,HRD_Score,MuAt-compatible reimplementation,muat_compatible_qkv_attention,26.0,35.83904286946605,0.458984375,3,,,,,
TCGA-OL-A5S0,tcga_mc3_wes,HRD_Score,MuAt-compatible reimplementation,muat_compatible_qkv_attention,53.0,27.712187117806174,0.10894775390625,2,,,,,
TCGA-OL-A66H,tcga_mc3_wes,HRD_Score,MuAt-compatible reimplementation,muat_compatible_qkv_attention,0.0,10.694929870699427,-0.75732421875,1,,,,,
TCGA-OL-A66I,tcga_mc3_wes,HRD_Score,MuAt-compatible reimplementation,muat_compatible_qkv_attention,51.0,39.10079824248167,0.62060546875,3,,,,,
TCGA-OL-A66J,tcga_mc3_wes,HRD_Score,MuAt-compatible reimplementation,muat_compatible_qkv_attention,9.0,23.177100350863373,-0.11865234375,2,,,,,
TCGA-OL-A66K,tcga_mc3_wes,HRD_Score,MuAt-compatible reimplementation,muat_compatible_qkv_attention,8.0,5.031888615066499,-1.029296875,2,,,,,
TCGA-OL-A66L,tcga_mc3_wes,HRD_Score,MuAt-compatible reimplementation,muat_compatible_qkv_attention,9.0,22.307310513912437,-0.1873779296875,4,,,,,
TCGA-OL-A66N,tcga_mc3_wes,HRD_Score,MuAt-compatible reimplementation,muat_compatible_qkv_attention,6.0,17.431927412531977,-0.406982421875,2,,,,,
TCGA-OL-A66O,tcga_mc3_wes,HRD_Score,MuAt-compatible reimplementation,muat_compatible_qkv_attention,10.0,30.191951643897983,0.2333984375,2,,,,,
TCGA-OL-A66P,tcga_mc3_wes,HRD_Score,MuAt-compatible reimplementation,muat_compatible_qkv_attention,28.0,30.10484963108859,0.2061767578125,1,,,,,
TCGA-OL-A6VO,tcga_mc3_wes,HRD_Score,MuAt-compatible reimplementation,muat_compatible_qkv_attention,42.0,23.038419905678484,-0.1512451171875,4,,,,,
TCGA-OL-A6VQ,tcga_mc3_wes,HRD_Score,MuAt-compatible reimplementation,muat_compatible_qkv_attention,6.0,31.276527045580146,0.23291015625,3,,,,,
TCGA-OL-A6VR,tcga_mc3_wes,HRD_Score,MuAt-compatible reimplementation,muat_compatible_qkv_attention,13.0,25.039708367429974,-0.052337646484375,4,,,,,
TCGA-OL-A97C,tcga_mc3_wes,HRD_Score,MuAt-compatible reimplementation,muat_compatible_qkv_attention,10.0,34.9767963584725,0.416259765625,3,,,,,
TCGA-PE-A5DD,tcga_mc3_wes,HRD_Score,MuAt-compatible reimplementation,muat_compatible_qkv_attention,21.0,20.27262178399916,-0.265869140625,5,,,,,
TCGA-PE-A5DE,tcga_mc3_wes,HRD_Score,MuAt-compatible reimplementation,muat_compatible_qkv_attention,16.0,22.789396745403792,-0.1380615234375,5,,,,,
TCGA-PL-A8LV,tcga_mc3_wes,HRD_Score,MuAt-compatible reimplementation,muat_compatible_qkv_attention,55.0,42.84541166165369,0.80615234375,3,,,,,
TCGA-PL-A8LX,tcga_mc3_wes,HRD_Score,MuAt-compatible reimplementation,muat_compatible_qkv_attention,12.0,26.19560006576569,0.01212310791015625,1,,,,,
TCGA-PL-A8LY,tcga_mc3_wes,HRD_Score,MuAt-compatible reimplementation,muat_compatible_qkv_attention,0.0,17.618542311442212,-0.44384765625,3,,,,,
TCGA-PL-A8LZ,tcga_mc3_wes,HRD_Score,MuAt-compatible reimplementation,muat_compatible_qkv_attention,64.0,38.99700077038386,0.67529296875,2,,,,,
TCGA-S3-A6ZF,tcga_mc3_wes,HRD_Score,MuAt-compatible reimplementation,muat_compatible_qkv_attention,38.0,14.372051224377492,-0.560546875,2,,,,,
TCGA-S3-A6ZG,tcga_mc3_wes,HRD_Score,MuAt-compatible reimplementation,muat_compatible_qkv_attention,20.0,24.37710434999573,-0.05743408203125,5,,,,,
TCGA-S3-A6ZH,tcga_mc3_wes,HRD_Score,MuAt-compatible reimplementation,muat_compatible_qkv_attention,19.0,23.558188991457826,-0.1495361328125,3,,,,,
TCGA-S3-AA0Z,tcga_mc3_wes,HRD_Score,MuAt-compatible reimplementation,muat_compatible_qkv_attention,35.0,28.207630184092487,0.11199951171875,1,,,,,
TCGA-S3-AA10,tcga_mc3_wes,HRD_Score,MuAt-compatible reimplementation,muat_compatible_qkv_attention,64.0,34.827558847906005,0.431396484375,4,,,,,
TCGA-S3-AA11,tcga_mc3_wes,HRD_Score,MuAt-compatible reimplementation,muat_compatible_qkv_attention,5.0,26.36264027943243,0.04339599609375,5,,,,,
TCGA-S3-AA12,tcga_mc3_wes,HRD_Score,MuAt-compatible reimplementation,muat_compatible_qkv_attention,19.0,24.695765857958953,-0.0693359375,4,,,,,
TCGA-S3-AA14,tcga_mc3_wes,HRD_Score,MuAt-compatible reimplementation,muat_compatible_qkv_attention,21.0,12.829455444247861,-0.6513671875,1,,,,,
TCGA-S3-AA17,tcga_mc3_wes,HRD_Score,MuAt-compatible reimplementation,muat_compatible_qkv_attention,72.0,36.228285580143144,0.478271484375,3,,,,,
TCGA-UU-A93S,tcga_mc3_wes,HRD_Score,MuAt-compatible reimplementation,muat_compatible_qkv_attention,48.0,42.19503143621855,0.77392578125,3,,,,,
TCGA-V7-A7HQ,tcga_mc3_wes,HRD_Score,MuAt-compatible reimplementation,muat_compatible_qkv_attention,9.0,24.914394919535347,-0.031463623046875,2,,,,,
TCGA-W8-A86G,tcga_mc3_wes,HRD_Score,MuAt-compatible reimplementation,muat_compatible_qkv_attention,11.0,25.859771285445625,-0.035491943359375,3,,,,,
TCGA-WT-AB41,tcga_mc3_wes,HRD_Score,MuAt-compatible reimplementation,muat_compatible_qkv_attention,28.0,13.133346105516107,-0.62841796875,5,,,,,
TCGA-WT-AB44,tcga_mc3_wes,HRD_Score,MuAt-compatible reimplementation,muat_compatible_qkv_attention,11.0,16.31597270427421,-0.466796875,5,,,,,
TCGA-XX-A899,tcga_mc3_wes,HRD_Score,MuAt-compatible reimplementation,muat_compatible_qkv_attention,14.0,19.27666448790926,-0.337158203125,4,,,,,
TCGA-XX-A89A,tcga_mc3_wes,HRD_Score,MuAt-compatible reimplementation,muat_compatible_qkv_attention,12.0,27.292948164789916,0.0355224609375,3,,,,,
TCGA-Z7-A8R6,tcga_mc3_wes,HRD_Score,MuAt-compatible reimplementation,muat_compatible_qkv_attention,18.0,17.12309789979575,-0.438232421875,1,,,,,
TCGA-3C-AALI,tcga_mc3_wes,hrd_binary_33,MuAt-compatible reimplementation,muat_compatible_qkv_attention,0.0,,,3,1.0,0.294677734375,0,0.70556640625,1
TCGA-3C-AALJ,tcga_mc3_wes,hrd_binary_33,MuAt-compatible reimplementation,muat_compatible_qkv_attention,0.0,,,4,1.0,0.482666015625,0,0.51708984375,1
TCGA-5L-AAT0,tcga_mc3_wes,hrd_binary_33,MuAt-compatible reimplementation,muat_compatible_qkv_attention,0.0,,,2,0.0,0.85205078125,0,0.14794921875,1
TCGA-5T-A9QA,tcga_mc3_wes,hrd_binary_33,MuAt-compatible reimplementation,muat_compatible_qkv_attention,0.0,,,1,0.0,0.751953125,0,0.2479248046875,1
TCGA-A1-A0SB,tcga_mc3_wes,hrd_binary_33,MuAt-compatible reimplementation,muat_compatible_qkv_attention,0.0,,,1,0.0,0.541015625,0,0.459228515625,1
TCGA-A1-A0SD,tcga_mc3_wes,hrd_binary_33,MuAt-compatible reimplementation,muat_compatible_qkv_attention,0.0,,,5,0.0,0.626953125,0,0.373046875,1
TCGA-A1-A0SE,tcga_mc3_wes,hrd_binary_33,MuAt-compatible reimplementation,muat_compatible_qkv_attention,0.0,,,3,0.0,0.93115234375,0,0.06890869140625,1
TCGA-A1-A0SF,tcga_mc3_wes,hrd_binary_33,MuAt-compatible reimplementation,muat_compatible_qkv_attention,0.0,,,2,0.0,0.94580078125,0,0.054412841796875,1
TCGA-A1-A0SG,tcga_mc3_wes,hrd_binary_33,MuAt-compatible reimplementation,muat_compatible_qkv_attention,0.0,,,4,0.0,0.994140625,0,0.005641937255859375,1
TCGA-A1-A0SI,tcga_mc3_wes,hrd_binary_33,MuAt-compatible reimplementation,muat_compatible_qkv_attention,0.0,,,5,0.0,0.5322265625,0,0.4677734375,1
TCGA-A1-A0SJ,tcga_mc3_wes,hrd_binary_33,MuAt-compatible reimplementation,muat_compatible_qkv_attention,0.0,,,3,0.0,0.888671875,0,0.1112060546875,1
TCGA-A1-A0SK,tcga_mc3_wes,hrd_binary_33,MuAt-compatible reimplementation,muat_compatible_qkv_attention,1.0,,,1,1.0,0.07989501953125,0,0.919921875,1
TCGA-A1-A0SO,tcga_mc3_wes,hrd_binary_33,MuAt-compatible reimplementation,muat_compatible_qkv_attention,1.0,,,5,1.0,0.408203125,0,0.591796875,1
TCGA-A1-A0SQ,tcga_mc3_wes,hrd_binary_33,MuAt-compatible reimplementation,muat_compatible_qkv_attention,0.0,,,2,0.0,0.94287109375,0,0.057220458984375,1
TCGA-A2-A04N,tcga_mc3_wes,hrd_binary_33,MuAt-compatible reimplementation,muat_compatible_qkv_attention,0.0,,,5,0.0,0.8046875,0,0.1953125,1
TCGA-A2-A04P,tcga_mc3_wes,hrd_binary_33,MuAt-compatible reimplementation,muat_compatible_qkv_attention,1.0,,,1,1.0,0.35107421875,0,0.64892578125,1
TCGA-A2-A04Q,tcga_mc3_wes,hrd_binary_33,MuAt-compatible reimplementation,muat_compatible_qkv_attention,0.0,,,4,0.0,0.8369140625,0,0.1630859375,1
TCGA-A2-A04R,tcga_mc3_wes,hrd_binary_33,MuAt-compatible reimplementation,muat_compatible_qkv_attention,1.0,,,4,1.0,0.340087890625,0,0.65966796875,1
TCGA-A2-A04T,tcga_mc3_wes,hrd_binary_33,MuAt-compatible reimplementation,muat_compatible_qkv_attention,1.0,,,4,1.0,0.4169921875,0,0.5830078125,1
TCGA-A2-A04U,tcga_mc3_wes,hrd_binary_33,MuAt-compatible reimplementation,muat_compatible_qkv_attention,1.0,,,5,1.0,0.431640625,0,0.568359375,1
TCGA-A2-A04V,tcga_mc3_wes,hrd_binary_33,MuAt-compatible reimplementation,muat_compatible_qkv_attention,0.0,,,4,0.0,0.75830078125,0,0.241455078125,1
TCGA-A2-A04W,tcga_mc3_wes,hrd_binary_33,MuAt-compatible reimplementation,muat_compatible_qkv_attention,0.0,,,1,0.0,0.5810546875,0,0.4189453125,1
TCGA-A2-A04Y,tcga_mc3_wes,hrd_binary_33,MuAt-compatible reimplementation,muat_compatible_qkv_attention,0.0,,,4,0.0,0.8876953125,0,0.1124267578125,1
TCGA-A2-A0CM,tcga_mc3_wes,hrd_binary_33,MuAt-compatible reimplementation,muat_compatible_qkv_attention,1.0,,,4,0.0,0.98828125,0,0.01175689697265625,1
TCGA-A2-A0CP,tcga_mc3_wes,hrd_binary_33,MuAt-compatible reimplementation,muat_compatible_qkv_attention,0.0,,,4,0.0,0.9716796875,0,0.0285491943359375,1
TCGA-A2-A0CR,tcga_mc3_wes,hrd_binary_33,MuAt-compatible reimplementation,muat_compatible_qkv_attention,0.0,,,4,0.0,0.9833984375,0,0.0167999267578125,1
TCGA-A2-A0CS,tcga_mc3_wes,hrd_binary_33,MuAt-compatible reimplementation,muat_compatible_qkv_attention,0.0,,,3,0.0,0.513671875,0,0.486083984375,1
TCGA-A2-A0CT,tcga_mc3_wes,hrd_binary_33,MuAt-compatible reimplementation,muat_compatible_qkv_attention,0.0,,,4,0.0,0.96630859375,0,0.0335693359375,1
TCGA-A2-A0CU,tcga_mc3_wes,hrd_binary_33,MuAt-compatible reimplementation,muat_compatible_qkv_attention,0.0,,,1,0.0,0.91259765625,0,0.08746337890625,1
TCGA-A2-A0CV,tcga_mc3_wes,hrd_binary_33,MuAt-compatible reimplementation,muat_compatible_qkv_attention,0.0,,,5,0.0,0.72265625,0,0.277099609375,1
TCGA-A2-A0CW,tcga_mc3_wes,hrd_binary_33,MuAt-compatible reimplementation,muat_compatible_qkv_attention,1.0,,,5,0.0,0.591796875,0,0.408203125,1
TCGA-A2-A0CX,tcga_mc3_wes,hrd_binary_33,MuAt-compatible reimplementation,muat_compatible_qkv_attention,0.0,,,2,0.0,0.85888671875,0,0.1409912109375,1
TCGA-A2-A0D0,tcga_mc3_wes,hrd_binary_33,MuAt-compatible reimplementation,muat_compatible_qkv_attention,1.0,,,5,1.0,0.443603515625,0,0.556640625,1
TCGA-A2-A0D1,tcga_mc3_wes,hrd_binary_33,MuAt-compatible reimplementation,muat_compatible_qkv_attention,0.0,,,5,0.0,0.7548828125,0,0.2451171875,1
TCGA-A2-A0D3,tcga_mc3_wes,hrd_binary_33,MuAt-compatible reimplementation,muat_compatible_qkv_attention,0.0,,,2,0.0,0.94287109375,0,0.056976318359375,1
TCGA-A2-A0D4,tcga_mc3_wes,hrd_binary_33,MuAt-compatible reimplementation,muat_compatible_qkv_attention,0.0,,,3,0.0,0.8974609375,0,0.1025390625,1
TCGA-A2-A0EM,tcga_mc3_wes,hrd_binary_33,MuAt-compatible reimplementation,muat_compatible_qkv_attention,0.0,,,1,0.0,0.90283203125,0,0.09735107421875,1
TCGA-A2-A0EN,tcga_mc3_wes,hrd_binary_33,MuAt-compatible reimplementation,muat_compatible_qkv_attention,0.0,,,4,1.0,0.2276611328125,0,0.7724609375,1
TCGA-A2-A0ES,tcga_mc3_wes,hrd_binary_33,MuAt-compatible reimplementation,muat_compatible_qkv_attention,0.0,,,1,0.0,0.89453125,0,0.10565185546875,1
TCGA-A2-A0EU,tcga_mc3_wes,hrd_binary_33,MuAt-compatible reimplementation,muat_compatible_qkv_attention,0.0,,,1,0.0,0.91943359375,0,0.08074951171875,1
TCGA-A2-A0EV,tcga_mc3_wes,hrd_binary_33,MuAt-compatible reimplementation,muat_compatible_qkv_attention,0.0,,,5,0.0,0.63916015625,0,0.36083984375,1
TCGA-A2-A0EW,tcga_mc3_wes,hrd_binary_33,MuAt-compatible reimplementation,muat_compatible_qkv_attention,0.0,,,4,1.0,0.256591796875,0,0.7431640625,1
TCGA-A2-A0EX,tcga_mc3_wes,hrd_binary_33,MuAt-compatible reimplementation,muat_compatible_qkv_attention,0.0,,,2,0.0,0.95263671875,0,0.047454833984375,1
TCGA-A2-A0EY,tcga_mc3_wes,hrd_binary_33,MuAt-compatible reimplementation,muat_compatible_qkv_attention,1.0,,,1,0.0,0.58544921875,0,0.41455078125,1
TCGA-A2-A0SU,tcga_mc3_wes,hrd_binary_33,MuAt-compatible reimplementation,muat_compatible_qkv_attention,0.0,,,3,0.0,0.7890625,0,0.211181640625,1
TCGA-A2-A0SV,tcga_mc3_wes,hrd_binary_33,MuAt-compatible reimplementation,muat_compatible_qkv_attention,1.0,,,4,0.0,0.9052734375,0,0.09454345703125,1
TCGA-A2-A0SW,tcga_mc3_wes,hrd_binary_33,MuAt-compatible reimplementation,muat_compatible_qkv_attention,0.0,,,1,0.0,0.9140625,0,0.0859375,1
TCGA-A2-A0SX,tcga_mc3_wes,hrd_binary_33,MuAt-compatible reimplementation,muat_compatible_qkv_attention,1.0,,,2,0.0,0.89697265625,0,0.10308837890625,1
TCGA-A2-A0SY,tcga_mc3_wes,hrd_binary_33,MuAt-compatible reimplementation,muat_compatible_qkv_attention,0.0,,,4,0.0,0.99169921875,0,0.00839996337890625,1
TCGA-A2-A0T0,tcga_mc3_wes,hrd_binary_33,MuAt-compatible reimplementation,muat_compatible_qkv_attention,1.0,,,3,1.0,0.398193359375,0,0.60205078125,1
TCGA-A2-A0T1,tcga_mc3_wes,hrd_binary_33,MuAt-compatible reimplementation,muat_compatible_qkv_attention,0.0,,,1,0.0,0.83544921875,0,0.164794921875,1
TCGA-A2-A0T2,tcga_mc3_wes,hrd_binary_33,MuAt-compatible reimplementation,muat_compatible_qkv_attention,0.0,,,4,1.0,0.1627197265625,0,0.83740234375,1
TCGA-A2-A0T3,tcga_mc3_wes,hrd_binary_33,MuAt-compatible reimplementation,muat_compatible_qkv_attention,1.0,,,5,0.0,0.60302734375,0,0.397216796875,1
TCGA-A2-A0T4,tcga_mc3_wes,hrd_binary_33,MuAt-compatible reimplementation,muat_compatible_qkv_attention,0.0,,,5,0.0,0.748046875,0,0.252197265625,1
TCGA-A2-A0T5,tcga_mc3_wes,hrd_binary_33,MuAt-compatible reimplementation,muat_compatible_qkv_attention,0.0,,,3,0.0,0.919921875,0,0.0802001953125,1
TCGA-A2-A0T6,tcga_mc3_wes,hrd_binary_33,MuAt-compatible reimplementation,muat_compatible_qkv_attention,0.0,,,3,0.0,0.90283203125,0,0.09722900390625,1
TCGA-A2-A0T7,tcga_mc3_wes,hrd_binary_33,MuAt-compatible reimplementation,muat_compatible_qkv_attention,0.0,,,5,0.0,0.9267578125,0,0.07342529296875,1
TCGA-A2-A0YC,tcga_mc3_wes,hrd_binary_33,MuAt-compatible reimplementation,muat_compatible_qkv_attention,0.0,,,1,0.0,0.947265625,0,0.05291748046875,1
TCGA-A2-A0YD,tcga_mc3_wes,hrd_binary_33,MuAt-compatible reimplementation,muat_compatible_qkv_attention,0.0,,,4,0.0,0.962890625,0,0.037322998046875,1
TCGA-A2-A0YE,tcga_mc3_wes,hrd_binary_33,MuAt-compatible reimplementation,muat_compatible_qkv_attention,1.0,,,1,0.0,0.72265625,0,0.27734375,1
TCGA-A2-A0YF,tcga_mc3_wes,hrd_binary_33,MuAt-compatible reimplementation,muat_compatible_qkv_attention,0.0,,,2,0.0,0.84228515625,0,0.15771484375,1
TCGA-A2-A0YG,tcga_mc3_wes,hrd_binary_33,MuAt-compatible reimplementation,muat_compatible_qkv_attention,0.0,,,1,0.0,0.5537109375,0,0.446044921875,1
TCGA-A2-A0YH,tcga_mc3_wes,hrd_binary_33,MuAt-compatible reimplementation,muat_compatible_qkv_attention,0.0,,,5,0.0,0.61181640625,0,0.38818359375,1
TCGA-A2-A0YJ,tcga_mc3_wes,hrd_binary_33,MuAt-compatible reimplementation,muat_compatible_qkv_attention,0.0,,,2,0.0,0.82763671875,0,0.17236328125,1
TCGA-A2-A0YK,tcga_mc3_wes,hrd_binary_33,MuAt-compatible reimplementation,muat_compatible_qkv_attention,0.0,,,5,0.0,0.55224609375,0,0.44775390625,1
TCGA-A2-A0YL,tcga_mc3_wes,hrd_binary_33,MuAt-compatible reimplementation,muat_compatible_qkv_attention,0.0,,,5,0.0,0.78662109375,0,0.21337890625,1
TCGA-A2-A0YM,tcga_mc3_wes,hrd_binary_33,MuAt-compatible reimplementation,muat_compatible_qkv_attention,1.0,,,1,0.0,0.54638671875,0,0.45361328125,1
TCGA-A2-A0YT,tcga_mc3_wes,hrd_binary_33,MuAt-compatible reimplementation,muat_compatible_qkv_attention,1.0,,,2,0.0,0.841796875,0,0.157958984375,1
TCGA-A2-A1FV,tcga_mc3_wes,hrd_binary_33,MuAt-compatible reimplementation,muat_compatible_qkv_attention,1.0,,,5,0.0,0.77685546875,0,0.22314453125,1
TCGA-A2-A1FX,tcga_mc3_wes,hrd_binary_33,MuAt-compatible reimplementation,muat_compatible_qkv_attention,0.0,,,1,0.0,0.92724609375,0,0.07257080078125,1
TCGA-A2-A1FZ,tcga_mc3_wes,hrd_binary_33,MuAt-compatible reimplementation,muat_compatible_qkv_attention,0.0,,,4,0.0,0.990234375,0,0.00974273681640625,1
TCGA-A2-A1G0,tcga_mc3_wes,hrd_binary_33,MuAt-compatible reimplementation,muat_compatible_qkv_attention,0.0,,,2,0.0,0.86083984375,0,0.1392822265625,1
TCGA-A2-A1G1,tcga_mc3_wes,hrd_binary_33,MuAt-compatible reimplementation,muat_compatible_qkv_attention,0.0,,,4,0.0,0.5009765625,0,0.4990234375,1
TCGA-A2-A1G4,tcga_mc3_wes,hrd_binary_33,MuAt-compatible reimplementation,muat_compatible_qkv_attention,0.0,,,1,0.0,0.947265625,0,0.0526123046875,1
TCGA-A2-A259,tcga_mc3_wes,hrd_binary_33,MuAt-compatible reimplementation,muat_compatible_qkv_attention,0.0,,,2,0.0,0.908203125,0,0.09185791015625,1
TCGA-A2-A25A,tcga_mc3_wes,hrd_binary_33,MuAt-compatible reimplementation,muat_compatible_qkv_attention,0.0,,,1,1.0,0.1021728515625,0,0.89794921875,1
TCGA-A2-A25C,tcga_mc3_wes,hrd_binary_33,MuAt-compatible reimplementation,muat_compatible_qkv_attention,0.0,,,2,0.0,0.791015625,0,0.208984375,1
TCGA-A2-A25D,tcga_mc3_wes,hrd_binary_33,MuAt-compatible reimplementation,muat_compatible_qkv_attention,1.0,,,2,0.0,0.8466796875,0,0.153076171875,1
TCGA-A2-A25E,tcga_mc3_wes,hrd_binary_33,MuAt-compatible reimplementation,muat_compatible_qkv_attention,1.0,,,1,1.0,0.1588134765625,0,0.84130859375,1
TCGA-A2-A3KD,tcga_mc3_wes,hrd_binary_33,MuAt-compatible reimplementation,muat_compatible_qkv_attention,0.0,,,2,0.0,0.96630859375,0,0.033721923828125,1
TCGA-A2-A3XU,tcga_mc3_wes,hrd_binary_33,MuAt-compatible reimplementation,muat_compatible_qkv_attention,0.0,,,2,0.0,0.92138671875,0,0.07879638671875,1
TCGA-A2-A3Y0,tcga_mc3_wes,hrd_binary_33,MuAt-compatible reimplementation,muat_compatible_qkv_attention,1.0,,,5,1.0,0.4111328125,0,0.5888671875,1
TCGA-A2-A4S1,tcga_mc3_wes,hrd_binary_33,MuAt-compatible reimplementation,muat_compatible_qkv_attention,0.0,,,1,1.0,0.27587890625,0,0.72412109375,1
TCGA-A2-A4S3,tcga_mc3_wes,hrd_binary_33,MuAt-compatible reimplementation,muat_compatible_qkv_attention,1.0,,,3,1.0,0.294921875,0,0.705078125,1
TCGA-A7-A0CE,tcga_mc3_wes,hrd_binary_33,MuAt-compatible reimplementation,muat_compatible_qkv_attention,1.0,,,2,0.0,0.61865234375,0,0.381103515625,1
TCGA-A7-A0CG,tcga_mc3_wes,hrd_binary_33,MuAt-compatible reimplementation,muat_compatible_qkv_attention,0.0,,,1,0.0,0.95263671875,0,0.04754638671875,1
TCGA-A7-A0CH,tcga_mc3_wes,hrd_binary_33,MuAt-compatible reimplementation,muat_compatible_qkv_attention,0.0,,,5,0.0,0.87890625,0,0.12109375,1
TCGA-A7-A0CJ,tcga_mc3_wes,hrd_binary_33,MuAt-compatible reimplementation,muat_compatible_qkv_attention,1.0,,,2,0.0,0.853515625,0,0.146728515625,1
TCGA-A7-A0D9,tcga_mc3_wes,hrd_binary_33,MuAt-compatible reimplementation,muat_compatible_qkv_attention,0.0,,,3,0.0,0.9169921875,0,0.082763671875,1
TCGA-A7-A0DA,tcga_mc3_wes,hrd_binary_33,MuAt-compatible reimplementation,muat_compatible_qkv_attention,1.0,,,4,1.0,0.20654296875,0,0.79345703125,1
TCGA-A7-A0DB,tcga_mc3_wes,hrd_binary_33,MuAt-compatible reimplementation,muat_compatible_qkv_attention,0.0,,,4,0.0,0.7890625,0,0.2110595703125,1
TCGA-A7-A13D,tcga_mc3_wes,hrd_binary_33,MuAt-compatible reimplementation,muat_compatible_qkv_attention,1.0,,,2,0.0,0.71826171875,0,0.28173828125,1
TCGA-A7-A13E,tcga_mc3_wes,hrd_binary_33,MuAt-compatible reimplementation,muat_compatible_qkv_attention,0.0,,,2,0.0,0.82275390625,0,0.1771240234375,1
TCGA-A7-A13F,tcga_mc3_wes,hrd_binary_33,MuAt-compatible reimplementation,muat_compatible_qkv_attention,0.0,,,4,0.0,0.974609375,0,0.0255889892578125,1
TCGA-A7-A26E,tcga_mc3_wes,hrd_binary_33,MuAt-compatible reimplementation,muat_compatible_qkv_attention,0.0,,,2,0.0,0.9306640625,0,0.069091796875,1
TCGA-A7-A26H,tcga_mc3_wes,hrd_binary_33,MuAt-compatible reimplementation,muat_compatible_qkv_attention,0.0,,,4,0.0,0.7919921875,0,0.2081298828125,1
TCGA-A7-A26I,tcga_mc3_wes,hrd_binary_33,MuAt-compatible reimplementation,muat_compatible_qkv_attention,1.0,,,2,0.0,0.86474609375,0,0.13525390625,1
TCGA-A7-A26J,tcga_mc3_wes,hrd_binary_33,MuAt-compatible reimplementation,muat_compatible_qkv_attention,0.0,,,2,0.0,0.87451171875,0,0.1253662109375,1
TCGA-A7-A4SE,tcga_mc3_wes,hrd_binary_33,MuAt-compatible reimplementation,muat_compatible_qkv_attention,1.0,,,3,1.0,0.16650390625,0,0.83349609375,1
TCGA-A7-A56D,tcga_mc3_wes,hrd_binary_33,MuAt-compatible reimplementation,muat_compatible_qkv_attention,1.0,,,1,0.0,0.53173828125,0,0.46826171875,1
TCGA-A7-A5ZV,tcga_mc3_wes,hrd_binary_33,MuAt-compatible reimplementation,muat_compatible_qkv_attention,1.0,,,4,1.0,0.2271728515625,0,0.77294921875,1
TCGA-A7-A5ZW,tcga_mc3_wes,hrd_binary_33,MuAt-compatible reimplementation,muat_compatible_qkv_attention,0.0,,,5,0.0,0.759765625,0,0.240234375,1
TCGA-A7-A5ZX,tcga_mc3_wes,hrd_binary_33,MuAt-compatible reimplementation,muat_compatible_qkv_attention,0.0,,,3,0.0,0.94921875,0,0.050567626953125,1
TCGA-A7-A6VW,tcga_mc3_wes,hrd_binary_33,MuAt-compatible reimplementation,muat_compatible_qkv_attention,1.0,,,2,0.0,0.7236328125,0,0.2763671875,1
TCGA-A7-A6VX,tcga_mc3_wes,hrd_binary_33,MuAt-compatible reimplementation,muat_compatible_qkv_attention,1.0,,,1,0.0,0.5146484375,0,0.4853515625,1
TCGA-A7-A6VY,tcga_mc3_wes,hrd_binary_33,MuAt-compatible reimplementation,muat_compatible_qkv_attention,1.0,,,4,1.0,0.1314697265625,0,0.86865234375,1
TCGA-A8-A06P,tcga_mc3_wes,hrd_binary_33,MuAt-compatible reimplementation,muat_compatible_qkv_attention,0.0,,,2,0.0,0.92529296875,0,0.07452392578125,1
TCGA-A8-A06Q,tcga_mc3_wes,hrd_binary_33,MuAt-compatible reimplementation,muat_compatible_qkv_attention,1.0,,,4,0.0,0.5859375,0,0.413818359375,1
TCGA-A8-A06R,tcga_mc3_wes,hrd_binary_33,MuAt-compatible reimplementation,muat_compatible_qkv_attention,1.0,,,5,0.0,0.72119140625,0,0.279052734375,1
TCGA-A8-A06U,tcga_mc3_wes,hrd_binary_33,MuAt-compatible reimplementation,muat_compatible_qkv_attention,1.0,,,3,1.0,0.27001953125,0,0.72998046875,1
TCGA-A8-A06X,tcga_mc3_wes,hrd_binary_33,MuAt-compatible reimplementation,muat_compatible_qkv_attention,1.0,,,5,1.0,0.412109375,0,0.587890625,1
TCGA-A8-A06Y,tcga_mc3_wes,hrd_binary_33,MuAt-compatible reimplementation,muat_compatible_qkv_attention,0.0,,,1,0.0,0.88525390625,0,0.11456298828125,1
TCGA-A8-A06Z,tcga_mc3_wes,hrd_binary_33,MuAt-compatible reimplementation,muat_compatible_qkv_attention,0.0,,,3,1.0,0.2012939453125,0,0.798828125,1
TCGA-A8-A075,tcga_mc3_wes,hrd_binary_33,MuAt-compatible reimplementation,muat_compatible_qkv_attention,1.0,,,2,0.0,0.79248046875,0,0.2076416015625,1
TCGA-A8-A076,tcga_mc3_wes,hrd_binary_33,MuAt-compatible reimplementation,muat_compatible_qkv_attention,0.0,,,4,1.0,0.304443359375,0,0.69580078125,1
TCGA-A8-A079,tcga_mc3_wes,hrd_binary_33,MuAt-compatible reimplementation,muat_compatible_qkv_attention,0.0,,,4,0.0,0.82568359375,0,0.174072265625,1
TCGA-A8-A07B,tcga_mc3_wes,hrd_binary_33,MuAt-compatible reimplementation,muat_compatible_qkv_attention,0.0,,,3,1.0,0.3916015625,0,0.6083984375,1
TCGA-A8-A07I,tcga_mc3_wes,hrd_binary_33,MuAt-compatible reimplementation,muat_compatible_qkv_attention,0.0,,,5,0.0,0.52490234375,0,0.474853515625,1
TCGA-A8-A07J,tcga_mc3_wes,hrd_binary_33,MuAt-compatible reimplementation,muat_compatible_qkv_attention,0.0,,,3,0.0,0.9072265625,0,0.09271240234375,1
TCGA-A8-A07L,tcga_mc3_wes,hrd_binary_33,MuAt-compatible reimplementation,muat_compatible_qkv_attention,1.0,,,5,1.0,0.4560546875,0,0.5439453125,1
TCGA-A8-A07O,tcga_mc3_wes,hrd_binary_33,MuAt-compatible reimplementation,muat_compatible_qkv_attention,0.0,,,4,0.0,0.97998046875,0,0.019866943359375,1
TCGA-A8-A07P,tcga_mc3_wes,hrd_binary_33,MuAt-compatible reimplementation,muat_compatible_qkv_attention,0.0,,,1,0.0,0.861328125,0,0.1387939453125,1
TCGA-A8-A07U,tcga_mc3_wes,hrd_binary_33,MuAt-compatible reimplementation,muat_compatible_qkv_attention,1.0,,,3,1.0,0.353271484375,0,0.646484375,1
TCGA-A8-A07W,tcga_mc3_wes,hrd_binary_33,MuAt-compatible reimplementation,muat_compatible_qkv_attention,0.0,,,5,0.0,0.51513671875,0,0.485107421875,1
TCGA-A8-A07Z,tcga_mc3_wes,hrd_binary_33,MuAt-compatible reimplementation,muat_compatible_qkv_attention,0.0,,,2,0.0,0.9208984375,0,0.0789794921875,1
TCGA-A8-A081,tcga_mc3_wes,hrd_binary_33,MuAt-compatible reimplementation,muat_compatible_qkv_attention,1.0,,,5,0.0,0.5556640625,0,0.444091796875,1
TCGA-A8-A082,tcga_mc3_wes,hrd_binary_33,MuAt-compatible reimplementation,muat_compatible_qkv_attention,0.0,,,4,0.0,0.92041015625,0,0.07977294921875,1
TCGA-A8-A083,tcga_mc3_wes,hrd_binary_33,MuAt-compatible reimplementation,muat_compatible_qkv_attention,0.0,,,5,0.0,0.6328125,0,0.3671875,1
TCGA-A8-A08B,tcga_mc3_wes,hrd_binary_33,MuAt-compatible reimplementation,muat_compatible_qkv_attention,0.0,,,3,0.0,0.609375,0,0.390625,1
TCGA-A8-A08G,tcga_mc3_wes,hrd_binary_33,MuAt-compatible reimplementation,muat_compatible_qkv_attention,0.0,,,5,0.0,0.63525390625,0,0.36474609375,1
TCGA-A8-A08H,tcga_mc3_wes,hrd_binary_33,MuAt-compatible reimplementation,muat_compatible_qkv_attention,0.0,,,3,0.0,0.92138671875,0,0.07843017578125,1
TCGA-A8-A08L,tcga_mc3_wes,hrd_binary_33,MuAt-compatible reimplementation,muat_compatible_qkv_attention,1.0,,,5,1.0,0.384521484375,0,0.615234375,1
TCGA-A8-A08O,tcga_mc3_wes,hrd_binary_33,MuAt-compatible reimplementation,muat_compatible_qkv_attention,0.0,,,3,0.0,0.974609375,0,0.0253448486328125,1
TCGA-A8-A08R,tcga_mc3_wes,hrd_binary_33,MuAt-compatible reimplementation,muat_compatible_qkv_attention,1.0,,,3,1.0,0.1004638671875,0,0.8994140625,1
TCGA-A8-A08T,tcga_mc3_wes,hrd_binary_33,MuAt-compatible reimplementation,muat_compatible_qkv_attention,0.0,,,4,0.0,0.63134765625,0,0.36865234375,1
TCGA-A8-A08X,tcga_mc3_wes,hrd_binary_33,MuAt-compatible reimplementation,muat_compatible_qkv_attention,1.0,,,4,0.0,0.96875,0,0.0310516357421875,1
TCGA-A8-A08Z,tcga_mc3_wes,hrd_binary_33,MuAt-compatible reimplementation,muat_compatible_qkv_attention,0.0,,,3,0.0,0.94873046875,0,0.051239013671875,1
TCGA-A8-A090,tcga_mc3_wes,hrd_binary_33,MuAt-compatible reimplementation,muat_compatible_qkv_attention,0.0,,,1,0.0,0.92919921875,0,0.0709228515625,1
TCGA-A8-A091,tcga_mc3_wes,hrd_binary_33,MuAt-compatible reimplementation,muat_compatible_qkv_attention,0.0,,,5,0.0,0.84228515625,0,0.15771484375,1
TCGA-A8-A092,tcga_mc3_wes,hrd_binary_33,MuAt-compatible reimplementation,muat_compatible_qkv_attention,0.0,,,3,0.0,0.59716796875,0,0.403076171875,1
TCGA-A8-A093,tcga_mc3_wes,hrd_binary_33,MuAt-compatible reimplementation,muat_compatible_qkv_attention,0.0,,,1,0.0,0.86376953125,0,0.1361083984375,1
TCGA-A8-A094,tcga_mc3_wes,hrd_binary_33,MuAt-compatible reimplementation,muat_compatible_qkv_attention,1.0,,,3,1.0,0.286376953125,0,0.7138671875,1
TCGA-A8-A095,tcga_mc3_wes,hrd_binary_33,MuAt-compatible reimplementation,muat_compatible_qkv_attention,0.0,,,5,0.0,0.61474609375,0,0.38525390625,1
TCGA-A8-A096,tcga_mc3_wes,hrd_binary_33,MuAt-compatible reimplementation,muat_compatible_qkv_attention,0.0,,,2,0.0,0.8876953125,0,0.1124267578125,1
TCGA-A8-A097,tcga_mc3_wes,hrd_binary_33,MuAt-compatible reimplementation,muat_compatible_qkv_attention,1.0,,,5,1.0,0.403564453125,0,0.59619140625,1
TCGA-A8-A099,tcga_mc3_wes,hrd_binary_33,MuAt-compatible reimplementation,muat_compatible_qkv_attention,0.0,,,2,0.0,0.9033203125,0,0.0966796875,1
TCGA-A8-A09A,tcga_mc3_wes,hrd_binary_33,MuAt-compatible reimplementation,muat_compatible_qkv_attention,1.0,,,4,1.0,0.296875,0,0.703125,1
TCGA-A8-A09B,tcga_mc3_wes,hrd_binary_33,MuAt-compatible reimplementation,muat_compatible_qkv_attention,0.0,,,1,0.0,0.88623046875,0,0.11358642578125,1
TCGA-A8-A09C,tcga_mc3_wes,hrd_binary_33,MuAt-compatible reimplementation,muat_compatible_qkv_attention,0.0,,,2,0.0,0.9013671875,0,0.0986328125,1
TCGA-A8-A09D,tcga_mc3_wes,hrd_binary_33,MuAt-compatible reimplementation,muat_compatible_qkv_attention,0.0,,,2,0.0,0.88037109375,0,0.119873046875,1
TCGA-A8-A09G,tcga_mc3_wes,hrd_binary_33,MuAt-compatible reimplementation,muat_compatible_qkv_attention,0.0,,,4,0.0,0.90234375,0,0.09747314453125,1
TCGA-A8-A09M,tcga_mc3_wes,hrd_binary_33,MuAt-compatible reimplementation,muat_compatible_qkv_attention,1.0,,,1,0.0,0.7275390625,0,0.2724609375,1
TCGA-A8-A09N,tcga_mc3_wes,hrd_binary_33,MuAt-compatible reimplementation,muat_compatible_qkv_attention,0.0,,,3,1.0,0.429443359375,0,0.57080078125,1
TCGA-A8-A09Q,tcga_mc3_wes,hrd_binary_33,MuAt-compatible reimplementation,muat_compatible_qkv_attention,1.0,,,4,0.0,0.833984375,0,0.1658935546875,1
TCGA-A8-A09T,tcga_mc3_wes,hrd_binary_33,MuAt-compatible reimplementation,muat_compatible_qkv_attention,0.0,,,2,0.0,0.94384765625,0,0.05609130859375,1
TCGA-A8-A09V,tcga_mc3_wes,hrd_binary_33,MuAt-compatible reimplementation,muat_compatible_qkv_attention,0.0,,,5,0.0,0.6005859375,0,0.3994140625,1
TCGA-A8-A09W,tcga_mc3_wes,hrd_binary_33,MuAt-compatible reimplementation,muat_compatible_qkv_attention,1.0,,,5,1.0,0.413330078125,0,0.58642578125,1
TCGA-A8-A09X,tcga_mc3_wes,hrd_binary_33,MuAt-compatible reimplementation,muat_compatible_qkv_attention,0.0,,,5,0.0,0.60693359375,0,0.39306640625,1
TCGA-A8-A09Z,tcga_mc3_wes,hrd_binary_33,MuAt-compatible reimplementation,muat_compatible_qkv_attention,0.0,,,3,1.0,0.142822265625,0,0.85693359375,1
TCGA-A8-A0A1,tcga_mc3_wes,hrd_binary_33,MuAt-compatible reimplementation,muat_compatible_qkv_attention,0.0,,,4,0.0,0.86767578125,0,0.132080078125,1
TCGA-A8-A0A2,tcga_mc3_wes,hrd_binary_33,MuAt-compatible reimplementation,muat_compatible_qkv_attention,0.0,,,5,0.0,0.68994140625,0,0.310302734375,1
TCGA-A8-A0A4,tcga_mc3_wes,hrd_binary_33,MuAt-compatible reimplementation,muat_compatible_qkv_attention,0.0,,,1,0.0,0.81494140625,0,0.18505859375,1
TCGA-A8-A0A6,tcga_mc3_wes,hrd_binary_33,MuAt-compatible reimplementation,muat_compatible_qkv_attention,0.0,,,1,0.0,0.9619140625,0,0.038238525390625,1
TCGA-A8-A0A7,tcga_mc3_wes,hrd_binary_33,MuAt-compatible reimplementation,muat_compatible_qkv_attention,0.0,,,3,0.0,0.94970703125,0,0.05010986328125,1
TCGA-A8-A0AB,tcga_mc3_wes,hrd_binary_33,MuAt-compatible reimplementation,muat_compatible_qkv_attention,0.0,,,1,0.0,0.6884765625,0,0.3115234375,1
TCGA-A8-A0AD,tcga_mc3_wes,hrd_binary_33,MuAt-compatible reimplementation,muat_compatible_qkv_attention,0.0,,,5,0.0,0.7197265625,0,0.280029296875,1
TCGA-AC-A23C,tcga_mc3_wes,hrd_binary_33,MuAt-compatible reimplementation,muat_compatible_qkv_attention,0.0,,,2,0.0,0.8505859375,0,0.1494140625,1
TCGA-AC-A23E,tcga_mc3_wes,hrd_binary_33,MuAt-compatible reimplementation,muat_compatible_qkv_attention,0.0,,,4,0.0,0.95458984375,0,0.045318603515625,1
TCGA-AC-A23H,tcga_mc3_wes,hrd_binary_33,MuAt-compatible reimplementation,muat_compatible_qkv_attention,0.0,,,5,1.0,0.38818359375,0,0.61181640625,1
TCGA-AC-A2B8,tcga_mc3_wes,hrd_binary_33,MuAt-compatible reimplementation,muat_compatible_qkv_attention,0.0,,,2,0.0,0.890625,0,0.10931396484375,1
TCGA-AC-A2FB,tcga_mc3_wes,hrd_binary_33,MuAt-compatible reimplementation,muat_compatible_qkv_attention,0.0,,,1,0.0,0.95654296875,0,0.043609619140625,1
TCGA-AC-A2FG,tcga_mc3_wes,hrd_binary_33,MuAt-compatible reimplementation,muat_compatible_qkv_attention,0.0,,,4,0.0,0.9794921875,0,0.0206451416015625,1
TCGA-AC-A2FO,tcga_mc3_wes,hrd_binary_33,MuAt-compatible reimplementation,muat_compatible_qkv_attention,0.0,,,5,0.0,0.86181640625,0,0.138427734375,1
TCGA-AC-A2QH,tcga_mc3_wes,hrd_binary_33,MuAt-compatible reimplementation,muat_compatible_qkv_attention,1.0,,,5,0.0,0.72900390625,0,0.27099609375,1
TCGA-AC-A3OD,tcga_mc3_wes,hrd_binary_33,MuAt-compatible reimplementation,muat_compatible_qkv_attention,0.0,,,2,0.0,0.94970703125,0,0.050506591796875,1
TCGA-AC-A3QQ,tcga_mc3_wes,hrd_binary_33,MuAt-compatible reimplementation,muat_compatible_qkv_attention,0.0,,,3,0.0,0.71826171875,0,0.281494140625,1
TCGA-AC-A3YI,tcga_mc3_wes,hrd_binary_33,MuAt-compatible reimplementation,muat_compatible_qkv_attention,0.0,,,5,0.0,0.68115234375,0,0.31884765625,1
TCGA-AC-A4ZE,tcga_mc3_wes,hrd_binary_33,MuAt-compatible reimplementation,muat_compatible_qkv_attention,0.0,,,4,0.0,0.88720703125,0,0.112548828125,1
TCGA-AC-A5EH,tcga_mc3_wes,hrd_binary_33,MuAt-compatible reimplementation,muat_compatible_qkv_attention,1.0,,,2,0.0,0.66845703125,0,0.33154296875,1
TCGA-AC-A5XS,tcga_mc3_wes,hrd_binary_33,MuAt-compatible reimplementation,muat_compatible_qkv_attention,0.0,,,5,1.0,0.445068359375,0,0.5546875,1
TCGA-AC-A5XU,tcga_mc3_wes,hrd_binary_33,MuAt-compatible reimplementation,muat_compatible_qkv_attention,0.0,,,2,0.0,0.8671875,0,0.1329345703125,1
TCGA-AC-A62Y,tcga_mc3_wes,hrd_binary_33,MuAt-compatible reimplementation,muat_compatible_qkv_attention,0.0,,,4,0.0,0.9638671875,0,0.036041259765625,1
TCGA-AC-A6IV,tcga_mc3_wes,hrd_binary_33,MuAt-compatible reimplementation,muat_compatible_qkv_attention,0.0,,,5,0.0,0.62646484375,0,0.373779296875,1
TCGA-AC-A6IW,tcga_mc3_wes,hrd_binary_33,MuAt-compatible reimplementation,muat_compatible_qkv_attention,0.0,,,3,1.0,0.2919921875,0,0.7080078125,1
TCGA-AC-A6IX,tcga_mc3_wes,hrd_binary_33,MuAt-compatible reimplementation,muat_compatible_qkv_attention,0.0,,,5,0.0,0.71533203125,0,0.284423828125,1
TCGA-AC-A6NO,tcga_mc3_wes,hrd_binary_33,MuAt-compatible reimplementation,muat_compatible_qkv_attention,0.0,,,3,0.0,0.94970703125,0,0.05023193359375,1
TCGA-AC-A7VB,tcga_mc3_wes,hrd_binary_33,MuAt-compatible reimplementation,muat_compatible_qkv_attention,0.0,,,3,0.0,0.84033203125,0,0.1597900390625,1
TCGA-AC-A7VC,tcga_mc3_wes,hrd_binary_33,MuAt-compatible reimplementation,muat_compatible_qkv_attention,0.0,,,5,0.0,0.673828125,0,0.325927734375,1
TCGA-AC-A8OP,tcga_mc3_wes,hrd_binary_33,MuAt-compatible reimplementation,muat_compatible_qkv_attention,1.0,,,5,1.0,0.45849609375,0,0.54150390625,1
TCGA-AC-A8OQ,tcga_mc3_wes,hrd_binary_33,MuAt-compatible reimplementation,muat_compatible_qkv_attention,1.0,,,1,0.0,0.55029296875,0,0.449462890625,1
TCGA-AC-A8OR,tcga_mc3_wes,hrd_binary_33,MuAt-compatible reimplementation,muat_compatible_qkv_attention,0.0,,,3,0.0,0.6640625,0,0.3359375,1
TCGA-AC-A8OS,tcga_mc3_wes,hrd_binary_33,MuAt-compatible reimplementation,muat_compatible_qkv_attention,0.0,,,4,1.0,0.161865234375,0,0.837890625,1
TCGA-AN-A03X,tcga_mc3_wes,hrd_binary_33,MuAt-compatible reimplementation,muat_compatible_qkv_attention,0.0,,,5,0.0,0.56201171875,0,0.437744140625,1
TCGA-AN-A03Y,tcga_mc3_wes,hrd_binary_33,MuAt-compatible reimplementation,muat_compatible_qkv_attention,0.0,,,1,0.0,0.96826171875,0,0.031982421875,1
TCGA-AN-A041,tcga_mc3_wes,hrd_binary_33,MuAt-compatible reimplementation,muat_compatible_qkv_attention,0.0,,,4,0.0,0.97900390625,0,0.0209503173828125,1
TCGA-AN-A046,tcga_mc3_wes,hrd_binary_33,MuAt-compatible reimplementation,muat_compatible_qkv_attention,0.0,,,3,0.0,0.728515625,0,0.271728515625,1
TCGA-AN-A049,tcga_mc3_wes,hrd_binary_33,MuAt-compatible reimplementation,muat_compatible_qkv_attention,1.0,,,3,0.0,0.97607421875,0,0.024169921875,1
TCGA-AN-A04C,tcga_mc3_wes,hrd_binary_33,MuAt-compatible reimplementation,muat_compatible_qkv_attention,1.0,,,4,0.0,0.73486328125,0,0.265380859375,1
TCGA-AN-A04D,tcga_mc3_wes,hrd_binary_33,MuAt-compatible reimplementation,muat_compatible_qkv_attention,1.0,,,2,0.0,0.689453125,0,0.310546875,1
TCGA-AN-A0AJ,tcga_mc3_wes,hrd_binary_33,MuAt-compatible reimplementation,muat_compatible_qkv_attention,1.0,,,4,0.0,0.81689453125,0,0.182861328125,1
TCGA-AN-A0AL,tcga_mc3_wes,hrd_binary_33,MuAt-compatible reimplementation,muat_compatible_qkv_attention,1.0,,,4,1.0,0.329345703125,0,0.6708984375,1
TCGA-AN-A0AM,tcga_mc3_wes,hrd_binary_33,MuAt-compatible reimplementation,muat_compatible_qkv_attention,1.0,,,5,0.0,0.5185546875,0,0.4814453125,1
TCGA-AN-A0AR,tcga_mc3_wes,hrd_binary_33,MuAt-compatible reimplementation,muat_compatible_qkv_attention,1.0,,,1,1.0,0.2705078125,0,0.7294921875,1
TCGA-AN-A0AS,tcga_mc3_wes,hrd_binary_33,MuAt-compatible reimplementation,muat_compatible_qkv_attention,0.0,,,3,1.0,0.37451171875,0,0.62548828125,1
TCGA-AN-A0AT,tcga_mc3_wes,hrd_binary_33,MuAt-compatible reimplementation,muat_compatible_qkv_attention,1.0,,,3,0.0,0.59326171875,0,0.40673828125,1
TCGA-AN-A0FJ,tcga_mc3_wes,hrd_binary_33,MuAt-compatible reimplementation,muat_compatible_qkv_attention,0.0,,,5,0.0,0.51220703125,0,0.48779296875,1
TCGA-AN-A0FK,tcga_mc3_wes,hrd_binary_33,MuAt-compatible reimplementation,muat_compatible_qkv_attention,0.0,,,3,0.0,0.8037109375,0,0.1961669921875,1
TCGA-AN-A0FN,tcga_mc3_wes,hrd_binary_33,MuAt-compatible reimplementation,muat_compatible_qkv_attention,0.0,,,1,0.0,0.8623046875,0,0.1378173828125,1
TCGA-AN-A0FS,tcga_mc3_wes,hrd_binary_33,MuAt-compatible reimplementation,muat_compatible_qkv_attention,0.0,,,2,0.0,0.87158203125,0,0.128662109375,1
TCGA-AN-A0FT,tcga_mc3_wes,hrd_binary_33,MuAt-compatible reimplementation,muat_compatible_qkv_attention,1.0,,,3,1.0,0.35791015625,0,0.64208984375,1
TCGA-AN-A0FV,tcga_mc3_wes,hrd_binary_33,MuAt-compatible reimplementation,muat_compatible_qkv_attention,1.0,,,4,0.0,0.87353515625,0,0.12646484375,1
TCGA-AN-A0FW,tcga_mc3_wes,hrd_binary_33,MuAt-compatible reimplementation,muat_compatible_qkv_attention,0.0,,,5,0.0,0.56884765625,0,0.43115234375,1
TCGA-AN-A0FX,tcga_mc3_wes,hrd_binary_33,MuAt-compatible reimplementation,muat_compatible_qkv_attention,1.0,,,4,1.0,0.148681640625,0,0.85107421875,1
TCGA-AN-A0FY,tcga_mc3_wes,hrd_binary_33,MuAt-compatible reimplementation,muat_compatible_qkv_attention,1.0,,,2,0.0,0.91943359375,0,0.08056640625,1
TCGA-AN-A0FZ,tcga_mc3_wes,hrd_binary_33,MuAt-compatible reimplementation,muat_compatible_qkv_attention,0.0,,,2,0.0,0.9013671875,0,0.09869384765625,1
TCGA-AN-A0XN,tcga_mc3_wes,hrd_binary_33,MuAt-compatible reimplementation,muat_compatible_qkv_attention,1.0,,,5,1.0,0.41845703125,0,0.58154296875,1
TCGA-AN-A0XO,tcga_mc3_wes,hrd_binary_33,MuAt-compatible reimplementation,muat_compatible_qkv_attention,0.0,,,3,0.0,0.87646484375,0,0.12335205078125,1
TCGA-AN-A0XP,tcga_mc3_wes,hrd_binary_33,MuAt-compatible reimplementation,muat_compatible_qkv_attention,0.0,,,4,1.0,0.387939453125,0,0.6123046875,1
TCGA-AN-A0XR,tcga_mc3_wes,hrd_binary_33,MuAt-compatible reimplementation,muat_compatible_qkv_attention,0.0,,,1,0.0,0.7919921875,0,0.2078857421875,1
TCGA-AN-A0XS,tcga_mc3_wes,hrd_binary_33,MuAt-compatible reimplementation,muat_compatible_qkv_attention,0.0,,,3,0.0,0.9765625,0,0.02362060546875,1
TCGA-AN-A0XT,tcga_mc3_wes,hrd_binary_33,MuAt-compatible reimplementation,muat_compatible_qkv_attention,1.0,,,5,0.0,0.58349609375,0,0.416259765625,1
TCGA-AN-A0XU,tcga_mc3_wes,hrd_binary_33,MuAt-compatible reimplementation,muat_compatible_qkv_attention,1.0,,,2,0.0,0.71484375,0,0.28515625,1
TCGA-AN-A0XV,tcga_mc3_wes,hrd_binary_33,MuAt-compatible reimplementation,muat_compatible_qkv_attention,0.0,,,1,0.0,0.80029296875,0,0.199462890625,1
TCGA-AN-A0XW,tcga_mc3_wes,hrd_binary_33,MuAt-compatible reimplementation,muat_compatible_qkv_attention,0.0,,,4,0.0,0.9892578125,0,0.01067352294921875,1
TCGA-AO-A03L,tcga_mc3_wes,hrd_binary_33,MuAt-compatible reimplementation,muat_compatible_qkv_attention,0.0,,,4,0.0,0.98193359375,0,0.0181121826171875,1
TCGA-AO-A03O,tcga_mc3_wes,hrd_binary_33,MuAt-compatible reimplementation,muat_compatible_qkv_attention,1.0,,,4,0.0,0.96044921875,0,0.0396728515625,1
TCGA-AO-A03P,tcga_mc3_wes,hrd_binary_33,MuAt-compatible reimplementation,muat_compatible_qkv_attention,0.0,,,1,0.0,0.95263671875,0,0.047515869140625,1
TCGA-AO-A03R,tcga_mc3_wes,hrd_binary_33,MuAt-compatible reimplementation,muat_compatible_qkv_attention,0.0,,,3,1.0,0.399658203125,0,0.60009765625,1
TCGA-AO-A03T,tcga_mc3_wes,hrd_binary_33,MuAt-compatible reimplementation,muat_compatible_qkv_attention,1.0,,,3,0.0,0.66748046875,0,0.332763671875,1
TCGA-AO-A03V,tcga_mc3_wes,hrd_binary_33,MuAt-compatible reimplementation,muat_compatible_qkv_attention,1.0,,,2,0.0,0.81982421875,0,0.1802978515625,1
TCGA-AO-A0J2,tcga_mc3_wes,hrd_binary_33,MuAt-compatible reimplementation,muat_compatible_qkv_attention,1.0,,,1,0.0,0.7841796875,0,0.216064453125,1
TCGA-AO-A0J3,tcga_mc3_wes,hrd_binary_33,MuAt-compatible reimplementation,muat_compatible_qkv_attention,1.0,,,5,0.0,0.66064453125,0,0.33935546875,1
TCGA-AO-A0J4,tcga_mc3_wes,hrd_binary_33,MuAt-compatible reimplementation,muat_compatible_qkv_attention,1.0,,,2,0.0,0.71142578125,0,0.288330078125,1
TCGA-AO-A0J6,tcga_mc3_wes,hrd_binary_33,MuAt-compatible reimplementation,muat_compatible_qkv_attention,1.0,,,1,1.0,0.345947265625,0,0.65380859375,1
TCGA-AO-A0J7,tcga_mc3_wes,hrd_binary_33,MuAt-compatible reimplementation,muat_compatible_qkv_attention,0.0,,,5,0.0,0.728515625,0,0.271240234375,1
TCGA-AO-A0J8,tcga_mc3_wes,hrd_binary_33,MuAt-compatible reimplementation,muat_compatible_qkv_attention,0.0,,,1,0.0,0.88232421875,0,0.11749267578125,1
TCGA-AO-A0J9,tcga_mc3_wes,hrd_binary_33,MuAt-compatible reimplementation,muat_compatible_qkv_attention,0.0,,,5,0.0,0.74365234375,0,0.25634765625,1
TCGA-AO-A0JA,tcga_mc3_wes,hrd_binary_33,MuAt-compatible reimplementation,muat_compatible_qkv_attention,1.0,,,2,0.0,0.94921875,0,0.050994873046875,1
TCGA-AO-A0JB,tcga_mc3_wes,hrd_binary_33,MuAt-compatible reimplementation,muat_compatible_qkv_attention,1.0,,,2,0.0,0.71826171875,0,0.281982421875,1
TCGA-AO-A0JD,tcga_mc3_wes,hrd_binary_33,MuAt-compatible reimplementation,muat_compatible_qkv_attention,1.0,,,1,1.0,0.12432861328125,0,0.87548828125,1
TCGA-AO-A0JE,tcga_mc3_wes,hrd_binary_33,MuAt-compatible reimplementation,muat_compatible_qkv_attention,1.0,,,1,0.0,0.6640625,0,0.3359375,1
TCGA-AO-A0JF,tcga_mc3_wes,hrd_binary_33,MuAt-compatible reimplementation,muat_compatible_qkv_attention,0.0,,,2,0.0,0.90380859375,0,0.09625244140625,1
TCGA-AO-A0JG,tcga_mc3_wes,hrd_binary_33,MuAt-compatible reimplementation,muat_compatible_qkv_attention,0.0,,,3,0.0,0.8359375,0,0.163818359375,1
TCGA-AO-A0JI,tcga_mc3_wes,hrd_binary_33,MuAt-compatible reimplementation,muat_compatible_qkv_attention,0.0,,,4,0.0,0.75439453125,0,0.245849609375,1
TCGA-AO-A0JJ,tcga_mc3_wes,hrd_binary_33,MuAt-compatible reimplementation,muat_compatible_qkv_attention,0.0,,,2,0.0,0.8798828125,0,0.12005615234375,1
TCGA-AO-A0JM,tcga_mc3_wes,hrd_binary_33,MuAt-compatible reimplementation,muat_compatible_qkv_attention,1.0,,,2,0.0,0.89453125,0,0.10546875,1
TCGA-AO-A124,tcga_mc3_wes,hrd_binary_33,MuAt-compatible reimplementation,muat_compatible_qkv_attention,1.0,,,5,1.0,0.396484375,0,0.603515625,1
TCGA-AO-A128,tcga_mc3_wes,hrd_binary_33,MuAt-compatible reimplementation,muat_compatible_qkv_attention,0.0,,,3,1.0,0.34033203125,0,0.65966796875,1
TCGA-AO-A12A,tcga_mc3_wes,hrd_binary_33,MuAt-compatible reimplementation,muat_compatible_qkv_attention,0.0,,,2,0.0,0.95654296875,0,0.0435791015625,1
TCGA-AO-A12D,tcga_mc3_wes,hrd_binary_33,MuAt-compatible reimplementation,muat_compatible_qkv_attention,0.0,,,5,0.0,0.73681640625,0,0.26318359375,1
TCGA-AO-A12F,tcga_mc3_wes,hrd_binary_33,MuAt-compatible reimplementation,muat_compatible_qkv_attention,1.0,,,4,0.0,0.9921875,0,0.00787353515625,1
TCGA-AO-A12H,tcga_mc3_wes,hrd_binary_33,MuAt-compatible reimplementation,muat_compatible_qkv_attention,0.0,,,1,0.0,0.95556640625,0,0.04443359375,1
TCGA-AO-A1KP,tcga_mc3_wes,hrd_binary_33,MuAt-compatible reimplementation,muat_compatible_qkv_attention,0.0,,,4,0.0,0.99462890625,0,0.005405426025390625,1
TCGA-AO-A1KR,tcga_mc3_wes,hrd_binary_33,MuAt-compatible reimplementation,muat_compatible_qkv_attention,1.0,,,1,0.0,0.6005859375,0,0.3994140625,1
TCGA-AO-A1KT,tcga_mc3_wes,hrd_binary_33,MuAt-compatible reimplementation,muat_compatible_qkv_attention,0.0,,,5,0.0,0.57275390625,0,0.427001953125,1
TCGA-AQ-A04H,tcga_mc3_wes,hrd_binary_33,MuAt-compatible reimplementation,muat_compatible_qkv_attention,0.0,,,2,0.0,0.91845703125,0,0.08135986328125,1
TCGA-AQ-A04J,tcga_mc3_wes,hrd_binary_33,MuAt-compatible reimplementation,muat_compatible_qkv_attention,1.0,,,2,0.0,0.75537109375,0,0.244873046875,1
TCGA-AQ-A1H2,tcga_mc3_wes,hrd_binary_33,MuAt-compatible reimplementation,muat_compatible_qkv_attention,0.0,,,2,0.0,0.90576171875,0,0.09417724609375,1
TCGA-AQ-A1H3,tcga_mc3_wes,hrd_binary_33,MuAt-compatible reimplementation,muat_compatible_qkv_attention,0.0,,,5,0.0,0.67578125,0,0.32421875,1
TCGA-AR-A0TP,tcga_mc3_wes,hrd_binary_33,MuAt-compatible reimplementation,muat_compatible_qkv_attention,1.0,,,5,0.0,0.51513671875,0,0.48486328125,1
TCGA-AR-A0TQ,tcga_mc3_wes,hrd_binary_33,MuAt-compatible reimplementation,muat_compatible_qkv_attention,0.0,,,4,0.0,0.74365234375,0,0.25634765625,1
TCGA-AR-A0TR,tcga_mc3_wes,hrd_binary_33,MuAt-compatible reimplementation,muat_compatible_qkv_attention,0.0,,,4,0.0,0.99658203125,0,0.00345611572265625,1
TCGA-AR-A0TS,tcga_mc3_wes,hrd_binary_33,MuAt-compatible reimplementation,muat_compatible_qkv_attention,1.0,,,5,0.0,0.58837890625,0,0.411376953125,1
TCGA-AR-A0TT,tcga_mc3_wes,hrd_binary_33,MuAt-compatible reimplementation,muat_compatible_qkv_attention,1.0,,,1,0.0,0.85400390625,0,0.14599609375,1
TCGA-AR-A0TV,tcga_mc3_wes,hrd_binary_33,MuAt-compatible reimplementation,muat_compatible_qkv_attention,1.0,,,3,1.0,0.302001953125,0,0.69775390625,1
TCGA-AR-A0TW,tcga_mc3_wes,hrd_binary_33,MuAt-compatible reimplementation,muat_compatible_qkv_attention,1.0,,,2,0.0,0.8642578125,0,0.1357421875,1
TCGA-AR-A0TX,tcga_mc3_wes,hrd_binary_33,MuAt-compatible reimplementation,muat_compatible_qkv_attention,0.0,,,2,0.0,0.8427734375,0,0.1572265625,1
TCGA-AR-A0TY,tcga_mc3_wes,hrd_binary_33,MuAt-compatible reimplementation,muat_compatible_qkv_attention,1.0,,,3,0.0,0.83251953125,0,0.1676025390625,1
TCGA-AR-A0TZ,tcga_mc3_wes,hrd_binary_33,MuAt-compatible reimplementation,muat_compatible_qkv_attention,0.0,,,5,0.0,0.6962890625,0,0.303955078125,1
TCGA-AR-A0U0,tcga_mc3_wes,hrd_binary_33,MuAt-compatible reimplementation,muat_compatible_qkv_attention,0.0,,,3,1.0,0.1807861328125,0,0.8193359375,1
TCGA-AR-A1AH,tcga_mc3_wes,hrd_binary_33,MuAt-compatible reimplementation,muat_compatible_qkv_attention,0.0,,,4,1.0,0.133056640625,0,0.8671875,1
TCGA-AR-A1AI,tcga_mc3_wes,hrd_binary_33,MuAt-compatible reimplementation,muat_compatible_qkv_attention,1.0,,,1,0.0,0.603515625,0,0.396728515625,1
TCGA-AR-A1AJ,tcga_mc3_wes,hrd_binary_33,MuAt-compatible reimplementation,muat_compatible_qkv_attention,0.0,,,5,0.0,0.77685546875,0,0.2232666015625,1
TCGA-AR-A1AK,tcga_mc3_wes,hrd_binary_33,MuAt-compatible reimplementation,muat_compatible_qkv_attention,0.0,,,5,0.0,0.67578125,0,0.32421875,1
TCGA-AR-A1AN,tcga_mc3_wes,hrd_binary_33,MuAt-compatible reimplementation,muat_compatible_qkv_attention,0.0,,,3,1.0,0.3525390625,0,0.6474609375,1
TCGA-AR-A1AO,tcga_mc3_wes,hrd_binary_33,MuAt-compatible reimplementation,muat_compatible_qkv_attention,0.0,,,3,0.0,0.921875,0,0.078125,1
TCGA-AR-A1AP,tcga_mc3_wes,hrd_binary_33,MuAt-compatible reimplementation,muat_compatible_qkv_attention,0.0,,,3,0.0,0.53662109375,0,0.463134765625,1
TCGA-AR-A1AQ,tcga_mc3_wes,hrd_binary_33,MuAt-compatible reimplementation,muat_compatible_qkv_attention,0.0,,,1,0.0,0.5576171875,0,0.442138671875,1
TCGA-AR-A1AR,tcga_mc3_wes,hrd_binary_33,MuAt-compatible reimplementation,muat_compatible_qkv_attention,0.0,,,3,1.0,0.1920166015625,0,0.80810546875,1
TCGA-AR-A1AU,tcga_mc3_wes,hrd_binary_33,MuAt-compatible reimplementation,muat_compatible_qkv_attention,0.0,,,3,1.0,0.48291015625,0,0.51708984375,1
TCGA-AR-A1AW,tcga_mc3_wes,hrd_binary_33,MuAt-compatible reimplementation,muat_compatible_qkv_attention,0.0,,,1,0.0,0.91259765625,0,0.08746337890625,1
TCGA-AR-A1AX,tcga_mc3_wes,hrd_binary_33,MuAt-compatible reimplementation,muat_compatible_qkv_attention,0.0,,,5,0.0,0.65283203125,0,0.347412109375,1
TCGA-AR-A1AY,tcga_mc3_wes,hrd_binary_33,MuAt-compatible reimplementation,muat_compatible_qkv_attention,1.0,,,2,0.0,0.89697265625,0,0.103271484375,1
TCGA-AR-A24L,tcga_mc3_wes,hrd_binary_33,MuAt-compatible reimplementation,muat_compatible_qkv_attention,1.0,,,5,1.0,0.467041015625,0,0.533203125,1
TCGA-AR-A24N,tcga_mc3_wes,hrd_binary_33,MuAt-compatible reimplementation,muat_compatible_qkv_attention,0.0,,,3,0.0,0.89404296875,0,0.10614013671875,1
TCGA-AR-A24O,tcga_mc3_wes,hrd_binary_33,MuAt-compatible reimplementation,muat_compatible_qkv_attention,0.0,,,3,1.0,0.307861328125,0,0.6923828125,1
TCGA-AR-A24P,tcga_mc3_wes,hrd_binary_33,MuAt-compatible reimplementation,muat_compatible_qkv_attention,0.0,,,3,1.0,0.236572265625,0,0.76318359375,1
TCGA-AR-A24Q,tcga_mc3_wes,hrd_binary_33,MuAt-compatible reimplementation,muat_compatible_qkv_attention,1.0,,,3,1.0,0.156494140625,0,0.84375,1
TCGA-AR-A24R,tcga_mc3_wes,hrd_binary_33,MuAt-compatible reimplementation,muat_compatible_qkv_attention,0.0,,,5,0.0,0.7568359375,0,0.2430419921875,1
TCGA-AR-A24S,tcga_mc3_wes,hrd_binary_33,MuAt-compatible reimplementation,muat_compatible_qkv_attention,0.0,,,3,1.0,0.344970703125,0,0.6552734375,1
TCGA-AR-A24U,tcga_mc3_wes,hrd_binary_33,MuAt-compatible reimplementation,muat_compatible_qkv_attention,0.0,,,3,1.0,0.3349609375,0,0.6650390625,1
TCGA-AR-A24V,tcga_mc3_wes,hrd_binary_33,MuAt-compatible reimplementation,muat_compatible_qkv_attention,0.0,,,2,0.0,0.9228515625,0,0.07696533203125,1
TCGA-AR-A24W,tcga_mc3_wes,hrd_binary_33,MuAt-compatible reimplementation,muat_compatible_qkv_attention,0.0,,,3,0.0,0.923828125,0,0.07598876953125,1
TCGA-AR-A24X,tcga_mc3_wes,hrd_binary_33,MuAt-compatible reimplementation,muat_compatible_qkv_attention,0.0,,,4,0.0,0.97802734375,0,0.021942138671875,1
TCGA-AR-A24Z,tcga_mc3_wes,hrd_binary_33,MuAt-compatible reimplementation,muat_compatible_qkv_attention,1.0,,,2,0.0,0.84375,0,0.156494140625,1
TCGA-AR-A250,tcga_mc3_wes,hrd_binary_33,MuAt-compatible reimplementation,muat_compatible_qkv_attention,0.0,,,2,0.0,0.84619140625,0,0.15380859375,1
TCGA-AR-A251,tcga_mc3_wes,hrd_binary_33,MuAt-compatible reimplementation,muat_compatible_qkv_attention,1.0,,,3,1.0,0.0928955078125,0,0.9072265625,1
TCGA-AR-A252,tcga_mc3_wes,hrd_binary_33,MuAt-compatible reimplementation,muat_compatible_qkv_attention,0.0,,,5,0.0,0.7080078125,0,0.2919921875,1
TCGA-AR-A254,tcga_mc3_wes,hrd_binary_33,MuAt-compatible reimplementation,muat_compatible_qkv_attention,0.0,,,2,0.0,0.92431640625,0,0.07586669921875,1
TCGA-AR-A256,tcga_mc3_wes,hrd_binary_33,MuAt-compatible reimplementation,muat_compatible_qkv_attention,1.0,,,5,1.0,0.447021484375,0,0.552734375,1
TCGA-AR-A2LH,tcga_mc3_wes,hrd_binary_33,MuAt-compatible reimplementation,muat_compatible_qkv_attention,0.0,,,4,0.0,0.9814453125,0,0.01837158203125,1
TCGA-AR-A2LK,tcga_mc3_wes,hrd_binary_33,MuAt-compatible reimplementation,muat_compatible_qkv_attention,0.0,,,1,0.0,0.9033203125,0,0.0965576171875,1
TCGA-AR-A2LN,tcga_mc3_wes,hrd_binary_33,MuAt-compatible reimplementation,muat_compatible_qkv_attention,0.0,,,1,0.0,0.72119140625,0,0.279052734375,1
TCGA-AR-A2LO,tcga_mc3_wes,hrd_binary_33,MuAt-compatible reimplementation,muat_compatible_qkv_attention,0.0,,,4,0.0,0.98388671875,0,0.01593017578125,1
TCGA-AR-A2LQ,tcga_mc3_wes,hrd_binary_33,MuAt-compatible reimplementation,muat_compatible_qkv_attention,0.0,,,1,1.0,0.3173828125,0,0.6826171875,1
TCGA-AR-A5QM,tcga_mc3_wes,hrd_binary_33,MuAt-compatible reimplementation,muat_compatible_qkv_attention,0.0,,,5,0.0,0.71533203125,0,0.28466796875,1
TCGA-AR-A5QN,tcga_mc3_wes,hrd_binary_33,MuAt-compatible reimplementation,muat_compatible_qkv_attention,0.0,,,2,0.0,0.9169921875,0,0.0831298828125,1
TCGA-AR-A5QP,tcga_mc3_wes,hrd_binary_33,MuAt-compatible reimplementation,muat_compatible_qkv_attention,0.0,,,4,1.0,0.354248046875,0,0.64599609375,1
TCGA-AR-A5QQ,tcga_mc3_wes,hrd_binary_33,MuAt-compatible reimplementation,muat_compatible_qkv_attention,0.0,,,2,0.0,0.744140625,0,0.256103515625,1
TCGA-B6-A0I2,tcga_mc3_wes,hrd_binary_33,MuAt-compatible reimplementation,muat_compatible_qkv_attention,1.0,,,3,1.0,0.271484375,0,0.728515625,1
TCGA-B6-A0I5,tcga_mc3_wes,hrd_binary_33,MuAt-compatible reimplementation,muat_compatible_qkv_attention,0.0,,,3,0.0,0.89697265625,0,0.1029052734375,1
TCGA-B6-A0I9,tcga_mc3_wes,hrd_binary_33,MuAt-compatible reimplementation,muat_compatible_qkv_attention,1.0,,,1,0.0,0.66748046875,0,0.33251953125,1
TCGA-B6-A0IB,tcga_mc3_wes,hrd_binary_33,MuAt-compatible reimplementation,muat_compatible_qkv_attention,0.0,,,4,0.0,0.806640625,0,0.1934814453125,1
TCGA-B6-A0IC,tcga_mc3_wes,hrd_binary_33,MuAt-compatible reimplementation,muat_compatible_qkv_attention,0.0,,,4,0.0,0.9638671875,0,0.0361328125,1
TCGA-B6-A0IE,tcga_mc3_wes,hrd_binary_33,MuAt-compatible reimplementation,muat_compatible_qkv_attention,0.0,,,4,0.0,0.95654296875,0,0.043365478515625,1
TCGA-B6-A0IH,tcga_mc3_wes,hrd_binary_33,MuAt-compatible reimplementation,muat_compatible_qkv_attention,0.0,,,5,0.0,0.75,0,0.249755859375,1
TCGA-B6-A0IJ,tcga_mc3_wes,hrd_binary_33,MuAt-compatible reimplementation,muat_compatible_qkv_attention,1.0,,,2,0.0,0.7080078125,0,0.2919921875,1
TCGA-B6-A0IN,tcga_mc3_wes,hrd_binary_33,MuAt-compatible reimplementation,muat_compatible_qkv_attention,0.0,,,4,0.0,0.84619140625,0,0.1536865234375,1
TCGA-B6-A0RE,tcga_mc3_wes,hrd_binary_33,MuAt-compatible reimplementation,muat_compatible_qkv_attention,1.0,,,1,1.0,0.194580078125,0,0.8056640625,1
TCGA-B6-A0RG,tcga_mc3_wes,hrd_binary_33,MuAt-compatible reimplementation,muat_compatible_qkv_attention,0.0,,,1,0.0,0.63623046875,0,0.36376953125,1
TCGA-B6-A0RH,tcga_mc3_wes,hrd_binary_33,MuAt-compatible reimplementation,muat_compatible_qkv_attention,0.0,,,2,0.0,0.9306640625,0,0.0693359375,1
TCGA-B6-A0RI,tcga_mc3_wes,hrd_binary_33,MuAt-compatible reimplementation,muat_compatible_qkv_attention,0.0,,,4,0.0,0.97119140625,0,0.028564453125,1
TCGA-B6-A0RL,tcga_mc3_wes,hrd_binary_33,MuAt-compatible reimplementation,muat_compatible_qkv_attention,0.0,,,3,0.0,0.927734375,0,0.072265625,1
TCGA-B6-A0RN,tcga_mc3_wes,hrd_binary_33,MuAt-compatible reimplementation,muat_compatible_qkv_attention,0.0,,,4,0.0,0.98583984375,0,0.01433563232421875,1
TCGA-B6-A0RO,tcga_mc3_wes,hrd_binary_33,MuAt-compatible reimplementation,muat_compatible_qkv_attention,0.0,,,2,0.0,0.861328125,0,0.138427734375,1
TCGA-B6-A0RP,tcga_mc3_wes,hrd_binary_33,MuAt-compatible reimplementation,muat_compatible_qkv_attention,0.0,,,5,0.0,0.74169921875,0,0.258056640625,1
TCGA-B6-A0RS,tcga_mc3_wes,hrd_binary_33,MuAt-compatible reimplementation,muat_compatible_qkv_attention,1.0,,,3,0.0,0.6220703125,0,0.3779296875,1
TCGA-B6-A0RU,tcga_mc3_wes,hrd_binary_33,MuAt-compatible reimplementation,muat_compatible_qkv_attention,0.0,,,3,0.0,0.51416015625,0,0.48583984375,1
TCGA-B6-A0RV,tcga_mc3_wes,hrd_binary_33,MuAt-compatible reimplementation,muat_compatible_qkv_attention,0.0,,,5,0.0,0.6630859375,0,0.337158203125,1
TCGA-B6-A0WS,tcga_mc3_wes,hrd_binary_33,MuAt-compatible reimplementation,muat_compatible_qkv_attention,0.0,,,3,0.0,0.82568359375,0,0.1744384765625,1
TCGA-B6-A0WT,tcga_mc3_wes,hrd_binary_33,MuAt-compatible reimplementation,muat_compatible_qkv_attention,0.0,,,3,0.0,0.79736328125,0,0.202880859375,1
TCGA-B6-A0WW,tcga_mc3_wes,hrd_binary_33,MuAt-compatible reimplementation,muat_compatible_qkv_attention,0.0,,,4,0.0,0.7548828125,0,0.2452392578125,1
TCGA-B6-A0WY,tcga_mc3_wes,hrd_binary_33,MuAt-compatible reimplementation,muat_compatible_qkv_attention,0.0,,,4,0.0,0.89404296875,0,0.10601806640625,1
TCGA-B6-A0WZ,tcga_mc3_wes,hrd_binary_33,MuAt-compatible reimplementation,muat_compatible_qkv_attention,0.0,,,3,0.0,0.9130859375,0,0.0867919921875,1
TCGA-B6-A0X0,tcga_mc3_wes,hrd_binary_33,MuAt-compatible reimplementation,muat_compatible_qkv_attention,0.0,,,3,0.0,0.9736328125,0,0.026275634765625,1
TCGA-B6-A0X1,tcga_mc3_wes,hrd_binary_33,MuAt-compatible reimplementation,muat_compatible_qkv_attention,1.0,,,1,1.0,0.35693359375,0,0.64306640625,1
TCGA-B6-A0X4,tcga_mc3_wes,hrd_binary_33,MuAt-compatible reimplementation,muat_compatible_qkv_attention,0.0,,,3,0.0,0.951171875,0,0.048583984375,1
TCGA-B6-A0X5,tcga_mc3_wes,hrd_binary_33,MuAt-compatible reimplementation,muat_compatible_qkv_attention,0.0,,,2,0.0,0.78369140625,0,0.2161865234375,1
TCGA-B6-A1KC,tcga_mc3_wes,hrd_binary_33,MuAt-compatible reimplementation,muat_compatible_qkv_attention,0.0,,,5,0.0,0.669921875,0,0.330078125,1
TCGA-B6-A1KF,tcga_mc3_wes,hrd_binary_33,MuAt-compatible reimplementation,muat_compatible_qkv_attention,0.0,,,3,1.0,0.1263427734375,0,0.87353515625,1
TCGA-B6-A1KN,tcga_mc3_wes,hrd_binary_33,MuAt-compatible reimplementation,muat_compatible_qkv_attention,1.0,,,5,0.0,0.55859375,0,0.441162109375,1
TCGA-B6-A2IU,tcga_mc3_wes,hrd_binary_33,MuAt-compatible reimplementation,muat_compatible_qkv_attention,0.0,,,3,0.0,0.94384765625,0,0.05596923828125,1
TCGA-B6-A401,tcga_mc3_wes,hrd_binary_33,MuAt-compatible reimplementation,muat_compatible_qkv_attention,0.0,,,2,0.0,0.83544921875,0,0.16455078125,1
TCGA-B6-A409,tcga_mc3_wes,hrd_binary_33,MuAt-compatible reimplementation,muat_compatible_qkv_attention,1.0,,,2,0.0,0.83544921875,0,0.164794921875,1
TCGA-B6-A40C,tcga_mc3_wes,hrd_binary_33,MuAt-compatible reimplementation,muat_compatible_qkv_attention,0.0,,,1,0.0,0.94140625,0,0.058807373046875,1
TCGA-BH-A0AU,tcga_mc3_wes,hrd_binary_33,MuAt-compatible reimplementation,muat_compatible_qkv_attention,0.0,,,3,0.0,0.8798828125,0,0.1201171875,1
TCGA-BH-A0AV,tcga_mc3_wes,hrd_binary_33,MuAt-compatible reimplementation,muat_compatible_qkv_attention,1.0,,,4,1.0,0.052520751953125,0,0.947265625,1
TCGA-BH-A0AW,tcga_mc3_wes,hrd_binary_33,MuAt-compatible reimplementation,muat_compatible_qkv_attention,1.0,,,5,0.0,0.5400390625,0,0.4599609375,1
TCGA-BH-A0AY,tcga_mc3_wes,hrd_binary_33,MuAt-compatible reimplementation,muat_compatible_qkv_attention,0.0,,,4,0.0,0.943359375,0,0.05682373046875,1
TCGA-BH-A0AZ,tcga_mc3_wes,hrd_binary_33,MuAt-compatible reimplementation,muat_compatible_qkv_attention,1.0,,,3,0.0,0.79443359375,0,0.205810546875,1
TCGA-BH-A0B3,tcga_mc3_wes,hrd_binary_33,MuAt-compatible reimplementation,muat_compatible_qkv_attention,1.0,,,3,1.0,0.283935546875,0,0.7158203125,1
TCGA-BH-A0B5,tcga_mc3_wes,hrd_binary_33,MuAt-compatible reimplementation,muat_compatible_qkv_attention,0.0,,,2,0.0,0.9033203125,0,0.09661865234375,1
TCGA-BH-A0B7,tcga_mc3_wes,hrd_binary_33,MuAt-compatible reimplementation,muat_compatible_qkv_attention,0.0,,,2,0.0,0.79833984375,0,0.2015380859375,1
TCGA-BH-A0B9,tcga_mc3_wes,hrd_binary_33,MuAt-compatible reimplementation,muat_compatible_qkv_attention,1.0,,,2,0.0,0.849609375,0,0.150390625,1
TCGA-BH-A0BA,tcga_mc3_wes,hrd_binary_33,MuAt-compatible reimplementation,muat_compatible_qkv_attention,0.0,,,1,0.0,0.9345703125,0,0.06536865234375,1
TCGA-BH-A0BC,tcga_mc3_wes,hrd_binary_33,MuAt-compatible reimplementation,muat_compatible_qkv_attention,0.0,,,5,0.0,0.77587890625,0,0.2242431640625,1
TCGA-BH-A0BF,tcga_mc3_wes,hrd_binary_33,MuAt-compatible reimplementation,muat_compatible_qkv_attention,0.0,,,2,0.0,0.904296875,0,0.095947265625,1
TCGA-BH-A0BJ,tcga_mc3_wes,hrd_binary_33,MuAt-compatible reimplementation,muat_compatible_qkv_attention,0.0,,,2,0.0,0.80224609375,0,0.1978759765625,1
TCGA-BH-A0BL,tcga_mc3_wes,hrd_binary_33,MuAt-compatible reimplementation,muat_compatible_qkv_attention,1.0,,,3,1.0,0.1966552734375,0,0.80322265625,1
TCGA-BH-A0BM,tcga_mc3_wes,hrd_binary_33,MuAt-compatible reimplementation,muat_compatible_qkv_attention,0.0,,,1,0.0,0.95703125,0,0.0430908203125,1
TCGA-BH-A0BO,tcga_mc3_wes,hrd_binary_33,MuAt-compatible reimplementation,muat_compatible_qkv_attention,0.0,,,2,0.0,0.8310546875,0,0.169189453125,1
TCGA-BH-A0BP,tcga_mc3_wes,hrd_binary_33,MuAt-compatible reimplementation,muat_compatible_qkv_attention,1.0,,,3,1.0,0.469482421875,0,0.53076171875,1
TCGA-BH-A0BR,tcga_mc3_wes,hrd_binary_33,MuAt-compatible reimplementation,muat_compatible_qkv_attention,1.0,,,3,1.0,0.343994140625,0,0.65625,1
TCGA-BH-A0BT,tcga_mc3_wes,hrd_binary_33,MuAt-compatible reimplementation,muat_compatible_qkv_attention,0.0,,,1,1.0,0.25537109375,0,0.74462890625,1
TCGA-BH-A0BZ,tcga_mc3_wes,hrd_binary_33,MuAt-compatible reimplementation,muat_compatible_qkv_attention,0.0,,,5,1.0,0.423095703125,0,0.57666015625,1
TCGA-BH-A0C1,tcga_mc3_wes,hrd_binary_33,MuAt-compatible reimplementation,muat_compatible_qkv_attention,0.0,,,1,0.0,0.94873046875,0,0.051055908203125,1
TCGA-BH-A0C3,tcga_mc3_wes,hrd_binary_33,MuAt-compatible reimplementation,muat_compatible_qkv_attention,0.0,,,1,1.0,0.473388671875,0,0.52685546875,1
TCGA-BH-A0C7,tcga_mc3_wes,hrd_binary_33,MuAt-compatible reimplementation,muat_compatible_qkv_attention,1.0,,,3,0.0,0.88427734375,0,0.11553955078125,1
TCGA-BH-A0DE,tcga_mc3_wes,hrd_binary_33,MuAt-compatible reimplementation,muat_compatible_qkv_attention,0.0,,,5,0.0,0.658203125,0,0.341552734375,1
TCGA-BH-A0DG,tcga_mc3_wes,hrd_binary_33,MuAt-compatible reimplementation,muat_compatible_qkv_attention,0.0,,,3,0.0,0.87890625,0,0.121337890625,1
TCGA-BH-A0DH,tcga_mc3_wes,hrd_binary_33,MuAt-compatible reimplementation,muat_compatible_qkv_attention,0.0,,,1,0.0,0.97021484375,0,0.0295867919921875,1
TCGA-BH-A0DI,tcga_mc3_wes,hrd_binary_33,MuAt-compatible reimplementation,muat_compatible_qkv_attention,0.0,,,3,1.0,0.1912841796875,0,0.80859375,1
TCGA-BH-A0DK,tcga_mc3_wes,hrd_binary_33,MuAt-compatible reimplementation,muat_compatible_qkv_attention,0.0,,,1,0.0,0.7099609375,0,0.290283203125,1
TCGA-BH-A0DL,tcga_mc3_wes,hrd_binary_33,MuAt-compatible reimplementation,muat_compatible_qkv_attention,0.0,,,1,1.0,0.2041015625,0,0.7958984375,1
TCGA-BH-A0DO,tcga_mc3_wes,hrd_binary_33,MuAt-compatible reimplementation,muat_compatible_qkv_attention,0.0,,,1,0.0,0.96142578125,0,0.03857421875,1
TCGA-BH-A0DQ,tcga_mc3_wes,hrd_binary_33,MuAt-compatible reimplementation,muat_compatible_qkv_attention,0.0,,,1,0.0,0.9384765625,0,0.0614013671875,1
TCGA-BH-A0DS,tcga_mc3_wes,hrd_binary_33,MuAt-compatible reimplementation,muat_compatible_qkv_attention,0.0,,,4,0.0,0.951171875,0,0.048736572265625,1
TCGA-BH-A0DT,tcga_mc3_wes,hrd_binary_33,MuAt-compatible reimplementation,muat_compatible_qkv_attention,0.0,,,3,0.0,0.96875,0,0.0312347412109375,1
TCGA-BH-A0DV,tcga_mc3_wes,hrd_binary_33,MuAt-compatible reimplementation,muat_compatible_qkv_attention,0.0,,,5,0.0,0.93603515625,0,0.0638427734375,1
TCGA-BH-A0DX,tcga_mc3_wes,hrd_binary_33,MuAt-compatible reimplementation,muat_compatible_qkv_attention,0.0,,,4,0.0,0.95751953125,0,0.0423583984375,1
TCGA-BH-A0DZ,tcga_mc3_wes,hrd_binary_33,MuAt-compatible reimplementation,muat_compatible_qkv_attention,0.0,,,3,1.0,0.206787109375,0,0.79296875,1
TCGA-BH-A0E0,tcga_mc3_wes,hrd_binary_33,MuAt-compatible reimplementation,muat_compatible_qkv_attention,0.0,,,5,0.0,0.55078125,0,0.44921875,1
TCGA-BH-A0E1,tcga_mc3_wes,hrd_binary_33,MuAt-compatible reimplementation,muat_compatible_qkv_attention,0.0,,,1,0.0,0.953125,0,0.046905517578125,1
TCGA-BH-A0E2,tcga_mc3_wes,hrd_binary_33,MuAt-compatible reimplementation,muat_compatible_qkv_attention,0.0,,,3,0.0,0.87451171875,0,0.12548828125,1
TCGA-BH-A0E7,tcga_mc3_wes,hrd_binary_33,MuAt-compatible reimplementation,muat_compatible_qkv_attention,0.0,,,4,0.0,0.9873046875,0,0.01250457763671875,1
TCGA-BH-A0E9,tcga_mc3_wes,hrd_binary_33,MuAt-compatible reimplementation,muat_compatible_qkv_attention,0.0,,,5,0.0,0.75439453125,0,0.2454833984375,1
TCGA-BH-A0EA,tcga_mc3_wes,hrd_binary_33,MuAt-compatible reimplementation,muat_compatible_qkv_attention,0.0,,,5,0.0,0.77880859375,0,0.2213134765625,1
TCGA-BH-A0EB,tcga_mc3_wes,hrd_binary_33,MuAt-compatible reimplementation,muat_compatible_qkv_attention,0.0,,,1,0.0,0.92431640625,0,0.07574462890625,1
TCGA-BH-A0EE,tcga_mc3_wes,hrd_binary_33,MuAt-compatible reimplementation,muat_compatible_qkv_attention,0.0,,,2,0.0,0.8544921875,0,0.1455078125,1
TCGA-BH-A0GY,tcga_mc3_wes,hrd_binary_33,MuAt-compatible reimplementation,muat_compatible_qkv_attention,0.0,,,4,0.0,0.95361328125,0,0.046173095703125,1
TCGA-BH-A0H0,tcga_mc3_wes,hrd_binary_33,MuAt-compatible reimplementation,muat_compatible_qkv_attention,0.0,,,1,0.0,0.89599609375,0,0.10382080078125,1
TCGA-BH-A0H6,tcga_mc3_wes,hrd_binary_33,MuAt-compatible reimplementation,muat_compatible_qkv_attention,0.0,,,5,0.0,0.7509765625,0,0.2490234375,1
TCGA-BH-A0H7,tcga_mc3_wes,hrd_binary_33,MuAt-compatible reimplementation,muat_compatible_qkv_attention,1.0,,,3,1.0,0.2105712890625,0,0.78955078125,1
TCGA-BH-A0HA,tcga_mc3_wes,hrd_binary_33,MuAt-compatible reimplementation,muat_compatible_qkv_attention,0.0,,,4,0.0,0.64892578125,0,0.35107421875,1
TCGA-BH-A0HB,tcga_mc3_wes,hrd_binary_33,MuAt-compatible reimplementation,muat_compatible_qkv_attention,0.0,,,1,0.0,0.96337890625,0,0.036712646484375,1
TCGA-BH-A0HI,tcga_mc3_wes,hrd_binary_33,MuAt-compatible reimplementation,muat_compatible_qkv_attention,0.0,,,5,0.0,0.8837890625,0,0.1160888671875,1
TCGA-BH-A0HK,tcga_mc3_wes,hrd_binary_33,MuAt-compatible reimplementation,muat_compatible_qkv_attention,0.0,,,5,0.0,0.6884765625,0,0.311279296875,1
TCGA-BH-A0HO,tcga_mc3_wes,hrd_binary_33,MuAt-compatible reimplementation,muat_compatible_qkv_attention,0.0,,,5,0.0,0.6923828125,0,0.3076171875,1
TCGA-BH-A0HP,tcga_mc3_wes,hrd_binary_33,MuAt-compatible reimplementation,muat_compatible_qkv_attention,0.0,,,2,0.0,0.8408203125,0,0.1590576171875,1
TCGA-BH-A0HQ,tcga_mc3_wes,hrd_binary_33,MuAt-compatible reimplementation,muat_compatible_qkv_attention,0.0,,,1,0.0,0.90185546875,0,0.0982666015625,1
TCGA-BH-A0HU,tcga_mc3_wes,hrd_binary_33,MuAt-compatible reimplementation,muat_compatible_qkv_attention,1.0,,,3,0.0,0.88916015625,0,0.11077880859375,1
TCGA-BH-A0HW,tcga_mc3_wes,hrd_binary_33,MuAt-compatible reimplementation,muat_compatible_qkv_attention,0.0,,,1,0.0,0.95556640625,0,0.0443115234375,1
TCGA-BH-A0HX,tcga_mc3_wes,hrd_binary_33,MuAt-compatible reimplementation,muat_compatible_qkv_attention,1.0,,,2,0.0,0.75146484375,0,0.24853515625,1
TCGA-BH-A0HY,tcga_mc3_wes,hrd_binary_33,MuAt-compatible reimplementation,muat_compatible_qkv_attention,1.0,,,1,1.0,0.339599609375,0,0.66015625,1
TCGA-BH-A0W3,tcga_mc3_wes,hrd_binary_33,MuAt-compatible reimplementation,muat_compatible_qkv_attention,0.0,,,4,0.0,0.96240234375,0,0.0377197265625,1
TCGA-BH-A0W4,tcga_mc3_wes,hrd_binary_33,MuAt-compatible reimplementation,muat_compatible_qkv_attention,0.0,,,5,0.0,0.60791015625,0,0.39208984375,1
TCGA-BH-A0WA,tcga_mc3_wes,hrd_binary_33,MuAt-compatible reimplementation,muat_compatible_qkv_attention,1.0,,,3,1.0,0.1380615234375,0,0.86181640625,1
TCGA-BH-A18F,tcga_mc3_wes,hrd_binary_33,MuAt-compatible reimplementation,muat_compatible_qkv_attention,0.0,,,4,0.0,0.99365234375,0,0.006290435791015625,1
TCGA-BH-A18G,tcga_mc3_wes,hrd_binary_33,MuAt-compatible reimplementation,muat_compatible_qkv_attention,0.0,,,4,0.0,0.52685546875,0,0.473388671875,1
TCGA-BH-A18H,tcga_mc3_wes,hrd_binary_33,MuAt-compatible reimplementation,muat_compatible_qkv_attention,0.0,,,1,1.0,0.40869140625,0,0.59130859375,1
TCGA-BH-A18I,tcga_mc3_wes,hrd_binary_33,MuAt-compatible reimplementation,muat_compatible_qkv_attention,0.0,,,1,0.0,0.94873046875,0,0.0513916015625,1
TCGA-BH-A18J,tcga_mc3_wes,hrd_binary_33,MuAt-compatible reimplementation,muat_compatible_qkv_attention,0.0,,,4,0.0,0.99462890625,0,0.005458831787109375,1
TCGA-BH-A18K,tcga_mc3_wes,hrd_binary_33,MuAt-compatible reimplementation,muat_compatible_qkv_attention,0.0,,,5,0.0,0.56005859375,0,0.43994140625,1
TCGA-BH-A18L,tcga_mc3_wes,hrd_binary_33,MuAt-compatible reimplementation,muat_compatible_qkv_attention,0.0,,,1,0.0,0.79736328125,0,0.202880859375,1
TCGA-BH-A18M,tcga_mc3_wes,hrd_binary_33,MuAt-compatible reimplementation,muat_compatible_qkv_attention,0.0,,,4,0.0,0.99462890625,0,0.005374908447265625,1
TCGA-BH-A18N,tcga_mc3_wes,hrd_binary_33,MuAt-compatible reimplementation,muat_compatible_qkv_attention,0.0,,,2,0.0,0.8994140625,0,0.1005859375,1
TCGA-BH-A18P,tcga_mc3_wes,hrd_binary_33,MuAt-compatible reimplementation,muat_compatible_qkv_attention,0.0,,,1,0.0,0.91796875,0,0.08197021484375,1
TCGA-BH-A18Q,tcga_mc3_wes,hrd_binary_33,MuAt-compatible reimplementation,muat_compatible_qkv_attention,1.0,,,2,0.0,0.63427734375,0,0.365966796875,1
TCGA-BH-A18R,tcga_mc3_wes,hrd_binary_33,MuAt-compatible reimplementation,muat_compatible_qkv_attention,0.0,,,5,0.0,0.55419921875,0,0.445556640625,1
TCGA-BH-A18S,tcga_mc3_wes,hrd_binary_33,MuAt-compatible reimplementation,muat_compatible_qkv_attention,0.0,,,3,0.0,0.77685546875,0,0.2232666015625,1
TCGA-BH-A18T,tcga_mc3_wes,hrd_binary_33,MuAt-compatible reimplementation,muat_compatible_qkv_attention,1.0,,,1,1.0,0.09765625,0,0.90234375,1
TCGA-BH-A18U,tcga_mc3_wes,hrd_binary_33,MuAt-compatible reimplementation,muat_compatible_qkv_attention,1.0,,,2,0.0,0.875,0,0.1251220703125,1
TCGA-BH-A1EO,tcga_mc3_wes,hrd_binary_33,MuAt-compatible reimplementation,muat_compatible_qkv_attention,0.0,,,5,0.0,0.75732421875,0,0.2427978515625,1
TCGA-BH-A1ET,tcga_mc3_wes,hrd_binary_33,MuAt-compatible reimplementation,muat_compatible_qkv_attention,0.0,,,2,0.0,0.890625,0,0.10943603515625,1
TCGA-BH-A1EU,tcga_mc3_wes,hrd_binary_33,MuAt-compatible reimplementation,muat_compatible_qkv_attention,0.0,,,4,0.0,0.99609375,0,0.003795623779296875,1
TCGA-BH-A1EV,tcga_mc3_wes,hrd_binary_33,MuAt-compatible reimplementation,muat_compatible_qkv_attention,0.0,,,2,0.0,0.8701171875,0,0.1297607421875,1
TCGA-BH-A1EW,tcga_mc3_wes,hrd_binary_33,MuAt-compatible reimplementation,muat_compatible_qkv_attention,0.0,,,2,0.0,0.88330078125,0,0.11669921875,1
TCGA-BH-A1EX,tcga_mc3_wes,hrd_binary_33,MuAt-compatible reimplementation,muat_compatible_qkv_attention,0.0,,,2,0.0,0.92041015625,0,0.0794677734375,1
TCGA-BH-A1EY,tcga_mc3_wes,hrd_binary_33,MuAt-compatible reimplementation,muat_compatible_qkv_attention,1.0,,,2,0.0,0.884765625,0,0.1151123046875,1
TCGA-BH-A1F0,tcga_mc3_wes,hrd_binary_33,MuAt-compatible reimplementation,muat_compatible_qkv_attention,1.0,,,2,0.0,0.728515625,0,0.271728515625,1
TCGA-BH-A1F2,tcga_mc3_wes,hrd_binary_33,MuAt-compatible reimplementation,muat_compatible_qkv_attention,1.0,,,3,1.0,0.317138671875,0,0.6826171875,1
TCGA-BH-A1FC,tcga_mc3_wes,hrd_binary_33,MuAt-compatible reimplementation,muat_compatible_qkv_attention,1.0,,,2,0.0,0.82470703125,0,0.17529296875,1
TCGA-BH-A1FE,tcga_mc3_wes,hrd_binary_33,MuAt-compatible reimplementation,muat_compatible_qkv_attention,0.0,,,5,0.0,0.67724609375,0,0.322998046875,1
TCGA-BH-A1FG,tcga_mc3_wes,hrd_binary_33,MuAt-compatible reimplementation,muat_compatible_qkv_attention,0.0,,,2,0.0,0.89990234375,0,0.10003662109375,1
TCGA-BH-A1FJ,tcga_mc3_wes,hrd_binary_33,MuAt-compatible reimplementation,muat_compatible_qkv_attention,0.0,,,2,0.0,0.9482421875,0,0.051544189453125,1
TCGA-BH-A1FL,tcga_mc3_wes,hrd_binary_33,MuAt-compatible reimplementation,muat_compatible_qkv_attention,0.0,,,5,0.0,0.71728515625,0,0.28271484375,1
TCGA-BH-A1FM,tcga_mc3_wes,hrd_binary_33,MuAt-compatible reimplementation,muat_compatible_qkv_attention,1.0,,,2,0.0,0.89013671875,0,0.10992431640625,1
TCGA-BH-A1FN,tcga_mc3_wes,hrd_binary_33,MuAt-compatible reimplementation,muat_compatible_qkv_attention,1.0,,,5,1.0,0.496337890625,0,0.50390625,1
TCGA-BH-A1FU,tcga_mc3_wes,hrd_binary_33,MuAt-compatible reimplementation,muat_compatible_qkv_attention,0.0,,,2,0.0,0.7373046875,0,0.262939453125,1
TCGA-BH-A201,tcga_mc3_wes,hrd_binary_33,MuAt-compatible reimplementation,muat_compatible_qkv_attention,0.0,,,5,0.0,0.689453125,0,0.310302734375,1
TCGA-BH-A202,tcga_mc3_wes,hrd_binary_33,MuAt-compatible reimplementation,muat_compatible_qkv_attention,0.0,,,2,0.0,0.88427734375,0,0.11590576171875,1
TCGA-BH-A203,tcga_mc3_wes,hrd_binary_33,MuAt-compatible reimplementation,muat_compatible_qkv_attention,1.0,,,5,0.0,0.66162109375,0,0.33837890625,1
TCGA-BH-A204,tcga_mc3_wes,hrd_binary_33,MuAt-compatible reimplementation,muat_compatible_qkv_attention,0.0,,,1,0.0,0.79052734375,0,0.2095947265625,1
TCGA-BH-A208,tcga_mc3_wes,hrd_binary_33,MuAt-compatible reimplementation,muat_compatible_qkv_attention,0.0,,,4,0.0,0.90869140625,0,0.09136962890625,1
TCGA-BH-A209,tcga_mc3_wes,hrd_binary_33,MuAt-compatible reimplementation,muat_compatible_qkv_attention,0.0,,,3,0.0,0.89501953125,0,0.1051025390625,1
TCGA-BH-A28Q,tcga_mc3_wes,hrd_binary_33,MuAt-compatible reimplementation,muat_compatible_qkv_attention,0.0,,,3,0.0,0.92919921875,0,0.07080078125,1
TCGA-BH-A2L8,tcga_mc3_wes,hrd_binary_33,MuAt-compatible reimplementation,muat_compatible_qkv_attention,0.0,,,5,0.0,0.5732421875,0,0.4267578125,1
TCGA-BH-A42V,tcga_mc3_wes,hrd_binary_33,MuAt-compatible reimplementation,muat_compatible_qkv_attention,0.0,,,1,0.0,0.91162109375,0,0.0882568359375,1
TCGA-BH-A5IZ,tcga_mc3_wes,hrd_binary_33,MuAt-compatible reimplementation,muat_compatible_qkv_attention,1.0,,,4,0.0,0.79736328125,0,0.202880859375,1
TCGA-BH-A6R8,tcga_mc3_wes,hrd_binary_33,MuAt-compatible reimplementation,muat_compatible_qkv_attention,0.0,,,4,0.0,0.9638671875,0,0.0361328125,1
TCGA-BH-A6R9,tcga_mc3_wes,hrd_binary_33,MuAt-compatible reimplementation,muat_compatible_qkv_attention,0.0,,,5,0.0,0.5791015625,0,0.420654296875,1
TCGA-BH-A8FY,tcga_mc3_wes,hrd_binary_33,MuAt-compatible reimplementation,muat_compatible_qkv_attention,0.0,,,4,0.0,0.7998046875,0,0.2003173828125,1
TCGA-BH-A8FZ,tcga_mc3_wes,hrd_binary_33,MuAt-compatible reimplementation,muat_compatible_qkv_attention,1.0,,,3,0.0,0.638671875,0,0.361572265625,1
TCGA-BH-A8G0,tcga_mc3_wes,hrd_binary_33,MuAt-compatible reimplementation,muat_compatible_qkv_attention,0.0,,,2,0.0,0.92236328125,0,0.07769775390625,1
TCGA-BH-AB28,tcga_mc3_wes,hrd_binary_33,MuAt-compatible reimplementation,muat_compatible_qkv_attention,0.0,,,3,0.0,0.8271484375,0,0.1729736328125,1
TCGA-C8-A12L,tcga_mc3_wes,hrd_binary_33,MuAt-compatible reimplementation,muat_compatible_qkv_attention,1.0,,,1,1.0,0.396240234375,0,0.603515625,1
TCGA-C8-A12M,tcga_mc3_wes,hrd_binary_33,MuAt-compatible reimplementation,muat_compatible_qkv_attention,0.0,,,4,1.0,0.324951171875,0,0.6748046875,1
TCGA-C8-A12N,tcga_mc3_wes,hrd_binary_33,MuAt-compatible reimplementation,muat_compatible_qkv_attention,0.0,,,4,1.0,0.451171875,0,0.548828125,1
TCGA-C8-A12O,tcga_mc3_wes,hrd_binary_33,MuAt-compatible reimplementation,muat_compatible_qkv_attention,0.0,,,3,1.0,0.343505859375,0,0.65625,1
TCGA-C8-A12P,tcga_mc3_wes,hrd_binary_33,MuAt-compatible reimplementation,muat_compatible_qkv_attention,1.0,,,2,0.0,0.833984375,0,0.166015625,1
TCGA-C8-A12Q,tcga_mc3_wes,hrd_binary_33,MuAt-compatible reimplementation,muat_compatible_qkv_attention,1.0,,,4,0.0,0.78759765625,0,0.2122802734375,1
TCGA-C8-A12U,tcga_mc3_wes,hrd_binary_33,MuAt-compatible reimplementation,muat_compatible_qkv_attention,1.0,,,1,0.0,0.9462890625,0,0.0535888671875,1
TCGA-C8-A12W,tcga_mc3_wes,hrd_binary_33,MuAt-compatible reimplementation,muat_compatible_qkv_attention,0.0,,,1,0.0,0.63720703125,0,0.362548828125,1
TCGA-C8-A12Y,tcga_mc3_wes,hrd_binary_33,MuAt-compatible reimplementation,muat_compatible_qkv_attention,0.0,,,2,0.0,0.90771484375,0,0.09228515625,1
TCGA-C8-A12Z,tcga_mc3_wes,hrd_binary_33,MuAt-compatible reimplementation,muat_compatible_qkv_attention,0.0,,,1,0.0,0.8857421875,0,0.11419677734375,1
TCGA-C8-A130,tcga_mc3_wes,hrd_binary_33,MuAt-compatible reimplementation,muat_compatible_qkv_attention,1.0,,,2,0.0,0.927734375,0,0.07220458984375,1
TCGA-C8-A131,tcga_mc3_wes,hrd_binary_33,MuAt-compatible reimplementation,muat_compatible_qkv_attention,0.0,,,2,0.0,0.77587890625,0,0.224365234375,1
TCGA-C8-A132,tcga_mc3_wes,hrd_binary_33,MuAt-compatible reimplementation,muat_compatible_qkv_attention,1.0,,,5,1.0,0.476318359375,0,0.52392578125,1
TCGA-C8-A133,tcga_mc3_wes,hrd_binary_33,MuAt-compatible reimplementation,muat_compatible_qkv_attention,0.0,,,1,0.0,0.91748046875,0,0.08233642578125,1
TCGA-C8-A135,tcga_mc3_wes,hrd_binary_33,MuAt-compatible reimplementation,muat_compatible_qkv_attention,0.0,,,4,0.0,0.623046875,0,0.376953125,1
TCGA-C8-A137,tcga_mc3_wes,hrd_binary_33,MuAt-compatible reimplementation,muat_compatible_qkv_attention,1.0,,,4,0.0,0.9873046875,0,0.0125274658203125,1
TCGA-C8-A138,tcga_mc3_wes,hrd_binary_33,MuAt-compatible reimplementation,muat_compatible_qkv_attention,1.0,,,4,0.0,0.8701171875,0,0.1300048828125,1
TCGA-C8-A1HE,tcga_mc3_wes,hrd_binary_33,MuAt-compatible reimplementation,muat_compatible_qkv_attention,0.0,,,4,0.0,0.99072265625,0,0.00930023193359375,1
TCGA-C8-A1HF,tcga_mc3_wes,hrd_binary_33,MuAt-compatible reimplementation,muat_compatible_qkv_attention,0.0,,,2,0.0,0.87255859375,0,0.12744140625,1
TCGA-C8-A1HG,tcga_mc3_wes,hrd_binary_33,MuAt-compatible reimplementation,muat_compatible_qkv_attention,1.0,,,4,0.0,0.95361328125,0,0.0465087890625,1
TCGA-C8-A1HJ,tcga_mc3_wes,hrd_binary_33,MuAt-compatible reimplementation,muat_compatible_qkv_attention,1.0,,,5,1.0,0.4072265625,0,0.5927734375,1
TCGA-C8-A1HK,tcga_mc3_wes,hrd_binary_33,MuAt-compatible reimplementation,muat_compatible_qkv_attention,0.0,,,3,1.0,0.308349609375,0,0.69140625,1
TCGA-C8-A1HL,tcga_mc3_wes,hrd_binary_33,MuAt-compatible reimplementation,muat_compatible_qkv_attention,0.0,,,4,0.0,0.92431640625,0,0.0758056640625,1
TCGA-C8-A1HM,tcga_mc3_wes,hrd_binary_33,MuAt-compatible reimplementation,muat_compatible_qkv_attention,1.0,,,1,0.0,0.5751953125,0,0.4248046875,1
TCGA-C8-A26V,tcga_mc3_wes,hrd_binary_33,MuAt-compatible reimplementation,muat_compatible_qkv_attention,0.0,,,3,1.0,0.312744140625,0,0.6875,1
TCGA-C8-A26W,tcga_mc3_wes,hrd_binary_33,MuAt-compatible reimplementation,muat_compatible_qkv_attention,0.0,,,1,0.0,0.82080078125,0,0.179443359375,1
TCGA-C8-A26X,tcga_mc3_wes,hrd_binary_33,MuAt-compatible reimplementation,muat_compatible_qkv_attention,0.0,,,3,0.0,0.89111328125,0,0.10906982421875,1
TCGA-C8-A26Y,tcga_mc3_wes,hrd_binary_33,MuAt-compatible reimplementation,muat_compatible_qkv_attention,1.0,,,3,1.0,0.261474609375,0,0.73828125,1
TCGA-C8-A26Z,tcga_mc3_wes,hrd_binary_33,MuAt-compatible reimplementation,muat_compatible_qkv_attention,0.0,,,1,0.0,0.86669921875,0,0.133056640625,1
TCGA-C8-A273,tcga_mc3_wes,hrd_binary_33,MuAt-compatible reimplementation,muat_compatible_qkv_attention,0.0,,,2,0.0,0.91845703125,0,0.08135986328125,1
TCGA-C8-A275,tcga_mc3_wes,hrd_binary_33,MuAt-compatible reimplementation,muat_compatible_qkv_attention,0.0,,,5,1.0,0.45263671875,0,0.54736328125,1
TCGA-C8-A278,tcga_mc3_wes,hrd_binary_33,MuAt-compatible reimplementation,muat_compatible_qkv_attention,0.0,,,5,0.0,0.6318359375,0,0.3681640625,1
TCGA-C8-A27A,tcga_mc3_wes,hrd_binary_33,MuAt-compatible reimplementation,muat_compatible_qkv_attention,1.0,,,4,0.0,0.9853515625,0,0.0148162841796875,1
TCGA-C8-A27B,tcga_mc3_wes,hrd_binary_33,MuAt-compatible reimplementation,muat_compatible_qkv_attention,1.0,,,3,1.0,0.21728515625,0,0.78271484375,1
TCGA-C8-A8HP,tcga_mc3_wes,hrd_binary_33,MuAt-compatible reimplementation,muat_compatible_qkv_attention,0.0,,,2,0.0,0.818359375,0,0.181640625,1
TCGA-C8-A8HQ,tcga_mc3_wes,hrd_binary_33,MuAt-compatible reimplementation,muat_compatible_qkv_attention,0.0,,,4,0.0,0.9609375,0,0.039154052734375,1
TCGA-C8-A8HR,tcga_mc3_wes,hrd_binary_33,MuAt-compatible reimplementation,muat_compatible_qkv_attention,1.0,,,1,1.0,0.3818359375,0,0.6181640625,1
TCGA-D8-A13Y,tcga_mc3_wes,hrd_binary_33,MuAt-compatible reimplementation,muat_compatible_qkv_attention,1.0,,,2,0.0,0.8447265625,0,0.1553955078125,1
TCGA-D8-A13Z,tcga_mc3_wes,hrd_binary_33,MuAt-compatible reimplementation,muat_compatible_qkv_attention,1.0,,,2,0.0,0.73876953125,0,0.260986328125,1
TCGA-D8-A140,tcga_mc3_wes,hrd_binary_33,MuAt-compatible reimplementation,muat_compatible_qkv_attention,0.0,,,2,0.0,0.853515625,0,0.1463623046875,1
TCGA-D8-A141,tcga_mc3_wes,hrd_binary_33,MuAt-compatible reimplementation,muat_compatible_qkv_attention,0.0,,,5,0.0,0.61669921875,0,0.383544921875,1
TCGA-D8-A143,tcga_mc3_wes,hrd_binary_33,MuAt-compatible reimplementation,muat_compatible_qkv_attention,1.0,,,4,0.0,0.58154296875,0,0.41845703125,1
TCGA-D8-A145,tcga_mc3_wes,hrd_binary_33,MuAt-compatible reimplementation,muat_compatible_qkv_attention,0.0,,,2,0.0,0.861328125,0,0.1385498046875,1
TCGA-D8-A147,tcga_mc3_wes,hrd_binary_33,MuAt-compatible reimplementation,muat_compatible_qkv_attention,1.0,,,2,0.0,0.63916015625,0,0.36083984375,1
TCGA-D8-A1J8,tcga_mc3_wes,hrd_binary_33,MuAt-compatible reimplementation,muat_compatible_qkv_attention,0.0,,,1,0.0,0.5537109375,0,0.4462890625,1
TCGA-D8-A1J9,tcga_mc3_wes,hrd_binary_33,MuAt-compatible reimplementation,muat_compatible_qkv_attention,0.0,,,1,1.0,0.44580078125,0,0.55419921875,1
TCGA-D8-A1JA,tcga_mc3_wes,hrd_binary_33,MuAt-compatible reimplementation,muat_compatible_qkv_attention,0.0,,,2,0.0,0.70556640625,0,0.29443359375,1
TCGA-D8-A1JB,tcga_mc3_wes,hrd_binary_33,MuAt-compatible reimplementation,muat_compatible_qkv_attention,1.0,,,1,1.0,0.414306640625,0,0.5859375,1
TCGA-D8-A1JC,tcga_mc3_wes,hrd_binary_33,MuAt-compatible reimplementation,muat_compatible_qkv_attention,1.0,,,2,0.0,0.87255859375,0,0.12744140625,1
TCGA-D8-A1JD,tcga_mc3_wes,hrd_binary_33,MuAt-compatible reimplementation,muat_compatible_qkv_attention,1.0,,,1,0.0,0.8662109375,0,0.1339111328125,1
TCGA-D8-A1JF,tcga_mc3_wes,hrd_binary_33,MuAt-compatible reimplementation,muat_compatible_qkv_attention,0.0,,,5,0.0,0.7275390625,0,0.2724609375,1
TCGA-D8-A1JG,tcga_mc3_wes,hrd_binary_33,MuAt-compatible reimplementation,muat_compatible_qkv_attention,0.0,,,5,0.0,0.51318359375,0,0.487060546875,1
TCGA-D8-A1JH,tcga_mc3_wes,hrd_binary_33,MuAt-compatible reimplementation,muat_compatible_qkv_attention,0.0,,,1,0.0,0.666015625,0,0.333984375,1
TCGA-D8-A1JI,tcga_mc3_wes,hrd_binary_33,MuAt-compatible reimplementation,muat_compatible_qkv_attention,0.0,,,2,0.0,0.83203125,0,0.1680908203125,1
TCGA-D8-A1JJ,tcga_mc3_wes,hrd_binary_33,MuAt-compatible reimplementation,muat_compatible_qkv_attention,0.0,,,5,0.0,0.69140625,0,0.30859375,1
TCGA-D8-A1JK,tcga_mc3_wes,hrd_binary_33,MuAt-compatible reimplementation,muat_compatible_qkv_attention,1.0,,,5,1.0,0.477294921875,0,0.5224609375,1
TCGA-D8-A1JL,tcga_mc3_wes,hrd_binary_33,MuAt-compatible reimplementation,muat_compatible_qkv_attention,1.0,,,4,0.0,0.876953125,0,0.12286376953125,1
TCGA-D8-A1JM,tcga_mc3_wes,hrd_binary_33,MuAt-compatible reimplementation,muat_compatible_qkv_attention,1.0,,,5,0.0,0.658203125,0,0.341552734375,1
TCGA-D8-A1JN,tcga_mc3_wes,hrd_binary_33,MuAt-compatible reimplementation,muat_compatible_qkv_attention,0.0,,,2,0.0,0.89599609375,0,0.10406494140625,1
TCGA-D8-A1JP,tcga_mc3_wes,hrd_binary_33,MuAt-compatible reimplementation,muat_compatible_qkv_attention,1.0,,,5,1.0,0.46044921875,0,0.53955078125,1
TCGA-D8-A1JS,tcga_mc3_wes,hrd_binary_33,MuAt-compatible reimplementation,muat_compatible_qkv_attention,0.0,,,2,0.0,0.93701171875,0,0.0631103515625,1
TCGA-D8-A1JT,tcga_mc3_wes,hrd_binary_33,MuAt-compatible reimplementation,muat_compatible_qkv_attention,0.0,,,1,0.0,0.95849609375,0,0.041351318359375,1
TCGA-D8-A1JU,tcga_mc3_wes,hrd_binary_33,MuAt-compatible reimplementation,muat_compatible_qkv_attention,0.0,,,2,0.0,0.9560546875,0,0.04388427734375,1
TCGA-D8-A1X5,tcga_mc3_wes,hrd_binary_33,MuAt-compatible reimplementation,muat_compatible_qkv_attention,1.0,,,4,0.0,0.9541015625,0,0.046112060546875,1
TCGA-D8-A1X7,tcga_mc3_wes,hrd_binary_33,MuAt-compatible reimplementation,muat_compatible_qkv_attention,0.0,,,3,0.0,0.83642578125,0,0.1636962890625,1
TCGA-D8-A1X8,tcga_mc3_wes,hrd_binary_33,MuAt-compatible reimplementation,muat_compatible_qkv_attention,0.0,,,5,0.0,0.671875,0,0.328125,1
TCGA-D8-A1X9,tcga_mc3_wes,hrd_binary_33,MuAt-compatible reimplementation,muat_compatible_qkv_attention,1.0,,,5,1.0,0.413818359375,0,0.58642578125,1
TCGA-D8-A1XA,tcga_mc3_wes,hrd_binary_33,MuAt-compatible reimplementation,muat_compatible_qkv_attention,0.0,,,5,0.0,0.654296875,0,0.345458984375,1
TCGA-D8-A1XB,tcga_mc3_wes,hrd_binary_33,MuAt-compatible reimplementation,muat_compatible_qkv_attention,0.0,,,3,0.0,0.94873046875,0,0.051422119140625,1
TCGA-D8-A1XC,tcga_mc3_wes,hrd_binary_33,MuAt-compatible reimplementation,muat_compatible_qkv_attention,0.0,,,4,0.0,0.984375,0,0.015655517578125,1
TCGA-D8-A1XF,tcga_mc3_wes,hrd_binary_33,MuAt-compatible reimplementation,muat_compatible_qkv_attention,0.0,,,5,0.0,0.61962890625,0,0.380126953125,1
TCGA-D8-A1XG,tcga_mc3_wes,hrd_binary_33,MuAt-compatible reimplementation,muat_compatible_qkv_attention,0.0,,,1,0.0,0.783203125,0,0.2169189453125,1
TCGA-D8-A1XJ,tcga_mc3_wes,hrd_binary_33,MuAt-compatible reimplementation,muat_compatible_qkv_attention,1.0,,,3,1.0,0.2020263671875,0,0.7978515625,1
TCGA-D8-A1XK,tcga_mc3_wes,hrd_binary_33,MuAt-compatible reimplementation,muat_compatible_qkv_attention,1.0,,,5,1.0,0.36279296875,0,0.63720703125,1
TCGA-D8-A1XL,tcga_mc3_wes,hrd_binary_33,MuAt-compatible reimplementation,muat_compatible_qkv_attention,1.0,,,1,1.0,0.266357421875,0,0.7333984375,1
TCGA-D8-A1XM,tcga_mc3_wes,hrd_binary_33,MuAt-compatible reimplementation,muat_compatible_qkv_attention,0.0,,,1,0.0,0.92431640625,0,0.07562255859375,1
TCGA-D8-A1XO,tcga_mc3_wes,hrd_binary_33,MuAt-compatible reimplementation,muat_compatible_qkv_attention,0.0,,,1,0.0,0.9228515625,0,0.077392578125,1
TCGA-D8-A1XQ,tcga_mc3_wes,hrd_binary_33,MuAt-compatible reimplementation,muat_compatible_qkv_attention,1.0,,,5,1.0,0.40234375,0,0.59765625,1
TCGA-D8-A1XR,tcga_mc3_wes,hrd_binary_33,MuAt-compatible reimplementation,muat_compatible_qkv_attention,0.0,,,4,0.0,0.73193359375,0,0.26806640625,1
TCGA-D8-A1XT,tcga_mc3_wes,hrd_binary_33,MuAt-compatible reimplementation,muat_compatible_qkv_attention,1.0,,,4,0.0,0.98193359375,0,0.0178680419921875,1
TCGA-D8-A1XV,tcga_mc3_wes,hrd_binary_33,MuAt-compatible reimplementation,muat_compatible_qkv_attention,0.0,,,5,0.0,0.51953125,0,0.480712890625,1
TCGA-D8-A1XW,tcga_mc3_wes,hrd_binary_33,MuAt-compatible reimplementation,muat_compatible_qkv_attention,1.0,,,5,1.0,0.482421875,0,0.517578125,1
TCGA-D8-A1XY,tcga_mc3_wes,hrd_binary_33,MuAt-compatible reimplementation,muat_compatible_qkv_attention,0.0,,,1,0.0,0.85791015625,0,0.1419677734375,1
TCGA-D8-A1XZ,tcga_mc3_wes,hrd_binary_33,MuAt-compatible reimplementation,muat_compatible_qkv_attention,0.0,,,3,1.0,0.42138671875,0,0.57861328125,1
TCGA-D8-A1Y0,tcga_mc3_wes,hrd_binary_33,MuAt-compatible reimplementation,muat_compatible_qkv_attention,1.0,,,5,0.0,0.505859375,0,0.493896484375,1
TCGA-D8-A1Y1,tcga_mc3_wes,hrd_binary_33,MuAt-compatible reimplementation,muat_compatible_qkv_attention,0.0,,,4,1.0,0.4326171875,0,0.5673828125,1
TCGA-D8-A1Y2,tcga_mc3_wes,hrd_binary_33,MuAt-compatible reimplementation,muat_compatible_qkv_attention,0.0,,,4,0.0,0.99853515625,0,0.001613616943359375,1
TCGA-D8-A1Y3,tcga_mc3_wes,hrd_binary_33,MuAt-compatible reimplementation,muat_compatible_qkv_attention,1.0,,,3,1.0,0.333740234375,0,0.66650390625,1
TCGA-D8-A27E,tcga_mc3_wes,hrd_binary_33,MuAt-compatible reimplementation,muat_compatible_qkv_attention,0.0,,,5,0.0,0.61083984375,0,0.38916015625,1
TCGA-D8-A27F,tcga_mc3_wes,hrd_binary_33,MuAt-compatible reimplementation,muat_compatible_qkv_attention,1.0,,,2,0.0,0.7236328125,0,0.276123046875,1
TCGA-D8-A27H,tcga_mc3_wes,hrd_binary_33,MuAt-compatible reimplementation,muat_compatible_qkv_attention,1.0,,,3,1.0,0.3193359375,0,0.6806640625,1
TCGA-D8-A27K,tcga_mc3_wes,hrd_binary_33,MuAt-compatible reimplementation,muat_compatible_qkv_attention,0.0,,,4,0.0,0.91455078125,0,0.08538818359375,1
TCGA-D8-A27L,tcga_mc3_wes,hrd_binary_33,MuAt-compatible reimplementation,muat_compatible_qkv_attention,0.0,,,3,0.0,0.9775390625,0,0.0224609375,1
TCGA-D8-A27M,tcga_mc3_wes,hrd_binary_33,MuAt-compatible reimplementation,muat_compatible_qkv_attention,1.0,,,5,1.0,0.481689453125,0,0.51806640625,1
TCGA-D8-A27N,tcga_mc3_wes,hrd_binary_33,MuAt-compatible reimplementation,muat_compatible_qkv_attention,0.0,,,4,0.0,0.81640625,0,0.18359375,1
TCGA-D8-A27P,tcga_mc3_wes,hrd_binary_33,MuAt-compatible reimplementation,muat_compatible_qkv_attention,0.0,,,4,0.0,0.98388671875,0,0.01593017578125,1
TCGA-D8-A27R,tcga_mc3_wes,hrd_binary_33,MuAt-compatible reimplementation,muat_compatible_qkv_attention,1.0,,,2,0.0,0.85986328125,0,0.1402587890625,1
TCGA-D8-A27T,tcga_mc3_wes,hrd_binary_33,MuAt-compatible reimplementation,muat_compatible_qkv_attention,0.0,,,5,0.0,0.87060546875,0,0.1295166015625,1
TCGA-D8-A27V,tcga_mc3_wes,hrd_binary_33,MuAt-compatible reimplementation,muat_compatible_qkv_attention,0.0,,,3,1.0,0.1256103515625,0,0.87451171875,1
TCGA-D8-A27W,tcga_mc3_wes,hrd_binary_33,MuAt-compatible reimplementation,muat_compatible_qkv_attention,0.0,,,1,0.0,0.88818359375,0,0.11163330078125,1
TCGA-D8-A3Z6,tcga_mc3_wes,hrd_binary_33,MuAt-compatible reimplementation,muat_compatible_qkv_attention,0.0,,,4,0.0,0.919921875,0,0.0799560546875,1
TCGA-D8-A4Z1,tcga_mc3_wes,hrd_binary_33,MuAt-compatible reimplementation,muat_compatible_qkv_attention,0.0,,,4,0.0,0.99755859375,0,0.002246856689453125,1
TCGA-D8-A73U,tcga_mc3_wes,hrd_binary_33,MuAt-compatible reimplementation,muat_compatible_qkv_attention,0.0,,,1,0.0,0.9453125,0,0.0546875,1
TCGA-D8-A73W,tcga_mc3_wes,hrd_binary_33,MuAt-compatible reimplementation,muat_compatible_qkv_attention,0.0,,,2,0.0,0.90380859375,0,0.09613037109375,1
TCGA-D8-A73X,tcga_mc3_wes,hrd_binary_33,MuAt-compatible reimplementation,muat_compatible_qkv_attention,0.0,,,1,0.0,0.74365234375,0,0.256103515625,1
TCGA-E2-A10A,tcga_mc3_wes,hrd_binary_33,MuAt-compatible reimplementation,muat_compatible_qkv_attention,0.0,,,3,0.0,0.86865234375,0,0.131103515625,1
TCGA-E2-A10C,tcga_mc3_wes,hrd_binary_33,MuAt-compatible reimplementation,muat_compatible_qkv_attention,0.0,,,1,0.0,0.912109375,0,0.0880126953125,1
TCGA-E2-A14O,tcga_mc3_wes,hrd_binary_33,MuAt-compatible reimplementation,muat_compatible_qkv_attention,0.0,,,2,0.0,0.908203125,0,0.09197998046875,1
TCGA-E2-A14Q,tcga_mc3_wes,hrd_binary_33,MuAt-compatible reimplementation,muat_compatible_qkv_attention,0.0,,,4,0.0,0.74267578125,0,0.257568359375,1
TCGA-E2-A14R,tcga_mc3_wes,hrd_binary_33,MuAt-compatible reimplementation,muat_compatible_qkv_attention,1.0,,,1,1.0,0.2322998046875,0,0.767578125,1
TCGA-E2-A14T,tcga_mc3_wes,hrd_binary_33,MuAt-compatible reimplementation,muat_compatible_qkv_attention,0.0,,,1,0.0,0.92822265625,0,0.071533203125,1
TCGA-E2-A14X,tcga_mc3_wes,hrd_binary_33,MuAt-compatible reimplementation,muat_compatible_qkv_attention,0.0,,,3,0.0,0.51953125,0,0.480224609375,1
TCGA-E2-A14Y,tcga_mc3_wes,hrd_binary_33,MuAt-compatible reimplementation,muat_compatible_qkv_attention,0.0,,,3,1.0,0.357421875,0,0.642578125,1
TCGA-E2-A14Z,tcga_mc3_wes,hrd_binary_33,MuAt-compatible reimplementation,muat_compatible_qkv_attention,1.0,,,4,0.0,0.94921875,0,0.05059814453125,1
TCGA-E2-A150,tcga_mc3_wes,hrd_binary_33,MuAt-compatible reimplementation,muat_compatible_qkv_attention,1.0,,,1,0.0,0.5029296875,0,0.497314453125,1
TCGA-E2-A152,tcga_mc3_wes,hrd_binary_33,MuAt-compatible reimplementation,muat_compatible_qkv_attention,0.0,,,1,0.0,0.63134765625,0,0.368896484375,1
TCGA-E2-A153,tcga_mc3_wes,hrd_binary_33,MuAt-compatible reimplementation,muat_compatible_qkv_attention,0.0,,,4,0.0,0.87548828125,0,0.12457275390625,1
TCGA-E2-A154,tcga_mc3_wes,hrd_binary_33,MuAt-compatible reimplementation,muat_compatible_qkv_attention,0.0,,,4,0.0,0.9892578125,0,0.0107879638671875,1
TCGA-E2-A155,tcga_mc3_wes,hrd_binary_33,MuAt-compatible reimplementation,muat_compatible_qkv_attention,0.0,,,1,0.0,0.87451171875,0,0.1253662109375,1
TCGA-E2-A156,tcga_mc3_wes,hrd_binary_33,MuAt-compatible reimplementation,muat_compatible_qkv_attention,0.0,,,3,0.0,0.958984375,0,0.041229248046875,1
TCGA-E2-A158,tcga_mc3_wes,hrd_binary_33,MuAt-compatible reimplementation,muat_compatible_qkv_attention,1.0,,,3,1.0,0.11761474609375,0,0.88232421875,1
TCGA-E2-A159,tcga_mc3_wes,hrd_binary_33,MuAt-compatible reimplementation,muat_compatible_qkv_attention,0.0,,,2,0.0,0.79833984375,0,0.2015380859375,1
TCGA-E2-A15A,tcga_mc3_wes,hrd_binary_33,MuAt-compatible reimplementation,muat_compatible_qkv_attention,1.0,,,1,0.0,0.669921875,0,0.330078125,1
TCGA-E2-A15C,tcga_mc3_wes,hrd_binary_33,MuAt-compatible reimplementation,muat_compatible_qkv_attention,0.0,,,3,0.0,0.94140625,0,0.05865478515625,1
TCGA-E2-A15D,tcga_mc3_wes,hrd_binary_33,MuAt-compatible reimplementation,muat_compatible_qkv_attention,0.0,,,3,0.0,0.9013671875,0,0.098876953125,1
TCGA-E2-A15E,tcga_mc3_wes,hrd_binary_33,MuAt-compatible reimplementation,muat_compatible_qkv_attention,1.0,,,5,0.0,0.56396484375,0,0.43603515625,1
TCGA-E2-A15G,tcga_mc3_wes,hrd_binary_33,MuAt-compatible reimplementation,muat_compatible_qkv_attention,0.0,,,1,1.0,0.1297607421875,0,0.8701171875,1
TCGA-E2-A15H,tcga_mc3_wes,hrd_binary_33,MuAt-compatible reimplementation,muat_compatible_qkv_attention,0.0,,,1,0.0,0.91796875,0,0.08209228515625,1
TCGA-E2-A15I,tcga_mc3_wes,hrd_binary_33,MuAt-compatible reimplementation,muat_compatible_qkv_attention,0.0,,,3,1.0,0.28662109375,0,0.71337890625,1
TCGA-E2-A15J,tcga_mc3_wes,hrd_binary_33,MuAt-compatible reimplementation,muat_compatible_qkv_attention,0.0,,,2,0.0,0.8466796875,0,0.153076171875,1
TCGA-E2-A15K,tcga_mc3_wes,hrd_binary_33,MuAt-compatible reimplementation,muat_compatible_qkv_attention,0.0,,,5,1.0,0.489013671875,0,0.51123046875,1
TCGA-E2-A15M,tcga_mc3_wes,hrd_binary_33,MuAt-compatible reimplementation,muat_compatible_qkv_attention,1.0,,,1,0.0,0.60546875,0,0.394287109375,1
TCGA-E2-A15O,tcga_mc3_wes,hrd_binary_33,MuAt-compatible reimplementation,muat_compatible_qkv_attention,0.0,,,1,0.0,0.9296875,0,0.070068359375,1
TCGA-E2-A15P,tcga_mc3_wes,hrd_binary_33,MuAt-compatible reimplementation,muat_compatible_qkv_attention,0.0,,,3,0.0,0.52587890625,0,0.47412109375,1
TCGA-E2-A15R,tcga_mc3_wes,hrd_binary_33,MuAt-compatible reimplementation,muat_compatible_qkv_attention,0.0,,,4,0.0,0.935546875,0,0.06427001953125,1
TCGA-E2-A15T,tcga_mc3_wes,hrd_binary_33,MuAt-compatible reimplementation,muat_compatible_qkv_attention,0.0,,,5,0.0,0.6787109375,0,0.3212890625,1
TCGA-E2-A1AZ,tcga_mc3_wes,hrd_binary_33,MuAt-compatible reimplementation,muat_compatible_qkv_attention,1.0,,,1,1.0,0.1702880859375,0,0.82958984375,1
TCGA-E2-A1B0,tcga_mc3_wes,hrd_binary_33,MuAt-compatible reimplementation,muat_compatible_qkv_attention,1.0,,,2,0.0,0.84912109375,0,0.1507568359375,1
TCGA-E2-A1B4,tcga_mc3_wes,hrd_binary_33,MuAt-compatible reimplementation,muat_compatible_qkv_attention,0.0,,,3,0.0,0.52734375,0,0.472900390625,1
TCGA-E2-A1B5,tcga_mc3_wes,hrd_binary_33,MuAt-compatible reimplementation,muat_compatible_qkv_attention,0.0,,,2,0.0,0.90283203125,0,0.09710693359375,1
TCGA-E2-A1BC,tcga_mc3_wes,hrd_binary_33,MuAt-compatible reimplementation,muat_compatible_qkv_attention,0.0,,,3,0.0,0.931640625,0,0.0682373046875,1
TCGA-E2-A1BD,tcga_mc3_wes,hrd_binary_33,MuAt-compatible reimplementation,muat_compatible_qkv_attention,0.0,,,4,0.0,0.95751953125,0,0.042633056640625,1
TCGA-E2-A1IE,tcga_mc3_wes,hrd_binary_33,MuAt-compatible reimplementation,muat_compatible_qkv_attention,0.0,,,5,0.0,0.63671875,0,0.36328125,1
TCGA-E2-A1IF,tcga_mc3_wes,hrd_binary_33,MuAt-compatible reimplementation,muat_compatible_qkv_attention,0.0,,,3,0.0,0.95458984375,0,0.045318603515625,1
TCGA-E2-A1IG,tcga_mc3_wes,hrd_binary_33,MuAt-compatible reimplementation,muat_compatible_qkv_attention,0.0,,,4,0.0,0.93701171875,0,0.0628662109375,1
TCGA-E2-A1IH,tcga_mc3_wes,hrd_binary_33,MuAt-compatible reimplementation,muat_compatible_qkv_attention,0.0,,,3,0.0,0.837890625,0,0.1619873046875,1
TCGA-E2-A1IJ,tcga_mc3_wes,hrd_binary_33,MuAt-compatible reimplementation,muat_compatible_qkv_attention,0.0,,,3,0.0,0.81298828125,0,0.187255859375,1
TCGA-E2-A1IK,tcga_mc3_wes,hrd_binary_33,MuAt-compatible reimplementation,muat_compatible_qkv_attention,0.0,,,1,0.0,0.91064453125,0,0.08941650390625,1
TCGA-E2-A1IL,tcga_mc3_wes,hrd_binary_33,MuAt-compatible reimplementation,muat_compatible_qkv_attention,0.0,,,5,0.0,0.66552734375,0,0.33447265625,1
TCGA-E2-A1IO,tcga_mc3_wes,hrd_binary_33,MuAt-compatible reimplementation,muat_compatible_qkv_attention,0.0,,,4,0.0,0.88037109375,0,0.1197509765625,1
TCGA-E2-A1IU,tcga_mc3_wes,hrd_binary_33,MuAt-compatible reimplementation,muat_compatible_qkv_attention,0.0,,,3,0.0,0.90625,0,0.09368896484375,1
TCGA-E2-A1L6,tcga_mc3_wes,hrd_binary_33,MuAt-compatible reimplementation,muat_compatible_qkv_attention,0.0,,,2,0.0,0.88330078125,0,0.11669921875,1
TCGA-E2-A1L8,tcga_mc3_wes,hrd_binary_33,MuAt-compatible reimplementation,muat_compatible_qkv_attention,0.0,,,2,0.0,0.89013671875,0,0.10968017578125,1
TCGA-E2-A1L9,tcga_mc3_wes,hrd_binary_33,MuAt-compatible reimplementation,muat_compatible_qkv_attention,0.0,,,5,0.0,0.76025390625,0,0.2398681640625,1
TCGA-E2-A1LA,tcga_mc3_wes,hrd_binary_33,MuAt-compatible reimplementation,muat_compatible_qkv_attention,1.0,,,4,0.0,0.5263671875,0,0.473388671875,1
TCGA-E2-A1LG,tcga_mc3_wes,hrd_binary_33,MuAt-compatible reimplementation,muat_compatible_qkv_attention,0.0,,,2,0.0,0.826171875,0,0.1739501953125,1
TCGA-E2-A1LH,tcga_mc3_wes,hrd_binary_33,MuAt-compatible reimplementation,muat_compatible_qkv_attention,1.0,,,1,1.0,0.1329345703125,0,0.8671875,1
TCGA-E2-A1LK,tcga_mc3_wes,hrd_binary_33,MuAt-compatible reimplementation,muat_compatible_qkv_attention,0.0,,,3,1.0,0.36083984375,0,0.63916015625,1
TCGA-E2-A1LL,tcga_mc3_wes,hrd_binary_33,MuAt-compatible reimplementation,muat_compatible_qkv_attention,1.0,,,1,0.0,0.8310546875,0,0.1689453125,1
TCGA-E2-A56Z,tcga_mc3_wes,hrd_binary_33,MuAt-compatible reimplementation,muat_compatible_qkv_attention,0.0,,,2,0.0,0.8955078125,0,0.104248046875,1
TCGA-E2-A570,tcga_mc3_wes,hrd_binary_33,MuAt-compatible reimplementation,muat_compatible_qkv_attention,0.0,,,2,0.0,0.83056640625,0,0.16943359375,1
TCGA-E2-A573,tcga_mc3_wes,hrd_binary_33,MuAt-compatible reimplementation,muat_compatible_qkv_attention,1.0,,,4,1.0,0.1766357421875,0,0.8232421875,1
TCGA-E2-A576,tcga_mc3_wes,hrd_binary_33,MuAt-compatible reimplementation,muat_compatible_qkv_attention,0.0,,,5,0.0,0.62109375,0,0.37890625,1
TCGA-E2-A9RU,tcga_mc3_wes,hrd_binary_33,MuAt-compatible reimplementation,muat_compatible_qkv_attention,1.0,,,2,0.0,0.86083984375,0,0.13916015625,1
TCGA-E9-A1N3,tcga_mc3_wes,hrd_binary_33,MuAt-compatible reimplementation,muat_compatible_qkv_attention,0.0,,,3,0.0,0.83251953125,0,0.167236328125,1
TCGA-E9-A1N5,tcga_mc3_wes,hrd_binary_33,MuAt-compatible reimplementation,muat_compatible_qkv_attention,0.0,,,3,1.0,0.36767578125,0,0.63232421875,1
TCGA-E9-A1N8,tcga_mc3_wes,hrd_binary_33,MuAt-compatible reimplementation,muat_compatible_qkv_attention,0.0,,,5,0.0,0.52783203125,0,0.472412109375,1
TCGA-E9-A1N9,tcga_mc3_wes,hrd_binary_33,MuAt-compatible reimplementation,muat_compatible_qkv_attention,1.0,,,4,0.0,0.60205078125,0,0.39794921875,1
TCGA-E9-A1NA,tcga_mc3_wes,hrd_binary_33,MuAt-compatible reimplementation,muat_compatible_qkv_attention,1.0,,,3,0.0,0.6923828125,0,0.3076171875,1
TCGA-E9-A1NC,tcga_mc3_wes,hrd_binary_33,MuAt-compatible reimplementation,muat_compatible_qkv_attention,1.0,,,3,1.0,0.1444091796875,0,0.85546875,1
TCGA-E9-A1ND,tcga_mc3_wes,hrd_binary_33,MuAt-compatible reimplementation,muat_compatible_qkv_attention,1.0,,,4,0.0,0.9873046875,0,0.0127716064453125,1
TCGA-E9-A1NE,tcga_mc3_wes,hrd_binary_33,MuAt-compatible reimplementation,muat_compatible_qkv_attention,0.0,,,5,0.0,0.6083984375,0,0.391845703125,1
TCGA-E9-A1NG,tcga_mc3_wes,hrd_binary_33,MuAt-compatible reimplementation,muat_compatible_qkv_attention,0.0,,,2,0.0,0.93408203125,0,0.06610107421875,1
TCGA-E9-A1NH,tcga_mc3_wes,hrd_binary_33,MuAt-compatible reimplementation,muat_compatible_qkv_attention,0.0,,,2,0.0,0.8701171875,0,0.1297607421875,1
TCGA-E9-A1NI,tcga_mc3_wes,hrd_binary_33,MuAt-compatible reimplementation,muat_compatible_qkv_attention,0.0,,,1,0.0,0.96728515625,0,0.0325927734375,1
TCGA-E9-A1R0,tcga_mc3_wes,hrd_binary_33,MuAt-compatible reimplementation,muat_compatible_qkv_attention,0.0,,,3,0.0,0.9814453125,0,0.0184783935546875,1
TCGA-E9-A1R3,tcga_mc3_wes,hrd_binary_33,MuAt-compatible reimplementation,muat_compatible_qkv_attention,0.0,,,3,0.0,0.9638671875,0,0.0361328125,1
TCGA-E9-A1R5,tcga_mc3_wes,hrd_binary_33,MuAt-compatible reimplementation,muat_compatible_qkv_attention,0.0,,,4,0.0,0.8525390625,0,0.1475830078125,1
TCGA-E9-A1R6,tcga_mc3_wes,hrd_binary_33,MuAt-compatible reimplementation,muat_compatible_qkv_attention,0.0,,,2,0.0,0.92529296875,0,0.0745849609375,1
TCGA-E9-A1R7,tcga_mc3_wes,hrd_binary_33,MuAt-compatible reimplementation,muat_compatible_qkv_attention,1.0,,,4,0.0,0.97412109375,0,0.0260009765625,1
TCGA-E9-A1RA,tcga_mc3_wes,hrd_binary_33,MuAt-compatible reimplementation,muat_compatible_qkv_attention,0.0,,,1,0.0,0.96728515625,0,0.032684326171875,1
TCGA-E9-A1RB,tcga_mc3_wes,hrd_binary_33,MuAt-compatible reimplementation,muat_compatible_qkv_attention,0.0,,,2,0.0,0.83544921875,0,0.16455078125,1
TCGA-E9-A1RC,tcga_mc3_wes,hrd_binary_33,MuAt-compatible reimplementation,muat_compatible_qkv_attention,0.0,,,4,0.0,0.580078125,0,0.419921875,1
TCGA-E9-A1RD,tcga_mc3_wes,hrd_binary_33,MuAt-compatible reimplementation,muat_compatible_qkv_attention,0.0,,,3,0.0,0.97265625,0,0.0272216796875,1
TCGA-E9-A1RE,tcga_mc3_wes,hrd_binary_33,MuAt-compatible reimplementation,muat_compatible_qkv_attention,1.0,,,5,0.0,0.67919921875,0,0.320556640625,1
TCGA-E9-A1RF,tcga_mc3_wes,hrd_binary_33,MuAt-compatible reimplementation,muat_compatible_qkv_attention,1.0,,,2,0.0,0.73681640625,0,0.26318359375,1
TCGA-E9-A1RG,tcga_mc3_wes,hrd_binary_33,MuAt-compatible reimplementation,muat_compatible_qkv_attention,1.0,,,2,0.0,0.86328125,0,0.13671875,1
TCGA-E9-A1RH,tcga_mc3_wes,hrd_binary_33,MuAt-compatible reimplementation,muat_compatible_qkv_attention,1.0,,,3,1.0,0.2010498046875,0,0.798828125,1
TCGA-E9-A226,tcga_mc3_wes,hrd_binary_33,MuAt-compatible reimplementation,muat_compatible_qkv_attention,0.0,,,4,0.0,0.99755859375,0,0.002468109130859375,1
TCGA-E9-A227,tcga_mc3_wes,hrd_binary_33,MuAt-compatible reimplementation,muat_compatible_qkv_attention,0.0,,,3,0.0,0.65966796875,0,0.340087890625,1
TCGA-E9-A228,tcga_mc3_wes,hrd_binary_33,MuAt-compatible reimplementation,muat_compatible_qkv_attention,0.0,,,3,0.0,0.83349609375,0,0.1663818359375,1
TCGA-E9-A229,tcga_mc3_wes,hrd_binary_33,MuAt-compatible reimplementation,muat_compatible_qkv_attention,0.0,,,4,0.0,0.99755859375,0,0.002323150634765625,1
TCGA-E9-A22A,tcga_mc3_wes,hrd_binary_33,MuAt-compatible reimplementation,muat_compatible_qkv_attention,0.0,,,1,0.0,0.85107421875,0,0.1490478515625,1
TCGA-E9-A22B,tcga_mc3_wes,hrd_binary_33,MuAt-compatible reimplementation,muat_compatible_qkv_attention,0.0,,,5,0.0,0.572265625,0,0.427734375,1
TCGA-E9-A22D,tcga_mc3_wes,hrd_binary_33,MuAt-compatible reimplementation,muat_compatible_qkv_attention,1.0,,,3,1.0,0.380615234375,0,0.619140625,1
TCGA-E9-A22E,tcga_mc3_wes,hrd_binary_33,MuAt-compatible reimplementation,muat_compatible_qkv_attention,1.0,,,4,0.0,0.57861328125,0,0.42138671875,1
TCGA-E9-A22G,tcga_mc3_wes,hrd_binary_33,MuAt-compatible reimplementation,muat_compatible_qkv_attention,1.0,,,4,1.0,0.347900390625,0,0.65185546875,1
TCGA-E9-A22H,tcga_mc3_wes,hrd_binary_33,MuAt-compatible reimplementation,muat_compatible_qkv_attention,0.0,,,1,0.0,0.9306640625,0,0.06915283203125,1
TCGA-E9-A243,tcga_mc3_wes,hrd_binary_33,MuAt-compatible reimplementation,muat_compatible_qkv_attention,1.0,,,5,1.0,0.42822265625,0,0.57177734375,1
TCGA-E9-A244,tcga_mc3_wes,hrd_binary_33,MuAt-compatible reimplementation,muat_compatible_qkv_attention,1.0,,,3,0.0,0.5322265625,0,0.468017578125,1
TCGA-E9-A245,tcga_mc3_wes,hrd_binary_33,MuAt-compatible reimplementation,muat_compatible_qkv_attention,0.0,,,5,0.0,0.64404296875,0,0.355712890625,1
TCGA-E9-A247,tcga_mc3_wes,hrd_binary_33,MuAt-compatible reimplementation,muat_compatible_qkv_attention,1.0,,,4,0.0,0.533203125,0,0.466552734375,1
TCGA-E9-A248,tcga_mc3_wes,hrd_binary_33,MuAt-compatible reimplementation,muat_compatible_qkv_attention,0.0,,,2,0.0,0.91064453125,0,0.08929443359375,1
TCGA-E9-A24A,tcga_mc3_wes,hrd_binary_33,MuAt-compatible reimplementation,muat_compatible_qkv_attention,0.0,,,5,0.0,0.61962890625,0,0.380615234375,1
TCGA-E9-A295,tcga_mc3_wes,hrd_binary_33,MuAt-compatible reimplementation,muat_compatible_qkv_attention,0.0,,,5,0.0,0.572265625,0,0.427734375,1
TCGA-E9-A2JS,tcga_mc3_wes,hrd_binary_33,MuAt-compatible reimplementation,muat_compatible_qkv_attention,1.0,,,1,0.0,0.87890625,0,0.12103271484375,1
TCGA-E9-A2JT,tcga_mc3_wes,hrd_binary_33,MuAt-compatible reimplementation,muat_compatible_qkv_attention,0.0,,,1,0.0,0.94189453125,0,0.05828857421875,1
TCGA-E9-A3X8,tcga_mc3_wes,hrd_binary_33,MuAt-compatible reimplementation,muat_compatible_qkv_attention,0.0,,,2,0.0,0.88427734375,0,0.1156005859375,1
TCGA-E9-A5FL,tcga_mc3_wes,hrd_binary_33,MuAt-compatible reimplementation,muat_compatible_qkv_attention,1.0,,,2,0.0,0.71240234375,0,0.28759765625,1
TCGA-E9-A5UO,tcga_mc3_wes,hrd_binary_33,MuAt-compatible reimplementation,muat_compatible_qkv_attention,0.0,,,2,0.0,0.896484375,0,0.1033935546875,1
TCGA-E9-A6HE,tcga_mc3_wes,hrd_binary_33,MuAt-compatible reimplementation,muat_compatible_qkv_attention,0.0,,,1,0.0,0.93310546875,0,0.06707763671875,1
TCGA-EW-A1IW,tcga_mc3_wes,hrd_binary_33,MuAt-compatible reimplementation,muat_compatible_qkv_attention,0.0,,,2,0.0,0.88720703125,0,0.1126708984375,1
TCGA-EW-A1IY,tcga_mc3_wes,hrd_binary_33,MuAt-compatible reimplementation,muat_compatible_qkv_attention,0.0,,,1,0.0,0.96826171875,0,0.031494140625,1
TCGA-EW-A1IZ,tcga_mc3_wes,hrd_binary_33,MuAt-compatible reimplementation,muat_compatible_qkv_attention,0.0,,,4,0.0,0.9306640625,0,0.069091796875,1
TCGA-EW-A1J1,tcga_mc3_wes,hrd_binary_33,MuAt-compatible reimplementation,muat_compatible_qkv_attention,0.0,,,1,0.0,0.9248046875,0,0.07513427734375,1
TCGA-EW-A1J3,tcga_mc3_wes,hrd_binary_33,MuAt-compatible reimplementation,muat_compatible_qkv_attention,0.0,,,5,0.0,0.66064453125,0,0.33935546875,1
TCGA-EW-A1J6,tcga_mc3_wes,hrd_binary_33,MuAt-compatible reimplementation,muat_compatible_qkv_attention,1.0,,,4,0.0,0.60009765625,0,0.400146484375,1
TCGA-EW-A1OV,tcga_mc3_wes,hrd_binary_33,MuAt-compatible reimplementation,muat_compatible_qkv_attention,1.0,,,5,0.0,0.68701171875,0,0.31298828125,1
TCGA-EW-A1OX,tcga_mc3_wes,hrd_binary_33,MuAt-compatible reimplementation,muat_compatible_qkv_attention,0.0,,,2,0.0,0.92822265625,0,0.07183837890625,1
TCGA-EW-A1OY,tcga_mc3_wes,hrd_binary_33,MuAt-compatible reimplementation,muat_compatible_qkv_attention,1.0,,,4,1.0,0.279541015625,0,0.720703125,1
TCGA-EW-A1OZ,tcga_mc3_wes,hrd_binary_33,MuAt-compatible reimplementation,muat_compatible_qkv_attention,1.0,,,1,0.0,0.50537109375,0,0.49462890625,1
TCGA-EW-A1P0,tcga_mc3_wes,hrd_binary_33,MuAt-compatible reimplementation,muat_compatible_qkv_attention,0.0,,,4,0.0,0.9345703125,0,0.0654296875,1
TCGA-EW-A1P1,tcga_mc3_wes,hrd_binary_33,MuAt-compatible reimplementation,muat_compatible_qkv_attention,0.0,,,4,0.0,0.67333984375,0,0.326416015625,1
TCGA-EW-A1P3,tcga_mc3_wes,hrd_binary_33,MuAt-compatible reimplementation,muat_compatible_qkv_attention,0.0,,,1,0.0,0.93896484375,0,0.061126708984375,1
TCGA-EW-A1P4,tcga_mc3_wes,hrd_binary_33,MuAt-compatible reimplementation,muat_compatible_qkv_attention,1.0,,,3,1.0,0.283447265625,0,0.716796875,1
TCGA-EW-A1P5,tcga_mc3_wes,hrd_binary_33,MuAt-compatible reimplementation,muat_compatible_qkv_attention,0.0,,,1,0.0,0.97900390625,0,0.02117919921875,1
TCGA-EW-A1P6,tcga_mc3_wes,hrd_binary_33,MuAt-compatible reimplementation,muat_compatible_qkv_attention,0.0,,,2,0.0,0.90283203125,0,0.0972900390625,1
TCGA-EW-A1P7,tcga_mc3_wes,hrd_binary_33,MuAt-compatible reimplementation,muat_compatible_qkv_attention,0.0,,,2,0.0,0.7646484375,0,0.2352294921875,1
TCGA-EW-A1P8,tcga_mc3_wes,hrd_binary_33,MuAt-compatible reimplementation,muat_compatible_qkv_attention,1.0,,,1,1.0,0.393798828125,0,0.60595703125,1
TCGA-EW-A1PA,tcga_mc3_wes,hrd_binary_33,MuAt-compatible reimplementation,muat_compatible_qkv_attention,0.0,,,2,0.0,0.83251953125,0,0.1673583984375,1
TCGA-EW-A1PB,tcga_mc3_wes,hrd_binary_33,MuAt-compatible reimplementation,muat_compatible_qkv_attention,1.0,,,5,1.0,0.4560546875,0,0.5439453125,1
TCGA-EW-A1PE,tcga_mc3_wes,hrd_binary_33,MuAt-compatible reimplementation,muat_compatible_qkv_attention,0.0,,,3,0.0,0.9345703125,0,0.06524658203125,1
TCGA-EW-A1PG,tcga_mc3_wes,hrd_binary_33,MuAt-compatible reimplementation,muat_compatible_qkv_attention,0.0,,,4,0.0,0.95947265625,0,0.04046630859375,1
TCGA-EW-A1PH,tcga_mc3_wes,hrd_binary_33,MuAt-compatible reimplementation,muat_compatible_qkv_attention,1.0,,,1,0.0,0.62548828125,0,0.37451171875,1
TCGA-EW-A2FS,tcga_mc3_wes,hrd_binary_33,MuAt-compatible reimplementation,muat_compatible_qkv_attention,0.0,,,1,0.0,0.78125,0,0.2186279296875,1
TCGA-EW-A2FV,tcga_mc3_wes,hrd_binary_33,MuAt-compatible reimplementation,muat_compatible_qkv_attention,0.0,,,2,1.0,0.283935546875,0,0.7158203125,1
TCGA-EW-A6SB,tcga_mc3_wes,hrd_binary_33,MuAt-compatible reimplementation,muat_compatible_qkv_attention,0.0,,,4,0.0,0.8115234375,0,0.188232421875,1
TCGA-EW-A6SC,tcga_mc3_wes,hrd_binary_33,MuAt-compatible reimplementation,muat_compatible_qkv_attention,0.0,,,5,0.0,0.8349609375,0,0.1650390625,1
TCGA-EW-A6SD,tcga_mc3_wes,hrd_binary_33,MuAt-compatible reimplementation,muat_compatible_qkv_attention,1.0,,,4,0.0,0.8544921875,0,0.145263671875,1
TCGA-GM-A2DA,tcga_mc3_wes,hrd_binary_33,MuAt-compatible reimplementation,muat_compatible_qkv_attention,0.0,,,4,0.0,0.75,0,0.250244140625,1
TCGA-GM-A2DB,tcga_mc3_wes,hrd_binary_33,MuAt-compatible reimplementation,muat_compatible_qkv_attention,0.0,,,5,0.0,0.51220703125,0,0.48779296875,1
TCGA-GM-A2DC,tcga_mc3_wes,hrd_binary_33,MuAt-compatible reimplementation,muat_compatible_qkv_attention,0.0,,,3,0.0,0.88916015625,0,0.11083984375,1
TCGA-GM-A2DD,tcga_mc3_wes,hrd_binary_33,MuAt-compatible reimplementation,muat_compatible_qkv_attention,0.0,,,3,0.0,0.88134765625,0,0.11871337890625,1
TCGA-GM-A2DF,tcga_mc3_wes,hrd_binary_33,MuAt-compatible reimplementation,muat_compatible_qkv_attention,1.0,,,4,1.0,0.234619140625,0,0.76513671875,1
TCGA-GM-A2DH,tcga_mc3_wes,hrd_binary_33,MuAt-compatible reimplementation,muat_compatible_qkv_attention,1.0,,,1,0.0,0.68408203125,0,0.31591796875,1
TCGA-GM-A2DK,tcga_mc3_wes,hrd_binary_33,MuAt-compatible reimplementation,muat_compatible_qkv_attention,0.0,,,2,0.0,0.8759765625,0,0.12420654296875,1
TCGA-GM-A2DL,tcga_mc3_wes,hrd_binary_33,MuAt-compatible reimplementation,muat_compatible_qkv_attention,0.0,,,1,0.0,0.53857421875,0,0.46142578125,1
TCGA-GM-A2DM,tcga_mc3_wes,hrd_binary_33,MuAt-compatible reimplementation,muat_compatible_qkv_attention,0.0,,,5,0.0,0.67041015625,0,0.32958984375,1
TCGA-GM-A2DN,tcga_mc3_wes,hrd_binary_33,MuAt-compatible reimplementation,muat_compatible_qkv_attention,0.0,,,4,0.0,0.71826171875,0,0.28173828125,1
TCGA-GM-A3NW,tcga_mc3_wes,hrd_binary_33,MuAt-compatible reimplementation,muat_compatible_qkv_attention,0.0,,,4,0.0,0.9658203125,0,0.03424072265625,1
TCGA-GM-A5PX,tcga_mc3_wes,hrd_binary_33,MuAt-compatible reimplementation,muat_compatible_qkv_attention,0.0,,,3,0.0,0.51123046875,0,0.488525390625,1
TCGA-HN-A2NL,tcga_mc3_wes,hrd_binary_33,MuAt-compatible reimplementation,muat_compatible_qkv_attention,1.0,,,1,0.0,0.72802734375,0,0.272216796875,1
TCGA-HN-A2OB,tcga_mc3_wes,hrd_binary_33,MuAt-compatible reimplementation,muat_compatible_qkv_attention,0.0,,,1,1.0,0.1861572265625,0,0.81396484375,1
TCGA-LD-A66U,tcga_mc3_wes,hrd_binary_33,MuAt-compatible reimplementation,muat_compatible_qkv_attention,0.0,,,3,0.0,0.95361328125,0,0.046295166015625,1
TCGA-LD-A74U,tcga_mc3_wes,hrd_binary_33,MuAt-compatible reimplementation,muat_compatible_qkv_attention,0.0,,,5,0.0,0.6474609375,0,0.352294921875,1
TCGA-LD-A7W5,tcga_mc3_wes,hrd_binary_33,MuAt-compatible reimplementation,muat_compatible_qkv_attention,1.0,,,5,0.0,0.6484375,0,0.351806640625,1
TCGA-LD-A7W6,tcga_mc3_wes,hrd_binary_33,MuAt-compatible reimplementation,muat_compatible_qkv_attention,0.0,,,5,0.0,0.64697265625,0,0.35302734375,1
TCGA-LL-A50Y,tcga_mc3_wes,hrd_binary_33,MuAt-compatible reimplementation,muat_compatible_qkv_attention,0.0,,,1,0.0,0.869140625,0,0.130859375,1
TCGA-LL-A5YL,tcga_mc3_wes,hrd_binary_33,MuAt-compatible reimplementation,muat_compatible_qkv_attention,0.0,,,4,0.0,0.9375,0,0.0626220703125,1
TCGA-LL-A5YM,tcga_mc3_wes,hrd_binary_33,MuAt-compatible reimplementation,muat_compatible_qkv_attention,0.0,,,3,0.0,0.6875,0,0.3125,1
TCGA-LL-A5YN,tcga_mc3_wes,hrd_binary_33,MuAt-compatible reimplementation,muat_compatible_qkv_attention,1.0,,,3,0.0,0.9580078125,0,0.041778564453125,1
TCGA-LL-A5YP,tcga_mc3_wes,hrd_binary_33,MuAt-compatible reimplementation,muat_compatible_qkv_attention,1.0,,,4,0.0,0.69482421875,0,0.30517578125,1
TCGA-LL-A6FQ,tcga_mc3_wes,hrd_binary_33,MuAt-compatible reimplementation,muat_compatible_qkv_attention,0.0,,,4,0.0,0.9765625,0,0.023193359375,1
TCGA-LL-A6FR,tcga_mc3_wes,hrd_binary_33,MuAt-compatible reimplementation,muat_compatible_qkv_attention,1.0,,,4,0.0,0.92822265625,0,0.071533203125,1
TCGA-LL-A73Y,tcga_mc3_wes,hrd_binary_33,MuAt-compatible reimplementation,muat_compatible_qkv_attention,0.0,,,4,1.0,0.46142578125,0,0.53857421875,1
TCGA-LL-A73Z,tcga_mc3_wes,hrd_binary_33,MuAt-compatible reimplementation,muat_compatible_qkv_attention,0.0,,,1,0.0,0.9140625,0,0.08612060546875,1
TCGA-LL-A7SZ,tcga_mc3_wes,hrd_binary_33,MuAt-compatible reimplementation,muat_compatible_qkv_attention,1.0,,,4,0.0,0.9208984375,0,0.0789794921875,1
TCGA-LL-A7T0,tcga_mc3_wes,hrd_binary_33,MuAt-compatible reimplementation,muat_compatible_qkv_attention,1.0,,,3,0.0,0.9384765625,0,0.06158447265625,1
TCGA-LL-A8F5,tcga_mc3_wes,hrd_binary_33,MuAt-compatible reimplementation,muat_compatible_qkv_attention,1.0,,,1,1.0,0.0938720703125,0,0.90625,1
TCGA-LL-A9Q3,tcga_mc3_wes,hrd_binary_33,MuAt-compatible reimplementation,muat_compatible_qkv_attention,0.0,,,5,0.0,0.7265625,0,0.273681640625,1
TCGA-OK-A5Q2,tcga_mc3_wes,hrd_binary_33,MuAt-compatible reimplementation,muat_compatible_qkv_attention,0.0,,,5,0.0,0.77099609375,0,0.2288818359375,1
TCGA-OL-A5D6,tcga_mc3_wes,hrd_binary_33,MuAt-compatible reimplementation,muat_compatible_qkv_attention,0.0,,,4,1.0,0.34716796875,0,0.65283203125,1
TCGA-OL-A5D7,tcga_mc3_wes,hrd_binary_33,MuAt-compatible reimplementation,muat_compatible_qkv_attention,1.0,,,1,1.0,0.28955078125,0,0.71044921875,1
TCGA-OL-A5D8,tcga_mc3_wes,hrd_binary_33,MuAt-compatible reimplementation,muat_compatible_qkv_attention,0.0,,,2,0.0,0.89501953125,0,0.1051025390625,1
TCGA-OL-A5DA,tcga_mc3_wes,hrd_binary_33,MuAt-compatible reimplementation,muat_compatible_qkv_attention,0.0,,,3,0.0,0.72119140625,0,0.27880859375,1
TCGA-OL-A5RU,tcga_mc3_wes,hrd_binary_33,MuAt-compatible reimplementation,muat_compatible_qkv_attention,0.0,,,4,0.0,0.92626953125,0,0.0738525390625,1
TCGA-OL-A5RV,tcga_mc3_wes,hrd_binary_33,MuAt-compatible reimplementation,muat_compatible_qkv_attention,0.0,,,4,0.0,0.84130859375,0,0.1588134765625,1
TCGA-OL-A5RW,tcga_mc3_wes,hrd_binary_33,MuAt-compatible reimplementation,muat_compatible_qkv_attention,1.0,,,3,1.0,0.1845703125,0,0.8154296875,1
TCGA-OL-A5RX,tcga_mc3_wes,hrd_binary_33,MuAt-compatible reimplementation,muat_compatible_qkv_attention,0.0,,,2,0.0,0.90869140625,0,0.091552734375,1
TCGA-OL-A5RY,tcga_mc3_wes,hrd_binary_33,MuAt-compatible reimplementation,muat_compatible_qkv_attention,0.0,,,5,0.0,0.67822265625,0,0.32177734375,1
TCGA-OL-A5RZ,tcga_mc3_wes,hrd_binary_33,MuAt-compatible reimplementation,muat_compatible_qkv_attention,0.0,,,2,0.0,0.80126953125,0,0.19873046875,1
TCGA-OL-A5S0,tcga_mc3_wes,hrd_binary_33,MuAt-compatible reimplementation,muat_compatible_qkv_attention,1.0,,,2,0.0,0.904296875,0,0.09576416015625,1
TCGA-OL-A66H,tcga_mc3_wes,hrd_binary_33,MuAt-compatible reimplementation,muat_compatible_qkv_attention,0.0,,,3,0.0,0.70556640625,0,0.29443359375,1
TCGA-OL-A66I,tcga_mc3_wes,hrd_binary_33,MuAt-compatible reimplementation,muat_compatible_qkv_attention,1.0,,,2,0.0,0.88037109375,0,0.11968994140625,1
TCGA-OL-A66J,tcga_mc3_wes,hrd_binary_33,MuAt-compatible reimplementation,muat_compatible_qkv_attention,0.0,,,2,0.0,0.90283203125,0,0.09722900390625,1
TCGA-OL-A66K,tcga_mc3_wes,hrd_binary_33,MuAt-compatible reimplementation,muat_compatible_qkv_attention,0.0,,,2,0.0,0.900390625,0,0.09967041015625,1
TCGA-OL-A66L,tcga_mc3_wes,hrd_binary_33,MuAt-compatible reimplementation,muat_compatible_qkv_attention,0.0,,,2,0.0,0.91259765625,0,0.087646484375,1
TCGA-OL-A66N,tcga_mc3_wes,hrd_binary_33,MuAt-compatible reimplementation,muat_compatible_qkv_attention,0.0,,,1,0.0,0.92138671875,0,0.07843017578125,1
TCGA-OL-A66O,tcga_mc3_wes,hrd_binary_33,MuAt-compatible reimplementation,muat_compatible_qkv_attention,0.0,,,2,0.0,0.90625,0,0.09381103515625,1
TCGA-OL-A66P,tcga_mc3_wes,hrd_binary_33,MuAt-compatible reimplementation,muat_compatible_qkv_attention,0.0,,,5,0.0,0.5068359375,0,0.493408203125,1
TCGA-OL-A6VO,tcga_mc3_wes,hrd_binary_33,MuAt-compatible reimplementation,muat_compatible_qkv_attention,1.0,,,1,0.0,0.72412109375,0,0.27587890625,1
TCGA-OL-A6VQ,tcga_mc3_wes,hrd_binary_33,MuAt-compatible reimplementation,muat_compatible_qkv_attention,0.0,,,4,0.0,0.91552734375,0,0.08428955078125,1
TCGA-OL-A6VR,tcga_mc3_wes,hrd_binary_33,MuAt-compatible reimplementation,muat_compatible_qkv_attention,0.0,,,1,0.0,0.541015625,0,0.458740234375,1
TCGA-OL-A97C,tcga_mc3_wes,hrd_binary_33,MuAt-compatible reimplementation,muat_compatible_qkv_attention,0.0,,,2,0.0,0.771484375,0,0.2286376953125,1
TCGA-PE-A5DD,tcga_mc3_wes,hrd_binary_33,MuAt-compatible reimplementation,muat_compatible_qkv_attention,0.0,,,2,0.0,0.916015625,0,0.0838623046875,1
TCGA-PE-A5DE,tcga_mc3_wes,hrd_binary_33,MuAt-compatible reimplementation,muat_compatible_qkv_attention,0.0,,,5,0.0,0.59814453125,0,0.401611328125,1
TCGA-PL-A8LV,tcga_mc3_wes,hrd_binary_33,MuAt-compatible reimplementation,muat_compatible_qkv_attention,1.0,,,3,1.0,0.2314453125,0,0.7685546875,1
TCGA-PL-A8LX,tcga_mc3_wes,hrd_binary_33,MuAt-compatible reimplementation,muat_compatible_qkv_attention,0.0,,,5,1.0,0.49853515625,0,0.50146484375,1
TCGA-PL-A8LY,tcga_mc3_wes,hrd_binary_33,MuAt-compatible reimplementation,muat_compatible_qkv_attention,0.0,,,5,0.0,0.6533203125,0,0.346435546875,1
TCGA-PL-A8LZ,tcga_mc3_wes,hrd_binary_33,MuAt-compatible reimplementation,muat_compatible_qkv_attention,1.0,,,3,0.0,0.68798828125,0,0.312255859375,1
TCGA-S3-A6ZF,tcga_mc3_wes,hrd_binary_33,MuAt-compatible reimplementation,muat_compatible_qkv_attention,1.0,,,1,0.0,0.8642578125,0,0.1357421875,1
TCGA-S3-A6ZG,tcga_mc3_wes,hrd_binary_33,MuAt-compatible reimplementation,muat_compatible_qkv_attention,0.0,,,1,0.0,0.896484375,0,0.10369873046875,1
TCGA-S3-A6ZH,tcga_mc3_wes,hrd_binary_33,MuAt-compatible reimplementation,muat_compatible_qkv_attention,0.0,,,1,0.0,0.8720703125,0,0.1279296875,1
TCGA-S3-AA0Z,tcga_mc3_wes,hrd_binary_33,MuAt-compatible reimplementation,muat_compatible_qkv_attention,1.0,,,5,0.0,0.60986328125,0,0.39013671875,1
TCGA-S3-AA10,tcga_mc3_wes,hrd_binary_33,MuAt-compatible reimplementation,muat_compatible_qkv_attention,1.0,,,3,1.0,0.11102294921875,0,0.88916015625,1
TCGA-S3-AA11,tcga_mc3_wes,hrd_binary_33,MuAt-compatible reimplementation,muat_compatible_qkv_attention,0.0,,,3,0.0,0.9208984375,0,0.07928466796875,1
TCGA-S3-AA12,tcga_mc3_wes,hrd_binary_33,MuAt-compatible reimplementation,muat_compatible_qkv_attention,0.0,,,3,0.0,0.859375,0,0.1407470703125,1
TCGA-S3-AA14,tcga_mc3_wes,hrd_binary_33,MuAt-compatible reimplementation,muat_compatible_qkv_attention,0.0,,,1,0.0,0.98095703125,0,0.0192108154296875,1
TCGA-S3-AA17,tcga_mc3_wes,hrd_binary_33,MuAt-compatible reimplementation,muat_compatible_qkv_attention,1.0,,,4,0.0,0.54150390625,0,0.45849609375,1
TCGA-UU-A93S,tcga_mc3_wes,hrd_binary_33,MuAt-compatible reimplementation,muat_compatible_qkv_attention,1.0,,,4,1.0,0.1796875,0,0.8203125,1
TCGA-V7-A7HQ,tcga_mc3_wes,hrd_binary_33,MuAt-compatible reimplementation,muat_compatible_qkv_attention,0.0,,,3,0.0,0.8857421875,0,0.114013671875,1
TCGA-W8-A86G,tcga_mc3_wes,hrd_binary_33,MuAt-compatible reimplementation,muat_compatible_qkv_attention,0.0,,,1,0.0,0.92236328125,0,0.07745361328125,1
TCGA-WT-AB41,tcga_mc3_wes,hrd_binary_33,MuAt-compatible reimplementation,muat_compatible_qkv_attention,0.0,,,5,0.0,0.77783203125,0,0.221923828125,1
TCGA-WT-AB44,tcga_mc3_wes,hrd_binary_33,MuAt-compatible reimplementation,muat_compatible_qkv_attention,0.0,,,1,0.0,0.8837890625,0,0.11614990234375,1
TCGA-XX-A899,tcga_mc3_wes,hrd_binary_33,MuAt-compatible reimplementation,muat_compatible_qkv_attention,0.0,,,2,0.0,0.8671875,0,0.1329345703125,1
TCGA-XX-A89A,tcga_mc3_wes,hrd_binary_33,MuAt-compatible reimplementation,muat_compatible_qkv_attention,0.0,,,2,0.0,0.810546875,0,0.189208984375,1
TCGA-Z7-A8R6,tcga_mc3_wes,hrd_binary_33,MuAt-compatible reimplementation,muat_compatible_qkv_attention,0.0,,,1,1.0,0.429443359375,0,0.57080078125,1
