endpoint,sample,fold,attention_max,attention_entropy,n_events
HRD_Score,TCGA-3C-AALI,1,0.32389217615127563,3.566741466522217,824
HRD_Score,TCGA-A1-A0SF,1,0.21511000394821167,3.031285285949707,67
HRD_Score,TCGA-A1-A0SO,1,0.26250937581062317,3.077712297439575,386
HRD_Score,TCGA-A2-A04Q,1,0.5809649229049683,1.7362123727798462,71
HRD_Score,TCGA-A2-A04T,1,0.5948564410209656,1.5876024961471558,127
HRD_Score,TCGA-A2-A0CP,1,0.16444063186645508,2.8234479427337646,52
HRD_Score,TCGA-A2-A0CR,1,0.11147250980138779,3.730754852294922,221
HRD_Score,TCGA-A2-A0CU,1,0.48310649394989014,1.3455028533935547,64
HRD_Score,TCGA-A2-A0D0,1,0.2174248844385147,2.964669942855835,114
HRD_Score,TCGA-A2-A0D1,1,0.18784834444522858,3.2595529556274414,79
HRD_Score,TCGA-A2-A0D3,1,0.9175490736961365,0.3701397776603699,39
HRD_Score,TCGA-A2-A0EV,1,0.4732553958892822,1.9567128419876099,83
HRD_Score,TCGA-A2-A0SW,1,0.7947899699211121,0.8113822937011719,71
HRD_Score,TCGA-A2-A0T6,1,0.9550167918205261,0.26575329899787903,29
HRD_Score,TCGA-A2-A0YF,1,0.5934493541717529,1.7891799211502075,49
HRD_Score,TCGA-A2-A0YG,1,0.31519952416419983,2.827906608581543,79
HRD_Score,TCGA-A2-A259,1,0.34290704131126404,2.26953387260437,31
HRD_Score,TCGA-A2-A25A,1,0.2513934373855591,4.202292442321777,412
HRD_Score,TCGA-A2-A25E,1,0.46297749876976013,1.5241458415985107,69
HRD_Score,TCGA-A2-A3KD,1,0.2965218126773834,2.13812255859375,18
HRD_Score,TCGA-A2-A3Y0,1,0.08606228977441788,3.849750518798828,252
HRD_Score,TCGA-A7-A0CE,1,0.1693868190050125,2.6499626636505127,285
HRD_Score,TCGA-A7-A0CG,1,0.8111123442649841,0.796942949295044,78
HRD_Score,TCGA-A7-A13D,1,0.27307307720184326,2.360694646835327,158
HRD_Score,TCGA-A7-A26E,1,0.24480895698070526,2.65378737449646,71
HRD_Score,TCGA-A7-A56D,1,0.12375489622354507,3.7152488231658936,472
HRD_Score,TCGA-A7-A5ZW,1,0.9201056361198425,0.4589555561542511,42
HRD_Score,TCGA-A8-A06Y,1,0.22473269701004028,2.675283432006836,45
HRD_Score,TCGA-A8-A075,1,0.5337751507759094,2.353161096572876,111
HRD_Score,TCGA-A8-A07J,1,0.406375914812088,2.2149767875671387,54
HRD_Score,TCGA-A8-A07W,1,0.3380163609981537,2.290273666381836,186
HRD_Score,TCGA-A8-A08H,1,0.9059194922447205,0.6776925325393677,178
HRD_Score,TCGA-A8-A08Z,1,0.6046772599220276,1.5589381456375122,47
HRD_Score,TCGA-A8-A092,1,0.22605419158935547,2.875598907470703,96
HRD_Score,TCGA-A8-A096,1,0.5490660071372986,1.0765153169631958,40
HRD_Score,TCGA-A8-A099,1,0.2904655337333679,2.3459701538085938,36
HRD_Score,TCGA-A8-A09G,1,0.7698632478713989,1.3246824741363525,363
HRD_Score,TCGA-A8-A0A1,1,0.31106388568878174,2.430673599243164,62
HRD_Score,TCGA-A8-A0AD,1,0.4301462471485138,1.559952974319458,43
HRD_Score,TCGA-AC-A2QH,1,0.39101672172546387,2.4218082427978516,37
HRD_Score,TCGA-AC-A3OD,1,0.6473634839057922,1.7220357656478882,46
HRD_Score,TCGA-AC-A62Y,1,0.9088570475578308,0.4518483877182007,95
HRD_Score,TCGA-AC-A6IW,1,0.34765857458114624,2.868507146835327,251
HRD_Score,TCGA-AC-A8OS,1,0.29728803038597107,2.298025131225586,85
HRD_Score,TCGA-AN-A0AM,1,0.4438967704772949,2.567067861557007,128
HRD_Score,TCGA-AN-A0AS,1,0.9955965876579285,0.04074201360344887,52
HRD_Score,TCGA-AN-A0FK,1,0.34156128764152527,2.334937334060669,60
HRD_Score,TCGA-AN-A0FS,1,0.29032760858535767,2.732987403869629,96
HRD_Score,TCGA-AN-A0FW,1,0.6850499510765076,1.3606650829315186,160
HRD_Score,TCGA-AN-A0XT,1,0.49146202206611633,1.872042179107666,22
HRD_Score,TCGA-AO-A03L,1,0.3352484405040741,2.3621816635131836,39
HRD_Score,TCGA-AO-A03O,1,0.2633950114250183,2.803854465484619,103
HRD_Score,TCGA-AO-A03V,1,0.2898370623588562,2.746408462524414,74
HRD_Score,TCGA-AO-A0J2,1,0.9608224034309387,0.28965336084365845,91
HRD_Score,TCGA-AO-A0J3,1,0.431200236082077,2.2619829177856445,108
HRD_Score,TCGA-AO-A0J4,1,0.26879918575286865,2.3710031509399414,151
HRD_Score,TCGA-AO-A0JB,1,0.26600170135498047,2.8995423316955566,141
HRD_Score,TCGA-AO-A0JJ,1,0.626449704170227,1.4761391878128052,24
HRD_Score,TCGA-AO-A12A,1,0.8358489871025085,0.8297339081764221,21
HRD_Score,TCGA-AO-A12F,1,0.3598105311393738,1.9671685695648193,46
HRD_Score,TCGA-AR-A0TT,1,0.16560305655002594,2.773576021194458,80
HRD_Score,TCGA-AR-A0TY,1,0.16434453427791595,3.289428234100342,121
HRD_Score,TCGA-AR-A1AJ,1,0.4683198630809784,1.9602357149124146,57
HRD_Score,TCGA-AR-A1AP,1,0.8281129002571106,0.963286280632019,55
HRD_Score,TCGA-AR-A24O,1,0.3898128569126129,2.158478021621704,27
HRD_Score,TCGA-AR-A24P,1,0.8737900257110596,0.46794480085372925,26
HRD_Score,TCGA-AR-A24W,1,0.4724161624908447,1.9317607879638672,19
HRD_Score,TCGA-AR-A24X,1,0.2657381594181061,2.266404867172241,38
HRD_Score,TCGA-AR-A250,1,0.7358168363571167,1.1455225944519043,165
HRD_Score,TCGA-AR-A2LO,1,0.43439558148384094,2.0422017574310303,20
HRD_Score,TCGA-AR-A5QM,1,0.3465670049190521,2.1134912967681885,38
HRD_Score,TCGA-AR-A5QN,1,0.9230374097824097,0.5056373476982117,59
HRD_Score,TCGA-B6-A0RH,1,0.3023271858692169,2.3490612506866455,50
HRD_Score,TCGA-B6-A0RI,1,0.531226634979248,1.1927062273025513,32
HRD_Score,TCGA-B6-A0RO,1,0.551317036151886,1.5878610610961914,47
HRD_Score,TCGA-B6-A0RP,1,0.4675399363040924,1.885453701019287,31
HRD_Score,TCGA-B6-A0RU,1,0.30038386583328247,2.818612575531006,65
HRD_Score,TCGA-B6-A0WS,1,0.31104737520217896,2.236856460571289,20
HRD_Score,TCGA-B6-A0WT,1,0.46707889437675476,1.4314966201782227,23
HRD_Score,TCGA-B6-A0WW,1,0.6908912658691406,1.3576023578643799,52
HRD_Score,TCGA-B6-A0X0,1,0.2003183662891388,2.5511202812194824,28
HRD_Score,TCGA-B6-A1KC,1,0.3730938732624054,2.263248920440674,40
HRD_Score,TCGA-BH-A0AU,1,0.47823336720466614,1.4614474773406982,25
HRD_Score,TCGA-BH-A0AW,1,0.29276779294013977,2.583190441131592,219
HRD_Score,TCGA-BH-A0BL,1,0.23812338709831238,2.484271764755249,143
HRD_Score,TCGA-BH-A0BO,1,0.4557686448097229,1.002007246017456,66
HRD_Score,TCGA-BH-A0BT,1,0.4813762903213501,2.17759370803833,50
HRD_Score,TCGA-BH-A0DE,1,0.17040541768074036,2.4084184169769287,82
HRD_Score,TCGA-BH-A0DG,1,0.3764801025390625,2.2906038761138916,48
HRD_Score,TCGA-BH-A0DI,1,0.3096660077571869,2.212921142578125,64
HRD_Score,TCGA-BH-A0DO,1,0.9210444688796997,0.4484589397907257,35
HRD_Score,TCGA-BH-A0DZ,1,0.3934006989002228,2.109189748764038,779
HRD_Score,TCGA-BH-A0E1,1,0.23346669971942902,2.60996150970459,72
HRD_Score,TCGA-BH-A0E7,1,0.9321721792221069,0.3181929290294647,52
HRD_Score,TCGA-BH-A0H6,1,0.20336443185806274,2.2994911670684814,30
HRD_Score,TCGA-BH-A0HW,1,0.4274159371852875,2.109290361404419,46
HRD_Score,TCGA-BH-A18L,1,0.9625848531723022,0.27625033259391785,72
HRD_Score,TCGA-BH-A18R,1,0.7026425004005432,1.2931814193725586,45
HRD_Score,TCGA-BH-A1EV,1,0.2816176116466522,2.2689452171325684,131
HRD_Score,TCGA-BH-A1F0,1,0.16311831772327423,3.3895692825317383,101
HRD_Score,TCGA-BH-A1FE,1,0.5496609210968018,1.1331126689910889,29
HRD_Score,TCGA-BH-A203,1,0.21278582513332367,3.2275331020355225,106
HRD_Score,TCGA-BH-A204,1,0.547207236289978,1.9998526573181152,56
HRD_Score,TCGA-BH-A28Q,1,0.9812288880348206,0.12818868458271027,30
HRD_Score,TCGA-C8-A12M,1,0.6069950461387634,1.4387905597686768,89
HRD_Score,TCGA-C8-A12U,1,0.2928066849708557,2.8958375453948975,65
HRD_Score,TCGA-C8-A130,1,0.8338549137115479,0.9292454719543457,58
HRD_Score,TCGA-C8-A135,1,0.8483478426933289,0.7749035954475403,87
HRD_Score,TCGA-C8-A1HE,1,0.30999717116355896,2.494889736175537,58
HRD_Score,TCGA-C8-A1HK,1,0.9425954222679138,0.3409627079963684,76
HRD_Score,TCGA-C8-A26W,1,0.6862400770187378,1.60460364818573,73
HRD_Score,TCGA-C8-A26X,1,0.6063205599784851,1.1597261428833008,90
HRD_Score,TCGA-C8-A273,1,0.4251156747341156,1.9914913177490234,28
HRD_Score,TCGA-C8-A27B,1,0.6557402014732361,1.506824254989624,169
HRD_Score,TCGA-D8-A140,1,0.7781247496604919,0.8591386675834656,149
HRD_Score,TCGA-D8-A141,1,0.8855267763137817,0.5834222435951233,25
HRD_Score,TCGA-D8-A1JA,1,0.4988120496273041,2.864004135131836,1201
HRD_Score,TCGA-D8-A1JK,1,0.6691479086875916,1.4717791080474854,283
HRD_Score,TCGA-D8-A1X5,1,0.3238201141357422,1.9493918418884277,73
HRD_Score,TCGA-D8-A1X8,1,0.8099532127380371,0.7306725978851318,36
HRD_Score,TCGA-D8-A1XC,1,0.1988440901041031,2.847107410430908,36
HRD_Score,TCGA-D8-A1XO,1,0.3944568336009979,2.3033697605133057,31
HRD_Score,TCGA-D8-A1XY,1,0.5307407975196838,1.8641763925552368,66
HRD_Score,TCGA-D8-A1Y3,1,0.31599530577659607,2.863548994064331,71
HRD_Score,TCGA-D8-A27P,1,0.8606756329536438,0.7851088643074036,34
HRD_Score,TCGA-E2-A159,1,0.23091399669647217,3.140293598175049,203
HRD_Score,TCGA-E2-A15E,1,0.17172086238861084,3.1679391860961914,84
HRD_Score,TCGA-E2-A15J,1,0.29856911301612854,2.459890842437744,27
HRD_Score,TCGA-E2-A15P,1,0.7711190581321716,1.175791621208191,54
HRD_Score,TCGA-E2-A1L6,1,0.9269331097602844,0.4389180839061737,31
HRD_Score,TCGA-E2-A1L9,1,0.8790609836578369,0.6247428059577942,33
HRD_Score,TCGA-E9-A1N3,1,0.8662384748458862,0.7697949409484863,32
HRD_Score,TCGA-E9-A1N8,1,0.9795311093330383,0.1534145325422287,43
HRD_Score,TCGA-E9-A1N9,1,0.19103500247001648,2.686507225036621,74
HRD_Score,TCGA-E9-A1NA,1,0.4940985143184662,1.7083313465118408,124
HRD_Score,TCGA-E9-A1NC,1,0.6627023816108704,1.3941128253936768,94
HRD_Score,TCGA-E9-A1RC,1,0.7614169120788574,1.2538337707519531,59
HRD_Score,TCGA-E9-A1RH,1,0.19493505358695984,3.305290460586548,122
HRD_Score,TCGA-E9-A228,1,0.9647781252861023,0.23632049560546875,56
HRD_Score,TCGA-E9-A24A,1,0.5689762830734253,1.6085374355316162,25
HRD_Score,TCGA-E9-A5FL,1,0.4644715189933777,2.080336570739746,145
HRD_Score,TCGA-EW-A1PG,1,0.6657635569572449,1.2420185804367065,15
HRD_Score,TCGA-EW-A6SB,1,0.6132597923278809,1.6393675804138184,92
HRD_Score,TCGA-GM-A2DD,1,0.44425514340400696,2.1251354217529297,77
HRD_Score,TCGA-LL-A5YN,1,0.38317620754241943,1.9879429340362549,51
HRD_Score,TCGA-LL-A5YP,1,0.49346107244491577,2.4175868034362793,110
HRD_Score,TCGA-LL-A6FQ,1,0.6667361259460449,1.632474660873413,73
HRD_Score,TCGA-OL-A66H,1,0.9645248055458069,0.17424088716506958,31
HRD_Score,TCGA-OL-A66O,1,0.9652368426322937,0.24054796993732452,45
HRD_Score,TCGA-PL-A8LZ,1,0.24472083151340485,3.3017258644104004,140
HRD_Score,TCGA-S3-A6ZG,1,0.7825509905815125,0.8835756778717041,65
HRD_Score,TCGA-S3-AA0Z,1,0.5764626264572144,2.1523380279541016,80
HRD_Score,TCGA-S3-AA12,1,0.5932870507240295,1.310746192932129,72
HRD_Score,TCGA-W8-A86G,1,0.9952660799026489,0.040317606180906296,39
HRD_Score,TCGA-XX-A899,1,0.12054913491010666,3.122109889984131,130
HRD_Score,TCGA-5T-A9QA,2,0.46254873275756836,2.053041934967041,93
HRD_Score,TCGA-A1-A0SD,2,0.3838159143924713,1.434531569480896,44
HRD_Score,TCGA-A1-A0SE,2,0.4321625828742981,1.62160062789917,39
HRD_Score,TCGA-A1-A0SK,2,0.4085116684436798,1.7619075775146484,88
HRD_Score,TCGA-A2-A04N,2,0.7248075604438782,0.8478130102157593,57
HRD_Score,TCGA-A2-A04Y,2,0.3491395115852356,2.147692918777466,66
HRD_Score,TCGA-A2-A0CT,2,0.9644826650619507,0.2487155944108963,126
HRD_Score,TCGA-A2-A0CV,2,0.7484181523323059,0.8700414299964905,27
HRD_Score,TCGA-A2-A0CX,2,0.2926558256149292,2.456890106201172,371
HRD_Score,TCGA-A2-A0ES,2,0.5393673777580261,1.408305287361145,22
HRD_Score,TCGA-A2-A0SV,2,0.6634541749954224,1.2233117818832397,51
HRD_Score,TCGA-A2-A0T1,2,0.7908306121826172,0.5542807579040527,35
HRD_Score,TCGA-A2-A0T3,2,0.428189218044281,1.9523134231567383,48
HRD_Score,TCGA-A2-A0T4,2,0.9931489825248718,0.0566718727350235,45
HRD_Score,TCGA-A2-A0YC,2,0.9450411796569824,0.2895359694957733,35
HRD_Score,TCGA-A2-A0YJ,2,0.8939100503921509,0.398510605096817,101
HRD_Score,TCGA-A2-A1FX,2,0.3840673565864563,1.4024512767791748,32
HRD_Score,TCGA-A2-A1G0,2,0.4896182119846344,0.8334543704986572,26
HRD_Score,TCGA-A2-A25D,2,0.8246087431907654,0.7810341715812683,72
HRD_Score,TCGA-A7-A0D9,2,0.19419050216674805,2.1841070652008057,63
HRD_Score,TCGA-A7-A5ZX,2,0.4705680310726166,0.9692745208740234,96
HRD_Score,TCGA-A7-A6VX,2,0.9205367565155029,0.44359540939331055,200
HRD_Score,TCGA-A8-A06Q,2,0.3229847252368927,2.2490854263305664,322
HRD_Score,TCGA-A8-A06U,2,0.7872263789176941,1.030299425125122,98
HRD_Score,TCGA-A8-A081,2,0.2791425585746765,2.2379558086395264,161
HRD_Score,TCGA-A8-A08B,2,0.6054204106330872,0.9401572942733765,74
HRD_Score,TCGA-A8-A08O,2,0.4698536992073059,1.5439274311065674,33
HRD_Score,TCGA-A8-A08R,2,0.4675966501235962,1.9911824464797974,347
HRD_Score,TCGA-A8-A09C,2,0.39739343523979187,1.9792965650558472,47
HRD_Score,TCGA-A8-A09D,2,0.9274510145187378,0.4365856647491455,64
HRD_Score,TCGA-A8-A09N,2,0.5248318314552307,1.309082269668579,106
HRD_Score,TCGA-A8-A09T,2,0.44987693428993225,1.0486376285552979,27
HRD_Score,TCGA-A8-A09V,2,0.288985013961792,2.2157254219055176,49
HRD_Score,TCGA-A8-A09W,2,0.9163198471069336,0.36008420586586,119
HRD_Score,TCGA-A8-A09Z,2,0.2517794668674469,2.7057406902313232,1720
HRD_Score,TCGA-AC-A2FB,2,0.4535585343837738,1.3113857507705688,17
HRD_Score,TCGA-AC-A6NO,2,0.5824828147888184,1.4309585094451904,51
HRD_Score,TCGA-AN-A03X,2,0.9503412246704102,0.25019657611846924,54
HRD_Score,TCGA-AN-A046,2,0.7293875813484192,1.510164737701416,5000
HRD_Score,TCGA-AN-A0AL,2,0.9100707173347473,0.46630433201789856,116
HRD_Score,TCGA-AN-A0FJ,2,0.4436264932155609,1.319675326347351,129
HRD_Score,TCGA-AN-A0FY,2,0.7998855113983154,0.8555589318275452,65
HRD_Score,TCGA-AN-A0XO,2,0.4451652467250824,1.7449982166290283,46
HRD_Score,TCGA-AO-A03P,2,0.6910028457641602,1.3994613885879517,71
HRD_Score,TCGA-AO-A03T,2,0.7971744537353516,0.7721197605133057,131
HRD_Score,TCGA-AO-A0J9,2,0.24648256599903107,3.027833938598633,170
HRD_Score,TCGA-AO-A0JF,2,0.7269443869590759,0.8841091394424438,37
HRD_Score,TCGA-AR-A0TQ,2,0.48859748244285583,0.9173036217689514,52
HRD_Score,TCGA-AR-A0TW,2,0.8632993102073669,0.4082880914211273,71
HRD_Score,TCGA-AR-A0TX,2,0.7108855247497559,1.0466411113739014,414
HRD_Score,TCGA-AR-A1AH,2,0.5823624134063721,0.8687496781349182,131
HRD_Score,TCGA-AR-A1AO,2,0.6962551474571228,0.8598390817642212,126
HRD_Score,TCGA-AR-A1AW,2,0.9988836050033569,0.009433062747120857,44
HRD_Score,TCGA-AR-A24S,2,0.5598104000091553,1.5748326778411865,62
HRD_Score,TCGA-AR-A252,2,0.5185471773147583,1.3812776803970337,19
HRD_Score,TCGA-AR-A256,2,0.5909592509269714,1.1128878593444824,245
HRD_Score,TCGA-AR-A2LK,2,0.7818334102630615,0.8935293555259705,53
HRD_Score,TCGA-AR-A5QQ,2,0.7667455077171326,0.9513230919837952,106
HRD_Score,TCGA-B6-A0I9,2,0.8869297504425049,0.5954216122627258,118
HRD_Score,TCGA-B6-A0IH,2,0.33451735973358154,1.847969889640808,48
HRD_Score,TCGA-B6-A0WY,2,0.5123370885848999,1.0512194633483887,39
HRD_Score,TCGA-B6-A0WZ,2,0.6291502118110657,1.5490113496780396,97
HRD_Score,TCGA-B6-A0X5,2,0.44681960344314575,1.3690307140350342,54
HRD_Score,TCGA-B6-A401,2,0.9979797005653381,0.016769563779234886,33
HRD_Score,TCGA-BH-A0B5,2,0.5977133512496948,0.973141610622406,93
HRD_Score,TCGA-BH-A0B7,2,0.23476050794124603,2.32458758354187,97
HRD_Score,TCGA-BH-A0BM,2,0.4998142719268799,0.6966878771781921,77
HRD_Score,TCGA-BH-A0BP,2,0.8500487208366394,0.8479737043380737,206
HRD_Score,TCGA-BH-A0C7,2,0.43383052945137024,1.459105134010315,66
HRD_Score,TCGA-BH-A0DK,2,0.26204249262809753,1.6755439043045044,266
HRD_Score,TCGA-BH-A0DL,2,0.15471819043159485,2.7325592041015625,135
HRD_Score,TCGA-BH-A0DS,2,0.24501141905784607,2.337634801864624,62
HRD_Score,TCGA-BH-A0DT,2,0.8552003502845764,0.5285234451293945,20
HRD_Score,TCGA-BH-A0EE,2,0.6518521308898926,1.5015957355499268,186
HRD_Score,TCGA-BH-A0H0,2,0.6554320454597473,1.1294611692428589,28
HRD_Score,TCGA-BH-A0HB,2,0.7158417105674744,0.9500441551208496,45
HRD_Score,TCGA-BH-A0HO,2,0.6678962707519531,1.3244593143463135,29
HRD_Score,TCGA-BH-A0W3,2,0.5417343974113464,1.2093355655670166,24
HRD_Score,TCGA-BH-A18G,2,0.19108699262142181,2.8170666694641113,1922
HRD_Score,TCGA-BH-A18H,2,0.7473422288894653,1.069664478302002,59
HRD_Score,TCGA-BH-A18J,2,0.21710702776908875,2.387044906616211,113
HRD_Score,TCGA-BH-A18M,2,0.9573606848716736,0.18474631011486053,22
HRD_Score,TCGA-BH-A18Q,2,0.8761856555938721,0.40611138939857483,121
HRD_Score,TCGA-BH-A1EY,2,0.7429517507553101,0.6523601412773132,58
HRD_Score,TCGA-BH-A1FN,2,0.9813093543052673,0.1398399919271469,158
HRD_Score,TCGA-BH-A209,2,0.4615428149700165,2.19028902053833,133
HRD_Score,TCGA-BH-A42V,2,0.2570033371448517,1.977637767791748,62
HRD_Score,TCGA-BH-A8G0,2,0.5433770418167114,1.3823387622833252,21
HRD_Score,TCGA-C8-A12P,2,0.3321315050125122,2.6729907989501953,210
HRD_Score,TCGA-C8-A12Q,2,0.3338611423969269,2.437201738357544,146
HRD_Score,TCGA-C8-A133,2,0.9076601266860962,0.4476619362831116,36
HRD_Score,TCGA-C8-A1HF,2,0.8385732173919678,0.6421858668327332,43
HRD_Score,TCGA-C8-A1HL,2,0.41025790572166443,1.535417914390564,38
HRD_Score,TCGA-C8-A1HM,2,0.7959735989570618,1.2251462936401367,462
HRD_Score,TCGA-C8-A278,2,0.9511887431144714,0.2117343693971634,57
HRD_Score,TCGA-C8-A27A,2,0.7373868823051453,0.9466643929481506,41
HRD_Score,TCGA-C8-A8HP,2,0.9274432063102722,0.42200738191604614,276
HRD_Score,TCGA-C8-A8HR,2,0.5616695284843445,1.652557611465454,64
HRD_Score,TCGA-D8-A13Z,2,0.2534530460834503,2.274228096008301,112
HRD_Score,TCGA-D8-A143,2,0.7603812217712402,0.9393298029899597,70
HRD_Score,TCGA-D8-A1J8,2,0.32915663719177246,3.04038143157959,1045
HRD_Score,TCGA-D8-A1J9,2,0.6972194910049438,1.305292010307312,280
HRD_Score,TCGA-D8-A1JH,2,0.7167676687240601,0.6573538780212402,27
HRD_Score,TCGA-D8-A1JM,2,0.6717308759689331,1.3318959474563599,58
HRD_Score,TCGA-D8-A1XA,2,0.977657675743103,0.14642131328582764,34
HRD_Score,TCGA-D8-A1XJ,2,0.5373980402946472,1.2836436033248901,121
HRD_Score,TCGA-D8-A1XK,2,0.9176039695739746,0.46481072902679443,1426
HRD_Score,TCGA-D8-A1XL,2,0.7642961144447327,0.8135337829589844,118
HRD_Score,TCGA-D8-A1XQ,2,0.4380403459072113,2.085775375366211,1180
HRD_Score,TCGA-D8-A1XT,2,0.5053799748420715,1.10776948928833,48
HRD_Score,TCGA-D8-A1XZ,2,0.8300275206565857,0.5892432332038879,105
HRD_Score,TCGA-D8-A27E,2,0.9985607266426086,0.012845350429415703,14
HRD_Score,TCGA-D8-A27F,2,0.4827517867088318,1.7412787675857544,84
HRD_Score,TCGA-D8-A27H,2,0.9919223785400391,0.06573133170604706,172
HRD_Score,TCGA-D8-A27V,2,0.1910465955734253,3.2323057651519775,3333
HRD_Score,TCGA-D8-A73U,2,0.5135212540626526,1.423032522201538,216
HRD_Score,TCGA-D8-A73X,2,0.7983108758926392,0.8245468735694885,58
HRD_Score,TCGA-E2-A153,2,0.13465438783168793,2.430434226989746,61
HRD_Score,TCGA-E2-A15H,2,0.963847815990448,0.24652734398841858,38
HRD_Score,TCGA-E2-A15O,2,0.8858033418655396,0.40474873781204224,38
HRD_Score,TCGA-E2-A15T,2,0.982172429561615,0.13478469848632812,42
HRD_Score,TCGA-E2-A1B5,2,0.28032103180885315,2.4864325523376465,101
HRD_Score,TCGA-E9-A1RF,2,0.9708200693130493,0.18182197213172913,181
HRD_Score,TCGA-E9-A226,2,0.9837108850479126,0.09409615397453308,87
HRD_Score,TCGA-E9-A243,2,0.9390875101089478,0.3455356955528259,95
HRD_Score,TCGA-E9-A244,2,0.677000880241394,1.1608936786651611,134
HRD_Score,TCGA-E9-A2JT,2,0.9231511354446411,0.36482471227645874,28
HRD_Score,TCGA-E9-A5UO,2,0.9524200558662415,0.2783724367618561,46
HRD_Score,TCGA-E9-A6HE,2,0.5973963141441345,1.4167827367782593,28
HRD_Score,TCGA-EW-A1J3,2,0.5546241998672485,0.7550051212310791,32
HRD_Score,TCGA-EW-A1OX,2,0.5394877791404724,0.7893072366714478,24
HRD_Score,TCGA-EW-A1P1,2,0.9999998807907104,1.8254473843626329e-06,3
HRD_Score,TCGA-EW-A1PB,2,0.7503358721733093,0.7529824376106262,192
HRD_Score,TCGA-EW-A1PH,2,0.3431502878665924,2.3059422969818115,68
HRD_Score,TCGA-EW-A6SC,2,0.6044216156005859,0.9666035175323486,47
HRD_Score,TCGA-GM-A2DF,2,0.5671506524085999,1.5989431142807007,55
HRD_Score,TCGA-GM-A2DK,2,0.5795413851737976,1.0747328996658325,38
HRD_Score,TCGA-GM-A2DM,2,0.2710851728916168,2.1161553859710693,28
HRD_Score,TCGA-GM-A5PX,2,0.9993159174919128,0.00581470038741827,44
HRD_Score,TCGA-HN-A2OB,2,0.9454460740089417,0.2915463447570801,26
HRD_Score,TCGA-LD-A66U,2,0.4954700469970703,1.1729044914245605,49
HRD_Score,TCGA-LD-A7W5,2,0.610886812210083,1.6349880695343018,70
HRD_Score,TCGA-LL-A50Y,2,0.9395779371261597,0.2615778148174286,50
HRD_Score,TCGA-LL-A5YL,2,0.85185307264328,0.7947397828102112,97
HRD_Score,TCGA-LL-A73Y,2,0.8384262323379517,0.7168619632720947,199
HRD_Score,TCGA-LL-A7T0,2,0.46189361810684204,1.5913774967193604,81
HRD_Score,TCGA-LL-A9Q3,2,0.6402670741081238,1.1374340057373047,75
HRD_Score,TCGA-OK-A5Q2,2,0.4979270100593567,0.7543027400970459,44
HRD_Score,TCGA-OL-A5RU,2,0.985320508480072,0.11225978285074234,50
HRD_Score,TCGA-OL-A5RZ,2,0.27640223503112793,1.9061274528503418,167
HRD_Score,TCGA-OL-A66I,2,0.9507747888565063,0.2886962294578552,60
HRD_Score,TCGA-OL-A97C,2,0.994989812374115,0.03410652279853821,96
HRD_Score,TCGA-PL-A8LV,2,0.9211267828941345,0.4380726218223572,167
HRD_Score,TCGA-S3-AA17,2,0.7747631669044495,0.7481033802032471,161
HRD_Score,TCGA-V7-A7HQ,2,0.8421773910522461,0.5578214526176453,35
HRD_Score,TCGA-A1-A0SG,3,0.9997605681419373,0.0024862997233867645,37
HRD_Score,TCGA-A1-A0SI,3,0.8709996342658997,0.5348655581474304,279
HRD_Score,TCGA-A1-A0SJ,3,0.3371409773826599,1.7366284132003784,42
HRD_Score,TCGA-A2-A04P,3,0.6595699191093445,1.1631734371185303,180
HRD_Score,TCGA-A2-A04U,3,0.9956249594688416,0.03847808018326759,71
HRD_Score,TCGA-A2-A0SY,3,0.9012267589569092,0.49884718656539917,181
HRD_Score,TCGA-A2-A0YH,3,0.9995878338813782,0.004566436167806387,104
HRD_Score,TCGA-A2-A0YM,3,0.8139310479164124,0.816570520401001,115
HRD_Score,TCGA-A2-A1G1,3,0.616868257522583,0.6894893646240234,46
HRD_Score,TCGA-A2-A1G4,3,0.9999558925628662,0.0005855030030943453,45
HRD_Score,TCGA-A2-A3XU,3,0.7049967646598816,0.6312984824180603,38
HRD_Score,TCGA-A7-A0DB,3,0.9914131760597229,0.05309456214308739,60
HRD_Score,TCGA-A7-A13E,3,0.4942842721939087,0.761402428150177,156
HRD_Score,TCGA-A7-A26J,3,0.774261474609375,0.7575958967208862,52
HRD_Score,TCGA-A7-A5ZV,3,0.7177549004554749,0.7148189544677734,280
HRD_Score,TCGA-A8-A07L,3,0.42075634002685547,1.6278377771377563,106
HRD_Score,TCGA-A8-A07P,3,0.7631511688232422,0.8065496683120728,69
HRD_Score,TCGA-A8-A082,3,0.8199501633644104,0.6177822947502136,28
HRD_Score,TCGA-A8-A08G,3,0.9840817451477051,0.12161266803741455,62
HRD_Score,TCGA-A8-A091,3,0.8457420468330383,0.6044914722442627,29
HRD_Score,TCGA-A8-A095,3,0.6496272683143616,1.3295201063156128,214
HRD_Score,TCGA-A8-A09A,3,0.6886823177337646,0.7860909700393677,301
HRD_Score,TCGA-A8-A09Q,3,0.9077641367912292,0.4423689544200897,202
HRD_Score,TCGA-A8-A09X,3,0.37769845128059387,1.7109206914901733,74
HRD_Score,TCGA-A8-A0A4,3,0.6375845670700073,1.0818294286727905,41
HRD_Score,TCGA-A8-A0AB,3,0.9916112422943115,0.059163231402635574,43
HRD_Score,TCGA-AC-A2FO,3,0.9940038919448853,0.041045378893613815,32
HRD_Score,TCGA-AC-A3YI,3,0.9834660887718201,0.11185143142938614,21
HRD_Score,TCGA-AC-A4ZE,3,0.5365117788314819,0.9896290898323059,80
HRD_Score,TCGA-AC-A5XS,3,0.37075525522232056,1.9751209020614624,1454
HRD_Score,TCGA-AC-A5XU,3,0.43163102865219116,1.6921987533569336,119
HRD_Score,TCGA-AN-A041,3,0.3525394797325134,1.6684552431106567,43
HRD_Score,TCGA-AN-A049,3,0.9791921973228455,0.1415390521287918,41
HRD_Score,TCGA-AN-A04C,3,0.9820250272750854,0.11150401085615158,102
HRD_Score,TCGA-AN-A0AJ,3,0.43838635087013245,1.9268032312393188,119
HRD_Score,TCGA-AN-A0AR,3,0.43525347113609314,1.216179609298706,162
HRD_Score,TCGA-AN-A0AT,3,0.8109734654426575,0.5875521898269653,153
HRD_Score,TCGA-AN-A0FZ,3,0.42582574486732483,1.4854652881622314,97
HRD_Score,TCGA-AN-A0XS,3,0.7822161316871643,0.6683247685432434,35
HRD_Score,TCGA-AO-A03R,3,0.9899477958679199,0.07591024786233902,59
HRD_Score,TCGA-AO-A0J8,3,0.3075438141822815,1.7090928554534912,37
HRD_Score,TCGA-AO-A0JA,3,0.7270098328590393,0.7691564559936523,36
HRD_Score,TCGA-AO-A0JE,3,0.5162663459777832,1.6742372512817383,61
HRD_Score,TCGA-AO-A0JM,3,0.7159013152122498,1.217445731163025,54
HRD_Score,TCGA-AO-A124,3,0.9877747893333435,0.0840539038181305,194
HRD_Score,TCGA-AQ-A1H2,3,0.5841972827911377,1.2216426134109497,39
HRD_Score,TCGA-AR-A0TP,3,0.9582784175872803,0.23219798505306244,83
HRD_Score,TCGA-AR-A0U0,3,0.7118785977363586,1.1436161994934082,55
HRD_Score,TCGA-AR-A1AN,3,0.31548288464546204,1.928937315940857,35
HRD_Score,TCGA-AR-A1AQ,3,0.8585497736930847,0.4493604302406311,52
HRD_Score,TCGA-AR-A1AU,3,0.8923649191856384,0.5191304683685303,27
HRD_Score,TCGA-AR-A24N,3,0.5034961104393005,1.3967247009277344,49
HRD_Score,TCGA-AR-A24R,3,0.8422468304634094,0.7232024669647217,31
HRD_Score,TCGA-AR-A24V,3,0.35608354210853577,1.8043009042739868,28
HRD_Score,TCGA-AR-A251,3,0.47267085313796997,1.3246630430221558,219
HRD_Score,TCGA-AR-A2LQ,3,0.964666485786438,0.17939883470535278,16
HRD_Score,TCGA-B6-A0I2,3,0.6883245706558228,0.6968226432800293,80
HRD_Score,TCGA-B6-A0I5,3,0.8650711178779602,0.5831923484802246,35
HRD_Score,TCGA-B6-A0IC,3,0.5007108449935913,1.378125786781311,49
HRD_Score,TCGA-B6-A0RL,3,0.40392521023750305,1.560117483139038,76
HRD_Score,TCGA-B6-A0RV,3,0.3814246952533722,1.9257934093475342,68
HRD_Score,TCGA-B6-A409,3,0.5659435391426086,1.382789134979248,58
HRD_Score,TCGA-BH-A0AZ,3,0.9965953826904297,0.023373683914542198,80
HRD_Score,TCGA-BH-A0B3,3,0.9192094206809998,0.48479580879211426,114
HRD_Score,TCGA-BH-A0B9,3,0.39345449209213257,1.5975056886672974,46
HRD_Score,TCGA-BH-A0BA,3,0.22569496929645538,2.121983766555786,110
HRD_Score,TCGA-BH-A0BR,3,0.29310858249664307,2.298705577850342,78
HRD_Score,TCGA-BH-A0C1,3,0.2495153546333313,2.648585796356201,54
HRD_Score,TCGA-BH-A0C3,3,0.3608866035938263,1.3593568801879883,20
HRD_Score,TCGA-BH-A0DQ,3,0.22485707700252533,2.027848243713379,77
HRD_Score,TCGA-BH-A0E2,3,0.5587740540504456,1.4595836400985718,64
HRD_Score,TCGA-BH-A0H7,3,0.39897388219833374,1.6244348287582397,119
HRD_Score,TCGA-BH-A0HQ,3,0.7479503750801086,1.0169317722320557,49
HRD_Score,TCGA-BH-A18K,3,0.7730796337127686,0.6232056021690369,77
HRD_Score,TCGA-BH-A1EO,3,0.916127622127533,0.43391767144203186,53
HRD_Score,TCGA-BH-A1ET,3,0.8312879204750061,0.5187636613845825,38
HRD_Score,TCGA-BH-A1EU,3,0.9443495273590088,0.2618945240974426,38
HRD_Score,TCGA-BH-A1F2,3,0.39589786529541016,1.6073553562164307,75
HRD_Score,TCGA-BH-A1FC,3,0.9932750463485718,0.05584884434938431,135
HRD_Score,TCGA-BH-A1FJ,3,0.17089182138442993,2.451751708984375,48
HRD_Score,TCGA-BH-A1FL,3,0.9246898889541626,0.3156106770038605,30
HRD_Score,TCGA-BH-A1FM,3,0.9353939294815063,0.3885352313518524,68
HRD_Score,TCGA-BH-A201,3,0.4101446866989136,1.6253339052200317,28
HRD_Score,TCGA-BH-A2L8,3,0.6841720342636108,1.1072884798049927,637
HRD_Score,TCGA-BH-A8FY,3,0.49091458320617676,0.9868689775466919,64
HRD_Score,TCGA-BH-A8FZ,3,0.4980274438858032,1.1269137859344482,101
HRD_Score,TCGA-BH-AB28,3,0.3157825767993927,1.3978787660598755,101
HRD_Score,TCGA-C8-A12L,3,0.999709963798523,0.003105996875092387,102
HRD_Score,TCGA-C8-A12Y,3,0.6517964005470276,1.2431926727294922,52
HRD_Score,TCGA-C8-A12Z,3,0.5300909280776978,1.1194419860839844,63
HRD_Score,TCGA-C8-A138,3,0.45859867334365845,1.8981486558914185,59
HRD_Score,TCGA-C8-A1HG,3,0.4308387041091919,1.3238126039505005,75
HRD_Score,TCGA-C8-A26Z,3,0.7712454199790955,0.7024876475334167,62
HRD_Score,TCGA-C8-A275,3,0.3478105962276459,2.082550525665283,146
HRD_Score,TCGA-D8-A1JC,3,0.40134397149086,2.1645612716674805,126
HRD_Score,TCGA-D8-A1JG,3,0.9965472221374512,0.03086969628930092,185
HRD_Score,TCGA-D8-A1JJ,3,0.1892918050289154,2.405022144317627,102
HRD_Score,TCGA-D8-A1JL,3,0.9062485694885254,0.3782658278942108,136
HRD_Score,TCGA-D8-A1JN,3,0.7347254157066345,1.1160671710968018,213
HRD_Score,TCGA-D8-A1JS,3,0.5374235510826111,1.1700302362442017,33
HRD_Score,TCGA-D8-A1XB,3,0.9450994729995728,0.2998026907444,54
HRD_Score,TCGA-D8-A27W,3,0.5287806987762451,1.2251709699630737,60
HRD_Score,TCGA-E2-A10C,3,0.5341893434524536,1.348851203918457,523
HRD_Score,TCGA-E2-A14O,3,0.3221699595451355,1.8825627565383911,40
HRD_Score,TCGA-E2-A14Q,3,0.9231260418891907,0.36766675114631653,44
HRD_Score,TCGA-E2-A14T,3,0.9890187978744507,0.08121137320995331,50
HRD_Score,TCGA-E2-A14Z,3,0.7717836499214172,1.121877670288086,102
HRD_Score,TCGA-E2-A150,3,0.4249168038368225,1.7991992235183716,96
HRD_Score,TCGA-E2-A15M,3,0.31556087732315063,1.8799866437911987,226
HRD_Score,TCGA-E2-A1IF,3,0.9102824330329895,0.4374668300151825,26
HRD_Score,TCGA-E2-A1IU,3,0.8614485859870911,0.4295528829097748,36
HRD_Score,TCGA-E2-A1LL,3,0.4001449644565582,1.4077887535095215,64
HRD_Score,TCGA-E2-A570,3,0.5395007729530334,1.3145090341567993,39
HRD_Score,TCGA-E9-A1N5,3,0.9865661263465881,0.08249372988939285,43
HRD_Score,TCGA-E9-A1ND,3,0.7869674563407898,1.0598751306533813,113
HRD_Score,TCGA-E9-A1NE,3,0.9092071652412415,0.3704698085784912,63
HRD_Score,TCGA-E9-A1NH,3,0.9697878360748291,0.1455884873867035,42
HRD_Score,TCGA-E9-A1R0,3,0.9750626087188721,0.172655388712883,38
HRD_Score,TCGA-E9-A1R3,3,0.3392394483089447,1.485930323600769,28
HRD_Score,TCGA-E9-A1RA,3,0.8217438459396362,0.5916292667388916,27
HRD_Score,TCGA-E9-A1RD,3,0.7137328386306763,0.5999736189842224,27
HRD_Score,TCGA-E9-A1RG,3,0.9966551065444946,0.025598792359232903,45
HRD_Score,TCGA-E9-A229,3,0.5431972146034241,0.8906822800636292,35
HRD_Score,TCGA-E9-A22A,3,0.3203422725200653,1.8869572877883911,39
HRD_Score,TCGA-E9-A22B,3,0.22717760503292084,2.4565939903259277,78
HRD_Score,TCGA-E9-A22E,3,0.7988508343696594,0.97995924949646,158
HRD_Score,TCGA-E9-A22G,3,0.9900505542755127,0.060629695653915405,128
HRD_Score,TCGA-E9-A22H,3,0.8044461011886597,0.6476625800132751,30
HRD_Score,TCGA-E9-A248,3,0.5940982103347778,1.378908395767212,36
HRD_Score,TCGA-EW-A1J1,3,0.9973859786987305,0.020952440798282623,25
HRD_Score,TCGA-EW-A1OY,3,0.5968458652496338,1.3043677806854248,85
HRD_Score,TCGA-EW-A1P3,3,0.4736148715019226,1.2903547286987305,30
HRD_Score,TCGA-EW-A1P4,3,0.5494921207427979,1.5681995153427124,83
HRD_Score,TCGA-EW-A1P5,3,0.931437075138092,0.3382315933704376,24
HRD_Score,TCGA-EW-A1PA,3,0.7345626354217529,0.7569124698638916,46
HRD_Score,TCGA-EW-A2FV,3,0.1620609164237976,3.5830700397491455,4232
HRD_Score,TCGA-GM-A2DA,3,0.4687238335609436,1.176025390625,49
HRD_Score,TCGA-GM-A2DB,3,0.3555218279361725,1.657047152519226,162
HRD_Score,TCGA-GM-A2DL,3,0.6034893989562988,1.6531882286071777,56
HRD_Score,TCGA-HN-A2NL,3,0.9496225118637085,0.26442766189575195,102
HRD_Score,TCGA-LD-A74U,3,0.7330512404441833,1.131873369216919,361
HRD_Score,TCGA-LD-A7W6,3,0.9476512670516968,0.3102617859840393,51
HRD_Score,TCGA-LL-A5YM,3,0.904262125492096,0.43952810764312744,46
HRD_Score,TCGA-LL-A73Z,3,0.8301056623458862,0.6292198300361633,62
HRD_Score,TCGA-OL-A5DA,3,0.6755520105361938,1.1569160223007202,118
HRD_Score,TCGA-OL-A5RW,3,0.8852382898330688,0.6749652624130249,261
HRD_Score,TCGA-OL-A5S0,3,0.830366849899292,0.7199793457984924,53
HRD_Score,TCGA-OL-A66J,3,0.3709166646003723,1.965054988861084,72
HRD_Score,TCGA-OL-A66K,3,0.8760581016540527,0.45837217569351196,54
HRD_Score,TCGA-OL-A66N,3,0.6116107702255249,1.2644319534301758,62
HRD_Score,TCGA-OL-A6VQ,3,0.9871618747711182,0.0840323343873024,137
HRD_Score,TCGA-OL-A6VR,3,0.7089356184005737,1.1852366924285889,40
HRD_Score,TCGA-PE-A5DD,3,0.44578075408935547,1.6081833839416504,92
HRD_Score,TCGA-UU-A93S,3,0.6810171008110046,1.050467848777771,241
HRD_Score,TCGA-3C-AALJ,4,0.8610104322433472,0.6541607975959778,72
HRD_Score,TCGA-A1-A0SQ,4,0.2482934445142746,2.3497848510742188,40
HRD_Score,TCGA-A2-A04R,4,0.5991529226303101,1.4924241304397583,109
HRD_Score,TCGA-A2-A0CS,4,0.43199121952056885,2.387376308441162,57
HRD_Score,TCGA-A2-A0D4,4,0.668420672416687,1.440129041671753,48
HRD_Score,TCGA-A2-A0EM,4,0.48546546697616577,1.6576108932495117,39
HRD_Score,TCGA-A2-A0EN,4,0.5978750586509705,1.4162352085113525,43
HRD_Score,TCGA-A2-A0EU,4,0.4648057818412781,1.7571638822555542,57
HRD_Score,TCGA-A2-A0EW,4,0.6862911581993103,1.0531766414642334,21
HRD_Score,TCGA-A2-A0EX,4,0.219661146402359,2.497356414794922,35
HRD_Score,TCGA-A2-A0EY,4,0.18612930178642273,3.422546863555908,299
HRD_Score,TCGA-A2-A0YD,4,0.11475815623998642,3.2452523708343506,95
HRD_Score,TCGA-A2-A0YL,4,0.6034881472587585,1.6100014448165894,50
HRD_Score,TCGA-A2-A0YT,4,0.5974136590957642,0.8343614339828491,87
HRD_Score,TCGA-A2-A1FZ,4,0.2779654562473297,2.032919406890869,36
HRD_Score,TCGA-A2-A4S1,4,0.7713255286216736,0.918907642364502,106
HRD_Score,TCGA-A2-A4S3,4,0.7130275368690491,1.3764572143554688,115
HRD_Score,TCGA-A7-A0CH,4,0.4035598039627075,1.627272367477417,80
HRD_Score,TCGA-A7-A0CJ,4,0.8497209548950195,0.7708974480628967,77
HRD_Score,TCGA-A7-A0DA,4,0.5696482062339783,0.9265994429588318,210
HRD_Score,TCGA-A7-A13F,4,0.1357603520154953,3.0665817260742188,97
HRD_Score,TCGA-A7-A6VW,4,0.3655090034008026,2.25459885597229,100
HRD_Score,TCGA-A8-A06X,4,0.3489227592945099,2.7313618659973145,275
HRD_Score,TCGA-A8-A076,4,0.5259953141212463,2.037220001220703,99
HRD_Score,TCGA-A8-A079,4,0.9831647872924805,0.11783640831708908,99
HRD_Score,TCGA-A8-A07B,4,0.6788787841796875,1.501574993133545,93
HRD_Score,TCGA-A8-A07I,4,0.4449268877506256,2.050603151321411,60
HRD_Score,TCGA-A8-A07O,4,0.32990390062332153,2.085496664047241,58
HRD_Score,TCGA-A8-A07U,4,0.7094419002532959,1.2313851118087769,91
HRD_Score,TCGA-A8-A07Z,4,0.8237789273262024,0.8081879019737244,26
HRD_Score,TCGA-A8-A083,4,0.3778982162475586,1.9110233783721924,32
HRD_Score,TCGA-A8-A08L,4,0.9435182213783264,0.28534001111984253,284
HRD_Score,TCGA-A8-A08T,4,0.3008865714073181,2.056520462036133,61
HRD_Score,TCGA-A8-A090,4,0.21847033500671387,2.7270777225494385,50
HRD_Score,TCGA-A8-A093,4,0.25338950753211975,3.3372833728790283,144
HRD_Score,TCGA-A8-A094,4,0.43174251914024353,2.2585158348083496,254
HRD_Score,TCGA-A8-A097,4,0.4426272213459015,2.0249059200286865,136
HRD_Score,TCGA-A8-A09M,4,0.9142681956291199,0.5064719915390015,194
HRD_Score,TCGA-AC-A2B8,4,0.4660680592060089,1.1460750102996826,133
HRD_Score,TCGA-AC-A3QQ,4,0.30301010608673096,1.8667787313461304,37
HRD_Score,TCGA-AC-A6IV,4,0.5563423037528992,1.6014728546142578,33
HRD_Score,TCGA-AC-A7VC,4,0.5990714430809021,1.1238770484924316,29
HRD_Score,TCGA-AC-A8OP,4,0.4562843441963196,2.3565986156463623,262
HRD_Score,TCGA-AC-A8OR,4,0.6891520023345947,1.2039371728897095,94
HRD_Score,TCGA-AN-A0FN,4,0.6842873096466064,1.3218109607696533,59
HRD_Score,TCGA-AN-A0FV,4,0.8783624172210693,0.6989024877548218,121
HRD_Score,TCGA-AN-A0XV,4,0.5216123461723328,1.6377164125442505,49
HRD_Score,TCGA-AO-A0J7,4,0.7265177369117737,1.1689101457595825,28
HRD_Score,TCGA-AO-A0JD,4,0.9777032136917114,0.16804300248622894,142
HRD_Score,TCGA-AO-A0JG,4,0.9899809956550598,0.06730147451162338,22
HRD_Score,TCGA-AO-A128,4,0.30998340249061584,3.47102427482605,1263
HRD_Score,TCGA-AO-A12H,4,0.28995633125305176,2.2463440895080566,33
HRD_Score,TCGA-AO-A1KP,4,0.8624039888381958,0.6636083126068115,27
HRD_Score,TCGA-AO-A1KR,4,0.9726769328117371,0.1878214031457901,94
HRD_Score,TCGA-AO-A1KT,4,0.3101870119571686,2.104271650314331,56
HRD_Score,TCGA-AR-A1AK,4,0.32039499282836914,2.1032052040100098,84
HRD_Score,TCGA-AR-A1AR,4,0.35955995321273804,1.9856452941894531,71
HRD_Score,TCGA-AR-A1AX,4,0.7738251090049744,0.8563284873962402,36
HRD_Score,TCGA-AR-A1AY,4,0.20167642831802368,2.4404454231262207,79
HRD_Score,TCGA-AR-A24L,4,0.6125099658966064,1.563811182975769,61
HRD_Score,TCGA-AR-A24Z,4,0.9990993738174438,0.009377327747642994,62
HRD_Score,TCGA-AR-A254,4,0.3343513607978821,1.751561164855957,47
HRD_Score,TCGA-AR-A2LH,4,0.19231893122196198,2.3854894638061523,75
HRD_Score,TCGA-AR-A2LN,4,0.1441909670829773,3.188692331314087,61
HRD_Score,TCGA-AR-A5QP,4,0.4623144567012787,1.7384296655654907,38
HRD_Score,TCGA-B6-A0IN,4,0.3891182541847229,1.985646367073059,52
HRD_Score,TCGA-B6-A0RG,4,0.6248038411140442,1.410969614982605,94
HRD_Score,TCGA-B6-A0RS,4,0.40281298756599426,2.3053359985351562,205
HRD_Score,TCGA-B6-A1KF,4,0.9242219924926758,0.42111679911613464,83
HRD_Score,TCGA-B6-A2IU,4,0.4055838882923126,2.147871732711792,56
HRD_Score,TCGA-B6-A40C,4,0.6686800718307495,1.522883653640747,57
HRD_Score,TCGA-BH-A0BC,4,0.19045722484588623,3.0166070461273193,92
HRD_Score,TCGA-BH-A0BJ,4,0.16545090079307556,2.72029447555542,75
HRD_Score,TCGA-BH-A0DH,4,0.3494144082069397,1.8701872825622559,105
HRD_Score,TCGA-BH-A0E0,4,0.18296170234680176,2.50191593170166,93
HRD_Score,TCGA-BH-A0EB,4,0.5178300738334656,1.958909273147583,62
HRD_Score,TCGA-BH-A0GY,4,0.17987790703773499,2.2826828956604004,48
HRD_Score,TCGA-BH-A0HI,4,0.7252539992332458,1.187553882598877,39
HRD_Score,TCGA-BH-A0HK,4,0.43809327483177185,1.366822361946106,289
HRD_Score,TCGA-BH-A0W4,4,0.44448134303092957,1.4106833934783936,43
HRD_Score,TCGA-BH-A0WA,4,0.384233683347702,2.3169057369232178,123
HRD_Score,TCGA-BH-A18P,4,0.11711689084768295,3.7877893447875977,446
HRD_Score,TCGA-BH-A18T,4,0.43795984983444214,1.8085929155349731,111
HRD_Score,TCGA-BH-A1FG,4,0.9341976046562195,0.39894771575927734,27
HRD_Score,TCGA-BH-A208,4,0.6003760099411011,1.6882590055465698,88
HRD_Score,TCGA-BH-A5IZ,4,0.4623863101005554,1.1066920757293701,207
HRD_Score,TCGA-BH-A6R8,4,0.9702421426773071,0.19918735325336456,44
HRD_Score,TCGA-BH-A6R9,4,0.3852320909500122,1.5353831052780151,32
HRD_Score,TCGA-C8-A12N,4,0.357062429189682,2.0685367584228516,33
HRD_Score,TCGA-C8-A12O,4,0.19663715362548828,2.4569225311279297,52
HRD_Score,TCGA-C8-A131,4,0.4683450162410736,2.1932103633880615,84
HRD_Score,TCGA-C8-A137,4,0.3725859224796295,1.7265613079071045,64
HRD_Score,TCGA-C8-A26V,4,0.7079729437828064,1.1124868392944336,99
HRD_Score,TCGA-C8-A26Y,4,0.6384252905845642,1.8442018032073975,942
HRD_Score,TCGA-D8-A145,4,0.39515724778175354,1.5059418678283691,54
HRD_Score,TCGA-D8-A1JB,4,0.41977137327194214,1.8761523962020874,69
HRD_Score,TCGA-D8-A1JI,4,0.8721989393234253,0.5796191096305847,44
HRD_Score,TCGA-D8-A1JU,4,0.7725176215171814,0.7639069557189941,21
HRD_Score,TCGA-D8-A1X7,4,0.404287189245224,1.7138172388076782,32
HRD_Score,TCGA-D8-A1X9,4,0.28308171033859253,2.4227027893066406,108
HRD_Score,TCGA-D8-A1XG,4,0.9861851334571838,0.1027752086520195,36
HRD_Score,TCGA-D8-A1XV,4,0.8407855033874512,0.7069194316864014,38
HRD_Score,TCGA-D8-A1Y0,4,0.5171088576316833,2.0129494667053223,84
HRD_Score,TCGA-D8-A1Y1,4,0.2272404283285141,3.7664761543273926,292
HRD_Score,TCGA-D8-A27K,4,0.39062678813934326,1.9945638179779053,27
HRD_Score,TCGA-D8-A27L,4,0.4722443222999573,2.085325241088867,58
HRD_Score,TCGA-D8-A27N,4,0.3085169792175293,2.0180885791778564,64
HRD_Score,TCGA-D8-A27R,4,0.5305452346801758,1.0926944017410278,44
HRD_Score,TCGA-D8-A27T,4,0.518622100353241,1.0576395988464355,34
HRD_Score,TCGA-D8-A3Z6,4,0.5753215551376343,1.806644082069397,44
HRD_Score,TCGA-E2-A14R,4,0.4784619212150574,2.018908739089966,153
HRD_Score,TCGA-E2-A14X,4,0.23220126330852509,2.027395725250244,44
HRD_Score,TCGA-E2-A14Y,4,0.3069933354854584,2.0088346004486084,114
HRD_Score,TCGA-E2-A152,4,0.2585720121860504,2.783757209777832,175
HRD_Score,TCGA-E2-A154,4,0.2406967431306839,2.2076175212860107,61
HRD_Score,TCGA-E2-A158,4,0.4242039620876312,1.4583827257156372,133
HRD_Score,TCGA-E2-A15A,4,0.08384869247674942,3.122856855392456,109
HRD_Score,TCGA-E2-A15C,4,0.3188598155975342,2.1748108863830566,54
HRD_Score,TCGA-E2-A15G,4,0.26396986842155457,2.21571683883667,78
HRD_Score,TCGA-E2-A15I,4,0.38783302903175354,1.8234667778015137,95
HRD_Score,TCGA-E2-A1AZ,4,0.5896651148796082,1.0586704015731812,84
HRD_Score,TCGA-E2-A1B4,4,0.28068891167640686,2.2140283584594727,44
HRD_Score,TCGA-E2-A1BD,4,0.25013160705566406,2.6052303314208984,48
HRD_Score,TCGA-E2-A1LG,4,0.9726532697677612,0.1878775805234909,222
HRD_Score,TCGA-E2-A1LH,4,0.9835057854652405,0.13076409697532654,243
HRD_Score,TCGA-E2-A1LK,4,0.2791464328765869,2.225550413131714,64
HRD_Score,TCGA-E2-A576,4,0.72695392370224,1.1827542781829834,79
HRD_Score,TCGA-E9-A1R5,4,0.1621200293302536,2.7236711978912354,58
HRD_Score,TCGA-E9-A22D,4,0.7565999031066895,1.0439904928207397,44
HRD_Score,TCGA-E9-A245,4,0.2121494710445404,2.2881104946136475,26
HRD_Score,TCGA-E9-A247,4,0.24596388638019562,2.403884172439575,53
HRD_Score,TCGA-E9-A295,4,0.3078787624835968,2.3770198822021484,119
HRD_Score,TCGA-E9-A3X8,4,0.9852443337440491,0.10745910555124283,44
HRD_Score,TCGA-EW-A1IW,4,0.3797191381454468,2.152045249938965,131
HRD_Score,TCGA-EW-A1IY,4,0.25615769624710083,2.466826915740967,42
HRD_Score,TCGA-EW-A1P7,4,0.5105724930763245,1.2948131561279297,29
HRD_Score,TCGA-EW-A1P8,4,0.4096640348434448,1.2515288591384888,42
HRD_Score,TCGA-GM-A2DN,4,0.9051850438117981,0.48574742674827576,28
HRD_Score,TCGA-GM-A3NW,4,0.774523138999939,0.9960666298866272,100
HRD_Score,TCGA-LL-A7SZ,4,0.866123378276825,0.6853365302085876,130
HRD_Score,TCGA-LL-A8F5,4,0.40948596596717834,2.3550262451171875,217
HRD_Score,TCGA-OL-A5D6,4,0.8922644257545471,0.526599645614624,62
HRD_Score,TCGA-OL-A5D7,4,0.4006921947002411,2.2967305183410645,86
HRD_Score,TCGA-OL-A5D8,4,0.36098891496658325,2.333516836166382,46
HRD_Score,TCGA-OL-A5RX,4,0.6271302103996277,0.9854643940925598,39
HRD_Score,TCGA-OL-A5RY,4,0.4939141869544983,0.8818576335906982,17
HRD_Score,TCGA-OL-A66L,4,0.39276230335235596,2.4078071117401123,98
HRD_Score,TCGA-PE-A5DE,4,0.5774989128112793,2.2532222270965576,704
HRD_Score,TCGA-PL-A8LX,4,0.4819732904434204,1.6988873481750488,53
HRD_Score,TCGA-S3-A6ZF,4,0.8579059839248657,0.6636393666267395,60
HRD_Score,TCGA-S3-A6ZH,4,0.9925838708877563,0.05985825136303902,52
HRD_Score,TCGA-S3-AA10,4,0.38757646083831787,1.6899397373199463,231
HRD_Score,TCGA-S3-AA11,4,0.38899412751197815,1.8282620906829834,110
HRD_Score,TCGA-S3-AA14,4,0.3955969512462616,1.637524127960205,27
HRD_Score,TCGA-5L-AAT0,5,0.10191229730844498,4.190929412841797,282
HRD_Score,TCGA-A1-A0SB,5,0.5208770632743835,1.038211703300476,19
HRD_Score,TCGA-A2-A04V,5,0.307297945022583,2.5625956058502197,44
HRD_Score,TCGA-A2-A04W,5,0.18227218091487885,3.5501484870910645,190
HRD_Score,TCGA-A2-A0CM,5,0.32546329498291016,2.4385108947753906,76
HRD_Score,TCGA-A2-A0CW,5,0.6012770533561707,2.01070499420166,93
HRD_Score,TCGA-A2-A0SU,5,0.3107365071773529,2.24871826171875,43
HRD_Score,TCGA-A2-A0SX,5,0.6317455768585205,1.3938056230545044,42
HRD_Score,TCGA-A2-A0T0,5,0.37678882479667664,3.2742834091186523,239
HRD_Score,TCGA-A2-A0T2,5,0.30166861414909363,2.019019365310669,43
HRD_Score,TCGA-A2-A0T5,5,0.5946916937828064,1.545636773109436,17
HRD_Score,TCGA-A2-A0T7,5,0.21726715564727783,2.555927276611328,33
HRD_Score,TCGA-A2-A0YE,5,0.32448336482048035,2.571763515472412,50
HRD_Score,TCGA-A2-A0YK,5,0.13043420016765594,3.978586435317993,489
HRD_Score,TCGA-A2-A1FV,5,0.7358455061912537,1.1611506938934326,57
HRD_Score,TCGA-A2-A25C,5,0.30282899737358093,2.660611152648926,46
HRD_Score,TCGA-A7-A26H,5,0.09280205518007278,3.912593126296997,156
HRD_Score,TCGA-A7-A26I,5,0.2148219496011734,2.61079740524292,47
HRD_Score,TCGA-A7-A4SE,5,0.09046967327594757,4.401963233947754,321
HRD_Score,TCGA-A7-A6VY,5,0.6623077392578125,1.6963614225387573,154
HRD_Score,TCGA-A8-A06P,5,0.4239828288555145,2.3796448707580566,48
HRD_Score,TCGA-A8-A06R,5,0.4777868092060089,2.324471950531006,89
HRD_Score,TCGA-A8-A06Z,5,0.4269418716430664,2.7809412479400635,108
HRD_Score,TCGA-A8-A08X,5,0.22655227780342102,2.745587110519409,47
HRD_Score,TCGA-A8-A09B,5,0.16295336186885834,2.7504353523254395,60
HRD_Score,TCGA-A8-A0A2,5,0.6332043409347534,1.4584802389144897,57
HRD_Score,TCGA-A8-A0A6,5,0.36117732524871826,2.50868558883667,43
HRD_Score,TCGA-A8-A0A7,5,0.14606095850467682,3.996943473815918,304
HRD_Score,TCGA-AC-A23C,5,0.1487053483724594,3.696962594985962,153
HRD_Score,TCGA-AC-A23E,5,0.5723974704742432,1.8281306028366089,28
HRD_Score,TCGA-AC-A23H,5,0.01351113710552454,6.9414215087890625,5000
HRD_Score,TCGA-AC-A2FG,5,0.6993764042854309,1.3120089769363403,42
HRD_Score,TCGA-AC-A5EH,5,0.6065853834152222,1.8166100978851318,214
HRD_Score,TCGA-AC-A6IX,5,0.08090519160032272,3.9837021827697754,142
HRD_Score,TCGA-AC-A7VB,5,0.26059678196907043,2.671933174133301,42
HRD_Score,TCGA-AC-A8OQ,5,0.3370780348777771,2.5445713996887207,149
HRD_Score,TCGA-AN-A03Y,5,0.4963841438293457,2.0819571018218994,43
HRD_Score,TCGA-AN-A04D,5,0.1256585568189621,3.544278144836426,126
HRD_Score,TCGA-AN-A0FT,5,0.3118053078651428,2.6067252159118652,136
HRD_Score,TCGA-AN-A0FX,5,0.1327454149723053,3.985933780670166,164
HRD_Score,TCGA-AN-A0XN,5,0.17368365824222565,3.5909640789031982,193
HRD_Score,TCGA-AN-A0XP,5,0.18061722815036774,2.89273738861084,39
HRD_Score,TCGA-AN-A0XR,5,0.6528403162956238,1.4556405544281006,42
HRD_Score,TCGA-AN-A0XU,5,0.22618860006332397,2.768132209777832,153
HRD_Score,TCGA-AN-A0XW,5,0.06705204397439957,4.394966125488281,429
HRD_Score,TCGA-AO-A0J6,5,0.30225473642349243,1.8493621349334717,147
HRD_Score,TCGA-AO-A0JI,5,0.2918245792388916,2.5072619915008545,24
HRD_Score,TCGA-AO-A12D,5,0.24171647429466248,3.0661396980285645,74
HRD_Score,TCGA-AQ-A04H,5,0.18936769664287567,2.950759172439575,87
HRD_Score,TCGA-AQ-A04J,5,0.7016949653625488,1.6621623039245605,106
HRD_Score,TCGA-AQ-A1H3,5,0.41408494114875793,1.5837199687957764,33
HRD_Score,TCGA-AR-A0TR,5,0.2662287950515747,2.676849842071533,46
HRD_Score,TCGA-AR-A0TS,5,0.8736706376075745,0.7972443103790283,100
HRD_Score,TCGA-AR-A0TV,5,0.3764864206314087,2.7852416038513184,83
HRD_Score,TCGA-AR-A0TZ,5,0.16918419301509857,3.1055314540863037,70
HRD_Score,TCGA-AR-A1AI,5,0.17380398511886597,3.3757212162017822,92
HRD_Score,TCGA-AR-A24Q,5,0.2764347493648529,3.029972791671753,244
HRD_Score,TCGA-AR-A24U,5,0.21771392226219177,2.8085358142852783,49
HRD_Score,TCGA-B6-A0IB,5,0.17334477603435516,3.16709303855896,99
HRD_Score,TCGA-B6-A0IE,5,0.3107842206954956,2.139677047729492,44
HRD_Score,TCGA-B6-A0IJ,5,0.1303766816854477,3.7782742977142334,177
HRD_Score,TCGA-B6-A0RE,5,0.2634193003177643,3.0623526573181152,211
HRD_Score,TCGA-B6-A0RN,5,0.2022467702627182,2.569269895553589,38
HRD_Score,TCGA-B6-A0X1,5,0.2978382706642151,3.1455774307250977,99
HRD_Score,TCGA-B6-A0X4,5,0.2880975306034088,2.1300439834594727,24
HRD_Score,TCGA-B6-A1KN,5,0.2010907679796219,3.043930768966675,79
HRD_Score,TCGA-BH-A0AV,5,0.20535655319690704,3.1187033653259277,92
HRD_Score,TCGA-BH-A0AY,5,0.09685659408569336,3.605661392211914,162
HRD_Score,TCGA-BH-A0BF,5,0.17660363018512726,2.7586324214935303,37
HRD_Score,TCGA-BH-A0BZ,5,0.19696609675884247,3.291862964630127,331
HRD_Score,TCGA-BH-A0DV,5,0.7176327109336853,1.1719399690628052,21
HRD_Score,TCGA-BH-A0DX,5,0.37837594747543335,2.7468392848968506,79
HRD_Score,TCGA-BH-A0E9,5,0.6934731006622314,1.4346991777420044,38
HRD_Score,TCGA-BH-A0EA,5,0.17256836593151093,2.9259023666381836,33
HRD_Score,TCGA-BH-A0HA,5,0.3082733750343323,3.662350654602051,470
HRD_Score,TCGA-BH-A0HP,5,0.09886365383863449,4.367255210876465,364
HRD_Score,TCGA-BH-A0HU,5,0.18416111171245575,2.604339361190796,50
HRD_Score,TCGA-BH-A0HX,5,0.1349879652261734,3.3938074111938477,92
HRD_Score,TCGA-BH-A0HY,5,0.15042918920516968,3.0384862422943115,89
HRD_Score,TCGA-BH-A18F,5,0.5070688128471375,2.1214890480041504,72
HRD_Score,TCGA-BH-A18I,5,0.14671964943408966,2.9017951488494873,37
HRD_Score,TCGA-BH-A18N,5,0.6784774661064148,1.2351449728012085,47
HRD_Score,TCGA-BH-A18S,5,0.45766717195510864,2.0088183879852295,39
HRD_Score,TCGA-BH-A18U,5,0.11988554894924164,3.715023994445801,188
HRD_Score,TCGA-BH-A1EW,5,0.317606657743454,2.317199230194092,22
HRD_Score,TCGA-BH-A1EX,5,0.30221664905548096,2.4001166820526123,35
HRD_Score,TCGA-BH-A1FU,5,0.20797546207904816,3.205099105834961,119
HRD_Score,TCGA-BH-A202,5,0.7117116451263428,1.143622875213623,31
HRD_Score,TCGA-C8-A12W,5,0.3137921988964081,3.0617432594299316,83
HRD_Score,TCGA-C8-A132,5,0.24241729080677032,2.68034029006958,88
HRD_Score,TCGA-C8-A1HJ,5,0.28852641582489014,3.1544055938720703,135
HRD_Score,TCGA-C8-A8HQ,5,0.05228779837489128,4.640222549438477,379
HRD_Score,TCGA-D8-A13Y,5,0.21507024765014648,2.9490034580230713,92
HRD_Score,TCGA-D8-A147,5,0.21379899978637695,3.412829875946045,215
HRD_Score,TCGA-D8-A1JD,5,0.33823445439338684,3.325469493865967,137
HRD_Score,TCGA-D8-A1JF,5,0.6251654624938965,1.759237289428711,56
HRD_Score,TCGA-D8-A1JP,5,0.6129483580589294,1.8478304147720337,148
HRD_Score,TCGA-D8-A1JT,5,0.16073638200759888,2.9184200763702393,47
HRD_Score,TCGA-D8-A1XF,5,0.6349328756332397,1.786466121673584,56
HRD_Score,TCGA-D8-A1XM,5,0.15373799204826355,2.9102864265441895,68
HRD_Score,TCGA-D8-A1XR,5,0.20629386603832245,2.3852577209472656,37
HRD_Score,TCGA-D8-A1XW,5,0.4777051508426666,2.384383201599121,130
HRD_Score,TCGA-D8-A1Y2,5,0.3965729773044586,2.0383408069610596,24
HRD_Score,TCGA-D8-A27M,5,0.18502859771251678,3.4360859394073486,101
HRD_Score,TCGA-D8-A4Z1,5,0.25164595246315,2.4052574634552,47
HRD_Score,TCGA-D8-A73W,5,0.32338106632232666,2.358497381210327,58
HRD_Score,TCGA-E2-A10A,5,0.7174765467643738,1.037534236907959,36
HRD_Score,TCGA-E2-A155,5,0.0955672413110733,3.5075552463531494,86
HRD_Score,TCGA-E2-A156,5,0.39310434460639954,2.154103994369507,32
HRD_Score,TCGA-E2-A15D,5,0.39487016201019287,1.924978494644165,40
HRD_Score,TCGA-E2-A15K,5,0.3613227307796478,2.242926597595215,214
HRD_Score,TCGA-E2-A15R,5,0.21213269233703613,2.842254400253296,51
HRD_Score,TCGA-E2-A1B0,5,0.1499655544757843,3.0791709423065186,63
HRD_Score,TCGA-E2-A1BC,5,0.13128288090229034,3.325012445449829,97
HRD_Score,TCGA-E2-A1IE,5,0.18689872324466705,2.707336664199829,31
HRD_Score,TCGA-E2-A1IG,5,0.4217388927936554,2.31181001663208,65
HRD_Score,TCGA-E2-A1IH,5,0.17995429039001465,3.1687567234039307,89
HRD_Score,TCGA-E2-A1IJ,5,0.9880580902099609,0.09203770011663437,23
HRD_Score,TCGA-E2-A1IK,5,0.7682698965072632,0.9267348051071167,22
HRD_Score,TCGA-E2-A1IL,5,0.24043254554271698,2.5471105575561523,38
HRD_Score,TCGA-E2-A1IO,5,0.4607091546058655,1.5524605512619019,17
HRD_Score,TCGA-E2-A1L8,5,0.33753159642219543,2.4257328510284424,42
HRD_Score,TCGA-E2-A1LA,5,0.14674614369869232,3.152376413345337,115
HRD_Score,TCGA-E2-A56Z,5,0.8409544229507446,0.9753279089927673,65
HRD_Score,TCGA-E2-A573,5,0.7277333736419678,1.4101852178573608,81
HRD_Score,TCGA-E2-A9RU,5,0.11503787338733673,3.332176923751831,115
HRD_Score,TCGA-E9-A1NG,5,0.3977656066417694,2.0659420490264893,24
HRD_Score,TCGA-E9-A1NI,5,0.31982889771461487,2.3428802490234375,43
HRD_Score,TCGA-E9-A1R6,5,0.7500786781311035,1.2180966138839722,39
HRD_Score,TCGA-E9-A1R7,5,0.1781911998987198,2.9202709197998047,65
HRD_Score,TCGA-E9-A1RB,5,0.2647364139556885,2.559180498123169,43
HRD_Score,TCGA-E9-A1RE,5,0.2039773017168045,3.010284185409546,68
HRD_Score,TCGA-E9-A227,5,0.4764476716518402,1.6192718744277954,23
HRD_Score,TCGA-E9-A2JS,5,0.12445667386054993,3.539026975631714,98
HRD_Score,TCGA-EW-A1IZ,5,0.06293144077062607,4.708785057067871,534
HRD_Score,TCGA-EW-A1J6,5,0.6063194870948792,1.0238056182861328,47
HRD_Score,TCGA-EW-A1OV,5,0.0984758585691452,3.819404125213623,144
HRD_Score,TCGA-EW-A1OZ,5,0.5890429615974426,1.8559236526489258,79
HRD_Score,TCGA-EW-A1P0,5,0.21294571459293365,2.519465684890747,29
HRD_Score,TCGA-EW-A1P6,5,0.7402331829071045,0.9475947022438049,29
HRD_Score,TCGA-EW-A1PE,5,0.237918883562088,2.671168327331543,43
HRD_Score,TCGA-EW-A2FS,5,0.16487468779087067,2.9050283432006836,50
HRD_Score,TCGA-EW-A6SD,5,0.30226001143455505,2.8803679943084717,80
HRD_Score,TCGA-GM-A2DC,5,0.6644640564918518,1.5386967658996582,32
HRD_Score,TCGA-GM-A2DH,5,0.29120931029319763,3.4397878646850586,242
HRD_Score,TCGA-LL-A6FR,5,0.1276792585849762,3.1370794773101807,73
HRD_Score,TCGA-OL-A5RV,5,0.32249170541763306,1.7884783744812012,18
HRD_Score,TCGA-OL-A66P,5,0.3555638790130615,2.2404348850250244,143
HRD_Score,TCGA-OL-A6VO,5,0.35780203342437744,2.554490089416504,62
HRD_Score,TCGA-PL-A8LY,5,0.536801278591156,1.1107956171035767,8
HRD_Score,TCGA-WT-AB41,5,0.3683304190635681,2.496551752090454,66
HRD_Score,TCGA-WT-AB44,5,0.23487266898155212,2.8884692192077637,66
HRD_Score,TCGA-XX-A89A,5,0.26825833320617676,3.4974024295806885,271
HRD_Score,TCGA-Z7-A8R6,5,0.09688042104244232,3.528031349182129,117
hrd_binary_33,TCGA-A1-A0SB,1,0.9995554685592651,0.004098657052963972,19
hrd_binary_33,TCGA-A1-A0SG,1,0.5706409811973572,0.693627119064331,37
hrd_binary_33,TCGA-A1-A0SI,1,0.7175737023353577,1.0207167863845825,279
hrd_binary_33,TCGA-A2-A04N,1,0.8929684162139893,0.4680151641368866,57
hrd_binary_33,TCGA-A2-A04U,1,0.5030562281608582,1.4212400913238525,71
hrd_binary_33,TCGA-A2-A04Y,1,0.6548100113868713,0.6456139087677002,66
hrd_binary_33,TCGA-A2-A0CS,1,0.9989662766456604,0.008635626174509525,57
hrd_binary_33,TCGA-A2-A0EU,1,0.9999568462371826,0.0005924336146563292,57
hrd_binary_33,TCGA-A2-A0SW,1,0.9766378998756409,0.11555323749780655,71
hrd_binary_33,TCGA-A2-A0SX,1,0.8270086050033569,0.5590250492095947,42
hrd_binary_33,TCGA-A2-A0YD,1,0.6104454398155212,0.8352457284927368,95
hrd_binary_33,TCGA-A2-A0YT,1,0.7423593997955322,1.209766149520874,87
hrd_binary_33,TCGA-A2-A1FX,1,0.6135315299034119,1.4697518348693848,32
hrd_binary_33,TCGA-A2-A1FZ,1,0.48076581954956055,1.126475214958191,36
hrd_binary_33,TCGA-A2-A1G0,1,0.9876890182495117,0.08237671107053757,26
hrd_binary_33,TCGA-A2-A259,1,0.9820608496665955,0.12420841306447983,31
hrd_binary_33,TCGA-A2-A25A,1,0.997783899307251,0.01960318721830845,412
hrd_binary_33,TCGA-A2-A25E,1,0.9502506852149963,0.24922627210617065,69
hrd_binary_33,TCGA-A2-A4S3,1,0.5769670009613037,0.7075002789497375,115
hrd_binary_33,TCGA-A7-A0CE,1,0.9098592400550842,0.4896047115325928,285
hrd_binary_33,TCGA-A7-A0CJ,1,0.5801005959510803,0.9377261400222778,77
hrd_binary_33,TCGA-A7-A26H,1,0.8958221077919006,0.4440862238407135,156
hrd_binary_33,TCGA-A7-A5ZW,1,0.9995850324630737,0.004488353151828051,42
hrd_binary_33,TCGA-A8-A06R,1,0.8042556047439575,0.8171950578689575,89
hrd_binary_33,TCGA-A8-A079,1,0.9212142825126648,0.3024407923221588,99
hrd_binary_33,TCGA-A8-A07O,1,0.38702520728111267,1.5503753423690796,58
hrd_binary_33,TCGA-A8-A07U,1,0.9796327948570251,0.12020435184240341,91
hrd_binary_33,TCGA-A8-A07Z,1,0.6893871426582336,1.0751813650131226,26
hrd_binary_33,TCGA-A8-A08B,1,0.8907110691070557,0.43627771735191345,74
hrd_binary_33,TCGA-A8-A08R,1,0.8605049252510071,0.6056481003761292,347
hrd_binary_33,TCGA-A8-A092,1,0.9351984262466431,0.3000609874725342,96
hrd_binary_33,TCGA-A8-A09M,1,0.47140267491340637,1.793254017829895,194
hrd_binary_33,TCGA-A8-A09T,1,0.9943777322769165,0.034838736057281494,27
hrd_binary_33,TCGA-A8-A09V,1,0.7420592904090881,0.6090407967567444,49
hrd_binary_33,TCGA-A8-A09X,1,0.9659602642059326,0.1779337376356125,74
hrd_binary_33,TCGA-A8-A0A1,1,0.554782509803772,1.2782061100006104,62
hrd_binary_33,TCGA-A8-A0A7,1,0.999345064163208,0.006665930617600679,304
hrd_binary_33,TCGA-AC-A2B8,1,0.9557026028633118,0.25626322627067566,133
hrd_binary_33,TCGA-AC-A6IW,1,0.8936415314674377,0.5365422368049622,251
hrd_binary_33,TCGA-AC-A6IX,1,0.430385947227478,1.1683018207550049,142
hrd_binary_33,TCGA-AC-A7VB,1,0.9585422277450562,0.22778594493865967,42
hrd_binary_33,TCGA-AN-A03X,1,0.7684548497200012,0.8293651938438416,54
hrd_binary_33,TCGA-AN-A03Y,1,0.9999940991401672,8.707951928954571e-05,43
hrd_binary_33,TCGA-AN-A04D,1,0.995219886302948,0.032467976212501526,126
hrd_binary_33,TCGA-AN-A0AL,1,0.6543598175048828,1.1146043539047241,116
hrd_binary_33,TCGA-AN-A0AS,1,0.9973743557929993,0.02141694165766239,52
hrd_binary_33,TCGA-AN-A0FJ,1,0.3053925335407257,1.8813070058822632,129
hrd_binary_33,TCGA-AN-A0XP,1,0.8584304451942444,0.5102902054786682,39
hrd_binary_33,TCGA-AN-A0XS,1,0.5313466787338257,0.8775693774223328,35
hrd_binary_33,TCGA-AN-A0XT,1,0.9792506098747253,0.12546072900295258,22
hrd_binary_33,TCGA-AO-A128,1,0.7751019597053528,0.764813244342804,1263
hrd_binary_33,TCGA-AO-A1KP,1,0.7413983345031738,0.7346875667572021,27
hrd_binary_33,TCGA-AO-A1KR,1,0.6235204935073853,1.5740195512771606,94
hrd_binary_33,TCGA-AR-A0TW,1,0.9143064022064209,0.44148749113082886,71
hrd_binary_33,TCGA-AR-A1AN,1,0.8680149912834167,0.5025210380554199,35
hrd_binary_33,TCGA-AR-A1AR,1,0.5607581734657288,1.1764434576034546,71
hrd_binary_33,TCGA-AR-A24R,1,0.9979094862937927,0.018877040594816208,31
hrd_binary_33,TCGA-AR-A24S,1,0.7057845592498779,0.6788472533226013,62
hrd_binary_33,TCGA-AR-A24Z,1,0.4847055673599243,1.524173378944397,62
hrd_binary_33,TCGA-AR-A2LO,1,0.5055787563323975,1.295353651046753,20
hrd_binary_33,TCGA-AR-A5QM,1,0.9961366653442383,0.026069242507219315,38
hrd_binary_33,TCGA-AR-A5QP,1,0.8244131207466125,0.5821881890296936,38
hrd_binary_33,TCGA-B6-A0IB,1,0.9160243272781372,0.3606603741645813,99
hrd_binary_33,TCGA-B6-A0IC,1,0.9877129793167114,0.07960927486419678,49
hrd_binary_33,TCGA-B6-A0RG,1,0.8346756100654602,0.5620600581169128,94
hrd_binary_33,TCGA-B6-A0RL,1,0.725863516330719,0.8019556403160095,76
hrd_binary_33,TCGA-B6-A0RO,1,0.9976903200149536,0.017805814743041992,47
hrd_binary_33,TCGA-B6-A0WT,1,0.46003925800323486,1.5413992404937744,23
hrd_binary_33,TCGA-B6-A0WY,1,0.9999985098838806,2.4062013835646212e-05,39
hrd_binary_33,TCGA-B6-A0X0,1,0.5386145114898682,1.2639846801757812,28
hrd_binary_33,TCGA-B6-A0X5,1,0.766093909740448,0.5637404322624207,54
hrd_binary_33,TCGA-B6-A1KN,1,0.9906339049339294,0.06737388670444489,79
hrd_binary_33,TCGA-BH-A0AV,1,0.8381804823875427,0.6585335731506348,92
hrd_binary_33,TCGA-BH-A0AW,1,0.8311113715171814,0.5438896417617798,219
hrd_binary_33,TCGA-BH-A0B5,1,0.8734253644943237,0.5088440179824829,93
hrd_binary_33,TCGA-BH-A0BM,1,0.4998146593570709,0.6967576146125793,77
hrd_binary_33,TCGA-BH-A0DO,1,0.7699134945869446,0.6356438398361206,35
hrd_binary_33,TCGA-BH-A0DS,1,0.9713792204856873,0.14524328708648682,62
hrd_binary_33,TCGA-BH-A0DT,1,0.7665579319000244,0.8791836500167847,20
hrd_binary_33,TCGA-BH-A0DV,1,0.9341238737106323,0.2957706153392792,21
hrd_binary_33,TCGA-BH-A0HI,1,0.5024862885475159,1.5479373931884766,39
hrd_binary_33,TCGA-BH-A0HQ,1,0.9999920725822449,0.00012017309927614406,49
hrd_binary_33,TCGA-BH-A0HW,1,0.9998514652252197,0.0014981951098889112,46
hrd_binary_33,TCGA-BH-A18H,1,0.8195874094963074,0.48526930809020996,59
hrd_binary_33,TCGA-BH-A18S,1,0.35116055607795715,1.352831244468689,39
hrd_binary_33,TCGA-BH-A202,1,0.9704076051712036,0.15633054077625275,31
hrd_binary_33,TCGA-BH-A204,1,0.9997676014900208,0.0025735723320394754,56
hrd_binary_33,TCGA-BH-A28Q,1,0.9999921917915344,0.00011479824024718255,30
hrd_binary_33,TCGA-C8-A137,1,0.7605222463607788,0.7879159450531006,64
hrd_binary_33,TCGA-C8-A1HF,1,0.9111030697822571,0.36595481634140015,43
hrd_binary_33,TCGA-C8-A27B,1,0.3627198338508606,1.7508894205093384,169
hrd_binary_33,TCGA-C8-A8HR,1,0.6661360859870911,1.0387554168701172,64
hrd_binary_33,TCGA-D8-A145,1,0.9841640591621399,0.09448720514774323,54
hrd_binary_33,TCGA-D8-A1JD,1,0.8359308242797852,0.7913615107536316,137
hrd_binary_33,TCGA-D8-A1JJ,1,0.3352389633655548,1.5753189325332642,102
hrd_binary_33,TCGA-D8-A1JM,1,0.9954471588134766,0.034669529646635056,58
hrd_binary_33,TCGA-D8-A1X5,1,0.6334069967269897,0.7279132008552551,73
hrd_binary_33,TCGA-D8-A1X9,1,0.9484350085258484,0.2854422330856323,108
hrd_binary_33,TCGA-D8-A1XA,1,0.945027768611908,0.2594875991344452,34
hrd_binary_33,TCGA-D8-A1XB,1,0.9967353940010071,0.026392390951514244,54
hrd_binary_33,TCGA-D8-A1XK,1,0.9675620198249817,0.19145283102989197,1426
hrd_binary_33,TCGA-D8-A1XY,1,0.9997842907905579,0.0022415276616811752,66
hrd_binary_33,TCGA-D8-A1Y0,1,0.8309193849563599,0.7402911186218262,84
hrd_binary_33,TCGA-D8-A1Y3,1,0.6473802328109741,1.3299022912979126,71
hrd_binary_33,TCGA-D8-A27F,1,0.962486743927002,0.19857266545295715,84
hrd_binary_33,TCGA-D8-A27R,1,0.9822001457214355,0.11314897239208221,44
hrd_binary_33,TCGA-D8-A27W,1,0.9997100830078125,0.0029364258516579866,60
hrd_binary_33,TCGA-E2-A14R,1,0.9897237420082092,0.06827038526535034,153
hrd_binary_33,TCGA-E2-A14Y,1,0.3642711043357849,1.4138894081115723,114
hrd_binary_33,TCGA-E2-A15C,1,0.6763980984687805,0.6952652931213379,54
hrd_binary_33,TCGA-E2-A15G,1,0.4553711712360382,1.204612374305725,78
hrd_binary_33,TCGA-E2-A15T,1,0.9717153906822205,0.1533379703760147,42
hrd_binary_33,TCGA-E2-A1LK,1,0.975348711013794,0.1329248547554016,64
hrd_binary_33,TCGA-E2-A1LL,1,0.9986348748207092,0.012413128279149532,64
hrd_binary_33,TCGA-E2-A570,1,0.5754831433296204,0.7621994018554688,39
hrd_binary_33,TCGA-E2-A573,1,0.5671908855438232,1.504239559173584,81
hrd_binary_33,TCGA-E9-A1N5,1,0.5939174890518188,1.096804141998291,43
hrd_binary_33,TCGA-E9-A1N9,1,0.9264422059059143,0.32385361194610596,74
hrd_binary_33,TCGA-E9-A1R6,1,0.9030085802078247,0.3647841811180115,39
hrd_binary_33,TCGA-E9-A1RF,1,0.7937309145927429,0.8269881010055542,181
hrd_binary_33,TCGA-E9-A1RG,1,0.9451998472213745,0.22504957020282745,45
hrd_binary_33,TCGA-E9-A22B,1,0.7420501708984375,0.9617463946342468,78
hrd_binary_33,TCGA-E9-A22H,1,0.6833072900772095,0.7342816591262817,30
hrd_binary_33,TCGA-E9-A244,1,0.8276333808898926,0.6358753442764282,134
hrd_binary_33,TCGA-E9-A2JT,1,0.9922952055931091,0.054333314299583435,28
hrd_binary_33,TCGA-E9-A3X8,1,0.9146620035171509,0.3059675395488739,44
hrd_binary_33,TCGA-E9-A5FL,1,0.556449294090271,1.292659044265747,145
hrd_binary_33,TCGA-EW-A1IW,1,0.7818441390991211,0.7380924820899963,131
hrd_binary_33,TCGA-EW-A1IY,1,0.999762237071991,0.002331793773919344,42
hrd_binary_33,TCGA-EW-A1IZ,1,0.3509331941604614,1.8767240047454834,534
hrd_binary_33,TCGA-EW-A1J1,1,0.9903819561004639,0.06472482532262802,25
hrd_binary_33,TCGA-EW-A1OX,1,0.3424549102783203,1.6474701166152954,24
hrd_binary_33,TCGA-EW-A1P1,1,0.4976954460144043,1.016803503036499,3
hrd_binary_33,TCGA-EW-A1P4,1,0.589102029800415,1.306572675704956,83
hrd_binary_33,TCGA-EW-A1PE,1,0.9963207244873047,0.028676271438598633,43
hrd_binary_33,TCGA-EW-A1PH,1,0.9939091205596924,0.04550079256296158,68
hrd_binary_33,TCGA-EW-A2FS,1,0.9005223512649536,0.32403695583343506,50
hrd_binary_33,TCGA-GM-A2DA,1,0.9976037740707397,0.020864147692918777,49
hrd_binary_33,TCGA-GM-A2DD,1,0.5638397932052612,0.7249106168746948,77
hrd_binary_33,TCGA-GM-A2DF,1,0.9998070597648621,0.0021976858843117952,55
hrd_binary_33,TCGA-GM-A2DN,1,0.3966841399669647,1.2725324630737305,28
hrd_binary_33,TCGA-LD-A66U,1,0.579882800579071,1.0679527521133423,49
hrd_binary_33,TCGA-LD-A74U,1,0.47450023889541626,1.6788547039031982,361
hrd_binary_33,TCGA-LL-A5YL,1,0.5317798852920532,0.7544299364089966,97
hrd_binary_33,TCGA-LL-A73Z,1,0.557702362537384,1.0833386182785034,62
hrd_binary_33,TCGA-LL-A8F5,1,0.5924302339553833,1.0526275634765625,217
hrd_binary_33,TCGA-OL-A5D8,1,0.9974396228790283,0.01813621073961258,46
hrd_binary_33,TCGA-OL-A5RV,1,0.9495829939842224,0.23229780793190002,18
hrd_binary_33,TCGA-OL-A6VR,1,0.40771791338920593,1.3574326038360596,40
hrd_binary_33,TCGA-PL-A8LV,1,0.9249173998832703,0.351956307888031,167
hrd_binary_33,TCGA-PL-A8LX,1,0.8710690140724182,0.48442089557647705,53
hrd_binary_33,TCGA-S3-A6ZG,1,0.644711434841156,0.9318585395812988,65
hrd_binary_33,TCGA-S3-AA10,1,0.9556773900985718,0.23435992002487183,231
hrd_binary_33,TCGA-UU-A93S,1,0.5305586457252502,1.517796516418457,241
hrd_binary_33,TCGA-WT-AB41,1,0.9960021376609802,0.02871420793235302,66
hrd_binary_33,TCGA-A1-A0SD,2,0.407955527305603,1.586173415184021,44
hrd_binary_33,TCGA-A1-A0SF,2,0.8606480360031128,0.672663152217865,67
hrd_binary_33,TCGA-A1-A0SQ,2,0.6685742735862732,0.9524239301681519,40
hrd_binary_33,TCGA-A2-A0CT,2,0.862206220626831,0.7224694490432739,126
hrd_binary_33,TCGA-A2-A0CX,2,0.4374060034751892,2.1348965167999268,371
hrd_binary_33,TCGA-A2-A0D1,2,0.5494446754455566,1.17472243309021,79
hrd_binary_33,TCGA-A2-A0EM,2,0.5701751112937927,0.918960452079773,39
hrd_binary_33,TCGA-A2-A0SV,2,0.9245635271072388,0.3341616988182068,51
hrd_binary_33,TCGA-A2-A0SY,2,0.8511760234832764,0.5947405099868774,181
hrd_binary_33,TCGA-A2-A0T2,2,0.44909483194351196,1.600141167640686,43
hrd_binary_33,TCGA-A2-A0YG,2,0.8956599235534668,0.47236621379852295,79
hrd_binary_33,TCGA-A2-A0YH,2,0.6470074653625488,1.0864291191101074,104
hrd_binary_33,TCGA-A7-A0DB,2,0.9742361903190613,0.14994217455387115,60
hrd_binary_33,TCGA-A7-A5ZV,2,0.9251918196678162,0.3988874554634094,280
hrd_binary_33,TCGA-A7-A6VX,2,0.8932573795318604,0.5676217079162598,200
hrd_binary_33,TCGA-A7-A6VY,2,0.6089251637458801,1.1945137977600098,154
hrd_binary_33,TCGA-A8-A06P,2,0.2624809145927429,2.6132986545562744,48
hrd_binary_33,TCGA-A8-A06U,2,0.7661874890327454,0.8548731207847595,98
hrd_binary_33,TCGA-A8-A075,2,0.5287622809410095,1.2723335027694702,111
hrd_binary_33,TCGA-A8-A076,2,0.9988583922386169,0.01068165060132742,99
hrd_binary_33,TCGA-A8-A07I,2,0.9987126588821411,0.013153629377484322,60
hrd_binary_33,TCGA-A8-A07L,2,0.6853575706481934,0.9791741371154785,106
hrd_binary_33,TCGA-A8-A08O,2,0.9800221920013428,0.11853676289319992,33
hrd_binary_33,TCGA-A8-A090,2,0.7719062566757202,0.7004406452178955,50
hrd_binary_33,TCGA-A8-A095,2,0.65889972448349,1.4258575439453125,214
hrd_binary_33,TCGA-A8-A099,2,0.9592885375022888,0.2818782925605774,36
hrd_binary_33,TCGA-A8-A09C,2,0.8260772824287415,0.5735766291618347,47
hrd_binary_33,TCGA-A8-A09N,2,0.39125674962997437,1.6827548742294312,106
hrd_binary_33,TCGA-A8-A09Q,2,0.4521939158439636,1.4972844123840332,202
hrd_binary_33,TCGA-AC-A2FO,2,0.9872817397117615,0.08299177885055542,32
hrd_binary_33,TCGA-AC-A3OD,2,0.5417238473892212,1.5403659343719482,46
hrd_binary_33,TCGA-AC-A5EH,2,0.254138320684433,2.074223756790161,214
hrd_binary_33,TCGA-AC-A6IV,2,0.6351723670959473,0.6680487990379333,33
hrd_binary_33,TCGA-AC-A7VC,2,0.9299403429031372,0.310098797082901,29
hrd_binary_33,TCGA-AC-A8OR,2,0.8570336103439331,0.6382151246070862,94
hrd_binary_33,TCGA-AC-A8OS,2,0.8491036295890808,0.7916598320007324,85
hrd_binary_33,TCGA-AN-A0AT,2,0.8570742607116699,0.6382916569709778,153
hrd_binary_33,TCGA-AN-A0FY,2,0.6417509913444519,1.8877010345458984,65
hrd_binary_33,TCGA-AN-A0XO,2,0.5612683892250061,0.7147203683853149,46
hrd_binary_33,TCGA-AN-A0XR,2,0.626354455947876,0.9401344656944275,42
hrd_binary_33,TCGA-AN-A0XV,2,0.5377103090286255,1.1393721103668213,49
hrd_binary_33,TCGA-AO-A03O,2,0.7861584424972534,0.7065017223358154,103
hrd_binary_33,TCGA-AO-A0J2,2,0.47115179896354675,1.3069192171096802,91
hrd_binary_33,TCGA-AO-A0J4,2,0.9665898680686951,0.19133514165878296,151
hrd_binary_33,TCGA-AO-A0JA,2,0.45122289657592773,1.312527060508728,36
hrd_binary_33,TCGA-AO-A0JI,2,0.685833215713501,0.8959019184112549,24
hrd_binary_33,TCGA-AO-A0JM,2,0.5335297584533691,1.2279599905014038,54
hrd_binary_33,TCGA-AO-A12D,2,0.2970840036869049,3.060493230819702,74
hrd_binary_33,TCGA-AR-A0TR,2,0.8848099708557129,0.38879817724227905,46
hrd_binary_33,TCGA-AR-A0TZ,2,0.8673133850097656,0.5874242186546326,70
hrd_binary_33,TCGA-AR-A0U0,2,0.8742277026176453,0.5039312243461609,55
hrd_binary_33,TCGA-AR-A1AJ,2,0.8679770231246948,0.7240291237831116,57
hrd_binary_33,TCGA-AR-A1AP,2,0.708479642868042,1.043520212173462,55
hrd_binary_33,TCGA-AR-A24L,2,0.6522060632705688,1.0536516904830933,61
hrd_binary_33,TCGA-AR-A24P,2,0.6445824503898621,0.7590367197990417,26
hrd_binary_33,TCGA-AR-A24U,2,0.9231457710266113,0.4615154266357422,49
hrd_binary_33,TCGA-AR-A24V,2,0.7815248370170593,1.1269593238830566,28
hrd_binary_33,TCGA-AR-A24W,2,0.9986735582351685,0.013157373294234276,19
hrd_binary_33,TCGA-AR-A24X,2,0.9991595149040222,0.007481132633984089,38
hrd_binary_33,TCGA-AR-A256,2,0.8847790360450745,0.5880590081214905,245
hrd_binary_33,TCGA-B6-A0IH,2,0.9839345812797546,0.1095387190580368,48
hrd_binary_33,TCGA-B6-A0RH,2,0.8524223566055298,0.6965999007225037,50
hrd_binary_33,TCGA-B6-A0RV,2,0.7059863209724426,1.1347838640213013,68
hrd_binary_33,TCGA-B6-A1KF,2,0.6649397611618042,1.0939196348190308,83
hrd_binary_33,TCGA-B6-A409,2,0.5209797024726868,1.2224220037460327,58
hrd_binary_33,TCGA-BH-A0AU,2,0.9264859557151794,0.37319743633270264,25
hrd_binary_33,TCGA-BH-A0B3,2,0.25890830159187317,2.0351734161376953,114
hrd_binary_33,TCGA-BH-A0BF,2,0.2216644585132599,2.584298610687256,37
hrd_binary_33,TCGA-BH-A0BL,2,0.21856056153774261,2.287001609802246,143
hrd_binary_33,TCGA-BH-A0DE,2,0.4543375074863434,1.1012492179870605,82
hrd_binary_33,TCGA-BH-A0DI,2,0.689026951789856,1.2674424648284912,64
hrd_binary_33,TCGA-BH-A0DQ,2,0.2980705201625824,1.544447898864746,77
hrd_binary_33,TCGA-BH-A0E7,2,0.9332895874977112,0.33534184098243713,52
hrd_binary_33,TCGA-BH-A0HA,2,0.30807897448539734,2.357952117919922,470
hrd_binary_33,TCGA-BH-A0HO,2,0.9853205680847168,0.09509903937578201,29
hrd_binary_33,TCGA-BH-A0WA,2,0.6053656339645386,1.1762913465499878,123
hrd_binary_33,TCGA-BH-A18G,2,0.7061361074447632,1.5356905460357666,1922
hrd_binary_33,TCGA-BH-A18J,2,0.46979695558547974,2.073943614959717,113
hrd_binary_33,TCGA-BH-A18Q,2,0.358643501996994,1.8557311296463013,121
hrd_binary_33,TCGA-BH-A1EV,2,0.8940628170967102,0.43465694785118103,131
hrd_binary_33,TCGA-BH-A1FC,2,0.9020894169807434,0.4719390273094177,135
hrd_binary_33,TCGA-BH-A1FG,2,0.5452151298522949,0.9166053533554077,27
hrd_binary_33,TCGA-BH-A1FM,2,0.9694392681121826,0.20595663785934448,68
hrd_binary_33,TCGA-BH-A1FN,2,0.26794278621673584,2.008896827697754,158
hrd_binary_33,TCGA-BH-A1FU,2,0.6002275943756104,1.0466527938842773,119
hrd_binary_33,TCGA-BH-A201,2,0.9973569512367249,0.02244526892900467,28
hrd_binary_33,TCGA-BH-A208,2,0.9305427670478821,0.31506648659706116,88
hrd_binary_33,TCGA-BH-A8FZ,2,0.4843214750289917,1.5220032930374146,101
hrd_binary_33,TCGA-C8-A12M,2,0.37389782071113586,1.6729779243469238,89
hrd_binary_33,TCGA-C8-A132,2,0.7252126932144165,0.8946731686592102,88
hrd_binary_33,TCGA-C8-A135,2,0.5221185684204102,1.1760586500167847,87
hrd_binary_33,TCGA-C8-A1HE,2,0.9971632957458496,0.02350538782775402,58
hrd_binary_33,TCGA-C8-A1HG,2,0.9475563764572144,0.2734580934047699,75
hrd_binary_33,TCGA-C8-A1HL,2,0.7965577840805054,0.7778043746948242,38
hrd_binary_33,TCGA-C8-A1HM,2,0.3363249897956848,2.1073403358459473,462
hrd_binary_33,TCGA-C8-A26Z,2,0.9371724128723145,0.31241434812545776,62
hrd_binary_33,TCGA-C8-A273,2,0.8509153723716736,0.6393479704856873,28
hrd_binary_33,TCGA-C8-A27A,2,0.26800209283828735,2.72845458984375,41
hrd_binary_33,TCGA-D8-A13Y,2,0.4649685323238373,1.1491811275482178,92
hrd_binary_33,TCGA-D8-A141,2,0.9109914898872375,0.3815380334854126,25
hrd_binary_33,TCGA-D8-A147,2,0.9907795190811157,0.0697937160730362,215
hrd_binary_33,TCGA-D8-A1JP,2,0.45111650228500366,2.101533889770508,148
hrd_binary_33,TCGA-D8-A1X7,2,0.9389981627464294,0.30740484595298767,32
hrd_binary_33,TCGA-D8-A1X8,2,0.5447729229927063,0.9541939496994019,36
hrd_binary_33,TCGA-D8-A1XF,2,0.45990675687789917,1.708628535270691,56
hrd_binary_33,TCGA-D8-A1XT,2,0.24060478806495667,2.543064594268799,48
hrd_binary_33,TCGA-D8-A1XW,2,0.5287625193595886,1.3643254041671753,130
hrd_binary_33,TCGA-D8-A1Y2,2,0.7505661845207214,1.091583251953125,24
hrd_binary_33,TCGA-D8-A27L,2,0.8467519283294678,0.669094443321228,58
hrd_binary_33,TCGA-D8-A27P,2,0.8501406311988831,0.44292107224464417,34
hrd_binary_33,TCGA-D8-A73U,2,0.8456504940986633,0.7363624572753906,216
hrd_binary_33,TCGA-E2-A10C,2,0.763937771320343,0.9773369431495667,523
hrd_binary_33,TCGA-E2-A14Z,2,0.29796692728996277,1.739305019378662,102
hrd_binary_33,TCGA-E2-A15E,2,0.08361801505088806,3.7293970584869385,84
hrd_binary_33,TCGA-E2-A15I,2,0.3024335503578186,2.1035022735595703,95
hrd_binary_33,TCGA-E2-A15J,2,0.37615975737571716,1.7032232284545898,27
hrd_binary_33,TCGA-E2-A15M,2,0.4113636314868927,1.237344741821289,226
hrd_binary_33,TCGA-E2-A15O,2,0.951206624507904,0.23057107627391815,38
hrd_binary_33,TCGA-E2-A1B5,2,0.3464100658893585,2.1535112857818604,101
hrd_binary_33,TCGA-E2-A1BC,2,0.3067225515842438,1.794625163078308,97
hrd_binary_33,TCGA-E2-A1IJ,2,0.99977046251297,0.0026907927822321653,23
hrd_binary_33,TCGA-E2-A1IL,2,0.21385151147842407,2.808431386947632,38
hrd_binary_33,TCGA-E2-A1IO,2,0.8259506821632385,0.6733630895614624,17
hrd_binary_33,TCGA-E2-A1IU,2,0.9710935354232788,0.21451744437217712,36
hrd_binary_33,TCGA-E9-A1NE,2,0.9914516806602478,0.05492278188467026,63
hrd_binary_33,TCGA-E9-A1R0,2,0.9128334522247314,0.40599319338798523,38
hrd_binary_33,TCGA-E9-A1R3,2,0.9567844271659851,0.19533586502075195,28
hrd_binary_33,TCGA-E9-A1RA,2,0.88541579246521,0.5826517343521118,27
hrd_binary_33,TCGA-E9-A1RE,2,0.24121445417404175,3.124856472015381,68
hrd_binary_33,TCGA-E9-A226,2,0.716365396976471,0.8354777097702026,87
hrd_binary_33,TCGA-E9-A22D,2,0.5535550713539124,1.3841643333435059,44
hrd_binary_33,TCGA-E9-A22G,2,0.6096946597099304,1.2503609657287598,128
hrd_binary_33,TCGA-E9-A245,2,0.8950587511062622,0.37777379155158997,26
hrd_binary_33,TCGA-EW-A1OV,2,0.5620521903038025,1.088675618171692,144
hrd_binary_33,TCGA-EW-A1P0,2,0.21683423221111298,2.2704527378082275,29
hrd_binary_33,TCGA-EW-A1P6,2,0.966840922832489,0.18362785875797272,29
hrd_binary_33,TCGA-EW-A1PB,2,0.9235230088233948,0.40152329206466675,192
hrd_binary_33,TCGA-EW-A2FV,2,0.419616162776947,2.9314825534820557,4232
hrd_binary_33,TCGA-EW-A6SC,2,0.8949773907661438,0.5835549235343933,47
hrd_binary_33,TCGA-GM-A2DM,2,0.6830192804336548,1.2006006240844727,28
hrd_binary_33,TCGA-GM-A5PX,2,0.99944669008255,0.006280500907450914,44
hrd_binary_33,TCGA-HN-A2NL,2,0.8304555416107178,0.5983409881591797,102
hrd_binary_33,TCGA-LL-A7SZ,2,0.953822672367096,0.2433028221130371,130
hrd_binary_33,TCGA-LL-A9Q3,2,0.6844556927680969,1.1022696495056152,75
hrd_binary_33,TCGA-OL-A66J,2,0.9344807267189026,0.3183988332748413,72
hrd_binary_33,TCGA-OL-A66K,2,0.9786966443061829,0.11102443933486938,54
hrd_binary_33,TCGA-OL-A66L,2,0.28763559460639954,2.4138259887695312,98
hrd_binary_33,TCGA-OL-A66N,2,0.4059569239616394,1.3281357288360596,62
hrd_binary_33,TCGA-OL-A97C,2,0.6331315040588379,1.1360437870025635,96
hrd_binary_33,TCGA-S3-AA0Z,2,0.8112135529518127,0.6601013541221619,80
hrd_binary_33,TCGA-S3-AA12,2,0.5302048325538635,1.2184261083602905,72
hrd_binary_33,TCGA-W8-A86G,2,0.9831290245056152,0.11293894052505493,39
hrd_binary_33,TCGA-WT-AB44,2,0.6072767376899719,1.1697218418121338,66
hrd_binary_33,TCGA-XX-A899,2,0.46287834644317627,1.1378275156021118,130
hrd_binary_33,TCGA-Z7-A8R6,2,0.48898106813430786,1.026929259300232,117
hrd_binary_33,TCGA-5L-AAT0,3,0.9999997615814209,4.747232651425293e-06,282
hrd_binary_33,TCGA-A1-A0SJ,3,0.9993825554847717,0.005182597320526838,42
hrd_binary_33,TCGA-A1-A0SK,3,0.9998964667320251,0.0010542881209403276,88
hrd_binary_33,TCGA-A1-A0SO,3,1.0,9.203312600902791e-08,386
hrd_binary_33,TCGA-A2-A04T,3,1.0,5.807631850984762e-07,127
hrd_binary_33,TCGA-A2-A0CM,3,0.9170671701431274,0.32071173191070557,76
hrd_binary_33,TCGA-A2-A0CR,3,0.9996418356895447,0.0036417474038898945,221
hrd_binary_33,TCGA-A2-A0D4,3,0.9999998211860657,3.702592493937118e-06,48
hrd_binary_33,TCGA-A2-A0EV,3,0.818707287311554,0.6286579370498657,83
hrd_binary_33,TCGA-A2-A0T0,3,0.5091423392295837,1.2533360719680786,239
hrd_binary_33,TCGA-A2-A0T1,3,0.7219922542572021,0.7205306887626648,35
hrd_binary_33,TCGA-A2-A0T3,3,0.8769903182983398,0.377010315656662,48
hrd_binary_33,TCGA-A2-A0T4,3,1.0,1.173954267130739e-10,45
hrd_binary_33,TCGA-A2-A0YM,3,0.6841717958450317,1.3143572807312012,115
hrd_binary_33,TCGA-A2-A1G4,3,0.940839946269989,0.2959733307361603,45
hrd_binary_33,TCGA-A2-A4S1,3,0.9907762408256531,0.06804926693439484,106
hrd_binary_33,TCGA-A7-A0CG,3,1.0,7.609872199054735e-08,78
hrd_binary_33,TCGA-A7-A0CH,3,0.4999849796295166,0.6934701204299927,80
hrd_binary_33,TCGA-A7-A0D9,3,0.5,0.6931471824645996,63
hrd_binary_33,TCGA-A7-A26E,3,0.6605483889579773,1.0682445764541626,71
hrd_binary_33,TCGA-A7-A26J,3,0.9999996423721313,5.458356099552475e-06,52
hrd_binary_33,TCGA-A7-A56D,3,0.33330103754997253,1.7683110237121582,472
hrd_binary_33,TCGA-A7-A6VW,3,0.9999936819076538,8.219053415814415e-05,100
hrd_binary_33,TCGA-A8-A06X,3,0.997087836265564,0.01991170272231102,275
hrd_binary_33,TCGA-A8-A07B,3,0.9999974370002747,3.804902735282667e-05,93
hrd_binary_33,TCGA-A8-A081,3,0.8994849920272827,0.3734968900680542,161
hrd_binary_33,TCGA-A8-A083,3,0.5470935702323914,0.6887058615684509,32
hrd_binary_33,TCGA-A8-A08L,3,1.0,3.7631084359723843e-10,284
hrd_binary_33,TCGA-A8-A08T,3,0.9964884519577026,0.02346886694431305,61
hrd_binary_33,TCGA-A8-A097,3,1.0,8.428068457705645e-15,136
hrd_binary_33,TCGA-A8-A09G,3,0.9999997019767761,5.991017587803071e-06,363
hrd_binary_33,TCGA-A8-A0AB,3,1.0,6.986943575787441e-13,43
hrd_binary_33,TCGA-AC-A5XU,3,0.9999983310699463,2.507421413611155e-05,119
hrd_binary_33,TCGA-AC-A6NO,3,0.9967945218086243,0.02616879902780056,51
hrd_binary_33,TCGA-AN-A041,3,0.7560459971427917,1.035603404045105,43
hrd_binary_33,TCGA-AN-A0AM,3,0.9989012479782104,0.008584462106227875,128
hrd_binary_33,TCGA-AN-A0FK,3,1.0,1.731002612359589e-07,60
hrd_binary_33,TCGA-AN-A0FS,3,0.9972058534622192,0.021401412785053253,96
hrd_binary_33,TCGA-AN-A0FX,3,0.7577776312828064,0.5538594722747803,164
hrd_binary_33,TCGA-AN-A0FZ,3,0.8224160671234131,0.736026406288147,97
hrd_binary_33,TCGA-AN-A0XN,3,0.995527446269989,0.028930949047207832,193
hrd_binary_33,TCGA-AO-A0J6,3,1.0,9.313705355047533e-16,147
hrd_binary_33,TCGA-AO-A0J9,3,0.9472836852073669,0.3312265872955322,170
hrd_binary_33,TCGA-AO-A1KT,3,1.0,3.512837243313527e-11,56
hrd_binary_33,TCGA-AQ-A04H,3,1.0,2.1636831215587904e-10,87
hrd_binary_33,TCGA-AQ-A04J,3,0.998993992805481,0.00823917891830206,106
hrd_binary_33,TCGA-AR-A0TS,3,0.9782989025115967,0.14375904202461243,100
hrd_binary_33,TCGA-AR-A0TV,3,1.0,5.254149545996789e-12,83
hrd_binary_33,TCGA-AR-A0TX,3,0.437018483877182,1.8400195837020874,414
hrd_binary_33,TCGA-AR-A1AI,3,0.8223572373390198,0.5350651144981384,92
hrd_binary_33,TCGA-AR-A1AW,3,0.9484437108039856,0.27343761920928955,44
hrd_binary_33,TCGA-AR-A1AX,3,1.0,1.6890158605065153e-08,36
hrd_binary_33,TCGA-AR-A1AY,3,0.9999996423721313,5.913727363804355e-06,79
hrd_binary_33,TCGA-AR-A24N,3,0.812386155128479,0.7789853811264038,49
hrd_binary_33,TCGA-AR-A252,3,0.999883770942688,0.0013281891588121653,19
hrd_binary_33,TCGA-AR-A2LN,3,0.9999990463256836,1.4027316865394823e-05,61
hrd_binary_33,TCGA-AR-A2LQ,3,0.6139039397239685,1.1493606567382812,16
hrd_binary_33,TCGA-AR-A5QQ,3,0.6438149809837341,0.9935287833213806,106
hrd_binary_33,TCGA-B6-A0I5,3,0.5045034289360046,1.431685209274292,35
hrd_binary_33,TCGA-B6-A0IE,3,0.33735623955726624,1.5582246780395508,44
hrd_binary_33,TCGA-B6-A0RN,3,0.9999879002571106,0.00017204496543854475,38
hrd_binary_33,TCGA-B6-A0RP,3,0.8953924179077148,0.36154788732528687,31
hrd_binary_33,TCGA-B6-A0RS,3,0.9881742000579834,0.07652100175619125,205
hrd_binary_33,TCGA-B6-A0RU,3,0.8915545344352722,0.3500722646713257,65
hrd_binary_33,TCGA-B6-A0WS,3,1.0,4.7367205979753635e-07,20
hrd_binary_33,TCGA-B6-A0WZ,3,1.0,4.106879032406141e-07,97
hrd_binary_33,TCGA-BH-A0BC,3,0.49999645352363586,0.693247377872467,92
hrd_binary_33,TCGA-BH-A0BJ,3,0.19588789343833923,2.0774571895599365,75
hrd_binary_33,TCGA-BH-A0BR,3,0.985646665096283,0.10200449079275131,78
hrd_binary_33,TCGA-BH-A0DG,3,0.8259959816932678,0.5130804181098938,48
hrd_binary_33,TCGA-BH-A0DH,3,0.4999944269657135,0.6932857632637024,105
hrd_binary_33,TCGA-BH-A0DL,3,0.5,0.6931471824645996,135
hrd_binary_33,TCGA-BH-A0DX,3,0.9968288540840149,0.028287000954151154,79
hrd_binary_33,TCGA-BH-A0E0,3,0.4067141115665436,1.4649425745010376,93
hrd_binary_33,TCGA-BH-A0EB,3,0.9064868092536926,0.4542829990386963,62
hrd_binary_33,TCGA-BH-A0GY,3,0.9690910577774048,0.1378890872001648,48
hrd_binary_33,TCGA-BH-A18K,3,0.9152588844299316,0.2925468385219574,77
hrd_binary_33,TCGA-BH-A18T,3,0.9977228045463562,0.016270417720079422,111
hrd_binary_33,TCGA-BH-A1EY,3,1.0,4.6083224042314797e-11,58
hrd_binary_33,TCGA-BH-A1FJ,3,0.9644291400909424,0.18201801180839539,48
hrd_binary_33,TCGA-BH-A209,3,1.0,7.562023923712857e-11,133
hrd_binary_33,TCGA-BH-A2L8,3,0.2786428928375244,2.543689250946045,637
hrd_binary_33,TCGA-BH-A6R8,3,0.7797277569770813,0.5301946997642517,44
hrd_binary_33,TCGA-BH-A6R9,3,0.9324519038200378,0.2472686618566513,32
hrd_binary_33,TCGA-C8-A12N,3,0.9994150400161743,0.005556621588766575,33
hrd_binary_33,TCGA-C8-A12O,3,0.8198803067207336,0.488525390625,52
hrd_binary_33,TCGA-C8-A12P,3,1.0,1.4443898521676601e-07,210
hrd_binary_33,TCGA-C8-A12Q,3,0.7891184687614441,0.5898725390434265,146
hrd_binary_33,TCGA-C8-A12W,3,0.9999943375587463,7.429566176142544e-05,83
hrd_binary_33,TCGA-C8-A12Y,3,0.9995958805084229,0.0036979052238166332,52
hrd_binary_33,TCGA-C8-A131,3,1.0,7.45880896109441e-13,84
hrd_binary_33,TCGA-C8-A133,3,1.0,7.996586504077641e-08,36
hrd_binary_33,TCGA-C8-A1HK,3,1.0,9.794332601626831e-15,76
hrd_binary_33,TCGA-C8-A26V,3,0.3957552909851074,1.4558300971984863,99
hrd_binary_33,TCGA-C8-A26W,3,0.6493274569511414,0.7529476881027222,73
hrd_binary_33,TCGA-C8-A26Y,3,0.999312162399292,0.005696490406990051,942
hrd_binary_33,TCGA-C8-A275,3,0.999951183795929,0.0005792377050966024,146
hrd_binary_33,TCGA-C8-A8HQ,3,0.870441198348999,0.4233303368091583,379
hrd_binary_33,TCGA-D8-A143,3,1.0,8.038773465106328e-17,70
hrd_binary_33,TCGA-D8-A1J9,3,1.0,7.09555417893748e-12,280
hrd_binary_33,TCGA-D8-A1JU,3,0.9999469518661499,0.0006144829094409943,21
hrd_binary_33,TCGA-D8-A1XJ,3,0.9999998807907104,2.0181864783808123e-06,121
hrd_binary_33,TCGA-D8-A1XL,3,1.0,4.9546070778018134e-14,118
hrd_binary_33,TCGA-D8-A1XQ,3,0.6447121500968933,0.9156287908554077,1180
hrd_binary_33,TCGA-D8-A1XV,3,1.0,5.528558166822961e-11,38
hrd_binary_33,TCGA-D8-A27H,3,0.9999989867210388,1.5078366232046392e-05,172
hrd_binary_33,TCGA-D8-A27K,3,0.6914855241775513,0.9256749749183655,27
hrd_binary_33,TCGA-D8-A27M,3,0.9998615384101868,0.0013688181061297655,101
hrd_binary_33,TCGA-D8-A27N,3,0.9849799275398254,0.11376821994781494,64
hrd_binary_33,TCGA-D8-A3Z6,3,0.9967855215072632,0.022682318463921547,44
hrd_binary_33,TCGA-D8-A4Z1,3,0.74750155210495,1.0768632888793945,47
hrd_binary_33,TCGA-E2-A10A,3,0.9902160167694092,0.05500864237546921,36
hrd_binary_33,TCGA-E2-A14O,3,0.7819152474403381,0.828761875629425,40
hrd_binary_33,TCGA-E2-A14Q,3,0.920291006565094,0.34517601132392883,44
hrd_binary_33,TCGA-E2-A156,3,0.7161628603935242,0.6968819499015808,32
hrd_binary_33,TCGA-E2-A15A,3,0.47981277108192444,0.8755539655685425,109
hrd_binary_33,TCGA-E2-A1B4,3,0.5975489616394043,1.2834529876708984,44
hrd_binary_33,TCGA-E2-A1L8,3,0.7105394601821899,0.6027977466583252,42
hrd_binary_33,TCGA-E2-A1LA,3,0.9999995231628418,7.427167474816088e-06,115
hrd_binary_33,TCGA-E2-A1LG,3,0.9995757937431335,0.004121394362300634,222
hrd_binary_33,TCGA-E2-A1LH,3,1.0,3.6351411836221814e-07,243
hrd_binary_33,TCGA-E2-A56Z,3,0.6931152939796448,0.9265068173408508,65
hrd_binary_33,TCGA-E9-A1ND,3,0.3569178879261017,2.1835594177246094,113
hrd_binary_33,TCGA-E9-A1NG,3,0.4695684313774109,0.9446384906768799,24
hrd_binary_33,TCGA-E9-A1NI,3,0.9999037981033325,0.0010218718089163303,43
hrd_binary_33,TCGA-E9-A1R5,3,0.9663796424865723,0.14739134907722473,58
hrd_binary_33,TCGA-E9-A1RC,3,0.3721894323825836,1.2941081523895264,59
hrd_binary_33,TCGA-E9-A1RH,3,1.0,6.907274752165904e-10,122
hrd_binary_33,TCGA-E9-A228,3,0.9996424913406372,0.003538762452080846,56
hrd_binary_33,TCGA-E9-A229,3,0.7867720723152161,0.6639767289161682,35
hrd_binary_33,TCGA-E9-A22A,3,0.7205212116241455,0.6055509448051453,39
hrd_binary_33,TCGA-E9-A22E,3,0.5014383792877197,1.370542049407959,158
hrd_binary_33,TCGA-E9-A247,3,1.0,1.8471248836027243e-12,53
hrd_binary_33,TCGA-E9-A248,3,0.8323137760162354,0.7194164991378784,36
hrd_binary_33,TCGA-E9-A295,3,0.5939949154853821,0.9797195196151733,119
hrd_binary_33,TCGA-E9-A5UO,3,0.6412046551704407,1.0453195571899414,46
hrd_binary_33,TCGA-EW-A1OZ,3,0.7419543862342834,0.629011332988739,79
hrd_binary_33,TCGA-EW-A1P7,3,0.3617389500141144,1.4030365943908691,29
hrd_binary_33,TCGA-EW-A1P8,3,1.0,3.2092196988742216e-07,42
hrd_binary_33,TCGA-GM-A2DK,3,0.5515221953392029,1.5237295627593994,38
hrd_binary_33,TCGA-HN-A2OB,3,0.9999768137931824,0.00027442368445917964,26
hrd_binary_33,TCGA-LD-A7W6,3,1.0,2.0265562773909285e-13,51
hrd_binary_33,TCGA-LL-A6FQ,3,0.8183250427246094,0.6728470921516418,73
hrd_binary_33,TCGA-LL-A6FR,3,0.7606506943702698,0.5503287315368652,73
hrd_binary_33,TCGA-OL-A5D6,3,0.9376766681671143,0.23683331906795502,62
hrd_binary_33,TCGA-OL-A5DA,3,0.9860954880714417,0.09291798621416092,118
hrd_binary_33,TCGA-OL-A5RX,3,0.9858761429786682,0.07450860738754272,39
hrd_binary_33,TCGA-OL-A5RY,3,1.0,3.801252645985187e-08,17
hrd_binary_33,TCGA-OL-A66O,3,0.9522351622581482,0.2786419093608856,45
hrd_binary_33,TCGA-OL-A6VO,3,0.5544469356536865,0.6876832246780396,62
hrd_binary_33,TCGA-OL-A6VQ,3,1.0,4.320988011841109e-08,137
hrd_binary_33,TCGA-S3-AA11,3,0.9999972581863403,3.9740665670251474e-05,110
hrd_binary_33,TCGA-S3-AA14,3,0.7818398475646973,0.8200058341026306,27
hrd_binary_33,TCGA-V7-A7HQ,3,0.9900752305984497,0.05673184618353844,35
hrd_binary_33,TCGA-A1-A0SE,4,0.07398984581232071,3.511122941970825,39
hrd_binary_33,TCGA-A2-A04P,4,0.03132595866918564,5.022622585296631,180
hrd_binary_33,TCGA-A2-A04R,4,0.04519205167889595,4.485142230987549,109
hrd_binary_33,TCGA-A2-A0D3,4,0.05767124146223068,3.5088887214660645,39
hrd_binary_33,TCGA-A2-A0EN,4,0.06651443243026733,3.592609167098999,43
hrd_binary_33,TCGA-A2-A0ES,4,0.08456791937351227,3.0226213932037354,22
hrd_binary_33,TCGA-A2-A0EW,4,0.14784583449363708,2.890512466430664,21
hrd_binary_33,TCGA-A2-A0EX,4,0.0706007182598114,3.451667070388794,35
hrd_binary_33,TCGA-A2-A0EY,4,0.010577884502708912,5.559369087219238,299
hrd_binary_33,TCGA-A2-A0SU,4,0.0521690808236599,3.6659984588623047,43
hrd_binary_33,TCGA-A2-A0T7,4,0.06989780813455582,3.3612589836120605,33
hrd_binary_33,TCGA-A2-A0YF,4,0.046157386153936386,3.7722270488739014,49
hrd_binary_33,TCGA-A2-A0YJ,4,0.05230265483260155,4.427454471588135,101
hrd_binary_33,TCGA-A2-A0YK,4,0.006927523296326399,6.0698370933532715,489
hrd_binary_33,TCGA-A2-A0YL,4,0.06281736493110657,3.769686460494995,50
hrd_binary_33,TCGA-A2-A1FV,4,0.045478541404008865,3.894820213317871,57
hrd_binary_33,TCGA-A2-A1G1,4,0.10697926580905914,3.6297013759613037,46
hrd_binary_33,TCGA-A2-A25D,4,0.07071372866630554,4.065652370452881,72
hrd_binary_33,TCGA-A2-A3KD,4,0.12735497951507568,2.6860220432281494,18
hrd_binary_33,TCGA-A2-A3Y0,4,0.019783515483140945,5.406955718994141,252
hrd_binary_33,TCGA-A7-A13D,4,0.036910127848386765,4.915908336639404,158
hrd_binary_33,TCGA-A7-A13E,4,0.06351188570261002,4.82585334777832,156
hrd_binary_33,TCGA-A7-A26I,4,0.052846699953079224,3.7206289768218994,47
hrd_binary_33,TCGA-A7-A4SE,4,0.01091473363339901,5.644642353057861,321
hrd_binary_33,TCGA-A7-A5ZX,4,0.033817093819379807,4.415728569030762,96
hrd_binary_33,TCGA-A8-A07J,4,0.06107531860470772,3.8268895149230957,54
hrd_binary_33,TCGA-A8-A07P,4,0.04617432504892349,4.095652103424072,69
hrd_binary_33,TCGA-A8-A07W,4,0.014855632558465004,5.10511589050293,186
hrd_binary_33,TCGA-A8-A08G,4,0.04678076133131981,3.947777509689331,62
hrd_binary_33,TCGA-A8-A08H,4,0.02147931419312954,5.038693904876709,178
hrd_binary_33,TCGA-A8-A091,4,0.09273125231266022,3.246129274368286,29
hrd_binary_33,TCGA-A8-A09B,4,0.06859114021062851,3.8578200340270996,60
hrd_binary_33,TCGA-A8-A09Z,4,0.0029887601267546415,7.308553218841553,1720
hrd_binary_33,TCGA-A8-A0A2,4,0.0617702379822731,3.8914847373962402,57
hrd_binary_33,TCGA-A8-A0A6,4,0.05766361206769943,3.6022427082061768,43
hrd_binary_33,TCGA-AC-A23C,4,0.01990399695932865,4.925116062164307,153
hrd_binary_33,TCGA-AC-A23H,4,0.0010321250883862376,8.402850151062012,5000
hrd_binary_33,TCGA-AC-A2FG,4,0.08002462983131409,3.5758161544799805,42
hrd_binary_33,TCGA-AC-A2QH,4,0.08055155724287033,3.4469642639160156,37
hrd_binary_33,TCGA-AC-A5XS,4,0.0032274292316287756,7.1375017166137695,1454
hrd_binary_33,TCGA-AC-A62Y,4,0.030936237424612045,4.391918659210205,95
hrd_binary_33,TCGA-AN-A049,4,0.06445952504873276,3.6082699298858643,41
hrd_binary_33,TCGA-AN-A0FV,4,0.034073106944561005,4.620190620422363,121
hrd_binary_33,TCGA-AN-A0XW,4,0.010374942794442177,5.943305969238281,429
hrd_binary_33,TCGA-AO-A03T,4,0.025137219578027725,4.739265441894531,131
hrd_binary_33,TCGA-AO-A03V,4,0.043654777109622955,4.147217273712158,74
hrd_binary_33,TCGA-AO-A0J8,4,0.06469730287790298,3.482363700866699,37
hrd_binary_33,TCGA-AO-A0JB,4,0.02060115896165371,4.8213911056518555,141
hrd_binary_33,TCGA-AO-A0JE,4,0.06789321452379227,3.948788642883301,61
hrd_binary_33,TCGA-AO-A0JF,4,0.05186253786087036,3.5203850269317627,37
hrd_binary_33,TCGA-AO-A0JG,4,0.14524951577186584,2.9219412803649902,22
hrd_binary_33,TCGA-AO-A124,4,0.03134838864207268,5.089948654174805,194
hrd_binary_33,TCGA-AO-A12H,4,0.10519520193338394,3.3547418117523193,33
hrd_binary_33,TCGA-AQ-A1H3,4,0.05887981131672859,3.408698558807373,33
hrd_binary_33,TCGA-AR-A1AU,4,0.1650034487247467,2.9938700199127197,27
hrd_binary_33,TCGA-AR-A24O,4,0.13142287731170654,3.1202280521392822,27
hrd_binary_33,TCGA-AR-A24Q,4,0.018272779881954193,5.348235607147217,244
hrd_binary_33,TCGA-AR-A5QN,4,0.05772342160344124,3.9092042446136475,59
hrd_binary_33,TCGA-B6-A0I2,4,0.05870208516716957,4.235665798187256,80
hrd_binary_33,TCGA-B6-A0RE,4,0.020528240129351616,5.214946746826172,211
hrd_binary_33,TCGA-B6-A0WW,4,0.07887103408575058,3.7869768142700195,52
hrd_binary_33,TCGA-B6-A2IU,4,0.06571447104215622,3.880765438079834,56
hrd_binary_33,TCGA-B6-A40C,4,0.06425094604492188,3.8492274284362793,57
hrd_binary_33,TCGA-BH-A0AZ,4,0.03777148574590683,4.264614105224609,80
hrd_binary_33,TCGA-BH-A0B7,4,0.030833952128887177,4.437223434448242,97
hrd_binary_33,TCGA-BH-A0B9,4,0.06457202136516571,3.699117660522461,46
hrd_binary_33,TCGA-BH-A0BA,4,0.02720094844698906,4.55181884765625,110
hrd_binary_33,TCGA-BH-A0BP,4,0.018946541473269463,5.211586952209473,206
hrd_binary_33,TCGA-BH-A0BZ,4,0.014675122685730457,5.639917373657227,331
hrd_binary_33,TCGA-BH-A0C7,4,0.035013265907764435,4.088076114654541,66
hrd_binary_33,TCGA-BH-A0H6,4,0.0929301306605339,3.268235683441162,30
hrd_binary_33,TCGA-BH-A0HK,4,0.011600939556956291,5.537056922912598,289
hrd_binary_33,TCGA-BH-A0HP,4,0.010540816932916641,5.766844749450684,364
hrd_binary_33,TCGA-BH-A0HU,4,0.0722079798579216,3.748652935028076,50
hrd_binary_33,TCGA-BH-A0W4,4,0.09981012344360352,3.57474946975708,43
hrd_binary_33,TCGA-BH-A18I,4,0.06001069396734238,3.5160880088806152,37
hrd_binary_33,TCGA-BH-A18M,4,0.09493047744035721,2.969998836517334,22
hrd_binary_33,TCGA-BH-A18P,4,0.0087440125644207,5.960620403289795,446
hrd_binary_33,TCGA-BH-A18R,4,0.05822818726301193,3.6943857669830322,45
hrd_binary_33,TCGA-BH-A18U,4,0.030938969925045967,5.062155723571777,188
hrd_binary_33,TCGA-BH-A1EO,4,0.04089321568608284,3.8595309257507324,53
hrd_binary_33,TCGA-BH-A1ET,4,0.10262113064527512,3.481773614883423,38
hrd_binary_33,TCGA-BH-A1EX,4,0.11564675718545914,3.3589794635772705,35
hrd_binary_33,TCGA-BH-A1F0,4,0.07117664813995361,4.4200873374938965,101
hrd_binary_33,TCGA-BH-A1FE,4,0.10370036214590073,3.2146494388580322,29
hrd_binary_33,TCGA-BH-A203,4,0.027755998075008392,4.548791885375977,106
hrd_binary_33,TCGA-BH-A8FY,4,0.05408553034067154,3.991607427597046,64
hrd_binary_33,TCGA-BH-A8G0,4,0.13109320402145386,2.860924243927002,21
hrd_binary_33,TCGA-BH-AB28,4,0.02085801027715206,4.514208793640137,101
hrd_binary_33,TCGA-C8-A12L,4,0.040211305022239685,4.473466396331787,102
hrd_binary_33,TCGA-C8-A12U,4,0.09433963894844055,3.977186679840088,65
hrd_binary_33,TCGA-C8-A130,4,0.043781477957963943,3.935299873352051,58
hrd_binary_33,TCGA-C8-A278,4,0.04304332286119461,3.9013781547546387,57
hrd_binary_33,TCGA-C8-A8HP,4,0.01220498513430357,5.494492530822754,276
hrd_binary_33,TCGA-D8-A1J8,4,0.007013979367911816,6.807138919830322,1045
hrd_binary_33,TCGA-D8-A1JA,4,0.004070585127919912,6.959677219390869,1201
hrd_binary_33,TCGA-D8-A1JC,4,0.02168523147702217,4.696486473083496,126
hrd_binary_33,TCGA-D8-A1JG,4,0.020603720098733902,5.08790397644043,185
hrd_binary_33,TCGA-D8-A1JL,4,0.02706337533891201,4.762142181396484,136
hrd_binary_33,TCGA-D8-A1JN,4,0.019277893006801605,5.203890800476074,213
hrd_binary_33,TCGA-D8-A1XM,4,0.057175278663635254,4.059003829956055,68
hrd_binary_33,TCGA-D8-A1XR,4,0.07041539996862411,3.453819751739502,37
hrd_binary_33,TCGA-D8-A1XZ,4,0.025015488266944885,4.526508331298828,105
hrd_binary_33,TCGA-D8-A1Y1,4,0.01652880199253559,5.5213189125061035,292
hrd_binary_33,TCGA-D8-A27E,4,0.2118067890405655,2.3899879455566406,14
hrd_binary_33,TCGA-D8-A73W,4,0.04042094945907593,3.9394824504852295,58
hrd_binary_33,TCGA-D8-A73X,4,0.07083015888929367,3.9086267948150635,58
hrd_binary_33,TCGA-E2-A14T,4,0.04226567596197128,3.7866523265838623,50
hrd_binary_33,TCGA-E2-A14X,4,0.06304667890071869,3.5827996730804443,44
hrd_binary_33,TCGA-E2-A152,4,0.017700355499982834,5.022815704345703,175
hrd_binary_33,TCGA-E2-A158,4,0.02451189234852791,4.7281036376953125,133
hrd_binary_33,TCGA-E2-A159,4,0.022537270560860634,5.171929359436035,203
hrd_binary_33,TCGA-E2-A15D,4,0.06178172677755356,3.551879405975342,40
hrd_binary_33,TCGA-E2-A15H,4,0.05683571472764015,3.5214996337890625,38
hrd_binary_33,TCGA-E2-A15K,4,0.017702123150229454,5.22837495803833,214
hrd_binary_33,TCGA-E2-A1AZ,4,0.03916170448064804,4.2571635246276855,84
hrd_binary_33,TCGA-E2-A1B0,4,0.04641193896532059,3.9684507846832275,63
hrd_binary_33,TCGA-E2-A1IE,4,0.08609910309314728,3.299666166305542,31
hrd_binary_33,TCGA-E2-A1IF,4,0.14989949762821198,3.0670266151428223,26
hrd_binary_33,TCGA-E2-A1IG,4,0.037254802882671356,4.044683456420898,65
hrd_binary_33,TCGA-E2-A1IH,4,0.03752007707953453,4.338413715362549,89
hrd_binary_33,TCGA-E2-A1L6,4,0.08569227904081345,3.303739547729492,31
hrd_binary_33,TCGA-E2-A1L9,4,0.0644151121377945,3.3899362087249756,33
hrd_binary_33,TCGA-E2-A576,4,0.03662757948040962,4.227094650268555,79
hrd_binary_33,TCGA-E2-A9RU,4,0.02989341877400875,4.584174633026123,115
hrd_binary_33,TCGA-E9-A1N3,4,0.06281629204750061,3.3746790885925293,32
hrd_binary_33,TCGA-E9-A1NC,4,0.04938341677188873,4.379546165466309,94
hrd_binary_33,TCGA-E9-A1NH,4,0.0654759556055069,3.591057777404785,42
hrd_binary_33,TCGA-E9-A1R7,4,0.06147107109427452,4.041339874267578,65
hrd_binary_33,TCGA-E9-A1RB,4,0.07325561344623566,3.615311622619629,43
hrd_binary_33,TCGA-E9-A1RD,4,0.06865145266056061,3.18741774559021,27
hrd_binary_33,TCGA-E9-A227,4,0.10935892164707184,2.9659810066223145,23
hrd_binary_33,TCGA-E9-A243,4,0.040984462946653366,4.377355098724365,95
hrd_binary_33,TCGA-E9-A24A,4,0.08866710960865021,3.0854763984680176,25
hrd_binary_33,TCGA-E9-A2JS,4,0.02677236869931221,4.463643550872803,98
hrd_binary_33,TCGA-EW-A1P5,4,0.20563681423664093,2.8934648036956787,24
hrd_binary_33,TCGA-EW-A1PA,4,0.047865793108940125,3.7303078174591064,46
hrd_binary_33,TCGA-EW-A6SB,4,0.04286349564790726,4.3776936531066895,92
hrd_binary_33,TCGA-GM-A2DC,4,0.0713765099644661,3.3581666946411133,32
hrd_binary_33,TCGA-GM-A2DH,4,0.023511776700615883,5.325376987457275,242
hrd_binary_33,TCGA-GM-A2DL,4,0.060532987117767334,3.859434127807617,56
hrd_binary_33,TCGA-GM-A3NW,4,0.026424644514918327,4.473082542419434,100
hrd_binary_33,TCGA-LL-A50Y,4,0.04869034141302109,3.8139703273773193,50
hrd_binary_33,TCGA-LL-A5YM,4,0.05265282094478607,3.698014259338379,46
hrd_binary_33,TCGA-LL-A5YP,4,0.04537677764892578,4.544158458709717,110
hrd_binary_33,TCGA-LL-A73Y,4,0.01978250779211521,5.159832954406738,199
hrd_binary_33,TCGA-LL-A7T0,4,0.03775210678577423,4.269432067871094,81
hrd_binary_33,TCGA-OK-A5Q2,4,0.06002669036388397,3.6592020988464355,44
hrd_binary_33,TCGA-OL-A5RU,4,0.06566394865512848,3.7239487171173096,50
hrd_binary_33,TCGA-OL-A5RW,4,0.019378522410988808,5.421818733215332,261
hrd_binary_33,TCGA-OL-A66P,4,0.019968021661043167,4.846640586853027,143
hrd_binary_33,TCGA-PE-A5DE,4,0.005868308711796999,6.412934303283691,704
hrd_binary_33,TCGA-S3-A6ZF,4,0.0418153814971447,3.9816136360168457,60
hrd_binary_33,TCGA-S3-AA17,4,0.021258467808365822,4.9224395751953125,161
hrd_binary_33,TCGA-3C-AALI,5,0.6542816758155823,0.958999752998352,824
hrd_binary_33,TCGA-3C-AALJ,5,0.9950911998748779,0.03141014650464058,72
hrd_binary_33,TCGA-5T-A9QA,5,0.6898319721221924,1.173714280128479,93
hrd_binary_33,TCGA-A2-A04Q,5,0.9924440383911133,0.048415880650281906,71
hrd_binary_33,TCGA-A2-A04V,5,0.9983303546905518,0.014710484072566032,44
hrd_binary_33,TCGA-A2-A04W,5,0.5004063248634338,1.193575382232666,190
hrd_binary_33,TCGA-A2-A0CP,5,0.5661003589630127,0.7451696991920471,52
hrd_binary_33,TCGA-A2-A0CU,5,0.9867324233055115,0.08110319823026657,64
hrd_binary_33,TCGA-A2-A0CV,5,0.35804879665374756,1.5671885013580322,27
hrd_binary_33,TCGA-A2-A0CW,5,0.9781995415687561,0.1299055814743042,93
hrd_binary_33,TCGA-A2-A0D0,5,0.9959617257118225,0.029809894040226936,114
hrd_binary_33,TCGA-A2-A0T5,5,0.526046097278595,1.415865182876587,17
hrd_binary_33,TCGA-A2-A0T6,5,0.9818946719169617,0.12252442538738251,29
hrd_binary_33,TCGA-A2-A0YC,5,0.4574979245662689,1.0646679401397705,35
hrd_binary_33,TCGA-A2-A0YE,5,0.8312698006629944,0.6783130168914795,50
hrd_binary_33,TCGA-A2-A25C,5,0.7054552435874939,0.879094660282135,46
hrd_binary_33,TCGA-A2-A3XU,5,0.9999916553497314,0.0001182658234029077,38
hrd_binary_33,TCGA-A7-A0DA,5,0.45756664872169495,1.0183426141738892,210
hrd_binary_33,TCGA-A7-A13F,5,0.263877809047699,1.4076920747756958,97
hrd_binary_33,TCGA-A8-A06Q,5,0.6165657639503479,1.3942005634307861,322
hrd_binary_33,TCGA-A8-A06Y,5,0.9873427748680115,0.07106371968984604,45
hrd_binary_33,TCGA-A8-A06Z,5,0.8402563333511353,0.4509883224964142,108
hrd_binary_33,TCGA-A8-A082,5,0.35453546047210693,1.992987036705017,28
hrd_binary_33,TCGA-A8-A08X,5,0.9670355319976807,0.16539278626441956,47
hrd_binary_33,TCGA-A8-A08Z,5,0.8244945406913757,0.5472158193588257,47
hrd_binary_33,TCGA-A8-A093,5,0.9998013973236084,0.0021067780908197165,144
hrd_binary_33,TCGA-A8-A094,5,0.4580601155757904,1.4151936769485474,254
hrd_binary_33,TCGA-A8-A096,5,0.9977524280548096,0.019707905128598213,40
hrd_binary_33,TCGA-A8-A09A,5,0.6092728972434998,0.7564396262168884,301
hrd_binary_33,TCGA-A8-A09D,5,0.8850653171539307,0.47172340750694275,64
hrd_binary_33,TCGA-A8-A09W,5,0.9379487037658691,0.2974957823753357,119
hrd_binary_33,TCGA-A8-A0A4,5,0.37332579493522644,1.6970750093460083,41
hrd_binary_33,TCGA-A8-A0AD,5,0.7858333587646484,0.7462498545646667,43
hrd_binary_33,TCGA-AC-A23E,5,0.742357075214386,0.8512789607048035,28
hrd_binary_33,TCGA-AC-A2FB,5,0.672283947467804,0.9451759457588196,17
hrd_binary_33,TCGA-AC-A3QQ,5,0.9970499873161316,0.02395857311785221,37
hrd_binary_33,TCGA-AC-A3YI,5,0.551294207572937,1.3160476684570312,21
hrd_binary_33,TCGA-AC-A4ZE,5,0.3309114873409271,1.6281682252883911,80
hrd_binary_33,TCGA-AC-A8OP,5,0.9431516528129578,0.27752935886383057,262
hrd_binary_33,TCGA-AC-A8OQ,5,0.9725650548934937,0.13588908314704895,149
hrd_binary_33,TCGA-AN-A046,5,0.9356430768966675,0.2855972647666931,5000
hrd_binary_33,TCGA-AN-A04C,5,1.0,6.236357421585126e-07,102
hrd_binary_33,TCGA-AN-A0AJ,5,0.7854211926460266,0.6932991743087769,119
hrd_binary_33,TCGA-AN-A0AR,5,0.9606983661651611,0.19875238835811615,162
hrd_binary_33,TCGA-AN-A0FN,5,0.999977707862854,0.00029689993243664503,59
hrd_binary_33,TCGA-AN-A0FT,5,0.9868650436401367,0.07786525785923004,136
hrd_binary_33,TCGA-AN-A0FW,5,0.9833359718322754,0.10777027904987335,160
hrd_binary_33,TCGA-AN-A0XU,5,0.4098949432373047,1.4757767915725708,153
hrd_binary_33,TCGA-AO-A03L,5,0.9999992251396179,1.2897193300887011e-05,39
hrd_binary_33,TCGA-AO-A03P,5,0.8015099763870239,0.7777594923973083,71
hrd_binary_33,TCGA-AO-A03R,5,0.9999978542327881,3.405533789191395e-05,59
hrd_binary_33,TCGA-AO-A0J3,5,0.8760169148445129,0.5536360740661621,108
hrd_binary_33,TCGA-AO-A0J7,5,0.6226911544799805,0.7617155313491821,28
hrd_binary_33,TCGA-AO-A0JD,5,0.7813499569892883,0.6388540863990784,142
hrd_binary_33,TCGA-AO-A0JJ,5,0.4838603734970093,1.1197855472564697,24
hrd_binary_33,TCGA-AO-A12A,5,0.9656767845153809,0.15812209248542786,21
hrd_binary_33,TCGA-AO-A12F,5,0.7688356637954712,0.7381889224052429,46
hrd_binary_33,TCGA-AQ-A1H2,5,0.6729951500892639,1.077602744102478,39
hrd_binary_33,TCGA-AR-A0TP,5,0.998324453830719,0.012519783340394497,83
hrd_binary_33,TCGA-AR-A0TQ,5,0.7175721526145935,0.9437580108642578,52
hrd_binary_33,TCGA-AR-A0TT,5,0.9835833311080933,0.10297141969203949,80
hrd_binary_33,TCGA-AR-A0TY,5,0.9806792736053467,0.11988252401351929,121
hrd_binary_33,TCGA-AR-A1AH,5,0.9193057417869568,0.3586103320121765,131
hrd_binary_33,TCGA-AR-A1AK,5,0.9872722625732422,0.08269600570201874,84
hrd_binary_33,TCGA-AR-A1AO,5,0.9967990517616272,0.023992760106921196,126
hrd_binary_33,TCGA-AR-A1AQ,5,0.9998745322227478,0.0013302953448146582,52
hrd_binary_33,TCGA-AR-A250,5,0.9998509883880615,0.0017308681271970272,165
hrd_binary_33,TCGA-AR-A251,5,0.6046563386917114,1.206826090812683,219
hrd_binary_33,TCGA-AR-A254,5,0.39486268162727356,1.202649474143982,47
hrd_binary_33,TCGA-AR-A2LH,5,0.9281860589981079,0.31739065051078796,75
hrd_binary_33,TCGA-AR-A2LK,5,0.4886762499809265,1.1120555400848389,53
hrd_binary_33,TCGA-B6-A0I9,5,0.62845379114151,0.8990151286125183,118
hrd_binary_33,TCGA-B6-A0IJ,5,0.8978294134140015,0.46351760625839233,177
hrd_binary_33,TCGA-B6-A0IN,5,0.7175188064575195,0.9762866497039795,52
hrd_binary_33,TCGA-B6-A0RI,5,0.7639606595039368,0.9279630184173584,32
hrd_binary_33,TCGA-B6-A0X1,5,0.8642585873603821,0.49616026878356934,99
hrd_binary_33,TCGA-B6-A0X4,5,0.787388265132904,0.7951040267944336,24
hrd_binary_33,TCGA-B6-A1KC,5,0.889701247215271,0.5314478874206543,40
hrd_binary_33,TCGA-B6-A401,5,0.9999974966049194,3.706080315168947e-05,33
hrd_binary_33,TCGA-BH-A0AY,5,0.269992858171463,1.8202300071716309,162
hrd_binary_33,TCGA-BH-A0BO,5,0.3757456839084625,1.4126495122909546,66
hrd_binary_33,TCGA-BH-A0BT,5,0.43381553888320923,1.1320403814315796,50
hrd_binary_33,TCGA-BH-A0C1,5,0.9777567982673645,0.14085476100444794,54
hrd_binary_33,TCGA-BH-A0C3,5,0.837271511554718,0.6856099367141724,20
hrd_binary_33,TCGA-BH-A0DK,5,0.4989282190799713,0.7115702629089355,266
hrd_binary_33,TCGA-BH-A0DZ,5,0.3589216470718384,1.3408443927764893,779
hrd_binary_33,TCGA-BH-A0E1,5,0.19135873019695282,2.363137722015381,72
hrd_binary_33,TCGA-BH-A0E2,5,0.9999629259109497,0.0004248055920470506,64
hrd_binary_33,TCGA-BH-A0E9,5,0.47502273321151733,1.246346116065979,38
hrd_binary_33,TCGA-BH-A0EA,5,0.8548520803451538,0.6174523234367371,33
hrd_binary_33,TCGA-BH-A0EE,5,0.5104959607124329,1.420602560043335,186
hrd_binary_33,TCGA-BH-A0H0,5,0.9873615503311157,0.07790802419185638,28
hrd_binary_33,TCGA-BH-A0H7,5,0.39185792207717896,1.3240238428115845,119
hrd_binary_33,TCGA-BH-A0HB,5,0.9999634623527527,0.0004452018183656037,45
hrd_binary_33,TCGA-BH-A0HX,5,0.9652519822120667,0.19036021828651428,92
hrd_binary_33,TCGA-BH-A0HY,5,0.9910823106765747,0.05148020759224892,89
hrd_binary_33,TCGA-BH-A0W3,5,0.8137397170066833,0.4809916019439697,24
hrd_binary_33,TCGA-BH-A18F,5,0.70680832862854,1.0285638570785522,72
hrd_binary_33,TCGA-BH-A18L,5,0.8675037026405334,0.6544889211654663,72
hrd_binary_33,TCGA-BH-A18N,5,0.9031623601913452,0.4425159990787506,47
hrd_binary_33,TCGA-BH-A1EU,5,1.0,7.48013295748251e-09,38
hrd_binary_33,TCGA-BH-A1EW,5,0.9886250495910645,0.06926760077476501,22
hrd_binary_33,TCGA-BH-A1F2,5,0.8785706162452698,0.5406489372253418,75
hrd_binary_33,TCGA-BH-A1FL,5,0.4342465400695801,1.8264825344085693,30
hrd_binary_33,TCGA-BH-A42V,5,0.7594860792160034,0.5794939994812012,62
hrd_binary_33,TCGA-BH-A5IZ,5,0.49995914101600647,0.6940785646438599,207
hrd_binary_33,TCGA-C8-A12Z,5,0.9981890320777893,0.01344662718474865,63
hrd_binary_33,TCGA-C8-A138,5,0.39866816997528076,1.4735867977142334,59
hrd_binary_33,TCGA-C8-A1HJ,5,0.9450873136520386,0.24912813305854797,135
hrd_binary_33,TCGA-C8-A26X,5,0.8844292759895325,0.3581264913082123,90
hrd_binary_33,TCGA-D8-A13Z,5,0.9626548290252686,0.16926230490207672,112
hrd_binary_33,TCGA-D8-A140,5,0.9998446702957153,0.0017787471879273653,149
hrd_binary_33,TCGA-D8-A1JB,5,0.9996687173843384,0.0032961713150143623,69
hrd_binary_33,TCGA-D8-A1JF,5,0.9956936836242676,0.030253097414970398,56
hrd_binary_33,TCGA-D8-A1JH,5,0.9956647753715515,0.03504549711942673,27
hrd_binary_33,TCGA-D8-A1JI,5,0.9709326028823853,0.16628997027873993,44
hrd_binary_33,TCGA-D8-A1JK,5,0.7126635909080505,0.916663408279419,283
hrd_binary_33,TCGA-D8-A1JS,5,0.9999493360519409,0.0006041869637556374,33
hrd_binary_33,TCGA-D8-A1JT,5,0.46735891699790955,1.0071498155593872,47
hrd_binary_33,TCGA-D8-A1XC,5,0.8711018562316895,0.5439364314079285,36
hrd_binary_33,TCGA-D8-A1XG,5,0.647738516330719,0.6640932559967041,36
hrd_binary_33,TCGA-D8-A1XO,5,0.9990783929824829,0.007721330504864454,31
hrd_binary_33,TCGA-D8-A27T,5,0.9990686178207397,0.008739207871258259,34
hrd_binary_33,TCGA-D8-A27V,5,0.830405056476593,0.6480370163917542,3333
hrd_binary_33,TCGA-E2-A150,5,0.743870198726654,0.6091843843460083,96
hrd_binary_33,TCGA-E2-A153,5,0.3134573996067047,1.6834622621536255,61
hrd_binary_33,TCGA-E2-A154,5,0.9999819397926331,0.0002153639798052609,61
hrd_binary_33,TCGA-E2-A155,5,0.987336277961731,0.07741712778806686,86
hrd_binary_33,TCGA-E2-A15P,5,0.9993468523025513,0.006499994546175003,54
hrd_binary_33,TCGA-E2-A15R,5,0.7988452911376953,0.863635778427124,51
hrd_binary_33,TCGA-E2-A1BD,5,0.7969992160797119,0.7023047208786011,48
hrd_binary_33,TCGA-E2-A1IK,5,0.45061928033828735,1.3365014791488647,22
hrd_binary_33,TCGA-E9-A1N8,5,0.9999169707298279,0.0010352758690714836,43
hrd_binary_33,TCGA-E9-A1NA,5,0.9196399450302124,0.27968040108680725,124
hrd_binary_33,TCGA-E9-A6HE,5,0.8279315829277039,0.7887968420982361,28
hrd_binary_33,TCGA-EW-A1J3,5,0.9828488230705261,0.09693607687950134,32
hrd_binary_33,TCGA-EW-A1J6,5,0.7722644209861755,0.7301329374313354,47
hrd_binary_33,TCGA-EW-A1OY,5,0.461983859539032,1.3020936250686646,85
hrd_binary_33,TCGA-EW-A1P3,5,0.6351011991500854,0.7189556360244751,30
hrd_binary_33,TCGA-EW-A1PG,5,0.5547183752059937,1.1401206254959106,15
hrd_binary_33,TCGA-EW-A6SD,5,0.5656006336212158,1.239042043685913,80
hrd_binary_33,TCGA-GM-A2DB,5,0.9425010085105896,0.28532350063323975,162
hrd_binary_33,TCGA-LD-A7W5,5,0.997681736946106,0.01892363280057907,70
hrd_binary_33,TCGA-LL-A5YN,5,0.8774269819259644,0.513193666934967,51
hrd_binary_33,TCGA-OL-A5D7,5,0.5163456201553345,0.860901951789856,86
hrd_binary_33,TCGA-OL-A5RZ,5,0.881793737411499,0.36551186442375183,167
hrd_binary_33,TCGA-OL-A5S0,5,0.8464690446853638,0.4391704201698303,53
hrd_binary_33,TCGA-OL-A66H,5,0.9998032450675964,0.0020146318711340427,31
hrd_binary_33,TCGA-OL-A66I,5,0.670784056186676,0.8350618481636047,60
hrd_binary_33,TCGA-PE-A5DD,5,0.6605164408683777,1.069743275642395,92
hrd_binary_33,TCGA-PL-A8LY,5,0.9943737983703613,0.0412871316075325,8
hrd_binary_33,TCGA-PL-A8LZ,5,0.9956835508346558,0.029326967895030975,140
hrd_binary_33,TCGA-S3-A6ZH,5,0.9958126544952393,0.029406679794192314,52
hrd_binary_33,TCGA-XX-A89A,5,0.8822569251060486,0.5548949241638184,271
