plot_data_file,run_id,endpoint,endpoint_display,endpoint_tier,endpoint_tier_display,endpoint_family,task,task_display,representation,representation_display,representation_family,representation_family_display,atlas_status,atlas_status_display,model_family,model_display,model_label,model_label_display,metric,metric_display,primary_score,macro_auroc,auroc,micro_auroc,auprc,accuracy,macro_f1,f1,balanced_accuracy,cohen_kappa,top3_accuracy,top5_accuracy,delta_vs_signatures,ci_low,ci_high,p_value,q_value,n_samples,n_features,folds,repeats,xgb_estimators,optuna_trials_completed,kme_version,kme_config_id,landmark_mode,sigma_multiplier,sigma_strategy,modality_strategy,landmark_sampling,kernel_weighting,cache_key,oof_prediction_file,fold_metrics_file,na_reason,split_strategy,experiment_id,source_file,bundle_table,source_priority,expected_source,status,canonical_source,canonical_slot_id,comparison_id,baseline_representation,baseline_representation_display,candidate_representation,candidate_representation_display,delta,test_name,q_value_figure,significance_label,calibration_mode,calibration_mode_display,calibration_y_label,bin,bin_left,bin_right,mean_predicted,observed_frequency,n_total,n_classes,endpoint_ece
figure_2_signature_baselines.csv,20260607T133931Z,damage_class,Kucab damage class,main,Main,kucab_damage_class,multiclass_grouped,Grouped multiclass,burden_only,Mutational burden,burden_only,Mutational burden,no UGA atlas,No UGA atlas,elastic_net,Elastic net,linear,Linear,macro_auroc,macro-AUROC,0.601339387062295,,0.601339387062295,0.5923478438646668,,0.0926640926640926,0.0593397713835238,0.0593397713835238,0.1158212247016087,-0.0162289416125425,0.416988416988417,0.7374517374517374,,,,,,259.0,1.0,5.0,1.0,,0.0,,,,,,,,,kucab_event_inventory_kucab_damage_class_7e1e0eaeb4b58637ff428f99,main_manuscript_complete_panel_oof_predictions.csv,main_manuscript_complete_panel_fold_metrics.csv,,5 outer StratifiedGroupKFold; inner 60/20 grouped validation split,main_manuscript_complete_panel,main_manuscript_complete_panel_endpoint_results.csv,main_manuscript_complete_panel_endpoint_results.csv,60.0,main_manuscript_complete_panel,measured,main_manuscript_complete_panel,damage_class|burden_only|elastic_net,,,,,,,,,,,,,,,,,,,,
figure_2_signature_baselines.csv,20260607T133931Z,damage_class,Kucab damage class,main,Main,kucab_damage_class,multiclass_grouped,Grouped multiclass,standard_sbs96_dbs78_id83,SBS96 + DBS78 + ID83 spectra,signatures_only,Mutational signatures,no UGA atlas,No UGA atlas,elastic_net,Elastic net,linear,Linear,macro_auroc,macro-AUROC,0.6285807561919383,,0.6285807561919383,0.6981367941103186,,0.3590733590733591,0.2948163337833668,0.2948163337833668,0.2885931840289724,0.2393673483829878,0.640926640926641,0.7837837837837838,,,,0.33532934131736525,0.37556886227544906,259.0,261.0,5.0,1.0,,0.0,,,,,,,,,kucab_event_inventory_kucab_damage_class_7e1e0eaeb4b58637ff428f99,main_manuscript_complete_panel_oof_predictions.csv,main_manuscript_complete_panel_fold_metrics.csv,,5 outer StratifiedGroupKFold; inner 60/20 grouped validation split,main_manuscript_complete_panel,main_manuscript_complete_panel_endpoint_results.csv,main_manuscript_complete_panel_endpoint_results.csv,60.0,main_manuscript_complete_panel,measured,main_manuscript_complete_panel,damage_class|signatures_only|elastic_net,figure_2:signatures_vs_burden,burden_only,Mutational burden,signatures_only,Mutational signatures,0.027241369129643367,paired_bootstrap_macro_auroc,0.4023952095808383,,,,,,,,,,,,
figure_2_signature_baselines.csv,20260607T133931Z,damage_class,Kucab damage class,main,Main,kucab_damage_class,multiclass_grouped,Grouped multiclass,burden_only,Mutational burden,burden_only,Mutational burden,no UGA atlas,No UGA atlas,XGBoost,XGBoost,xgboost,XGBoost,macro_auroc,macro-AUROC,0.5050365238696919,,0.5050365238696919,0.6428965408557246,,0.2084942084942085,0.1275333744845939,0.1275333744845939,0.1466452088533043,0.0191568757851178,0.5907335907335908,0.7799227799227799,,,,,,259.0,1.0,5.0,1.0,,0.0,,,,,,,,,kucab_event_inventory_kucab_damage_class_7e1e0eaeb4b58637ff428f99,main_manuscript_complete_panel_oof_predictions.csv,main_manuscript_complete_panel_fold_metrics.csv,,5 outer StratifiedGroupKFold; inner 60/20 grouped validation split,main_manuscript_complete_panel,main_manuscript_complete_panel_endpoint_results.csv,main_manuscript_complete_panel_endpoint_results.csv,60.0,main_manuscript_complete_panel,measured,main_manuscript_complete_panel,damage_class|burden_only|XGBoost,,,,,,,,,,,,,,,,,,,,
figure_2_signature_baselines.csv,20260607T133931Z,damage_class,Kucab damage class,main,Main,kucab_damage_class,multiclass_grouped,Grouped multiclass,standard_sbs96_dbs78_id83,SBS96 + DBS78 + ID83 spectra,signatures_only,Mutational signatures,no UGA atlas,No UGA atlas,XGBoost,XGBoost,xgboost,XGBoost,macro_auroc,macro-AUROC,0.6362231093274339,,0.6362231093274339,0.6896715484691216,,0.3436293436293436,0.2197982300923477,0.2197982300923477,0.2376231278558462,0.1954317039744175,0.5482625482625483,0.7799227799227799,,,,0.003992015968063872,0.007621121393576483,259.0,261.0,5.0,1.0,,0.0,,,,,,,,,kucab_event_inventory_kucab_damage_class_7e1e0eaeb4b58637ff428f99,main_manuscript_complete_panel_oof_predictions.csv,main_manuscript_complete_panel_fold_metrics.csv,,5 outer StratifiedGroupKFold; inner 60/20 grouped validation split,main_manuscript_complete_panel,main_manuscript_complete_panel_endpoint_results.csv,main_manuscript_complete_panel_endpoint_results.csv,60.0,main_manuscript_complete_panel,measured,main_manuscript_complete_panel,damage_class|signatures_only|XGBoost,figure_2:signatures_vs_burden,burden_only,Mutational burden,signatures_only,Mutational signatures,0.13118658545774198,paired_bootstrap_macro_auroc,0.007984031936127744,**,,,,,,,,,,,
figure_2_signature_baselines.csv,20260607T133931Z,HRD_Score,HRD score,main,Main,mc3_main,regression,Regression,burden_only,Mutational burden,burden_only,Mutational burden,no UGA atlas,No UGA atlas,elastic_net,Elastic net,linear,Linear,spearman,Spearman r,0.4973007995395391,,,,,,,,,,,,,,,,,772.0,3.0,5.0,1.0,,0.0,,,,,,,,,main_complete_panel_mc3_standard_features_31b1037b9abab190e15c34de,main_manuscript_complete_panel_oof_predictions.csv,main_manuscript_complete_panel_fold_metrics.csv,,5 outer KFold; inner 60/20 validation split,main_manuscript_complete_panel,main_manuscript_complete_panel_endpoint_results.csv,main_manuscript_complete_panel_endpoint_results.csv,60.0,main_manuscript_complete_panel,measured,main_manuscript_complete_panel,HRD_Score|burden_only|elastic_net,,,,,,,,,,,,,,,,,,,,
figure_2_signature_baselines.csv,20260607T133931Z,HRD_Score,HRD score,main,Main,mc3_main,regression,Regression,standard_sbs96_id83,SBS96 + ID83 spectra,signatures_only,Mutational signatures,no UGA atlas,No UGA atlas,elastic_net,Elastic net,linear,Linear,spearman,Spearman r,0.4305840299522571,,,,,,,,,,,,,,,0.04790419161676647,0.07185628742514971,772.0,182.0,5.0,1.0,,0.0,,,,,,,,,main_complete_panel_mc3_standard_features_28d6404e244a73722d16aa63,main_manuscript_complete_panel_oof_predictions.csv,main_manuscript_complete_panel_fold_metrics.csv,,5 outer KFold; inner 60/20 validation split,main_manuscript_complete_panel,main_manuscript_complete_panel_endpoint_results.csv,main_manuscript_complete_panel_endpoint_results.csv,60.0,main_manuscript_complete_panel,measured,main_manuscript_complete_panel,HRD_Score|signatures_only|elastic_net,figure_2:signatures_vs_burden,burden_only,Mutational burden,signatures_only,Mutational signatures,-0.06671676958728201,paired_bootstrap_spearman,0.07185628742514971,.,,,,,,,,,,,
figure_2_signature_baselines.csv,20260607T133931Z,HRD_Score,HRD score,main,Main,mc3_main,regression,Regression,burden_only,Mutational burden,burden_only,Mutational burden,no UGA atlas,No UGA atlas,XGBoost,XGBoost,xgboost,XGBoost,spearman,Spearman r,0.5959593538275412,,,,,,,,,,,,,,,,,772.0,3.0,5.0,1.0,,0.0,,,,,,,,,main_complete_panel_mc3_standard_features_31b1037b9abab190e15c34de,main_manuscript_complete_panel_oof_predictions.csv,main_manuscript_complete_panel_fold_metrics.csv,,5 outer KFold; inner 60/20 validation split,main_manuscript_complete_panel,main_manuscript_complete_panel_endpoint_results.csv,main_manuscript_complete_panel_endpoint_results.csv,60.0,main_manuscript_complete_panel,measured,main_manuscript_complete_panel,HRD_Score|burden_only|XGBoost,,,,,,,,,,,,,,,,,,,,
figure_2_signature_baselines.csv,20260607T133931Z,HRD_Score,HRD score,main,Main,mc3_main,regression,Regression,standard_sbs96_id83,SBS96 + ID83 spectra,signatures_only,Mutational signatures,no UGA atlas,No UGA atlas,XGBoost,XGBoost,xgboost,XGBoost,spearman,Spearman r,0.7041263728795075,,,,,,,,,,,,,,,0.003992015968063872,0.007621121393576483,772.0,182.0,5.0,1.0,,0.0,,,,,,,,,main_complete_panel_mc3_standard_features_28d6404e244a73722d16aa63,main_manuscript_complete_panel_oof_predictions.csv,main_manuscript_complete_panel_fold_metrics.csv,,5 outer KFold; inner 60/20 validation split,main_manuscript_complete_panel,main_manuscript_complete_panel_endpoint_results.csv,main_manuscript_complete_panel_endpoint_results.csv,60.0,main_manuscript_complete_panel,measured,main_manuscript_complete_panel,HRD_Score|signatures_only|XGBoost,figure_2:signatures_vs_burden,burden_only,Mutational burden,signatures_only,Mutational signatures,0.10816701905196646,paired_bootstrap_spearman,0.007984031936127744,**,,,,,,,,,,,
figure_2_signature_baselines.csv,20260607T133931Z,hrd_binary_24,HRD24 high/low,main,Main,mc3_main,binary,Binary classification,burden_only,Mutational burden,burden_only,Mutational burden,no UGA atlas,No UGA atlas,elastic_net,Elastic net,linear,Linear,auroc,AUROC,0.7504411555910133,,0.7504411555910133,,0.6688163848764084,0.7137305699481865,0.7107011020054499,0.7107011020054499,0.7101726084634263,0.4215679626791793,,,,,,,,772.0,3.0,5.0,1.0,,0.0,,,,,,,,,main_complete_panel_mc3_standard_features_28d6404e244a73722d16aa63,main_manuscript_complete_panel_oof_predictions.csv,main_manuscript_complete_panel_fold_metrics.csv,,5 outer stratified folds; inner 60/20 stratified validation split,main_manuscript_complete_panel,main_manuscript_complete_panel_endpoint_results.csv,main_manuscript_complete_panel_endpoint_results.csv,60.0,main_manuscript_complete_panel,measured,main_manuscript_complete_panel,hrd_binary_24|burden_only|elastic_net,,,,,,,,,,,,,,,,,,,,
figure_2_signature_baselines.csv,20260607T133931Z,hrd_binary_24,HRD24 high/low,main,Main,mc3_main,binary,Binary classification,standard_sbs96_id83,SBS96 + ID83 spectra,signatures_only,Mutational signatures,no UGA atlas,No UGA atlas,elastic_net,Elastic net,linear,Linear,auroc,AUROC,0.7577126167118527,,0.7577126167118527,,0.7137551411291632,0.7007772020725389,0.6988972804311597,0.6988972804311597,0.6991318869289487,0.3978199794694472,,,,,,0.6836298840608754,0.6918663886881149,772.0,182.0,5.0,1.0,,0.0,,,,,,,,,main_complete_panel_mc3_standard_features_28d6404e244a73722d16aa63,main_manuscript_complete_panel_oof_predictions.csv,main_manuscript_complete_panel_fold_metrics.csv,,5 outer stratified folds; inner 60/20 stratified validation split,main_manuscript_complete_panel,main_manuscript_complete_panel_endpoint_results.csv,main_manuscript_complete_panel_endpoint_results.csv,60.0,main_manuscript_complete_panel,measured,main_manuscript_complete_panel,hrd_binary_24|signatures_only|elastic_net,figure_2:signatures_vs_burden,burden_only,Mutational burden,signatures_only,Mutational signatures,0.00727146112083954,paired_delong_auroc,0.6836298840608754,,,,,,,,,,,,
figure_2_signature_baselines.csv,20260607T133931Z,hrd_binary_24,HRD24 high/low,main,Main,mc3_main,binary,Binary classification,burden_only,Mutational burden,burden_only,Mutational burden,no UGA atlas,No UGA atlas,XGBoost,XGBoost,xgboost,XGBoost,auroc,AUROC,0.7725868282096182,,0.7725868282096182,,0.7209942651698067,0.7098445595854922,0.7095638620912047,0.7095638620912047,0.7123935986802518,0.4208435760551399,,,,,,,,772.0,3.0,5.0,1.0,,0.0,,,,,,,,,main_complete_panel_mc3_standard_features_28d6404e244a73722d16aa63,main_manuscript_complete_panel_oof_predictions.csv,main_manuscript_complete_panel_fold_metrics.csv,,5 outer stratified folds; inner 60/20 stratified validation split,main_manuscript_complete_panel,main_manuscript_complete_panel_endpoint_results.csv,main_manuscript_complete_panel_endpoint_results.csv,60.0,main_manuscript_complete_panel,measured,main_manuscript_complete_panel,hrd_binary_24|burden_only|XGBoost,,,,,,,,,,,,,,,,,,,,
figure_2_signature_baselines.csv,20260607T133931Z,hrd_binary_24,HRD24 high/low,main,Main,mc3_main,binary,Binary classification,standard_sbs96_id83,SBS96 + ID83 spectra,signatures_only,Mutational signatures,no UGA atlas,No UGA atlas,XGBoost,XGBoost,xgboost,XGBoost,auroc,AUROC,0.8228379995537737,,0.8228379995537737,,0.815201617845539,0.7746113989637305,0.7724056603773585,0.7724056603773585,0.7718363566295037,0.5448884311240911,,,,,,0.00033577818483512784,0.0028634014977021163,772.0,182.0,5.0,1.0,,0.0,,,,,,,,,main_complete_panel_mc3_standard_features_28d6404e244a73722d16aa63,main_manuscript_complete_panel_oof_predictions.csv,main_manuscript_complete_panel_fold_metrics.csv,,5 outer stratified folds; inner 60/20 stratified validation split,main_manuscript_complete_panel,main_manuscript_complete_panel_endpoint_results.csv,main_manuscript_complete_panel_endpoint_results.csv,60.0,main_manuscript_complete_panel,measured,main_manuscript_complete_panel,hrd_binary_24|signatures_only|XGBoost,figure_2:signatures_vs_burden,burden_only,Mutational burden,signatures_only,Mutational signatures,0.050251171344155354,paired_delong_auroc,0.004029338218021534,**,,,,,,,,,,,
figure_2_signature_baselines.csv,20260607T133931Z,hrd_binary_33,HRD33 high/low,main,Main,mc3_main,binary,Binary classification,burden_only,Mutational burden,burden_only,Mutational burden,no UGA atlas,No UGA atlas,elastic_net,Elastic net,linear,Linear,auroc,AUROC,0.788437708512058,,0.788437708512058,,0.5846253424287842,0.7370466321243523,0.7075970363404663,0.7075970363404663,0.7244066342579354,0.4189678184784221,,,,,,,,772.0,3.0,5.0,1.0,,0.0,,,,,,,,,main_complete_panel_mc3_standard_features_28d6404e244a73722d16aa63,main_manuscript_complete_panel_oof_predictions.csv,main_manuscript_complete_panel_fold_metrics.csv,,5 outer stratified folds; inner 60/20 stratified validation split,main_manuscript_complete_panel,main_manuscript_complete_panel_endpoint_results.csv,main_manuscript_complete_panel_endpoint_results.csv,60.0,main_manuscript_complete_panel,measured,main_manuscript_complete_panel,hrd_binary_33|burden_only|elastic_net,,,,,,,,,,,,,,,,,,,,
figure_2_signature_baselines.csv,20260607T133931Z,hrd_binary_33,HRD33 high/low,main,Main,mc3_main,binary,Binary classification,standard_sbs96_id83,SBS96 + ID83 spectra,signatures_only,Mutational signatures,no UGA atlas,No UGA atlas,elastic_net,Elastic net,linear,Linear,auroc,AUROC,0.773623423251676,,0.773623423251676,,0.6009888470809452,0.7487046632124352,0.7171092894110536,0.7171092894110536,0.7303561783115686,0.4364709069564432,,,,,,0.431565979017457,0.45314427796832984,772.0,182.0,5.0,1.0,,0.0,,,,,,,,,main_complete_panel_mc3_standard_features_28d6404e244a73722d16aa63,main_manuscript_complete_panel_oof_predictions.csv,main_manuscript_complete_panel_fold_metrics.csv,,5 outer stratified folds; inner 60/20 stratified validation split,main_manuscript_complete_panel,main_manuscript_complete_panel_endpoint_results.csv,main_manuscript_complete_panel_endpoint_results.csv,60.0,main_manuscript_complete_panel,measured,main_manuscript_complete_panel,hrd_binary_33|signatures_only|elastic_net,figure_2:signatures_vs_burden,burden_only,Mutational burden,signatures_only,Mutational signatures,-0.014814285260381865,paired_delong_auroc,0.4707992498372258,,,,,,,,,,,,
figure_2_signature_baselines.csv,20260607T133931Z,hrd_binary_33,HRD33 high/low,main,Main,mc3_main,binary,Binary classification,burden_only,Mutational burden,burden_only,Mutational burden,no UGA atlas,No UGA atlas,XGBoost,XGBoost,xgboost,XGBoost,auroc,AUROC,0.8109014075556829,,0.8109014075556829,,0.620376930082578,0.7577720207253886,0.7393958758680697,0.7393958758680697,0.7730832777301179,0.4878529870867035,,,,,,,,772.0,3.0,5.0,1.0,,0.0,,,,,,,,,main_complete_panel_mc3_standard_features_28d6404e244a73722d16aa63,main_manuscript_complete_panel_oof_predictions.csv,main_manuscript_complete_panel_fold_metrics.csv,,5 outer stratified folds; inner 60/20 stratified validation split,main_manuscript_complete_panel,main_manuscript_complete_panel_endpoint_results.csv,main_manuscript_complete_panel_endpoint_results.csv,60.0,main_manuscript_complete_panel,measured,main_manuscript_complete_panel,hrd_binary_33|burden_only|XGBoost,,,,,,,,,,,,,,,,,,,,
figure_2_signature_baselines.csv,20260607T133931Z,hrd_binary_33,HRD33 high/low,main,Main,mc3_main,binary,Binary classification,standard_sbs96_id83,SBS96 + ID83 spectra,signatures_only,Mutational signatures,no UGA atlas,No UGA atlas,XGBoost,XGBoost,xgboost,XGBoost,auroc,AUROC,0.8449027738061196,,0.8449027738061196,,0.7221456972419918,0.7979274611398963,0.7657821652780695,0.7657821652780695,0.771709083976742,0.53185931523463,,,,,,0.011746290363333533,0.02053036783575706,772.0,182.0,5.0,1.0,,0.0,,,,,,,,,main_complete_panel_mc3_standard_features_28d6404e244a73722d16aa63,main_manuscript_complete_panel_oof_predictions.csv,main_manuscript_complete_panel_fold_metrics.csv,,5 outer stratified folds; inner 60/20 stratified validation split,main_manuscript_complete_panel,main_manuscript_complete_panel_endpoint_results.csv,main_manuscript_complete_panel_endpoint_results.csv,60.0,main_manuscript_complete_panel,measured,main_manuscript_complete_panel,hrd_binary_33|signatures_only|XGBoost,figure_2:signatures_vs_burden,burden_only,Mutational burden,signatures_only,Mutational signatures,0.034001366250436815,paired_delong_auroc,0.020136497765714627,*,,,,,,,,,,,
figure_2_signature_baselines.csv,20260607T133931Z,hrd_binary_42,HRD42 high/low,main,Main,mc3_main,binary,Binary classification,burden_only,Mutational burden,burden_only,Mutational burden,no UGA atlas,No UGA atlas,elastic_net,Elastic net,linear,Linear,auroc,AUROC,0.8245123258306538,,0.8245123258306538,,0.4727552461380484,0.7733160621761658,0.7042825404121658,0.7042825404121658,0.7632047159699893,0.4209867654117808,,,,,,,,772.0,3.0,5.0,1.0,,0.0,,,,,,,,,main_complete_panel_mc3_standard_features_28d6404e244a73722d16aa63,main_manuscript_complete_panel_oof_predictions.csv,main_manuscript_complete_panel_fold_metrics.csv,,5 outer stratified folds; inner 60/20 stratified validation split,main_manuscript_complete_panel,main_manuscript_complete_panel_endpoint_results.csv,main_manuscript_complete_panel_endpoint_results.csv,60.0,main_manuscript_complete_panel,measured,main_manuscript_complete_panel,hrd_binary_42|burden_only|elastic_net,,,,,,,,,,,,,,,,,,,,
figure_2_signature_baselines.csv,20260607T133931Z,hrd_binary_42,HRD42 high/low,main,Main,mc3_main,binary,Binary classification,standard_sbs96_id83,SBS96 + ID83 spectra,signatures_only,Mutational signatures,no UGA atlas,No UGA atlas,elastic_net,Elastic net,linear,Linear,auroc,AUROC,0.8585101822079314,,0.8585101822079314,,0.6002943376309676,0.8264248704663213,0.7591544049171168,0.7591544049171168,0.8037513397642015,0.522858935094646,,,,,,0.07894394802538733,0.1087096989202055,772.0,182.0,5.0,1.0,,0.0,,,,,,,,,main_complete_panel_mc3_standard_features_28d6404e244a73722d16aa63,main_manuscript_complete_panel_oof_predictions.csv,main_manuscript_complete_panel_fold_metrics.csv,,5 outer stratified folds; inner 60/20 stratified validation split,main_manuscript_complete_panel,main_manuscript_complete_panel_endpoint_results.csv,main_manuscript_complete_panel_endpoint_results.csv,60.0,main_manuscript_complete_panel,measured,main_manuscript_complete_panel,hrd_binary_42|signatures_only|elastic_net,figure_2:signatures_vs_burden,burden_only,Mutational burden,signatures_only,Mutational signatures,0.03399785637727759,paired_delong_auroc,0.1052585973671831,,,,,,,,,,,,
figure_2_signature_baselines.csv,20260607T133931Z,hrd_binary_42,HRD42 high/low,main,Main,mc3_main,binary,Binary classification,burden_only,Mutational burden,burden_only,Mutational burden,no UGA atlas,No UGA atlas,XGBoost,XGBoost,xgboost,XGBoost,auroc,AUROC,0.8187727759914255,,0.8187727759914255,,0.4810774789611427,0.7746113989637305,0.7110853013292038,0.7110853013292038,0.7791854233654876,0.4368271004527922,,,,,,,,772.0,3.0,5.0,1.0,,0.0,,,,,,,,,main_complete_panel_mc3_standard_features_28d6404e244a73722d16aa63,main_manuscript_complete_panel_oof_predictions.csv,main_manuscript_complete_panel_fold_metrics.csv,,5 outer stratified folds; inner 60/20 stratified validation split,main_manuscript_complete_panel,main_manuscript_complete_panel_endpoint_results.csv,main_manuscript_complete_panel_endpoint_results.csv,60.0,main_manuscript_complete_panel,measured,main_manuscript_complete_panel,hrd_binary_42|burden_only|XGBoost,,,,,,,,,,,,,,,,,,,,
figure_2_signature_baselines.csv,20260607T133931Z,hrd_binary_42,HRD42 high/low,main,Main,mc3_main,binary,Binary classification,standard_sbs96_id83,SBS96 + ID83 spectra,signatures_only,Mutational signatures,no UGA atlas,No UGA atlas,XGBoost,XGBoost,xgboost,XGBoost,auroc,AUROC,0.8708681672025723,,0.8708681672025723,,0.6634860437713221,0.8497409326424871,0.7784134210917009,0.7784134210917009,0.8030439442658093,0.5580908767912833,,,,,,0.001790594742112327,0.007621121393576483,772.0,182.0,5.0,1.0,,0.0,,,,,,,,,main_complete_panel_mc3_standard_features_28d6404e244a73722d16aa63,main_manuscript_complete_panel_oof_predictions.csv,main_manuscript_complete_panel_fold_metrics.csv,,5 outer stratified folds; inner 60/20 stratified validation split,main_manuscript_complete_panel,main_manuscript_complete_panel_endpoint_results.csv,main_manuscript_complete_panel_endpoint_results.csv,60.0,main_manuscript_complete_panel,measured,main_manuscript_complete_panel,hrd_binary_42|signatures_only|XGBoost,figure_2:signatures_vs_burden,burden_only,Mutational burden,signatures_only,Mutational signatures,0.05209539121114681,paired_delong_auroc,0.007984031936127744,**,,,,,,,,,,,
figure_2_signature_baselines.csv,20260607T133931Z,cancer_type_top20,Cancer type (top 20),main,Main,mc3_main,multiclass,Multiclass classification,burden_only,Mutational burden,burden_only,Mutational burden,no UGA atlas,No UGA atlas,elastic_net,Elastic net,linear,Linear,macro_auroc,macro-AUROC,0.7806988905158254,,0.7806988905158254,0.7960544068073075,,0.2448863636363636,0.2105016915437985,0.2105016915437985,0.2492069611753795,0.2060123963140866,0.4921590909090909,0.6448863636363636,,,,,,8800.0,3.0,5.0,1.0,,0.0,,,,,,,,,main_complete_panel_mc3_standard_features_b51f8b5ae4d45407a30592e9,main_manuscript_complete_panel_oof_predictions.csv,main_manuscript_complete_panel_fold_metrics.csv,,5 outer stratified folds; inner 60/20 stratified validation split,main_manuscript_complete_panel,main_manuscript_complete_panel_endpoint_results.csv,main_manuscript_complete_panel_endpoint_results.csv,60.0,main_manuscript_complete_panel,measured,main_manuscript_complete_panel,cancer_type_top20|burden_only|elastic_net,,,,,,,,,,,,,,,,,,,,
figure_2_signature_baselines.csv,20260607T133931Z,cancer_type_top20,Cancer type (top 20),main,Main,mc3_main,multiclass,Multiclass classification,standard_sbs96_id83,SBS96 + ID83 spectra,signatures_only,Mutational signatures,no UGA atlas,No UGA atlas,elastic_net,Elastic net,linear,Linear,macro_auroc,macro-AUROC,0.9183512598771202,,0.9183512598771202,0.9218533723901696,,0.5125,0.5077062342197263,0.5077062342197263,0.5311280077859434,0.4863374147366981,0.7822727272727272,0.8789772727272728,,,,0.003992015968063872,0.007621121393576483,8800.0,182.0,5.0,1.0,,0.0,,,,,,,,,main_complete_panel_mc3_standard_features_b51f8b5ae4d45407a30592e9,main_manuscript_complete_panel_oof_predictions.csv,main_manuscript_complete_panel_fold_metrics.csv,,5 outer stratified folds; inner 60/20 stratified validation split,main_manuscript_complete_panel,main_manuscript_complete_panel_endpoint_results.csv,main_manuscript_complete_panel_endpoint_results.csv,60.0,main_manuscript_complete_panel,measured,main_manuscript_complete_panel,cancer_type_top20|signatures_only|elastic_net,figure_2:signatures_vs_burden,burden_only,Mutational burden,signatures_only,Mutational signatures,0.13765236936129477,paired_bootstrap_macro_auroc,0.007984031936127744,**,,,,,,,,,,,
figure_2_signature_baselines.csv,20260607T133931Z,cancer_type_top20,Cancer type (top 20),main,Main,mc3_main,multiclass,Multiclass classification,burden_only,Mutational burden,burden_only,Mutational burden,no UGA atlas,No UGA atlas,XGBoost,XGBoost,xgboost,XGBoost,macro_auroc,macro-AUROC,0.8080980706742714,,0.8080980706742714,0.8354459724336667,,0.28875,0.2380119236303373,0.2380119236303373,0.2540954256349878,0.2378331081278268,0.5634090909090909,0.6984090909090909,,,,,,8800.0,3.0,5.0,1.0,,0.0,,,,,,,,,main_complete_panel_mc3_standard_features_b51f8b5ae4d45407a30592e9,main_manuscript_complete_panel_oof_predictions.csv,main_manuscript_complete_panel_fold_metrics.csv,,5 outer stratified folds; inner 60/20 stratified validation split,main_manuscript_complete_panel,main_manuscript_complete_panel_endpoint_results.csv,main_manuscript_complete_panel_endpoint_results.csv,60.0,main_manuscript_complete_panel,measured,main_manuscript_complete_panel,cancer_type_top20|burden_only|XGBoost,,,,,,,,,,,,,,,,,,,,
figure_2_signature_baselines.csv,20260607T133931Z,cancer_type_top20,Cancer type (top 20),main,Main,mc3_main,multiclass,Multiclass classification,standard_sbs96_id83,SBS96 + ID83 spectra,signatures_only,Mutational signatures,no UGA atlas,No UGA atlas,XGBoost,XGBoost,xgboost,XGBoost,macro_auroc,macro-AUROC,0.9353987054872702,,0.9353987054872702,0.943658959058286,,0.5631818181818182,0.5490794601501003,0.5490794601501003,0.5398795555483545,0.5347768062736917,0.8207954545454546,0.899090909090909,,,,0.003992015968063872,0.007621121393576483,8800.0,182.0,5.0,1.0,,0.0,,,,,,,,,main_complete_panel_mc3_standard_features_b51f8b5ae4d45407a30592e9,main_manuscript_complete_panel_oof_predictions.csv,main_manuscript_complete_panel_fold_metrics.csv,,5 outer stratified folds; inner 60/20 stratified validation split,main_manuscript_complete_panel,main_manuscript_complete_panel_endpoint_results.csv,main_manuscript_complete_panel_endpoint_results.csv,60.0,main_manuscript_complete_panel,measured,main_manuscript_complete_panel,cancer_type_top20|signatures_only|XGBoost,figure_2:signatures_vs_burden,burden_only,Mutational burden,signatures_only,Mutational signatures,0.1273006348129988,paired_bootstrap_macro_auroc,0.007984031936127744,**,,,,,,,,,,,
figure_2_signature_baselines.csv,20260607T133931Z,OS,Overall survival,main,Main,tcga_cdr_survival,survival,Survival,burden_only,Mutational burden,burden_only,Mutational burden,no UGA atlas,No UGA atlas,cox_ph,Cox PH,cox_ph,Cox Ph,c_index,Harrell C-index,0.5816893480061318,,,,,,,,,,,,,,,,,9986.0,3.0,5.0,1.0,,0.0,,,,,,,,,main_complete_panel_mc3_standard_features_059c6ad7664bed3ad37c6ddc,main_manuscript_complete_panel_oof_predictions.csv,main_manuscript_complete_panel_fold_metrics.csv,,5 outer event-stratified folds; inner 60/20 event-stratified validation split,main_manuscript_complete_panel,main_manuscript_complete_panel_endpoint_results.csv,main_manuscript_complete_panel_endpoint_results.csv,60.0,main_manuscript_complete_panel,measured,main_manuscript_complete_panel,OS|burden_only|cox_ph,,,,,,,,,,,,,,,,,,,,
figure_2_signature_baselines.csv,20260607T133931Z,OS,Overall survival,main,Main,tcga_cdr_survival,survival,Survival,standard_sbs96_id83,SBS96 + ID83 spectra,signatures_only,Mutational signatures,no UGA atlas,No UGA atlas,cox_ph,Cox PH,cox_ph,Cox Ph,c_index,Harrell C-index,0.6065431202452489,,,,,,,,,,,,,,,,,9986.0,182.0,5.0,1.0,,0.0,,,,,,,,,main_complete_panel_mc3_standard_features_059c6ad7664bed3ad37c6ddc,main_manuscript_complete_panel_oof_predictions.csv,main_manuscript_complete_panel_fold_metrics.csv,,5 outer event-stratified folds; inner 60/20 event-stratified validation split,main_manuscript_complete_panel,main_manuscript_complete_panel_endpoint_results.csv,main_manuscript_complete_panel_endpoint_results.csv,60.0,main_manuscript_complete_panel,measured,main_manuscript_complete_panel,OS|signatures_only|cox_ph,,,,,,,,,,,,,,,,,,,,
figure_3_geometry_vs_signatures.csv,20260607T133931Z,damage_class,Kucab damage class,main,Main,kucab_damage_class,multiclass_grouped,Grouped multiclass,burden_only,Mutational burden,burden_only,Mutational burden,no UGA atlas,No UGA atlas,elastic_net,Elastic net,linear,Linear,macro_auroc,macro-AUROC,0.601339387062295,,0.601339387062295,0.5923478438646668,,0.0926640926640926,0.0593397713835238,0.0593397713835238,0.1158212247016087,-0.0162289416125425,0.416988416988417,0.7374517374517374,,,,,,259.0,1.0,5.0,1.0,,0.0,,,,,,,,,kucab_event_inventory_kucab_damage_class_7e1e0eaeb4b58637ff428f99,main_manuscript_complete_panel_oof_predictions.csv,main_manuscript_complete_panel_fold_metrics.csv,,5 outer StratifiedGroupKFold; inner 60/20 grouped validation split,main_manuscript_complete_panel,main_manuscript_complete_panel_endpoint_results.csv,main_manuscript_complete_panel_endpoint_results.csv,60.0,main_manuscript_complete_panel,measured,main_manuscript_complete_panel,damage_class|burden_only|elastic_net,,,,,,,,,,,,,,,,,,,,
figure_3_geometry_vs_signatures.csv,20260607T133931Z,damage_class,Kucab damage class,main,Main,kucab_damage_class,multiclass_grouped,Grouped multiclass,standard_sbs96_dbs78_id83,SBS96 + DBS78 + ID83 spectra,signatures_only,Mutational signatures,no UGA atlas,No UGA atlas,elastic_net,Elastic net,linear,Linear,macro_auroc,macro-AUROC,0.6285807561919383,,0.6285807561919383,0.6981367941103186,,0.3590733590733591,0.2948163337833668,0.2948163337833668,0.2885931840289724,0.2393673483829878,0.640926640926641,0.7837837837837838,,,,,,259.0,261.0,5.0,1.0,,0.0,,,,,,,,,kucab_event_inventory_kucab_damage_class_7e1e0eaeb4b58637ff428f99,main_manuscript_complete_panel_oof_predictions.csv,main_manuscript_complete_panel_fold_metrics.csv,,5 outer StratifiedGroupKFold; inner 60/20 grouped validation split,main_manuscript_complete_panel,main_manuscript_complete_panel_endpoint_results.csv,main_manuscript_complete_panel_endpoint_results.csv,60.0,main_manuscript_complete_panel,measured,main_manuscript_complete_panel,damage_class|signatures_only|elastic_net,,,,,,,,,,,,,,,,,,,,
figure_3_geometry_vs_signatures.csv,20260607T133931Z,damage_class,Kucab damage class,main,Main,kucab_damage_class,multiclass_grouped,Grouped multiclass,MAF_stack_only,Bio MAF v4,MAF_stack_only,Bio MAF v4,no UGA atlas,No UGA atlas,elastic_net,Elastic net,linear,Linear,macro_auroc,macro-AUROC,0.5788877910474943,,0.5788877910474943,0.6310409377149587,,0.2972972972972973,0.2289664192691329,0.2289664192691329,0.2309919353189444,0.1589558763180902,0.5868725868725869,0.7606177606177607,,,,,,259.0,2980.0,5.0,1.0,,0.0,,,,,,,,,main_complete_panel_kucab_event_stack_8cfe931adff38826812227a8,main_manuscript_complete_panel_oof_predictions.csv,main_manuscript_complete_panel_fold_metrics.csv,,5 outer StratifiedGroupKFold; inner 60/20 grouped validation split,main_manuscript_complete_panel,main_manuscript_complete_panel_endpoint_results.csv,main_manuscript_complete_panel_endpoint_results.csv,60.0,main_manuscript_complete_panel,measured,main_manuscript_complete_panel,damage_class|MAF_stack_only|elastic_net,,,,,,,,,,,,,,,,,,,,
figure_3_geometry_vs_signatures.csv,20260607T133931Z,damage_class,Kucab damage class,main,Main,kucab_damage_class,multiclass_grouped,Grouped multiclass,signatures_plus_MAF_stack,Signatures + Bio MAF v4,signatures_plus_MAF_stack,Signatures + Bio MAF v4,no UGA atlas,No UGA atlas,elastic_net,Elastic net,linear,Linear,macro_auroc,macro-AUROC,0.680471733642938,,0.680471733642938,0.7174322301183856,,0.3899613899613899,0.2987798468066313,0.2987798468066313,0.307805083024862,0.2596117312876553,0.6293436293436293,0.7992277992277992,,,,,,259.0,3241.0,5.0,1.0,,0.0,,,,,,,,,main_complete_panel_kucab_signatures_plus_event_stack_d0429a3e881bc2400a0c7fc2,main_manuscript_complete_panel_oof_predictions.csv,main_manuscript_complete_panel_fold_metrics.csv,,5 outer StratifiedGroupKFold; inner 60/20 grouped validation split,main_manuscript_complete_panel,main_manuscript_complete_panel_endpoint_results.csv,main_manuscript_complete_panel_endpoint_results.csv,60.0,main_manuscript_complete_panel,measured,main_manuscript_complete_panel,damage_class|signatures_plus_MAF_stack|elastic_net,,,,,,,,,,,,,,,,,,,,
figure_3_geometry_vs_signatures.csv,20260607T133931Z,damage_class,Kucab damage class,main,Main,kucab_damage_class,multiclass_grouped,Grouped multiclass,burden_only,Mutational burden,burden_only,Mutational burden,no UGA atlas,No UGA atlas,XGBoost,XGBoost,xgboost,XGBoost,macro_auroc,macro-AUROC,0.5050365238696919,,0.5050365238696919,0.6428965408557246,,0.2084942084942085,0.1275333744845939,0.1275333744845939,0.1466452088533043,0.0191568757851178,0.5907335907335908,0.7799227799227799,,,,,,259.0,1.0,5.0,1.0,,0.0,,,,,,,,,kucab_event_inventory_kucab_damage_class_7e1e0eaeb4b58637ff428f99,main_manuscript_complete_panel_oof_predictions.csv,main_manuscript_complete_panel_fold_metrics.csv,,5 outer StratifiedGroupKFold; inner 60/20 grouped validation split,main_manuscript_complete_panel,main_manuscript_complete_panel_endpoint_results.csv,main_manuscript_complete_panel_endpoint_results.csv,60.0,main_manuscript_complete_panel,measured,main_manuscript_complete_panel,damage_class|burden_only|XGBoost,,,,,,,,,,,,,,,,,,,,
figure_3_geometry_vs_signatures.csv,20260607T133931Z,damage_class,Kucab damage class,main,Main,kucab_damage_class,multiclass_grouped,Grouped multiclass,standard_sbs96_dbs78_id83,SBS96 + DBS78 + ID83 spectra,signatures_only,Mutational signatures,no UGA atlas,No UGA atlas,XGBoost,XGBoost,xgboost,XGBoost,macro_auroc,macro-AUROC,0.6362231093274339,,0.6362231093274339,0.6896715484691216,,0.3436293436293436,0.2197982300923477,0.2197982300923477,0.2376231278558462,0.1954317039744175,0.5482625482625483,0.7799227799227799,,,,,,259.0,261.0,5.0,1.0,,0.0,,,,,,,,,kucab_event_inventory_kucab_damage_class_7e1e0eaeb4b58637ff428f99,main_manuscript_complete_panel_oof_predictions.csv,main_manuscript_complete_panel_fold_metrics.csv,,5 outer StratifiedGroupKFold; inner 60/20 grouped validation split,main_manuscript_complete_panel,main_manuscript_complete_panel_endpoint_results.csv,main_manuscript_complete_panel_endpoint_results.csv,60.0,main_manuscript_complete_panel,measured,main_manuscript_complete_panel,damage_class|signatures_only|XGBoost,,,,,,,,,,,,,,,,,,,,
figure_3_geometry_vs_signatures.csv,20260607T133931Z,damage_class,Kucab damage class,main,Main,kucab_damage_class,multiclass_grouped,Grouped multiclass,MAF_stack_only,Bio MAF v4,MAF_stack_only,Bio MAF v4,no UGA atlas,No UGA atlas,XGBoost,XGBoost,xgboost,XGBoost,macro_auroc,macro-AUROC,0.5286441928023171,,0.5286441928023171,0.6508272514891379,,0.2895752895752895,0.1641430962628954,0.1641430962628954,0.1882472652614064,0.1247589487410238,0.6138996138996139,0.749034749034749,,,,,,259.0,2980.0,5.0,1.0,,0.0,,,,,,,,,main_complete_panel_kucab_event_stack_bcef5265e52003b77e15eb71,main_manuscript_complete_panel_oof_predictions.csv,main_manuscript_complete_panel_fold_metrics.csv,,5 outer StratifiedGroupKFold; inner 60/20 grouped validation split,main_manuscript_complete_panel,main_manuscript_complete_panel_endpoint_results.csv,main_manuscript_complete_panel_endpoint_results.csv,60.0,main_manuscript_complete_panel,measured,main_manuscript_complete_panel,damage_class|MAF_stack_only|XGBoost,,,,,,,,,,,,,,,,,,,,
figure_3_geometry_vs_signatures.csv,20260607T133931Z,damage_class,Kucab damage class,main,Main,kucab_damage_class,multiclass_grouped,Grouped multiclass,signatures_plus_MAF_stack,Signatures + Bio MAF v4,signatures_plus_MAF_stack,Signatures + Bio MAF v4,no UGA atlas,No UGA atlas,XGBoost,XGBoost,xgboost,XGBoost,macro_auroc,macro-AUROC,0.5781630789093988,,0.5781630789093988,0.6706093060202272,,0.2857142857142857,0.1603296092692264,0.1603296092692264,0.1844800407114751,0.1192257495266631,0.5598455598455598,0.7760617760617761,,,,,,259.0,3241.0,5.0,1.0,,0.0,,,,,,,,,main_complete_panel_kucab_signatures_plus_event_stack_a42a2e06dc5899a8da4abd09,main_manuscript_complete_panel_oof_predictions.csv,main_manuscript_complete_panel_fold_metrics.csv,,5 outer StratifiedGroupKFold; inner 60/20 grouped validation split,main_manuscript_complete_panel,main_manuscript_complete_panel_endpoint_results.csv,main_manuscript_complete_panel_endpoint_results.csv,60.0,main_manuscript_complete_panel,measured,main_manuscript_complete_panel,damage_class|signatures_plus_MAF_stack|XGBoost,,,,,,,,,,,,,,,,,,,,
figure_3_geometry_vs_signatures.csv,20260607T133931Z,HRD_Score,HRD score,main,Main,mc3_main,regression,Regression,burden_only,Mutational burden,burden_only,Mutational burden,no UGA atlas,No UGA atlas,elastic_net,Elastic net,linear,Linear,spearman,Spearman r,0.4973007995395391,,,,,,,,,,,,,,,,,772.0,3.0,5.0,1.0,,0.0,,,,,,,,,main_complete_panel_mc3_standard_features_31b1037b9abab190e15c34de,main_manuscript_complete_panel_oof_predictions.csv,main_manuscript_complete_panel_fold_metrics.csv,,5 outer KFold; inner 60/20 validation split,main_manuscript_complete_panel,main_manuscript_complete_panel_endpoint_results.csv,main_manuscript_complete_panel_endpoint_results.csv,60.0,main_manuscript_complete_panel,measured,main_manuscript_complete_panel,HRD_Score|burden_only|elastic_net,,,,,,,,,,,,,,,,,,,,
figure_3_geometry_vs_signatures.csv,20260607T133931Z,HRD_Score,HRD score,main,Main,mc3_main,regression,Regression,standard_sbs96_id83,SBS96 + ID83 spectra,signatures_only,Mutational signatures,no UGA atlas,No UGA atlas,elastic_net,Elastic net,linear,Linear,spearman,Spearman r,0.4305840299522571,,,,,,,,,,,,,,,,,772.0,182.0,5.0,1.0,,0.0,,,,,,,,,main_complete_panel_mc3_standard_features_28d6404e244a73722d16aa63,main_manuscript_complete_panel_oof_predictions.csv,main_manuscript_complete_panel_fold_metrics.csv,,5 outer KFold; inner 60/20 validation split,main_manuscript_complete_panel,main_manuscript_complete_panel_endpoint_results.csv,main_manuscript_complete_panel_endpoint_results.csv,60.0,main_manuscript_complete_panel,measured,main_manuscript_complete_panel,HRD_Score|signatures_only|elastic_net,,,,,,,,,,,,,,,,,,,,
figure_3_geometry_vs_signatures.csv,20260607T133931Z,HRD_Score,HRD score,main,Main,mc3_main,regression,Regression,MAF_stack_only,Bio MAF v4,MAF_stack_only,Bio MAF v4,no UGA atlas,No UGA atlas,elastic_net,Elastic net,linear,Linear,spearman,Spearman r,0.7098422629709749,,,,,,,,,,,,,,,,,772.0,948.0,5.0,1.0,,0.0,,,,,,,,,main_complete_panel_mc3_maf_stack_bio_v4_nested_fs_1a8fbb418519277c0e47e210,main_manuscript_complete_panel_oof_predictions.csv,main_manuscript_complete_panel_fold_metrics.csv,,5 outer KFold; inner 60/20 validation split,main_manuscript_complete_panel,main_manuscript_complete_panel_endpoint_results.csv,main_manuscript_complete_panel_endpoint_results.csv,60.0,main_manuscript_complete_panel,measured,main_manuscript_complete_panel,HRD_Score|MAF_stack_only|elastic_net,,,,,,,,,,,,,,,,,,,,
figure_3_geometry_vs_signatures.csv,20260607T133931Z,HRD_Score,HRD score,main,Main,mc3_main,regression,Regression,signatures_plus_MAF_stack,Signatures + Bio MAF v4,signatures_plus_MAF_stack,Signatures + Bio MAF v4,no UGA atlas,No UGA atlas,elastic_net,Elastic net,linear,Linear,spearman,Spearman r,0.7325519412628615,,,,,,,,,,,,,,,,,772.0,1130.0,5.0,1.0,,0.0,,,,,,,,,main_complete_panel_mc3_signatures_plus_maf_stack_bio_v4_nested_fs_8b5fd6dea3414b126012c153,main_manuscript_complete_panel_oof_predictions.csv,main_manuscript_complete_panel_fold_metrics.csv,,5 outer KFold; inner 60/20 validation split,main_manuscript_complete_panel,main_manuscript_complete_panel_endpoint_results.csv,main_manuscript_complete_panel_endpoint_results.csv,60.0,main_manuscript_complete_panel,measured,main_manuscript_complete_panel,HRD_Score|signatures_plus_MAF_stack|elastic_net,,,,,,,,,,,,,,,,,,,,
figure_3_geometry_vs_signatures.csv,20260607T133931Z,HRD_Score,HRD score,main,Main,mc3_main,regression,Regression,burden_only,Mutational burden,burden_only,Mutational burden,no UGA atlas,No UGA atlas,XGBoost,XGBoost,xgboost,XGBoost,spearman,Spearman r,0.5959593538275412,,,,,,,,,,,,,,,,,772.0,3.0,5.0,1.0,,0.0,,,,,,,,,main_complete_panel_mc3_standard_features_31b1037b9abab190e15c34de,main_manuscript_complete_panel_oof_predictions.csv,main_manuscript_complete_panel_fold_metrics.csv,,5 outer KFold; inner 60/20 validation split,main_manuscript_complete_panel,main_manuscript_complete_panel_endpoint_results.csv,main_manuscript_complete_panel_endpoint_results.csv,60.0,main_manuscript_complete_panel,measured,main_manuscript_complete_panel,HRD_Score|burden_only|XGBoost,,,,,,,,,,,,,,,,,,,,
figure_3_geometry_vs_signatures.csv,20260607T133931Z,HRD_Score,HRD score,main,Main,mc3_main,regression,Regression,standard_sbs96_id83,SBS96 + ID83 spectra,signatures_only,Mutational signatures,no UGA atlas,No UGA atlas,XGBoost,XGBoost,xgboost,XGBoost,spearman,Spearman r,0.7041263728795075,,,,,,,,,,,,,,,,,772.0,182.0,5.0,1.0,,0.0,,,,,,,,,main_complete_panel_mc3_standard_features_28d6404e244a73722d16aa63,main_manuscript_complete_panel_oof_predictions.csv,main_manuscript_complete_panel_fold_metrics.csv,,5 outer KFold; inner 60/20 validation split,main_manuscript_complete_panel,main_manuscript_complete_panel_endpoint_results.csv,main_manuscript_complete_panel_endpoint_results.csv,60.0,main_manuscript_complete_panel,measured,main_manuscript_complete_panel,HRD_Score|signatures_only|XGBoost,,,,,,,,,,,,,,,,,,,,
figure_3_geometry_vs_signatures.csv,20260607T133931Z,HRD_Score,HRD score,main,Main,mc3_main,regression,Regression,MAF_stack_only,Bio MAF v4,MAF_stack_only,Bio MAF v4,no UGA atlas,No UGA atlas,XGBoost,XGBoost,xgboost,XGBoost,spearman,Spearman r,0.7312465589900982,,,,,,,,,,,,,,,,,772.0,948.0,5.0,1.0,,0.0,,,,,,,,,main_complete_panel_mc3_maf_stack_bio_v4_nested_fs_1a8fbb418519277c0e47e210,main_manuscript_complete_panel_oof_predictions.csv,main_manuscript_complete_panel_fold_metrics.csv,,5 outer KFold; inner 60/20 validation split,main_manuscript_complete_panel,main_manuscript_complete_panel_endpoint_results.csv,main_manuscript_complete_panel_endpoint_results.csv,60.0,main_manuscript_complete_panel,measured,main_manuscript_complete_panel,HRD_Score|MAF_stack_only|XGBoost,,,,,,,,,,,,,,,,,,,,
figure_3_geometry_vs_signatures.csv,20260607T133931Z,HRD_Score,HRD score,main,Main,mc3_main,regression,Regression,signatures_plus_MAF_stack,Signatures + Bio MAF v4,signatures_plus_MAF_stack,Signatures + Bio MAF v4,no UGA atlas,No UGA atlas,XGBoost,XGBoost,xgboost,XGBoost,spearman,Spearman r,0.7809855446598942,,,,,,,,,,,,,,,,,772.0,1130.0,5.0,1.0,,0.0,,,,,,,,,main_complete_panel_mc3_signatures_plus_maf_stack_bio_v4_nested_fs_8b5fd6dea3414b126012c153,main_manuscript_complete_panel_oof_predictions.csv,main_manuscript_complete_panel_fold_metrics.csv,,5 outer KFold; inner 60/20 validation split,main_manuscript_complete_panel,main_manuscript_complete_panel_endpoint_results.csv,main_manuscript_complete_panel_endpoint_results.csv,60.0,main_manuscript_complete_panel,measured,main_manuscript_complete_panel,HRD_Score|signatures_plus_MAF_stack|XGBoost,,,,,,,,,,,,,,,,,,,,
figure_3_geometry_vs_signatures.csv,20260607T133931Z,hrd_binary_33,HRD33 high/low,main,Main,mc3_main,binary,Binary classification,burden_only,Mutational burden,burden_only,Mutational burden,no UGA atlas,No UGA atlas,elastic_net,Elastic net,linear,Linear,auroc,AUROC,0.788437708512058,,0.788437708512058,,0.5846253424287842,0.7370466321243523,0.7075970363404663,0.7075970363404663,0.7244066342579354,0.4189678184784221,,,,,,,,772.0,3.0,5.0,1.0,,0.0,,,,,,,,,main_complete_panel_mc3_standard_features_28d6404e244a73722d16aa63,main_manuscript_complete_panel_oof_predictions.csv,main_manuscript_complete_panel_fold_metrics.csv,,5 outer stratified folds; inner 60/20 stratified validation split,main_manuscript_complete_panel,main_manuscript_complete_panel_endpoint_results.csv,main_manuscript_complete_panel_endpoint_results.csv,60.0,main_manuscript_complete_panel,measured,main_manuscript_complete_panel,hrd_binary_33|burden_only|elastic_net,,,,,,,,,,,,,,,,,,,,
figure_3_geometry_vs_signatures.csv,20260607T133931Z,hrd_binary_33,HRD33 high/low,main,Main,mc3_main,binary,Binary classification,standard_sbs96_id83,SBS96 + ID83 spectra,signatures_only,Mutational signatures,no UGA atlas,No UGA atlas,elastic_net,Elastic net,linear,Linear,auroc,AUROC,0.773623423251676,,0.773623423251676,,0.6009888470809452,0.7487046632124352,0.7171092894110536,0.7171092894110536,0.7303561783115686,0.4364709069564432,,,,,,,,772.0,182.0,5.0,1.0,,0.0,,,,,,,,,main_complete_panel_mc3_standard_features_28d6404e244a73722d16aa63,main_manuscript_complete_panel_oof_predictions.csv,main_manuscript_complete_panel_fold_metrics.csv,,5 outer stratified folds; inner 60/20 stratified validation split,main_manuscript_complete_panel,main_manuscript_complete_panel_endpoint_results.csv,main_manuscript_complete_panel_endpoint_results.csv,60.0,main_manuscript_complete_panel,measured,main_manuscript_complete_panel,hrd_binary_33|signatures_only|elastic_net,,,,,,,,,,,,,,,,,,,,
figure_3_geometry_vs_signatures.csv,20260607T133931Z,hrd_binary_33,HRD33 high/low,main,Main,mc3_main,binary,Binary classification,MAF_stack_only,Bio MAF v4,MAF_stack_only,Bio MAF v4,no UGA atlas,No UGA atlas,elastic_net,Elastic net,linear,Linear,auroc,AUROC,0.830402249547231,,0.830402249547231,,0.6323108354274798,0.7733160621761658,0.7526796093399604,0.7526796093399604,0.7806135417659581,0.5112297762727562,,,,,,,,772.0,948.0,5.0,1.0,,0.0,,,,,,,,,main_complete_panel_mc3_maf_stack_bio_v4_nested_fs_1a8fbb418519277c0e47e210,main_manuscript_complete_panel_oof_predictions.csv,main_manuscript_complete_panel_fold_metrics.csv,,5 outer stratified folds; inner 60/20 stratified validation split,main_manuscript_complete_panel,main_manuscript_complete_panel_endpoint_results.csv,main_manuscript_complete_panel_endpoint_results.csv,60.0,main_manuscript_complete_panel,measured,main_manuscript_complete_panel,hrd_binary_33|MAF_stack_only|elastic_net,,,,,,,,,,,,,,,,,,,,
figure_3_geometry_vs_signatures.csv,20260607T133931Z,hrd_binary_33,HRD33 high/low,main,Main,mc3_main,binary,Binary classification,signatures_plus_MAF_stack,Signatures + Bio MAF v4,signatures_plus_MAF_stack,Signatures + Bio MAF v4,no UGA atlas,No UGA atlas,elastic_net,Elastic net,linear,Linear,auroc,AUROC,0.8463842023321576,,0.8463842023321576,,0.708710718919264,0.7862694300518135,0.7640302696294101,0.7640302696294101,0.7874924538493311,0.5319527322966577,,,,,,,,772.0,1130.0,5.0,1.0,,0.0,,,,,,,,,main_complete_panel_mc3_signatures_plus_maf_stack_bio_v4_nested_fs_8b5fd6dea3414b126012c153,main_manuscript_complete_panel_oof_predictions.csv,main_manuscript_complete_panel_fold_metrics.csv,,5 outer stratified folds; inner 60/20 stratified validation split,main_manuscript_complete_panel,main_manuscript_complete_panel_endpoint_results.csv,main_manuscript_complete_panel_endpoint_results.csv,60.0,main_manuscript_complete_panel,measured,main_manuscript_complete_panel,hrd_binary_33|signatures_plus_MAF_stack|elastic_net,,,,,,,,,,,,,,,,,,,,
figure_3_geometry_vs_signatures.csv,20260607T133931Z,hrd_binary_33,HRD33 high/low,main,Main,mc3_main,binary,Binary classification,burden_only,Mutational burden,burden_only,Mutational burden,no UGA atlas,No UGA atlas,XGBoost,XGBoost,xgboost,XGBoost,auroc,AUROC,0.8109014075556829,,0.8109014075556829,,0.620376930082578,0.7577720207253886,0.7393958758680697,0.7393958758680697,0.7730832777301179,0.4878529870867035,,,,,,,,772.0,3.0,5.0,1.0,,0.0,,,,,,,,,main_complete_panel_mc3_standard_features_28d6404e244a73722d16aa63,main_manuscript_complete_panel_oof_predictions.csv,main_manuscript_complete_panel_fold_metrics.csv,,5 outer stratified folds; inner 60/20 stratified validation split,main_manuscript_complete_panel,main_manuscript_complete_panel_endpoint_results.csv,main_manuscript_complete_panel_endpoint_results.csv,60.0,main_manuscript_complete_panel,measured,main_manuscript_complete_panel,hrd_binary_33|burden_only|XGBoost,,,,,,,,,,,,,,,,,,,,
figure_3_geometry_vs_signatures.csv,20260607T133931Z,hrd_binary_33,HRD33 high/low,main,Main,mc3_main,binary,Binary classification,standard_sbs96_id83,SBS96 + ID83 spectra,signatures_only,Mutational signatures,no UGA atlas,No UGA atlas,XGBoost,XGBoost,xgboost,XGBoost,auroc,AUROC,0.8449027738061196,,0.8449027738061196,,0.7221456972419918,0.7979274611398963,0.7657821652780695,0.7657821652780695,0.771709083976742,0.53185931523463,,,,,,,,772.0,182.0,5.0,1.0,,0.0,,,,,,,,,main_complete_panel_mc3_standard_features_28d6404e244a73722d16aa63,main_manuscript_complete_panel_oof_predictions.csv,main_manuscript_complete_panel_fold_metrics.csv,,5 outer stratified folds; inner 60/20 stratified validation split,main_manuscript_complete_panel,main_manuscript_complete_panel_endpoint_results.csv,main_manuscript_complete_panel_endpoint_results.csv,60.0,main_manuscript_complete_panel,measured,main_manuscript_complete_panel,hrd_binary_33|signatures_only|XGBoost,,,,,,,,,,,,,,,,,,,,
figure_3_geometry_vs_signatures.csv,20260607T133931Z,hrd_binary_33,HRD33 high/low,main,Main,mc3_main,binary,Binary classification,MAF_stack_only,Bio MAF v4,MAF_stack_only,Bio MAF v4,no UGA atlas,No UGA atlas,XGBoost,XGBoost,xgboost,XGBoost,auroc,AUROC,0.8567343437231912,,0.8567343437231912,,0.7201958276809691,0.7901554404145078,0.7664398246020303,0.7664398246020303,0.7866584056175134,0.5357959438192238,,,,,,,,772.0,948.0,5.0,1.0,,0.0,,,,,,,,,main_complete_panel_mc3_maf_stack_bio_v4_nested_fs_1a8fbb418519277c0e47e210,main_manuscript_complete_panel_oof_predictions.csv,main_manuscript_complete_panel_fold_metrics.csv,,5 outer stratified folds; inner 60/20 stratified validation split,main_manuscript_complete_panel,main_manuscript_complete_panel_endpoint_results.csv,main_manuscript_complete_panel_endpoint_results.csv,60.0,main_manuscript_complete_panel,measured,main_manuscript_complete_panel,hrd_binary_33|MAF_stack_only|XGBoost,,,,,,,,,,,,,,,,,,,,
figure_3_geometry_vs_signatures.csv,20260607T133931Z,hrd_binary_33,HRD33 high/low,main,Main,mc3_main,binary,Binary classification,signatures_plus_MAF_stack,Signatures + Bio MAF v4,signatures_plus_MAF_stack,Signatures + Bio MAF v4,no UGA atlas,No UGA atlas,XGBoost,XGBoost,xgboost,XGBoost,auroc,AUROC,0.86669923426429,,0.86669923426429,,0.7391314930707289,0.8186528497409327,0.7942226994752755,0.7942226994752755,0.8083118863788008,0.5895737764680864,,,,,,,,772.0,1130.0,5.0,1.0,,0.0,,,,,,,,,main_complete_panel_mc3_signatures_plus_maf_stack_bio_v4_nested_fs_8b5fd6dea3414b126012c153,main_manuscript_complete_panel_oof_predictions.csv,main_manuscript_complete_panel_fold_metrics.csv,,5 outer stratified folds; inner 60/20 stratified validation split,main_manuscript_complete_panel,main_manuscript_complete_panel_endpoint_results.csv,main_manuscript_complete_panel_endpoint_results.csv,60.0,main_manuscript_complete_panel,measured,main_manuscript_complete_panel,hrd_binary_33|signatures_plus_MAF_stack|XGBoost,,,,,,,,,,,,,,,,,,,,
figure_3_geometry_vs_signatures.csv,20260607T133931Z,cancer_type_top20,Cancer type (top 20),main,Main,mc3_main,multiclass,Multiclass classification,burden_only,Mutational burden,burden_only,Mutational burden,no UGA atlas,No UGA atlas,elastic_net,Elastic net,linear,Linear,macro_auroc,macro-AUROC,0.7806988905158254,,0.7806988905158254,0.7960544068073075,,0.2448863636363636,0.2105016915437985,0.2105016915437985,0.2492069611753795,0.2060123963140866,0.4921590909090909,0.6448863636363636,,,,,,8800.0,3.0,5.0,1.0,,0.0,,,,,,,,,main_complete_panel_mc3_standard_features_b51f8b5ae4d45407a30592e9,main_manuscript_complete_panel_oof_predictions.csv,main_manuscript_complete_panel_fold_metrics.csv,,5 outer stratified folds; inner 60/20 stratified validation split,main_manuscript_complete_panel,main_manuscript_complete_panel_endpoint_results.csv,main_manuscript_complete_panel_endpoint_results.csv,60.0,main_manuscript_complete_panel,measured,main_manuscript_complete_panel,cancer_type_top20|burden_only|elastic_net,,,,,,,,,,,,,,,,,,,,
figure_3_geometry_vs_signatures.csv,20260607T133931Z,cancer_type_top20,Cancer type (top 20),main,Main,mc3_main,multiclass,Multiclass classification,standard_sbs96_id83,SBS96 + ID83 spectra,signatures_only,Mutational signatures,no UGA atlas,No UGA atlas,elastic_net,Elastic net,linear,Linear,macro_auroc,macro-AUROC,0.9183512598771202,,0.9183512598771202,0.9218533723901696,,0.5125,0.5077062342197263,0.5077062342197263,0.5311280077859434,0.4863374147366981,0.7822727272727272,0.8789772727272728,,,,,,8800.0,182.0,5.0,1.0,,0.0,,,,,,,,,main_complete_panel_mc3_standard_features_b51f8b5ae4d45407a30592e9,main_manuscript_complete_panel_oof_predictions.csv,main_manuscript_complete_panel_fold_metrics.csv,,5 outer stratified folds; inner 60/20 stratified validation split,main_manuscript_complete_panel,main_manuscript_complete_panel_endpoint_results.csv,main_manuscript_complete_panel_endpoint_results.csv,60.0,main_manuscript_complete_panel,measured,main_manuscript_complete_panel,cancer_type_top20|signatures_only|elastic_net,,,,,,,,,,,,,,,,,,,,
figure_3_geometry_vs_signatures.csv,20260607T133931Z,cancer_type_top20,Cancer type (top 20),main,Main,mc3_main,multiclass,Multiclass classification,MAF_stack_only,Bio MAF v4,MAF_stack_only,Bio MAF v4,no UGA atlas,No UGA atlas,elastic_net,Elastic net,linear,Linear,macro_auroc,macro-AUROC,0.9313453563569716,,0.9313453563569716,0.9325053868529796,,0.5889772727272727,0.593489955303923,0.593489955303923,0.5846918473732353,0.5638776306641369,0.8068181818181818,0.8936363636363637,,,,,,8800.0,948.0,5.0,1.0,,0.0,,,,,,,,,main_complete_panel_mc3_maf_stack_bio_v4_nested_fs_d6edd8e534e20d8f3900f40a,main_manuscript_complete_panel_oof_predictions.csv,main_manuscript_complete_panel_fold_metrics.csv,,5 outer stratified folds; inner 60/20 stratified validation split,main_manuscript_complete_panel,main_manuscript_complete_panel_endpoint_results.csv,main_manuscript_complete_panel_endpoint_results.csv,60.0,main_manuscript_complete_panel,measured,main_manuscript_complete_panel,cancer_type_top20|MAF_stack_only|elastic_net,,,,,,,,,,,,,,,,,,,,
figure_3_geometry_vs_signatures.csv,20260607T133931Z,cancer_type_top20,Cancer type (top 20),main,Main,mc3_main,multiclass,Multiclass classification,signatures_plus_MAF_stack,Signatures + Bio MAF v4,signatures_plus_MAF_stack,Signatures + Bio MAF v4,no UGA atlas,No UGA atlas,elastic_net,Elastic net,linear,Linear,macro_auroc,macro-AUROC,0.9005457654769318,,0.9005457654769318,0.9005389292899086,,0.5735227272727272,0.5797784265322972,0.5797784265322972,0.5858466254680722,0.5484927364617955,0.8035227272727272,0.8690909090909091,,,,,,8800.0,1130.0,5.0,1.0,,0.0,,,,,,,,,main_complete_panel_mc3_signatures_plus_maf_stack_bio_v4_nested_fs_ad3d17da74c297af2e37dd43,main_manuscript_complete_panel_oof_predictions.csv,main_manuscript_complete_panel_fold_metrics.csv,,5 outer stratified folds; inner 60/20 stratified validation split,main_manuscript_complete_panel,main_manuscript_complete_panel_endpoint_results.csv,main_manuscript_complete_panel_endpoint_results.csv,60.0,main_manuscript_complete_panel,measured,main_manuscript_complete_panel,cancer_type_top20|signatures_plus_MAF_stack|elastic_net,,,,,,,,,,,,,,,,,,,,
figure_3_geometry_vs_signatures.csv,20260607T133931Z,cancer_type_top20,Cancer type (top 20),main,Main,mc3_main,multiclass,Multiclass classification,burden_only,Mutational burden,burden_only,Mutational burden,no UGA atlas,No UGA atlas,XGBoost,XGBoost,xgboost,XGBoost,macro_auroc,macro-AUROC,0.8080980706742714,,0.8080980706742714,0.8354459724336667,,0.28875,0.2380119236303373,0.2380119236303373,0.2540954256349878,0.2378331081278268,0.5634090909090909,0.6984090909090909,,,,,,8800.0,3.0,5.0,1.0,,0.0,,,,,,,,,main_complete_panel_mc3_standard_features_b51f8b5ae4d45407a30592e9,main_manuscript_complete_panel_oof_predictions.csv,main_manuscript_complete_panel_fold_metrics.csv,,5 outer stratified folds; inner 60/20 stratified validation split,main_manuscript_complete_panel,main_manuscript_complete_panel_endpoint_results.csv,main_manuscript_complete_panel_endpoint_results.csv,60.0,main_manuscript_complete_panel,measured,main_manuscript_complete_panel,cancer_type_top20|burden_only|XGBoost,,,,,,,,,,,,,,,,,,,,
figure_3_geometry_vs_signatures.csv,20260607T133931Z,cancer_type_top20,Cancer type (top 20),main,Main,mc3_main,multiclass,Multiclass classification,standard_sbs96_id83,SBS96 + ID83 spectra,signatures_only,Mutational signatures,no UGA atlas,No UGA atlas,XGBoost,XGBoost,xgboost,XGBoost,macro_auroc,macro-AUROC,0.9353987054872702,,0.9353987054872702,0.943658959058286,,0.5631818181818182,0.5490794601501003,0.5490794601501003,0.5398795555483545,0.5347768062736917,0.8207954545454546,0.899090909090909,,,,,,8800.0,182.0,5.0,1.0,,0.0,,,,,,,,,main_complete_panel_mc3_standard_features_b51f8b5ae4d45407a30592e9,main_manuscript_complete_panel_oof_predictions.csv,main_manuscript_complete_panel_fold_metrics.csv,,5 outer stratified folds; inner 60/20 stratified validation split,main_manuscript_complete_panel,main_manuscript_complete_panel_endpoint_results.csv,main_manuscript_complete_panel_endpoint_results.csv,60.0,main_manuscript_complete_panel,measured,main_manuscript_complete_panel,cancer_type_top20|signatures_only|XGBoost,,,,,,,,,,,,,,,,,,,,
figure_3_geometry_vs_signatures.csv,20260607T133931Z,cancer_type_top20,Cancer type (top 20),main,Main,mc3_main,multiclass,Multiclass classification,MAF_stack_only,Bio MAF v4,MAF_stack_only,Bio MAF v4,no UGA atlas,No UGA atlas,XGBoost,XGBoost,xgboost,XGBoost,macro_auroc,macro-AUROC,0.9586677215400228,,0.9586677215400228,0.9639956631959546,,0.6702272727272728,0.6704461965997327,0.6704461965997327,0.6677562414030127,0.6500478879241143,0.8656818181818182,0.9286363636363636,,,,,,8800.0,948.0,5.0,1.0,,0.0,,,,,,,,,main_complete_panel_mc3_maf_stack_bio_v4_nested_fs_d6edd8e534e20d8f3900f40a,main_manuscript_complete_panel_oof_predictions.csv,main_manuscript_complete_panel_fold_metrics.csv,,5 outer stratified folds; inner 60/20 stratified validation split,main_manuscript_complete_panel,main_manuscript_complete_panel_endpoint_results.csv,main_manuscript_complete_panel_endpoint_results.csv,60.0,main_manuscript_complete_panel,measured,main_manuscript_complete_panel,cancer_type_top20|MAF_stack_only|XGBoost,,,,,,,,,,,,,,,,,,,,
figure_3_geometry_vs_signatures.csv,20260607T133931Z,cancer_type_top20,Cancer type (top 20),main,Main,mc3_main,multiclass,Multiclass classification,signatures_plus_MAF_stack,Signatures + Bio MAF v4,signatures_plus_MAF_stack,Signatures + Bio MAF v4,no UGA atlas,No UGA atlas,XGBoost,XGBoost,xgboost,XGBoost,macro_auroc,macro-AUROC,0.975756575207822,,0.975756575207822,0.9780069683829924,,0.7436363636363637,0.7488494908953992,0.7488494908953992,0.7424171451086083,0.727768225184253,0.9090909090909092,0.9551136363636364,,,,,,8800.0,1130.0,5.0,1.0,,0.0,,,,,,,,,main_complete_panel_mc3_signatures_plus_maf_stack_bio_v4_nested_fs_9cce34fc4a9671061d0a7619,main_manuscript_complete_panel_oof_predictions.csv,main_manuscript_complete_panel_fold_metrics.csv,,5 outer stratified folds; inner 60/20 stratified validation split,main_manuscript_complete_panel,main_manuscript_complete_panel_endpoint_results.csv,main_manuscript_complete_panel_endpoint_results.csv,60.0,main_manuscript_complete_panel,measured,main_manuscript_complete_panel,cancer_type_top20|signatures_plus_MAF_stack|XGBoost,,,,,,,,,,,,,,,,,,,,
figure_3_geometry_vs_signatures.csv,20260607T133931Z,cancer_type_top20,Cancer type (top 20),main,Main,tcga_mc3_wes,multiclass,Multiclass classification,MuAt-compatible reimplementation,Muat Compatible Reimplementation,MuAt_style_attention_MIL,MuAt-compatible,no UGA atlas,No UGA atlas,MuAt-compatible reimplementation,MuAt-compatible,muat_compatible_qkv_attention,Muat Compatible Qkv Attention,macro_auroc,macro-AUROC,0.9202026152125976,0.9202026152125976,,0.9216432035667682,,0.5388636363636363,0.5202215298300465,0.5202215298300465,0.5335608330088428,0.5122910630721595,0.7747727272727273,0.8607954545454546,,,,,,8800.0,,5.0,1.0,,,,,,,,,,,,muat_style_tcga_comparator_cancer_type_top20_comparable_oof_predictions.csv,muat_style_tcga_comparator_cancer_type_top20_comparable_fold_metrics.csv,,5-fold OOF CV where available,muat_style_tcga_comparator,muat_style_tcga_comparator_cancer_type_top20_comparable_endpoint_results.csv,muat_style_tcga_comparator_cancer_type_top20_comparable_endpoint_results.csv,54.0,muat_style_tcga_comparator,measured,muat_style_tcga_comparator,cancer_type_top20|MuAt_style_attention_MIL|MuAt-compatible reimplementation,,,,,,,,,,,,,,,,,,,,
figure_3_geometry_vs_signatures.csv,20260607T133931Z,OS,Overall survival,main,Main,tcga_cdr_survival,survival,Survival,burden_only,Mutational burden,burden_only,Mutational burden,no UGA atlas,No UGA atlas,cox_ph,Cox PH,cox_ph,Cox Ph,c_index,Harrell C-index,0.5816893480061318,,,,,,,,,,,,,,,,,9986.0,3.0,5.0,1.0,,0.0,,,,,,,,,main_complete_panel_mc3_standard_features_059c6ad7664bed3ad37c6ddc,main_manuscript_complete_panel_oof_predictions.csv,main_manuscript_complete_panel_fold_metrics.csv,,5 outer event-stratified folds; inner 60/20 event-stratified validation split,main_manuscript_complete_panel,main_manuscript_complete_panel_endpoint_results.csv,main_manuscript_complete_panel_endpoint_results.csv,60.0,main_manuscript_complete_panel,measured,main_manuscript_complete_panel,OS|burden_only|cox_ph,,,,,,,,,,,,,,,,,,,,
figure_3_geometry_vs_signatures.csv,20260607T133931Z,OS,Overall survival,main,Main,tcga_cdr_survival,survival,Survival,standard_sbs96_id83,SBS96 + ID83 spectra,signatures_only,Mutational signatures,no UGA atlas,No UGA atlas,cox_ph,Cox PH,cox_ph,Cox Ph,c_index,Harrell C-index,0.6065431202452489,,,,,,,,,,,,,,,,,9986.0,182.0,5.0,1.0,,0.0,,,,,,,,,main_complete_panel_mc3_standard_features_059c6ad7664bed3ad37c6ddc,main_manuscript_complete_panel_oof_predictions.csv,main_manuscript_complete_panel_fold_metrics.csv,,5 outer event-stratified folds; inner 60/20 event-stratified validation split,main_manuscript_complete_panel,main_manuscript_complete_panel_endpoint_results.csv,main_manuscript_complete_panel_endpoint_results.csv,60.0,main_manuscript_complete_panel,measured,main_manuscript_complete_panel,OS|signatures_only|cox_ph,,,,,,,,,,,,,,,,,,,,
figure_3_geometry_vs_signatures.csv,20260607T133931Z,OS,Overall survival,main,Main,tcga_cdr_survival,survival,Survival,MAF_stack_only,Bio MAF v4,MAF_stack_only,Bio MAF v4,no UGA atlas,No UGA atlas,cox_ph,Cox PH,cox_ph,Cox Ph,c_index,Harrell C-index,0.6155057455775251,,,,,,,,,,,,,,,,,9986.0,948.0,5.0,1.0,,0.0,,,,,,,,,main_complete_panel_mc3_maf_stack_bio_v4_nested_fs_ac0575b1470e540a835db4f7,main_manuscript_complete_panel_oof_predictions.csv,main_manuscript_complete_panel_fold_metrics.csv,,5 outer event-stratified folds; inner 60/20 event-stratified validation split,main_manuscript_complete_panel,main_manuscript_complete_panel_endpoint_results.csv,main_manuscript_complete_panel_endpoint_results.csv,60.0,main_manuscript_complete_panel,measured,main_manuscript_complete_panel,OS|MAF_stack_only|cox_ph,,,,,,,,,,,,,,,,,,,,
figure_3_geometry_vs_signatures.csv,20260607T133931Z,OS,Overall survival,main,Main,tcga_cdr_survival,survival,Survival,signatures_plus_MAF_stack,Signatures + Bio MAF v4,signatures_plus_MAF_stack,Signatures + Bio MAF v4,no UGA atlas,No UGA atlas,cox_ph,Cox PH,cox_ph,Cox Ph,c_index,Harrell C-index,0.6326136821863003,,,,,,,,,,,,,,,,,9986.0,1130.0,5.0,1.0,,0.0,,,,,,,,,main_complete_panel_mc3_signatures_plus_maf_stack_bio_v4_nested_fs_70333d828a06960826cdc3d8,main_manuscript_complete_panel_oof_predictions.csv,main_manuscript_complete_panel_fold_metrics.csv,,5 outer event-stratified folds; inner 60/20 event-stratified validation split,main_manuscript_complete_panel,main_manuscript_complete_panel_endpoint_results.csv,main_manuscript_complete_panel_endpoint_results.csv,60.0,main_manuscript_complete_panel,measured,main_manuscript_complete_panel,OS|signatures_plus_MAF_stack|cox_ph,,,,,,,,,,,,,,,,,,,,
figure_4_maf_stack_vs_signatures.csv,20260607T133931Z,damage_class,Kucab damage class,main,Main,kucab_damage_class,multiclass_grouped,Grouped multiclass,standard_sbs96_dbs78_id83,SBS96 + DBS78 + ID83 spectra,signatures_only,Mutational signatures,no UGA atlas,No UGA atlas,elastic_net,Elastic net,linear,Linear,macro_auroc,macro-AUROC,0.6285807561919383,,0.6285807561919383,0.6981367941103186,,0.3590733590733591,0.2948163337833668,0.2948163337833668,0.2885931840289724,0.2393673483829878,0.640926640926641,0.7837837837837838,,,,,,259.0,261.0,5.0,1.0,,0.0,,,,,,,,,kucab_event_inventory_kucab_damage_class_7e1e0eaeb4b58637ff428f99,main_manuscript_complete_panel_oof_predictions.csv,main_manuscript_complete_panel_fold_metrics.csv,,5 outer StratifiedGroupKFold; inner 60/20 grouped validation split,main_manuscript_complete_panel,main_manuscript_complete_panel_endpoint_results.csv,main_manuscript_complete_panel_endpoint_results.csv,60.0,main_manuscript_complete_panel,measured,main_manuscript_complete_panel,damage_class|signatures_only|elastic_net,,,,,,,,,,,,,,,,,,,,
figure_4_maf_stack_vs_signatures.csv,20260607T133931Z,damage_class,Kucab damage class,main,Main,kucab_damage_class,multiclass_grouped,Grouped multiclass,MAF_stack_only,Bio MAF v4,MAF_stack_only,Bio MAF v4,no UGA atlas,No UGA atlas,elastic_net,Elastic net,linear,Linear,macro_auroc,macro-AUROC,0.5788877910474943,,0.5788877910474943,0.6310409377149587,,0.2972972972972973,0.2289664192691329,0.2289664192691329,0.2309919353189444,0.1589558763180902,0.5868725868725869,0.7606177606177607,,,,0.05189620758483034,0.0764786217039605,259.0,2980.0,5.0,1.0,,0.0,,,,,,,,,main_complete_panel_kucab_event_stack_8cfe931adff38826812227a8,main_manuscript_complete_panel_oof_predictions.csv,main_manuscript_complete_panel_fold_metrics.csv,,5 outer StratifiedGroupKFold; inner 60/20 grouped validation split,main_manuscript_complete_panel,main_manuscript_complete_panel_endpoint_results.csv,main_manuscript_complete_panel_endpoint_results.csv,60.0,main_manuscript_complete_panel,measured,main_manuscript_complete_panel,damage_class|MAF_stack_only|elastic_net,figure_4:maf_stack_vs_signatures,signatures_only,Mutational signatures,MAF_stack_only,Bio MAF v4,-0.04969296514444399,paired_bootstrap_macro_auroc,0.0778443113772455,.,,,,,,,,,,,
figure_4_maf_stack_vs_signatures.csv,20260607T133931Z,damage_class,Kucab damage class,main,Main,kucab_damage_class,multiclass_grouped,Grouped multiclass,signatures_plus_MAF_stack,Signatures + Bio MAF v4,signatures_plus_MAF_stack,Signatures + Bio MAF v4,no UGA atlas,No UGA atlas,elastic_net,Elastic net,linear,Linear,macro_auroc,macro-AUROC,0.680471733642938,,0.680471733642938,0.7174322301183856,,0.3899613899613899,0.2987798468066313,0.2987798468066313,0.307805083024862,0.2596117312876553,0.6293436293436293,0.7992277992277992,,,,0.011976047904191617,0.02053036783575706,259.0,3241.0,5.0,1.0,,0.0,,,,,,,,,main_complete_panel_kucab_signatures_plus_event_stack_d0429a3e881bc2400a0c7fc2,main_manuscript_complete_panel_oof_predictions.csv,main_manuscript_complete_panel_fold_metrics.csv,,5 outer StratifiedGroupKFold; inner 60/20 grouped validation split,main_manuscript_complete_panel,main_manuscript_complete_panel_endpoint_results.csv,main_manuscript_complete_panel_endpoint_results.csv,60.0,main_manuscript_complete_panel,measured,main_manuscript_complete_panel,damage_class|signatures_plus_MAF_stack|elastic_net,figure_4:sig_maf_vs_signatures,signatures_only,Mutational signatures,signatures_plus_MAF_stack,Signatures + Bio MAF v4,0.0518699996036065,paired_bootstrap_macro_auroc,0.020530367835757058,*,,,,,,,,,,,
figure_4_maf_stack_vs_signatures.csv,20260607T133931Z,damage_class,Kucab damage class,main,Main,kucab_damage_class,multiclass_grouped,Grouped multiclass,standard_sbs96_dbs78_id83,SBS96 + DBS78 + ID83 spectra,signatures_only,Mutational signatures,no UGA atlas,No UGA atlas,XGBoost,XGBoost,xgboost,XGBoost,macro_auroc,macro-AUROC,0.6362231093274339,,0.6362231093274339,0.6896715484691216,,0.3436293436293436,0.2197982300923477,0.2197982300923477,0.2376231278558462,0.1954317039744175,0.5482625482625483,0.7799227799227799,,,,,,259.0,261.0,5.0,1.0,,0.0,,,,,,,,,kucab_event_inventory_kucab_damage_class_7e1e0eaeb4b58637ff428f99,main_manuscript_complete_panel_oof_predictions.csv,main_manuscript_complete_panel_fold_metrics.csv,,5 outer StratifiedGroupKFold; inner 60/20 grouped validation split,main_manuscript_complete_panel,main_manuscript_complete_panel_endpoint_results.csv,main_manuscript_complete_panel_endpoint_results.csv,60.0,main_manuscript_complete_panel,measured,main_manuscript_complete_panel,damage_class|signatures_only|XGBoost,,,,,,,,,,,,,,,,,,,,
figure_4_maf_stack_vs_signatures.csv,20260607T133931Z,damage_class,Kucab damage class,main,Main,kucab_damage_class,multiclass_grouped,Grouped multiclass,MAF_stack_only,Bio MAF v4,MAF_stack_only,Bio MAF v4,no UGA atlas,No UGA atlas,XGBoost,XGBoost,xgboost,XGBoost,macro_auroc,macro-AUROC,0.5286441928023171,,0.5286441928023171,0.6508272514891379,,0.2895752895752895,0.1641430962628954,0.1641430962628954,0.1882472652614064,0.1247589487410238,0.6138996138996139,0.749034749034749,,,,0.003992015968063872,0.007621121393576483,259.0,2980.0,5.0,1.0,,0.0,,,,,,,,,main_complete_panel_kucab_event_stack_bcef5265e52003b77e15eb71,main_manuscript_complete_panel_oof_predictions.csv,main_manuscript_complete_panel_fold_metrics.csv,,5 outer StratifiedGroupKFold; inner 60/20 grouped validation split,main_manuscript_complete_panel,main_manuscript_complete_panel_endpoint_results.csv,main_manuscript_complete_panel_endpoint_results.csv,60.0,main_manuscript_complete_panel,measured,main_manuscript_complete_panel,damage_class|MAF_stack_only|XGBoost,figure_4:maf_stack_vs_signatures,signatures_only,Mutational signatures,MAF_stack_only,Bio MAF v4,-0.10757891652511675,paired_bootstrap_macro_auroc,0.007563819728963126,**,,,,,,,,,,,
figure_4_maf_stack_vs_signatures.csv,20260607T133931Z,damage_class,Kucab damage class,main,Main,kucab_damage_class,multiclass_grouped,Grouped multiclass,signatures_plus_MAF_stack,Signatures + Bio MAF v4,signatures_plus_MAF_stack,Signatures + Bio MAF v4,no UGA atlas,No UGA atlas,XGBoost,XGBoost,xgboost,XGBoost,macro_auroc,macro-AUROC,0.5781630789093988,,0.5781630789093988,0.6706093060202272,,0.2857142857142857,0.1603296092692264,0.1603296092692264,0.1844800407114751,0.1192257495266631,0.5598455598455598,0.7760617760617761,,,,0.015968063872255488,0.026300340495479628,259.0,3241.0,5.0,1.0,,0.0,,,,,,,,,main_complete_panel_kucab_signatures_plus_event_stack_a42a2e06dc5899a8da4abd09,main_manuscript_complete_panel_oof_predictions.csv,main_manuscript_complete_panel_fold_metrics.csv,,5 outer StratifiedGroupKFold; inner 60/20 grouped validation split,main_manuscript_complete_panel,main_manuscript_complete_panel_endpoint_results.csv,main_manuscript_complete_panel_endpoint_results.csv,60.0,main_manuscript_complete_panel,measured,main_manuscript_complete_panel,damage_class|signatures_plus_MAF_stack|XGBoost,figure_4:sig_maf_vs_signatures,signatures_only,Mutational signatures,signatures_plus_MAF_stack,Signatures + Bio MAF v4,-0.05806003041803509,paired_bootstrap_macro_auroc,0.0261295590636908,*,,,,,,,,,,,
figure_4_maf_stack_vs_signatures.csv,20260607T133931Z,HRD_Score,HRD score,main,Main,mc3_main,regression,Regression,standard_sbs96_id83,SBS96 + ID83 spectra,signatures_only,Mutational signatures,no UGA atlas,No UGA atlas,elastic_net,Elastic net,linear,Linear,spearman,Spearman r,0.4305840299522571,,,,,,,,,,,,,,,,,772.0,182.0,5.0,1.0,,0.0,,,,,,,,,main_complete_panel_mc3_standard_features_28d6404e244a73722d16aa63,main_manuscript_complete_panel_oof_predictions.csv,main_manuscript_complete_panel_fold_metrics.csv,,5 outer KFold; inner 60/20 validation split,main_manuscript_complete_panel,main_manuscript_complete_panel_endpoint_results.csv,main_manuscript_complete_panel_endpoint_results.csv,60.0,main_manuscript_complete_panel,measured,main_manuscript_complete_panel,HRD_Score|signatures_only|elastic_net,,,,,,,,,,,,,,,,,,,,
figure_4_maf_stack_vs_signatures.csv,20260607T133931Z,HRD_Score,HRD score,main,Main,mc3_main,regression,Regression,MAF_stack_only,Bio MAF v4,MAF_stack_only,Bio MAF v4,no UGA atlas,No UGA atlas,elastic_net,Elastic net,linear,Linear,spearman,Spearman r,0.7098422629709749,,,,,,,,,,,,,,,0.003992015968063872,0.007621121393576483,772.0,948.0,5.0,1.0,,0.0,,,,,,,,,main_complete_panel_mc3_maf_stack_bio_v4_nested_fs_1a8fbb418519277c0e47e210,main_manuscript_complete_panel_oof_predictions.csv,main_manuscript_complete_panel_fold_metrics.csv,,5 outer KFold; inner 60/20 validation split,main_manuscript_complete_panel,main_manuscript_complete_panel_endpoint_results.csv,main_manuscript_complete_panel_endpoint_results.csv,60.0,main_manuscript_complete_panel,measured,main_manuscript_complete_panel,HRD_Score|MAF_stack_only|elastic_net,figure_4:maf_stack_vs_signatures,signatures_only,Mutational signatures,MAF_stack_only,Bio MAF v4,0.2792582330187179,paired_bootstrap_spearman,0.007563819728963126,**,,,,,,,,,,,
figure_4_maf_stack_vs_signatures.csv,20260607T133931Z,HRD_Score,HRD score,main,Main,mc3_main,regression,Regression,signatures_plus_MAF_stack,Signatures + Bio MAF v4,signatures_plus_MAF_stack,Signatures + Bio MAF v4,no UGA atlas,No UGA atlas,elastic_net,Elastic net,linear,Linear,spearman,Spearman r,0.7325519412628615,,,,,,,,,,,,,,,0.003992015968063872,0.007621121393576483,772.0,1130.0,5.0,1.0,,0.0,,,,,,,,,main_complete_panel_mc3_signatures_plus_maf_stack_bio_v4_nested_fs_8b5fd6dea3414b126012c153,main_manuscript_complete_panel_oof_predictions.csv,main_manuscript_complete_panel_fold_metrics.csv,,5 outer KFold; inner 60/20 validation split,main_manuscript_complete_panel,main_manuscript_complete_panel_endpoint_results.csv,main_manuscript_complete_panel_endpoint_results.csv,60.0,main_manuscript_complete_panel,measured,main_manuscript_complete_panel,HRD_Score|signatures_plus_MAF_stack|elastic_net,figure_4:sig_maf_vs_signatures,signatures_only,Mutational signatures,signatures_plus_MAF_stack,Signatures + Bio MAF v4,0.3019679113106044,paired_bootstrap_spearman,0.007563819728963126,**,,,,,,,,,,,
figure_4_maf_stack_vs_signatures.csv,20260607T133931Z,HRD_Score,HRD score,main,Main,mc3_main,regression,Regression,standard_sbs96_id83,SBS96 + ID83 spectra,signatures_only,Mutational signatures,no UGA atlas,No UGA atlas,XGBoost,XGBoost,xgboost,XGBoost,spearman,Spearman r,0.7041263728795075,,,,,,,,,,,,,,,,,772.0,182.0,5.0,1.0,,0.0,,,,,,,,,main_complete_panel_mc3_standard_features_28d6404e244a73722d16aa63,main_manuscript_complete_panel_oof_predictions.csv,main_manuscript_complete_panel_fold_metrics.csv,,5 outer KFold; inner 60/20 validation split,main_manuscript_complete_panel,main_manuscript_complete_panel_endpoint_results.csv,main_manuscript_complete_panel_endpoint_results.csv,60.0,main_manuscript_complete_panel,measured,main_manuscript_complete_panel,HRD_Score|signatures_only|XGBoost,,,,,,,,,,,,,,,,,,,,
figure_4_maf_stack_vs_signatures.csv,20260607T133931Z,HRD_Score,HRD score,main,Main,mc3_main,regression,Regression,MAF_stack_only,Bio MAF v4,MAF_stack_only,Bio MAF v4,no UGA atlas,No UGA atlas,XGBoost,XGBoost,xgboost,XGBoost,spearman,Spearman r,0.7312465589900982,,,,,,,,,,,,,,,0.1277445109780439,0.16258392306296496,772.0,948.0,5.0,1.0,,0.0,,,,,,,,,main_complete_panel_mc3_maf_stack_bio_v4_nested_fs_1a8fbb418519277c0e47e210,main_manuscript_complete_panel_oof_predictions.csv,main_manuscript_complete_panel_fold_metrics.csv,,5 outer KFold; inner 60/20 validation split,main_manuscript_complete_panel,main_manuscript_complete_panel_endpoint_results.csv,main_manuscript_complete_panel_endpoint_results.csv,60.0,main_manuscript_complete_panel,measured,main_manuscript_complete_panel,HRD_Score|MAF_stack_only|XGBoost,figure_4:maf_stack_vs_signatures,signatures_only,Mutational signatures,MAF_stack_only,Bio MAF v4,0.02712018611059064,paired_bootstrap_spearman,0.16424294268605646,,,,,,,,,,,,
figure_4_maf_stack_vs_signatures.csv,20260607T133931Z,HRD_Score,HRD score,main,Main,mc3_main,regression,Regression,signatures_plus_MAF_stack,Signatures + Bio MAF v4,signatures_plus_MAF_stack,Signatures + Bio MAF v4,no UGA atlas,No UGA atlas,XGBoost,XGBoost,xgboost,XGBoost,spearman,Spearman r,0.7809855446598942,,,,,,,,,,,,,,,0.003992015968063872,0.007621121393576483,772.0,1130.0,5.0,1.0,,0.0,,,,,,,,,main_complete_panel_mc3_signatures_plus_maf_stack_bio_v4_nested_fs_8b5fd6dea3414b126012c153,main_manuscript_complete_panel_oof_predictions.csv,main_manuscript_complete_panel_fold_metrics.csv,,5 outer KFold; inner 60/20 validation split,main_manuscript_complete_panel,main_manuscript_complete_panel_endpoint_results.csv,main_manuscript_complete_panel_endpoint_results.csv,60.0,main_manuscript_complete_panel,measured,main_manuscript_complete_panel,HRD_Score|signatures_plus_MAF_stack|XGBoost,figure_4:sig_maf_vs_signatures,signatures_only,Mutational signatures,signatures_plus_MAF_stack,Signatures + Bio MAF v4,0.0768591717803867,paired_bootstrap_spearman,0.007563819728963126,**,,,,,,,,,,,
figure_4_maf_stack_vs_signatures.csv,20260607T133931Z,hrd_binary_24,HRD24 high/low,main,Main,mc3_main,binary,Binary classification,standard_sbs96_id83,SBS96 + ID83 spectra,signatures_only,Mutational signatures,no UGA atlas,No UGA atlas,elastic_net,Elastic net,linear,Linear,auroc,AUROC,0.7577126167118527,,0.7577126167118527,,0.7137551411291632,0.7007772020725389,0.6988972804311597,0.6988972804311597,0.6991318869289487,0.3978199794694472,,,,,,,,772.0,182.0,5.0,1.0,,0.0,,,,,,,,,main_complete_panel_mc3_standard_features_28d6404e244a73722d16aa63,main_manuscript_complete_panel_oof_predictions.csv,main_manuscript_complete_panel_fold_metrics.csv,,5 outer stratified folds; inner 60/20 stratified validation split,main_manuscript_complete_panel,main_manuscript_complete_panel_endpoint_results.csv,main_manuscript_complete_panel_endpoint_results.csv,60.0,main_manuscript_complete_panel,measured,main_manuscript_complete_panel,hrd_binary_24|signatures_only|elastic_net,,,,,,,,,,,,,,,,,,,,
figure_4_maf_stack_vs_signatures.csv,20260607T133931Z,hrd_binary_24,HRD24 high/low,main,Main,mc3_main,binary,Binary classification,MAF_stack_only,Bio MAF v4,MAF_stack_only,Bio MAF v4,no UGA atlas,No UGA atlas,elastic_net,Elastic net,linear,Linear,auroc,AUROC,0.8164049030809901,,0.8164049030809901,,0.7525779099393041,0.7564766839378239,0.7524881476175859,0.7524881476175859,0.7511138756110258,0.5058392520309701,,,,,,0.0015386706126063058,0.007621121393576483,772.0,948.0,5.0,1.0,,0.0,,,,,,,,,main_complete_panel_mc3_maf_stack_bio_v4_nested_fs_1a8fbb418519277c0e47e210,main_manuscript_complete_panel_oof_predictions.csv,main_manuscript_complete_panel_fold_metrics.csv,,5 outer stratified folds; inner 60/20 stratified validation split,main_manuscript_complete_panel,main_manuscript_complete_panel_endpoint_results.csv,main_manuscript_complete_panel_endpoint_results.csv,60.0,main_manuscript_complete_panel,measured,main_manuscript_complete_panel,hrd_binary_24|MAF_stack_only|elastic_net,figure_4:maf_stack_vs_signatures,signatures_only,Mutational signatures,MAF_stack_only,Bio MAF v4,0.05869228636913726,paired_delong_auroc,0.007563819728963126,**,,,,,,,,,,,
figure_4_maf_stack_vs_signatures.csv,20260607T133931Z,hrd_binary_24,HRD24 high/low,main,Main,mc3_main,binary,Binary classification,signatures_plus_MAF_stack,Signatures + Bio MAF v4,signatures_plus_MAF_stack,Signatures + Bio MAF v4,no UGA atlas,No UGA atlas,elastic_net,Elastic net,linear,Linear,auroc,AUROC,0.8228549020668393,,0.8228549020668393,,0.7929889486367799,0.7759067357512953,0.7736549982628738,0.7736549982628738,0.773029674051938,0.5474028086536897,,,,,,1.9053451093598932e-05,0.00026674831531038504,772.0,1130.0,5.0,1.0,,0.0,,,,,,,,,main_complete_panel_mc3_signatures_plus_maf_stack_bio_v4_nested_fs_8b5fd6dea3414b126012c153,main_manuscript_complete_panel_oof_predictions.csv,main_manuscript_complete_panel_fold_metrics.csv,,5 outer stratified folds; inner 60/20 stratified validation split,main_manuscript_complete_panel,main_manuscript_complete_panel_endpoint_results.csv,main_manuscript_complete_panel_endpoint_results.csv,60.0,main_manuscript_complete_panel,measured,main_manuscript_complete_panel,hrd_binary_24|signatures_plus_MAF_stack|elastic_net,figure_4:sig_maf_vs_signatures,signatures_only,Mutational signatures,signatures_plus_MAF_stack,Signatures + Bio MAF v4,0.06514228535498656,paired_delong_auroc,0.0001714810598423904,***,,,,,,,,,,,
figure_4_maf_stack_vs_signatures.csv,20260607T133931Z,hrd_binary_24,HRD24 high/low,main,Main,mc3_main,binary,Binary classification,standard_sbs96_id83,SBS96 + ID83 spectra,signatures_only,Mutational signatures,no UGA atlas,No UGA atlas,XGBoost,XGBoost,xgboost,XGBoost,auroc,AUROC,0.8228379995537737,,0.8228379995537737,,0.815201617845539,0.7746113989637305,0.7724056603773585,0.7724056603773585,0.7718363566295037,0.5448884311240911,,,,,,,,772.0,182.0,5.0,1.0,,0.0,,,,,,,,,main_complete_panel_mc3_standard_features_28d6404e244a73722d16aa63,main_manuscript_complete_panel_oof_predictions.csv,main_manuscript_complete_panel_fold_metrics.csv,,5 outer stratified folds; inner 60/20 stratified validation split,main_manuscript_complete_panel,main_manuscript_complete_panel_endpoint_results.csv,main_manuscript_complete_panel_endpoint_results.csv,60.0,main_manuscript_complete_panel,measured,main_manuscript_complete_panel,hrd_binary_24|signatures_only|XGBoost,,,,,,,,,,,,,,,,,,,,
figure_4_maf_stack_vs_signatures.csv,20260607T133931Z,hrd_binary_24,HRD24 high/low,main,Main,mc3_main,binary,Binary classification,MAF_stack_only,Bio MAF v4,MAF_stack_only,Bio MAF v4,no UGA atlas,No UGA atlas,XGBoost,XGBoost,xgboost,XGBoost,auroc,AUROC,0.8398486887030363,,0.8398486887030363,,0.8193776538817622,0.7772020725388601,0.7761066184653362,0.7761066184653362,0.7769003495439701,0.5523219354969218,,,,,,0.23646098861825784,0.28375318634190944,772.0,948.0,5.0,1.0,,0.0,,,,,,,,,main_complete_panel_mc3_maf_stack_bio_v4_nested_fs_1a8fbb418519277c0e47e210,main_manuscript_complete_panel_oof_predictions.csv,main_manuscript_complete_panel_fold_metrics.csv,,5 outer stratified folds; inner 60/20 stratified validation split,main_manuscript_complete_panel,main_manuscript_complete_panel_endpoint_results.csv,main_manuscript_complete_panel_endpoint_results.csv,60.0,main_manuscript_complete_panel,measured,main_manuscript_complete_panel,hrd_binary_24|MAF_stack_only|XGBoost,figure_4:maf_stack_vs_signatures,signatures_only,Mutational signatures,MAF_stack_only,Bio MAF v4,0.01701068914926296,paired_delong_auroc,0.28140632063358006,,,,,,,,,,,,
figure_4_maf_stack_vs_signatures.csv,20260607T133931Z,hrd_binary_24,HRD24 high/low,main,Main,mc3_main,binary,Binary classification,signatures_plus_MAF_stack,Signatures + Bio MAF v4,signatures_plus_MAF_stack,Signatures + Bio MAF v4,no UGA atlas,No UGA atlas,XGBoost,XGBoost,xgboost,XGBoost,auroc,AUROC,0.836579742676141,,0.836579742676141,,0.8302280055090302,0.7823834196891192,0.7803653803166088,0.7803653803166088,0.7798887138539758,0.5607783640267402,,,,,,0.2135144713848446,0.2637531705342198,772.0,1130.0,5.0,1.0,,0.0,,,,,,,,,main_complete_panel_mc3_signatures_plus_maf_stack_bio_v4_nested_fs_8b5fd6dea3414b126012c153,main_manuscript_complete_panel_oof_predictions.csv,main_manuscript_complete_panel_fold_metrics.csv,,5 outer stratified folds; inner 60/20 stratified validation split,main_manuscript_complete_panel,main_manuscript_complete_panel_endpoint_results.csv,main_manuscript_complete_panel_endpoint_results.csv,60.0,main_manuscript_complete_panel,measured,main_manuscript_complete_panel,hrd_binary_24|signatures_plus_MAF_stack|XGBoost,figure_4:sig_maf_vs_signatures,signatures_only,Mutational signatures,signatures_plus_MAF_stack,Signatures + Bio MAF v4,0.013741743122367645,paired_delong_auroc,0.26505244723635885,,,,,,,,,,,,
figure_4_maf_stack_vs_signatures.csv,20260607T133931Z,hrd_binary_33,HRD33 high/low,main,Main,mc3_main,binary,Binary classification,standard_sbs96_id83,SBS96 + ID83 spectra,signatures_only,Mutational signatures,no UGA atlas,No UGA atlas,elastic_net,Elastic net,linear,Linear,auroc,AUROC,0.773623423251676,,0.773623423251676,,0.6009888470809452,0.7487046632124352,0.7171092894110536,0.7171092894110536,0.7303561783115686,0.4364709069564432,,,,,,,,772.0,182.0,5.0,1.0,,0.0,,,,,,,,,main_complete_panel_mc3_standard_features_28d6404e244a73722d16aa63,main_manuscript_complete_panel_oof_predictions.csv,main_manuscript_complete_panel_fold_metrics.csv,,5 outer stratified folds; inner 60/20 stratified validation split,main_manuscript_complete_panel,main_manuscript_complete_panel_endpoint_results.csv,main_manuscript_complete_panel_endpoint_results.csv,60.0,main_manuscript_complete_panel,measured,main_manuscript_complete_panel,hrd_binary_33|signatures_only|elastic_net,,,,,,,,,,,,,,,,,,,,
figure_4_maf_stack_vs_signatures.csv,20260607T133931Z,hrd_binary_33,HRD33 high/low,main,Main,mc3_main,binary,Binary classification,MAF_stack_only,Bio MAF v4,MAF_stack_only,Bio MAF v4,no UGA atlas,No UGA atlas,elastic_net,Elastic net,linear,Linear,auroc,AUROC,0.830402249547231,,0.830402249547231,,0.6323108354274798,0.7733160621761658,0.7526796093399604,0.7526796093399604,0.7806135417659581,0.5112297762727562,,,,,,0.004553124716928844,0.008314401657000498,772.0,948.0,5.0,1.0,,0.0,,,,,,,,,main_complete_panel_mc3_maf_stack_bio_v4_nested_fs_1a8fbb418519277c0e47e210,main_manuscript_complete_panel_oof_predictions.csv,main_manuscript_complete_panel_fold_metrics.csv,,5 outer stratified folds; inner 60/20 stratified validation split,main_manuscript_complete_panel,main_manuscript_complete_panel_endpoint_results.csv,main_manuscript_complete_panel_endpoint_results.csv,60.0,main_manuscript_complete_panel,measured,main_manuscript_complete_panel,hrd_binary_33|MAF_stack_only|elastic_net,figure_4:maf_stack_vs_signatures,signatures_only,Mutational signatures,MAF_stack_only,Bio MAF v4,0.05677882629555486,paired_delong_auroc,0.008195624490471919,**,,,,,,,,,,,
figure_4_maf_stack_vs_signatures.csv,20260607T133931Z,hrd_binary_33,HRD33 high/low,main,Main,mc3_main,binary,Binary classification,signatures_plus_MAF_stack,Signatures + Bio MAF v4,signatures_plus_MAF_stack,Signatures + Bio MAF v4,no UGA atlas,No UGA atlas,elastic_net,Elastic net,linear,Linear,auroc,AUROC,0.8463842023321576,,0.8463842023321576,,0.708710718919264,0.7862694300518135,0.7640302696294101,0.7640302696294101,0.7874924538493311,0.5319527322966577,,,,,,1.2940974671081586e-05,0.00026674831531038504,772.0,1130.0,5.0,1.0,,0.0,,,,,,,,,main_complete_panel_mc3_signatures_plus_maf_stack_bio_v4_nested_fs_8b5fd6dea3414b126012c153,main_manuscript_complete_panel_oof_predictions.csv,main_manuscript_complete_panel_fold_metrics.csv,,5 outer stratified folds; inner 60/20 stratified validation split,main_manuscript_complete_panel,main_manuscript_complete_panel_endpoint_results.csv,main_manuscript_complete_panel_endpoint_results.csv,60.0,main_manuscript_complete_panel,measured,main_manuscript_complete_panel,hrd_binary_33|signatures_plus_MAF_stack|elastic_net,figure_4:sig_maf_vs_signatures,signatures_only,Mutational signatures,signatures_plus_MAF_stack,Signatures + Bio MAF v4,0.07276077908048162,paired_delong_auroc,0.00015529169605297904,***,,,,,,,,,,,
figure_4_maf_stack_vs_signatures.csv,20260607T133931Z,hrd_binary_33,HRD33 high/low,main,Main,mc3_main,binary,Binary classification,standard_sbs96_id83,SBS96 + ID83 spectra,signatures_only,Mutational signatures,no UGA atlas,No UGA atlas,XGBoost,XGBoost,xgboost,XGBoost,auroc,AUROC,0.8449027738061196,,0.8449027738061196,,0.7221456972419918,0.7979274611398963,0.7657821652780695,0.7657821652780695,0.771709083976742,0.53185931523463,,,,,,,,772.0,182.0,5.0,1.0,,0.0,,,,,,,,,main_complete_panel_mc3_standard_features_28d6404e244a73722d16aa63,main_manuscript_complete_panel_oof_predictions.csv,main_manuscript_complete_panel_fold_metrics.csv,,5 outer stratified folds; inner 60/20 stratified validation split,main_manuscript_complete_panel,main_manuscript_complete_panel_endpoint_results.csv,main_manuscript_complete_panel_endpoint_results.csv,60.0,main_manuscript_complete_panel,measured,main_manuscript_complete_panel,hrd_binary_33|signatures_only|XGBoost,,,,,,,,,,,,,,,,,,,,
figure_4_maf_stack_vs_signatures.csv,20260607T133931Z,hrd_binary_33,HRD33 high/low,main,Main,mc3_main,binary,Binary classification,MAF_stack_only,Bio MAF v4,MAF_stack_only,Bio MAF v4,no UGA atlas,No UGA atlas,XGBoost,XGBoost,xgboost,XGBoost,auroc,AUROC,0.8567343437231912,,0.8567343437231912,,0.7201958276809691,0.7901554404145078,0.7664398246020303,0.7664398246020303,0.7866584056175134,0.5357959438192238,,,,,,0.4290768276424609,0.45314427796832984,772.0,948.0,5.0,1.0,,0.0,,,,,,,,,main_complete_panel_mc3_maf_stack_bio_v4_nested_fs_1a8fbb418519277c0e47e210,main_manuscript_complete_panel_oof_predictions.csv,main_manuscript_complete_panel_fold_metrics.csv,,5 outer stratified folds; inner 60/20 stratified validation split,main_manuscript_complete_panel,main_manuscript_complete_panel_endpoint_results.csv,main_manuscript_complete_panel_endpoint_results.csv,60.0,main_manuscript_complete_panel,measured,main_manuscript_complete_panel,hrd_binary_33|MAF_stack_only|XGBoost,figure_4:maf_stack_vs_signatures,signatures_only,Mutational signatures,MAF_stack_only,Bio MAF v4,0.011831569917071905,paired_delong_auroc,0.4543166410331939,,,,,,,,,,,,
figure_4_maf_stack_vs_signatures.csv,20260607T133931Z,hrd_binary_33,HRD33 high/low,main,Main,mc3_main,binary,Binary classification,signatures_plus_MAF_stack,Signatures + Bio MAF v4,signatures_plus_MAF_stack,Signatures + Bio MAF v4,no UGA atlas,No UGA atlas,XGBoost,XGBoost,xgboost,XGBoost,auroc,AUROC,0.86669923426429,,0.86669923426429,,0.7391314930707289,0.8186528497409327,0.7942226994752755,0.7942226994752755,0.8083118863788008,0.5895737764680864,,,,,,0.0705976530178318,0.10051191277115036,772.0,1130.0,5.0,1.0,,0.0,,,,,,,,,main_complete_panel_mc3_signatures_plus_maf_stack_bio_v4_nested_fs_8b5fd6dea3414b126012c153,main_manuscript_complete_panel_oof_predictions.csv,main_manuscript_complete_panel_fold_metrics.csv,,5 outer stratified folds; inner 60/20 stratified validation split,main_manuscript_complete_panel,main_manuscript_complete_panel_endpoint_results.csv,main_manuscript_complete_panel_endpoint_results.csv,60.0,main_manuscript_complete_panel,measured,main_manuscript_complete_panel,hrd_binary_33|signatures_plus_MAF_stack|XGBoost,figure_4:sig_maf_vs_signatures,signatures_only,Mutational signatures,signatures_plus_MAF_stack,Signatures + Bio MAF v4,0.02179646045817063,paired_delong_auroc,0.1016606203456778,,,,,,,,,,,,
figure_4_maf_stack_vs_signatures.csv,20260607T133931Z,hrd_binary_42,HRD42 high/low,main,Main,mc3_main,binary,Binary classification,standard_sbs96_id83,SBS96 + ID83 spectra,signatures_only,Mutational signatures,no UGA atlas,No UGA atlas,elastic_net,Elastic net,linear,Linear,auroc,AUROC,0.8585101822079314,,0.8585101822079314,,0.6002943376309676,0.8264248704663213,0.7591544049171168,0.7591544049171168,0.8037513397642015,0.522858935094646,,,,,,,,772.0,182.0,5.0,1.0,,0.0,,,,,,,,,main_complete_panel_mc3_standard_features_28d6404e244a73722d16aa63,main_manuscript_complete_panel_oof_predictions.csv,main_manuscript_complete_panel_fold_metrics.csv,,5 outer stratified folds; inner 60/20 stratified validation split,main_manuscript_complete_panel,main_manuscript_complete_panel_endpoint_results.csv,main_manuscript_complete_panel_endpoint_results.csv,60.0,main_manuscript_complete_panel,measured,main_manuscript_complete_panel,hrd_binary_42|signatures_only|elastic_net,,,,,,,,,,,,,,,,,,,,
figure_4_maf_stack_vs_signatures.csv,20260607T133931Z,hrd_binary_42,HRD42 high/low,main,Main,mc3_main,binary,Binary classification,MAF_stack_only,Bio MAF v4,MAF_stack_only,Bio MAF v4,no UGA atlas,No UGA atlas,elastic_net,Elastic net,linear,Linear,auroc,AUROC,0.837642015005359,,0.837642015005359,,0.534075982688323,0.7759067357512953,0.6964353496575817,0.6964353496575817,0.7395176848874598,0.4009437347495335,,,,,,0.31068027472085147,0.3534552516588445,772.0,948.0,5.0,1.0,,0.0,,,,,,,,,main_complete_panel_mc3_maf_stack_bio_v4_nested_fs_1a8fbb418519277c0e47e210,main_manuscript_complete_panel_oof_predictions.csv,main_manuscript_complete_panel_fold_metrics.csv,,5 outer stratified folds; inner 60/20 stratified validation split,main_manuscript_complete_panel,main_manuscript_complete_panel_endpoint_results.csv,main_manuscript_complete_panel_endpoint_results.csv,60.0,main_manuscript_complete_panel,measured,main_manuscript_complete_panel,hrd_binary_42|MAF_stack_only|elastic_net,figure_4:maf_stack_vs_signatures,signatures_only,Mutational signatures,MAF_stack_only,Bio MAF v4,-0.020868167202572452,paired_delong_auroc,0.3495153090609579,,,,,,,,,,,,
figure_4_maf_stack_vs_signatures.csv,20260607T133931Z,hrd_binary_42,HRD42 high/low,main,Main,mc3_main,binary,Binary classification,signatures_plus_MAF_stack,Signatures + Bio MAF v4,signatures_plus_MAF_stack,Signatures + Bio MAF v4,no UGA atlas,No UGA atlas,elastic_net,Elastic net,linear,Linear,auroc,AUROC,0.9052947481243302,,0.9052947481243302,,0.7259767305887094,0.844559585492228,0.7755813953488373,0.7755813953488373,0.807416934619507,0.5532579761583272,,,,,,0.00034088113067882336,0.0028634014977021163,772.0,1130.0,5.0,1.0,,0.0,,,,,,,,,main_complete_panel_mc3_signatures_plus_maf_stack_bio_v4_nested_fs_8b5fd6dea3414b126012c153,main_manuscript_complete_panel_oof_predictions.csv,main_manuscript_complete_panel_fold_metrics.csv,,5 outer stratified folds; inner 60/20 stratified validation split,main_manuscript_complete_panel,main_manuscript_complete_panel_endpoint_results.csv,main_manuscript_complete_panel_endpoint_results.csv,60.0,main_manuscript_complete_panel,measured,main_manuscript_complete_panel,hrd_binary_42|signatures_plus_MAF_stack|elastic_net,figure_4:sig_maf_vs_signatures,signatures_only,Mutational signatures,signatures_plus_MAF_stack,Signatures + Bio MAF v4,0.04678456591639879,paired_delong_auroc,0.002454344140887528,**,,,,,,,,,,,
figure_4_maf_stack_vs_signatures.csv,20260607T133931Z,hrd_binary_42,HRD42 high/low,main,Main,mc3_main,binary,Binary classification,standard_sbs96_id83,SBS96 + ID83 spectra,signatures_only,Mutational signatures,no UGA atlas,No UGA atlas,XGBoost,XGBoost,xgboost,XGBoost,auroc,AUROC,0.8708681672025723,,0.8708681672025723,,0.6634860437713221,0.8497409326424871,0.7784134210917009,0.7784134210917009,0.8030439442658093,0.5580908767912833,,,,,,,,772.0,182.0,5.0,1.0,,0.0,,,,,,,,,main_complete_panel_mc3_standard_features_28d6404e244a73722d16aa63,main_manuscript_complete_panel_oof_predictions.csv,main_manuscript_complete_panel_fold_metrics.csv,,5 outer stratified folds; inner 60/20 stratified validation split,main_manuscript_complete_panel,main_manuscript_complete_panel_endpoint_results.csv,main_manuscript_complete_panel_endpoint_results.csv,60.0,main_manuscript_complete_panel,measured,main_manuscript_complete_panel,hrd_binary_42|signatures_only|XGBoost,,,,,,,,,,,,,,,,,,,,
figure_4_maf_stack_vs_signatures.csv,20260607T133931Z,hrd_binary_42,HRD42 high/low,main,Main,mc3_main,binary,Binary classification,MAF_stack_only,Bio MAF v4,MAF_stack_only,Bio MAF v4,no UGA atlas,No UGA atlas,XGBoost,XGBoost,xgboost,XGBoost,auroc,AUROC,0.8408360128617363,,0.8408360128617363,,0.5800101025396653,0.8160621761658031,0.7457392821026654,0.7457392821026654,0.7897320471596999,0.4965648995187185,,,,,,0.09262794125793684,0.12157417290104211,772.0,948.0,5.0,1.0,,0.0,,,,,,,,,main_complete_panel_mc3_maf_stack_bio_v4_nested_fs_1a8fbb418519277c0e47e210,main_manuscript_complete_panel_oof_predictions.csv,main_manuscript_complete_panel_fold_metrics.csv,,5 outer stratified folds; inner 60/20 stratified validation split,main_manuscript_complete_panel,main_manuscript_complete_panel_endpoint_results.csv,main_manuscript_complete_panel_endpoint_results.csv,60.0,main_manuscript_complete_panel,measured,main_manuscript_complete_panel,hrd_binary_42|MAF_stack_only|XGBoost,figure_4:maf_stack_vs_signatures,signatures_only,Mutational signatures,MAF_stack_only,Bio MAF v4,-0.030032154340835948,paired_delong_auroc,0.12350392167724912,,,,,,,,,,,,
figure_4_maf_stack_vs_signatures.csv,20260607T133931Z,hrd_binary_42,HRD42 high/low,main,Main,mc3_main,binary,Binary classification,signatures_plus_MAF_stack,Signatures + Bio MAF v4,signatures_plus_MAF_stack,Signatures + Bio MAF v4,no UGA atlas,No UGA atlas,XGBoost,XGBoost,xgboost,XGBoost,auroc,AUROC,0.9090889603429796,,0.9090889603429796,,0.7474052021620459,0.8769430051813472,0.8078167786905651,0.8078167786905651,0.8148660235798499,0.6157151240778002,,,,,,0.003365426043753578,0.007621121393576483,772.0,1130.0,5.0,1.0,,0.0,,,,,,,,,main_complete_panel_mc3_signatures_plus_maf_stack_bio_v4_nested_fs_8b5fd6dea3414b126012c153,main_manuscript_complete_panel_oof_predictions.csv,main_manuscript_complete_panel_fold_metrics.csv,,5 outer stratified folds; inner 60/20 stratified validation split,main_manuscript_complete_panel,main_manuscript_complete_panel_endpoint_results.csv,main_manuscript_complete_panel_endpoint_results.csv,60.0,main_manuscript_complete_panel,measured,main_manuscript_complete_panel,hrd_binary_42|signatures_plus_MAF_stack|XGBoost,figure_4:sig_maf_vs_signatures,signatures_only,Mutational signatures,signatures_plus_MAF_stack,Signatures + Bio MAF v4,0.03822079314040738,paired_delong_auroc,0.007563819728963126,**,,,,,,,,,,,
figure_4_maf_stack_vs_signatures.csv,20260607T133931Z,cancer_type_top20,Cancer type (top 20),main,Main,mc3_main,multiclass,Multiclass classification,standard_sbs96_id83,SBS96 + ID83 spectra,signatures_only,Mutational signatures,no UGA atlas,No UGA atlas,elastic_net,Elastic net,linear,Linear,macro_auroc,macro-AUROC,0.9183512598771202,,0.9183512598771202,0.9218533723901696,,0.5125,0.5077062342197263,0.5077062342197263,0.5311280077859434,0.4863374147366981,0.7822727272727272,0.8789772727272728,,,,,,8800.0,182.0,5.0,1.0,,0.0,,,,,,,,,main_complete_panel_mc3_standard_features_b51f8b5ae4d45407a30592e9,main_manuscript_complete_panel_oof_predictions.csv,main_manuscript_complete_panel_fold_metrics.csv,,5 outer stratified folds; inner 60/20 stratified validation split,main_manuscript_complete_panel,main_manuscript_complete_panel_endpoint_results.csv,main_manuscript_complete_panel_endpoint_results.csv,60.0,main_manuscript_complete_panel,measured,main_manuscript_complete_panel,cancer_type_top20|signatures_only|elastic_net,,,,,,,,,,,,,,,,,,,,
figure_4_maf_stack_vs_signatures.csv,20260607T133931Z,cancer_type_top20,Cancer type (top 20),main,Main,mc3_main,multiclass,Multiclass classification,MAF_stack_only,Bio MAF v4,MAF_stack_only,Bio MAF v4,no UGA atlas,No UGA atlas,elastic_net,Elastic net,linear,Linear,macro_auroc,macro-AUROC,0.9313453563569716,,0.9313453563569716,0.9325053868529796,,0.5889772727272727,0.593489955303923,0.593489955303923,0.5846918473732353,0.5638776306641369,0.8068181818181818,0.8936363636363637,,,,0.003992015968063872,0.007621121393576483,8800.0,948.0,5.0,1.0,,0.0,,,,,,,,,main_complete_panel_mc3_maf_stack_bio_v4_nested_fs_d6edd8e534e20d8f3900f40a,main_manuscript_complete_panel_oof_predictions.csv,main_manuscript_complete_panel_fold_metrics.csv,,5 outer stratified folds; inner 60/20 stratified validation split,main_manuscript_complete_panel,main_manuscript_complete_panel_endpoint_results.csv,main_manuscript_complete_panel_endpoint_results.csv,60.0,main_manuscript_complete_panel,measured,main_manuscript_complete_panel,cancer_type_top20|MAF_stack_only|elastic_net,figure_4:maf_stack_vs_signatures,signatures_only,Mutational signatures,MAF_stack_only,Bio MAF v4,0.012981751834655442,paired_bootstrap_macro_auroc,0.007563819728963126,**,,,,,,,,,,,
figure_4_maf_stack_vs_signatures.csv,20260607T133931Z,cancer_type_top20,Cancer type (top 20),main,Main,mc3_main,multiclass,Multiclass classification,signatures_plus_MAF_stack,Signatures + Bio MAF v4,signatures_plus_MAF_stack,Signatures + Bio MAF v4,no UGA atlas,No UGA atlas,elastic_net,Elastic net,linear,Linear,macro_auroc,macro-AUROC,0.9005457654769318,,0.9005457654769318,0.9005389292899086,,0.5735227272727272,0.5797784265322972,0.5797784265322972,0.5858466254680722,0.5484927364617955,0.8035227272727272,0.8690909090909091,,,,0.003992015968063872,0.007621121393576483,8800.0,1130.0,5.0,1.0,,0.0,,,,,,,,,main_complete_panel_mc3_signatures_plus_maf_stack_bio_v4_nested_fs_ad3d17da74c297af2e37dd43,main_manuscript_complete_panel_oof_predictions.csv,main_manuscript_complete_panel_fold_metrics.csv,,5 outer stratified folds; inner 60/20 stratified validation split,main_manuscript_complete_panel,main_manuscript_complete_panel_endpoint_results.csv,main_manuscript_complete_panel_endpoint_results.csv,60.0,main_manuscript_complete_panel,measured,main_manuscript_complete_panel,cancer_type_top20|signatures_plus_MAF_stack|elastic_net,figure_4:sig_maf_vs_signatures,signatures_only,Mutational signatures,signatures_plus_MAF_stack,Signatures + Bio MAF v4,-0.017833539527213782,paired_bootstrap_macro_auroc,0.007563819728963126,**,,,,,,,,,,,
figure_4_maf_stack_vs_signatures.csv,20260607T133931Z,cancer_type_top20,Cancer type (top 20),main,Main,mc3_main,multiclass,Multiclass classification,standard_sbs96_id83,SBS96 + ID83 spectra,signatures_only,Mutational signatures,no UGA atlas,No UGA atlas,XGBoost,XGBoost,xgboost,XGBoost,macro_auroc,macro-AUROC,0.9353987054872702,,0.9353987054872702,0.943658959058286,,0.5631818181818182,0.5490794601501003,0.5490794601501003,0.5398795555483545,0.5347768062736917,0.8207954545454546,0.899090909090909,,,,,,8800.0,182.0,5.0,1.0,,0.0,,,,,,,,,main_complete_panel_mc3_standard_features_b51f8b5ae4d45407a30592e9,main_manuscript_complete_panel_oof_predictions.csv,main_manuscript_complete_panel_fold_metrics.csv,,5 outer stratified folds; inner 60/20 stratified validation split,main_manuscript_complete_panel,main_manuscript_complete_panel_endpoint_results.csv,main_manuscript_complete_panel_endpoint_results.csv,60.0,main_manuscript_complete_panel,measured,main_manuscript_complete_panel,cancer_type_top20|signatures_only|XGBoost,,,,,,,,,,,,,,,,,,,,
figure_4_maf_stack_vs_signatures.csv,20260607T133931Z,cancer_type_top20,Cancer type (top 20),main,Main,mc3_main,multiclass,Multiclass classification,MAF_stack_only,Bio MAF v4,MAF_stack_only,Bio MAF v4,no UGA atlas,No UGA atlas,XGBoost,XGBoost,xgboost,XGBoost,macro_auroc,macro-AUROC,0.9586677215400228,,0.9586677215400228,0.9639956631959546,,0.6702272727272728,0.6704461965997327,0.6704461965997327,0.6677562414030127,0.6500478879241143,0.8656818181818182,0.9286363636363636,,,,0.003992015968063872,0.007621121393576483,8800.0,948.0,5.0,1.0,,0.0,,,,,,,,,main_complete_panel_mc3_maf_stack_bio_v4_nested_fs_d6edd8e534e20d8f3900f40a,main_manuscript_complete_panel_oof_predictions.csv,main_manuscript_complete_panel_fold_metrics.csv,,5 outer stratified folds; inner 60/20 stratified validation split,main_manuscript_complete_panel,main_manuscript_complete_panel_endpoint_results.csv,main_manuscript_complete_panel_endpoint_results.csv,60.0,main_manuscript_complete_panel,measured,main_manuscript_complete_panel,cancer_type_top20|MAF_stack_only|XGBoost,figure_4:maf_stack_vs_signatures,signatures_only,Mutational signatures,MAF_stack_only,Bio MAF v4,0.023269016052752667,paired_bootstrap_macro_auroc,0.007563819728963126,**,,,,,,,,,,,
figure_4_maf_stack_vs_signatures.csv,20260607T133931Z,cancer_type_top20,Cancer type (top 20),main,Main,mc3_main,multiclass,Multiclass classification,signatures_plus_MAF_stack,Signatures + Bio MAF v4,signatures_plus_MAF_stack,Signatures + Bio MAF v4,no UGA atlas,No UGA atlas,XGBoost,XGBoost,xgboost,XGBoost,macro_auroc,macro-AUROC,0.975756575207822,,0.975756575207822,0.9780069683829924,,0.7436363636363637,0.7488494908953992,0.7488494908953992,0.7424171451086083,0.727768225184253,0.9090909090909092,0.9551136363636364,,,,0.003992015968063872,0.007621121393576483,8800.0,1130.0,5.0,1.0,,0.0,,,,,,,,,main_complete_panel_mc3_signatures_plus_maf_stack_bio_v4_nested_fs_9cce34fc4a9671061d0a7619,main_manuscript_complete_panel_oof_predictions.csv,main_manuscript_complete_panel_fold_metrics.csv,,5 outer stratified folds; inner 60/20 stratified validation split,main_manuscript_complete_panel,main_manuscript_complete_panel_endpoint_results.csv,main_manuscript_complete_panel_endpoint_results.csv,60.0,main_manuscript_complete_panel,measured,main_manuscript_complete_panel,cancer_type_top20|signatures_plus_MAF_stack|XGBoost,figure_4:sig_maf_vs_signatures,signatures_only,Mutational signatures,signatures_plus_MAF_stack,Signatures + Bio MAF v4,0.04035786972055189,paired_bootstrap_macro_auroc,0.007563819728963126,**,,,,,,,,,,,
figure_4_maf_stack_vs_signatures.csv,20260607T133931Z,OS,Overall survival,main,Main,tcga_cdr_survival,survival,Survival,standard_sbs96_id83,SBS96 + ID83 spectra,signatures_only,Mutational signatures,no UGA atlas,No UGA atlas,cox_ph,Cox PH,cox_ph,Cox Ph,c_index,Harrell C-index,0.6065431202452489,,,,,,,,,,,,,,,,,9986.0,182.0,5.0,1.0,,0.0,,,,,,,,,main_complete_panel_mc3_standard_features_059c6ad7664bed3ad37c6ddc,main_manuscript_complete_panel_oof_predictions.csv,main_manuscript_complete_panel_fold_metrics.csv,,5 outer event-stratified folds; inner 60/20 event-stratified validation split,main_manuscript_complete_panel,main_manuscript_complete_panel_endpoint_results.csv,main_manuscript_complete_panel_endpoint_results.csv,60.0,main_manuscript_complete_panel,measured,main_manuscript_complete_panel,OS|signatures_only|cox_ph,,,,,,,,,,,,,,,,,,,,
figure_4_maf_stack_vs_signatures.csv,20260607T133931Z,OS,Overall survival,main,Main,tcga_cdr_survival,survival,Survival,MAF_stack_only,Bio MAF v4,MAF_stack_only,Bio MAF v4,no UGA atlas,No UGA atlas,cox_ph,Cox PH,cox_ph,Cox Ph,c_index,Harrell C-index,0.6155057455775251,,,,,,,,,,,,,,,,,9986.0,948.0,5.0,1.0,,0.0,,,,,,,,,main_complete_panel_mc3_maf_stack_bio_v4_nested_fs_ac0575b1470e540a835db4f7,main_manuscript_complete_panel_oof_predictions.csv,main_manuscript_complete_panel_fold_metrics.csv,,5 outer event-stratified folds; inner 60/20 event-stratified validation split,main_manuscript_complete_panel,main_manuscript_complete_panel_endpoint_results.csv,main_manuscript_complete_panel_endpoint_results.csv,60.0,main_manuscript_complete_panel,measured,main_manuscript_complete_panel,OS|MAF_stack_only|cox_ph,,,,,,,,,,,,,,,,,,,,
figure_4_maf_stack_vs_signatures.csv,20260607T133931Z,OS,Overall survival,main,Main,tcga_cdr_survival,survival,Survival,signatures_plus_MAF_stack,Signatures + Bio MAF v4,signatures_plus_MAF_stack,Signatures + Bio MAF v4,no UGA atlas,No UGA atlas,cox_ph,Cox PH,cox_ph,Cox Ph,c_index,Harrell C-index,0.6326136821863003,,,,,,,,,,,,,,,,,9986.0,1130.0,5.0,1.0,,0.0,,,,,,,,,main_complete_panel_mc3_signatures_plus_maf_stack_bio_v4_nested_fs_70333d828a06960826cdc3d8,main_manuscript_complete_panel_oof_predictions.csv,main_manuscript_complete_panel_fold_metrics.csv,,5 outer event-stratified folds; inner 60/20 event-stratified validation split,main_manuscript_complete_panel,main_manuscript_complete_panel_endpoint_results.csv,main_manuscript_complete_panel_endpoint_results.csv,60.0,main_manuscript_complete_panel,measured,main_manuscript_complete_panel,OS|signatures_plus_MAF_stack|cox_ph,,,,,,,,,,,,,,,,,,,,
figure_5_cross_endpoint_summary.csv,20260607T133931Z,damage_class,Kucab damage class,main,Main,kucab_damage_class,multiclass_grouped,Grouped multiclass,burden_only,Mutational burden,burden_only,Mutational burden,no UGA atlas,No UGA atlas,elastic_net,Elastic net,linear,Linear,macro_auroc,macro-AUROC,0.601339387062295,,0.601339387062295,0.5923478438646668,,0.0926640926640926,0.0593397713835238,0.0593397713835238,0.1158212247016087,-0.0162289416125425,0.416988416988417,0.7374517374517374,,,,,,259.0,1.0,5.0,1.0,,0.0,,,,,,,,,kucab_event_inventory_kucab_damage_class_7e1e0eaeb4b58637ff428f99,main_manuscript_complete_panel_oof_predictions.csv,main_manuscript_complete_panel_fold_metrics.csv,,5 outer StratifiedGroupKFold; inner 60/20 grouped validation split,main_manuscript_complete_panel,main_manuscript_complete_panel_endpoint_results.csv,main_manuscript_complete_panel_endpoint_results.csv,60.0,main_manuscript_complete_panel,measured,main_manuscript_complete_panel,damage_class|burden_only|elastic_net,,,,,,,,,,,,,,,,,,,,
figure_5_cross_endpoint_summary.csv,20260607T133931Z,damage_class,Kucab damage class,main,Main,kucab_damage_class,multiclass_grouped,Grouped multiclass,standard_sbs96_dbs78_id83,SBS96 + DBS78 + ID83 spectra,signatures_only,Mutational signatures,no UGA atlas,No UGA atlas,elastic_net,Elastic net,linear,Linear,macro_auroc,macro-AUROC,0.6285807561919383,,0.6285807561919383,0.6981367941103186,,0.3590733590733591,0.2948163337833668,0.2948163337833668,0.2885931840289724,0.2393673483829878,0.640926640926641,0.7837837837837838,,,,0.31137724550898205,0.3534552516588445,259.0,261.0,5.0,1.0,,0.0,,,,,,,,,kucab_event_inventory_kucab_damage_class_7e1e0eaeb4b58637ff428f99,main_manuscript_complete_panel_oof_predictions.csv,main_manuscript_complete_panel_fold_metrics.csv,,5 outer StratifiedGroupKFold; inner 60/20 grouped validation split,main_manuscript_complete_panel,main_manuscript_complete_panel_endpoint_results.csv,main_manuscript_complete_panel_endpoint_results.csv,60.0,main_manuscript_complete_panel,measured,main_manuscript_complete_panel,damage_class|signatures_only|elastic_net,figure_5:signatures_vs_burden,burden_only,Mutational burden,signatures_only,Mutational signatures,0.027241369129643367,paired_bootstrap_macro_auroc,0.33968426782798045,,,,,,,,,,,,
figure_5_cross_endpoint_summary.csv,20260607T133931Z,damage_class,Kucab damage class,main,Main,kucab_damage_class,multiclass_grouped,Grouped multiclass,MAF_stack_only,Bio MAF v4,MAF_stack_only,Bio MAF v4,no UGA atlas,No UGA atlas,elastic_net,Elastic net,linear,Linear,macro_auroc,macro-AUROC,0.5788877910474943,,0.5788877910474943,0.6310409377149587,,0.2972972972972973,0.2289664192691329,0.2289664192691329,0.2309919353189444,0.1589558763180902,0.5868725868725869,0.7606177606177607,,,,0.043912175648702596,0.06706586826347306,259.0,2980.0,5.0,1.0,,0.0,,,,,,,,,main_complete_panel_kucab_event_stack_8cfe931adff38826812227a8,main_manuscript_complete_panel_oof_predictions.csv,main_manuscript_complete_panel_fold_metrics.csv,,5 outer StratifiedGroupKFold; inner 60/20 grouped validation split,main_manuscript_complete_panel,main_manuscript_complete_panel_endpoint_results.csv,main_manuscript_complete_panel_endpoint_results.csv,60.0,main_manuscript_complete_panel,measured,main_manuscript_complete_panel,damage_class|MAF_stack_only|elastic_net,figure_5:maf_stack_vs_signatures,signatures_only,Mutational signatures,MAF_stack_only,Bio MAF v4,-0.04969296514444399,paired_bootstrap_macro_auroc,0.06323353293413174,.,,,,,,,,,,,
figure_5_cross_endpoint_summary.csv,20260607T133931Z,damage_class,Kucab damage class,main,Main,kucab_damage_class,multiclass_grouped,Grouped multiclass,signatures_plus_MAF_stack,Signatures + Bio MAF v4,signatures_plus_MAF_stack,Signatures + Bio MAF v4,no UGA atlas,No UGA atlas,elastic_net,Elastic net,linear,Linear,macro_auroc,macro-AUROC,0.680471733642938,,0.680471733642938,0.7174322301183856,,0.3899613899613899,0.2987798468066313,0.2987798468066313,0.307805083024862,0.2596117312876553,0.6293436293436293,0.7992277992277992,,,,0.015968063872255488,0.026300340495479628,259.0,3241.0,5.0,1.0,,0.0,,,,,,,,,main_complete_panel_kucab_signatures_plus_event_stack_d0429a3e881bc2400a0c7fc2,main_manuscript_complete_panel_oof_predictions.csv,main_manuscript_complete_panel_fold_metrics.csv,,5 outer StratifiedGroupKFold; inner 60/20 grouped validation split,main_manuscript_complete_panel,main_manuscript_complete_panel_endpoint_results.csv,main_manuscript_complete_panel_endpoint_results.csv,60.0,main_manuscript_complete_panel,measured,main_manuscript_complete_panel,damage_class|signatures_plus_MAF_stack|elastic_net,figure_5:sig_maf_vs_signatures,signatures_only,Mutational signatures,signatures_plus_MAF_stack,Signatures + Bio MAF v4,0.0518699996036065,paired_bootstrap_macro_auroc,0.0261295590636908,*,,,,,,,,,,,
figure_5_cross_endpoint_summary.csv,20260607T133931Z,damage_class,Kucab damage class,main,Main,kucab_damage_class,multiclass_grouped,Grouped multiclass,burden_only,Mutational burden,burden_only,Mutational burden,no UGA atlas,No UGA atlas,XGBoost,XGBoost,xgboost,XGBoost,macro_auroc,macro-AUROC,0.5050365238696919,,0.5050365238696919,0.6428965408557246,,0.2084942084942085,0.1275333744845939,0.1275333744845939,0.1466452088533043,0.0191568757851178,0.5907335907335908,0.7799227799227799,,,,,,259.0,1.0,5.0,1.0,,0.0,,,,,,,,,kucab_event_inventory_kucab_damage_class_7e1e0eaeb4b58637ff428f99,main_manuscript_complete_panel_oof_predictions.csv,main_manuscript_complete_panel_fold_metrics.csv,,5 outer StratifiedGroupKFold; inner 60/20 grouped validation split,main_manuscript_complete_panel,main_manuscript_complete_panel_endpoint_results.csv,main_manuscript_complete_panel_endpoint_results.csv,60.0,main_manuscript_complete_panel,measured,main_manuscript_complete_panel,damage_class|burden_only|XGBoost,,,,,,,,,,,,,,,,,,,,
figure_5_cross_endpoint_summary.csv,20260607T133931Z,damage_class,Kucab damage class,main,Main,kucab_damage_class,multiclass_grouped,Grouped multiclass,standard_sbs96_dbs78_id83,SBS96 + DBS78 + ID83 spectra,signatures_only,Mutational signatures,no UGA atlas,No UGA atlas,XGBoost,XGBoost,xgboost,XGBoost,macro_auroc,macro-AUROC,0.6362231093274339,,0.6362231093274339,0.6896715484691216,,0.3436293436293436,0.2197982300923477,0.2197982300923477,0.2376231278558462,0.1954317039744175,0.5482625482625483,0.7799227799227799,,,,0.003992015968063872,0.007621121393576483,259.0,261.0,5.0,1.0,,0.0,,,,,,,,,kucab_event_inventory_kucab_damage_class_7e1e0eaeb4b58637ff428f99,main_manuscript_complete_panel_oof_predictions.csv,main_manuscript_complete_panel_fold_metrics.csv,,5 outer StratifiedGroupKFold; inner 60/20 grouped validation split,main_manuscript_complete_panel,main_manuscript_complete_panel_endpoint_results.csv,main_manuscript_complete_panel_endpoint_results.csv,60.0,main_manuscript_complete_panel,measured,main_manuscript_complete_panel,damage_class|signatures_only|XGBoost,figure_5:signatures_vs_burden,burden_only,Mutational burden,signatures_only,Mutational signatures,0.13118658545774198,paired_bootstrap_macro_auroc,0.007563819728963126,**,,,,,,,,,,,
figure_5_cross_endpoint_summary.csv,20260607T133931Z,damage_class,Kucab damage class,main,Main,kucab_damage_class,multiclass_grouped,Grouped multiclass,MAF_stack_only,Bio MAF v4,MAF_stack_only,Bio MAF v4,no UGA atlas,No UGA atlas,XGBoost,XGBoost,xgboost,XGBoost,macro_auroc,macro-AUROC,0.5286441928023171,,0.5286441928023171,0.6508272514891379,,0.2895752895752895,0.1641430962628954,0.1641430962628954,0.1882472652614064,0.1247589487410238,0.6138996138996139,0.749034749034749,,,,0.003992015968063872,0.007621121393576483,259.0,2980.0,5.0,1.0,,0.0,,,,,,,,,main_complete_panel_kucab_event_stack_bcef5265e52003b77e15eb71,main_manuscript_complete_panel_oof_predictions.csv,main_manuscript_complete_panel_fold_metrics.csv,,5 outer StratifiedGroupKFold; inner 60/20 grouped validation split,main_manuscript_complete_panel,main_manuscript_complete_panel_endpoint_results.csv,main_manuscript_complete_panel_endpoint_results.csv,60.0,main_manuscript_complete_panel,measured,main_manuscript_complete_panel,damage_class|MAF_stack_only|XGBoost,figure_5:maf_stack_vs_signatures,signatures_only,Mutational signatures,MAF_stack_only,Bio MAF v4,-0.10757891652511675,paired_bootstrap_macro_auroc,0.007563819728963126,**,,,,,,,,,,,
figure_5_cross_endpoint_summary.csv,20260607T133931Z,damage_class,Kucab damage class,main,Main,kucab_damage_class,multiclass_grouped,Grouped multiclass,signatures_plus_MAF_stack,Signatures + Bio MAF v4,signatures_plus_MAF_stack,Signatures + Bio MAF v4,no UGA atlas,No UGA atlas,XGBoost,XGBoost,xgboost,XGBoost,macro_auroc,macro-AUROC,0.5781630789093988,,0.5781630789093988,0.6706093060202272,,0.2857142857142857,0.1603296092692264,0.1603296092692264,0.1844800407114751,0.1192257495266631,0.5598455598455598,0.7760617760617761,,,,0.023952095808383235,0.03796181222460739,259.0,3241.0,5.0,1.0,,0.0,,,,,,,,,main_complete_panel_kucab_signatures_plus_event_stack_a42a2e06dc5899a8da4abd09,main_manuscript_complete_panel_oof_predictions.csv,main_manuscript_complete_panel_fold_metrics.csv,,5 outer StratifiedGroupKFold; inner 60/20 grouped validation split,main_manuscript_complete_panel,main_manuscript_complete_panel_endpoint_results.csv,main_manuscript_complete_panel_endpoint_results.csv,60.0,main_manuscript_complete_panel,measured,main_manuscript_complete_panel,damage_class|signatures_plus_MAF_stack|XGBoost,figure_5:sig_maf_vs_signatures,signatures_only,Mutational signatures,signatures_plus_MAF_stack,Signatures + Bio MAF v4,-0.05806003041803509,paired_bootstrap_macro_auroc,0.03592814371257485,*,,,,,,,,,,,
figure_5_cross_endpoint_summary.csv,20260607T133931Z,HRD_Score,HRD score,main,Main,mc3_main,regression,Regression,burden_only,Mutational burden,burden_only,Mutational burden,no UGA atlas,No UGA atlas,elastic_net,Elastic net,linear,Linear,spearman,Spearman r,0.4973007995395391,,,,,,,,,,,,,,,,,772.0,3.0,5.0,1.0,,0.0,,,,,,,,,main_complete_panel_mc3_standard_features_31b1037b9abab190e15c34de,main_manuscript_complete_panel_oof_predictions.csv,main_manuscript_complete_panel_fold_metrics.csv,,5 outer KFold; inner 60/20 validation split,main_manuscript_complete_panel,main_manuscript_complete_panel_endpoint_results.csv,main_manuscript_complete_panel_endpoint_results.csv,60.0,main_manuscript_complete_panel,measured,main_manuscript_complete_panel,HRD_Score|burden_only|elastic_net,,,,,,,,,,,,,,,,,,,,
figure_5_cross_endpoint_summary.csv,20260607T133931Z,HRD_Score,HRD score,main,Main,mc3_main,regression,Regression,standard_sbs96_id83,SBS96 + ID83 spectra,signatures_only,Mutational signatures,no UGA atlas,No UGA atlas,elastic_net,Elastic net,linear,Linear,spearman,Spearman r,0.4305840299522571,,,,,,,,,,,,,,,0.023952095808383235,0.03796181222460739,772.0,182.0,5.0,1.0,,0.0,,,,,,,,,main_complete_panel_mc3_standard_features_28d6404e244a73722d16aa63,main_manuscript_complete_panel_oof_predictions.csv,main_manuscript_complete_panel_fold_metrics.csv,,5 outer KFold; inner 60/20 validation split,main_manuscript_complete_panel,main_manuscript_complete_panel_endpoint_results.csv,main_manuscript_complete_panel_endpoint_results.csv,60.0,main_manuscript_complete_panel,measured,main_manuscript_complete_panel,HRD_Score|signatures_only|elastic_net,figure_5:signatures_vs_burden,burden_only,Mutational burden,signatures_only,Mutational signatures,-0.06671676958728201,paired_bootstrap_spearman,0.03592814371257485,*,,,,,,,,,,,
figure_5_cross_endpoint_summary.csv,20260607T133931Z,HRD_Score,HRD score,main,Main,mc3_main,regression,Regression,MAF_stack_only,Bio MAF v4,MAF_stack_only,Bio MAF v4,no UGA atlas,No UGA atlas,elastic_net,Elastic net,linear,Linear,spearman,Spearman r,0.7098422629709749,,,,,,,,,,,,,,,0.003992015968063872,0.007621121393576483,772.0,948.0,5.0,1.0,,0.0,,,,,,,,,main_complete_panel_mc3_maf_stack_bio_v4_nested_fs_1a8fbb418519277c0e47e210,main_manuscript_complete_panel_oof_predictions.csv,main_manuscript_complete_panel_fold_metrics.csv,,5 outer KFold; inner 60/20 validation split,main_manuscript_complete_panel,main_manuscript_complete_panel_endpoint_results.csv,main_manuscript_complete_panel_endpoint_results.csv,60.0,main_manuscript_complete_panel,measured,main_manuscript_complete_panel,HRD_Score|MAF_stack_only|elastic_net,figure_5:maf_stack_vs_signatures,signatures_only,Mutational signatures,MAF_stack_only,Bio MAF v4,0.2792582330187179,paired_bootstrap_spearman,0.007563819728963126,**,,,,,,,,,,,
figure_5_cross_endpoint_summary.csv,20260607T133931Z,HRD_Score,HRD score,main,Main,mc3_main,regression,Regression,signatures_plus_MAF_stack,Signatures + Bio MAF v4,signatures_plus_MAF_stack,Signatures + Bio MAF v4,no UGA atlas,No UGA atlas,elastic_net,Elastic net,linear,Linear,spearman,Spearman r,0.7325519412628615,,,,,,,,,,,,,,,0.003992015968063872,0.007621121393576483,772.0,1130.0,5.0,1.0,,0.0,,,,,,,,,main_complete_panel_mc3_signatures_plus_maf_stack_bio_v4_nested_fs_8b5fd6dea3414b126012c153,main_manuscript_complete_panel_oof_predictions.csv,main_manuscript_complete_panel_fold_metrics.csv,,5 outer KFold; inner 60/20 validation split,main_manuscript_complete_panel,main_manuscript_complete_panel_endpoint_results.csv,main_manuscript_complete_panel_endpoint_results.csv,60.0,main_manuscript_complete_panel,measured,main_manuscript_complete_panel,HRD_Score|signatures_plus_MAF_stack|elastic_net,figure_5:sig_maf_vs_signatures,signatures_only,Mutational signatures,signatures_plus_MAF_stack,Signatures + Bio MAF v4,0.3019679113106044,paired_bootstrap_spearman,0.007563819728963126,**,,,,,,,,,,,
figure_5_cross_endpoint_summary.csv,20260607T133931Z,HRD_Score,HRD score,main,Main,mc3_main,regression,Regression,burden_only,Mutational burden,burden_only,Mutational burden,no UGA atlas,No UGA atlas,XGBoost,XGBoost,xgboost,XGBoost,spearman,Spearman r,0.5959593538275412,,,,,,,,,,,,,,,,,772.0,3.0,5.0,1.0,,0.0,,,,,,,,,main_complete_panel_mc3_standard_features_31b1037b9abab190e15c34de,main_manuscript_complete_panel_oof_predictions.csv,main_manuscript_complete_panel_fold_metrics.csv,,5 outer KFold; inner 60/20 validation split,main_manuscript_complete_panel,main_manuscript_complete_panel_endpoint_results.csv,main_manuscript_complete_panel_endpoint_results.csv,60.0,main_manuscript_complete_panel,measured,main_manuscript_complete_panel,HRD_Score|burden_only|XGBoost,,,,,,,,,,,,,,,,,,,,
figure_5_cross_endpoint_summary.csv,20260607T133931Z,HRD_Score,HRD score,main,Main,mc3_main,regression,Regression,standard_sbs96_id83,SBS96 + ID83 spectra,signatures_only,Mutational signatures,no UGA atlas,No UGA atlas,XGBoost,XGBoost,xgboost,XGBoost,spearman,Spearman r,0.7041263728795075,,,,,,,,,,,,,,,0.003992015968063872,0.007621121393576483,772.0,182.0,5.0,1.0,,0.0,,,,,,,,,main_complete_panel_mc3_standard_features_28d6404e244a73722d16aa63,main_manuscript_complete_panel_oof_predictions.csv,main_manuscript_complete_panel_fold_metrics.csv,,5 outer KFold; inner 60/20 validation split,main_manuscript_complete_panel,main_manuscript_complete_panel_endpoint_results.csv,main_manuscript_complete_panel_endpoint_results.csv,60.0,main_manuscript_complete_panel,measured,main_manuscript_complete_panel,HRD_Score|signatures_only|XGBoost,figure_5:signatures_vs_burden,burden_only,Mutational burden,signatures_only,Mutational signatures,0.10816701905196646,paired_bootstrap_spearman,0.007563819728963126,**,,,,,,,,,,,
figure_5_cross_endpoint_summary.csv,20260607T133931Z,HRD_Score,HRD score,main,Main,mc3_main,regression,Regression,MAF_stack_only,Bio MAF v4,MAF_stack_only,Bio MAF v4,no UGA atlas,No UGA atlas,XGBoost,XGBoost,xgboost,XGBoost,spearman,Spearman r,0.7312465589900982,,,,,,,,,,,,,,,0.11177644710578842,0.14444956241363427,772.0,948.0,5.0,1.0,,0.0,,,,,,,,,main_complete_panel_mc3_maf_stack_bio_v4_nested_fs_1a8fbb418519277c0e47e210,main_manuscript_complete_panel_oof_predictions.csv,main_manuscript_complete_panel_fold_metrics.csv,,5 outer KFold; inner 60/20 validation split,main_manuscript_complete_panel,main_manuscript_complete_panel_endpoint_results.csv,main_manuscript_complete_panel_endpoint_results.csv,60.0,main_manuscript_complete_panel,measured,main_manuscript_complete_panel,HRD_Score|MAF_stack_only|XGBoost,figure_5:maf_stack_vs_signatures,signatures_only,Mutational signatures,MAF_stack_only,Bio MAF v4,0.02712018611059064,paired_bootstrap_spearman,0.1387569688209787,,,,,,,,,,,,
figure_5_cross_endpoint_summary.csv,20260607T133931Z,HRD_Score,HRD score,main,Main,mc3_main,regression,Regression,signatures_plus_MAF_stack,Signatures + Bio MAF v4,signatures_plus_MAF_stack,Signatures + Bio MAF v4,no UGA atlas,No UGA atlas,XGBoost,XGBoost,xgboost,XGBoost,spearman,Spearman r,0.7809855446598942,,,,,,,,,,,,,,,0.003992015968063872,0.007621121393576483,772.0,1130.0,5.0,1.0,,0.0,,,,,,,,,main_complete_panel_mc3_signatures_plus_maf_stack_bio_v4_nested_fs_8b5fd6dea3414b126012c153,main_manuscript_complete_panel_oof_predictions.csv,main_manuscript_complete_panel_fold_metrics.csv,,5 outer KFold; inner 60/20 validation split,main_manuscript_complete_panel,main_manuscript_complete_panel_endpoint_results.csv,main_manuscript_complete_panel_endpoint_results.csv,60.0,main_manuscript_complete_panel,measured,main_manuscript_complete_panel,HRD_Score|signatures_plus_MAF_stack|XGBoost,figure_5:sig_maf_vs_signatures,signatures_only,Mutational signatures,signatures_plus_MAF_stack,Signatures + Bio MAF v4,0.0768591717803867,paired_bootstrap_spearman,0.007563819728963126,**,,,,,,,,,,,
figure_5_cross_endpoint_summary.csv,20260607T133931Z,hrd_binary_24,HRD24 high/low,main,Main,mc3_main,binary,Binary classification,burden_only,Mutational burden,burden_only,Mutational burden,no UGA atlas,No UGA atlas,elastic_net,Elastic net,linear,Linear,auroc,AUROC,0.7504411555910133,,0.7504411555910133,,0.6688163848764084,0.7137305699481865,0.7107011020054499,0.7107011020054499,0.7101726084634263,0.4215679626791793,,,,,,,,772.0,3.0,5.0,1.0,,0.0,,,,,,,,,main_complete_panel_mc3_standard_features_28d6404e244a73722d16aa63,main_manuscript_complete_panel_oof_predictions.csv,main_manuscript_complete_panel_fold_metrics.csv,,5 outer stratified folds; inner 60/20 stratified validation split,main_manuscript_complete_panel,main_manuscript_complete_panel_endpoint_results.csv,main_manuscript_complete_panel_endpoint_results.csv,60.0,main_manuscript_complete_panel,measured,main_manuscript_complete_panel,hrd_binary_24|burden_only|elastic_net,,,,,,,,,,,,,,,,,,,,
figure_5_cross_endpoint_summary.csv,20260607T133931Z,hrd_binary_24,HRD24 high/low,main,Main,mc3_main,binary,Binary classification,standard_sbs96_id83,SBS96 + ID83 spectra,signatures_only,Mutational signatures,no UGA atlas,No UGA atlas,elastic_net,Elastic net,linear,Linear,auroc,AUROC,0.7577126167118527,,0.7577126167118527,,0.7137551411291632,0.7007772020725389,0.6988972804311597,0.6988972804311597,0.6991318869289487,0.3978199794694472,,,,,,0.6836298840608754,0.6918663886881149,772.0,182.0,5.0,1.0,,0.0,,,,,,,,,main_complete_panel_mc3_standard_features_28d6404e244a73722d16aa63,main_manuscript_complete_panel_oof_predictions.csv,main_manuscript_complete_panel_fold_metrics.csv,,5 outer stratified folds; inner 60/20 stratified validation split,main_manuscript_complete_panel,main_manuscript_complete_panel_endpoint_results.csv,main_manuscript_complete_panel_endpoint_results.csv,60.0,main_manuscript_complete_panel,measured,main_manuscript_complete_panel,hrd_binary_24|signatures_only|elastic_net,figure_5:signatures_vs_burden,burden_only,Mutational burden,signatures_only,Mutational signatures,0.00727146112083954,paired_delong_auroc,0.6836298840608754,,,,,,,,,,,,
figure_5_cross_endpoint_summary.csv,20260607T133931Z,hrd_binary_24,HRD24 high/low,main,Main,mc3_main,binary,Binary classification,MAF_stack_only,Bio MAF v4,MAF_stack_only,Bio MAF v4,no UGA atlas,No UGA atlas,elastic_net,Elastic net,linear,Linear,auroc,AUROC,0.8164049030809901,,0.8164049030809901,,0.7525779099393041,0.7564766839378239,0.7524881476175859,0.7524881476175859,0.7511138756110258,0.5058392520309701,,,,,,0.0015386706126063058,0.007621121393576483,772.0,948.0,5.0,1.0,,0.0,,,,,,,,,main_complete_panel_mc3_maf_stack_bio_v4_nested_fs_1a8fbb418519277c0e47e210,main_manuscript_complete_panel_oof_predictions.csv,main_manuscript_complete_panel_fold_metrics.csv,,5 outer stratified folds; inner 60/20 stratified validation split,main_manuscript_complete_panel,main_manuscript_complete_panel_endpoint_results.csv,main_manuscript_complete_panel_endpoint_results.csv,60.0,main_manuscript_complete_panel,measured,main_manuscript_complete_panel,hrd_binary_24|MAF_stack_only|elastic_net,figure_5:maf_stack_vs_signatures,signatures_only,Mutational signatures,MAF_stack_only,Bio MAF v4,0.05869228636913726,paired_delong_auroc,0.007563819728963126,**,,,,,,,,,,,
figure_5_cross_endpoint_summary.csv,20260607T133931Z,hrd_binary_24,HRD24 high/low,main,Main,mc3_main,binary,Binary classification,signatures_plus_MAF_stack,Signatures + Bio MAF v4,signatures_plus_MAF_stack,Signatures + Bio MAF v4,no UGA atlas,No UGA atlas,elastic_net,Elastic net,linear,Linear,auroc,AUROC,0.8228549020668393,,0.8228549020668393,,0.7929889486367799,0.7759067357512953,0.7736549982628738,0.7736549982628738,0.773029674051938,0.5474028086536897,,,,,,1.9053451093598932e-05,0.00026674831531038504,772.0,1130.0,5.0,1.0,,0.0,,,,,,,,,main_complete_panel_mc3_signatures_plus_maf_stack_bio_v4_nested_fs_8b5fd6dea3414b126012c153,main_manuscript_complete_panel_oof_predictions.csv,main_manuscript_complete_panel_fold_metrics.csv,,5 outer stratified folds; inner 60/20 stratified validation split,main_manuscript_complete_panel,main_manuscript_complete_panel_endpoint_results.csv,main_manuscript_complete_panel_endpoint_results.csv,60.0,main_manuscript_complete_panel,measured,main_manuscript_complete_panel,hrd_binary_24|signatures_plus_MAF_stack|elastic_net,figure_5:sig_maf_vs_signatures,signatures_only,Mutational signatures,signatures_plus_MAF_stack,Signatures + Bio MAF v4,0.06514228535498656,paired_delong_auroc,0.0003429621196847808,***,,,,,,,,,,,
figure_5_cross_endpoint_summary.csv,20260607T133931Z,hrd_binary_24,HRD24 high/low,main,Main,mc3_main,binary,Binary classification,burden_only,Mutational burden,burden_only,Mutational burden,no UGA atlas,No UGA atlas,XGBoost,XGBoost,xgboost,XGBoost,auroc,AUROC,0.7725868282096182,,0.7725868282096182,,0.7209942651698067,0.7098445595854922,0.7095638620912047,0.7095638620912047,0.7123935986802518,0.4208435760551399,,,,,,,,772.0,3.0,5.0,1.0,,0.0,,,,,,,,,main_complete_panel_mc3_standard_features_28d6404e244a73722d16aa63,main_manuscript_complete_panel_oof_predictions.csv,main_manuscript_complete_panel_fold_metrics.csv,,5 outer stratified folds; inner 60/20 stratified validation split,main_manuscript_complete_panel,main_manuscript_complete_panel_endpoint_results.csv,main_manuscript_complete_panel_endpoint_results.csv,60.0,main_manuscript_complete_panel,measured,main_manuscript_complete_panel,hrd_binary_24|burden_only|XGBoost,,,,,,,,,,,,,,,,,,,,
figure_5_cross_endpoint_summary.csv,20260607T133931Z,hrd_binary_24,HRD24 high/low,main,Main,mc3_main,binary,Binary classification,standard_sbs96_id83,SBS96 + ID83 spectra,signatures_only,Mutational signatures,no UGA atlas,No UGA atlas,XGBoost,XGBoost,xgboost,XGBoost,auroc,AUROC,0.8228379995537737,,0.8228379995537737,,0.815201617845539,0.7746113989637305,0.7724056603773585,0.7724056603773585,0.7718363566295037,0.5448884311240911,,,,,,0.00033577818483512784,0.0028634014977021163,772.0,182.0,5.0,1.0,,0.0,,,,,,,,,main_complete_panel_mc3_standard_features_28d6404e244a73722d16aa63,main_manuscript_complete_panel_oof_predictions.csv,main_manuscript_complete_panel_fold_metrics.csv,,5 outer stratified folds; inner 60/20 stratified validation split,main_manuscript_complete_panel,main_manuscript_complete_panel_endpoint_results.csv,main_manuscript_complete_panel_endpoint_results.csv,60.0,main_manuscript_complete_panel,measured,main_manuscript_complete_panel,hrd_binary_24|signatures_only|XGBoost,figure_5:signatures_vs_burden,burden_only,Mutational burden,signatures_only,Mutational signatures,0.050251171344155354,paired_delong_auroc,0.00306793017610941,**,,,,,,,,,,,
figure_5_cross_endpoint_summary.csv,20260607T133931Z,hrd_binary_24,HRD24 high/low,main,Main,mc3_main,binary,Binary classification,MAF_stack_only,Bio MAF v4,MAF_stack_only,Bio MAF v4,no UGA atlas,No UGA atlas,XGBoost,XGBoost,xgboost,XGBoost,auroc,AUROC,0.8398486887030363,,0.8398486887030363,,0.8193776538817622,0.7772020725388601,0.7761066184653362,0.7761066184653362,0.7769003495439701,0.5523219354969218,,,,,,0.23646098861825784,0.28375318634190944,772.0,948.0,5.0,1.0,,0.0,,,,,,,,,main_complete_panel_mc3_maf_stack_bio_v4_nested_fs_1a8fbb418519277c0e47e210,main_manuscript_complete_panel_oof_predictions.csv,main_manuscript_complete_panel_fold_metrics.csv,,5 outer stratified folds; inner 60/20 stratified validation split,main_manuscript_complete_panel,main_manuscript_complete_panel_endpoint_results.csv,main_manuscript_complete_panel_endpoint_results.csv,60.0,main_manuscript_complete_panel,measured,main_manuscript_complete_panel,hrd_binary_24|MAF_stack_only|XGBoost,figure_5:maf_stack_vs_signatures,signatures_only,Mutational signatures,MAF_stack_only,Bio MAF v4,0.01701068914926296,paired_delong_auroc,0.27459985775023493,,,,,,,,,,,,
figure_5_cross_endpoint_summary.csv,20260607T133931Z,hrd_binary_24,HRD24 high/low,main,Main,mc3_main,binary,Binary classification,signatures_plus_MAF_stack,Signatures + Bio MAF v4,signatures_plus_MAF_stack,Signatures + Bio MAF v4,no UGA atlas,No UGA atlas,XGBoost,XGBoost,xgboost,XGBoost,auroc,AUROC,0.836579742676141,,0.836579742676141,,0.8302280055090302,0.7823834196891192,0.7803653803166088,0.7803653803166088,0.7798887138539758,0.5607783640267402,,,,,,0.2135144713848446,0.2637531705342198,772.0,1130.0,5.0,1.0,,0.0,,,,,,,,,main_complete_panel_mc3_signatures_plus_maf_stack_bio_v4_nested_fs_8b5fd6dea3414b126012c153,main_manuscript_complete_panel_oof_predictions.csv,main_manuscript_complete_panel_fold_metrics.csv,,5 outer stratified folds; inner 60/20 stratified validation split,main_manuscript_complete_panel,main_manuscript_complete_panel_endpoint_results.csv,main_manuscript_complete_panel_endpoint_results.csv,60.0,main_manuscript_complete_panel,measured,main_manuscript_complete_panel,hrd_binary_24|signatures_plus_MAF_stack|XGBoost,figure_5:sig_maf_vs_signatures,signatures_only,Mutational signatures,signatures_plus_MAF_stack,Signatures + Bio MAF v4,0.013741743122367645,paired_delong_auroc,0.2562173656618135,,,,,,,,,,,,
figure_5_cross_endpoint_summary.csv,20260607T133931Z,hrd_binary_33,HRD33 high/low,main,Main,mc3_main,binary,Binary classification,burden_only,Mutational burden,burden_only,Mutational burden,no UGA atlas,No UGA atlas,elastic_net,Elastic net,linear,Linear,auroc,AUROC,0.788437708512058,,0.788437708512058,,0.5846253424287842,0.7370466321243523,0.7075970363404663,0.7075970363404663,0.7244066342579354,0.4189678184784221,,,,,,,,772.0,3.0,5.0,1.0,,0.0,,,,,,,,,main_complete_panel_mc3_standard_features_28d6404e244a73722d16aa63,main_manuscript_complete_panel_oof_predictions.csv,main_manuscript_complete_panel_fold_metrics.csv,,5 outer stratified folds; inner 60/20 stratified validation split,main_manuscript_complete_panel,main_manuscript_complete_panel_endpoint_results.csv,main_manuscript_complete_panel_endpoint_results.csv,60.0,main_manuscript_complete_panel,measured,main_manuscript_complete_panel,hrd_binary_33|burden_only|elastic_net,,,,,,,,,,,,,,,,,,,,
figure_5_cross_endpoint_summary.csv,20260607T133931Z,hrd_binary_33,HRD33 high/low,main,Main,mc3_main,binary,Binary classification,standard_sbs96_id83,SBS96 + ID83 spectra,signatures_only,Mutational signatures,no UGA atlas,No UGA atlas,elastic_net,Elastic net,linear,Linear,auroc,AUROC,0.773623423251676,,0.773623423251676,,0.6009888470809452,0.7487046632124352,0.7171092894110536,0.7171092894110536,0.7303561783115686,0.4364709069564432,,,,,,0.431565979017457,0.45314427796832984,772.0,182.0,5.0,1.0,,0.0,,,,,,,,,main_complete_panel_mc3_standard_features_28d6404e244a73722d16aa63,main_manuscript_complete_panel_oof_predictions.csv,main_manuscript_complete_panel_fold_metrics.csv,,5 outer stratified folds; inner 60/20 stratified validation split,main_manuscript_complete_panel,main_manuscript_complete_panel_endpoint_results.csv,main_manuscript_complete_panel_endpoint_results.csv,60.0,main_manuscript_complete_panel,measured,main_manuscript_complete_panel,hrd_binary_33|signatures_only|elastic_net,figure_5:signatures_vs_burden,burden_only,Mutational burden,signatures_only,Mutational signatures,-0.014814285260381865,paired_delong_auroc,0.44389643556081293,,,,,,,,,,,,
figure_5_cross_endpoint_summary.csv,20260607T133931Z,hrd_binary_33,HRD33 high/low,main,Main,mc3_main,binary,Binary classification,MAF_stack_only,Bio MAF v4,MAF_stack_only,Bio MAF v4,no UGA atlas,No UGA atlas,elastic_net,Elastic net,linear,Linear,auroc,AUROC,0.830402249547231,,0.830402249547231,,0.6323108354274798,0.7733160621761658,0.7526796093399604,0.7526796093399604,0.7806135417659581,0.5112297762727562,,,,,,0.004553124716928844,0.008314401657000498,772.0,948.0,5.0,1.0,,0.0,,,,,,,,,main_complete_panel_mc3_maf_stack_bio_v4_nested_fs_1a8fbb418519277c0e47e210,main_manuscript_complete_panel_oof_predictions.csv,main_manuscript_complete_panel_fold_metrics.csv,,5 outer stratified folds; inner 60/20 stratified validation split,main_manuscript_complete_panel,main_manuscript_complete_panel_endpoint_results.csv,main_manuscript_complete_panel_endpoint_results.csv,60.0,main_manuscript_complete_panel,measured,main_manuscript_complete_panel,hrd_binary_33|MAF_stack_only|elastic_net,figure_5:maf_stack_vs_signatures,signatures_only,Mutational signatures,MAF_stack_only,Bio MAF v4,0.05677882629555486,paired_delong_auroc,0.008195624490471919,**,,,,,,,,,,,
figure_5_cross_endpoint_summary.csv,20260607T133931Z,hrd_binary_33,HRD33 high/low,main,Main,mc3_main,binary,Binary classification,signatures_plus_MAF_stack,Signatures + Bio MAF v4,signatures_plus_MAF_stack,Signatures + Bio MAF v4,no UGA atlas,No UGA atlas,elastic_net,Elastic net,linear,Linear,auroc,AUROC,0.8463842023321576,,0.8463842023321576,,0.708710718919264,0.7862694300518135,0.7640302696294101,0.7640302696294101,0.7874924538493311,0.5319527322966577,,,,,,1.2940974671081586e-05,0.00026674831531038504,772.0,1130.0,5.0,1.0,,0.0,,,,,,,,,main_complete_panel_mc3_signatures_plus_maf_stack_bio_v4_nested_fs_8b5fd6dea3414b126012c153,main_manuscript_complete_panel_oof_predictions.csv,main_manuscript_complete_panel_fold_metrics.csv,,5 outer stratified folds; inner 60/20 stratified validation split,main_manuscript_complete_panel,main_manuscript_complete_panel_endpoint_results.csv,main_manuscript_complete_panel_endpoint_results.csv,60.0,main_manuscript_complete_panel,measured,main_manuscript_complete_panel,hrd_binary_33|signatures_plus_MAF_stack|elastic_net,figure_5:sig_maf_vs_signatures,signatures_only,Mutational signatures,signatures_plus_MAF_stack,Signatures + Bio MAF v4,0.07276077908048162,paired_delong_auroc,0.0003429621196847808,***,,,,,,,,,,,
figure_5_cross_endpoint_summary.csv,20260607T133931Z,hrd_binary_33,HRD33 high/low,main,Main,mc3_main,binary,Binary classification,burden_only,Mutational burden,burden_only,Mutational burden,no UGA atlas,No UGA atlas,XGBoost,XGBoost,xgboost,XGBoost,auroc,AUROC,0.8109014075556829,,0.8109014075556829,,0.620376930082578,0.7577720207253886,0.7393958758680697,0.7393958758680697,0.7730832777301179,0.4878529870867035,,,,,,,,772.0,3.0,5.0,1.0,,0.0,,,,,,,,,main_complete_panel_mc3_standard_features_28d6404e244a73722d16aa63,main_manuscript_complete_panel_oof_predictions.csv,main_manuscript_complete_panel_fold_metrics.csv,,5 outer stratified folds; inner 60/20 stratified validation split,main_manuscript_complete_panel,main_manuscript_complete_panel_endpoint_results.csv,main_manuscript_complete_panel_endpoint_results.csv,60.0,main_manuscript_complete_panel,measured,main_manuscript_complete_panel,hrd_binary_33|burden_only|XGBoost,,,,,,,,,,,,,,,,,,,,
figure_5_cross_endpoint_summary.csv,20260607T133931Z,hrd_binary_33,HRD33 high/low,main,Main,mc3_main,binary,Binary classification,standard_sbs96_id83,SBS96 + ID83 spectra,signatures_only,Mutational signatures,no UGA atlas,No UGA atlas,XGBoost,XGBoost,xgboost,XGBoost,auroc,AUROC,0.8449027738061196,,0.8449027738061196,,0.7221456972419918,0.7979274611398963,0.7657821652780695,0.7657821652780695,0.771709083976742,0.53185931523463,,,,,,0.011746290363333533,0.02053036783575706,772.0,182.0,5.0,1.0,,0.0,,,,,,,,,main_complete_panel_mc3_standard_features_28d6404e244a73722d16aa63,main_manuscript_complete_panel_oof_predictions.csv,main_manuscript_complete_panel_fold_metrics.csv,,5 outer stratified folds; inner 60/20 stratified validation split,main_manuscript_complete_panel,main_manuscript_complete_panel_endpoint_results.csv,main_manuscript_complete_panel_endpoint_results.csv,60.0,main_manuscript_complete_panel,measured,main_manuscript_complete_panel,hrd_binary_33|signatures_only|XGBoost,figure_5:signatures_vs_burden,burden_only,Mutational burden,signatures_only,Mutational signatures,0.034001366250436815,paired_delong_auroc,0.020136497765714627,*,,,,,,,,,,,
figure_5_cross_endpoint_summary.csv,20260607T133931Z,hrd_binary_33,HRD33 high/low,main,Main,mc3_main,binary,Binary classification,MAF_stack_only,Bio MAF v4,MAF_stack_only,Bio MAF v4,no UGA atlas,No UGA atlas,XGBoost,XGBoost,xgboost,XGBoost,auroc,AUROC,0.8567343437231912,,0.8567343437231912,,0.7201958276809691,0.7901554404145078,0.7664398246020303,0.7664398246020303,0.7866584056175134,0.5357959438192238,,,,,,0.4290768276424609,0.45314427796832984,772.0,948.0,5.0,1.0,,0.0,,,,,,,,,main_complete_panel_mc3_maf_stack_bio_v4_nested_fs_1a8fbb418519277c0e47e210,main_manuscript_complete_panel_oof_predictions.csv,main_manuscript_complete_panel_fold_metrics.csv,,5 outer stratified folds; inner 60/20 stratified validation split,main_manuscript_complete_panel,main_manuscript_complete_panel_endpoint_results.csv,main_manuscript_complete_panel_endpoint_results.csv,60.0,main_manuscript_complete_panel,measured,main_manuscript_complete_panel,hrd_binary_33|MAF_stack_only|XGBoost,figure_5:maf_stack_vs_signatures,signatures_only,Mutational signatures,MAF_stack_only,Bio MAF v4,0.011831569917071905,paired_delong_auroc,0.44389643556081293,,,,,,,,,,,,
figure_5_cross_endpoint_summary.csv,20260607T133931Z,hrd_binary_33,HRD33 high/low,main,Main,mc3_main,binary,Binary classification,signatures_plus_MAF_stack,Signatures + Bio MAF v4,signatures_plus_MAF_stack,Signatures + Bio MAF v4,no UGA atlas,No UGA atlas,XGBoost,XGBoost,xgboost,XGBoost,auroc,AUROC,0.86669923426429,,0.86669923426429,,0.7391314930707289,0.8186528497409327,0.7942226994752755,0.7942226994752755,0.8083118863788008,0.5895737764680864,,,,,,0.0705976530178318,0.10051191277115036,772.0,1130.0,5.0,1.0,,0.0,,,,,,,,,main_complete_panel_mc3_signatures_plus_maf_stack_bio_v4_nested_fs_8b5fd6dea3414b126012c153,main_manuscript_complete_panel_oof_predictions.csv,main_manuscript_complete_panel_fold_metrics.csv,,5 outer stratified folds; inner 60/20 stratified validation split,main_manuscript_complete_panel,main_manuscript_complete_panel_endpoint_results.csv,main_manuscript_complete_panel_endpoint_results.csv,60.0,main_manuscript_complete_panel,measured,main_manuscript_complete_panel,hrd_binary_33|signatures_plus_MAF_stack|XGBoost,figure_5:sig_maf_vs_signatures,signatures_only,Mutational signatures,signatures_plus_MAF_stack,Signatures + Bio MAF v4,0.02179646045817063,paired_delong_auroc,0.09775059648622865,,,,,,,,,,,,
figure_5_cross_endpoint_summary.csv,20260607T133931Z,hrd_binary_42,HRD42 high/low,main,Main,mc3_main,binary,Binary classification,burden_only,Mutational burden,burden_only,Mutational burden,no UGA atlas,No UGA atlas,elastic_net,Elastic net,linear,Linear,auroc,AUROC,0.8245123258306538,,0.8245123258306538,,0.4727552461380484,0.7733160621761658,0.7042825404121658,0.7042825404121658,0.7632047159699893,0.4209867654117808,,,,,,,,772.0,3.0,5.0,1.0,,0.0,,,,,,,,,main_complete_panel_mc3_standard_features_28d6404e244a73722d16aa63,main_manuscript_complete_panel_oof_predictions.csv,main_manuscript_complete_panel_fold_metrics.csv,,5 outer stratified folds; inner 60/20 stratified validation split,main_manuscript_complete_panel,main_manuscript_complete_panel_endpoint_results.csv,main_manuscript_complete_panel_endpoint_results.csv,60.0,main_manuscript_complete_panel,measured,main_manuscript_complete_panel,hrd_binary_42|burden_only|elastic_net,,,,,,,,,,,,,,,,,,,,
figure_5_cross_endpoint_summary.csv,20260607T133931Z,hrd_binary_42,HRD42 high/low,main,Main,mc3_main,binary,Binary classification,standard_sbs96_id83,SBS96 + ID83 spectra,signatures_only,Mutational signatures,no UGA atlas,No UGA atlas,elastic_net,Elastic net,linear,Linear,auroc,AUROC,0.8585101822079314,,0.8585101822079314,,0.6002943376309676,0.8264248704663213,0.7591544049171168,0.7591544049171168,0.8037513397642015,0.522858935094646,,,,,,0.07894394802538733,0.1087096989202055,772.0,182.0,5.0,1.0,,0.0,,,,,,,,,main_complete_panel_mc3_standard_features_28d6404e244a73722d16aa63,main_manuscript_complete_panel_oof_predictions.csv,main_manuscript_complete_panel_fold_metrics.csv,,5 outer stratified folds; inner 60/20 stratified validation split,main_manuscript_complete_panel,main_manuscript_complete_panel_endpoint_results.csv,main_manuscript_complete_panel_endpoint_results.csv,60.0,main_manuscript_complete_panel,measured,main_manuscript_complete_panel,hrd_binary_42|signatures_only|elastic_net,figure_5:signatures_vs_burden,burden_only,Mutational burden,signatures_only,Mutational signatures,0.03399785637727759,paired_delong_auroc,0.1052585973671831,,,,,,,,,,,,
figure_5_cross_endpoint_summary.csv,20260607T133931Z,hrd_binary_42,HRD42 high/low,main,Main,mc3_main,binary,Binary classification,MAF_stack_only,Bio MAF v4,MAF_stack_only,Bio MAF v4,no UGA atlas,No UGA atlas,elastic_net,Elastic net,linear,Linear,auroc,AUROC,0.837642015005359,,0.837642015005359,,0.534075982688323,0.7759067357512953,0.6964353496575817,0.6964353496575817,0.7395176848874598,0.4009437347495335,,,,,,0.31068027472085147,0.3534552516588445,772.0,948.0,5.0,1.0,,0.0,,,,,,,,,main_complete_panel_mc3_maf_stack_bio_v4_nested_fs_1a8fbb418519277c0e47e210,main_manuscript_complete_panel_oof_predictions.csv,main_manuscript_complete_panel_fold_metrics.csv,,5 outer stratified folds; inner 60/20 stratified validation split,main_manuscript_complete_panel,main_manuscript_complete_panel_endpoint_results.csv,main_manuscript_complete_panel_endpoint_results.csv,60.0,main_manuscript_complete_panel,measured,main_manuscript_complete_panel,hrd_binary_42|MAF_stack_only|elastic_net,figure_5:maf_stack_vs_signatures,signatures_only,Mutational signatures,MAF_stack_only,Bio MAF v4,-0.020868167202572452,paired_delong_auroc,0.33968426782798045,,,,,,,,,,,,
figure_5_cross_endpoint_summary.csv,20260607T133931Z,hrd_binary_42,HRD42 high/low,main,Main,mc3_main,binary,Binary classification,signatures_plus_MAF_stack,Signatures + Bio MAF v4,signatures_plus_MAF_stack,Signatures + Bio MAF v4,no UGA atlas,No UGA atlas,elastic_net,Elastic net,linear,Linear,auroc,AUROC,0.9052947481243302,,0.9052947481243302,,0.7259767305887094,0.844559585492228,0.7755813953488373,0.7755813953488373,0.807416934619507,0.5532579761583272,,,,,,0.00034088113067882336,0.0028634014977021163,772.0,1130.0,5.0,1.0,,0.0,,,,,,,,,main_complete_panel_mc3_signatures_plus_maf_stack_bio_v4_nested_fs_8b5fd6dea3414b126012c153,main_manuscript_complete_panel_oof_predictions.csv,main_manuscript_complete_panel_fold_metrics.csv,,5 outer stratified folds; inner 60/20 stratified validation split,main_manuscript_complete_panel,main_manuscript_complete_panel_endpoint_results.csv,main_manuscript_complete_panel_endpoint_results.csv,60.0,main_manuscript_complete_panel,measured,main_manuscript_complete_panel,hrd_binary_42|signatures_plus_MAF_stack|elastic_net,figure_5:sig_maf_vs_signatures,signatures_only,Mutational signatures,signatures_plus_MAF_stack,Signatures + Bio MAF v4,0.04678456591639879,paired_delong_auroc,0.00306793017610941,**,,,,,,,,,,,
figure_5_cross_endpoint_summary.csv,20260607T133931Z,hrd_binary_42,HRD42 high/low,main,Main,mc3_main,binary,Binary classification,burden_only,Mutational burden,burden_only,Mutational burden,no UGA atlas,No UGA atlas,XGBoost,XGBoost,xgboost,XGBoost,auroc,AUROC,0.8187727759914255,,0.8187727759914255,,0.4810774789611427,0.7746113989637305,0.7110853013292038,0.7110853013292038,0.7791854233654876,0.4368271004527922,,,,,,,,772.0,3.0,5.0,1.0,,0.0,,,,,,,,,main_complete_panel_mc3_standard_features_28d6404e244a73722d16aa63,main_manuscript_complete_panel_oof_predictions.csv,main_manuscript_complete_panel_fold_metrics.csv,,5 outer stratified folds; inner 60/20 stratified validation split,main_manuscript_complete_panel,main_manuscript_complete_panel_endpoint_results.csv,main_manuscript_complete_panel_endpoint_results.csv,60.0,main_manuscript_complete_panel,measured,main_manuscript_complete_panel,hrd_binary_42|burden_only|XGBoost,,,,,,,,,,,,,,,,,,,,
figure_5_cross_endpoint_summary.csv,20260607T133931Z,hrd_binary_42,HRD42 high/low,main,Main,mc3_main,binary,Binary classification,standard_sbs96_id83,SBS96 + ID83 spectra,signatures_only,Mutational signatures,no UGA atlas,No UGA atlas,XGBoost,XGBoost,xgboost,XGBoost,auroc,AUROC,0.8708681672025723,,0.8708681672025723,,0.6634860437713221,0.8497409326424871,0.7784134210917009,0.7784134210917009,0.8030439442658093,0.5580908767912833,,,,,,0.001790594742112327,0.007621121393576483,772.0,182.0,5.0,1.0,,0.0,,,,,,,,,main_complete_panel_mc3_standard_features_28d6404e244a73722d16aa63,main_manuscript_complete_panel_oof_predictions.csv,main_manuscript_complete_panel_fold_metrics.csv,,5 outer stratified folds; inner 60/20 stratified validation split,main_manuscript_complete_panel,main_manuscript_complete_panel_endpoint_results.csv,main_manuscript_complete_panel_endpoint_results.csv,60.0,main_manuscript_complete_panel,measured,main_manuscript_complete_panel,hrd_binary_42|signatures_only|XGBoost,figure_5:signatures_vs_burden,burden_only,Mutational burden,signatures_only,Mutational signatures,0.05209539121114681,paired_delong_auroc,0.007563819728963126,**,,,,,,,,,,,
figure_5_cross_endpoint_summary.csv,20260607T133931Z,hrd_binary_42,HRD42 high/low,main,Main,mc3_main,binary,Binary classification,MAF_stack_only,Bio MAF v4,MAF_stack_only,Bio MAF v4,no UGA atlas,No UGA atlas,XGBoost,XGBoost,xgboost,XGBoost,auroc,AUROC,0.8408360128617363,,0.8408360128617363,,0.5800101025396653,0.8160621761658031,0.7457392821026654,0.7457392821026654,0.7897320471596999,0.4965648995187185,,,,,,0.09262794125793684,0.12157417290104211,772.0,948.0,5.0,1.0,,0.0,,,,,,,,,main_complete_panel_mc3_maf_stack_bio_v4_nested_fs_1a8fbb418519277c0e47e210,main_manuscript_complete_panel_oof_predictions.csv,main_manuscript_complete_panel_fold_metrics.csv,,5 outer stratified folds; inner 60/20 stratified validation split,main_manuscript_complete_panel,main_manuscript_complete_panel_endpoint_results.csv,main_manuscript_complete_panel_endpoint_results.csv,60.0,main_manuscript_complete_panel,measured,main_manuscript_complete_panel,hrd_binary_42|MAF_stack_only|XGBoost,figure_5:maf_stack_vs_signatures,signatures_only,Mutational signatures,MAF_stack_only,Bio MAF v4,-0.030032154340835948,paired_delong_auroc,0.11909306733163308,,,,,,,,,,,,
figure_5_cross_endpoint_summary.csv,20260607T133931Z,hrd_binary_42,HRD42 high/low,main,Main,mc3_main,binary,Binary classification,signatures_plus_MAF_stack,Signatures + Bio MAF v4,signatures_plus_MAF_stack,Signatures + Bio MAF v4,no UGA atlas,No UGA atlas,XGBoost,XGBoost,xgboost,XGBoost,auroc,AUROC,0.9090889603429796,,0.9090889603429796,,0.7474052021620459,0.8769430051813472,0.8078167786905651,0.8078167786905651,0.8148660235798499,0.6157151240778002,,,,,,0.003365426043753578,0.007621121393576483,772.0,1130.0,5.0,1.0,,0.0,,,,,,,,,main_complete_panel_mc3_signatures_plus_maf_stack_bio_v4_nested_fs_8b5fd6dea3414b126012c153,main_manuscript_complete_panel_oof_predictions.csv,main_manuscript_complete_panel_fold_metrics.csv,,5 outer stratified folds; inner 60/20 stratified validation split,main_manuscript_complete_panel,main_manuscript_complete_panel_endpoint_results.csv,main_manuscript_complete_panel_endpoint_results.csv,60.0,main_manuscript_complete_panel,measured,main_manuscript_complete_panel,hrd_binary_42|signatures_plus_MAF_stack|XGBoost,figure_5:sig_maf_vs_signatures,signatures_only,Mutational signatures,signatures_plus_MAF_stack,Signatures + Bio MAF v4,0.03822079314040738,paired_delong_auroc,0.007563819728963126,**,,,,,,,,,,,
figure_5_cross_endpoint_summary.csv,20260607T133931Z,cancer_type_top20,Cancer type (top 20),main,Main,mc3_main,multiclass,Multiclass classification,burden_only,Mutational burden,burden_only,Mutational burden,no UGA atlas,No UGA atlas,elastic_net,Elastic net,linear,Linear,macro_auroc,macro-AUROC,0.7806988905158254,,0.7806988905158254,0.7960544068073075,,0.2448863636363636,0.2105016915437985,0.2105016915437985,0.2492069611753795,0.2060123963140866,0.4921590909090909,0.6448863636363636,,,,,,8800.0,3.0,5.0,1.0,,0.0,,,,,,,,,main_complete_panel_mc3_standard_features_b51f8b5ae4d45407a30592e9,main_manuscript_complete_panel_oof_predictions.csv,main_manuscript_complete_panel_fold_metrics.csv,,5 outer stratified folds; inner 60/20 stratified validation split,main_manuscript_complete_panel,main_manuscript_complete_panel_endpoint_results.csv,main_manuscript_complete_panel_endpoint_results.csv,60.0,main_manuscript_complete_panel,measured,main_manuscript_complete_panel,cancer_type_top20|burden_only|elastic_net,,,,,,,,,,,,,,,,,,,,
figure_5_cross_endpoint_summary.csv,20260607T133931Z,cancer_type_top20,Cancer type (top 20),main,Main,mc3_main,multiclass,Multiclass classification,standard_sbs96_id83,SBS96 + ID83 spectra,signatures_only,Mutational signatures,no UGA atlas,No UGA atlas,elastic_net,Elastic net,linear,Linear,macro_auroc,macro-AUROC,0.9183512598771202,,0.9183512598771202,0.9218533723901696,,0.5125,0.5077062342197263,0.5077062342197263,0.5311280077859434,0.4863374147366981,0.7822727272727272,0.8789772727272728,,,,0.003992015968063872,0.007621121393576483,8800.0,182.0,5.0,1.0,,0.0,,,,,,,,,main_complete_panel_mc3_standard_features_b51f8b5ae4d45407a30592e9,main_manuscript_complete_panel_oof_predictions.csv,main_manuscript_complete_panel_fold_metrics.csv,,5 outer stratified folds; inner 60/20 stratified validation split,main_manuscript_complete_panel,main_manuscript_complete_panel_endpoint_results.csv,main_manuscript_complete_panel_endpoint_results.csv,60.0,main_manuscript_complete_panel,measured,main_manuscript_complete_panel,cancer_type_top20|signatures_only|elastic_net,figure_5:signatures_vs_burden,burden_only,Mutational burden,signatures_only,Mutational signatures,0.13765236936129477,paired_bootstrap_macro_auroc,0.007563819728963126,**,,,,,,,,,,,
figure_5_cross_endpoint_summary.csv,20260607T133931Z,cancer_type_top20,Cancer type (top 20),main,Main,mc3_main,multiclass,Multiclass classification,MAF_stack_only,Bio MAF v4,MAF_stack_only,Bio MAF v4,no UGA atlas,No UGA atlas,elastic_net,Elastic net,linear,Linear,macro_auroc,macro-AUROC,0.9313453563569716,,0.9313453563569716,0.9325053868529796,,0.5889772727272727,0.593489955303923,0.593489955303923,0.5846918473732353,0.5638776306641369,0.8068181818181818,0.8936363636363637,,,,0.003992015968063872,0.007621121393576483,8800.0,948.0,5.0,1.0,,0.0,,,,,,,,,main_complete_panel_mc3_maf_stack_bio_v4_nested_fs_d6edd8e534e20d8f3900f40a,main_manuscript_complete_panel_oof_predictions.csv,main_manuscript_complete_panel_fold_metrics.csv,,5 outer stratified folds; inner 60/20 stratified validation split,main_manuscript_complete_panel,main_manuscript_complete_panel_endpoint_results.csv,main_manuscript_complete_panel_endpoint_results.csv,60.0,main_manuscript_complete_panel,measured,main_manuscript_complete_panel,cancer_type_top20|MAF_stack_only|elastic_net,figure_5:maf_stack_vs_signatures,signatures_only,Mutational signatures,MAF_stack_only,Bio MAF v4,0.012981751834655442,paired_bootstrap_macro_auroc,0.007563819728963126,**,,,,,,,,,,,
figure_5_cross_endpoint_summary.csv,20260607T133931Z,cancer_type_top20,Cancer type (top 20),main,Main,mc3_main,multiclass,Multiclass classification,signatures_plus_MAF_stack,Signatures + Bio MAF v4,signatures_plus_MAF_stack,Signatures + Bio MAF v4,no UGA atlas,No UGA atlas,elastic_net,Elastic net,linear,Linear,macro_auroc,macro-AUROC,0.9005457654769318,,0.9005457654769318,0.9005389292899086,,0.5735227272727272,0.5797784265322972,0.5797784265322972,0.5858466254680722,0.5484927364617955,0.8035227272727272,0.8690909090909091,,,,0.003992015968063872,0.007621121393576483,8800.0,1130.0,5.0,1.0,,0.0,,,,,,,,,main_complete_panel_mc3_signatures_plus_maf_stack_bio_v4_nested_fs_ad3d17da74c297af2e37dd43,main_manuscript_complete_panel_oof_predictions.csv,main_manuscript_complete_panel_fold_metrics.csv,,5 outer stratified folds; inner 60/20 stratified validation split,main_manuscript_complete_panel,main_manuscript_complete_panel_endpoint_results.csv,main_manuscript_complete_panel_endpoint_results.csv,60.0,main_manuscript_complete_panel,measured,main_manuscript_complete_panel,cancer_type_top20|signatures_plus_MAF_stack|elastic_net,figure_5:sig_maf_vs_signatures,signatures_only,Mutational signatures,signatures_plus_MAF_stack,Signatures + Bio MAF v4,-0.017833539527213782,paired_bootstrap_macro_auroc,0.007563819728963126,**,,,,,,,,,,,
figure_5_cross_endpoint_summary.csv,20260607T133931Z,cancer_type_top20,Cancer type (top 20),main,Main,mc3_main,multiclass,Multiclass classification,burden_only,Mutational burden,burden_only,Mutational burden,no UGA atlas,No UGA atlas,XGBoost,XGBoost,xgboost,XGBoost,macro_auroc,macro-AUROC,0.8080980706742714,,0.8080980706742714,0.8354459724336667,,0.28875,0.2380119236303373,0.2380119236303373,0.2540954256349878,0.2378331081278268,0.5634090909090909,0.6984090909090909,,,,,,8800.0,3.0,5.0,1.0,,0.0,,,,,,,,,main_complete_panel_mc3_standard_features_b51f8b5ae4d45407a30592e9,main_manuscript_complete_panel_oof_predictions.csv,main_manuscript_complete_panel_fold_metrics.csv,,5 outer stratified folds; inner 60/20 stratified validation split,main_manuscript_complete_panel,main_manuscript_complete_panel_endpoint_results.csv,main_manuscript_complete_panel_endpoint_results.csv,60.0,main_manuscript_complete_panel,measured,main_manuscript_complete_panel,cancer_type_top20|burden_only|XGBoost,,,,,,,,,,,,,,,,,,,,
figure_5_cross_endpoint_summary.csv,20260607T133931Z,cancer_type_top20,Cancer type (top 20),main,Main,mc3_main,multiclass,Multiclass classification,standard_sbs96_id83,SBS96 + ID83 spectra,signatures_only,Mutational signatures,no UGA atlas,No UGA atlas,XGBoost,XGBoost,xgboost,XGBoost,macro_auroc,macro-AUROC,0.9353987054872702,,0.9353987054872702,0.943658959058286,,0.5631818181818182,0.5490794601501003,0.5490794601501003,0.5398795555483545,0.5347768062736917,0.8207954545454546,0.899090909090909,,,,0.003992015968063872,0.007621121393576483,8800.0,182.0,5.0,1.0,,0.0,,,,,,,,,main_complete_panel_mc3_standard_features_b51f8b5ae4d45407a30592e9,main_manuscript_complete_panel_oof_predictions.csv,main_manuscript_complete_panel_fold_metrics.csv,,5 outer stratified folds; inner 60/20 stratified validation split,main_manuscript_complete_panel,main_manuscript_complete_panel_endpoint_results.csv,main_manuscript_complete_panel_endpoint_results.csv,60.0,main_manuscript_complete_panel,measured,main_manuscript_complete_panel,cancer_type_top20|signatures_only|XGBoost,figure_5:signatures_vs_burden,burden_only,Mutational burden,signatures_only,Mutational signatures,0.1273006348129988,paired_bootstrap_macro_auroc,0.007563819728963126,**,,,,,,,,,,,
figure_5_cross_endpoint_summary.csv,20260607T133931Z,cancer_type_top20,Cancer type (top 20),main,Main,mc3_main,multiclass,Multiclass classification,MAF_stack_only,Bio MAF v4,MAF_stack_only,Bio MAF v4,no UGA atlas,No UGA atlas,XGBoost,XGBoost,xgboost,XGBoost,macro_auroc,macro-AUROC,0.9586677215400228,,0.9586677215400228,0.9639956631959546,,0.6702272727272728,0.6704461965997327,0.6704461965997327,0.6677562414030127,0.6500478879241143,0.8656818181818182,0.9286363636363636,,,,0.003992015968063872,0.007621121393576483,8800.0,948.0,5.0,1.0,,0.0,,,,,,,,,main_complete_panel_mc3_maf_stack_bio_v4_nested_fs_d6edd8e534e20d8f3900f40a,main_manuscript_complete_panel_oof_predictions.csv,main_manuscript_complete_panel_fold_metrics.csv,,5 outer stratified folds; inner 60/20 stratified validation split,main_manuscript_complete_panel,main_manuscript_complete_panel_endpoint_results.csv,main_manuscript_complete_panel_endpoint_results.csv,60.0,main_manuscript_complete_panel,measured,main_manuscript_complete_panel,cancer_type_top20|MAF_stack_only|XGBoost,figure_5:maf_stack_vs_signatures,signatures_only,Mutational signatures,MAF_stack_only,Bio MAF v4,0.023269016052752667,paired_bootstrap_macro_auroc,0.007563819728963126,**,,,,,,,,,,,
figure_5_cross_endpoint_summary.csv,20260607T133931Z,cancer_type_top20,Cancer type (top 20),main,Main,mc3_main,multiclass,Multiclass classification,signatures_plus_MAF_stack,Signatures + Bio MAF v4,signatures_plus_MAF_stack,Signatures + Bio MAF v4,no UGA atlas,No UGA atlas,XGBoost,XGBoost,xgboost,XGBoost,macro_auroc,macro-AUROC,0.975756575207822,,0.975756575207822,0.9780069683829924,,0.7436363636363637,0.7488494908953992,0.7488494908953992,0.7424171451086083,0.727768225184253,0.9090909090909092,0.9551136363636364,,,,0.003992015968063872,0.007621121393576483,8800.0,1130.0,5.0,1.0,,0.0,,,,,,,,,main_complete_panel_mc3_signatures_plus_maf_stack_bio_v4_nested_fs_9cce34fc4a9671061d0a7619,main_manuscript_complete_panel_oof_predictions.csv,main_manuscript_complete_panel_fold_metrics.csv,,5 outer stratified folds; inner 60/20 stratified validation split,main_manuscript_complete_panel,main_manuscript_complete_panel_endpoint_results.csv,main_manuscript_complete_panel_endpoint_results.csv,60.0,main_manuscript_complete_panel,measured,main_manuscript_complete_panel,cancer_type_top20|signatures_plus_MAF_stack|XGBoost,figure_5:sig_maf_vs_signatures,signatures_only,Mutational signatures,signatures_plus_MAF_stack,Signatures + Bio MAF v4,0.04035786972055189,paired_bootstrap_macro_auroc,0.007563819728963126,**,,,,,,,,,,,
figure_5_cross_endpoint_summary.csv,20260607T133931Z,cancer_type_top20,Cancer type (top 20),main,Main,tcga_mc3_wes,multiclass,Multiclass classification,MuAt-compatible reimplementation,Muat Compatible Reimplementation,MuAt_style_attention_MIL,MuAt-compatible,no UGA atlas,No UGA atlas,MuAt-compatible reimplementation,MuAt-compatible,muat_compatible_qkv_attention,Muat Compatible Qkv Attention,macro_auroc,macro-AUROC,0.9202026152125976,0.9202026152125976,,0.9216432035667682,,0.5388636363636363,0.5202215298300465,0.5202215298300465,0.5335608330088428,0.5122910630721595,0.7747727272727273,0.8607954545454546,,,,,,8800.0,,5.0,1.0,,,,,,,,,,,,muat_style_tcga_comparator_cancer_type_top20_comparable_oof_predictions.csv,muat_style_tcga_comparator_cancer_type_top20_comparable_fold_metrics.csv,,5-fold OOF CV where available,muat_style_tcga_comparator,muat_style_tcga_comparator_cancer_type_top20_comparable_endpoint_results.csv,muat_style_tcga_comparator_cancer_type_top20_comparable_endpoint_results.csv,54.0,muat_style_tcga_comparator,measured,muat_style_tcga_comparator,cancer_type_top20|MuAt_style_attention_MIL|MuAt-compatible reimplementation,,,,,,,,,,,,,,,,,,,,
figure_5_cross_endpoint_summary.csv,20260607T133931Z,OS,Overall survival,main,Main,tcga_cdr_survival,survival,Survival,burden_only,Mutational burden,burden_only,Mutational burden,no UGA atlas,No UGA atlas,cox_ph,Cox PH,cox_ph,Cox Ph,c_index,Harrell C-index,0.5816893480061318,,,,,,,,,,,,,,,,,9986.0,3.0,5.0,1.0,,0.0,,,,,,,,,main_complete_panel_mc3_standard_features_059c6ad7664bed3ad37c6ddc,main_manuscript_complete_panel_oof_predictions.csv,main_manuscript_complete_panel_fold_metrics.csv,,5 outer event-stratified folds; inner 60/20 event-stratified validation split,main_manuscript_complete_panel,main_manuscript_complete_panel_endpoint_results.csv,main_manuscript_complete_panel_endpoint_results.csv,60.0,main_manuscript_complete_panel,measured,main_manuscript_complete_panel,OS|burden_only|cox_ph,,,,,,,,,,,,,,,,,,,,
figure_5_cross_endpoint_summary.csv,20260607T133931Z,OS,Overall survival,main,Main,tcga_cdr_survival,survival,Survival,standard_sbs96_id83,SBS96 + ID83 spectra,signatures_only,Mutational signatures,no UGA atlas,No UGA atlas,cox_ph,Cox PH,cox_ph,Cox Ph,c_index,Harrell C-index,0.6065431202452489,,,,,,,,,,,,,,,,,9986.0,182.0,5.0,1.0,,0.0,,,,,,,,,main_complete_panel_mc3_standard_features_059c6ad7664bed3ad37c6ddc,main_manuscript_complete_panel_oof_predictions.csv,main_manuscript_complete_panel_fold_metrics.csv,,5 outer event-stratified folds; inner 60/20 event-stratified validation split,main_manuscript_complete_panel,main_manuscript_complete_panel_endpoint_results.csv,main_manuscript_complete_panel_endpoint_results.csv,60.0,main_manuscript_complete_panel,measured,main_manuscript_complete_panel,OS|signatures_only|cox_ph,,,,,,,,,,,,,,,,,,,,
figure_5_cross_endpoint_summary.csv,20260607T133931Z,OS,Overall survival,main,Main,tcga_cdr_survival,survival,Survival,MAF_stack_only,Bio MAF v4,MAF_stack_only,Bio MAF v4,no UGA atlas,No UGA atlas,cox_ph,Cox PH,cox_ph,Cox Ph,c_index,Harrell C-index,0.6155057455775251,,,,,,,,,,,,,,,,,9986.0,948.0,5.0,1.0,,0.0,,,,,,,,,main_complete_panel_mc3_maf_stack_bio_v4_nested_fs_ac0575b1470e540a835db4f7,main_manuscript_complete_panel_oof_predictions.csv,main_manuscript_complete_panel_fold_metrics.csv,,5 outer event-stratified folds; inner 60/20 event-stratified validation split,main_manuscript_complete_panel,main_manuscript_complete_panel_endpoint_results.csv,main_manuscript_complete_panel_endpoint_results.csv,60.0,main_manuscript_complete_panel,measured,main_manuscript_complete_panel,OS|MAF_stack_only|cox_ph,,,,,,,,,,,,,,,,,,,,
figure_5_cross_endpoint_summary.csv,20260607T133931Z,OS,Overall survival,main,Main,tcga_cdr_survival,survival,Survival,signatures_plus_MAF_stack,Signatures + Bio MAF v4,signatures_plus_MAF_stack,Signatures + Bio MAF v4,no UGA atlas,No UGA atlas,cox_ph,Cox PH,cox_ph,Cox Ph,c_index,Harrell C-index,0.6326136821863003,,,,,,,,,,,,,,,,,9986.0,1130.0,5.0,1.0,,0.0,,,,,,,,,main_complete_panel_mc3_signatures_plus_maf_stack_bio_v4_nested_fs_70333d828a06960826cdc3d8,main_manuscript_complete_panel_oof_predictions.csv,main_manuscript_complete_panel_fold_metrics.csv,,5 outer event-stratified folds; inner 60/20 event-stratified validation split,main_manuscript_complete_panel,main_manuscript_complete_panel_endpoint_results.csv,main_manuscript_complete_panel_endpoint_results.csv,60.0,main_manuscript_complete_panel,measured,main_manuscript_complete_panel,OS|signatures_plus_MAF_stack|cox_ph,,,,,,,,,,,,,,,,,,,,
figure_s2_calibration_thresholds.csv,,damage_class,Kucab damage class,,,,,,,,signatures_plus_MAF_stack,Signatures + Bio MAF v4,,,XGBoost,XGBoost,,,,,,,,,,,,,,,,,,,,,,30.0,,,,,,,,,,,,,,,,,,,,,,,,,,,,,,,,,,,,multiclass_confidence_accuracy,Confidence versus correctness,Observed accuracy,2.0,0.1,0.2,0.18054475200562473,0.16666666666666666,259.0,8.0,0.08314795748004443
figure_s2_calibration_thresholds.csv,,damage_class,Kucab damage class,,,,,,,,signatures_plus_MAF_stack,Signatures + Bio MAF v4,,,XGBoost,XGBoost,,,,,,,,,,,,,,,,,,,,,,106.0,,,,,,,,,,,,,,,,,,,,,,,,,,,,,,,,,,,,multiclass_confidence_accuracy,Confidence versus correctness,Observed accuracy,3.0,0.2,0.30000000000000004,0.25262606542191196,0.20754716981132076,259.0,8.0,0.08314795748004443
figure_s2_calibration_thresholds.csv,,damage_class,Kucab damage class,,,,,,,,signatures_plus_MAF_stack,Signatures + Bio MAF v4,,,XGBoost,XGBoost,,,,,,,,,,,,,,,,,,,,,,52.0,,,,,,,,,,,,,,,,,,,,,,,,,,,,,,,,,,,,multiclass_confidence_accuracy,Confidence versus correctness,Observed accuracy,4.0,0.30000000000000004,0.4,0.3494714826908909,0.23076923076923078,259.0,8.0,0.08314795748004443
figure_s2_calibration_thresholds.csv,,damage_class,Kucab damage class,,,,,,,,signatures_plus_MAF_stack,Signatures + Bio MAF v4,,,XGBoost,XGBoost,,,,,,,,,,,,,,,,,,,,,,24.0,,,,,,,,,,,,,,,,,,,,,,,,,,,,,,,,,,,,multiclass_confidence_accuracy,Confidence versus correctness,Observed accuracy,5.0,0.4,0.5,0.45495922507000924,0.25,259.0,8.0,0.08314795748004443
figure_s2_calibration_thresholds.csv,,damage_class,Kucab damage class,,,,,,,,signatures_plus_MAF_stack,Signatures + Bio MAF v4,,,XGBoost,XGBoost,,,,,,,,,,,,,,,,,,,,,,25.0,,,,,,,,,,,,,,,,,,,,,,,,,,,,,,,,,,,,multiclass_confidence_accuracy,Confidence versus correctness,Observed accuracy,6.0,0.5,0.6000000000000001,0.5343648227941331,0.48,259.0,8.0,0.08314795748004443
figure_s2_calibration_thresholds.csv,,damage_class,Kucab damage class,,,,,,,,signatures_plus_MAF_stack,Signatures + Bio MAF v4,,,XGBoost,XGBoost,,,,,,,,,,,,,,,,,,,,,,10.0,,,,,,,,,,,,,,,,,,,,,,,,,,,,,,,,,,,,multiclass_confidence_accuracy,Confidence versus correctness,Observed accuracy,7.0,0.6000000000000001,0.7000000000000001,0.637805469416844,0.5,259.0,8.0,0.08314795748004443
figure_s2_calibration_thresholds.csv,,damage_class,Kucab damage class,,,,,,,,signatures_plus_MAF_stack,Signatures + Bio MAF v4,,,XGBoost,XGBoost,,,,,,,,,,,,,,,,,,,,,,8.0,,,,,,,,,,,,,,,,,,,,,,,,,,,,,,,,,,,,multiclass_confidence_accuracy,Confidence versus correctness,Observed accuracy,8.0,0.7000000000000001,0.8,0.7514787495315554,1.0,259.0,8.0,0.08314795748004443
figure_s2_calibration_thresholds.csv,,damage_class,Kucab damage class,,,,,,,,signatures_plus_MAF_stack,Signatures + Bio MAF v4,,,XGBoost,XGBoost,,,,,,,,,,,,,,,,,,,,,,4.0,,,,,,,,,,,,,,,,,,,,,,,,,,,,,,,,,,,,multiclass_confidence_accuracy,Confidence versus correctness,Observed accuracy,9.0,0.8,0.9,0.8690670692339441,1.0,259.0,8.0,0.08314795748004443
figure_s2_calibration_thresholds.csv,,hrd_binary_24,HRD24 high/low,,,,,,,,signatures_plus_MAF_stack,Signatures + Bio MAF v4,,,XGBoost,XGBoost,,,,,,,,,,,,,,,,,,,,,,48.0,,,,,,,,,,,,,,,,,,,,,,,,,,,,,,,,,,,,binary_positive_probability,Positive-class probability,Observed positive fraction,1.0,0.0,0.1,0.06272760663346749,0.0625,772.0,2.0,0.07773060712942778
figure_s2_calibration_thresholds.csv,,hrd_binary_24,HRD24 high/low,,,,,,,,signatures_plus_MAF_stack,Signatures + Bio MAF v4,,,XGBoost,XGBoost,,,,,,,,,,,,,,,,,,,,,,122.0,,,,,,,,,,,,,,,,,,,,,,,,,,,,,,,,,,,,binary_positive_probability,Positive-class probability,Observed positive fraction,2.0,0.1,0.2,0.15219558974772718,0.16393442622950818,772.0,2.0,0.07773060712942778
figure_s2_calibration_thresholds.csv,,hrd_binary_24,HRD24 high/low,,,,,,,,signatures_plus_MAF_stack,Signatures + Bio MAF v4,,,XGBoost,XGBoost,,,,,,,,,,,,,,,,,,,,,,79.0,,,,,,,,,,,,,,,,,,,,,,,,,,,,,,,,,,,,binary_positive_probability,Positive-class probability,Observed positive fraction,3.0,0.2,0.30000000000000004,0.2512715065886608,0.21518987341772153,772.0,2.0,0.07773060712942778
figure_s2_calibration_thresholds.csv,,hrd_binary_24,HRD24 high/low,,,,,,,,signatures_plus_MAF_stack,Signatures + Bio MAF v4,,,XGBoost,XGBoost,,,,,,,,,,,,,,,,,,,,,,43.0,,,,,,,,,,,,,,,,,,,,,,,,,,,,,,,,,,,,binary_positive_probability,Positive-class probability,Observed positive fraction,4.0,0.30000000000000004,0.4,0.3467004640142638,0.2558139534883721,772.0,2.0,0.07773060712942778
figure_s2_calibration_thresholds.csv,,hrd_binary_24,HRD24 high/low,,,,,,,,signatures_plus_MAF_stack,Signatures + Bio MAF v4,,,XGBoost,XGBoost,,,,,,,,,,,,,,,,,,,,,,135.0,,,,,,,,,,,,,,,,,,,,,,,,,,,,,,,,,,,,binary_positive_probability,Positive-class probability,Observed positive fraction,5.0,0.4,0.5,0.44709794975912365,0.2740740740740741,772.0,2.0,0.07773060712942778
figure_s2_calibration_thresholds.csv,,hrd_binary_24,HRD24 high/low,,,,,,,,signatures_plus_MAF_stack,Signatures + Bio MAF v4,,,XGBoost,XGBoost,,,,,,,,,,,,,,,,,,,,,,106.0,,,,,,,,,,,,,,,,,,,,,,,,,,,,,,,,,,,,binary_positive_probability,Positive-class probability,Observed positive fraction,6.0,0.5,0.6000000000000001,0.5579515054540815,0.6981132075471698,772.0,2.0,0.07773060712942778
figure_s2_calibration_thresholds.csv,,hrd_binary_24,HRD24 high/low,,,,,,,,signatures_plus_MAF_stack,Signatures + Bio MAF v4,,,XGBoost,XGBoost,,,,,,,,,,,,,,,,,,,,,,45.0,,,,,,,,,,,,,,,,,,,,,,,,,,,,,,,,,,,,binary_positive_probability,Positive-class probability,Observed positive fraction,7.0,0.6000000000000001,0.7000000000000001,0.6559246222178141,0.5333333333333333,772.0,2.0,0.07773060712942778
figure_s2_calibration_thresholds.csv,,hrd_binary_24,HRD24 high/low,,,,,,,,signatures_plus_MAF_stack,Signatures + Bio MAF v4,,,XGBoost,XGBoost,,,,,,,,,,,,,,,,,,,,,,57.0,,,,,,,,,,,,,,,,,,,,,,,,,,,,,,,,,,,,binary_positive_probability,Positive-class probability,Observed positive fraction,8.0,0.7000000000000001,0.8,0.752052456663366,0.7017543859649122,772.0,2.0,0.07773060712942778
figure_s2_calibration_thresholds.csv,,hrd_binary_24,HRD24 high/low,,,,,,,,signatures_plus_MAF_stack,Signatures + Bio MAF v4,,,XGBoost,XGBoost,,,,,,,,,,,,,,,,,,,,,,84.0,,,,,,,,,,,,,,,,,,,,,,,,,,,,,,,,,,,,binary_positive_probability,Positive-class probability,Observed positive fraction,9.0,0.8,0.9,0.8542719128585997,0.8928571428571429,772.0,2.0,0.07773060712942778
figure_s2_calibration_thresholds.csv,,hrd_binary_24,HRD24 high/low,,,,,,,,signatures_plus_MAF_stack,Signatures + Bio MAF v4,,,XGBoost,XGBoost,,,,,,,,,,,,,,,,,,,,,,53.0,,,,,,,,,,,,,,,,,,,,,,,,,,,,,,,,,,,,binary_positive_probability,Positive-class probability,Observed positive fraction,10.0,0.9,1.0,0.944032536362702,0.9811320754716981,772.0,2.0,0.07773060712942778
figure_s2_calibration_thresholds.csv,,hrd_binary_33,HRD33 high/low,,,,,,,,signatures_plus_MAF_stack,Signatures + Bio MAF v4,,,XGBoost,XGBoost,,,,,,,,,,,,,,,,,,,,,,93.0,,,,,,,,,,,,,,,,,,,,,,,,,,,,,,,,,,,,binary_positive_probability,Positive-class probability,Observed positive fraction,1.0,0.0,0.1,0.05764479051905488,0.021505376344086023,772.0,2.0,0.13971509445031613
figure_s2_calibration_thresholds.csv,,hrd_binary_33,HRD33 high/low,,,,,,,,signatures_plus_MAF_stack,Signatures + Bio MAF v4,,,XGBoost,XGBoost,,,,,,,,,,,,,,,,,,,,,,94.0,,,,,,,,,,,,,,,,,,,,,,,,,,,,,,,,,,,,binary_positive_probability,Positive-class probability,Observed positive fraction,2.0,0.1,0.2,0.14110945894841664,0.05319148936170213,772.0,2.0,0.13971509445031613
figure_s2_calibration_thresholds.csv,,hrd_binary_33,HRD33 high/low,,,,,,,,signatures_plus_MAF_stack,Signatures + Bio MAF v4,,,XGBoost,XGBoost,,,,,,,,,,,,,,,,,,,,,,41.0,,,,,,,,,,,,,,,,,,,,,,,,,,,,,,,,,,,,binary_positive_probability,Positive-class probability,Observed positive fraction,3.0,0.2,0.30000000000000004,0.24976394792925097,0.0975609756097561,772.0,2.0,0.13971509445031613
figure_s2_calibration_thresholds.csv,,hrd_binary_33,HRD33 high/low,,,,,,,,signatures_plus_MAF_stack,Signatures + Bio MAF v4,,,XGBoost,XGBoost,,,,,,,,,,,,,,,,,,,,,,100.0,,,,,,,,,,,,,,,,,,,,,,,,,,,,,,,,,,,,binary_positive_probability,Positive-class probability,Observed positive fraction,4.0,0.30000000000000004,0.4,0.35655306108545576,0.08,772.0,2.0,0.13971509445031613
figure_s2_calibration_thresholds.csv,,hrd_binary_33,HRD33 high/low,,,,,,,,signatures_plus_MAF_stack,Signatures + Bio MAF v4,,,XGBoost,XGBoost,,,,,,,,,,,,,,,,,,,,,,172.0,,,,,,,,,,,,,,,,,,,,,,,,,,,,,,,,,,,,binary_positive_probability,Positive-class probability,Observed positive fraction,5.0,0.4,0.5,0.4512206104922977,0.18604651162790697,772.0,2.0,0.13971509445031613
figure_s2_calibration_thresholds.csv,,hrd_binary_33,HRD33 high/low,,,,,,,,signatures_plus_MAF_stack,Signatures + Bio MAF v4,,,XGBoost,XGBoost,,,,,,,,,,,,,,,,,,,,,,93.0,,,,,,,,,,,,,,,,,,,,,,,,,,,,,,,,,,,,binary_positive_probability,Positive-class probability,Observed positive fraction,6.0,0.5,0.6000000000000001,0.5470203539376618,0.5806451612903226,772.0,2.0,0.13971509445031613
figure_s2_calibration_thresholds.csv,,hrd_binary_33,HRD33 high/low,,,,,,,,signatures_plus_MAF_stack,Signatures + Bio MAF v4,,,XGBoost,XGBoost,,,,,,,,,,,,,,,,,,,,,,64.0,,,,,,,,,,,,,,,,,,,,,,,,,,,,,,,,,,,,binary_positive_probability,Positive-class probability,Observed positive fraction,7.0,0.6000000000000001,0.7000000000000001,0.6407610401511192,0.65625,772.0,2.0,0.13971509445031613
figure_s2_calibration_thresholds.csv,,hrd_binary_33,HRD33 high/low,,,,,,,,signatures_plus_MAF_stack,Signatures + Bio MAF v4,,,XGBoost,XGBoost,,,,,,,,,,,,,,,,,,,,,,45.0,,,,,,,,,,,,,,,,,,,,,,,,,,,,,,,,,,,,binary_positive_probability,Positive-class probability,Observed positive fraction,8.0,0.7000000000000001,0.8,0.7532140917248196,0.5333333333333333,772.0,2.0,0.13971509445031613
figure_s2_calibration_thresholds.csv,,hrd_binary_33,HRD33 high/low,,,,,,,,signatures_plus_MAF_stack,Signatures + Bio MAF v4,,,XGBoost,XGBoost,,,,,,,,,,,,,,,,,,,,,,48.0,,,,,,,,,,,,,,,,,,,,,,,,,,,,,,,,,,,,binary_positive_probability,Positive-class probability,Observed positive fraction,9.0,0.8,0.9,0.8523367829620838,0.8958333333333334,772.0,2.0,0.13971509445031613
figure_s2_calibration_thresholds.csv,,hrd_binary_33,HRD33 high/low,,,,,,,,signatures_plus_MAF_stack,Signatures + Bio MAF v4,,,XGBoost,XGBoost,,,,,,,,,,,,,,,,,,,,,,22.0,,,,,,,,,,,,,,,,,,,,,,,,,,,,,,,,,,,,binary_positive_probability,Positive-class probability,Observed positive fraction,10.0,0.9,1.0,0.9376525553790006,0.9090909090909091,772.0,2.0,0.13971509445031613
figure_s2_calibration_thresholds.csv,,hrd_binary_42,HRD42 high/low,,,,,,,,signatures_plus_MAF_stack,Signatures + Bio MAF v4,,,XGBoost,XGBoost,,,,,,,,,,,,,,,,,,,,,,356.0,,,,,,,,,,,,,,,,,,,,,,,,,,,,,,,,,,,,binary_positive_probability,Positive-class probability,Observed positive fraction,1.0,0.0,0.1,0.030244864079314423,0.014044943820224719,772.0,2.0,0.07601780127613492
figure_s2_calibration_thresholds.csv,,hrd_binary_42,HRD42 high/low,,,,,,,,signatures_plus_MAF_stack,Signatures + Bio MAF v4,,,XGBoost,XGBoost,,,,,,,,,,,,,,,,,,,,,,63.0,,,,,,,,,,,,,,,,,,,,,,,,,,,,,,,,,,,,binary_positive_probability,Positive-class probability,Observed positive fraction,2.0,0.1,0.2,0.14155964330558823,0.14285714285714285,772.0,2.0,0.07601780127613492
figure_s2_calibration_thresholds.csv,,hrd_binary_42,HRD42 high/low,,,,,,,,signatures_plus_MAF_stack,Signatures + Bio MAF v4,,,XGBoost,XGBoost,,,,,,,,,,,,,,,,,,,,,,97.0,,,,,,,,,,,,,,,,,,,,,,,,,,,,,,,,,,,,binary_positive_probability,Positive-class probability,Observed positive fraction,3.0,0.2,0.30000000000000004,0.2513031882224137,0.1134020618556701,772.0,2.0,0.07601780127613492
figure_s2_calibration_thresholds.csv,,hrd_binary_42,HRD42 high/low,,,,,,,,signatures_plus_MAF_stack,Signatures + Bio MAF v4,,,XGBoost,XGBoost,,,,,,,,,,,,,,,,,,,,,,58.0,,,,,,,,,,,,,,,,,,,,,,,,,,,,,,,,,,,,binary_positive_probability,Positive-class probability,Observed positive fraction,4.0,0.30000000000000004,0.4,0.3475158932823074,0.20689655172413793,772.0,2.0,0.07601780127613492
figure_s2_calibration_thresholds.csv,,hrd_binary_42,HRD42 high/low,,,,,,,,signatures_plus_MAF_stack,Signatures + Bio MAF v4,,,XGBoost,XGBoost,,,,,,,,,,,,,,,,,,,,,,39.0,,,,,,,,,,,,,,,,,,,,,,,,,,,,,,,,,,,,binary_positive_probability,Positive-class probability,Observed positive fraction,5.0,0.4,0.5,0.44270618788551896,0.15384615384615385,772.0,2.0,0.07601780127613492
figure_s2_calibration_thresholds.csv,,hrd_binary_42,HRD42 high/low,,,,,,,,signatures_plus_MAF_stack,Signatures + Bio MAF v4,,,XGBoost,XGBoost,,,,,,,,,,,,,,,,,,,,,,22.0,,,,,,,,,,,,,,,,,,,,,,,,,,,,,,,,,,,,binary_positive_probability,Positive-class probability,Observed positive fraction,6.0,0.5,0.6000000000000001,0.5579394562677904,0.45454545454545453,772.0,2.0,0.07601780127613492
figure_s2_calibration_thresholds.csv,,hrd_binary_42,HRD42 high/low,,,,,,,,signatures_plus_MAF_stack,Signatures + Bio MAF v4,,,XGBoost,XGBoost,,,,,,,,,,,,,,,,,,,,,,25.0,,,,,,,,,,,,,,,,,,,,,,,,,,,,,,,,,,,,binary_positive_probability,Positive-class probability,Observed positive fraction,7.0,0.6000000000000001,0.7000000000000001,0.6599275279045105,0.4,772.0,2.0,0.07601780127613492
figure_s2_calibration_thresholds.csv,,hrd_binary_42,HRD42 high/low,,,,,,,,signatures_plus_MAF_stack,Signatures + Bio MAF v4,,,XGBoost,XGBoost,,,,,,,,,,,,,,,,,,,,,,33.0,,,,,,,,,,,,,,,,,,,,,,,,,,,,,,,,,,,,binary_positive_probability,Positive-class probability,Observed positive fraction,8.0,0.7000000000000001,0.8,0.7484110214493491,0.6363636363636364,772.0,2.0,0.07601780127613492
figure_s2_calibration_thresholds.csv,,hrd_binary_42,HRD42 high/low,,,,,,,,signatures_plus_MAF_stack,Signatures + Bio MAF v4,,,XGBoost,XGBoost,,,,,,,,,,,,,,,,,,,,,,17.0,,,,,,,,,,,,,,,,,,,,,,,,,,,,,,,,,,,,binary_positive_probability,Positive-class probability,Observed positive fraction,9.0,0.8,0.9,0.849164787460776,0.7647058823529411,772.0,2.0,0.07601780127613492
figure_s2_calibration_thresholds.csv,,hrd_binary_42,HRD42 high/low,,,,,,,,signatures_plus_MAF_stack,Signatures + Bio MAF v4,,,XGBoost,XGBoost,,,,,,,,,,,,,,,,,,,,,,62.0,,,,,,,,,,,,,,,,,,,,,,,,,,,,,,,,,,,,binary_positive_probability,Positive-class probability,Observed positive fraction,10.0,0.9,1.0,0.9537537867023099,0.8548387096774194,772.0,2.0,0.07601780127613492
figure_s2_calibration_thresholds.csv,,cancer_type_top20,Cancer type (top 20),,,,,,,,signatures_plus_MAF_stack,Signatures + Bio MAF v4,,,XGBoost,XGBoost,,,,,,,,,,,,,,,,,,,,,,56.0,,,,,,,,,,,,,,,,,,,,,,,,,,,,,,,,,,,,multiclass_confidence_accuracy,Confidence versus correctness,Observed accuracy,2.0,0.1,0.2,0.18249596003061472,0.25,8800.0,20.0,0.046192374206438624
figure_s2_calibration_thresholds.csv,,cancer_type_top20,Cancer type (top 20),,,,,,,,signatures_plus_MAF_stack,Signatures + Bio MAF v4,,,XGBoost,XGBoost,,,,,,,,,,,,,,,,,,,,,,488.0,,,,,,,,,,,,,,,,,,,,,,,,,,,,,,,,,,,,multiclass_confidence_accuracy,Confidence versus correctness,Observed accuracy,3.0,0.2,0.30000000000000004,0.26013140214071384,0.2889344262295082,8800.0,20.0,0.046192374206438624
figure_s2_calibration_thresholds.csv,,cancer_type_top20,Cancer type (top 20),,,,,,,,signatures_plus_MAF_stack,Signatures + Bio MAF v4,,,XGBoost,XGBoost,,,,,,,,,,,,,,,,,,,,,,865.0,,,,,,,,,,,,,,,,,,,,,,,,,,,,,,,,,,,,multiclass_confidence_accuracy,Confidence versus correctness,Observed accuracy,4.0,0.30000000000000004,0.4,0.35067286795505004,0.4,8800.0,20.0,0.046192374206438624
figure_s2_calibration_thresholds.csv,,cancer_type_top20,Cancer type (top 20),,,,,,,,signatures_plus_MAF_stack,Signatures + Bio MAF v4,,,XGBoost,XGBoost,,,,,,,,,,,,,,,,,,,,,,936.0,,,,,,,,,,,,,,,,,,,,,,,,,,,,,,,,,,,,multiclass_confidence_accuracy,Confidence versus correctness,Observed accuracy,5.0,0.4,0.5,0.4494597570289576,0.5192307692307693,8800.0,20.0,0.046192374206438624
figure_s2_calibration_thresholds.csv,,cancer_type_top20,Cancer type (top 20),,,,,,,,signatures_plus_MAF_stack,Signatures + Bio MAF v4,,,XGBoost,XGBoost,,,,,,,,,,,,,,,,,,,,,,831.0,,,,,,,,,,,,,,,,,,,,,,,,,,,,,,,,,,,,multiclass_confidence_accuracy,Confidence versus correctness,Observed accuracy,6.0,0.5,0.6000000000000001,0.5494988588169115,0.6269554753309265,8800.0,20.0,0.046192374206438624
figure_s2_calibration_thresholds.csv,,cancer_type_top20,Cancer type (top 20),,,,,,,,signatures_plus_MAF_stack,Signatures + Bio MAF v4,,,XGBoost,XGBoost,,,,,,,,,,,,,,,,,,,,,,861.0,,,,,,,,,,,,,,,,,,,,,,,,,,,,,,,,,,,,multiclass_confidence_accuracy,Confidence versus correctness,Observed accuracy,7.0,0.6000000000000001,0.7000000000000001,0.6498012347243067,0.7235772357723578,8800.0,20.0,0.046192374206438624
figure_s2_calibration_thresholds.csv,,cancer_type_top20,Cancer type (top 20),,,,,,,,signatures_plus_MAF_stack,Signatures + Bio MAF v4,,,XGBoost,XGBoost,,,,,,,,,,,,,,,,,,,,,,965.0,,,,,,,,,,,,,,,,,,,,,,,,,,,,,,,,,,,,multiclass_confidence_accuracy,Confidence versus correctness,Observed accuracy,8.0,0.7000000000000001,0.8,0.7502322213117826,0.8124352331606217,8800.0,20.0,0.046192374206438624
figure_s2_calibration_thresholds.csv,,cancer_type_top20,Cancer type (top 20),,,,,,,,signatures_plus_MAF_stack,Signatures + Bio MAF v4,,,XGBoost,XGBoost,,,,,,,,,,,,,,,,,,,,,,1071.0,,,,,,,,,,,,,,,,,,,,,,,,,,,,,,,,,,,,multiclass_confidence_accuracy,Confidence versus correctness,Observed accuracy,9.0,0.8,0.9,0.8534128730135482,0.9056956115779645,8800.0,20.0,0.046192374206438624
figure_s2_calibration_thresholds.csv,,cancer_type_top20,Cancer type (top 20),,,,,,,,signatures_plus_MAF_stack,Signatures + Bio MAF v4,,,XGBoost,XGBoost,,,,,,,,,,,,,,,,,,,,,,2727.0,,,,,,,,,,,,,,,,,,,,,,,,,,,,,,,,,,,,multiclass_confidence_accuracy,Confidence versus correctness,Observed accuracy,10.0,0.9,1.0,0.9615787129735508,0.9750641730839751,8800.0,20.0,0.046192374206438624
