hugo_symbol	entrez_gene_id	oncogene	tsg	source_url
A1CF	29974	True	False	https://public.api.oncokb.org/api/v1/utils/cancerGeneList
AAMP	14	True	False	https://public.api.oncokb.org/api/v1/utils/cancerGeneList
ABCB1	5243	True	False	https://public.api.oncokb.org/api/v1/utils/cancerGeneList
ABCC3	8714	True	False	https://public.api.oncokb.org/api/v1/utils/cancerGeneList
ABI1	10006	True	True	https://public.api.oncokb.org/api/v1/utils/cancerGeneList
ABL1	25	True	False	https://public.api.oncokb.org/api/v1/utils/cancerGeneList
ABL2	27	True	False	https://public.api.oncokb.org/api/v1/utils/cancerGeneList
ABRAXAS1	84142	False	True	https://public.api.oncokb.org/api/v1/utils/cancerGeneList
ACACA	31	True	False	https://public.api.oncokb.org/api/v1/utils/cancerGeneList
ACKR3	57007	True	True	https://public.api.oncokb.org/api/v1/utils/cancerGeneList
ACP3	55	False	True	https://public.api.oncokb.org/api/v1/utils/cancerGeneList
ACSL3	2181	False	False	https://public.api.oncokb.org/api/v1/utils/cancerGeneList
ACSL4	2182	True	False	https://public.api.oncokb.org/api/v1/utils/cancerGeneList
ACSL6	23305	False	False	https://public.api.oncokb.org/api/v1/utils/cancerGeneList
ACTB	60	False	False	https://public.api.oncokb.org/api/v1/utils/cancerGeneList
ACTG1	71	False	True	https://public.api.oncokb.org/api/v1/utils/cancerGeneList
ACVR1	90	True	False	https://public.api.oncokb.org/api/v1/utils/cancerGeneList
ACVR1B	91	False	True	https://public.api.oncokb.org/api/v1/utils/cancerGeneList
ACVR2A	92	True	True	https://public.api.oncokb.org/api/v1/utils/cancerGeneList
ADAR	103	False	False	https://public.api.oncokb.org/api/v1/utils/cancerGeneList
ADARB2	105	True	False	https://public.api.oncokb.org/api/v1/utils/cancerGeneList
ADGRA2	25960	True	False	https://public.api.oncokb.org/api/v1/utils/cancerGeneList
ADGRG4	139378	False	False	https://public.api.oncokb.org/api/v1/utils/cancerGeneList
ADHFE1	137872	True	False	https://public.api.oncokb.org/api/v1/utils/cancerGeneList
AFDN	4301	False	True	https://public.api.oncokb.org/api/v1/utils/cancerGeneList
AFF1	4299	False	False	https://public.api.oncokb.org/api/v1/utils/cancerGeneList
AFF3	3899	False	False	https://public.api.oncokb.org/api/v1/utils/cancerGeneList
AFF4	27125	True	False	https://public.api.oncokb.org/api/v1/utils/cancerGeneList
AGGF1	55109	True	False	https://public.api.oncokb.org/api/v1/utils/cancerGeneList
AGK	55750	True	False	https://public.api.oncokb.org/api/v1/utils/cancerGeneList
AGO1	26523	True	False	https://public.api.oncokb.org/api/v1/utils/cancerGeneList
AGO2	27161	False	False	https://public.api.oncokb.org/api/v1/utils/cancerGeneList
AIM2	9447	False	True	https://public.api.oncokb.org/api/v1/utils/cancerGeneList
AIP	9049	True	True	https://public.api.oncokb.org/api/v1/utils/cancerGeneList
AJUBA	84962	False	True	https://public.api.oncokb.org/api/v1/utils/cancerGeneList
AKT1	207	True	False	https://public.api.oncokb.org/api/v1/utils/cancerGeneList
AKT1S1	84335	True	False	https://public.api.oncokb.org/api/v1/utils/cancerGeneList
AKT2	208	True	False	https://public.api.oncokb.org/api/v1/utils/cancerGeneList
AKT3	10000	True	False	https://public.api.oncokb.org/api/v1/utils/cancerGeneList
ALB	213	False	False	https://public.api.oncokb.org/api/v1/utils/cancerGeneList
ALDH1A3	220	True	False	https://public.api.oncokb.org/api/v1/utils/cancerGeneList
ALDH1L2	160428	True	False	https://public.api.oncokb.org/api/v1/utils/cancerGeneList
ALDH2	217	False	True	https://public.api.oncokb.org/api/v1/utils/cancerGeneList
ALK	238	True	False	https://public.api.oncokb.org/api/v1/utils/cancerGeneList
ALOX12B	242	True	True	https://public.api.oncokb.org/api/v1/utils/cancerGeneList
ALOX15B	247	False	True	https://public.api.oncokb.org/api/v1/utils/cancerGeneList
ALOX5	240	True	True	https://public.api.oncokb.org/api/v1/utils/cancerGeneList
AMER1	139285	False	True	https://public.api.oncokb.org/api/v1/utils/cancerGeneList
ANK1	286	True	True	https://public.api.oncokb.org/api/v1/utils/cancerGeneList
ANKRD11	29123	False	True	https://public.api.oncokb.org/api/v1/utils/cancerGeneList
ANKRD26	22852	True	False	https://public.api.oncokb.org/api/v1/utils/cancerGeneList
APC	324	False	True	https://public.api.oncokb.org/api/v1/utils/cancerGeneList
APCDD1	147495	False	True	https://public.api.oncokb.org/api/v1/utils/cancerGeneList
APEX1	328	True	False	https://public.api.oncokb.org/api/v1/utils/cancerGeneList
APH1A	51107	False	False	https://public.api.oncokb.org/api/v1/utils/cancerGeneList
APLNR	187	True	True	https://public.api.oncokb.org/api/v1/utils/cancerGeneList
APOBEC3B	9582	True	False	https://public.api.oncokb.org/api/v1/utils/cancerGeneList
AR	367	True	False	https://public.api.oncokb.org/api/v1/utils/cancerGeneList
ARAF	369	True	False	https://public.api.oncokb.org/api/v1/utils/cancerGeneList
ARFRP1	10139	False	False	https://public.api.oncokb.org/api/v1/utils/cancerGeneList
ARHGAP26	23092	True	True	https://public.api.oncokb.org/api/v1/utils/cancerGeneList
ARHGAP35	2909	True	True	https://public.api.oncokb.org/api/v1/utils/cancerGeneList
ARHGEF12	23365	True	True	https://public.api.oncokb.org/api/v1/utils/cancerGeneList
ARHGEF28	64283	True	False	https://public.api.oncokb.org/api/v1/utils/cancerGeneList
ARID1A	8289	False	True	https://public.api.oncokb.org/api/v1/utils/cancerGeneList
ARID1B	57492	False	True	https://public.api.oncokb.org/api/v1/utils/cancerGeneList
ARID2	196528	False	True	https://public.api.oncokb.org/api/v1/utils/cancerGeneList
ARID3A	1820	False	True	https://public.api.oncokb.org/api/v1/utils/cancerGeneList
ARID3B	10620	True	False	https://public.api.oncokb.org/api/v1/utils/cancerGeneList
ARID3C	138715	False	False	https://public.api.oncokb.org/api/v1/utils/cancerGeneList
ARID4A	5926	False	True	https://public.api.oncokb.org/api/v1/utils/cancerGeneList
ARID4B	51742	False	True	https://public.api.oncokb.org/api/v1/utils/cancerGeneList
ARID5A	10865	False	False	https://public.api.oncokb.org/api/v1/utils/cancerGeneList
ARID5B	84159	False	True	https://public.api.oncokb.org/api/v1/utils/cancerGeneList
ARNT	405	True	True	https://public.api.oncokb.org/api/v1/utils/cancerGeneList
ART1	417	True	False	https://public.api.oncokb.org/api/v1/utils/cancerGeneList
ASCL1	429	True	False	https://public.api.oncokb.org/api/v1/utils/cancerGeneList
ASMTL	8623	False	False	https://public.api.oncokb.org/api/v1/utils/cancerGeneList
ASPSCR1	79058	False	False	https://public.api.oncokb.org/api/v1/utils/cancerGeneList
ASXL1	171023	False	True	https://public.api.oncokb.org/api/v1/utils/cancerGeneList
ASXL2	55252	False	True	https://public.api.oncokb.org/api/v1/utils/cancerGeneList
ASXL3	80816	True	False	https://public.api.oncokb.org/api/v1/utils/cancerGeneList
ATF1	466	True	False	https://public.api.oncokb.org/api/v1/utils/cancerGeneList
ATG5	9474	False	True	https://public.api.oncokb.org/api/v1/utils/cancerGeneList
ATIC	471	True	False	https://public.api.oncokb.org/api/v1/utils/cancerGeneList
ATM	472	False	True	https://public.api.oncokb.org/api/v1/utils/cancerGeneList
ATMIN	23300	False	True	https://public.api.oncokb.org/api/v1/utils/cancerGeneList
ATP1A1	476	True	True	https://public.api.oncokb.org/api/v1/utils/cancerGeneList
ATP2B3	492	False	False	https://public.api.oncokb.org/api/v1/utils/cancerGeneList
ATP6AP1	537	False	False	https://public.api.oncokb.org/api/v1/utils/cancerGeneList
ATP6V1B2	526	False	True	https://public.api.oncokb.org/api/v1/utils/cancerGeneList
ATR	545	False	True	https://public.api.oncokb.org/api/v1/utils/cancerGeneList
ATRIP	84126	False	True	https://public.api.oncokb.org/api/v1/utils/cancerGeneList
ATRX	546	False	True	https://public.api.oncokb.org/api/v1/utils/cancerGeneList
ATXN2	6311	False	True	https://public.api.oncokb.org/api/v1/utils/cancerGeneList
ATXN7	6314	True	False	https://public.api.oncokb.org/api/v1/utils/cancerGeneList
AURKA	6790	True	False	https://public.api.oncokb.org/api/v1/utils/cancerGeneList
AURKB	9212	True	False	https://public.api.oncokb.org/api/v1/utils/cancerGeneList
AURKC	6795	True	False	https://public.api.oncokb.org/api/v1/utils/cancerGeneList
AVIL	10677	True	False	https://public.api.oncokb.org/api/v1/utils/cancerGeneList
AXIN1	8312	False	True	https://public.api.oncokb.org/api/v1/utils/cancerGeneList
AXIN2	8313	False	True	https://public.api.oncokb.org/api/v1/utils/cancerGeneList
AXL	558	True	False	https://public.api.oncokb.org/api/v1/utils/cancerGeneList
B2M	567	False	True	https://public.api.oncokb.org/api/v1/utils/cancerGeneList
BAALC	79870	True	False	https://public.api.oncokb.org/api/v1/utils/cancerGeneList
BABAM1	29086	False	False	https://public.api.oncokb.org/api/v1/utils/cancerGeneList
BABAM2	9577	False	False	https://public.api.oncokb.org/api/v1/utils/cancerGeneList
BACH1	571	True	False	https://public.api.oncokb.org/api/v1/utils/cancerGeneList
BACH2	60468	False	True	https://public.api.oncokb.org/api/v1/utils/cancerGeneList
BAP1	8314	False	True	https://public.api.oncokb.org/api/v1/utils/cancerGeneList
BARD1	580	False	True	https://public.api.oncokb.org/api/v1/utils/cancerGeneList
BAX	581	False	False	https://public.api.oncokb.org/api/v1/utils/cancerGeneList
BBC3	27113	False	True	https://public.api.oncokb.org/api/v1/utils/cancerGeneList
BCL10	8915	False	True	https://public.api.oncokb.org/api/v1/utils/cancerGeneList
BCL11A	53335	True	False	https://public.api.oncokb.org/api/v1/utils/cancerGeneList
BCL11B	64919	False	True	https://public.api.oncokb.org/api/v1/utils/cancerGeneList
BCL2	596	True	False	https://public.api.oncokb.org/api/v1/utils/cancerGeneList
BCL2L1	598	False	False	https://public.api.oncokb.org/api/v1/utils/cancerGeneList
BCL2L11	10018	False	True	https://public.api.oncokb.org/api/v1/utils/cancerGeneList
BCL2L2	599	True	False	https://public.api.oncokb.org/api/v1/utils/cancerGeneList
BCL3	602	True	False	https://public.api.oncokb.org/api/v1/utils/cancerGeneList
BCL6	604	True	False	https://public.api.oncokb.org/api/v1/utils/cancerGeneList
BCL7A	605	False	True	https://public.api.oncokb.org/api/v1/utils/cancerGeneList
BCL9	607	True	False	https://public.api.oncokb.org/api/v1/utils/cancerGeneList
BCL9L	283149	True	False	https://public.api.oncokb.org/api/v1/utils/cancerGeneList
BCOR	54880	False	True	https://public.api.oncokb.org/api/v1/utils/cancerGeneList
BCORL1	63035	False	True	https://public.api.oncokb.org/api/v1/utils/cancerGeneList
BCR	613	True	False	https://public.api.oncokb.org/api/v1/utils/cancerGeneList
BIRC3	330	True	True	https://public.api.oncokb.org/api/v1/utils/cancerGeneList
BIRC5	332	True	False	https://public.api.oncokb.org/api/v1/utils/cancerGeneList
BLM	641	False	True	https://public.api.oncokb.org/api/v1/utils/cancerGeneList
BMPR1A	657	False	True	https://public.api.oncokb.org/api/v1/utils/cancerGeneList
BRAF	673	True	False	https://public.api.oncokb.org/api/v1/utils/cancerGeneList
BRCA1	672	False	True	https://public.api.oncokb.org/api/v1/utils/cancerGeneList
BRCA2	675	False	True	https://public.api.oncokb.org/api/v1/utils/cancerGeneList
BRD2	6046	True	False	https://public.api.oncokb.org/api/v1/utils/cancerGeneList
BRD3	8019	True	False	https://public.api.oncokb.org/api/v1/utils/cancerGeneList
BRD4	23476	True	False	https://public.api.oncokb.org/api/v1/utils/cancerGeneList
BRD9	65980	True	False	https://public.api.oncokb.org/api/v1/utils/cancerGeneList
BRIP1	83990	False	True	https://public.api.oncokb.org/api/v1/utils/cancerGeneList
BRSK1	84446	False	True	https://public.api.oncokb.org/api/v1/utils/cancerGeneList
BTG1	694	False	True	https://public.api.oncokb.org/api/v1/utils/cancerGeneList
BTG2	7832	False	True	https://public.api.oncokb.org/api/v1/utils/cancerGeneList
BTK	695	True	False	https://public.api.oncokb.org/api/v1/utils/cancerGeneList
BTLA	151888	False	False	https://public.api.oncokb.org/api/v1/utils/cancerGeneList
BUB1B	701	True	False	https://public.api.oncokb.org/api/v1/utils/cancerGeneList
CACNA1D	776	True	False	https://public.api.oncokb.org/api/v1/utils/cancerGeneList
CAD	790	True	False	https://public.api.oncokb.org/api/v1/utils/cancerGeneList
CALR	811	True	False	https://public.api.oncokb.org/api/v1/utils/cancerGeneList
CAMTA1	23261	False	True	https://public.api.oncokb.org/api/v1/utils/cancerGeneList
CANT1	124583	True	False	https://public.api.oncokb.org/api/v1/utils/cancerGeneList
CARD11	84433	True	False	https://public.api.oncokb.org/api/v1/utils/cancerGeneList
CARM1	10498	False	False	https://public.api.oncokb.org/api/v1/utils/cancerGeneList
CARS1	833	False	False	https://public.api.oncokb.org/api/v1/utils/cancerGeneList
CASP8	841	False	True	https://public.api.oncokb.org/api/v1/utils/cancerGeneList
CASR	846	True	True	https://public.api.oncokb.org/api/v1/utils/cancerGeneList
CAV1	857	True	True	https://public.api.oncokb.org/api/v1/utils/cancerGeneList
CBFA2T3	863	False	True	https://public.api.oncokb.org/api/v1/utils/cancerGeneList
CBFB	865	False	True	https://public.api.oncokb.org/api/v1/utils/cancerGeneList
CBL	867	False	True	https://public.api.oncokb.org/api/v1/utils/cancerGeneList
CBLB	868	False	True	https://public.api.oncokb.org/api/v1/utils/cancerGeneList
CBLC	23624	False	False	https://public.api.oncokb.org/api/v1/utils/cancerGeneList
CCAR1	55749	False	True	https://public.api.oncokb.org/api/v1/utils/cancerGeneList
CCDC6	8030	False	False	https://public.api.oncokb.org/api/v1/utils/cancerGeneList
CCN6	8838	True	True	https://public.api.oncokb.org/api/v1/utils/cancerGeneList
CCNB1IP1	57820	False	False	https://public.api.oncokb.org/api/v1/utils/cancerGeneList
CCNB3	85417	True	False	https://public.api.oncokb.org/api/v1/utils/cancerGeneList
CCND1	595	True	False	https://public.api.oncokb.org/api/v1/utils/cancerGeneList
CCND2	894	True	False	https://public.api.oncokb.org/api/v1/utils/cancerGeneList
CCND3	896	True	False	https://public.api.oncokb.org/api/v1/utils/cancerGeneList
CCNE1	898	True	False	https://public.api.oncokb.org/api/v1/utils/cancerGeneList
CCNQ	92002	False	True	https://public.api.oncokb.org/api/v1/utils/cancerGeneList
CCT2	10576	False	False	https://public.api.oncokb.org/api/v1/utils/cancerGeneList
CCT6B	10693	False	False	https://public.api.oncokb.org/api/v1/utils/cancerGeneList
CD19	930	True	False	https://public.api.oncokb.org/api/v1/utils/cancerGeneList
CD22	933	False	False	https://public.api.oncokb.org/api/v1/utils/cancerGeneList
CD274	29126	True	False	https://public.api.oncokb.org/api/v1/utils/cancerGeneList
CD276	80381	True	False	https://public.api.oncokb.org/api/v1/utils/cancerGeneList
CD28	940	True	False	https://public.api.oncokb.org/api/v1/utils/cancerGeneList
CD33	945	False	False	https://public.api.oncokb.org/api/v1/utils/cancerGeneList
CD36	948	False	False	https://public.api.oncokb.org/api/v1/utils/cancerGeneList
CD58	965	False	True	https://public.api.oncokb.org/api/v1/utils/cancerGeneList
CD70	970	True	False	https://public.api.oncokb.org/api/v1/utils/cancerGeneList
CD74	972	True	False	https://public.api.oncokb.org/api/v1/utils/cancerGeneList
CD79A	973	True	False	https://public.api.oncokb.org/api/v1/utils/cancerGeneList
CD79B	974	True	False	https://public.api.oncokb.org/api/v1/utils/cancerGeneList
CDC42	998	True	False	https://public.api.oncokb.org/api/v1/utils/cancerGeneList
CDC73	79577	False	True	https://public.api.oncokb.org/api/v1/utils/cancerGeneList
CDH1	999	False	True	https://public.api.oncokb.org/api/v1/utils/cancerGeneList
CDH11	1009	True	False	https://public.api.oncokb.org/api/v1/utils/cancerGeneList
CDH2	1000	True	False	https://public.api.oncokb.org/api/v1/utils/cancerGeneList
CDH4	1002	True	False	https://public.api.oncokb.org/api/v1/utils/cancerGeneList
CDK12	51755	False	True	https://public.api.oncokb.org/api/v1/utils/cancerGeneList
CDK4	1019	True	False	https://public.api.oncokb.org/api/v1/utils/cancerGeneList
CDK6	1021	True	False	https://public.api.oncokb.org/api/v1/utils/cancerGeneList
CDK7	1022	False	False	https://public.api.oncokb.org/api/v1/utils/cancerGeneList
CDK8	1024	True	False	https://public.api.oncokb.org/api/v1/utils/cancerGeneList
CDKN1A	1026	False	True	https://public.api.oncokb.org/api/v1/utils/cancerGeneList
CDKN1B	1027	False	True	https://public.api.oncokb.org/api/v1/utils/cancerGeneList
CDKN1C	1028	False	True	https://public.api.oncokb.org/api/v1/utils/cancerGeneList
CDKN2A	1029	False	True	https://public.api.oncokb.org/api/v1/utils/cancerGeneList
CDKN2B	1030	False	True	https://public.api.oncokb.org/api/v1/utils/cancerGeneList
CDKN2C	1031	False	True	https://public.api.oncokb.org/api/v1/utils/cancerGeneList
CDX2	1045	True	True	https://public.api.oncokb.org/api/v1/utils/cancerGeneList
CEBPA	1050	False	True	https://public.api.oncokb.org/api/v1/utils/cancerGeneList
CENPA	1058	False	False	https://public.api.oncokb.org/api/v1/utils/cancerGeneList
CEP43	11116	True	False	https://public.api.oncokb.org/api/v1/utils/cancerGeneList
CHCHD7	79145	False	False	https://public.api.oncokb.org/api/v1/utils/cancerGeneList
CHD2	1106	False	True	https://public.api.oncokb.org/api/v1/utils/cancerGeneList
CHD4	1108	True	False	https://public.api.oncokb.org/api/v1/utils/cancerGeneList
CHEK1	1111	False	True	https://public.api.oncokb.org/api/v1/utils/cancerGeneList
CHEK2	11200	False	True	https://public.api.oncokb.org/api/v1/utils/cancerGeneList
CHIC2	26511	False	False	https://public.api.oncokb.org/api/v1/utils/cancerGeneList
CHN1	1123	False	False	https://public.api.oncokb.org/api/v1/utils/cancerGeneList
CHTF8	54921	False	True	https://public.api.oncokb.org/api/v1/utils/cancerGeneList
CHUK	1147	True	True	https://public.api.oncokb.org/api/v1/utils/cancerGeneList
CIC	23152	False	True	https://public.api.oncokb.org/api/v1/utils/cancerGeneList
CIITA	4261	False	True	https://public.api.oncokb.org/api/v1/utils/cancerGeneList
CILK1	22858	True	False	https://public.api.oncokb.org/api/v1/utils/cancerGeneList
CKS1B	1163	False	False	https://public.api.oncokb.org/api/v1/utils/cancerGeneList
CLIP1	6249	True	False	https://public.api.oncokb.org/api/v1/utils/cancerGeneList
CLP1	10978	False	False	https://public.api.oncokb.org/api/v1/utils/cancerGeneList
CLTC	1213	False	False	https://public.api.oncokb.org/api/v1/utils/cancerGeneList
CLTCL1	8218	False	False	https://public.api.oncokb.org/api/v1/utils/cancerGeneList
CMTR2	55783	False	True	https://public.api.oncokb.org/api/v1/utils/cancerGeneList
CNBP	7555	False	False	https://public.api.oncokb.org/api/v1/utils/cancerGeneList
CNOT3	4849	False	False	https://public.api.oncokb.org/api/v1/utils/cancerGeneList
CNTRL	11064	False	False	https://public.api.oncokb.org/api/v1/utils/cancerGeneList
COL1A1	1277	True	False	https://public.api.oncokb.org/api/v1/utils/cancerGeneList
COL2A1	1280	False	True	https://public.api.oncokb.org/api/v1/utils/cancerGeneList
COL5A1	1289	True	False	https://public.api.oncokb.org/api/v1/utils/cancerGeneList
COP1	64326	True	True	https://public.api.oncokb.org/api/v1/utils/cancerGeneList
CPS1	1373	False	False	https://public.api.oncokb.org/api/v1/utils/cancerGeneList
CRBN	51185	False	True	https://public.api.oncokb.org/api/v1/utils/cancerGeneList
CREB1	1385	True	False	https://public.api.oncokb.org/api/v1/utils/cancerGeneList
CREB3L1	90993	False	False	https://public.api.oncokb.org/api/v1/utils/cancerGeneList
CREB3L2	64764	False	False	https://public.api.oncokb.org/api/v1/utils/cancerGeneList
CREBBP	1387	False	True	https://public.api.oncokb.org/api/v1/utils/cancerGeneList
CREM	1390	False	False	https://public.api.oncokb.org/api/v1/utils/cancerGeneList
CRKL	1399	True	False	https://public.api.oncokb.org/api/v1/utils/cancerGeneList
CRLF2	64109	True	False	https://public.api.oncokb.org/api/v1/utils/cancerGeneList
CRTC1	23373	True	False	https://public.api.oncokb.org/api/v1/utils/cancerGeneList
CRTC3	64784	False	False	https://public.api.oncokb.org/api/v1/utils/cancerGeneList
CSDE1	7812	False	False	https://public.api.oncokb.org/api/v1/utils/cancerGeneList
CSF1	1435	False	False	https://public.api.oncokb.org/api/v1/utils/cancerGeneList
CSF1R	1436	False	False	https://public.api.oncokb.org/api/v1/utils/cancerGeneList
CSF3R	1441	True	False	https://public.api.oncokb.org/api/v1/utils/cancerGeneList
CTC1	80169	False	False	https://public.api.oncokb.org/api/v1/utils/cancerGeneList
CTCF	10664	False	True	https://public.api.oncokb.org/api/v1/utils/cancerGeneList
CTDNEP1	23399	False	True	https://public.api.oncokb.org/api/v1/utils/cancerGeneList
CTLA4	1493	True	False	https://public.api.oncokb.org/api/v1/utils/cancerGeneList
CTNNA1	1495	False	True	https://public.api.oncokb.org/api/v1/utils/cancerGeneList
CTNNB1	1499	True	False	https://public.api.oncokb.org/api/v1/utils/cancerGeneList
CTR9	9646	False	True	https://public.api.oncokb.org/api/v1/utils/cancerGeneList
CUL3	8452	False	True	https://public.api.oncokb.org/api/v1/utils/cancerGeneList
CUL4A	8451	True	False	https://public.api.oncokb.org/api/v1/utils/cancerGeneList
CUX1	1523	False	True	https://public.api.oncokb.org/api/v1/utils/cancerGeneList
CXCR4	7852	True	False	https://public.api.oncokb.org/api/v1/utils/cancerGeneList
CYLD	1540	False	True	https://public.api.oncokb.org/api/v1/utils/cancerGeneList
CYP17A1	1586	False	False	https://public.api.oncokb.org/api/v1/utils/cancerGeneList
CYP19A1	1588	True	False	https://public.api.oncokb.org/api/v1/utils/cancerGeneList
CYSLTR2	57105	True	False	https://public.api.oncokb.org/api/v1/utils/cancerGeneList
D2HGDH	728294	True	True	https://public.api.oncokb.org/api/v1/utils/cancerGeneList
DAXX	1616	False	True	https://public.api.oncokb.org/api/v1/utils/cancerGeneList
DAZAP1	26528	False	False	https://public.api.oncokb.org/api/v1/utils/cancerGeneList
DCTN1	1639	False	False	https://public.api.oncokb.org/api/v1/utils/cancerGeneList
DCUN1D1	54165	True	False	https://public.api.oncokb.org/api/v1/utils/cancerGeneList
DDB2	1643	False	True	https://public.api.oncokb.org/api/v1/utils/cancerGeneList
DDIT3	1649	False	False	https://public.api.oncokb.org/api/v1/utils/cancerGeneList
DDR1	780	False	False	https://public.api.oncokb.org/api/v1/utils/cancerGeneList
DDR2	4921	True	False	https://public.api.oncokb.org/api/v1/utils/cancerGeneList
DDX10	1662	False	False	https://public.api.oncokb.org/api/v1/utils/cancerGeneList
DDX3X	1654	False	True	https://public.api.oncokb.org/api/v1/utils/cancerGeneList
DDX4	54514	True	False	https://public.api.oncokb.org/api/v1/utils/cancerGeneList
DDX41	51428	False	True	https://public.api.oncokb.org/api/v1/utils/cancerGeneList
DDX5	1655	True	False	https://public.api.oncokb.org/api/v1/utils/cancerGeneList
DDX6	1656	False	False	https://public.api.oncokb.org/api/v1/utils/cancerGeneList
DEK	7913	True	False	https://public.api.oncokb.org/api/v1/utils/cancerGeneList
DHX15	1665	True	True	https://public.api.oncokb.org/api/v1/utils/cancerGeneList
DICER1	23405	False	True	https://public.api.oncokb.org/api/v1/utils/cancerGeneList
DIS3	22894	False	True	https://public.api.oncokb.org/api/v1/utils/cancerGeneList
DIS3L2	129563	True	True	https://public.api.oncokb.org/api/v1/utils/cancerGeneList
DKK1	22943	False	False	https://public.api.oncokb.org/api/v1/utils/cancerGeneList
DKK2	27123	False	False	https://public.api.oncokb.org/api/v1/utils/cancerGeneList
DKK3	27122	False	False	https://public.api.oncokb.org/api/v1/utils/cancerGeneList
DKK4	27121	False	False	https://public.api.oncokb.org/api/v1/utils/cancerGeneList
DLL3	10683	True	False	https://public.api.oncokb.org/api/v1/utils/cancerGeneList
DNAJB1	3337	False	False	https://public.api.oncokb.org/api/v1/utils/cancerGeneList
DNM2	1785	True	False	https://public.api.oncokb.org/api/v1/utils/cancerGeneList
DNMT1	1786	True	False	https://public.api.oncokb.org/api/v1/utils/cancerGeneList
DNMT3A	1788	False	True	https://public.api.oncokb.org/api/v1/utils/cancerGeneList
DNMT3B	1789	False	True	https://public.api.oncokb.org/api/v1/utils/cancerGeneList
DOT1L	84444	True	False	https://public.api.oncokb.org/api/v1/utils/cancerGeneList
DPYD	1806	False	False	https://public.api.oncokb.org/api/v1/utils/cancerGeneList
DROSHA	29102	False	False	https://public.api.oncokb.org/api/v1/utils/cancerGeneList
DTX1	1840	False	True	https://public.api.oncokb.org/api/v1/utils/cancerGeneList
DUSP2	1844	False	False	https://public.api.oncokb.org/api/v1/utils/cancerGeneList
DUSP22	56940	False	True	https://public.api.oncokb.org/api/v1/utils/cancerGeneList
DUSP4	1846	False	True	https://public.api.oncokb.org/api/v1/utils/cancerGeneList
DUSP9	1852	True	True	https://public.api.oncokb.org/api/v1/utils/cancerGeneList
E2F3	1871	True	False	https://public.api.oncokb.org/api/v1/utils/cancerGeneList
EBF1	1879	False	False	https://public.api.oncokb.org/api/v1/utils/cancerGeneList
ECSIT	51295	True	False	https://public.api.oncokb.org/api/v1/utils/cancerGeneList
ECT2L	345930	False	True	https://public.api.oncokb.org/api/v1/utils/cancerGeneList
EED	8726	False	True	https://public.api.oncokb.org/api/v1/utils/cancerGeneList
EGFL7	51162	True	False	https://public.api.oncokb.org/api/v1/utils/cancerGeneList
EGFR	1956	True	False	https://public.api.oncokb.org/api/v1/utils/cancerGeneList
EGR1	1958	False	True	https://public.api.oncokb.org/api/v1/utils/cancerGeneList
EGR2	1959	False	True	https://public.api.oncokb.org/api/v1/utils/cancerGeneList
EIF1AX	1964	False	False	https://public.api.oncokb.org/api/v1/utils/cancerGeneList
EIF2B1	1967	False	True	https://public.api.oncokb.org/api/v1/utils/cancerGeneList
EIF3E	3646	False	False	https://public.api.oncokb.org/api/v1/utils/cancerGeneList
EIF4A2	1974	True	False	https://public.api.oncokb.org/api/v1/utils/cancerGeneList
EIF4E	1977	True	False	https://public.api.oncokb.org/api/v1/utils/cancerGeneList
ELF3	1999	True	True	https://public.api.oncokb.org/api/v1/utils/cancerGeneList
ELF4	2000	True	False	https://public.api.oncokb.org/api/v1/utils/cancerGeneList
ELK4	2005	True	False	https://public.api.oncokb.org/api/v1/utils/cancerGeneList
ELL	8178	True	False	https://public.api.oncokb.org/api/v1/utils/cancerGeneList
ELL2	22936	True	True	https://public.api.oncokb.org/api/v1/utils/cancerGeneList
ELN	2006	True	False	https://public.api.oncokb.org/api/v1/utils/cancerGeneList
ELOC	6921	False	False	https://public.api.oncokb.org/api/v1/utils/cancerGeneList
ELP2	55250	False	False	https://public.api.oncokb.org/api/v1/utils/cancerGeneList
EML4	27436	True	False	https://public.api.oncokb.org/api/v1/utils/cancerGeneList
EMSY	56946	True	False	https://public.api.oncokb.org/api/v1/utils/cancerGeneList
EP300	2033	False	True	https://public.api.oncokb.org/api/v1/utils/cancerGeneList
EP400	57634	False	True	https://public.api.oncokb.org/api/v1/utils/cancerGeneList
EPAS1	2034	False	False	https://public.api.oncokb.org/api/v1/utils/cancerGeneList
EPCAM	4072	True	False	https://public.api.oncokb.org/api/v1/utils/cancerGeneList
EPHA3	2042	False	True	https://public.api.oncokb.org/api/v1/utils/cancerGeneList
EPHA5	2044	False	False	https://public.api.oncokb.org/api/v1/utils/cancerGeneList
EPHA7	2045	True	True	https://public.api.oncokb.org/api/v1/utils/cancerGeneList
EPHB1	2047	True	True	https://public.api.oncokb.org/api/v1/utils/cancerGeneList
EPHB4	2050	True	False	https://public.api.oncokb.org/api/v1/utils/cancerGeneList
EPOR	2057	True	False	https://public.api.oncokb.org/api/v1/utils/cancerGeneList
EPS15	2060	False	False	https://public.api.oncokb.org/api/v1/utils/cancerGeneList
ERBB2	2064	True	False	https://public.api.oncokb.org/api/v1/utils/cancerGeneList
ERBB3	2065	True	False	https://public.api.oncokb.org/api/v1/utils/cancerGeneList
ERBB4	2066	True	False	https://public.api.oncokb.org/api/v1/utils/cancerGeneList
ERC1	23085	True	False	https://public.api.oncokb.org/api/v1/utils/cancerGeneList
ERCC1	2067	False	True	https://public.api.oncokb.org/api/v1/utils/cancerGeneList
ERCC2	2068	False	True	https://public.api.oncokb.org/api/v1/utils/cancerGeneList
ERCC3	2071	False	True	https://public.api.oncokb.org/api/v1/utils/cancerGeneList
ERCC4	2072	False	True	https://public.api.oncokb.org/api/v1/utils/cancerGeneList
ERCC5	2073	False	True	https://public.api.oncokb.org/api/v1/utils/cancerGeneList
ERCC6	2074	True	False	https://public.api.oncokb.org/api/v1/utils/cancerGeneList
ERF	2077	False	True	https://public.api.oncokb.org/api/v1/utils/cancerGeneList
ERG	2078	True	False	https://public.api.oncokb.org/api/v1/utils/cancerGeneList
ERRFI1	54206	False	True	https://public.api.oncokb.org/api/v1/utils/cancerGeneList
ESCO1	114799	True	False	https://public.api.oncokb.org/api/v1/utils/cancerGeneList
ESCO2	157570	False	True	https://public.api.oncokb.org/api/v1/utils/cancerGeneList
ESR1	2099	True	False	https://public.api.oncokb.org/api/v1/utils/cancerGeneList
ETAA1	54465	False	True	https://public.api.oncokb.org/api/v1/utils/cancerGeneList
ETNK1	55500	False	False	https://public.api.oncokb.org/api/v1/utils/cancerGeneList
ETS1	2113	True	True	https://public.api.oncokb.org/api/v1/utils/cancerGeneList
ETV1	2115	True	False	https://public.api.oncokb.org/api/v1/utils/cancerGeneList
ETV4	2118	True	False	https://public.api.oncokb.org/api/v1/utils/cancerGeneList
ETV5	2119	True	False	https://public.api.oncokb.org/api/v1/utils/cancerGeneList
ETV6	2120	False	True	https://public.api.oncokb.org/api/v1/utils/cancerGeneList
ETV7	51513	True	False	https://public.api.oncokb.org/api/v1/utils/cancerGeneList
EWSR1	2130	True	False	https://public.api.oncokb.org/api/v1/utils/cancerGeneList
EXOSC6	118460	False	False	https://public.api.oncokb.org/api/v1/utils/cancerGeneList
EXT1	2131	False	True	https://public.api.oncokb.org/api/v1/utils/cancerGeneList
EXT2	2132	False	False	https://public.api.oncokb.org/api/v1/utils/cancerGeneList
EZH1	2145	True	False	https://public.api.oncokb.org/api/v1/utils/cancerGeneList
EZH2	2146	True	True	https://public.api.oncokb.org/api/v1/utils/cancerGeneList
EZHIP	340602	True	False	https://public.api.oncokb.org/api/v1/utils/cancerGeneList
EZR	7430	False	False	https://public.api.oncokb.org/api/v1/utils/cancerGeneList
F3	2152	True	False	https://public.api.oncokb.org/api/v1/utils/cancerGeneList
FAF1	11124	False	False	https://public.api.oncokb.org/api/v1/utils/cancerGeneList
FANCA	2175	False	True	https://public.api.oncokb.org/api/v1/utils/cancerGeneList
FANCB	2187	False	False	https://public.api.oncokb.org/api/v1/utils/cancerGeneList
FANCC	2176	False	True	https://public.api.oncokb.org/api/v1/utils/cancerGeneList
FANCD2	2177	False	True	https://public.api.oncokb.org/api/v1/utils/cancerGeneList
FANCE	2178	False	True	https://public.api.oncokb.org/api/v1/utils/cancerGeneList
FANCF	2188	False	True	https://public.api.oncokb.org/api/v1/utils/cancerGeneList
FANCG	2189	False	True	https://public.api.oncokb.org/api/v1/utils/cancerGeneList
FANCI	55215	False	False	https://public.api.oncokb.org/api/v1/utils/cancerGeneList
FANCL	55120	False	True	https://public.api.oncokb.org/api/v1/utils/cancerGeneList
FANCM	57697	False	True	https://public.api.oncokb.org/api/v1/utils/cancerGeneList
FAS	355	False	True	https://public.api.oncokb.org/api/v1/utils/cancerGeneList
FAT1	2195	False	True	https://public.api.oncokb.org/api/v1/utils/cancerGeneList
FAT4	79633	False	False	https://public.api.oncokb.org/api/v1/utils/cancerGeneList
FBXO11	80204	False	True	https://public.api.oncokb.org/api/v1/utils/cancerGeneList
FBXO31	79791	False	False	https://public.api.oncokb.org/api/v1/utils/cancerGeneList
FBXW2	26190	False	False	https://public.api.oncokb.org/api/v1/utils/cancerGeneList
FBXW7	55294	False	True	https://public.api.oncokb.org/api/v1/utils/cancerGeneList
FCGR2B	2213	True	False	https://public.api.oncokb.org/api/v1/utils/cancerGeneList
FCRL4	83417	False	False	https://public.api.oncokb.org/api/v1/utils/cancerGeneList
FES	2242	True	False	https://public.api.oncokb.org/api/v1/utils/cancerGeneList
FEV	54738	False	False	https://public.api.oncokb.org/api/v1/utils/cancerGeneList
FGF1	2246	True	False	https://public.api.oncokb.org/api/v1/utils/cancerGeneList
FGF10	2255	True	False	https://public.api.oncokb.org/api/v1/utils/cancerGeneList
FGF12	2257	False	False	https://public.api.oncokb.org/api/v1/utils/cancerGeneList
FGF14	2259	False	True	https://public.api.oncokb.org/api/v1/utils/cancerGeneList
FGF19	9965	True	False	https://public.api.oncokb.org/api/v1/utils/cancerGeneList
FGF2	2247	True	False	https://public.api.oncokb.org/api/v1/utils/cancerGeneList
FGF23	8074	True	False	https://public.api.oncokb.org/api/v1/utils/cancerGeneList
FGF3	2248	True	False	https://public.api.oncokb.org/api/v1/utils/cancerGeneList
FGF4	2249	True	False	https://public.api.oncokb.org/api/v1/utils/cancerGeneList
FGF5	2250	True	False	https://public.api.oncokb.org/api/v1/utils/cancerGeneList
FGF6	2251	True	False	https://public.api.oncokb.org/api/v1/utils/cancerGeneList
FGF7	2252	True	False	https://public.api.oncokb.org/api/v1/utils/cancerGeneList
FGF8	2253	True	False	https://public.api.oncokb.org/api/v1/utils/cancerGeneList
FGF9	2254	True	False	https://public.api.oncokb.org/api/v1/utils/cancerGeneList
FGFR1	2260	True	False	https://public.api.oncokb.org/api/v1/utils/cancerGeneList
FGFR2	2263	True	False	https://public.api.oncokb.org/api/v1/utils/cancerGeneList
FGFR3	2261	True	False	https://public.api.oncokb.org/api/v1/utils/cancerGeneList
FGFR4	2264	True	False	https://public.api.oncokb.org/api/v1/utils/cancerGeneList
FH	2271	False	True	https://public.api.oncokb.org/api/v1/utils/cancerGeneList
FHIT	2272	False	True	https://public.api.oncokb.org/api/v1/utils/cancerGeneList
FIP1L1	81608	False	False	https://public.api.oncokb.org/api/v1/utils/cancerGeneList
FLCN	201163	False	True	https://public.api.oncokb.org/api/v1/utils/cancerGeneList
FLI1	2313	True	False	https://public.api.oncokb.org/api/v1/utils/cancerGeneList
FLT1	2321	True	False	https://public.api.oncokb.org/api/v1/utils/cancerGeneList
FLT3	2322	True	False	https://public.api.oncokb.org/api/v1/utils/cancerGeneList
FLT4	2324	True	False	https://public.api.oncokb.org/api/v1/utils/cancerGeneList
FLYWCH1	84256	False	False	https://public.api.oncokb.org/api/v1/utils/cancerGeneList
FNBP1	23048	False	False	https://public.api.oncokb.org/api/v1/utils/cancerGeneList
FOLH1	2346	True	False	https://public.api.oncokb.org/api/v1/utils/cancerGeneList
FOLR1	2348	True	False	https://public.api.oncokb.org/api/v1/utils/cancerGeneList
FOXA1	3169	True	True	https://public.api.oncokb.org/api/v1/utils/cancerGeneList
FOXF1	2294	True	True	https://public.api.oncokb.org/api/v1/utils/cancerGeneList
FOXL2	668	True	True	https://public.api.oncokb.org/api/v1/utils/cancerGeneList
FOXN4	121643	True	False	https://public.api.oncokb.org/api/v1/utils/cancerGeneList
FOXO1	2308	False	True	https://public.api.oncokb.org/api/v1/utils/cancerGeneList
FOXO3	2309	False	False	https://public.api.oncokb.org/api/v1/utils/cancerGeneList
FOXO4	4303	False	False	https://public.api.oncokb.org/api/v1/utils/cancerGeneList
FOXP1	27086	True	True	https://public.api.oncokb.org/api/v1/utils/cancerGeneList
FRS2	10818	True	False	https://public.api.oncokb.org/api/v1/utils/cancerGeneList
FSTL1	11167	True	False	https://public.api.oncokb.org/api/v1/utils/cancerGeneList
FSTL3	10272	False	False	https://public.api.oncokb.org/api/v1/utils/cancerGeneList
FUBP1	8880	False	True	https://public.api.oncokb.org/api/v1/utils/cancerGeneList
FURIN	5045	True	False	https://public.api.oncokb.org/api/v1/utils/cancerGeneList
FUS	2521	True	False	https://public.api.oncokb.org/api/v1/utils/cancerGeneList
FYN	2534	True	False	https://public.api.oncokb.org/api/v1/utils/cancerGeneList
FZR1	51343	True	True	https://public.api.oncokb.org/api/v1/utils/cancerGeneList
GAB1	2549	True	False	https://public.api.oncokb.org/api/v1/utils/cancerGeneList
GAB2	9846	True	False	https://public.api.oncokb.org/api/v1/utils/cancerGeneList
GABRA6	2559	True	False	https://public.api.oncokb.org/api/v1/utils/cancerGeneList
GADD45B	4616	False	False	https://public.api.oncokb.org/api/v1/utils/cancerGeneList
GAS7	8522	False	False	https://public.api.oncokb.org/api/v1/utils/cancerGeneList
GATA1	2623	False	False	https://public.api.oncokb.org/api/v1/utils/cancerGeneList
GATA2	2624	True	True	https://public.api.oncokb.org/api/v1/utils/cancerGeneList
GATA3	2625	True	True	https://public.api.oncokb.org/api/v1/utils/cancerGeneList
GATA4	2626	False	True	https://public.api.oncokb.org/api/v1/utils/cancerGeneList
GATA6	2627	True	False	https://public.api.oncokb.org/api/v1/utils/cancerGeneList
GEN1	348654	False	False	https://public.api.oncokb.org/api/v1/utils/cancerGeneList
GID4	79018	False	False	https://public.api.oncokb.org/api/v1/utils/cancerGeneList
GLI1	2735	True	False	https://public.api.oncokb.org/api/v1/utils/cancerGeneList
GMPS	8833	False	False	https://public.api.oncokb.org/api/v1/utils/cancerGeneList
GNA11	2767	True	False	https://public.api.oncokb.org/api/v1/utils/cancerGeneList
GNA12	2768	True	False	https://public.api.oncokb.org/api/v1/utils/cancerGeneList
GNA13	10672	True	True	https://public.api.oncokb.org/api/v1/utils/cancerGeneList
GNAQ	2776	True	False	https://public.api.oncokb.org/api/v1/utils/cancerGeneList
GNAS	2778	True	False	https://public.api.oncokb.org/api/v1/utils/cancerGeneList
GNB1	2782	True	False	https://public.api.oncokb.org/api/v1/utils/cancerGeneList
GOLGA5	9950	False	False	https://public.api.oncokb.org/api/v1/utils/cancerGeneList
GOPC	57120	False	False	https://public.api.oncokb.org/api/v1/utils/cancerGeneList
GPC3	2719	True	False	https://public.api.oncokb.org/api/v1/utils/cancerGeneList
GPHN	10243	False	False	https://public.api.oncokb.org/api/v1/utils/cancerGeneList
GPRC5D	55507	False	False	https://public.api.oncokb.org/api/v1/utils/cancerGeneList
GPS2	2874	False	True	https://public.api.oncokb.org/api/v1/utils/cancerGeneList
GRB7	2886	True	False	https://public.api.oncokb.org/api/v1/utils/cancerGeneList
GREM1	26585	True	False	https://public.api.oncokb.org/api/v1/utils/cancerGeneList
GRIN2A	2903	False	True	https://public.api.oncokb.org/api/v1/utils/cancerGeneList
GRM3	2913	False	False	https://public.api.oncokb.org/api/v1/utils/cancerGeneList
GSK3B	2932	True	False	https://public.api.oncokb.org/api/v1/utils/cancerGeneList
GSTO1	9446	True	False	https://public.api.oncokb.org/api/v1/utils/cancerGeneList
GSTP1	2950	False	True	https://public.api.oncokb.org/api/v1/utils/cancerGeneList
GTF2I	2969	True	False	https://public.api.oncokb.org/api/v1/utils/cancerGeneList
GTSE1	51512	False	False	https://public.api.oncokb.org/api/v1/utils/cancerGeneList
H1-2	3006	False	False	https://public.api.oncokb.org/api/v1/utils/cancerGeneList
H1-3	3007	False	True	https://public.api.oncokb.org/api/v1/utils/cancerGeneList
H1-4	3008	True	False	https://public.api.oncokb.org/api/v1/utils/cancerGeneList
H1-5	3009	False	True	https://public.api.oncokb.org/api/v1/utils/cancerGeneList
H2AC11	8969	False	False	https://public.api.oncokb.org/api/v1/utils/cancerGeneList
H2AC16	8332	False	False	https://public.api.oncokb.org/api/v1/utils/cancerGeneList
H2AC17	8336	True	False	https://public.api.oncokb.org/api/v1/utils/cancerGeneList
H2AC6	8334	False	False	https://public.api.oncokb.org/api/v1/utils/cancerGeneList
H2BC11	8970	False	False	https://public.api.oncokb.org/api/v1/utils/cancerGeneList
H2BC12	85236	False	False	https://public.api.oncokb.org/api/v1/utils/cancerGeneList
H2BC17	8348	False	False	https://public.api.oncokb.org/api/v1/utils/cancerGeneList
H2BC4	8347	False	False	https://public.api.oncokb.org/api/v1/utils/cancerGeneList
H2BC5	3017	False	False	https://public.api.oncokb.org/api/v1/utils/cancerGeneList
H2BC8	8339	False	False	https://public.api.oncokb.org/api/v1/utils/cancerGeneList
H3-3A	3020	True	False	https://public.api.oncokb.org/api/v1/utils/cancerGeneList
H3-3B	3021	False	False	https://public.api.oncokb.org/api/v1/utils/cancerGeneList
H3-4	8290	False	False	https://public.api.oncokb.org/api/v1/utils/cancerGeneList
H3-5	440093	False	False	https://public.api.oncokb.org/api/v1/utils/cancerGeneList
H3C1	8350	False	False	https://public.api.oncokb.org/api/v1/utils/cancerGeneList
H3C10	8357	False	False	https://public.api.oncokb.org/api/v1/utils/cancerGeneList
H3C11	8354	False	False	https://public.api.oncokb.org/api/v1/utils/cancerGeneList
H3C12	8356	False	False	https://public.api.oncokb.org/api/v1/utils/cancerGeneList
H3C13	653604	False	False	https://public.api.oncokb.org/api/v1/utils/cancerGeneList
H3C14	126961	False	False	https://public.api.oncokb.org/api/v1/utils/cancerGeneList
H3C15	333932	False	False	https://public.api.oncokb.org/api/v1/utils/cancerGeneList
H3C2	8358	True	False	https://public.api.oncokb.org/api/v1/utils/cancerGeneList
H3C3	8352	True	False	https://public.api.oncokb.org/api/v1/utils/cancerGeneList
H3C4	8351	False	False	https://public.api.oncokb.org/api/v1/utils/cancerGeneList
H3C6	8353	False	False	https://public.api.oncokb.org/api/v1/utils/cancerGeneList
H3C7	8968	False	False	https://public.api.oncokb.org/api/v1/utils/cancerGeneList
H3C8	8355	False	False	https://public.api.oncokb.org/api/v1/utils/cancerGeneList
H3P6	440926	False	False	https://public.api.oncokb.org/api/v1/utils/cancerGeneList
H4C6	8361	False	False	https://public.api.oncokb.org/api/v1/utils/cancerGeneList
H4C9	8294	False	False	https://public.api.oncokb.org/api/v1/utils/cancerGeneList
HDAC1	3065	True	False	https://public.api.oncokb.org/api/v1/utils/cancerGeneList
HDAC2	3066	True	False	https://public.api.oncokb.org/api/v1/utils/cancerGeneList
HDAC4	9759	True	True	https://public.api.oncokb.org/api/v1/utils/cancerGeneList
HDAC7	51564	True	False	https://public.api.oncokb.org/api/v1/utils/cancerGeneList
HERPUD1	9709	False	False	https://public.api.oncokb.org/api/v1/utils/cancerGeneList
HEY1	23462	False	False	https://public.api.oncokb.org/api/v1/utils/cancerGeneList
HFE	3077	True	False	https://public.api.oncokb.org/api/v1/utils/cancerGeneList
HGF	3082	True	False	https://public.api.oncokb.org/api/v1/utils/cancerGeneList
HIF1A	3091	True	False	https://public.api.oncokb.org/api/v1/utils/cancerGeneList
HIP1	3092	True	False	https://public.api.oncokb.org/api/v1/utils/cancerGeneList
HIRA	7290	False	True	https://public.api.oncokb.org/api/v1/utils/cancerGeneList
HLA-A	3105	False	True	https://public.api.oncokb.org/api/v1/utils/cancerGeneList
HLA-B	3106	False	True	https://public.api.oncokb.org/api/v1/utils/cancerGeneList
HLA-C	3107	False	True	https://public.api.oncokb.org/api/v1/utils/cancerGeneList
HLF	3131	False	False	https://public.api.oncokb.org/api/v1/utils/cancerGeneList
HMGA1	3159	True	False	https://public.api.oncokb.org/api/v1/utils/cancerGeneList
HMGA2	8091	True	False	https://public.api.oncokb.org/api/v1/utils/cancerGeneList
HNF1A	6927	False	True	https://public.api.oncokb.org/api/v1/utils/cancerGeneList
HNF1B	6928	False	False	https://public.api.oncokb.org/api/v1/utils/cancerGeneList
HNRNPA2B1	3181	False	False	https://public.api.oncokb.org/api/v1/utils/cancerGeneList
HOOK3	84376	False	False	https://public.api.oncokb.org/api/v1/utils/cancerGeneList
HOXA11	3207	False	True	https://public.api.oncokb.org/api/v1/utils/cancerGeneList
HOXA13	3209	True	False	https://public.api.oncokb.org/api/v1/utils/cancerGeneList
HOXA3	3200	False	False	https://public.api.oncokb.org/api/v1/utils/cancerGeneList
HOXA9	3205	False	False	https://public.api.oncokb.org/api/v1/utils/cancerGeneList
HOXB13	10481	True	True	https://public.api.oncokb.org/api/v1/utils/cancerGeneList
HOXC11	3227	False	False	https://public.api.oncokb.org/api/v1/utils/cancerGeneList
HOXC13	3229	False	False	https://public.api.oncokb.org/api/v1/utils/cancerGeneList
HOXD11	3237	False	False	https://public.api.oncokb.org/api/v1/utils/cancerGeneList
HOXD13	3239	False	False	https://public.api.oncokb.org/api/v1/utils/cancerGeneList
HRAS	3265	True	False	https://public.api.oncokb.org/api/v1/utils/cancerGeneList
HSD17B2	3294	False	True	https://public.api.oncokb.org/api/v1/utils/cancerGeneList
HSD3B1	3283	True	False	https://public.api.oncokb.org/api/v1/utils/cancerGeneList
HSP90AA1	3320	True	False	https://public.api.oncokb.org/api/v1/utils/cancerGeneList
HSP90AB1	3326	False	False	https://public.api.oncokb.org/api/v1/utils/cancerGeneList
HTATIP2	10553	False	True	https://public.api.oncokb.org/api/v1/utils/cancerGeneList
ICOSLG	23308	True	False	https://public.api.oncokb.org/api/v1/utils/cancerGeneList
ID1	3397	True	False	https://public.api.oncokb.org/api/v1/utils/cancerGeneList
ID3	3399	False	True	https://public.api.oncokb.org/api/v1/utils/cancerGeneList
IDH1	3417	True	False	https://public.api.oncokb.org/api/v1/utils/cancerGeneList
IDH2	3418	True	False	https://public.api.oncokb.org/api/v1/utils/cancerGeneList
IFNAR1	3454	False	False	https://public.api.oncokb.org/api/v1/utils/cancerGeneList
IFNGR1	3459	False	True	https://public.api.oncokb.org/api/v1/utils/cancerGeneList
IGF1	3479	True	False	https://public.api.oncokb.org/api/v1/utils/cancerGeneList
IGF1R	3480	True	False	https://public.api.oncokb.org/api/v1/utils/cancerGeneList
IGF2	3481	True	False	https://public.api.oncokb.org/api/v1/utils/cancerGeneList
IGH	3492	False	False	https://public.api.oncokb.org/api/v1/utils/cancerGeneList
IGK	50802	False	False	https://public.api.oncokb.org/api/v1/utils/cancerGeneList
IGL	3535	False	False	https://public.api.oncokb.org/api/v1/utils/cancerGeneList
IKBKB	3551	False	False	https://public.api.oncokb.org/api/v1/utils/cancerGeneList
IKBKE	9641	True	False	https://public.api.oncokb.org/api/v1/utils/cancerGeneList
IKZF1	10320	False	False	https://public.api.oncokb.org/api/v1/utils/cancerGeneList
IKZF2	22807	False	False	https://public.api.oncokb.org/api/v1/utils/cancerGeneList
IKZF3	22806	True	True	https://public.api.oncokb.org/api/v1/utils/cancerGeneList
IL10	3586	False	False	https://public.api.oncokb.org/api/v1/utils/cancerGeneList
IL2	3558	False	False	https://public.api.oncokb.org/api/v1/utils/cancerGeneList
IL21R	50615	False	False	https://public.api.oncokb.org/api/v1/utils/cancerGeneList
IL2RA	3559	False	False	https://public.api.oncokb.org/api/v1/utils/cancerGeneList
IL3	3562	True	False	https://public.api.oncokb.org/api/v1/utils/cancerGeneList
IL6ST	3572	True	False	https://public.api.oncokb.org/api/v1/utils/cancerGeneList
IL7R	3575	True	False	https://public.api.oncokb.org/api/v1/utils/cancerGeneList
ING1	3621	False	True	https://public.api.oncokb.org/api/v1/utils/cancerGeneList
INHA	3623	False	True	https://public.api.oncokb.org/api/v1/utils/cancerGeneList
INHBA	3624	True	True	https://public.api.oncokb.org/api/v1/utils/cancerGeneList
INPP4A	3631	False	False	https://public.api.oncokb.org/api/v1/utils/cancerGeneList
INPP4B	8821	False	True	https://public.api.oncokb.org/api/v1/utils/cancerGeneList
INPP5D	3635	False	False	https://public.api.oncokb.org/api/v1/utils/cancerGeneList
INPPL1	3636	False	True	https://public.api.oncokb.org/api/v1/utils/cancerGeneList
INSR	3643	True	False	https://public.api.oncokb.org/api/v1/utils/cancerGeneList
INTS6	26512	False	True	https://public.api.oncokb.org/api/v1/utils/cancerGeneList
IQGAP1	8826	True	False	https://public.api.oncokb.org/api/v1/utils/cancerGeneList
IRF1	3659	False	True	https://public.api.oncokb.org/api/v1/utils/cancerGeneList
IRF2	3660	False	True	https://public.api.oncokb.org/api/v1/utils/cancerGeneList
IRF4	3662	True	False	https://public.api.oncokb.org/api/v1/utils/cancerGeneList
IRF8	3394	False	True	https://public.api.oncokb.org/api/v1/utils/cancerGeneList
IRS1	3667	True	False	https://public.api.oncokb.org/api/v1/utils/cancerGeneList
IRS2	8660	True	False	https://public.api.oncokb.org/api/v1/utils/cancerGeneList
IRS4	8471	False	False	https://public.api.oncokb.org/api/v1/utils/cancerGeneList
ITK	3702	False	False	https://public.api.oncokb.org/api/v1/utils/cancerGeneList
ITPKB	3707	True	False	https://public.api.oncokb.org/api/v1/utils/cancerGeneList
JAK1	3716	True	True	https://public.api.oncokb.org/api/v1/utils/cancerGeneList
JAK2	3717	True	False	https://public.api.oncokb.org/api/v1/utils/cancerGeneList
JAK3	3718	True	False	https://public.api.oncokb.org/api/v1/utils/cancerGeneList
JARID2	3720	True	True	https://public.api.oncokb.org/api/v1/utils/cancerGeneList
JAZF1	221895	True	False	https://public.api.oncokb.org/api/v1/utils/cancerGeneList
JUN	3725	True	False	https://public.api.oncokb.org/api/v1/utils/cancerGeneList
KAT6A	7994	False	False	https://public.api.oncokb.org/api/v1/utils/cancerGeneList
KAT6B	23522	False	False	https://public.api.oncokb.org/api/v1/utils/cancerGeneList
KAT7	11143	True	False	https://public.api.oncokb.org/api/v1/utils/cancerGeneList
KBTBD4	55709	False	False	https://public.api.oncokb.org/api/v1/utils/cancerGeneList
KCNJ5	3762	False	False	https://public.api.oncokb.org/api/v1/utils/cancerGeneList
KDM2B	84678	False	False	https://public.api.oncokb.org/api/v1/utils/cancerGeneList
KDM4C	23081	False	False	https://public.api.oncokb.org/api/v1/utils/cancerGeneList
KDM5A	5927	True	False	https://public.api.oncokb.org/api/v1/utils/cancerGeneList
KDM5C	8242	False	True	https://public.api.oncokb.org/api/v1/utils/cancerGeneList
KDM5D	8284	True	True	https://public.api.oncokb.org/api/v1/utils/cancerGeneList
KDM6A	7403	False	True	https://public.api.oncokb.org/api/v1/utils/cancerGeneList
KDR	3791	True	False	https://public.api.oncokb.org/api/v1/utils/cancerGeneList
KDSR	2531	False	False	https://public.api.oncokb.org/api/v1/utils/cancerGeneList
KEAP1	9817	False	True	https://public.api.oncokb.org/api/v1/utils/cancerGeneList
KEL	3792	True	False	https://public.api.oncokb.org/api/v1/utils/cancerGeneList
KIAA1549	57670	True	False	https://public.api.oncokb.org/api/v1/utils/cancerGeneList
KIF5B	3799	False	False	https://public.api.oncokb.org/api/v1/utils/cancerGeneList
KIT	3815	True	False	https://public.api.oncokb.org/api/v1/utils/cancerGeneList
KLF2	10365	False	True	https://public.api.oncokb.org/api/v1/utils/cancerGeneList
KLF3	51274	False	True	https://public.api.oncokb.org/api/v1/utils/cancerGeneList
KLF4	9314	True	True	https://public.api.oncokb.org/api/v1/utils/cancerGeneList
KLF5	688	True	False	https://public.api.oncokb.org/api/v1/utils/cancerGeneList
KLF6	1316	False	False	https://public.api.oncokb.org/api/v1/utils/cancerGeneList
KLHL6	89857	False	True	https://public.api.oncokb.org/api/v1/utils/cancerGeneList
KLK2	3817	False	False	https://public.api.oncokb.org/api/v1/utils/cancerGeneList
KMT2A	4297	False	True	https://public.api.oncokb.org/api/v1/utils/cancerGeneList
KMT2B	9757	False	True	https://public.api.oncokb.org/api/v1/utils/cancerGeneList
KMT2C	58508	False	True	https://public.api.oncokb.org/api/v1/utils/cancerGeneList
KMT2D	8085	False	True	https://public.api.oncokb.org/api/v1/utils/cancerGeneList
KMT5A	387893	False	False	https://public.api.oncokb.org/api/v1/utils/cancerGeneList
KNL1	57082	False	False	https://public.api.oncokb.org/api/v1/utils/cancerGeneList
KNSTRN	90417	False	False	https://public.api.oncokb.org/api/v1/utils/cancerGeneList
KRAS	3845	True	False	https://public.api.oncokb.org/api/v1/utils/cancerGeneList
KSR2	283455	True	False	https://public.api.oncokb.org/api/v1/utils/cancerGeneList
KTN1	3895	False	False	https://public.api.oncokb.org/api/v1/utils/cancerGeneList
L1TD1	54596	False	False	https://public.api.oncokb.org/api/v1/utils/cancerGeneList
LAG3	3902	False	False	https://public.api.oncokb.org/api/v1/utils/cancerGeneList
LARP4B	23185	False	False	https://public.api.oncokb.org/api/v1/utils/cancerGeneList
LASP1	3927	True	False	https://public.api.oncokb.org/api/v1/utils/cancerGeneList
LATS1	9113	False	True	https://public.api.oncokb.org/api/v1/utils/cancerGeneList
LATS2	26524	False	True	https://public.api.oncokb.org/api/v1/utils/cancerGeneList
LCK	3932	True	False	https://public.api.oncokb.org/api/v1/utils/cancerGeneList
LCP1	3936	False	False	https://public.api.oncokb.org/api/v1/utils/cancerGeneList
LEF1	51176	True	False	https://public.api.oncokb.org/api/v1/utils/cancerGeneList
LGR5	8549	True	False	https://public.api.oncokb.org/api/v1/utils/cancerGeneList
LIFR	3977	False	False	https://public.api.oncokb.org/api/v1/utils/cancerGeneList
LMNA	4000	True	False	https://public.api.oncokb.org/api/v1/utils/cancerGeneList
LMO1	4004	True	False	https://public.api.oncokb.org/api/v1/utils/cancerGeneList
LMO2	4005	True	False	https://public.api.oncokb.org/api/v1/utils/cancerGeneList
LPP	4026	False	False	https://public.api.oncokb.org/api/v1/utils/cancerGeneList
LRIG3	121227	False	False	https://public.api.oncokb.org/api/v1/utils/cancerGeneList
LRP1B	53353	False	True	https://public.api.oncokb.org/api/v1/utils/cancerGeneList
LRP5	4041	True	True	https://public.api.oncokb.org/api/v1/utils/cancerGeneList
LRP6	4040	True	False	https://public.api.oncokb.org/api/v1/utils/cancerGeneList
LRRK2	120892	False	False	https://public.api.oncokb.org/api/v1/utils/cancerGeneList
LTB	4050	True	True	https://public.api.oncokb.org/api/v1/utils/cancerGeneList
LTK	4058	True	False	https://public.api.oncokb.org/api/v1/utils/cancerGeneList
LYL1	4066	False	False	https://public.api.oncokb.org/api/v1/utils/cancerGeneList
LYN	4067	True	False	https://public.api.oncokb.org/api/v1/utils/cancerGeneList
LZTR1	8216	False	True	https://public.api.oncokb.org/api/v1/utils/cancerGeneList
LZTS1	11178	False	True	https://public.api.oncokb.org/api/v1/utils/cancerGeneList
MAD2L2	10459	True	True	https://public.api.oncokb.org/api/v1/utils/cancerGeneList
MAF	4094	False	False	https://public.api.oncokb.org/api/v1/utils/cancerGeneList
MAFB	9935	True	False	https://public.api.oncokb.org/api/v1/utils/cancerGeneList
MAGED1	9500	False	False	https://public.api.oncokb.org/api/v1/utils/cancerGeneList
MAGI2	9863	False	True	https://public.api.oncokb.org/api/v1/utils/cancerGeneList
MAL2	114569	False	True	https://public.api.oncokb.org/api/v1/utils/cancerGeneList
MALT1	10892	False	False	https://public.api.oncokb.org/api/v1/utils/cancerGeneList
MAML2	84441	False	False	https://public.api.oncokb.org/api/v1/utils/cancerGeneList
MAP2K1	5604	True	False	https://public.api.oncokb.org/api/v1/utils/cancerGeneList
MAP2K2	5605	True	False	https://public.api.oncokb.org/api/v1/utils/cancerGeneList
MAP2K4	6416	False	True	https://public.api.oncokb.org/api/v1/utils/cancerGeneList
MAP3K1	4214	False	True	https://public.api.oncokb.org/api/v1/utils/cancerGeneList
MAP3K13	9175	True	False	https://public.api.oncokb.org/api/v1/utils/cancerGeneList
MAP3K14	9020	True	False	https://public.api.oncokb.org/api/v1/utils/cancerGeneList
MAP3K21	84451	True	False	https://public.api.oncokb.org/api/v1/utils/cancerGeneList
MAP3K6	9064	False	False	https://public.api.oncokb.org/api/v1/utils/cancerGeneList
MAP3K7	6885	True	False	https://public.api.oncokb.org/api/v1/utils/cancerGeneList
MAP4K4	9448	True	False	https://public.api.oncokb.org/api/v1/utils/cancerGeneList
MAPK1	5594	True	False	https://public.api.oncokb.org/api/v1/utils/cancerGeneList
MAPK3	5595	True	False	https://public.api.oncokb.org/api/v1/utils/cancerGeneList
MAPKAP1	79109	False	False	https://public.api.oncokb.org/api/v1/utils/cancerGeneList
MASTL	84930	True	False	https://public.api.oncokb.org/api/v1/utils/cancerGeneList
MAX	4149	False	True	https://public.api.oncokb.org/api/v1/utils/cancerGeneList
MBD4	8930	False	True	https://public.api.oncokb.org/api/v1/utils/cancerGeneList
MBD6	114785	False	True	https://public.api.oncokb.org/api/v1/utils/cancerGeneList
MCL1	4170	True	False	https://public.api.oncokb.org/api/v1/utils/cancerGeneList
MDC1	9656	False	False	https://public.api.oncokb.org/api/v1/utils/cancerGeneList
MDH2	4191	False	False	https://public.api.oncokb.org/api/v1/utils/cancerGeneList
MDM2	4193	True	False	https://public.api.oncokb.org/api/v1/utils/cancerGeneList
MDM4	4194	True	False	https://public.api.oncokb.org/api/v1/utils/cancerGeneList
MDS2	259283	False	False	https://public.api.oncokb.org/api/v1/utils/cancerGeneList
MECOM	2122	True	False	https://public.api.oncokb.org/api/v1/utils/cancerGeneList
MED12	9968	False	True	https://public.api.oncokb.org/api/v1/utils/cancerGeneList
MEF2B	100271849	True	False	https://public.api.oncokb.org/api/v1/utils/cancerGeneList
MEF2C	4208	True	False	https://public.api.oncokb.org/api/v1/utils/cancerGeneList
MEF2D	4209	True	False	https://public.api.oncokb.org/api/v1/utils/cancerGeneList
MEN1	4221	False	True	https://public.api.oncokb.org/api/v1/utils/cancerGeneList
MERTK	10461	True	False	https://public.api.oncokb.org/api/v1/utils/cancerGeneList
MET	4233	True	False	https://public.api.oncokb.org/api/v1/utils/cancerGeneList
MGA	23269	False	True	https://public.api.oncokb.org/api/v1/utils/cancerGeneList
MGAM	8972	True	False	https://public.api.oncokb.org/api/v1/utils/cancerGeneList
MIB1	57534	False	False	https://public.api.oncokb.org/api/v1/utils/cancerGeneList
MIDEAS	91748	False	True	https://public.api.oncokb.org/api/v1/utils/cancerGeneList
MITF	4286	True	False	https://public.api.oncokb.org/api/v1/utils/cancerGeneList
MKI67	4288	True	False	https://public.api.oncokb.org/api/v1/utils/cancerGeneList
MKNK1	8569	False	False	https://public.api.oncokb.org/api/v1/utils/cancerGeneList
MLF1	4291	True	True	https://public.api.oncokb.org/api/v1/utils/cancerGeneList
MLH1	4292	False	True	https://public.api.oncokb.org/api/v1/utils/cancerGeneList
MLH3	27030	False	True	https://public.api.oncokb.org/api/v1/utils/cancerGeneList
MLLT1	4298	False	False	https://public.api.oncokb.org/api/v1/utils/cancerGeneList
MLLT10	8028	True	False	https://public.api.oncokb.org/api/v1/utils/cancerGeneList
MLLT11	10962	False	False	https://public.api.oncokb.org/api/v1/utils/cancerGeneList
MLLT3	4300	True	False	https://public.api.oncokb.org/api/v1/utils/cancerGeneList
MLLT6	4302	False	False	https://public.api.oncokb.org/api/v1/utils/cancerGeneList
MN1	4330	True	False	https://public.api.oncokb.org/api/v1/utils/cancerGeneList
MNX1	3110	False	False	https://public.api.oncokb.org/api/v1/utils/cancerGeneList
MOB3B	79817	False	True	https://public.api.oncokb.org/api/v1/utils/cancerGeneList
MPEG1	219972	False	False	https://public.api.oncokb.org/api/v1/utils/cancerGeneList
MPL	4352	True	False	https://public.api.oncokb.org/api/v1/utils/cancerGeneList
MRE11	4361	False	True	https://public.api.oncokb.org/api/v1/utils/cancerGeneList
MRTFA	57591	False	False	https://public.api.oncokb.org/api/v1/utils/cancerGeneList
MS4A1	931	False	False	https://public.api.oncokb.org/api/v1/utils/cancerGeneList
MSH2	4436	False	True	https://public.api.oncokb.org/api/v1/utils/cancerGeneList
MSH3	4437	False	True	https://public.api.oncokb.org/api/v1/utils/cancerGeneList
MSH6	2956	False	True	https://public.api.oncokb.org/api/v1/utils/cancerGeneList
MSI1	4440	True	False	https://public.api.oncokb.org/api/v1/utils/cancerGeneList
MSI2	124540	True	False	https://public.api.oncokb.org/api/v1/utils/cancerGeneList
MSN	4478	False	False	https://public.api.oncokb.org/api/v1/utils/cancerGeneList
MST1	4485	False	True	https://public.api.oncokb.org/api/v1/utils/cancerGeneList
MST1R	4486	True	False	https://public.api.oncokb.org/api/v1/utils/cancerGeneList
MTAP	4507	False	True	https://public.api.oncokb.org/api/v1/utils/cancerGeneList
MTCP1	4515	False	False	https://public.api.oncokb.org/api/v1/utils/cancerGeneList
MTHFD2	10797	True	False	https://public.api.oncokb.org/api/v1/utils/cancerGeneList
MTHFR	4524	False	False	https://public.api.oncokb.org/api/v1/utils/cancerGeneList
MTOR	2475	True	False	https://public.api.oncokb.org/api/v1/utils/cancerGeneList
MUC1	4582	False	False	https://public.api.oncokb.org/api/v1/utils/cancerGeneList
MUTYH	4595	False	True	https://public.api.oncokb.org/api/v1/utils/cancerGeneList
MYB	4602	True	False	https://public.api.oncokb.org/api/v1/utils/cancerGeneList
MYBL1	4603	True	False	https://public.api.oncokb.org/api/v1/utils/cancerGeneList
MYC	4609	True	False	https://public.api.oncokb.org/api/v1/utils/cancerGeneList
MYCL	4610	True	False	https://public.api.oncokb.org/api/v1/utils/cancerGeneList
MYCN	4613	True	False	https://public.api.oncokb.org/api/v1/utils/cancerGeneList
MYD88	4615	True	False	https://public.api.oncokb.org/api/v1/utils/cancerGeneList
MYH11	4629	False	True	https://public.api.oncokb.org/api/v1/utils/cancerGeneList
MYH9	4627	False	False	https://public.api.oncokb.org/api/v1/utils/cancerGeneList
MYO18A	399687	False	False	https://public.api.oncokb.org/api/v1/utils/cancerGeneList
MYO5A	4644	True	False	https://public.api.oncokb.org/api/v1/utils/cancerGeneList
MYOD1	4654	False	True	https://public.api.oncokb.org/api/v1/utils/cancerGeneList
NAB2	4665	True	False	https://public.api.oncokb.org/api/v1/utils/cancerGeneList
NACA	4666	False	False	https://public.api.oncokb.org/api/v1/utils/cancerGeneList
NADK	65220	True	False	https://public.api.oncokb.org/api/v1/utils/cancerGeneList
NBEAP1	606	False	False	https://public.api.oncokb.org/api/v1/utils/cancerGeneList
NBN	4683	False	True	https://public.api.oncokb.org/api/v1/utils/cancerGeneList
NCOA1	8648	False	False	https://public.api.oncokb.org/api/v1/utils/cancerGeneList
NCOA2	10499	False	False	https://public.api.oncokb.org/api/v1/utils/cancerGeneList
NCOA3	8202	True	False	https://public.api.oncokb.org/api/v1/utils/cancerGeneList
NCOA4	8031	True	False	https://public.api.oncokb.org/api/v1/utils/cancerGeneList
NCOR1	9611	False	True	https://public.api.oncokb.org/api/v1/utils/cancerGeneList
NCOR2	9612	False	False	https://public.api.oncokb.org/api/v1/utils/cancerGeneList
NCSTN	23385	True	False	https://public.api.oncokb.org/api/v1/utils/cancerGeneList
NDRG1	10397	False	False	https://public.api.oncokb.org/api/v1/utils/cancerGeneList
NEGR1	257194	False	False	https://public.api.oncokb.org/api/v1/utils/cancerGeneList
NF1	4763	False	True	https://public.api.oncokb.org/api/v1/utils/cancerGeneList
NF2	4771	False	True	https://public.api.oncokb.org/api/v1/utils/cancerGeneList
NFATC2	4773	True	True	https://public.api.oncokb.org/api/v1/utils/cancerGeneList
NFE2	4778	True	False	https://public.api.oncokb.org/api/v1/utils/cancerGeneList
NFE2L2	4780	True	False	https://public.api.oncokb.org/api/v1/utils/cancerGeneList
NFIB	4781	False	False	https://public.api.oncokb.org/api/v1/utils/cancerGeneList
NFKB2	4791	False	False	https://public.api.oncokb.org/api/v1/utils/cancerGeneList
NFKBIA	4792	False	True	https://public.api.oncokb.org/api/v1/utils/cancerGeneList
NFKBIE	4794	False	True	https://public.api.oncokb.org/api/v1/utils/cancerGeneList
NHERF1	9368	True	True	https://public.api.oncokb.org/api/v1/utils/cancerGeneList
NIN	51199	False	False	https://public.api.oncokb.org/api/v1/utils/cancerGeneList
NKX2-1	7080	True	False	https://public.api.oncokb.org/api/v1/utils/cancerGeneList
NKX3-1	4824	False	True	https://public.api.oncokb.org/api/v1/utils/cancerGeneList
NOD1	10392	False	False	https://public.api.oncokb.org/api/v1/utils/cancerGeneList
NONO	4841	False	False	https://public.api.oncokb.org/api/v1/utils/cancerGeneList
NOTCH1	4851	True	True	https://public.api.oncokb.org/api/v1/utils/cancerGeneList
NOTCH2	4853	True	True	https://public.api.oncokb.org/api/v1/utils/cancerGeneList
NOTCH3	4854	True	True	https://public.api.oncokb.org/api/v1/utils/cancerGeneList
NOTCH4	4855	True	True	https://public.api.oncokb.org/api/v1/utils/cancerGeneList
NPM1	4869	True	True	https://public.api.oncokb.org/api/v1/utils/cancerGeneList
NQO1	1728	True	False	https://public.api.oncokb.org/api/v1/utils/cancerGeneList
NR4A3	8013	True	False	https://public.api.oncokb.org/api/v1/utils/cancerGeneList
NRAS	4893	True	False	https://public.api.oncokb.org/api/v1/utils/cancerGeneList
NRG1	3084	True	False	https://public.api.oncokb.org/api/v1/utils/cancerGeneList
NSD1	64324	False	True	https://public.api.oncokb.org/api/v1/utils/cancerGeneList
NSD2	7468	True	False	https://public.api.oncokb.org/api/v1/utils/cancerGeneList
NSD3	54904	False	False	https://public.api.oncokb.org/api/v1/utils/cancerGeneList
NT5C2	22978	True	False	https://public.api.oncokb.org/api/v1/utils/cancerGeneList
NT5E	4907	True	False	https://public.api.oncokb.org/api/v1/utils/cancerGeneList
NTHL1	4913	False	True	https://public.api.oncokb.org/api/v1/utils/cancerGeneList
NTRK1	4914	True	False	https://public.api.oncokb.org/api/v1/utils/cancerGeneList
NTRK2	4915	True	False	https://public.api.oncokb.org/api/v1/utils/cancerGeneList
NTRK3	4916	True	False	https://public.api.oncokb.org/api/v1/utils/cancerGeneList
NUF2	83540	True	False	https://public.api.oncokb.org/api/v1/utils/cancerGeneList
NUMA1	4926	False	False	https://public.api.oncokb.org/api/v1/utils/cancerGeneList
NUP214	8021	True	False	https://public.api.oncokb.org/api/v1/utils/cancerGeneList
NUP93	9688	False	False	https://public.api.oncokb.org/api/v1/utils/cancerGeneList
NUP98	4928	True	False	https://public.api.oncokb.org/api/v1/utils/cancerGeneList
NUTM1	256646	False	False	https://public.api.oncokb.org/api/v1/utils/cancerGeneList
NUTM2A	728118	False	False	https://public.api.oncokb.org/api/v1/utils/cancerGeneList
NUTM2B	729262	False	False	https://public.api.oncokb.org/api/v1/utils/cancerGeneList
NUTM2D	728130	False	False	https://public.api.oncokb.org/api/v1/utils/cancerGeneList
OGA	10724	True	False	https://public.api.oncokb.org/api/v1/utils/cancerGeneList
OGT	8473	True	False	https://public.api.oncokb.org/api/v1/utils/cancerGeneList
OLIG2	10215	False	False	https://public.api.oncokb.org/api/v1/utils/cancerGeneList
OMD	4958	False	False	https://public.api.oncokb.org/api/v1/utils/cancerGeneList
ONECUT2	9480	True	False	https://public.api.oncokb.org/api/v1/utils/cancerGeneList
P2RY8	286530	False	True	https://public.api.oncokb.org/api/v1/utils/cancerGeneList
PAFAH1B2	5049	True	False	https://public.api.oncokb.org/api/v1/utils/cancerGeneList
PAG1	55824	False	False	https://public.api.oncokb.org/api/v1/utils/cancerGeneList
PAK1	5058	True	False	https://public.api.oncokb.org/api/v1/utils/cancerGeneList
PAK3	5063	True	False	https://public.api.oncokb.org/api/v1/utils/cancerGeneList
PAK5	57144	True	False	https://public.api.oncokb.org/api/v1/utils/cancerGeneList
PALB2	79728	False	True	https://public.api.oncokb.org/api/v1/utils/cancerGeneList
PARP1	142	False	True	https://public.api.oncokb.org/api/v1/utils/cancerGeneList
PARP2	10038	False	False	https://public.api.oncokb.org/api/v1/utils/cancerGeneList
PARP3	10039	False	False	https://public.api.oncokb.org/api/v1/utils/cancerGeneList
PASK	23178	False	False	https://public.api.oncokb.org/api/v1/utils/cancerGeneList
PATZ1	23598	False	False	https://public.api.oncokb.org/api/v1/utils/cancerGeneList
PAX3	5077	True	False	https://public.api.oncokb.org/api/v1/utils/cancerGeneList
PAX5	5079	True	True	https://public.api.oncokb.org/api/v1/utils/cancerGeneList
PAX7	5081	True	False	https://public.api.oncokb.org/api/v1/utils/cancerGeneList
PAX8	7849	True	False	https://public.api.oncokb.org/api/v1/utils/cancerGeneList
PBRM1	55193	False	True	https://public.api.oncokb.org/api/v1/utils/cancerGeneList
PBX1	5087	True	True	https://public.api.oncokb.org/api/v1/utils/cancerGeneList
PC	5091	False	False	https://public.api.oncokb.org/api/v1/utils/cancerGeneList
PCBP1	5093	False	False	https://public.api.oncokb.org/api/v1/utils/cancerGeneList
PCLO	27445	False	False	https://public.api.oncokb.org/api/v1/utils/cancerGeneList
PCM1	5108	False	False	https://public.api.oncokb.org/api/v1/utils/cancerGeneList
PCSK7	9159	False	False	https://public.api.oncokb.org/api/v1/utils/cancerGeneList
PDCD1	5133	True	False	https://public.api.oncokb.org/api/v1/utils/cancerGeneList
PDCD11	22984	False	False	https://public.api.oncokb.org/api/v1/utils/cancerGeneList
PDCD1LG2	80380	True	False	https://public.api.oncokb.org/api/v1/utils/cancerGeneList
PDE4DIP	9659	False	False	https://public.api.oncokb.org/api/v1/utils/cancerGeneList
PDGFB	5155	True	False	https://public.api.oncokb.org/api/v1/utils/cancerGeneList
PDGFRA	5156	True	False	https://public.api.oncokb.org/api/v1/utils/cancerGeneList
PDGFRB	5159	True	False	https://public.api.oncokb.org/api/v1/utils/cancerGeneList
PDK1	5163	True	False	https://public.api.oncokb.org/api/v1/utils/cancerGeneList
PDPK1	5170	False	False	https://public.api.oncokb.org/api/v1/utils/cancerGeneList
PDS5B	23047	False	True	https://public.api.oncokb.org/api/v1/utils/cancerGeneList
PER1	5187	False	False	https://public.api.oncokb.org/api/v1/utils/cancerGeneList
PGBD5	79605	True	False	https://public.api.oncokb.org/api/v1/utils/cancerGeneList
PGR	5241	True	False	https://public.api.oncokb.org/api/v1/utils/cancerGeneList
PHF1	5252	False	False	https://public.api.oncokb.org/api/v1/utils/cancerGeneList
PHF19	26147	True	False	https://public.api.oncokb.org/api/v1/utils/cancerGeneList
PHF6	84295	False	True	https://public.api.oncokb.org/api/v1/utils/cancerGeneList
PHLPP1	23239	False	True	https://public.api.oncokb.org/api/v1/utils/cancerGeneList
PHLPP2	23035	False	True	https://public.api.oncokb.org/api/v1/utils/cancerGeneList
PHOX2B	8929	False	True	https://public.api.oncokb.org/api/v1/utils/cancerGeneList
PICALM	8301	True	False	https://public.api.oncokb.org/api/v1/utils/cancerGeneList
PIGA	5277	False	True	https://public.api.oncokb.org/api/v1/utils/cancerGeneList
PIK3C2B	5287	True	False	https://public.api.oncokb.org/api/v1/utils/cancerGeneList
PIK3C2G	5288	False	False	https://public.api.oncokb.org/api/v1/utils/cancerGeneList
PIK3C3	5289	False	False	https://public.api.oncokb.org/api/v1/utils/cancerGeneList
PIK3CA	5290	True	False	https://public.api.oncokb.org/api/v1/utils/cancerGeneList
PIK3CB	5291	True	False	https://public.api.oncokb.org/api/v1/utils/cancerGeneList
PIK3CD	5293	True	False	https://public.api.oncokb.org/api/v1/utils/cancerGeneList
PIK3CG	5294	True	False	https://public.api.oncokb.org/api/v1/utils/cancerGeneList
PIK3R1	5295	False	True	https://public.api.oncokb.org/api/v1/utils/cancerGeneList
PIK3R2	5296	False	True	https://public.api.oncokb.org/api/v1/utils/cancerGeneList
PIK3R3	8503	False	True	https://public.api.oncokb.org/api/v1/utils/cancerGeneList
PIM1	5292	False	False	https://public.api.oncokb.org/api/v1/utils/cancerGeneList
PLAG1	5324	False	False	https://public.api.oncokb.org/api/v1/utils/cancerGeneList
PLCG1	5335	True	False	https://public.api.oncokb.org/api/v1/utils/cancerGeneList
PLCG2	5336	True	False	https://public.api.oncokb.org/api/v1/utils/cancerGeneList
PLK2	10769	False	False	https://public.api.oncokb.org/api/v1/utils/cancerGeneList
PMAIP1	5366	False	True	https://public.api.oncokb.org/api/v1/utils/cancerGeneList
PML	5371	False	True	https://public.api.oncokb.org/api/v1/utils/cancerGeneList
PMS1	5378	False	True	https://public.api.oncokb.org/api/v1/utils/cancerGeneList
PMS2	5395	False	True	https://public.api.oncokb.org/api/v1/utils/cancerGeneList
PNRC1	10957	False	False	https://public.api.oncokb.org/api/v1/utils/cancerGeneList
POLD1	5424	False	True	https://public.api.oncokb.org/api/v1/utils/cancerGeneList
POLE	5426	False	True	https://public.api.oncokb.org/api/v1/utils/cancerGeneList
POLG	5428	False	False	https://public.api.oncokb.org/api/v1/utils/cancerGeneList
POLH	5429	False	True	https://public.api.oncokb.org/api/v1/utils/cancerGeneList
POLQ	10721	False	False	https://public.api.oncokb.org/api/v1/utils/cancerGeneList
POT1	25913	False	True	https://public.api.oncokb.org/api/v1/utils/cancerGeneList
POU2AF1	5450	False	False	https://public.api.oncokb.org/api/v1/utils/cancerGeneList
POU2F2	5452	True	False	https://public.api.oncokb.org/api/v1/utils/cancerGeneList
POU3F2	5454	True	False	https://public.api.oncokb.org/api/v1/utils/cancerGeneList
POU3F4	5456	True	False	https://public.api.oncokb.org/api/v1/utils/cancerGeneList
POU5F1	5460	False	False	https://public.api.oncokb.org/api/v1/utils/cancerGeneList
PPARG	5468	True	False	https://public.api.oncokb.org/api/v1/utils/cancerGeneList
PPFIBP1	8496	False	False	https://public.api.oncokb.org/api/v1/utils/cancerGeneList
PPM1D	8493	True	False	https://public.api.oncokb.org/api/v1/utils/cancerGeneList
PPP1CB	5500	False	False	https://public.api.oncokb.org/api/v1/utils/cancerGeneList
PPP2R1A	5518	False	True	https://public.api.oncokb.org/api/v1/utils/cancerGeneList
PPP2R2A	5520	False	True	https://public.api.oncokb.org/api/v1/utils/cancerGeneList
PPP4R2	151987	False	False	https://public.api.oncokb.org/api/v1/utils/cancerGeneList
PPP6C	5537	False	True	https://public.api.oncokb.org/api/v1/utils/cancerGeneList
PRCC	5546	True	False	https://public.api.oncokb.org/api/v1/utils/cancerGeneList
PRDM1	639	False	True	https://public.api.oncokb.org/api/v1/utils/cancerGeneList
PRDM14	63978	False	False	https://public.api.oncokb.org/api/v1/utils/cancerGeneList
PRDM16	63976	False	False	https://public.api.oncokb.org/api/v1/utils/cancerGeneList
PREX2	80243	False	False	https://public.api.oncokb.org/api/v1/utils/cancerGeneList
PRF1	5551	False	False	https://public.api.oncokb.org/api/v1/utils/cancerGeneList
PRKACA	5566	True	False	https://public.api.oncokb.org/api/v1/utils/cancerGeneList
PRKAR1A	5573	False	True	https://public.api.oncokb.org/api/v1/utils/cancerGeneList
PRKCB	5579	True	False	https://public.api.oncokb.org/api/v1/utils/cancerGeneList
PRKCI	5584	True	False	https://public.api.oncokb.org/api/v1/utils/cancerGeneList
PRKD1	5587	False	False	https://public.api.oncokb.org/api/v1/utils/cancerGeneList
PRKDC	5591	True	True	https://public.api.oncokb.org/api/v1/utils/cancerGeneList
PRKN	5071	False	True	https://public.api.oncokb.org/api/v1/utils/cancerGeneList
PRMT5	10419	True	False	https://public.api.oncokb.org/api/v1/utils/cancerGeneList
PRPF8	10594	False	True	https://public.api.oncokb.org/api/v1/utils/cancerGeneList
PRRX1	5396	False	False	https://public.api.oncokb.org/api/v1/utils/cancerGeneList
PRSS1	5644	False	False	https://public.api.oncokb.org/api/v1/utils/cancerGeneList
PRSS8	5652	False	False	https://public.api.oncokb.org/api/v1/utils/cancerGeneList
PSIP1	11168	False	False	https://public.api.oncokb.org/api/v1/utils/cancerGeneList
PSMB2	5690	True	False	https://public.api.oncokb.org/api/v1/utils/cancerGeneList
PTCH1	5727	False	True	https://public.api.oncokb.org/api/v1/utils/cancerGeneList
PTEN	5728	False	True	https://public.api.oncokb.org/api/v1/utils/cancerGeneList
PTH	5741	False	False	https://public.api.oncokb.org/api/v1/utils/cancerGeneList
PTK6	5753	False	False	https://public.api.oncokb.org/api/v1/utils/cancerGeneList
PTK7	5754	True	False	https://public.api.oncokb.org/api/v1/utils/cancerGeneList
PTP4A1	7803	False	False	https://public.api.oncokb.org/api/v1/utils/cancerGeneList
PTPN1	5770	False	True	https://public.api.oncokb.org/api/v1/utils/cancerGeneList
PTPN11	5781	True	False	https://public.api.oncokb.org/api/v1/utils/cancerGeneList
PTPN13	5783	False	True	https://public.api.oncokb.org/api/v1/utils/cancerGeneList
PTPN14	5784	False	True	https://public.api.oncokb.org/api/v1/utils/cancerGeneList
PTPN2	5771	False	True	https://public.api.oncokb.org/api/v1/utils/cancerGeneList
PTPN6	5777	False	False	https://public.api.oncokb.org/api/v1/utils/cancerGeneList
PTPRB	5787	False	False	https://public.api.oncokb.org/api/v1/utils/cancerGeneList
PTPRC	5788	False	False	https://public.api.oncokb.org/api/v1/utils/cancerGeneList
PTPRD	5789	False	True	https://public.api.oncokb.org/api/v1/utils/cancerGeneList
PTPRK	5796	False	False	https://public.api.oncokb.org/api/v1/utils/cancerGeneList
PTPRO	5800	False	False	https://public.api.oncokb.org/api/v1/utils/cancerGeneList
PTPRS	5802	False	True	https://public.api.oncokb.org/api/v1/utils/cancerGeneList
PTPRT	11122	False	True	https://public.api.oncokb.org/api/v1/utils/cancerGeneList
PUM1	9698	False	False	https://public.api.oncokb.org/api/v1/utils/cancerGeneList
QKI	9444	False	True	https://public.api.oncokb.org/api/v1/utils/cancerGeneList
RAB35	11021	True	False	https://public.api.oncokb.org/api/v1/utils/cancerGeneList
RABEP1	9135	False	False	https://public.api.oncokb.org/api/v1/utils/cancerGeneList
RAC1	5879	True	False	https://public.api.oncokb.org/api/v1/utils/cancerGeneList
RAC2	5880	True	False	https://public.api.oncokb.org/api/v1/utils/cancerGeneList
RAD17	5884	False	True	https://public.api.oncokb.org/api/v1/utils/cancerGeneList
RAD21	5885	False	True	https://public.api.oncokb.org/api/v1/utils/cancerGeneList
RAD50	10111	False	True	https://public.api.oncokb.org/api/v1/utils/cancerGeneList
RAD51	5888	False	True	https://public.api.oncokb.org/api/v1/utils/cancerGeneList
RAD51B	5890	False	True	https://public.api.oncokb.org/api/v1/utils/cancerGeneList
RAD51C	5889	False	True	https://public.api.oncokb.org/api/v1/utils/cancerGeneList
RAD51D	5892	False	True	https://public.api.oncokb.org/api/v1/utils/cancerGeneList
RAD52	5893	False	False	https://public.api.oncokb.org/api/v1/utils/cancerGeneList
RAD54L	8438	False	False	https://public.api.oncokb.org/api/v1/utils/cancerGeneList
RAF1	5894	True	False	https://public.api.oncokb.org/api/v1/utils/cancerGeneList
RALGDS	5900	False	False	https://public.api.oncokb.org/api/v1/utils/cancerGeneList
RANBP2	5903	True	False	https://public.api.oncokb.org/api/v1/utils/cancerGeneList
RAP1GDS1	5910	False	False	https://public.api.oncokb.org/api/v1/utils/cancerGeneList
RARA	5914	False	False	https://public.api.oncokb.org/api/v1/utils/cancerGeneList
RASA1	5921	False	True	https://public.api.oncokb.org/api/v1/utils/cancerGeneList
RASGEF1A	221002	False	False	https://public.api.oncokb.org/api/v1/utils/cancerGeneList
RB1	5925	False	True	https://public.api.oncokb.org/api/v1/utils/cancerGeneList
RBM10	8241	False	True	https://public.api.oncokb.org/api/v1/utils/cancerGeneList
RBM15	64783	True	True	https://public.api.oncokb.org/api/v1/utils/cancerGeneList
RECQL	5965	False	True	https://public.api.oncokb.org/api/v1/utils/cancerGeneList
RECQL4	9401	False	True	https://public.api.oncokb.org/api/v1/utils/cancerGeneList
REL	5966	True	False	https://public.api.oncokb.org/api/v1/utils/cancerGeneList
RELA	5970	True	False	https://public.api.oncokb.org/api/v1/utils/cancerGeneList
RELN	5649	False	False	https://public.api.oncokb.org/api/v1/utils/cancerGeneList
REST	5978	False	True	https://public.api.oncokb.org/api/v1/utils/cancerGeneList
RET	5979	True	False	https://public.api.oncokb.org/api/v1/utils/cancerGeneList
REV3L	5980	True	False	https://public.api.oncokb.org/api/v1/utils/cancerGeneList
RHEB	6009	True	False	https://public.api.oncokb.org/api/v1/utils/cancerGeneList
RHOA	387	True	False	https://public.api.oncokb.org/api/v1/utils/cancerGeneList
RHOH	399	False	False	https://public.api.oncokb.org/api/v1/utils/cancerGeneList
RICTOR	253260	True	False	https://public.api.oncokb.org/api/v1/utils/cancerGeneList
RIOK2	55781	True	False	https://public.api.oncokb.org/api/v1/utils/cancerGeneList
RIT1	6016	True	False	https://public.api.oncokb.org/api/v1/utils/cancerGeneList
RMI2	116028	False	False	https://public.api.oncokb.org/api/v1/utils/cancerGeneList
RNASEH2A	10535	True	False	https://public.api.oncokb.org/api/v1/utils/cancerGeneList
RNASEH2B	79621	False	True	https://public.api.oncokb.org/api/v1/utils/cancerGeneList
RNF213	57674	False	False	https://public.api.oncokb.org/api/v1/utils/cancerGeneList
RNF217-AS1	7955	False	False	https://public.api.oncokb.org/api/v1/utils/cancerGeneList
RNF43	54894	False	True	https://public.api.oncokb.org/api/v1/utils/cancerGeneList
ROBO1	6091	False	True	https://public.api.oncokb.org/api/v1/utils/cancerGeneList
ROS1	6098	True	False	https://public.api.oncokb.org/api/v1/utils/cancerGeneList
RPL10	6134	False	False	https://public.api.oncokb.org/api/v1/utils/cancerGeneList
RPL22	6146	False	False	https://public.api.oncokb.org/api/v1/utils/cancerGeneList
RPL5	6125	False	True	https://public.api.oncokb.org/api/v1/utils/cancerGeneList
RPN1	6184	False	False	https://public.api.oncokb.org/api/v1/utils/cancerGeneList
RPS15	6209	True	False	https://public.api.oncokb.org/api/v1/utils/cancerGeneList
RPS6KA4	8986	True	False	https://public.api.oncokb.org/api/v1/utils/cancerGeneList
RPS6KB1	6198	True	False	https://public.api.oncokb.org/api/v1/utils/cancerGeneList
RPS6KB2	6199	True	False	https://public.api.oncokb.org/api/v1/utils/cancerGeneList
RPTOR	57521	True	False	https://public.api.oncokb.org/api/v1/utils/cancerGeneList
RRAGC	64121	True	False	https://public.api.oncokb.org/api/v1/utils/cancerGeneList
RRAS	6237	True	False	https://public.api.oncokb.org/api/v1/utils/cancerGeneList
RRAS2	22800	True	False	https://public.api.oncokb.org/api/v1/utils/cancerGeneList
RSPO2	340419	True	False	https://public.api.oncokb.org/api/v1/utils/cancerGeneList
RSPO3	84870	True	False	https://public.api.oncokb.org/api/v1/utils/cancerGeneList
RTEL1	51750	False	True	https://public.api.oncokb.org/api/v1/utils/cancerGeneList
RUNX1	861	False	True	https://public.api.oncokb.org/api/v1/utils/cancerGeneList
RUNX1T1	862	True	False	https://public.api.oncokb.org/api/v1/utils/cancerGeneList
RUNX2	860	False	False	https://public.api.oncokb.org/api/v1/utils/cancerGeneList
RXRA	6256	False	False	https://public.api.oncokb.org/api/v1/utils/cancerGeneList
RYBP	23429	False	True	https://public.api.oncokb.org/api/v1/utils/cancerGeneList
S1PR2	9294	False	False	https://public.api.oncokb.org/api/v1/utils/cancerGeneList
SALL4	57167	False	False	https://public.api.oncokb.org/api/v1/utils/cancerGeneList
SAMD9	54809	False	False	https://public.api.oncokb.org/api/v1/utils/cancerGeneList
SAMD9L	219285	False	False	https://public.api.oncokb.org/api/v1/utils/cancerGeneList
SAMHD1	25939	False	True	https://public.api.oncokb.org/api/v1/utils/cancerGeneList
SBDS	51119	False	False	https://public.api.oncokb.org/api/v1/utils/cancerGeneList
SCG5	6447	True	False	https://public.api.oncokb.org/api/v1/utils/cancerGeneList
SDC4	6385	False	False	https://public.api.oncokb.org/api/v1/utils/cancerGeneList
SDHA	6389	False	True	https://public.api.oncokb.org/api/v1/utils/cancerGeneList
SDHAF2	54949	False	True	https://public.api.oncokb.org/api/v1/utils/cancerGeneList
SDHB	6390	False	True	https://public.api.oncokb.org/api/v1/utils/cancerGeneList
SDHC	6391	False	True	https://public.api.oncokb.org/api/v1/utils/cancerGeneList
SDHD	6392	False	True	https://public.api.oncokb.org/api/v1/utils/cancerGeneList
SEC31A	22872	False	False	https://public.api.oncokb.org/api/v1/utils/cancerGeneList
SEPTIN5	5413	False	False	https://public.api.oncokb.org/api/v1/utils/cancerGeneList
SEPTIN6	23157	False	False	https://public.api.oncokb.org/api/v1/utils/cancerGeneList
SEPTIN9	10801	False	False	https://public.api.oncokb.org/api/v1/utils/cancerGeneList
SERP2	387923	False	False	https://public.api.oncokb.org/api/v1/utils/cancerGeneList
SERPINB3	6317	False	False	https://public.api.oncokb.org/api/v1/utils/cancerGeneList
SERPINB4	6318	False	False	https://public.api.oncokb.org/api/v1/utils/cancerGeneList
SESN1	27244	False	True	https://public.api.oncokb.org/api/v1/utils/cancerGeneList
SESN2	83667	False	True	https://public.api.oncokb.org/api/v1/utils/cancerGeneList
SESN3	143686	False	True	https://public.api.oncokb.org/api/v1/utils/cancerGeneList
SET	6418	True	False	https://public.api.oncokb.org/api/v1/utils/cancerGeneList
SETBP1	26040	True	False	https://public.api.oncokb.org/api/v1/utils/cancerGeneList
SETD1A	9739	True	False	https://public.api.oncokb.org/api/v1/utils/cancerGeneList
SETD1B	23067	False	False	https://public.api.oncokb.org/api/v1/utils/cancerGeneList
SETD2	29072	False	True	https://public.api.oncokb.org/api/v1/utils/cancerGeneList
SETD3	84193	False	False	https://public.api.oncokb.org/api/v1/utils/cancerGeneList
SETD4	54093	False	False	https://public.api.oncokb.org/api/v1/utils/cancerGeneList
SETD5	55209	False	False	https://public.api.oncokb.org/api/v1/utils/cancerGeneList
SETD6	79918	False	False	https://public.api.oncokb.org/api/v1/utils/cancerGeneList
SETD7	80854	False	False	https://public.api.oncokb.org/api/v1/utils/cancerGeneList
SETDB1	9869	True	True	https://public.api.oncokb.org/api/v1/utils/cancerGeneList
SETDB2	83852	False	True	https://public.api.oncokb.org/api/v1/utils/cancerGeneList
SF3B1	23451	True	False	https://public.api.oncokb.org/api/v1/utils/cancerGeneList
SF3B2	10992	True	False	https://public.api.oncokb.org/api/v1/utils/cancerGeneList
SFPQ	6421	False	False	https://public.api.oncokb.org/api/v1/utils/cancerGeneList
SFRP1	6422	False	True	https://public.api.oncokb.org/api/v1/utils/cancerGeneList
SFRP2	6423	True	True	https://public.api.oncokb.org/api/v1/utils/cancerGeneList
SFRP4	6424	False	False	https://public.api.oncokb.org/api/v1/utils/cancerGeneList
SGK1	6446	True	False	https://public.api.oncokb.org/api/v1/utils/cancerGeneList
SH2B3	10019	False	True	https://public.api.oncokb.org/api/v1/utils/cancerGeneList
SH2D1A	4068	False	True	https://public.api.oncokb.org/api/v1/utils/cancerGeneList
SH3GL1	6455	False	False	https://public.api.oncokb.org/api/v1/utils/cancerGeneList
SHOC2	8036	True	False	https://public.api.oncokb.org/api/v1/utils/cancerGeneList
SHQ1	55164	False	True	https://public.api.oncokb.org/api/v1/utils/cancerGeneList
SIX1	6495	False	False	https://public.api.oncokb.org/api/v1/utils/cancerGeneList
SLC1A2	6506	False	False	https://public.api.oncokb.org/api/v1/utils/cancerGeneList
SLC34A2	10568	False	False	https://public.api.oncokb.org/api/v1/utils/cancerGeneList
SLC45A3	85414	False	False	https://public.api.oncokb.org/api/v1/utils/cancerGeneList
SLFN11	91607	False	True	https://public.api.oncokb.org/api/v1/utils/cancerGeneList
SLIT2	9353	False	False	https://public.api.oncokb.org/api/v1/utils/cancerGeneList
SLIT3	6586	False	True	https://public.api.oncokb.org/api/v1/utils/cancerGeneList
SLX4	84464	False	True	https://public.api.oncokb.org/api/v1/utils/cancerGeneList
SMAD2	4087	False	True	https://public.api.oncokb.org/api/v1/utils/cancerGeneList
SMAD3	4088	False	True	https://public.api.oncokb.org/api/v1/utils/cancerGeneList
SMAD4	4089	False	True	https://public.api.oncokb.org/api/v1/utils/cancerGeneList
SMARCA1	6594	True	True	https://public.api.oncokb.org/api/v1/utils/cancerGeneList
SMARCA2	6595	False	True	https://public.api.oncokb.org/api/v1/utils/cancerGeneList
SMARCA4	6597	False	True	https://public.api.oncokb.org/api/v1/utils/cancerGeneList
SMARCB1	6598	False	True	https://public.api.oncokb.org/api/v1/utils/cancerGeneList
SMARCD1	6602	False	False	https://public.api.oncokb.org/api/v1/utils/cancerGeneList
SMARCE1	6605	False	False	https://public.api.oncokb.org/api/v1/utils/cancerGeneList
SMC1A	8243	False	True	https://public.api.oncokb.org/api/v1/utils/cancerGeneList
SMC3	9126	False	True	https://public.api.oncokb.org/api/v1/utils/cancerGeneList
SMG1	23049	False	True	https://public.api.oncokb.org/api/v1/utils/cancerGeneList
SMO	6608	True	False	https://public.api.oncokb.org/api/v1/utils/cancerGeneList
SMYD3	64754	True	False	https://public.api.oncokb.org/api/v1/utils/cancerGeneList
SNCAIP	9627	False	False	https://public.api.oncokb.org/api/v1/utils/cancerGeneList
SND1	27044	False	False	https://public.api.oncokb.org/api/v1/utils/cancerGeneList
SNX29	92017	False	False	https://public.api.oncokb.org/api/v1/utils/cancerGeneList
SOCS1	8651	False	True	https://public.api.oncokb.org/api/v1/utils/cancerGeneList
SOCS2	8835	False	False	https://public.api.oncokb.org/api/v1/utils/cancerGeneList
SOCS3	9021	False	True	https://public.api.oncokb.org/api/v1/utils/cancerGeneList
SOS1	6654	True	False	https://public.api.oncokb.org/api/v1/utils/cancerGeneList
SOX10	6663	True	False	https://public.api.oncokb.org/api/v1/utils/cancerGeneList
SOX17	64321	False	True	https://public.api.oncokb.org/api/v1/utils/cancerGeneList
SOX2	6657	True	False	https://public.api.oncokb.org/api/v1/utils/cancerGeneList
SOX9	6662	False	True	https://public.api.oncokb.org/api/v1/utils/cancerGeneList
SP140	11262	False	True	https://public.api.oncokb.org/api/v1/utils/cancerGeneList
SPEN	23013	False	True	https://public.api.oncokb.org/api/v1/utils/cancerGeneList
SPOP	8405	False	True	https://public.api.oncokb.org/api/v1/utils/cancerGeneList
SPRED1	161742	False	True	https://public.api.oncokb.org/api/v1/utils/cancerGeneList
SPRTN	83932	False	True	https://public.api.oncokb.org/api/v1/utils/cancerGeneList
SQSTM1	8878	True	False	https://public.api.oncokb.org/api/v1/utils/cancerGeneList
SRC	6714	True	False	https://public.api.oncokb.org/api/v1/utils/cancerGeneList
SRP72	6731	True	False	https://public.api.oncokb.org/api/v1/utils/cancerGeneList
SRSF2	6427	False	False	https://public.api.oncokb.org/api/v1/utils/cancerGeneList
SRSF3	6428	False	False	https://public.api.oncokb.org/api/v1/utils/cancerGeneList
SS18	6760	True	False	https://public.api.oncokb.org/api/v1/utils/cancerGeneList
SS18L1	26039	False	False	https://public.api.oncokb.org/api/v1/utils/cancerGeneList
SSX1	6756	False	False	https://public.api.oncokb.org/api/v1/utils/cancerGeneList
SSX2	6757	False	False	https://public.api.oncokb.org/api/v1/utils/cancerGeneList
SSX4	6759	False	False	https://public.api.oncokb.org/api/v1/utils/cancerGeneList
STAG1	10274	False	True	https://public.api.oncokb.org/api/v1/utils/cancerGeneList
STAG2	10735	False	True	https://public.api.oncokb.org/api/v1/utils/cancerGeneList
STAT1	6772	False	False	https://public.api.oncokb.org/api/v1/utils/cancerGeneList
STAT2	6773	False	False	https://public.api.oncokb.org/api/v1/utils/cancerGeneList
STAT3	6774	True	False	https://public.api.oncokb.org/api/v1/utils/cancerGeneList
STAT4	6775	True	False	https://public.api.oncokb.org/api/v1/utils/cancerGeneList
STAT5A	6776	True	False	https://public.api.oncokb.org/api/v1/utils/cancerGeneList
STAT5B	6777	True	False	https://public.api.oncokb.org/api/v1/utils/cancerGeneList
STAT6	6778	True	False	https://public.api.oncokb.org/api/v1/utils/cancerGeneList
STIL	6491	False	False	https://public.api.oncokb.org/api/v1/utils/cancerGeneList
STK11	6794	False	True	https://public.api.oncokb.org/api/v1/utils/cancerGeneList
STK19	8859	True	False	https://public.api.oncokb.org/api/v1/utils/cancerGeneList
STK40	83931	False	False	https://public.api.oncokb.org/api/v1/utils/cancerGeneList
STRN	6801	False	False	https://public.api.oncokb.org/api/v1/utils/cancerGeneList
SUFU	51684	False	True	https://public.api.oncokb.org/api/v1/utils/cancerGeneList
SUZ12	23512	False	True	https://public.api.oncokb.org/api/v1/utils/cancerGeneList
SYK	6850	True	False	https://public.api.oncokb.org/api/v1/utils/cancerGeneList
SZT2	23334	False	False	https://public.api.oncokb.org/api/v1/utils/cancerGeneList
TACSTD2	4070	True	False	https://public.api.oncokb.org/api/v1/utils/cancerGeneList
TAF1	6872	True	False	https://public.api.oncokb.org/api/v1/utils/cancerGeneList
TAF15	8148	False	False	https://public.api.oncokb.org/api/v1/utils/cancerGeneList
TAL1	6886	True	False	https://public.api.oncokb.org/api/v1/utils/cancerGeneList
TAL2	6887	False	False	https://public.api.oncokb.org/api/v1/utils/cancerGeneList
TAP1	6890	False	False	https://public.api.oncokb.org/api/v1/utils/cancerGeneList
TAP2	6891	False	False	https://public.api.oncokb.org/api/v1/utils/cancerGeneList
TBL1XR1	79718	True	False	https://public.api.oncokb.org/api/v1/utils/cancerGeneList
TBX3	6926	False	True	https://public.api.oncokb.org/api/v1/utils/cancerGeneList
TCEA1	6917	False	False	https://public.api.oncokb.org/api/v1/utils/cancerGeneList
TCF12	6938	False	False	https://public.api.oncokb.org/api/v1/utils/cancerGeneList
TCF3	6929	False	True	https://public.api.oncokb.org/api/v1/utils/cancerGeneList
TCF7L2	6934	False	True	https://public.api.oncokb.org/api/v1/utils/cancerGeneList
TCL1A	8115	True	False	https://public.api.oncokb.org/api/v1/utils/cancerGeneList
TCL1B	9623	True	False	https://public.api.oncokb.org/api/v1/utils/cancerGeneList
TEC	7006	False	False	https://public.api.oncokb.org/api/v1/utils/cancerGeneList
TEK	7010	False	False	https://public.api.oncokb.org/api/v1/utils/cancerGeneList
TENT5C	54855	False	True	https://public.api.oncokb.org/api/v1/utils/cancerGeneList
TERC	7012	False	False	https://public.api.oncokb.org/api/v1/utils/cancerGeneList
TERT	7015	True	False	https://public.api.oncokb.org/api/v1/utils/cancerGeneList
TET1	80312	False	True	https://public.api.oncokb.org/api/v1/utils/cancerGeneList
TET2	54790	False	True	https://public.api.oncokb.org/api/v1/utils/cancerGeneList
TET3	200424	False	True	https://public.api.oncokb.org/api/v1/utils/cancerGeneList
TFE3	7030	True	False	https://public.api.oncokb.org/api/v1/utils/cancerGeneList
TFEB	7942	False	False	https://public.api.oncokb.org/api/v1/utils/cancerGeneList
TFG	10342	False	False	https://public.api.oncokb.org/api/v1/utils/cancerGeneList
TFPT	29844	False	False	https://public.api.oncokb.org/api/v1/utils/cancerGeneList
TFRC	7037	False	False	https://public.api.oncokb.org/api/v1/utils/cancerGeneList
TGFBR1	7046	False	True	https://public.api.oncokb.org/api/v1/utils/cancerGeneList
TGFBR2	7048	False	True	https://public.api.oncokb.org/api/v1/utils/cancerGeneList
TIGAR	57103	True	False	https://public.api.oncokb.org/api/v1/utils/cancerGeneList
TIPARP	25976	False	False	https://public.api.oncokb.org/api/v1/utils/cancerGeneList
TLE1	7088	False	False	https://public.api.oncokb.org/api/v1/utils/cancerGeneList
TLE2	7089	False	False	https://public.api.oncokb.org/api/v1/utils/cancerGeneList
TLE3	7090	False	False	https://public.api.oncokb.org/api/v1/utils/cancerGeneList
TLE4	7091	False	False	https://public.api.oncokb.org/api/v1/utils/cancerGeneList
TLL2	7093	False	False	https://public.api.oncokb.org/api/v1/utils/cancerGeneList
TLX1	3195	True	False	https://public.api.oncokb.org/api/v1/utils/cancerGeneList
TLX3	30012	True	False	https://public.api.oncokb.org/api/v1/utils/cancerGeneList
TMEM127	55654	False	True	https://public.api.oncokb.org/api/v1/utils/cancerGeneList
TMEM30A	55754	False	False	https://public.api.oncokb.org/api/v1/utils/cancerGeneList
TMPRSS2	7113	False	False	https://public.api.oncokb.org/api/v1/utils/cancerGeneList
TMSB4XP8	7117	False	False	https://public.api.oncokb.org/api/v1/utils/cancerGeneList
TNFAIP3	7128	False	True	https://public.api.oncokb.org/api/v1/utils/cancerGeneList
TNFRSF11A	8792	False	False	https://public.api.oncokb.org/api/v1/utils/cancerGeneList
TNFRSF14	8764	False	True	https://public.api.oncokb.org/api/v1/utils/cancerGeneList
TNFRSF17	608	True	False	https://public.api.oncokb.org/api/v1/utils/cancerGeneList
TNFRSF9	3604	False	False	https://public.api.oncokb.org/api/v1/utils/cancerGeneList
TNFSF13	8741	True	False	https://public.api.oncokb.org/api/v1/utils/cancerGeneList
TONSL	4796	False	False	https://public.api.oncokb.org/api/v1/utils/cancerGeneList
TOP1	7150	True	False	https://public.api.oncokb.org/api/v1/utils/cancerGeneList
TOP2A	7153	True	False	https://public.api.oncokb.org/api/v1/utils/cancerGeneList
TOX	9760	False	False	https://public.api.oncokb.org/api/v1/utils/cancerGeneList
TP53	7157	False	True	https://public.api.oncokb.org/api/v1/utils/cancerGeneList
TP53BP1	7158	False	True	https://public.api.oncokb.org/api/v1/utils/cancerGeneList
TP63	8626	True	True	https://public.api.oncokb.org/api/v1/utils/cancerGeneList
TPM3	7170	True	False	https://public.api.oncokb.org/api/v1/utils/cancerGeneList
TPM4	7171	False	False	https://public.api.oncokb.org/api/v1/utils/cancerGeneList
TPMT	7172	False	False	https://public.api.oncokb.org/api/v1/utils/cancerGeneList
TPR	7175	False	False	https://public.api.oncokb.org/api/v1/utils/cancerGeneList
TRA	6955	True	False	https://public.api.oncokb.org/api/v1/utils/cancerGeneList
TRAF2	7186	False	False	https://public.api.oncokb.org/api/v1/utils/cancerGeneList
TRAF3	7187	False	True	https://public.api.oncokb.org/api/v1/utils/cancerGeneList
TRAF5	7188	False	True	https://public.api.oncokb.org/api/v1/utils/cancerGeneList
TRAF7	84231	False	False	https://public.api.oncokb.org/api/v1/utils/cancerGeneList
TRB	6957	True	False	https://public.api.oncokb.org/api/v1/utils/cancerGeneList
TRD	6964	True	False	https://public.api.oncokb.org/api/v1/utils/cancerGeneList
TRG	6965	True	False	https://public.api.oncokb.org/api/v1/utils/cancerGeneList
TRIB3	57761	True	False	https://public.api.oncokb.org/api/v1/utils/cancerGeneList
TRIM24	8805	False	False	https://public.api.oncokb.org/api/v1/utils/cancerGeneList
TRIM27	5987	True	False	https://public.api.oncokb.org/api/v1/utils/cancerGeneList
TRIM33	51592	False	False	https://public.api.oncokb.org/api/v1/utils/cancerGeneList
TRIP11	9321	False	False	https://public.api.oncokb.org/api/v1/utils/cancerGeneList
TRIP13	9319	True	True	https://public.api.oncokb.org/api/v1/utils/cancerGeneList
TRRAP	8295	False	False	https://public.api.oncokb.org/api/v1/utils/cancerGeneList
TSC1	7248	False	True	https://public.api.oncokb.org/api/v1/utils/cancerGeneList
TSC2	7249	False	True	https://public.api.oncokb.org/api/v1/utils/cancerGeneList
TSHR	7253	True	False	https://public.api.oncokb.org/api/v1/utils/cancerGeneList
TTL	150465	False	False	https://public.api.oncokb.org/api/v1/utils/cancerGeneList
TUSC3	7991	False	False	https://public.api.oncokb.org/api/v1/utils/cancerGeneList
TYK2	7297	True	False	https://public.api.oncokb.org/api/v1/utils/cancerGeneList
TYMS	7298	True	False	https://public.api.oncokb.org/api/v1/utils/cancerGeneList
TYRO3	7301	False	False	https://public.api.oncokb.org/api/v1/utils/cancerGeneList
U2AF1	7307	True	False	https://public.api.oncokb.org/api/v1/utils/cancerGeneList
U2AF2	11338	False	False	https://public.api.oncokb.org/api/v1/utils/cancerGeneList
UBA1	7317	False	False	https://public.api.oncokb.org/api/v1/utils/cancerGeneList
UBE2A	7319	True	False	https://public.api.oncokb.org/api/v1/utils/cancerGeneList
UBR5	51366	True	False	https://public.api.oncokb.org/api/v1/utils/cancerGeneList
UBTF	7343	True	False	https://public.api.oncokb.org/api/v1/utils/cancerGeneList
UCHL1	7345	True	False	https://public.api.oncokb.org/api/v1/utils/cancerGeneList
UPF1	5976	False	False	https://public.api.oncokb.org/api/v1/utils/cancerGeneList
USP1	7398	True	False	https://public.api.oncokb.org/api/v1/utils/cancerGeneList
USP6	9098	True	False	https://public.api.oncokb.org/api/v1/utils/cancerGeneList
USP8	9101	True	False	https://public.api.oncokb.org/api/v1/utils/cancerGeneList
VAV1	7409	True	False	https://public.api.oncokb.org/api/v1/utils/cancerGeneList
VAV2	7410	True	False	https://public.api.oncokb.org/api/v1/utils/cancerGeneList
VEGFA	7422	True	False	https://public.api.oncokb.org/api/v1/utils/cancerGeneList
VEGFB	7423	True	False	https://public.api.oncokb.org/api/v1/utils/cancerGeneList
VHL	7428	False	True	https://public.api.oncokb.org/api/v1/utils/cancerGeneList
VTCN1	79679	False	False	https://public.api.oncokb.org/api/v1/utils/cancerGeneList
WAS	7454	False	False	https://public.api.oncokb.org/api/v1/utils/cancerGeneList
WDCP	80304	False	False	https://public.api.oncokb.org/api/v1/utils/cancerGeneList
WDR90	197335	False	False	https://public.api.oncokb.org/api/v1/utils/cancerGeneList
WEE1	7465	False	True	https://public.api.oncokb.org/api/v1/utils/cancerGeneList
WIF1	11197	False	True	https://public.api.oncokb.org/api/v1/utils/cancerGeneList
WNT10A	80326	True	False	https://public.api.oncokb.org/api/v1/utils/cancerGeneList
WRN	7486	False	True	https://public.api.oncokb.org/api/v1/utils/cancerGeneList
WT1	7490	True	True	https://public.api.oncokb.org/api/v1/utils/cancerGeneList
WWOX	51741	False	True	https://public.api.oncokb.org/api/v1/utils/cancerGeneList
WWP1	11059	True	False	https://public.api.oncokb.org/api/v1/utils/cancerGeneList
WWTR1	25937	True	False	https://public.api.oncokb.org/api/v1/utils/cancerGeneList
XBP1	7494	True	False	https://public.api.oncokb.org/api/v1/utils/cancerGeneList
XIAP	331	True	False	https://public.api.oncokb.org/api/v1/utils/cancerGeneList
XPA	7507	False	True	https://public.api.oncokb.org/api/v1/utils/cancerGeneList
XPC	7508	False	True	https://public.api.oncokb.org/api/v1/utils/cancerGeneList
XPO1	7514	True	False	https://public.api.oncokb.org/api/v1/utils/cancerGeneList
XRCC1	7515	False	True	https://public.api.oncokb.org/api/v1/utils/cancerGeneList
XRCC2	7516	False	True	https://public.api.oncokb.org/api/v1/utils/cancerGeneList
XRCC3	7517	False	True	https://public.api.oncokb.org/api/v1/utils/cancerGeneList
YAP1	10413	True	False	https://public.api.oncokb.org/api/v1/utils/cancerGeneList
YES1	7525	True	False	https://public.api.oncokb.org/api/v1/utils/cancerGeneList
YPEL5	51646	False	False	https://public.api.oncokb.org/api/v1/utils/cancerGeneList
YWHAE	7531	True	False	https://public.api.oncokb.org/api/v1/utils/cancerGeneList
YY1	7528	True	False	https://public.api.oncokb.org/api/v1/utils/cancerGeneList
YY1AP1	55249	False	False	https://public.api.oncokb.org/api/v1/utils/cancerGeneList
ZBTB16	7704	False	False	https://public.api.oncokb.org/api/v1/utils/cancerGeneList
ZBTB20	26137	True	False	https://public.api.oncokb.org/api/v1/utils/cancerGeneList
ZBTB7A	51341	True	True	https://public.api.oncokb.org/api/v1/utils/cancerGeneList
ZFHX3	463	False	True	https://public.api.oncokb.org/api/v1/utils/cancerGeneList
ZFP36L1	677	False	True	https://public.api.oncokb.org/api/v1/utils/cancerGeneList
ZFP36L2	678	False	True	https://public.api.oncokb.org/api/v1/utils/cancerGeneList
ZMYM2	7750	False	False	https://public.api.oncokb.org/api/v1/utils/cancerGeneList
ZMYM3	9203	False	True	https://public.api.oncokb.org/api/v1/utils/cancerGeneList
ZNF217	7764	True	False	https://public.api.oncokb.org/api/v1/utils/cancerGeneList
ZNF24	7572	False	False	https://public.api.oncokb.org/api/v1/utils/cancerGeneList
ZNF292	23036	False	True	https://public.api.oncokb.org/api/v1/utils/cancerGeneList
ZNF331	55422	False	False	https://public.api.oncokb.org/api/v1/utils/cancerGeneList
ZNF384	171017	False	False	https://public.api.oncokb.org/api/v1/utils/cancerGeneList
ZNF521	25925	False	False	https://public.api.oncokb.org/api/v1/utils/cancerGeneList
ZNF703	80139	False	False	https://public.api.oncokb.org/api/v1/utils/cancerGeneList
ZNF750	79755	False	True	https://public.api.oncokb.org/api/v1/utils/cancerGeneList
ZNRF3	84133	False	True	https://public.api.oncokb.org/api/v1/utils/cancerGeneList
ZRSR2	8233	False	False	https://public.api.oncokb.org/api/v1/utils/cancerGeneList
