Target_Modality,Method,N,Mean_MAE,Median_MAE,Mean_Cosine,Top1_Process_Accuracy
DBS,Oracle label bridge,156,0.014002085943125797,0.012308658962262124,0.9904669016455154,0.9230769230769231
DBS,UGA unsupervised bridge,156,0.014002085943125797,0.012308658962262124,0.9904669016455154,0.9230769230769231
DBS,Standard no-bridge cohort mean,156,0.12609766807927625,0.12698289219538683,0.4090044891936223,0.07051282051282051
DBS,Standard random bridge,156,0.13811324361618782,0.15482422376494417,0.18804006184626548,0.08974358974358974
ID,Oracle label bridge,156,0.012145092947656255,0.01148116515151071,0.9932650636670934,0.9294871794871795
ID,UGA unsupervised bridge,156,0.012145092947656255,0.01148116515151071,0.9932650636670934,0.9294871794871795
ID,Standard no-bridge cohort mean,156,0.1261242756419133,0.12767519767374982,0.4089585150340645,0.07692307692307693
ID,Standard random bridge,156,0.1376915882681372,0.1550014730245381,0.1902772140531753,0.08974358974358974
