modality,algorithm,metric,n_patients,standard_mean,locked_uga_mean,delta_locked_uga_minus_standard,delta_95pct_interval_low,delta_95pct_interval_high,p_value,better_direction,q_value
SBS,NNLS,cosine,2683,0.20958802320961095,0.219805662023598,0.010217638813987007,-0.22185064269864163,0.2712037998622535,6.270673384632733e-07,positive,1.88120201538982e-06
SBS,NNLS,mae,2683,0.017199281406730643,0.016930641615841024,-0.00026863979088961843,-0.004758067314800276,0.003066073160292073,7.618726856737943e-11,negative,4.5712361140427653e-10
DBS,NNLS,cosine,860,0.38749581349581524,0.41264492222589266,0.025149108730077467,-0.4972110623087801,0.6888465225599666,0.0006183674517997704,positive,0.0009275511776996556
DBS,NNLS,mae,860,0.06236770046150857,0.05977797381910767,-0.002589726642400898,-0.0392307672851956,0.03293218684147952,5.547256893523395e-06,negative,1.109451378704679e-05
ID,NNLS,cosine,2287,0.2159753915564583,0.22363881344177472,0.007663421885316393,-0.5933170982397218,0.6700248479108516,0.5413167707590161,positive,0.5413167707590161
ID,NNLS,mae,2287,0.06700995872183156,0.06620996919225933,-0.0007999895295722386,-0.037598973221709346,0.03188320503733359,0.26444597367516276,negative,0.3173351684101953
