spearman	pearson	r2	mae	suite	subset	endpoint	task	model	n	auroc	auprc	balanced_acc	brier
0.33551654984708806	0.27297959489130913	0.0741471746567065	0.43365093521167697	main	all	eCARD	regression	Baseline	772				
0.3163697532710433	0.27156419396533826	0.07354554889007647	0.43536607792665816	main	all	eCARD	regression	Baseline+Standard	772				
0.37395432436439496	0.33264480867789276	0.1089277821881105	0.4278038939989877	main	all	eCARD	regression	Baseline+Universal-BiCGR d=10	772				
