spearman	pearson	r2	mae	suite	subset	endpoint	task	model	n	auroc	auprc	balanced_acc	brier
0.20323998559568232	0.17300238330433187	0.029812453397203065	0.7639969018825638	main	all	PARPi7	regression	Baseline	772				
0.1153471130955889	0.14205214829229543	0.019304236600946933	0.7682028085486258	main	all	PARPi7	regression	Baseline+Standard	772				
0.08783667479390973	-0.04591358877097694	-0.28019661767405	0.7882290561645158	main	all	PARPi7	regression	Baseline+Universal-BiCGR d=10	772				
