Endpoint tier,Endpoint,Endpoint ID,Representation,Representation ID,Model,Model ID,Primary metric,Outer fold,Selected feature-set label,Selected feature-set ID,Selected Bio MAF block ID,Selected total features,Selected Bio MAF features,Selected Bio MAF blocks,Includes mutational signatures,Includes compact biology core,Includes driver-evidence tiers,Includes exact driver genes,Includes hotspot summaries,Includes optional burden controls,Inner validation score,Outer fold score,Candidate feature-set count,Candidate feature sets considered,Split strategy
Main,HRD score,HRD_Score,Bio MAF v4,MAF_stack_only,Elastic net,linear,Spearman r,1,Compact biology only,v4_compact_biology_only,v4_compact_biology_only,121,121,Compact biological annotation core,No,Yes,No,No,No,No,0.6381482536962592,0.622645950185392,6,"[""v4_compact_biology_only"",""v4_compact_plus_driver_evidence_tiers"",""v4_compact_plus_exact_driver_genes"",""v4_compact_plus_hotspot_summary"",""v4_full_core"",""v4_full_core_plus_optional_controls""]",5 outer KFold; inner 60/20 validation split
Main,HRD score,HRD_Score,Bio MAF v4,MAF_stack_only,Elastic net,linear,Spearman r,2,Compact biology + exact driver genes,v4_compact_plus_exact_driver_genes,v4_compact_plus_exact_driver_genes,923,923,Compact biological annotation core; exact consensus driver-gene identity,No,Yes,No,Yes,No,No,0.6897007998221328,0.7090707607303013,6,"[""v4_compact_biology_only"",""v4_compact_plus_driver_evidence_tiers"",""v4_compact_plus_exact_driver_genes"",""v4_compact_plus_hotspot_summary"",""v4_full_core"",""v4_full_core_plus_optional_controls""]",5 outer KFold; inner 60/20 validation split
Main,HRD score,HRD_Score,Bio MAF v4,MAF_stack_only,Elastic net,linear,Spearman r,3,Full core + optional burden/composition controls,v4_full_core_plus_optional_controls,v4_full_core_plus_optional_controls,948,948,Compact biological annotation core; external evidence-confidence controls; exact consensus driver-gene identity; cancer hotspot summaries; optional burden and event-composition controls,No,Yes,Yes,Yes,Yes,Yes,0.6398189443249205,0.7237231842527235,6,"[""v4_compact_biology_only"",""v4_compact_plus_driver_evidence_tiers"",""v4_compact_plus_exact_driver_genes"",""v4_compact_plus_hotspot_summary"",""v4_full_core"",""v4_full_core_plus_optional_controls""]",5 outer KFold; inner 60/20 validation split
Main,HRD score,HRD_Score,Bio MAF v4,MAF_stack_only,Elastic net,linear,Spearman r,4,Compact biology + exact driver genes,v4_compact_plus_exact_driver_genes,v4_compact_plus_exact_driver_genes,923,923,Compact biological annotation core; exact consensus driver-gene identity,No,Yes,No,Yes,No,No,0.6360530335480243,0.7773252154960183,6,"[""v4_compact_biology_only"",""v4_compact_plus_driver_evidence_tiers"",""v4_compact_plus_exact_driver_genes"",""v4_compact_plus_hotspot_summary"",""v4_full_core"",""v4_full_core_plus_optional_controls""]",5 outer KFold; inner 60/20 validation split
Main,HRD score,HRD_Score,Bio MAF v4,MAF_stack_only,Elastic net,linear,Spearman r,5,Full core + optional burden/composition controls,v4_full_core_plus_optional_controls,v4_full_core_plus_optional_controls,948,948,Compact biological annotation core; external evidence-confidence controls; exact consensus driver-gene identity; cancer hotspot summaries; optional burden and event-composition controls,No,Yes,Yes,Yes,Yes,Yes,0.7836526834146132,0.7319487374885741,6,"[""v4_compact_biology_only"",""v4_compact_plus_driver_evidence_tiers"",""v4_compact_plus_exact_driver_genes"",""v4_compact_plus_hotspot_summary"",""v4_full_core"",""v4_full_core_plus_optional_controls""]",5 outer KFold; inner 60/20 validation split
Main,HRD score,HRD_Score,Bio MAF v4,MAF_stack_only,XGBoost,xgboost,Spearman r,1,Full core + optional burden/composition controls,v4_full_core_plus_optional_controls,v4_full_core_plus_optional_controls,948,948,Compact biological annotation core; external evidence-confidence controls; exact consensus driver-gene identity; cancer hotspot summaries; optional burden and event-composition controls,No,Yes,Yes,Yes,Yes,Yes,0.7135318090048464,0.7138159113144221,6,"[""v4_compact_biology_only"",""v4_compact_plus_driver_evidence_tiers"",""v4_compact_plus_exact_driver_genes"",""v4_compact_plus_hotspot_summary"",""v4_full_core"",""v4_full_core_plus_optional_controls""]",5 outer KFold; inner 60/20 validation split
Main,HRD score,HRD_Score,Bio MAF v4,MAF_stack_only,XGBoost,xgboost,Spearman r,2,Full core + optional burden/composition controls,v4_full_core_plus_optional_controls,v4_full_core_plus_optional_controls,948,948,Compact biological annotation core; external evidence-confidence controls; exact consensus driver-gene identity; cancer hotspot summaries; optional burden and event-composition controls,No,Yes,Yes,Yes,Yes,Yes,0.7202599786722996,0.7691168635124753,6,"[""v4_compact_biology_only"",""v4_compact_plus_driver_evidence_tiers"",""v4_compact_plus_exact_driver_genes"",""v4_compact_plus_hotspot_summary"",""v4_full_core"",""v4_full_core_plus_optional_controls""]",5 outer KFold; inner 60/20 validation split
Main,HRD score,HRD_Score,Bio MAF v4,MAF_stack_only,XGBoost,xgboost,Spearman r,3,Compact biology + exact driver genes,v4_compact_plus_exact_driver_genes,v4_compact_plus_exact_driver_genes,923,923,Compact biological annotation core; exact consensus driver-gene identity,No,Yes,No,Yes,No,No,0.7088858426021504,0.7303489777488079,6,"[""v4_compact_biology_only"",""v4_compact_plus_driver_evidence_tiers"",""v4_compact_plus_exact_driver_genes"",""v4_compact_plus_hotspot_summary"",""v4_full_core"",""v4_full_core_plus_optional_controls""]",5 outer KFold; inner 60/20 validation split
Main,HRD score,HRD_Score,Bio MAF v4,MAF_stack_only,XGBoost,xgboost,Spearman r,4,Compact biology + exact driver genes,v4_compact_plus_exact_driver_genes,v4_compact_plus_exact_driver_genes,923,923,Compact biological annotation core; exact consensus driver-gene identity,No,Yes,No,Yes,No,No,0.7415577742154327,0.7337250166454472,6,"[""v4_compact_biology_only"",""v4_compact_plus_driver_evidence_tiers"",""v4_compact_plus_exact_driver_genes"",""v4_compact_plus_hotspot_summary"",""v4_full_core"",""v4_full_core_plus_optional_controls""]",5 outer KFold; inner 60/20 validation split
Main,HRD score,HRD_Score,Bio MAF v4,MAF_stack_only,XGBoost,xgboost,Spearman r,5,Compact biology + exact driver genes,v4_compact_plus_exact_driver_genes,v4_compact_plus_exact_driver_genes,923,923,Compact biological annotation core; exact consensus driver-gene identity,No,Yes,No,Yes,No,No,0.7626700578189721,0.7018277513940249,6,"[""v4_compact_biology_only"",""v4_compact_plus_driver_evidence_tiers"",""v4_compact_plus_exact_driver_genes"",""v4_compact_plus_hotspot_summary"",""v4_full_core"",""v4_full_core_plus_optional_controls""]",5 outer KFold; inner 60/20 validation split
Main,HRD score,HRD_Score,Signatures + Bio MAF v4,signatures_plus_MAF_stack,Elastic net,linear,Spearman r,1,Signatures + Full strict Bio MAF core,signatures_plus_v4_full_core,v4_full_core,1125,943,Compact biological annotation core; external evidence-confidence controls; exact consensus driver-gene identity; cancer hotspot summaries,Yes,Yes,Yes,Yes,Yes,No,0.7168874641093209,0.7914107320063026,7,"[""signatures_only"",""signatures_plus_v4_compact_biology_only"",""signatures_plus_v4_compact_plus_driver_evidence_tiers"",""signatures_plus_v4_compact_plus_exact_driver_genes"",""signatures_plus_v4_compact_plus_hotspot_summary"",""signatures_plus_v4_full_core"",""signatures_plus_v4_full_core_plus_optional_controls""]",5 outer KFold; inner 60/20 validation split
Main,HRD score,HRD_Score,Signatures + Bio MAF v4,signatures_plus_MAF_stack,Elastic net,linear,Spearman r,2,Signatures + Compact biology + exact driver genes,signatures_plus_v4_compact_plus_exact_driver_genes,v4_compact_plus_exact_driver_genes,1105,923,Compact biological annotation core; exact consensus driver-gene identity,Yes,Yes,No,Yes,No,No,0.6315220851542587,0.7432080614952925,7,"[""signatures_only"",""signatures_plus_v4_compact_biology_only"",""signatures_plus_v4_compact_plus_driver_evidence_tiers"",""signatures_plus_v4_compact_plus_exact_driver_genes"",""signatures_plus_v4_compact_plus_hotspot_summary"",""signatures_plus_v4_full_core"",""signatures_plus_v4_full_core_plus_optional_controls""]",5 outer KFold; inner 60/20 validation split
Main,HRD score,HRD_Score,Signatures + Bio MAF v4,signatures_plus_MAF_stack,Elastic net,linear,Spearman r,3,Signatures + Compact biology + exact driver genes,signatures_plus_v4_compact_plus_exact_driver_genes,v4_compact_plus_exact_driver_genes,1105,923,Compact biological annotation core; exact consensus driver-gene identity,Yes,Yes,No,Yes,No,No,0.6712498899054133,0.7556772689738598,7,"[""signatures_only"",""signatures_plus_v4_compact_biology_only"",""signatures_plus_v4_compact_plus_driver_evidence_tiers"",""signatures_plus_v4_compact_plus_exact_driver_genes"",""signatures_plus_v4_compact_plus_hotspot_summary"",""signatures_plus_v4_full_core"",""signatures_plus_v4_full_core_plus_optional_controls""]",5 outer KFold; inner 60/20 validation split
Main,HRD score,HRD_Score,Signatures + Bio MAF v4,signatures_plus_MAF_stack,Elastic net,linear,Spearman r,4,Signatures + Compact biology + exact driver genes,signatures_plus_v4_compact_plus_exact_driver_genes,v4_compact_plus_exact_driver_genes,1105,923,Compact biological annotation core; exact consensus driver-gene identity,Yes,Yes,No,Yes,No,No,0.7319498452646923,0.719572799688598,7,"[""signatures_only"",""signatures_plus_v4_compact_biology_only"",""signatures_plus_v4_compact_plus_driver_evidence_tiers"",""signatures_plus_v4_compact_plus_exact_driver_genes"",""signatures_plus_v4_compact_plus_hotspot_summary"",""signatures_plus_v4_full_core"",""signatures_plus_v4_full_core_plus_optional_controls""]",5 outer KFold; inner 60/20 validation split
Main,HRD score,HRD_Score,Signatures + Bio MAF v4,signatures_plus_MAF_stack,Elastic net,linear,Spearman r,5,Signatures + Full strict Bio MAF core,signatures_plus_v4_full_core,v4_full_core,1125,943,Compact biological annotation core; external evidence-confidence controls; exact consensus driver-gene identity; cancer hotspot summaries,Yes,Yes,Yes,Yes,Yes,No,0.7440220617927421,0.6565189553405877,7,"[""signatures_only"",""signatures_plus_v4_compact_biology_only"",""signatures_plus_v4_compact_plus_driver_evidence_tiers"",""signatures_plus_v4_compact_plus_exact_driver_genes"",""signatures_plus_v4_compact_plus_hotspot_summary"",""signatures_plus_v4_full_core"",""signatures_plus_v4_full_core_plus_optional_controls""]",5 outer KFold; inner 60/20 validation split
Main,HRD score,HRD_Score,Signatures + Bio MAF v4,signatures_plus_MAF_stack,XGBoost,xgboost,Spearman r,1,Signatures + Full core + optional burden/composition controls,signatures_plus_v4_full_core_plus_optional_controls,v4_full_core_plus_optional_controls,1130,948,Compact biological annotation core; external evidence-confidence controls; exact consensus driver-gene identity; cancer hotspot summaries; optional burden and event-composition controls,Yes,Yes,Yes,Yes,Yes,Yes,0.7887110174699381,0.8034389994696897,7,"[""signatures_only"",""signatures_plus_v4_compact_biology_only"",""signatures_plus_v4_compact_plus_driver_evidence_tiers"",""signatures_plus_v4_compact_plus_exact_driver_genes"",""signatures_plus_v4_compact_plus_hotspot_summary"",""signatures_plus_v4_full_core"",""signatures_plus_v4_full_core_plus_optional_controls""]",5 outer KFold; inner 60/20 validation split
Main,HRD score,HRD_Score,Signatures + Bio MAF v4,signatures_plus_MAF_stack,XGBoost,xgboost,Spearman r,2,Signatures + Full strict Bio MAF core,signatures_plus_v4_full_core,v4_full_core,1125,943,Compact biological annotation core; external evidence-confidence controls; exact consensus driver-gene identity; cancer hotspot summaries,Yes,Yes,Yes,Yes,Yes,No,0.7694171890112167,0.773331861944999,7,"[""signatures_only"",""signatures_plus_v4_compact_biology_only"",""signatures_plus_v4_compact_plus_driver_evidence_tiers"",""signatures_plus_v4_compact_plus_exact_driver_genes"",""signatures_plus_v4_compact_plus_hotspot_summary"",""signatures_plus_v4_full_core"",""signatures_plus_v4_full_core_plus_optional_controls""]",5 outer KFold; inner 60/20 validation split
Main,HRD score,HRD_Score,Signatures + Bio MAF v4,signatures_plus_MAF_stack,XGBoost,xgboost,Spearman r,3,Signatures + Full core + optional burden/composition controls,signatures_plus_v4_full_core_plus_optional_controls,v4_full_core_plus_optional_controls,1130,948,Compact biological annotation core; external evidence-confidence controls; exact consensus driver-gene identity; cancer hotspot summaries; optional burden and event-composition controls,Yes,Yes,Yes,Yes,Yes,Yes,0.7785553623709773,0.776007969006044,7,"[""signatures_only"",""signatures_plus_v4_compact_biology_only"",""signatures_plus_v4_compact_plus_driver_evidence_tiers"",""signatures_plus_v4_compact_plus_exact_driver_genes"",""signatures_plus_v4_compact_plus_hotspot_summary"",""signatures_plus_v4_full_core"",""signatures_plus_v4_full_core_plus_optional_controls""]",5 outer KFold; inner 60/20 validation split
Main,HRD score,HRD_Score,Signatures + Bio MAF v4,signatures_plus_MAF_stack,XGBoost,xgboost,Spearman r,4,Signatures + Full core + optional burden/composition controls,signatures_plus_v4_full_core_plus_optional_controls,v4_full_core_plus_optional_controls,1130,948,Compact biological annotation core; external evidence-confidence controls; exact consensus driver-gene identity; cancer hotspot summaries; optional burden and event-composition controls,Yes,Yes,Yes,Yes,Yes,Yes,0.7880627560944248,0.7850004444059556,7,"[""signatures_only"",""signatures_plus_v4_compact_biology_only"",""signatures_plus_v4_compact_plus_driver_evidence_tiers"",""signatures_plus_v4_compact_plus_exact_driver_genes"",""signatures_plus_v4_compact_plus_hotspot_summary"",""signatures_plus_v4_full_core"",""signatures_plus_v4_full_core_plus_optional_controls""]",5 outer KFold; inner 60/20 validation split
Main,HRD score,HRD_Score,Signatures + Bio MAF v4,signatures_plus_MAF_stack,XGBoost,xgboost,Spearman r,5,Signatures + Full strict Bio MAF core,signatures_plus_v4_full_core,v4_full_core,1125,943,Compact biological annotation core; external evidence-confidence controls; exact consensus driver-gene identity; cancer hotspot summaries,Yes,Yes,Yes,Yes,Yes,No,0.8001525864883826,0.7824767728848192,7,"[""signatures_only"",""signatures_plus_v4_compact_biology_only"",""signatures_plus_v4_compact_plus_driver_evidence_tiers"",""signatures_plus_v4_compact_plus_exact_driver_genes"",""signatures_plus_v4_compact_plus_hotspot_summary"",""signatures_plus_v4_full_core"",""signatures_plus_v4_full_core_plus_optional_controls""]",5 outer KFold; inner 60/20 validation split
Main,HRD24 high/low,hrd_binary_24,Bio MAF v4,MAF_stack_only,Elastic net,linear,AUROC,1,Compact biology + exact driver genes,v4_compact_plus_exact_driver_genes,v4_compact_plus_exact_driver_genes,923,923,Compact biological annotation core; exact consensus driver-gene identity,No,Yes,No,Yes,No,No,0.834842387659289,0.7771629778672032,6,"[""v4_compact_biology_only"",""v4_compact_plus_driver_evidence_tiers"",""v4_compact_plus_exact_driver_genes"",""v4_compact_plus_hotspot_summary"",""v4_full_core"",""v4_full_core_plus_optional_controls""]",5 outer stratified folds; inner 60/20 stratified validation split
Main,HRD24 high/low,hrd_binary_24,Bio MAF v4,MAF_stack_only,Elastic net,linear,AUROC,2,Full core + optional burden/composition controls,v4_full_core_plus_optional_controls,v4_full_core_plus_optional_controls,948,948,Compact biological annotation core; external evidence-confidence controls; exact consensus driver-gene identity; cancer hotspot summaries; optional burden and event-composition controls,No,Yes,Yes,Yes,Yes,Yes,0.824279007377599,0.829644533869886,6,"[""v4_compact_biology_only"",""v4_compact_plus_driver_evidence_tiers"",""v4_compact_plus_exact_driver_genes"",""v4_compact_plus_hotspot_summary"",""v4_full_core"",""v4_full_core_plus_optional_controls""]",5 outer stratified folds; inner 60/20 stratified validation split
Main,HRD24 high/low,hrd_binary_24,Bio MAF v4,MAF_stack_only,Elastic net,linear,AUROC,3,Full core + optional burden/composition controls,v4_full_core_plus_optional_controls,v4_full_core_plus_optional_controls,948,948,Compact biological annotation core; external evidence-confidence controls; exact consensus driver-gene identity; cancer hotspot summaries; optional burden and event-composition controls,No,Yes,Yes,Yes,Yes,Yes,0.8167337357478203,0.8450704225352113,6,"[""v4_compact_biology_only"",""v4_compact_plus_driver_evidence_tiers"",""v4_compact_plus_exact_driver_genes"",""v4_compact_plus_hotspot_summary"",""v4_full_core"",""v4_full_core_plus_optional_controls""]",5 outer stratified folds; inner 60/20 stratified validation split
Main,HRD24 high/low,hrd_binary_24,Bio MAF v4,MAF_stack_only,Elastic net,linear,AUROC,4,Full strict Bio MAF core,v4_full_core,v4_full_core,943,943,Compact biological annotation core; external evidence-confidence controls; exact consensus driver-gene identity; cancer hotspot summaries,No,Yes,Yes,Yes,Yes,No,0.8702213279678068,0.8207482993197279,6,"[""v4_compact_biology_only"",""v4_compact_plus_driver_evidence_tiers"",""v4_compact_plus_exact_driver_genes"",""v4_compact_plus_hotspot_summary"",""v4_full_core"",""v4_full_core_plus_optional_controls""]",5 outer stratified folds; inner 60/20 stratified validation split
Main,HRD24 high/low,hrd_binary_24,Bio MAF v4,MAF_stack_only,Elastic net,linear,AUROC,5,Full strict Bio MAF core,v4_full_core,v4_full_core,943,943,Compact biological annotation core; external evidence-confidence controls; exact consensus driver-gene identity; cancer hotspot summaries,No,Yes,Yes,Yes,Yes,No,0.8799463447350772,0.8722789115646258,6,"[""v4_compact_biology_only"",""v4_compact_plus_driver_evidence_tiers"",""v4_compact_plus_exact_driver_genes"",""v4_compact_plus_hotspot_summary"",""v4_full_core"",""v4_full_core_plus_optional_controls""]",5 outer stratified folds; inner 60/20 stratified validation split
Main,HRD24 high/low,hrd_binary_24,Bio MAF v4,MAF_stack_only,XGBoost,xgboost,AUROC,1,Full core + optional burden/composition controls,v4_full_core_plus_optional_controls,v4_full_core_plus_optional_controls,948,948,Compact biological annotation core; external evidence-confidence controls; exact consensus driver-gene identity; cancer hotspot summaries; optional burden and event-composition controls,No,Yes,Yes,Yes,Yes,Yes,0.9126425217974514,0.8841381623071763,6,"[""v4_compact_biology_only"",""v4_compact_plus_driver_evidence_tiers"",""v4_compact_plus_exact_driver_genes"",""v4_compact_plus_hotspot_summary"",""v4_full_core"",""v4_full_core_plus_optional_controls""]",5 outer stratified folds; inner 60/20 stratified validation split
Main,HRD24 high/low,hrd_binary_24,Bio MAF v4,MAF_stack_only,XGBoost,xgboost,AUROC,2,Full strict Bio MAF core,v4_full_core,v4_full_core,943,943,Compact biological annotation core; external evidence-confidence controls; exact consensus driver-gene identity; cancer hotspot summaries,No,Yes,Yes,Yes,Yes,No,0.9255533199195172,0.7801810865191147,6,"[""v4_compact_biology_only"",""v4_compact_plus_driver_evidence_tiers"",""v4_compact_plus_exact_driver_genes"",""v4_compact_plus_hotspot_summary"",""v4_full_core"",""v4_full_core_plus_optional_controls""]",5 outer stratified folds; inner 60/20 stratified validation split
Main,HRD24 high/low,hrd_binary_24,Bio MAF v4,MAF_stack_only,XGBoost,xgboost,AUROC,3,Full strict Bio MAF core,v4_full_core,v4_full_core,943,943,Compact biological annotation core; external evidence-confidence controls; exact consensus driver-gene identity; cancer hotspot summaries,No,Yes,Yes,Yes,Yes,No,0.869215291750503,0.898863057865264,6,"[""v4_compact_biology_only"",""v4_compact_plus_driver_evidence_tiers"",""v4_compact_plus_exact_driver_genes"",""v4_compact_plus_hotspot_summary"",""v4_full_core"",""v4_full_core_plus_optional_controls""]",5 outer stratified folds; inner 60/20 stratified validation split
Main,HRD24 high/low,hrd_binary_24,Bio MAF v4,MAF_stack_only,XGBoost,xgboost,AUROC,4,Full strict Bio MAF core,v4_full_core,v4_full_core,943,943,Compact biological annotation core; external evidence-confidence controls; exact consensus driver-gene identity; cancer hotspot summaries,No,Yes,Yes,Yes,Yes,No,0.8942823608316566,0.8266156462585035,6,"[""v4_compact_biology_only"",""v4_compact_plus_driver_evidence_tiers"",""v4_compact_plus_exact_driver_genes"",""v4_compact_plus_hotspot_summary"",""v4_full_core"",""v4_full_core_plus_optional_controls""]",5 outer stratified folds; inner 60/20 stratified validation split
Main,HRD24 high/low,hrd_binary_24,Bio MAF v4,MAF_stack_only,XGBoost,xgboost,AUROC,5,Compact biology + exact driver genes,v4_compact_plus_exact_driver_genes,v4_compact_plus_exact_driver_genes,923,923,Compact biological annotation core; exact consensus driver-gene identity,No,Yes,No,Yes,No,No,0.8953722334004024,0.9013605442176872,6,"[""v4_compact_biology_only"",""v4_compact_plus_driver_evidence_tiers"",""v4_compact_plus_exact_driver_genes"",""v4_compact_plus_hotspot_summary"",""v4_full_core"",""v4_full_core_plus_optional_controls""]",5 outer stratified folds; inner 60/20 stratified validation split
Main,HRD24 high/low,hrd_binary_24,Signatures + Bio MAF v4,signatures_plus_MAF_stack,Elastic net,linear,AUROC,1,Signatures + Full core + optional burden/composition controls,signatures_plus_v4_full_core_plus_optional_controls,v4_full_core_plus_optional_controls,1130,948,Compact biological annotation core; external evidence-confidence controls; exact consensus driver-gene identity; cancer hotspot summaries; optional burden and event-composition controls,Yes,Yes,Yes,Yes,Yes,Yes,0.8370221327967807,0.7994634473507712,7,"[""signatures_only"",""signatures_plus_v4_compact_biology_only"",""signatures_plus_v4_compact_plus_driver_evidence_tiers"",""signatures_plus_v4_compact_plus_exact_driver_genes"",""signatures_plus_v4_compact_plus_hotspot_summary"",""signatures_plus_v4_full_core"",""signatures_plus_v4_full_core_plus_optional_controls""]",5 outer stratified folds; inner 60/20 stratified validation split
Main,HRD24 high/low,hrd_binary_24,Signatures + Bio MAF v4,signatures_plus_MAF_stack,Elastic net,linear,AUROC,2,Signatures + Full core + optional burden/composition controls,signatures_plus_v4_full_core_plus_optional_controls,v4_full_core_plus_optional_controls,1130,948,Compact biological annotation core; external evidence-confidence controls; exact consensus driver-gene identity; cancer hotspot summaries; optional burden and event-composition controls,Yes,Yes,Yes,Yes,Yes,Yes,0.8393695506371562,0.8358484238765929,7,"[""signatures_only"",""signatures_plus_v4_compact_biology_only"",""signatures_plus_v4_compact_plus_driver_evidence_tiers"",""signatures_plus_v4_compact_plus_exact_driver_genes"",""signatures_plus_v4_compact_plus_hotspot_summary"",""signatures_plus_v4_full_core"",""signatures_plus_v4_full_core_plus_optional_controls""]",5 outer stratified folds; inner 60/20 stratified validation split
Main,HRD24 high/low,hrd_binary_24,Signatures + Bio MAF v4,signatures_plus_MAF_stack,Elastic net,linear,AUROC,3,Signatures + Full strict Bio MAF core,signatures_plus_v4_full_core,v4_full_core,1125,943,Compact biological annotation core; external evidence-confidence controls; exact consensus driver-gene identity; cancer hotspot summaries,Yes,Yes,Yes,Yes,Yes,No,0.8288061703554661,0.8367554725946037,7,"[""signatures_only"",""signatures_plus_v4_compact_biology_only"",""signatures_plus_v4_compact_plus_driver_evidence_tiers"",""signatures_plus_v4_compact_plus_exact_driver_genes"",""signatures_plus_v4_compact_plus_hotspot_summary"",""signatures_plus_v4_full_core"",""signatures_plus_v4_full_core_plus_optional_controls""]",5 outer stratified folds; inner 60/20 stratified validation split
Main,HRD24 high/low,hrd_binary_24,Signatures + Bio MAF v4,signatures_plus_MAF_stack,Elastic net,linear,AUROC,4,Signatures + Compact biology + exact driver genes,signatures_plus_v4_compact_plus_exact_driver_genes,v4_compact_plus_exact_driver_genes,1105,923,Compact biological annotation core; exact consensus driver-gene identity,Yes,Yes,No,Yes,No,No,0.8953722334004024,0.8613945578231293,7,"[""signatures_only"",""signatures_plus_v4_compact_biology_only"",""signatures_plus_v4_compact_plus_driver_evidence_tiers"",""signatures_plus_v4_compact_plus_exact_driver_genes"",""signatures_plus_v4_compact_plus_hotspot_summary"",""signatures_plus_v4_full_core"",""signatures_plus_v4_full_core_plus_optional_controls""]",5 outer stratified folds; inner 60/20 stratified validation split
Main,HRD24 high/low,hrd_binary_24,Signatures + Bio MAF v4,signatures_plus_MAF_stack,Elastic net,linear,AUROC,5,Signatures + Full core + optional burden/composition controls,signatures_plus_v4_full_core_plus_optional_controls,v4_full_core_plus_optional_controls,1130,948,Compact biological annotation core; external evidence-confidence controls; exact consensus driver-gene identity; cancer hotspot summaries; optional burden and event-composition controls,Yes,Yes,Yes,Yes,Yes,Yes,0.8422199865861837,0.8625850340136054,7,"[""signatures_only"",""signatures_plus_v4_compact_biology_only"",""signatures_plus_v4_compact_plus_driver_evidence_tiers"",""signatures_plus_v4_compact_plus_exact_driver_genes"",""signatures_plus_v4_compact_plus_hotspot_summary"",""signatures_plus_v4_full_core"",""signatures_plus_v4_full_core_plus_optional_controls""]",5 outer stratified folds; inner 60/20 stratified validation split
Main,HRD24 high/low,hrd_binary_24,Signatures + Bio MAF v4,signatures_plus_MAF_stack,XGBoost,xgboost,AUROC,1,Signatures + Full strict Bio MAF core,signatures_plus_v4_full_core,v4_full_core,1125,943,Compact biological annotation core; external evidence-confidence controls; exact consensus driver-gene identity; cancer hotspot summaries,Yes,Yes,Yes,Yes,Yes,No,0.8871562709590878,0.8633467471495639,7,"[""signatures_only"",""signatures_plus_v4_compact_biology_only"",""signatures_plus_v4_compact_plus_driver_evidence_tiers"",""signatures_plus_v4_compact_plus_exact_driver_genes"",""signatures_plus_v4_compact_plus_hotspot_summary"",""signatures_plus_v4_full_core"",""signatures_plus_v4_full_core_plus_optional_controls""]",5 outer stratified folds; inner 60/20 stratified validation split
Main,HRD24 high/low,hrd_binary_24,Signatures + Bio MAF v4,signatures_plus_MAF_stack,XGBoost,xgboost,AUROC,2,Signatures + Compact biology + exact driver genes,signatures_plus_v4_compact_plus_exact_driver_genes,v4_compact_plus_exact_driver_genes,1105,923,Compact biological annotation core; exact consensus driver-gene identity,Yes,Yes,No,Yes,No,No,0.8905097250167673,0.8900067069081153,7,"[""signatures_only"",""signatures_plus_v4_compact_biology_only"",""signatures_plus_v4_compact_plus_driver_evidence_tiers"",""signatures_plus_v4_compact_plus_exact_driver_genes"",""signatures_plus_v4_compact_plus_hotspot_summary"",""signatures_plus_v4_full_core"",""signatures_plus_v4_full_core_plus_optional_controls""]",5 outer stratified folds; inner 60/20 stratified validation split
Main,HRD24 high/low,hrd_binary_24,Signatures + Bio MAF v4,signatures_plus_MAF_stack,XGBoost,xgboost,AUROC,3,Signatures + Compact biology only,signatures_plus_v4_compact_biology_only,v4_compact_biology_only,303,121,Compact biological annotation core,Yes,Yes,No,No,No,No,0.8641851106639838,0.7860173086713049,7,"[""signatures_only"",""signatures_plus_v4_compact_biology_only"",""signatures_plus_v4_compact_plus_driver_evidence_tiers"",""signatures_plus_v4_compact_plus_exact_driver_genes"",""signatures_plus_v4_compact_plus_hotspot_summary"",""signatures_plus_v4_full_core"",""signatures_plus_v4_full_core_plus_optional_controls""]",5 outer stratified folds; inner 60/20 stratified validation split
Main,HRD24 high/low,hrd_binary_24,Signatures + Bio MAF v4,signatures_plus_MAF_stack,XGBoost,xgboost,AUROC,4,Signatures + Full strict Bio MAF core,signatures_plus_v4_full_core,v4_full_core,1125,943,Compact biological annotation core; external evidence-confidence controls; exact consensus driver-gene identity; cancer hotspot summaries,Yes,Yes,Yes,Yes,Yes,No,0.8735747820254862,0.8795918367346939,7,"[""signatures_only"",""signatures_plus_v4_compact_biology_only"",""signatures_plus_v4_compact_plus_driver_evidence_tiers"",""signatures_plus_v4_compact_plus_exact_driver_genes"",""signatures_plus_v4_compact_plus_hotspot_summary"",""signatures_plus_v4_full_core"",""signatures_plus_v4_full_core_plus_optional_controls""]",5 outer stratified folds; inner 60/20 stratified validation split
Main,HRD24 high/low,hrd_binary_24,Signatures + Bio MAF v4,signatures_plus_MAF_stack,XGBoost,xgboost,AUROC,5,Signatures + Compact biology + exact driver genes,signatures_plus_v4_compact_plus_exact_driver_genes,v4_compact_plus_exact_driver_genes,1105,923,Compact biological annotation core; exact consensus driver-gene identity,Yes,Yes,No,Yes,No,No,0.8992287055667336,0.8724489795918368,7,"[""signatures_only"",""signatures_plus_v4_compact_biology_only"",""signatures_plus_v4_compact_plus_driver_evidence_tiers"",""signatures_plus_v4_compact_plus_exact_driver_genes"",""signatures_plus_v4_compact_plus_hotspot_summary"",""signatures_plus_v4_full_core"",""signatures_plus_v4_full_core_plus_optional_controls""]",5 outer stratified folds; inner 60/20 stratified validation split
Main,HRD33 high/low,hrd_binary_33,Bio MAF v4,MAF_stack_only,Elastic net,linear,AUROC,1,Compact biology + exact driver genes,v4_compact_plus_exact_driver_genes,v4_compact_plus_exact_driver_genes,923,923,Compact biological annotation core; exact consensus driver-gene identity,No,Yes,No,Yes,No,No,0.8421985815602837,0.8486997635933806,6,"[""v4_compact_biology_only"",""v4_compact_plus_driver_evidence_tiers"",""v4_compact_plus_exact_driver_genes"",""v4_compact_plus_hotspot_summary"",""v4_full_core"",""v4_full_core_plus_optional_controls""]",5 outer stratified folds; inner 60/20 stratified validation split
Main,HRD33 high/low,hrd_binary_33,Bio MAF v4,MAF_stack_only,Elastic net,linear,AUROC,2,Compact biology + hotspot summaries,v4_compact_plus_hotspot_summary,v4_compact_plus_hotspot_summary,125,125,Compact biological annotation core; cancer hotspot summaries,No,Yes,No,No,Yes,No,0.8341213553979511,0.8144208037825059,6,"[""v4_compact_biology_only"",""v4_compact_plus_driver_evidence_tiers"",""v4_compact_plus_exact_driver_genes"",""v4_compact_plus_hotspot_summary"",""v4_full_core"",""v4_full_core_plus_optional_controls""]",5 outer stratified folds; inner 60/20 stratified validation split
Main,HRD33 high/low,hrd_binary_33,Bio MAF v4,MAF_stack_only,Elastic net,linear,AUROC,3,Compact biology + exact driver genes,v4_compact_plus_exact_driver_genes,v4_compact_plus_exact_driver_genes,923,923,Compact biological annotation core; exact consensus driver-gene identity,No,Yes,No,Yes,No,No,0.8727344365642238,0.8333333333333334,6,"[""v4_compact_biology_only"",""v4_compact_plus_driver_evidence_tiers"",""v4_compact_plus_exact_driver_genes"",""v4_compact_plus_hotspot_summary"",""v4_full_core"",""v4_full_core_plus_optional_controls""]",5 outer stratified folds; inner 60/20 stratified validation split
Main,HRD33 high/low,hrd_binary_33,Bio MAF v4,MAF_stack_only,Elastic net,linear,AUROC,4,Full core + optional burden/composition controls,v4_full_core_plus_optional_controls,v4_full_core_plus_optional_controls,948,948,Compact biological annotation core; external evidence-confidence controls; exact consensus driver-gene identity; cancer hotspot summaries; optional burden and event-composition controls,No,Yes,Yes,Yes,Yes,Yes,0.8534278959810875,0.8852654603300855,6,"[""v4_compact_biology_only"",""v4_compact_plus_driver_evidence_tiers"",""v4_compact_plus_exact_driver_genes"",""v4_compact_plus_hotspot_summary"",""v4_full_core"",""v4_full_core_plus_optional_controls""]",5 outer stratified folds; inner 60/20 stratified validation split
Main,HRD33 high/low,hrd_binary_33,Bio MAF v4,MAF_stack_only,Elastic net,linear,AUROC,5,Compact biology + exact driver genes,v4_compact_plus_exact_driver_genes,v4_compact_plus_exact_driver_genes,923,923,Compact biological annotation core; exact consensus driver-gene identity,No,Yes,No,Yes,No,No,0.8881008668242711,0.8637900178962021,6,"[""v4_compact_biology_only"",""v4_compact_plus_driver_evidence_tiers"",""v4_compact_plus_exact_driver_genes"",""v4_compact_plus_hotspot_summary"",""v4_full_core"",""v4_full_core_plus_optional_controls""]",5 outer stratified folds; inner 60/20 stratified validation split
Main,HRD33 high/low,hrd_binary_33,Bio MAF v4,MAF_stack_only,XGBoost,xgboost,AUROC,1,Full strict Bio MAF core,v4_full_core,v4_full_core,943,943,Compact biological annotation core; external evidence-confidence controls; exact consensus driver-gene identity; cancer hotspot summaries,No,Yes,Yes,Yes,Yes,No,0.9025807722616234,0.8583530338849487,6,"[""v4_compact_biology_only"",""v4_compact_plus_driver_evidence_tiers"",""v4_compact_plus_exact_driver_genes"",""v4_compact_plus_hotspot_summary"",""v4_full_core"",""v4_full_core_plus_optional_controls""]",5 outer stratified folds; inner 60/20 stratified validation split
Main,HRD33 high/low,hrd_binary_33,Bio MAF v4,MAF_stack_only,XGBoost,xgboost,AUROC,2,Full core + optional burden/composition controls,v4_full_core_plus_optional_controls,v4_full_core_plus_optional_controls,948,948,Compact biological annotation core; external evidence-confidence controls; exact consensus driver-gene identity; cancer hotspot summaries; optional burden and event-composition controls,No,Yes,Yes,Yes,Yes,Yes,0.9039598108747045,0.9139085894405043,6,"[""v4_compact_biology_only"",""v4_compact_plus_driver_evidence_tiers"",""v4_compact_plus_exact_driver_genes"",""v4_compact_plus_hotspot_summary"",""v4_full_core"",""v4_full_core_plus_optional_controls""]",5 outer stratified folds; inner 60/20 stratified validation split
Main,HRD33 high/low,hrd_binary_33,Bio MAF v4,MAF_stack_only,XGBoost,xgboost,AUROC,3,Full core + optional burden/composition controls,v4_full_core_plus_optional_controls,v4_full_core_plus_optional_controls,948,948,Compact biological annotation core; external evidence-confidence controls; exact consensus driver-gene identity; cancer hotspot summaries; optional burden and event-composition controls,No,Yes,Yes,Yes,Yes,Yes,0.9013002364066194,0.8514492753623188,6,"[""v4_compact_biology_only"",""v4_compact_plus_driver_evidence_tiers"",""v4_compact_plus_exact_driver_genes"",""v4_compact_plus_hotspot_summary"",""v4_full_core"",""v4_full_core_plus_optional_controls""]",5 outer stratified folds; inner 60/20 stratified validation split
Main,HRD33 high/low,hrd_binary_33,Bio MAF v4,MAF_stack_only,XGBoost,xgboost,AUROC,4,Full core + optional burden/composition controls,v4_full_core_plus_optional_controls,v4_full_core_plus_optional_controls,948,948,Compact biological annotation core; external evidence-confidence controls; exact consensus driver-gene identity; cancer hotspot summaries; optional burden and event-composition controls,No,Yes,Yes,Yes,Yes,Yes,0.8815996847911742,0.8858620003976934,6,"[""v4_compact_biology_only"",""v4_compact_plus_driver_evidence_tiers"",""v4_compact_plus_exact_driver_genes"",""v4_compact_plus_hotspot_summary"",""v4_full_core"",""v4_full_core_plus_optional_controls""]",5 outer stratified folds; inner 60/20 stratified validation split
Main,HRD33 high/low,hrd_binary_33,Bio MAF v4,MAF_stack_only,XGBoost,xgboost,AUROC,5,Full strict Bio MAF core,v4_full_core,v4_full_core,943,943,Compact biological annotation core; external evidence-confidence controls; exact consensus driver-gene identity; cancer hotspot summaries,No,Yes,Yes,Yes,Yes,No,0.898936170212766,0.9031616623583216,6,"[""v4_compact_biology_only"",""v4_compact_plus_driver_evidence_tiers"",""v4_compact_plus_exact_driver_genes"",""v4_compact_plus_hotspot_summary"",""v4_full_core"",""v4_full_core_plus_optional_controls""]",5 outer stratified folds; inner 60/20 stratified validation split
Main,HRD33 high/low,hrd_binary_33,Signatures + Bio MAF v4,signatures_plus_MAF_stack,Elastic net,linear,AUROC,1,Signatures + Full core + optional burden/composition controls,signatures_plus_v4_full_core_plus_optional_controls,v4_full_core_plus_optional_controls,1130,948,Compact biological annotation core; external evidence-confidence controls; exact consensus driver-gene identity; cancer hotspot summaries; optional burden and event-composition controls,Yes,Yes,Yes,Yes,Yes,Yes,0.8364854215918045,0.8418045705279747,7,"[""signatures_only"",""signatures_plus_v4_compact_biology_only"",""signatures_plus_v4_compact_plus_driver_evidence_tiers"",""signatures_plus_v4_compact_plus_exact_driver_genes"",""signatures_plus_v4_compact_plus_hotspot_summary"",""signatures_plus_v4_full_core"",""signatures_plus_v4_full_core_plus_optional_controls""]",5 outer stratified folds; inner 60/20 stratified validation split
Main,HRD33 high/low,hrd_binary_33,Signatures + Bio MAF v4,signatures_plus_MAF_stack,Elastic net,linear,AUROC,2,Signatures + Full core + optional burden/composition controls,signatures_plus_v4_full_core_plus_optional_controls,v4_full_core_plus_optional_controls,1130,948,Compact biological annotation core; external evidence-confidence controls; exact consensus driver-gene identity; cancer hotspot summaries; optional burden and event-composition controls,Yes,Yes,Yes,Yes,Yes,Yes,0.7884160756501182,0.8804176516942476,7,"[""signatures_only"",""signatures_plus_v4_compact_biology_only"",""signatures_plus_v4_compact_plus_driver_evidence_tiers"",""signatures_plus_v4_compact_plus_exact_driver_genes"",""signatures_plus_v4_compact_plus_hotspot_summary"",""signatures_plus_v4_full_core"",""signatures_plus_v4_full_core_plus_optional_controls""]",5 outer stratified folds; inner 60/20 stratified validation split
Main,HRD33 high/low,hrd_binary_33,Signatures + Bio MAF v4,signatures_plus_MAF_stack,Elastic net,linear,AUROC,3,Signatures + Compact biology + evidence-confidence controls,signatures_plus_v4_compact_plus_driver_evidence_tiers,v4_compact_plus_driver_evidence_tiers,319,137,Compact biological annotation core; external evidence-confidence controls,Yes,Yes,Yes,No,No,No,0.8865248226950354,0.8113929146537843,7,"[""signatures_only"",""signatures_plus_v4_compact_biology_only"",""signatures_plus_v4_compact_plus_driver_evidence_tiers"",""signatures_plus_v4_compact_plus_exact_driver_genes"",""signatures_plus_v4_compact_plus_hotspot_summary"",""signatures_plus_v4_full_core"",""signatures_plus_v4_full_core_plus_optional_controls""]",5 outer stratified folds; inner 60/20 stratified validation split
Main,HRD33 high/low,hrd_binary_33,Signatures + Bio MAF v4,signatures_plus_MAF_stack,Elastic net,linear,AUROC,4,Signatures + Compact biology + evidence-confidence controls,signatures_plus_v4_compact_plus_driver_evidence_tiers,v4_compact_plus_driver_evidence_tiers,319,137,Compact biological annotation core; external evidence-confidence controls,Yes,Yes,Yes,No,No,No,0.94070133963751,0.8590176973553391,7,"[""signatures_only"",""signatures_plus_v4_compact_biology_only"",""signatures_plus_v4_compact_plus_driver_evidence_tiers"",""signatures_plus_v4_compact_plus_exact_driver_genes"",""signatures_plus_v4_compact_plus_hotspot_summary"",""signatures_plus_v4_full_core"",""signatures_plus_v4_full_core_plus_optional_controls""]",5 outer stratified folds; inner 60/20 stratified validation split
Main,HRD33 high/low,hrd_binary_33,Signatures + Bio MAF v4,signatures_plus_MAF_stack,Elastic net,linear,AUROC,5,Signatures + Full strict Bio MAF core,signatures_plus_v4_full_core,v4_full_core,1125,943,Compact biological annotation core; external evidence-confidence controls; exact consensus driver-gene identity; cancer hotspot summaries,Yes,Yes,Yes,Yes,Yes,No,0.894602048857368,0.8997812686418771,7,"[""signatures_only"",""signatures_plus_v4_compact_biology_only"",""signatures_plus_v4_compact_plus_driver_evidence_tiers"",""signatures_plus_v4_compact_plus_exact_driver_genes"",""signatures_plus_v4_compact_plus_hotspot_summary"",""signatures_plus_v4_full_core"",""signatures_plus_v4_full_core_plus_optional_controls""]",5 outer stratified folds; inner 60/20 stratified validation split
Main,HRD33 high/low,hrd_binary_33,Signatures + Bio MAF v4,signatures_plus_MAF_stack,XGBoost,xgboost,AUROC,1,Signatures + Full core + optional burden/composition controls,signatures_plus_v4_full_core_plus_optional_controls,v4_full_core_plus_optional_controls,1130,948,Compact biological annotation core; external evidence-confidence controls; exact consensus driver-gene identity; cancer hotspot summaries; optional burden and event-composition controls,Yes,Yes,Yes,Yes,Yes,Yes,0.9351851851851852,0.9210007880220646,7,"[""signatures_only"",""signatures_plus_v4_compact_biology_only"",""signatures_plus_v4_compact_plus_driver_evidence_tiers"",""signatures_plus_v4_compact_plus_exact_driver_genes"",""signatures_plus_v4_compact_plus_hotspot_summary"",""signatures_plus_v4_full_core"",""signatures_plus_v4_full_core_plus_optional_controls""]",5 outer stratified folds; inner 60/20 stratified validation split
Main,HRD33 high/low,hrd_binary_33,Signatures + Bio MAF v4,signatures_plus_MAF_stack,XGBoost,xgboost,AUROC,2,Signatures + Full strict Bio MAF core,signatures_plus_v4_full_core,v4_full_core,1125,943,Compact biological annotation core; external evidence-confidence controls; exact consensus driver-gene identity; cancer hotspot summaries,Yes,Yes,Yes,Yes,Yes,No,0.936859732072498,0.8602245862884161,7,"[""signatures_only"",""signatures_plus_v4_compact_biology_only"",""signatures_plus_v4_compact_plus_driver_evidence_tiers"",""signatures_plus_v4_compact_plus_exact_driver_genes"",""signatures_plus_v4_compact_plus_hotspot_summary"",""signatures_plus_v4_full_core"",""signatures_plus_v4_full_core_plus_optional_controls""]",5 outer stratified folds; inner 60/20 stratified validation split
Main,HRD33 high/low,hrd_binary_33,Signatures + Bio MAF v4,signatures_plus_MAF_stack,XGBoost,xgboost,AUROC,3,Signatures + Compact biology + exact driver genes,signatures_plus_v4_compact_plus_exact_driver_genes,v4_compact_plus_exact_driver_genes,1105,923,Compact biological annotation core; exact consensus driver-gene identity,Yes,Yes,No,Yes,No,No,0.9432624113475178,0.875402576489533,7,"[""signatures_only"",""signatures_plus_v4_compact_biology_only"",""signatures_plus_v4_compact_plus_driver_evidence_tiers"",""signatures_plus_v4_compact_plus_exact_driver_genes"",""signatures_plus_v4_compact_plus_hotspot_summary"",""signatures_plus_v4_full_core"",""signatures_plus_v4_full_core_plus_optional_controls""]",5 outer stratified folds; inner 60/20 stratified validation split
Main,HRD33 high/low,hrd_binary_33,Signatures + Bio MAF v4,signatures_plus_MAF_stack,XGBoost,xgboost,AUROC,4,Signatures only; no Bio MAF block,signatures_only,,182,0,None,Yes,No,No,No,No,No,0.9017927501970056,0.8104991051898985,7,"[""signatures_only"",""signatures_plus_v4_compact_biology_only"",""signatures_plus_v4_compact_plus_driver_evidence_tiers"",""signatures_plus_v4_compact_plus_exact_driver_genes"",""signatures_plus_v4_compact_plus_hotspot_summary"",""signatures_plus_v4_full_core"",""signatures_plus_v4_full_core_plus_optional_controls""]",5 outer stratified folds; inner 60/20 stratified validation split
Main,HRD33 high/low,hrd_binary_33,Signatures + Bio MAF v4,signatures_plus_MAF_stack,XGBoost,xgboost,AUROC,5,Signatures + Full strict Bio MAF core,signatures_plus_v4_full_core,v4_full_core,1125,943,Compact biological annotation core; external evidence-confidence controls; exact consensus driver-gene identity; cancer hotspot summaries,Yes,Yes,Yes,Yes,Yes,No,0.9531126871552404,0.9174786239809108,7,"[""signatures_only"",""signatures_plus_v4_compact_biology_only"",""signatures_plus_v4_compact_plus_driver_evidence_tiers"",""signatures_plus_v4_compact_plus_exact_driver_genes"",""signatures_plus_v4_compact_plus_hotspot_summary"",""signatures_plus_v4_full_core"",""signatures_plus_v4_full_core_plus_optional_controls""]",5 outer stratified folds; inner 60/20 stratified validation split
Main,HRD42 high/low,hrd_binary_42,Bio MAF v4,MAF_stack_only,Elastic net,linear,AUROC,1,Compact biology + hotspot summaries,v4_compact_plus_hotspot_summary,v4_compact_plus_hotspot_summary,125,125,Compact biological annotation core; cancer hotspot summaries,No,Yes,No,No,Yes,No,0.9002666666666667,0.8191999999999999,6,"[""v4_compact_biology_only"",""v4_compact_plus_driver_evidence_tiers"",""v4_compact_plus_exact_driver_genes"",""v4_compact_plus_hotspot_summary"",""v4_full_core"",""v4_full_core_plus_optional_controls""]",5 outer stratified folds; inner 60/20 stratified validation split
Main,HRD42 high/low,hrd_binary_42,Bio MAF v4,MAF_stack_only,Elastic net,linear,AUROC,2,Compact biology + evidence-confidence controls,v4_compact_plus_driver_evidence_tiers,v4_compact_plus_driver_evidence_tiers,137,137,Compact biological annotation core; external evidence-confidence controls,No,Yes,Yes,No,No,No,0.8445333333333334,0.8797333333333334,6,"[""v4_compact_biology_only"",""v4_compact_plus_driver_evidence_tiers"",""v4_compact_plus_exact_driver_genes"",""v4_compact_plus_hotspot_summary"",""v4_full_core"",""v4_full_core_plus_optional_controls""]",5 outer stratified folds; inner 60/20 stratified validation split
Main,HRD42 high/low,hrd_binary_42,Bio MAF v4,MAF_stack_only,Elastic net,linear,AUROC,3,Compact biology + hotspot summaries,v4_compact_plus_hotspot_summary,v4_compact_plus_hotspot_summary,125,125,Compact biological annotation core; cancer hotspot summaries,No,Yes,No,No,Yes,No,0.9125333333333332,0.8865591397849463,6,"[""v4_compact_biology_only"",""v4_compact_plus_driver_evidence_tiers"",""v4_compact_plus_exact_driver_genes"",""v4_compact_plus_hotspot_summary"",""v4_full_core"",""v4_full_core_plus_optional_controls""]",5 outer stratified folds; inner 60/20 stratified validation split
Main,HRD42 high/low,hrd_binary_42,Bio MAF v4,MAF_stack_only,Elastic net,linear,AUROC,4,Compact biology only,v4_compact_biology_only,v4_compact_biology_only,121,121,Compact biological annotation core,No,Yes,No,No,No,No,0.8872,0.7999999999999999,6,"[""v4_compact_biology_only"",""v4_compact_plus_driver_evidence_tiers"",""v4_compact_plus_exact_driver_genes"",""v4_compact_plus_hotspot_summary"",""v4_full_core"",""v4_full_core_plus_optional_controls""]",5 outer stratified folds; inner 60/20 stratified validation split
Main,HRD42 high/low,hrd_binary_42,Bio MAF v4,MAF_stack_only,Elastic net,linear,AUROC,5,Compact biology + exact driver genes,v4_compact_plus_exact_driver_genes,v4_compact_plus_exact_driver_genes,923,923,Compact biological annotation core; exact consensus driver-gene identity,No,Yes,No,Yes,No,No,0.8824,0.8908602150537634,6,"[""v4_compact_biology_only"",""v4_compact_plus_driver_evidence_tiers"",""v4_compact_plus_exact_driver_genes"",""v4_compact_plus_hotspot_summary"",""v4_full_core"",""v4_full_core_plus_optional_controls""]",5 outer stratified folds; inner 60/20 stratified validation split
Main,HRD42 high/low,hrd_binary_42,Bio MAF v4,MAF_stack_only,XGBoost,xgboost,AUROC,1,Compact biology only,v4_compact_biology_only,v4_compact_biology_only,121,121,Compact biological annotation core,No,Yes,No,No,No,No,0.8837333333333334,0.8712,6,"[""v4_compact_biology_only"",""v4_compact_plus_driver_evidence_tiers"",""v4_compact_plus_exact_driver_genes"",""v4_compact_plus_hotspot_summary"",""v4_full_core"",""v4_full_core_plus_optional_controls""]",5 outer stratified folds; inner 60/20 stratified validation split
Main,HRD42 high/low,hrd_binary_42,Bio MAF v4,MAF_stack_only,XGBoost,xgboost,AUROC,2,Full strict Bio MAF core,v4_full_core,v4_full_core,943,943,Compact biological annotation core; external evidence-confidence controls; exact consensus driver-gene identity; cancer hotspot summaries,No,Yes,Yes,Yes,Yes,No,0.9132,0.8693333333333334,6,"[""v4_compact_biology_only"",""v4_compact_plus_driver_evidence_tiers"",""v4_compact_plus_exact_driver_genes"",""v4_compact_plus_hotspot_summary"",""v4_full_core"",""v4_full_core_plus_optional_controls""]",5 outer stratified folds; inner 60/20 stratified validation split
Main,HRD42 high/low,hrd_binary_42,Bio MAF v4,MAF_stack_only,XGBoost,xgboost,AUROC,3,Full strict Bio MAF core,v4_full_core,v4_full_core,943,943,Compact biological annotation core; external evidence-confidence controls; exact consensus driver-gene identity; cancer hotspot summaries,No,Yes,Yes,Yes,Yes,No,0.8848,0.8712365591397849,6,"[""v4_compact_biology_only"",""v4_compact_plus_driver_evidence_tiers"",""v4_compact_plus_exact_driver_genes"",""v4_compact_plus_hotspot_summary"",""v4_full_core"",""v4_full_core_plus_optional_controls""]",5 outer stratified folds; inner 60/20 stratified validation split
Main,HRD42 high/low,hrd_binary_42,Bio MAF v4,MAF_stack_only,XGBoost,xgboost,AUROC,4,Full core + optional burden/composition controls,v4_full_core_plus_optional_controls,v4_full_core_plus_optional_controls,948,948,Compact biological annotation core; external evidence-confidence controls; exact consensus driver-gene identity; cancer hotspot summaries; optional burden and event-composition controls,No,Yes,Yes,Yes,Yes,Yes,0.8839999999999999,0.910752688172043,6,"[""v4_compact_biology_only"",""v4_compact_plus_driver_evidence_tiers"",""v4_compact_plus_exact_driver_genes"",""v4_compact_plus_hotspot_summary"",""v4_full_core"",""v4_full_core_plus_optional_controls""]",5 outer stratified folds; inner 60/20 stratified validation split
Main,HRD42 high/low,hrd_binary_42,Bio MAF v4,MAF_stack_only,XGBoost,xgboost,AUROC,5,Full core + optional burden/composition controls,v4_full_core_plus_optional_controls,v4_full_core_plus_optional_controls,948,948,Compact biological annotation core; external evidence-confidence controls; exact consensus driver-gene identity; cancer hotspot summaries; optional burden and event-composition controls,No,Yes,Yes,Yes,Yes,Yes,0.8730666666666667,0.8518817204301076,6,"[""v4_compact_biology_only"",""v4_compact_plus_driver_evidence_tiers"",""v4_compact_plus_exact_driver_genes"",""v4_compact_plus_hotspot_summary"",""v4_full_core"",""v4_full_core_plus_optional_controls""]",5 outer stratified folds; inner 60/20 stratified validation split
Main,HRD42 high/low,hrd_binary_42,Signatures + Bio MAF v4,signatures_plus_MAF_stack,Elastic net,linear,AUROC,1,Signatures + Compact biology + hotspot summaries,signatures_plus_v4_compact_plus_hotspot_summary,v4_compact_plus_hotspot_summary,307,125,Compact biological annotation core; cancer hotspot summaries,Yes,Yes,No,No,Yes,No,0.9117333333333332,0.8853333333333333,7,"[""signatures_only"",""signatures_plus_v4_compact_biology_only"",""signatures_plus_v4_compact_plus_driver_evidence_tiers"",""signatures_plus_v4_compact_plus_exact_driver_genes"",""signatures_plus_v4_compact_plus_hotspot_summary"",""signatures_plus_v4_full_core"",""signatures_plus_v4_full_core_plus_optional_controls""]",5 outer stratified folds; inner 60/20 stratified validation split
Main,HRD42 high/low,hrd_binary_42,Signatures + Bio MAF v4,signatures_plus_MAF_stack,Elastic net,linear,AUROC,2,Signatures + Compact biology + hotspot summaries,signatures_plus_v4_compact_plus_hotspot_summary,v4_compact_plus_hotspot_summary,307,125,Compact biological annotation core; cancer hotspot summaries,Yes,Yes,No,No,Yes,No,0.9232,0.8933333333333333,7,"[""signatures_only"",""signatures_plus_v4_compact_biology_only"",""signatures_plus_v4_compact_plus_driver_evidence_tiers"",""signatures_plus_v4_compact_plus_exact_driver_genes"",""signatures_plus_v4_compact_plus_hotspot_summary"",""signatures_plus_v4_full_core"",""signatures_plus_v4_full_core_plus_optional_controls""]",5 outer stratified folds; inner 60/20 stratified validation split
Main,HRD42 high/low,hrd_binary_42,Signatures + Bio MAF v4,signatures_plus_MAF_stack,Elastic net,linear,AUROC,3,Signatures + Compact biology + hotspot summaries,signatures_plus_v4_compact_plus_hotspot_summary,v4_compact_plus_hotspot_summary,307,125,Compact biological annotation core; cancer hotspot summaries,Yes,Yes,No,No,Yes,No,0.8712,0.9314516129032258,7,"[""signatures_only"",""signatures_plus_v4_compact_biology_only"",""signatures_plus_v4_compact_plus_driver_evidence_tiers"",""signatures_plus_v4_compact_plus_exact_driver_genes"",""signatures_plus_v4_compact_plus_hotspot_summary"",""signatures_plus_v4_full_core"",""signatures_plus_v4_full_core_plus_optional_controls""]",5 outer stratified folds; inner 60/20 stratified validation split
Main,HRD42 high/low,hrd_binary_42,Signatures + Bio MAF v4,signatures_plus_MAF_stack,Elastic net,linear,AUROC,4,Signatures + Full core + optional burden/composition controls,signatures_plus_v4_full_core_plus_optional_controls,v4_full_core_plus_optional_controls,1130,948,Compact biological annotation core; external evidence-confidence controls; exact consensus driver-gene identity; cancer hotspot summaries; optional burden and event-composition controls,Yes,Yes,Yes,Yes,Yes,Yes,0.9042666666666668,0.8970430107526881,7,"[""signatures_only"",""signatures_plus_v4_compact_biology_only"",""signatures_plus_v4_compact_plus_driver_evidence_tiers"",""signatures_plus_v4_compact_plus_exact_driver_genes"",""signatures_plus_v4_compact_plus_hotspot_summary"",""signatures_plus_v4_full_core"",""signatures_plus_v4_full_core_plus_optional_controls""]",5 outer stratified folds; inner 60/20 stratified validation split
Main,HRD42 high/low,hrd_binary_42,Signatures + Bio MAF v4,signatures_plus_MAF_stack,Elastic net,linear,AUROC,5,Signatures + Compact biology + hotspot summaries,signatures_plus_v4_compact_plus_hotspot_summary,v4_compact_plus_hotspot_summary,307,125,Compact biological annotation core; cancer hotspot summaries,Yes,Yes,No,No,Yes,No,0.8536,0.9405913978494624,7,"[""signatures_only"",""signatures_plus_v4_compact_biology_only"",""signatures_plus_v4_compact_plus_driver_evidence_tiers"",""signatures_plus_v4_compact_plus_exact_driver_genes"",""signatures_plus_v4_compact_plus_hotspot_summary"",""signatures_plus_v4_full_core"",""signatures_plus_v4_full_core_plus_optional_controls""]",5 outer stratified folds; inner 60/20 stratified validation split
Main,HRD42 high/low,hrd_binary_42,Signatures + Bio MAF v4,signatures_plus_MAF_stack,XGBoost,xgboost,AUROC,1,Signatures + Full core + optional burden/composition controls,signatures_plus_v4_full_core_plus_optional_controls,v4_full_core_plus_optional_controls,1130,948,Compact biological annotation core; external evidence-confidence controls; exact consensus driver-gene identity; cancer hotspot summaries; optional burden and event-composition controls,Yes,Yes,Yes,Yes,Yes,Yes,0.9408,0.9272,7,"[""signatures_only"",""signatures_plus_v4_compact_biology_only"",""signatures_plus_v4_compact_plus_driver_evidence_tiers"",""signatures_plus_v4_compact_plus_exact_driver_genes"",""signatures_plus_v4_compact_plus_hotspot_summary"",""signatures_plus_v4_full_core"",""signatures_plus_v4_full_core_plus_optional_controls""]",5 outer stratified folds; inner 60/20 stratified validation split
Main,HRD42 high/low,hrd_binary_42,Signatures + Bio MAF v4,signatures_plus_MAF_stack,XGBoost,xgboost,AUROC,2,Signatures + Full strict Bio MAF core,signatures_plus_v4_full_core,v4_full_core,1125,943,Compact biological annotation core; external evidence-confidence controls; exact consensus driver-gene identity; cancer hotspot summaries,Yes,Yes,Yes,Yes,Yes,No,0.9346666666666666,0.952,7,"[""signatures_only"",""signatures_plus_v4_compact_biology_only"",""signatures_plus_v4_compact_plus_driver_evidence_tiers"",""signatures_plus_v4_compact_plus_exact_driver_genes"",""signatures_plus_v4_compact_plus_hotspot_summary"",""signatures_plus_v4_full_core"",""signatures_plus_v4_full_core_plus_optional_controls""]",5 outer stratified folds; inner 60/20 stratified validation split
Main,HRD42 high/low,hrd_binary_42,Signatures + Bio MAF v4,signatures_plus_MAF_stack,XGBoost,xgboost,AUROC,3,Signatures + Compact biology only,signatures_plus_v4_compact_biology_only,v4_compact_biology_only,303,121,Compact biological annotation core,Yes,Yes,No,No,No,No,0.9189333333333332,0.9233870967741936,7,"[""signatures_only"",""signatures_plus_v4_compact_biology_only"",""signatures_plus_v4_compact_plus_driver_evidence_tiers"",""signatures_plus_v4_compact_plus_exact_driver_genes"",""signatures_plus_v4_compact_plus_hotspot_summary"",""signatures_plus_v4_full_core"",""signatures_plus_v4_full_core_plus_optional_controls""]",5 outer stratified folds; inner 60/20 stratified validation split
Main,HRD42 high/low,hrd_binary_42,Signatures + Bio MAF v4,signatures_plus_MAF_stack,XGBoost,xgboost,AUROC,4,Signatures + Compact biology + exact driver genes,signatures_plus_v4_compact_plus_exact_driver_genes,v4_compact_plus_exact_driver_genes,1105,923,Compact biological annotation core; exact consensus driver-gene identity,Yes,Yes,No,Yes,No,No,0.9224,0.943010752688172,7,"[""signatures_only"",""signatures_plus_v4_compact_biology_only"",""signatures_plus_v4_compact_plus_driver_evidence_tiers"",""signatures_plus_v4_compact_plus_exact_driver_genes"",""signatures_plus_v4_compact_plus_hotspot_summary"",""signatures_plus_v4_full_core"",""signatures_plus_v4_full_core_plus_optional_controls""]",5 outer stratified folds; inner 60/20 stratified validation split
Main,HRD42 high/low,hrd_binary_42,Signatures + Bio MAF v4,signatures_plus_MAF_stack,XGBoost,xgboost,AUROC,5,Signatures only; no Bio MAF block,signatures_only,,182,0,None,Yes,No,No,No,No,No,0.9584,0.8077956989247312,7,"[""signatures_only"",""signatures_plus_v4_compact_biology_only"",""signatures_plus_v4_compact_plus_driver_evidence_tiers"",""signatures_plus_v4_compact_plus_exact_driver_genes"",""signatures_plus_v4_compact_plus_hotspot_summary"",""signatures_plus_v4_full_core"",""signatures_plus_v4_full_core_plus_optional_controls""]",5 outer stratified folds; inner 60/20 stratified validation split
Main,Cancer type (top 20),cancer_type_top20,Bio MAF v4,MAF_stack_only,Elastic net,linear,macro-AUROC,1,Full core + optional burden/composition controls,v4_full_core_plus_optional_controls,v4_full_core_plus_optional_controls,948,948,Compact biological annotation core; external evidence-confidence controls; exact consensus driver-gene identity; cancer hotspot summaries; optional burden and event-composition controls,No,Yes,Yes,Yes,Yes,Yes,0.9244659449803446,0.9353655640755016,6,"[""v4_compact_biology_only"",""v4_compact_plus_driver_evidence_tiers"",""v4_compact_plus_exact_driver_genes"",""v4_compact_plus_hotspot_summary"",""v4_full_core"",""v4_full_core_plus_optional_controls""]",5 outer stratified folds; inner 60/20 stratified validation split
Main,Cancer type (top 20),cancer_type_top20,Bio MAF v4,MAF_stack_only,Elastic net,linear,macro-AUROC,2,Full strict Bio MAF core,v4_full_core,v4_full_core,943,943,Compact biological annotation core; external evidence-confidence controls; exact consensus driver-gene identity; cancer hotspot summaries,No,Yes,Yes,Yes,Yes,No,0.9305670265231006,0.938829980614904,6,"[""v4_compact_biology_only"",""v4_compact_plus_driver_evidence_tiers"",""v4_compact_plus_exact_driver_genes"",""v4_compact_plus_hotspot_summary"",""v4_full_core"",""v4_full_core_plus_optional_controls""]",5 outer stratified folds; inner 60/20 stratified validation split
Main,Cancer type (top 20),cancer_type_top20,Bio MAF v4,MAF_stack_only,Elastic net,linear,macro-AUROC,3,Full strict Bio MAF core,v4_full_core,v4_full_core,943,943,Compact biological annotation core; external evidence-confidence controls; exact consensus driver-gene identity; cancer hotspot summaries,No,Yes,Yes,Yes,Yes,No,0.9345584558111052,0.9234042950309688,6,"[""v4_compact_biology_only"",""v4_compact_plus_driver_evidence_tiers"",""v4_compact_plus_exact_driver_genes"",""v4_compact_plus_hotspot_summary"",""v4_full_core"",""v4_full_core_plus_optional_controls""]",5 outer stratified folds; inner 60/20 stratified validation split
Main,Cancer type (top 20),cancer_type_top20,Bio MAF v4,MAF_stack_only,Elastic net,linear,macro-AUROC,4,Full core + optional burden/composition controls,v4_full_core_plus_optional_controls,v4_full_core_plus_optional_controls,948,948,Compact biological annotation core; external evidence-confidence controls; exact consensus driver-gene identity; cancer hotspot summaries; optional burden and event-composition controls,No,Yes,Yes,Yes,Yes,Yes,0.93030139799895,0.9352174625475514,6,"[""v4_compact_biology_only"",""v4_compact_plus_driver_evidence_tiers"",""v4_compact_plus_exact_driver_genes"",""v4_compact_plus_hotspot_summary"",""v4_full_core"",""v4_full_core_plus_optional_controls""]",5 outer stratified folds; inner 60/20 stratified validation split
Main,Cancer type (top 20),cancer_type_top20,Bio MAF v4,MAF_stack_only,Elastic net,linear,macro-AUROC,5,Full core + optional burden/composition controls,v4_full_core_plus_optional_controls,v4_full_core_plus_optional_controls,948,948,Compact biological annotation core; external evidence-confidence controls; exact consensus driver-gene identity; cancer hotspot summaries; optional burden and event-composition controls,No,Yes,Yes,Yes,Yes,Yes,0.931881097560179,0.9305338155580032,6,"[""v4_compact_biology_only"",""v4_compact_plus_driver_evidence_tiers"",""v4_compact_plus_exact_driver_genes"",""v4_compact_plus_hotspot_summary"",""v4_full_core"",""v4_full_core_plus_optional_controls""]",5 outer stratified folds; inner 60/20 stratified validation split
Main,Cancer type (top 20),cancer_type_top20,Bio MAF v4,MAF_stack_only,XGBoost,xgboost,macro-AUROC,1,Full strict Bio MAF core,v4_full_core,v4_full_core,943,943,Compact biological annotation core; external evidence-confidence controls; exact consensus driver-gene identity; cancer hotspot summaries,No,Yes,Yes,Yes,Yes,No,0.9565772803090083,0.959080472665438,6,"[""v4_compact_biology_only"",""v4_compact_plus_driver_evidence_tiers"",""v4_compact_plus_exact_driver_genes"",""v4_compact_plus_hotspot_summary"",""v4_full_core"",""v4_full_core_plus_optional_controls""]",5 outer stratified folds; inner 60/20 stratified validation split
Main,Cancer type (top 20),cancer_type_top20,Bio MAF v4,MAF_stack_only,XGBoost,xgboost,macro-AUROC,2,Full core + optional burden/composition controls,v4_full_core_plus_optional_controls,v4_full_core_plus_optional_controls,948,948,Compact biological annotation core; external evidence-confidence controls; exact consensus driver-gene identity; cancer hotspot summaries; optional burden and event-composition controls,No,Yes,Yes,Yes,Yes,Yes,0.9602144059708208,0.9567482708098908,6,"[""v4_compact_biology_only"",""v4_compact_plus_driver_evidence_tiers"",""v4_compact_plus_exact_driver_genes"",""v4_compact_plus_hotspot_summary"",""v4_full_core"",""v4_full_core_plus_optional_controls""]",5 outer stratified folds; inner 60/20 stratified validation split
Main,Cancer type (top 20),cancer_type_top20,Bio MAF v4,MAF_stack_only,XGBoost,xgboost,macro-AUROC,3,Full core + optional burden/composition controls,v4_full_core_plus_optional_controls,v4_full_core_plus_optional_controls,948,948,Compact biological annotation core; external evidence-confidence controls; exact consensus driver-gene identity; cancer hotspot summaries; optional burden and event-composition controls,No,Yes,Yes,Yes,Yes,Yes,0.9586090669051026,0.9629023839995196,6,"[""v4_compact_biology_only"",""v4_compact_plus_driver_evidence_tiers"",""v4_compact_plus_exact_driver_genes"",""v4_compact_plus_hotspot_summary"",""v4_full_core"",""v4_full_core_plus_optional_controls""]",5 outer stratified folds; inner 60/20 stratified validation split
Main,Cancer type (top 20),cancer_type_top20,Bio MAF v4,MAF_stack_only,XGBoost,xgboost,macro-AUROC,4,Full strict Bio MAF core,v4_full_core,v4_full_core,943,943,Compact biological annotation core; external evidence-confidence controls; exact consensus driver-gene identity; cancer hotspot summaries,No,Yes,Yes,Yes,Yes,No,0.9574313458038896,0.9592243028913044,6,"[""v4_compact_biology_only"",""v4_compact_plus_driver_evidence_tiers"",""v4_compact_plus_exact_driver_genes"",""v4_compact_plus_hotspot_summary"",""v4_full_core"",""v4_full_core_plus_optional_controls""]",5 outer stratified folds; inner 60/20 stratified validation split
Main,Cancer type (top 20),cancer_type_top20,Bio MAF v4,MAF_stack_only,XGBoost,xgboost,macro-AUROC,5,Full strict Bio MAF core,v4_full_core,v4_full_core,943,943,Compact biological annotation core; external evidence-confidence controls; exact consensus driver-gene identity; cancer hotspot summaries,No,Yes,Yes,Yes,Yes,No,0.9556703102978196,0.9597234951264262,6,"[""v4_compact_biology_only"",""v4_compact_plus_driver_evidence_tiers"",""v4_compact_plus_exact_driver_genes"",""v4_compact_plus_hotspot_summary"",""v4_full_core"",""v4_full_core_plus_optional_controls""]",5 outer stratified folds; inner 60/20 stratified validation split
Main,Cancer type (top 20),cancer_type_top20,Signatures + Bio MAF v4,signatures_plus_MAF_stack,Elastic net,linear,macro-AUROC,1,Signatures + Compact biology + evidence-confidence controls,signatures_plus_v4_compact_plus_driver_evidence_tiers,v4_compact_plus_driver_evidence_tiers,319,137,Compact biological annotation core; external evidence-confidence controls,Yes,Yes,Yes,No,No,No,0.8695830119457494,0.8665154425672597,7,"[""signatures_only"",""signatures_plus_v4_compact_biology_only"",""signatures_plus_v4_compact_plus_driver_evidence_tiers"",""signatures_plus_v4_compact_plus_exact_driver_genes"",""signatures_plus_v4_compact_plus_hotspot_summary"",""signatures_plus_v4_full_core"",""signatures_plus_v4_full_core_plus_optional_controls""]",5 outer stratified folds; inner 60/20 stratified validation split
Main,Cancer type (top 20),cancer_type_top20,Signatures + Bio MAF v4,signatures_plus_MAF_stack,Elastic net,linear,macro-AUROC,2,Signatures + Compact biology + hotspot summaries,signatures_plus_v4_compact_plus_hotspot_summary,v4_compact_plus_hotspot_summary,307,125,Compact biological annotation core; cancer hotspot summaries,Yes,Yes,No,No,Yes,No,0.9383353609761672,0.9376512533120284,7,"[""signatures_only"",""signatures_plus_v4_compact_biology_only"",""signatures_plus_v4_compact_plus_driver_evidence_tiers"",""signatures_plus_v4_compact_plus_exact_driver_genes"",""signatures_plus_v4_compact_plus_hotspot_summary"",""signatures_plus_v4_full_core"",""signatures_plus_v4_full_core_plus_optional_controls""]",5 outer stratified folds; inner 60/20 stratified validation split
Main,Cancer type (top 20),cancer_type_top20,Signatures + Bio MAF v4,signatures_plus_MAF_stack,Elastic net,linear,macro-AUROC,3,Signatures + Compact biology + hotspot summaries,signatures_plus_v4_compact_plus_hotspot_summary,v4_compact_plus_hotspot_summary,307,125,Compact biological annotation core; cancer hotspot summaries,Yes,Yes,No,No,Yes,No,0.9262221934635692,0.9359326545843236,7,"[""signatures_only"",""signatures_plus_v4_compact_biology_only"",""signatures_plus_v4_compact_plus_driver_evidence_tiers"",""signatures_plus_v4_compact_plus_exact_driver_genes"",""signatures_plus_v4_compact_plus_hotspot_summary"",""signatures_plus_v4_full_core"",""signatures_plus_v4_full_core_plus_optional_controls""]",5 outer stratified folds; inner 60/20 stratified validation split
Main,Cancer type (top 20),cancer_type_top20,Signatures + Bio MAF v4,signatures_plus_MAF_stack,Elastic net,linear,macro-AUROC,4,Signatures + Compact biology + hotspot summaries,signatures_plus_v4_compact_plus_hotspot_summary,v4_compact_plus_hotspot_summary,307,125,Compact biological annotation core; cancer hotspot summaries,Yes,Yes,No,No,Yes,No,0.9373629103655556,0.9295966254291864,7,"[""signatures_only"",""signatures_plus_v4_compact_biology_only"",""signatures_plus_v4_compact_plus_driver_evidence_tiers"",""signatures_plus_v4_compact_plus_exact_driver_genes"",""signatures_plus_v4_compact_plus_hotspot_summary"",""signatures_plus_v4_full_core"",""signatures_plus_v4_full_core_plus_optional_controls""]",5 outer stratified folds; inner 60/20 stratified validation split
Main,Cancer type (top 20),cancer_type_top20,Signatures + Bio MAF v4,signatures_plus_MAF_stack,Elastic net,linear,macro-AUROC,5,Signatures + Compact biology + hotspot summaries,signatures_plus_v4_compact_plus_hotspot_summary,v4_compact_plus_hotspot_summary,307,125,Compact biological annotation core; cancer hotspot summaries,Yes,Yes,No,No,Yes,No,0.8731789977458838,0.875771735503584,7,"[""signatures_only"",""signatures_plus_v4_compact_biology_only"",""signatures_plus_v4_compact_plus_driver_evidence_tiers"",""signatures_plus_v4_compact_plus_exact_driver_genes"",""signatures_plus_v4_compact_plus_hotspot_summary"",""signatures_plus_v4_full_core"",""signatures_plus_v4_full_core_plus_optional_controls""]",5 outer stratified folds; inner 60/20 stratified validation split
Main,Cancer type (top 20),cancer_type_top20,Signatures + Bio MAF v4,signatures_plus_MAF_stack,XGBoost,xgboost,macro-AUROC,1,Signatures + Compact biology + exact driver genes,signatures_plus_v4_compact_plus_exact_driver_genes,v4_compact_plus_exact_driver_genes,1105,923,Compact biological annotation core; exact consensus driver-gene identity,Yes,Yes,No,Yes,No,No,0.9742020825378888,0.9762281561643474,7,"[""signatures_only"",""signatures_plus_v4_compact_biology_only"",""signatures_plus_v4_compact_plus_driver_evidence_tiers"",""signatures_plus_v4_compact_plus_exact_driver_genes"",""signatures_plus_v4_compact_plus_hotspot_summary"",""signatures_plus_v4_full_core"",""signatures_plus_v4_full_core_plus_optional_controls""]",5 outer stratified folds; inner 60/20 stratified validation split
Main,Cancer type (top 20),cancer_type_top20,Signatures + Bio MAF v4,signatures_plus_MAF_stack,XGBoost,xgboost,macro-AUROC,2,Signatures + Full strict Bio MAF core,signatures_plus_v4_full_core,v4_full_core,1125,943,Compact biological annotation core; external evidence-confidence controls; exact consensus driver-gene identity; cancer hotspot summaries,Yes,Yes,Yes,Yes,Yes,No,0.9719836059584596,0.9787177876845496,7,"[""signatures_only"",""signatures_plus_v4_compact_biology_only"",""signatures_plus_v4_compact_plus_driver_evidence_tiers"",""signatures_plus_v4_compact_plus_exact_driver_genes"",""signatures_plus_v4_compact_plus_hotspot_summary"",""signatures_plus_v4_full_core"",""signatures_plus_v4_full_core_plus_optional_controls""]",5 outer stratified folds; inner 60/20 stratified validation split
Main,Cancer type (top 20),cancer_type_top20,Signatures + Bio MAF v4,signatures_plus_MAF_stack,XGBoost,xgboost,macro-AUROC,3,Signatures + Compact biology + exact driver genes,signatures_plus_v4_compact_plus_exact_driver_genes,v4_compact_plus_exact_driver_genes,1105,923,Compact biological annotation core; exact consensus driver-gene identity,Yes,Yes,No,Yes,No,No,0.9762867513707274,0.9760396064846864,7,"[""signatures_only"",""signatures_plus_v4_compact_biology_only"",""signatures_plus_v4_compact_plus_driver_evidence_tiers"",""signatures_plus_v4_compact_plus_exact_driver_genes"",""signatures_plus_v4_compact_plus_hotspot_summary"",""signatures_plus_v4_full_core"",""signatures_plus_v4_full_core_plus_optional_controls""]",5 outer stratified folds; inner 60/20 stratified validation split
Main,Cancer type (top 20),cancer_type_top20,Signatures + Bio MAF v4,signatures_plus_MAF_stack,XGBoost,xgboost,macro-AUROC,4,Signatures + Full core + optional burden/composition controls,signatures_plus_v4_full_core_plus_optional_controls,v4_full_core_plus_optional_controls,1130,948,Compact biological annotation core; external evidence-confidence controls; exact consensus driver-gene identity; cancer hotspot summaries; optional burden and event-composition controls,Yes,Yes,Yes,Yes,Yes,Yes,0.9730722714585474,0.9753353001969792,7,"[""signatures_only"",""signatures_plus_v4_compact_biology_only"",""signatures_plus_v4_compact_plus_driver_evidence_tiers"",""signatures_plus_v4_compact_plus_exact_driver_genes"",""signatures_plus_v4_compact_plus_hotspot_summary"",""signatures_plus_v4_full_core"",""signatures_plus_v4_full_core_plus_optional_controls""]",5 outer stratified folds; inner 60/20 stratified validation split
Main,Cancer type (top 20),cancer_type_top20,Signatures + Bio MAF v4,signatures_plus_MAF_stack,XGBoost,xgboost,macro-AUROC,5,Signatures + Compact biology + exact driver genes,signatures_plus_v4_compact_plus_exact_driver_genes,v4_compact_plus_exact_driver_genes,1105,923,Compact biological annotation core; exact consensus driver-gene identity,Yes,Yes,No,Yes,No,No,0.974429674137449,0.9743280386126396,7,"[""signatures_only"",""signatures_plus_v4_compact_biology_only"",""signatures_plus_v4_compact_plus_driver_evidence_tiers"",""signatures_plus_v4_compact_plus_exact_driver_genes"",""signatures_plus_v4_compact_plus_hotspot_summary"",""signatures_plus_v4_full_core"",""signatures_plus_v4_full_core_plus_optional_controls""]",5 outer stratified folds; inner 60/20 stratified validation split
Main,Overall survival,OS,Bio MAF v4,MAF_stack_only,Cox PH,cox_ph,Harrell C-index,1,Full core + optional burden/composition controls,v4_full_core_plus_optional_controls,v4_full_core_plus_optional_controls,948,948,Compact biological annotation core; external evidence-confidence controls; exact consensus driver-gene identity; cancer hotspot summaries; optional burden and event-composition controls,No,Yes,Yes,Yes,Yes,Yes,0.651473838938073,0.606352881599534,6,"[""v4_compact_biology_only"",""v4_compact_plus_driver_evidence_tiers"",""v4_compact_plus_exact_driver_genes"",""v4_compact_plus_hotspot_summary"",""v4_full_core"",""v4_full_core_plus_optional_controls""]",5 outer event-stratified folds; inner 60/20 event-stratified validation split
Main,Overall survival,OS,Bio MAF v4,MAF_stack_only,Cox PH,cox_ph,Harrell C-index,2,Compact biology + exact driver genes,v4_compact_plus_exact_driver_genes,v4_compact_plus_exact_driver_genes,923,923,Compact biological annotation core; exact consensus driver-gene identity,No,Yes,No,Yes,No,No,0.6392831518405795,0.612486595248361,6,"[""v4_compact_biology_only"",""v4_compact_plus_driver_evidence_tiers"",""v4_compact_plus_exact_driver_genes"",""v4_compact_plus_hotspot_summary"",""v4_full_core"",""v4_full_core_plus_optional_controls""]",5 outer event-stratified folds; inner 60/20 event-stratified validation split
Main,Overall survival,OS,Bio MAF v4,MAF_stack_only,Cox PH,cox_ph,Harrell C-index,3,Full core + optional burden/composition controls,v4_full_core_plus_optional_controls,v4_full_core_plus_optional_controls,948,948,Compact biological annotation core; external evidence-confidence controls; exact consensus driver-gene identity; cancer hotspot summaries; optional burden and event-composition controls,No,Yes,Yes,Yes,Yes,Yes,0.6417538227883055,0.6228108805345941,6,"[""v4_compact_biology_only"",""v4_compact_plus_driver_evidence_tiers"",""v4_compact_plus_exact_driver_genes"",""v4_compact_plus_hotspot_summary"",""v4_full_core"",""v4_full_core_plus_optional_controls""]",5 outer event-stratified folds; inner 60/20 event-stratified validation split
Main,Overall survival,OS,Bio MAF v4,MAF_stack_only,Cox PH,cox_ph,Harrell C-index,4,Compact biology + exact driver genes,v4_compact_plus_exact_driver_genes,v4_compact_plus_exact_driver_genes,923,923,Compact biological annotation core; exact consensus driver-gene identity,No,Yes,No,Yes,No,No,0.6463047033095696,0.6445005664584091,6,"[""v4_compact_biology_only"",""v4_compact_plus_driver_evidence_tiers"",""v4_compact_plus_exact_driver_genes"",""v4_compact_plus_hotspot_summary"",""v4_full_core"",""v4_full_core_plus_optional_controls""]",5 outer event-stratified folds; inner 60/20 event-stratified validation split
Main,Overall survival,OS,Bio MAF v4,MAF_stack_only,Cox PH,cox_ph,Harrell C-index,5,Compact biology + exact driver genes,v4_compact_plus_exact_driver_genes,v4_compact_plus_exact_driver_genes,923,923,Compact biological annotation core; exact consensus driver-gene identity,No,Yes,No,Yes,No,No,0.6280799574467472,0.6272728946991881,6,"[""v4_compact_biology_only"",""v4_compact_plus_driver_evidence_tiers"",""v4_compact_plus_exact_driver_genes"",""v4_compact_plus_hotspot_summary"",""v4_full_core"",""v4_full_core_plus_optional_controls""]",5 outer event-stratified folds; inner 60/20 event-stratified validation split
Main,Overall survival,OS,Signatures + Bio MAF v4,signatures_plus_MAF_stack,Cox PH,cox_ph,Harrell C-index,1,Signatures + Full strict Bio MAF core,signatures_plus_v4_full_core,v4_full_core,1125,943,Compact biological annotation core; external evidence-confidence controls; exact consensus driver-gene identity; cancer hotspot summaries,Yes,Yes,Yes,Yes,Yes,No,0.650484503907012,0.6517077649271589,7,"[""signatures_only"",""signatures_plus_v4_compact_biology_only"",""signatures_plus_v4_compact_plus_driver_evidence_tiers"",""signatures_plus_v4_compact_plus_exact_driver_genes"",""signatures_plus_v4_compact_plus_hotspot_summary"",""signatures_plus_v4_full_core"",""signatures_plus_v4_full_core_plus_optional_controls""]",5 outer event-stratified folds; inner 60/20 event-stratified validation split
Main,Overall survival,OS,Signatures + Bio MAF v4,signatures_plus_MAF_stack,Cox PH,cox_ph,Harrell C-index,2,Signatures + Full core + optional burden/composition controls,signatures_plus_v4_full_core_plus_optional_controls,v4_full_core_plus_optional_controls,1130,948,Compact biological annotation core; external evidence-confidence controls; exact consensus driver-gene identity; cancer hotspot summaries; optional burden and event-composition controls,Yes,Yes,Yes,Yes,Yes,Yes,0.6425180449278927,0.6553081642867989,7,"[""signatures_only"",""signatures_plus_v4_compact_biology_only"",""signatures_plus_v4_compact_plus_driver_evidence_tiers"",""signatures_plus_v4_compact_plus_exact_driver_genes"",""signatures_plus_v4_compact_plus_hotspot_summary"",""signatures_plus_v4_full_core"",""signatures_plus_v4_full_core_plus_optional_controls""]",5 outer event-stratified folds; inner 60/20 event-stratified validation split
Main,Overall survival,OS,Signatures + Bio MAF v4,signatures_plus_MAF_stack,Cox PH,cox_ph,Harrell C-index,3,Signatures + Compact biology + exact driver genes,signatures_plus_v4_compact_plus_exact_driver_genes,v4_compact_plus_exact_driver_genes,1105,923,Compact biological annotation core; exact consensus driver-gene identity,Yes,Yes,No,Yes,No,No,0.6302058937628414,0.6146603285710555,7,"[""signatures_only"",""signatures_plus_v4_compact_biology_only"",""signatures_plus_v4_compact_plus_driver_evidence_tiers"",""signatures_plus_v4_compact_plus_exact_driver_genes"",""signatures_plus_v4_compact_plus_hotspot_summary"",""signatures_plus_v4_full_core"",""signatures_plus_v4_full_core_plus_optional_controls""]",5 outer event-stratified folds; inner 60/20 event-stratified validation split
Main,Overall survival,OS,Signatures + Bio MAF v4,signatures_plus_MAF_stack,Cox PH,cox_ph,Harrell C-index,4,Signatures + Full core + optional burden/composition controls,signatures_plus_v4_full_core_plus_optional_controls,v4_full_core_plus_optional_controls,1130,948,Compact biological annotation core; external evidence-confidence controls; exact consensus driver-gene identity; cancer hotspot summaries; optional burden and event-composition controls,Yes,Yes,Yes,Yes,Yes,Yes,0.6368603150884806,0.617143408213878,7,"[""signatures_only"",""signatures_plus_v4_compact_biology_only"",""signatures_plus_v4_compact_plus_driver_evidence_tiers"",""signatures_plus_v4_compact_plus_exact_driver_genes"",""signatures_plus_v4_compact_plus_hotspot_summary"",""signatures_plus_v4_full_core"",""signatures_plus_v4_full_core_plus_optional_controls""]",5 outer event-stratified folds; inner 60/20 event-stratified validation split
Main,Overall survival,OS,Signatures + Bio MAF v4,signatures_plus_MAF_stack,Cox PH,cox_ph,Harrell C-index,5,Signatures + Full core + optional burden/composition controls,signatures_plus_v4_full_core_plus_optional_controls,v4_full_core_plus_optional_controls,1130,948,Compact biological annotation core; external evidence-confidence controls; exact consensus driver-gene identity; cancer hotspot summaries; optional burden and event-composition controls,Yes,Yes,Yes,Yes,Yes,Yes,0.6413137548215524,0.6550581171735563,7,"[""signatures_only"",""signatures_plus_v4_compact_biology_only"",""signatures_plus_v4_compact_plus_driver_evidence_tiers"",""signatures_plus_v4_compact_plus_exact_driver_genes"",""signatures_plus_v4_compact_plus_hotspot_summary"",""signatures_plus_v4_full_core"",""signatures_plus_v4_full_core_plus_optional_controls""]",5 outer event-stratified folds; inner 60/20 event-stratified validation split
Supplementary,HRD TAI,HRD_TAI,Bio MAF v4,MAF_stack_only,Elastic net,linear,Spearman r,1,Compact biology + exact driver genes,v4_compact_plus_exact_driver_genes,v4_compact_plus_exact_driver_genes,923,923,Compact biological annotation core; exact consensus driver-gene identity,No,Yes,No,Yes,No,No,0.7802625079246633,0.7021188146501902,6,"[""v4_compact_biology_only"",""v4_compact_plus_driver_evidence_tiers"",""v4_compact_plus_exact_driver_genes"",""v4_compact_plus_hotspot_summary"",""v4_full_core"",""v4_full_core_plus_optional_controls""]",5 outer KFold; inner 60/20 validation split
Supplementary,HRD TAI,HRD_TAI,Bio MAF v4,MAF_stack_only,Elastic net,linear,Spearman r,2,Compact biology + exact driver genes,v4_compact_plus_exact_driver_genes,v4_compact_plus_exact_driver_genes,923,923,Compact biological annotation core; exact consensus driver-gene identity,No,Yes,No,Yes,No,No,0.6791251125315679,0.746550816027565,6,"[""v4_compact_biology_only"",""v4_compact_plus_driver_evidence_tiers"",""v4_compact_plus_exact_driver_genes"",""v4_compact_plus_hotspot_summary"",""v4_full_core"",""v4_full_core_plus_optional_controls""]",5 outer KFold; inner 60/20 validation split
Supplementary,HRD TAI,HRD_TAI,Bio MAF v4,MAF_stack_only,Elastic net,linear,Spearman r,3,Full core + optional burden/composition controls,v4_full_core_plus_optional_controls,v4_full_core_plus_optional_controls,948,948,Compact biological annotation core; external evidence-confidence controls; exact consensus driver-gene identity; cancer hotspot summaries; optional burden and event-composition controls,No,Yes,Yes,Yes,Yes,Yes,0.8149997880370321,0.7151802048210549,6,"[""v4_compact_biology_only"",""v4_compact_plus_driver_evidence_tiers"",""v4_compact_plus_exact_driver_genes"",""v4_compact_plus_hotspot_summary"",""v4_full_core"",""v4_full_core_plus_optional_controls""]",5 outer KFold; inner 60/20 validation split
Supplementary,HRD TAI,HRD_TAI,Bio MAF v4,MAF_stack_only,Elastic net,linear,Spearman r,4,Compact biology + exact driver genes,v4_compact_plus_exact_driver_genes,v4_compact_plus_exact_driver_genes,923,923,Compact biological annotation core; exact consensus driver-gene identity,No,Yes,No,Yes,No,No,0.7186740308141899,0.7104628087005355,6,"[""v4_compact_biology_only"",""v4_compact_plus_driver_evidence_tiers"",""v4_compact_plus_exact_driver_genes"",""v4_compact_plus_hotspot_summary"",""v4_full_core"",""v4_full_core_plus_optional_controls""]",5 outer KFold; inner 60/20 validation split
Supplementary,HRD TAI,HRD_TAI,Bio MAF v4,MAF_stack_only,Elastic net,linear,Spearman r,5,Compact biology + exact driver genes,v4_compact_plus_exact_driver_genes,v4_compact_plus_exact_driver_genes,923,923,Compact biological annotation core; exact consensus driver-gene identity,No,Yes,No,Yes,No,No,0.7473900002034779,0.7098693980664815,6,"[""v4_compact_biology_only"",""v4_compact_plus_driver_evidence_tiers"",""v4_compact_plus_exact_driver_genes"",""v4_compact_plus_hotspot_summary"",""v4_full_core"",""v4_full_core_plus_optional_controls""]",5 outer KFold; inner 60/20 validation split
Supplementary,HRD TAI,HRD_TAI,Bio MAF v4,MAF_stack_only,XGBoost,xgboost,Spearman r,1,Compact biology + exact driver genes,v4_compact_plus_exact_driver_genes,v4_compact_plus_exact_driver_genes,923,923,Compact biological annotation core; exact consensus driver-gene identity,No,Yes,No,Yes,No,No,0.7812120141106971,0.7993546699602644,6,"[""v4_compact_biology_only"",""v4_compact_plus_driver_evidence_tiers"",""v4_compact_plus_exact_driver_genes"",""v4_compact_plus_hotspot_summary"",""v4_full_core"",""v4_full_core_plus_optional_controls""]",5 outer KFold; inner 60/20 validation split
Supplementary,HRD TAI,HRD_TAI,Bio MAF v4,MAF_stack_only,XGBoost,xgboost,Spearman r,2,Full core + optional burden/composition controls,v4_full_core_plus_optional_controls,v4_full_core_plus_optional_controls,948,948,Compact biological annotation core; external evidence-confidence controls; exact consensus driver-gene identity; cancer hotspot summaries; optional burden and event-composition controls,No,Yes,Yes,Yes,Yes,Yes,0.8004404116793491,0.738443674601734,6,"[""v4_compact_biology_only"",""v4_compact_plus_driver_evidence_tiers"",""v4_compact_plus_exact_driver_genes"",""v4_compact_plus_hotspot_summary"",""v4_full_core"",""v4_full_core_plus_optional_controls""]",5 outer KFold; inner 60/20 validation split
Supplementary,HRD TAI,HRD_TAI,Bio MAF v4,MAF_stack_only,XGBoost,xgboost,Spearman r,3,Compact biology + exact driver genes,v4_compact_plus_exact_driver_genes,v4_compact_plus_exact_driver_genes,923,923,Compact biological annotation core; exact consensus driver-gene identity,No,Yes,No,Yes,No,No,0.7932930770921218,0.7414026510989167,6,"[""v4_compact_biology_only"",""v4_compact_plus_driver_evidence_tiers"",""v4_compact_plus_exact_driver_genes"",""v4_compact_plus_hotspot_summary"",""v4_full_core"",""v4_full_core_plus_optional_controls""]",5 outer KFold; inner 60/20 validation split
Supplementary,HRD TAI,HRD_TAI,Bio MAF v4,MAF_stack_only,XGBoost,xgboost,Spearman r,4,Full core + optional burden/composition controls,v4_full_core_plus_optional_controls,v4_full_core_plus_optional_controls,948,948,Compact biological annotation core; external evidence-confidence controls; exact consensus driver-gene identity; cancer hotspot summaries; optional burden and event-composition controls,No,Yes,Yes,Yes,Yes,Yes,0.7194744956613979,0.6890866609684535,6,"[""v4_compact_biology_only"",""v4_compact_plus_driver_evidence_tiers"",""v4_compact_plus_exact_driver_genes"",""v4_compact_plus_hotspot_summary"",""v4_full_core"",""v4_full_core_plus_optional_controls""]",5 outer KFold; inner 60/20 validation split
Supplementary,HRD TAI,HRD_TAI,Bio MAF v4,MAF_stack_only,XGBoost,xgboost,Spearman r,5,Full strict Bio MAF core,v4_full_core,v4_full_core,943,943,Compact biological annotation core; external evidence-confidence controls; exact consensus driver-gene identity; cancer hotspot summaries,No,Yes,Yes,Yes,Yes,No,0.8191006092949616,0.7939427337655256,6,"[""v4_compact_biology_only"",""v4_compact_plus_driver_evidence_tiers"",""v4_compact_plus_exact_driver_genes"",""v4_compact_plus_hotspot_summary"",""v4_full_core"",""v4_full_core_plus_optional_controls""]",5 outer KFold; inner 60/20 validation split
Supplementary,HRD TAI,HRD_TAI,Signatures + Bio MAF v4,signatures_plus_MAF_stack,Elastic net,linear,Spearman r,1,Signatures + Compact biology + exact driver genes,signatures_plus_v4_compact_plus_exact_driver_genes,v4_compact_plus_exact_driver_genes,1105,923,Compact biological annotation core; exact consensus driver-gene identity,Yes,Yes,No,Yes,No,No,0.7529922528254159,0.7921835385559499,7,"[""signatures_only"",""signatures_plus_v4_compact_biology_only"",""signatures_plus_v4_compact_plus_driver_evidence_tiers"",""signatures_plus_v4_compact_plus_exact_driver_genes"",""signatures_plus_v4_compact_plus_hotspot_summary"",""signatures_plus_v4_full_core"",""signatures_plus_v4_full_core_plus_optional_controls""]",5 outer KFold; inner 60/20 validation split
Supplementary,HRD TAI,HRD_TAI,Signatures + Bio MAF v4,signatures_plus_MAF_stack,Elastic net,linear,Spearman r,2,Signatures + Full strict Bio MAF core,signatures_plus_v4_full_core,v4_full_core,1125,943,Compact biological annotation core; external evidence-confidence controls; exact consensus driver-gene identity; cancer hotspot summaries,Yes,Yes,Yes,Yes,Yes,No,0.7118519046803323,0.7910939059512604,7,"[""signatures_only"",""signatures_plus_v4_compact_biology_only"",""signatures_plus_v4_compact_plus_driver_evidence_tiers"",""signatures_plus_v4_compact_plus_exact_driver_genes"",""signatures_plus_v4_compact_plus_hotspot_summary"",""signatures_plus_v4_full_core"",""signatures_plus_v4_full_core_plus_optional_controls""]",5 outer KFold; inner 60/20 validation split
Supplementary,HRD TAI,HRD_TAI,Signatures + Bio MAF v4,signatures_plus_MAF_stack,Elastic net,linear,Spearman r,3,Signatures + Full strict Bio MAF core,signatures_plus_v4_full_core,v4_full_core,1125,943,Compact biological annotation core; external evidence-confidence controls; exact consensus driver-gene identity; cancer hotspot summaries,Yes,Yes,Yes,Yes,Yes,No,0.7614568094830981,0.6826045336842679,7,"[""signatures_only"",""signatures_plus_v4_compact_biology_only"",""signatures_plus_v4_compact_plus_driver_evidence_tiers"",""signatures_plus_v4_compact_plus_exact_driver_genes"",""signatures_plus_v4_compact_plus_hotspot_summary"",""signatures_plus_v4_full_core"",""signatures_plus_v4_full_core_plus_optional_controls""]",5 outer KFold; inner 60/20 validation split
Supplementary,HRD TAI,HRD_TAI,Signatures + Bio MAF v4,signatures_plus_MAF_stack,Elastic net,linear,Spearman r,4,Signatures + Full strict Bio MAF core,signatures_plus_v4_full_core,v4_full_core,1125,943,Compact biological annotation core; external evidence-confidence controls; exact consensus driver-gene identity; cancer hotspot summaries,Yes,Yes,Yes,Yes,Yes,No,0.7960798423832137,0.7433105119527539,7,"[""signatures_only"",""signatures_plus_v4_compact_biology_only"",""signatures_plus_v4_compact_plus_driver_evidence_tiers"",""signatures_plus_v4_compact_plus_exact_driver_genes"",""signatures_plus_v4_compact_plus_hotspot_summary"",""signatures_plus_v4_full_core"",""signatures_plus_v4_full_core_plus_optional_controls""]",5 outer KFold; inner 60/20 validation split
Supplementary,HRD TAI,HRD_TAI,Signatures + Bio MAF v4,signatures_plus_MAF_stack,Elastic net,linear,Spearman r,5,Signatures + Compact biology + exact driver genes,signatures_plus_v4_compact_plus_exact_driver_genes,v4_compact_plus_exact_driver_genes,1105,923,Compact biological annotation core; exact consensus driver-gene identity,Yes,Yes,No,Yes,No,No,0.7531332504379795,0.698383290654896,7,"[""signatures_only"",""signatures_plus_v4_compact_biology_only"",""signatures_plus_v4_compact_plus_driver_evidence_tiers"",""signatures_plus_v4_compact_plus_exact_driver_genes"",""signatures_plus_v4_compact_plus_hotspot_summary"",""signatures_plus_v4_full_core"",""signatures_plus_v4_full_core_plus_optional_controls""]",5 outer KFold; inner 60/20 validation split
Supplementary,HRD TAI,HRD_TAI,Signatures + Bio MAF v4,signatures_plus_MAF_stack,XGBoost,xgboost,Spearman r,1,Signatures + Compact biology + exact driver genes,signatures_plus_v4_compact_plus_exact_driver_genes,v4_compact_plus_exact_driver_genes,1105,923,Compact biological annotation core; exact consensus driver-gene identity,Yes,Yes,No,Yes,No,No,0.7551668801199976,0.8221678838782321,7,"[""signatures_only"",""signatures_plus_v4_compact_biology_only"",""signatures_plus_v4_compact_plus_driver_evidence_tiers"",""signatures_plus_v4_compact_plus_exact_driver_genes"",""signatures_plus_v4_compact_plus_hotspot_summary"",""signatures_plus_v4_full_core"",""signatures_plus_v4_full_core_plus_optional_controls""]",5 outer KFold; inner 60/20 validation split
Supplementary,HRD TAI,HRD_TAI,Signatures + Bio MAF v4,signatures_plus_MAF_stack,XGBoost,xgboost,Spearman r,2,Signatures + Compact biology + exact driver genes,signatures_plus_v4_compact_plus_exact_driver_genes,v4_compact_plus_exact_driver_genes,1105,923,Compact biological annotation core; exact consensus driver-gene identity,Yes,Yes,No,Yes,No,No,0.7488168869872285,0.7308591791845294,7,"[""signatures_only"",""signatures_plus_v4_compact_biology_only"",""signatures_plus_v4_compact_plus_driver_evidence_tiers"",""signatures_plus_v4_compact_plus_exact_driver_genes"",""signatures_plus_v4_compact_plus_hotspot_summary"",""signatures_plus_v4_full_core"",""signatures_plus_v4_full_core_plus_optional_controls""]",5 outer KFold; inner 60/20 validation split
Supplementary,HRD TAI,HRD_TAI,Signatures + Bio MAF v4,signatures_plus_MAF_stack,XGBoost,xgboost,Spearman r,3,Signatures + Full strict Bio MAF core,signatures_plus_v4_full_core,v4_full_core,1125,943,Compact biological annotation core; external evidence-confidence controls; exact consensus driver-gene identity; cancer hotspot summaries,Yes,Yes,Yes,Yes,Yes,No,0.7846499971547537,0.7680517928666255,7,"[""signatures_only"",""signatures_plus_v4_compact_biology_only"",""signatures_plus_v4_compact_plus_driver_evidence_tiers"",""signatures_plus_v4_compact_plus_exact_driver_genes"",""signatures_plus_v4_compact_plus_hotspot_summary"",""signatures_plus_v4_full_core"",""signatures_plus_v4_full_core_plus_optional_controls""]",5 outer KFold; inner 60/20 validation split
Supplementary,HRD TAI,HRD_TAI,Signatures + Bio MAF v4,signatures_plus_MAF_stack,XGBoost,xgboost,Spearman r,4,Signatures + Full strict Bio MAF core,signatures_plus_v4_full_core,v4_full_core,1125,943,Compact biological annotation core; external evidence-confidence controls; exact consensus driver-gene identity; cancer hotspot summaries,Yes,Yes,Yes,Yes,Yes,No,0.783185773848708,0.7138977410668551,7,"[""signatures_only"",""signatures_plus_v4_compact_biology_only"",""signatures_plus_v4_compact_plus_driver_evidence_tiers"",""signatures_plus_v4_compact_plus_exact_driver_genes"",""signatures_plus_v4_compact_plus_hotspot_summary"",""signatures_plus_v4_full_core"",""signatures_plus_v4_full_core_plus_optional_controls""]",5 outer KFold; inner 60/20 validation split
Supplementary,HRD TAI,HRD_TAI,Signatures + Bio MAF v4,signatures_plus_MAF_stack,XGBoost,xgboost,Spearman r,5,Signatures + Full strict Bio MAF core,signatures_plus_v4_full_core,v4_full_core,1125,943,Compact biological annotation core; external evidence-confidence controls; exact consensus driver-gene identity; cancer hotspot summaries,Yes,Yes,Yes,Yes,Yes,No,0.7592416730058471,0.7253433755621158,7,"[""signatures_only"",""signatures_plus_v4_compact_biology_only"",""signatures_plus_v4_compact_plus_driver_evidence_tiers"",""signatures_plus_v4_compact_plus_exact_driver_genes"",""signatures_plus_v4_compact_plus_hotspot_summary"",""signatures_plus_v4_full_core"",""signatures_plus_v4_full_core_plus_optional_controls""]",5 outer KFold; inner 60/20 validation split
Supplementary,HRD LST,HRD_LST,Bio MAF v4,MAF_stack_only,Elastic net,linear,Spearman r,1,Compact biology + exact driver genes,v4_compact_plus_exact_driver_genes,v4_compact_plus_exact_driver_genes,923,923,Compact biological annotation core; exact consensus driver-gene identity,No,Yes,No,Yes,No,No,0.6401966668992792,0.692801681575505,6,"[""v4_compact_biology_only"",""v4_compact_plus_driver_evidence_tiers"",""v4_compact_plus_exact_driver_genes"",""v4_compact_plus_hotspot_summary"",""v4_full_core"",""v4_full_core_plus_optional_controls""]",5 outer KFold; inner 60/20 validation split
Supplementary,HRD LST,HRD_LST,Bio MAF v4,MAF_stack_only,Elastic net,linear,Spearman r,2,Compact biology + exact driver genes,v4_compact_plus_exact_driver_genes,v4_compact_plus_exact_driver_genes,923,923,Compact biological annotation core; exact consensus driver-gene identity,No,Yes,No,Yes,No,No,0.5883491492646811,0.6752171477627297,6,"[""v4_compact_biology_only"",""v4_compact_plus_driver_evidence_tiers"",""v4_compact_plus_exact_driver_genes"",""v4_compact_plus_hotspot_summary"",""v4_full_core"",""v4_full_core_plus_optional_controls""]",5 outer KFold; inner 60/20 validation split
Supplementary,HRD LST,HRD_LST,Bio MAF v4,MAF_stack_only,Elastic net,linear,Spearman r,3,Full strict Bio MAF core,v4_full_core,v4_full_core,943,943,Compact biological annotation core; external evidence-confidence controls; exact consensus driver-gene identity; cancer hotspot summaries,No,Yes,Yes,Yes,Yes,No,0.6376054473924331,0.6667356425077743,6,"[""v4_compact_biology_only"",""v4_compact_plus_driver_evidence_tiers"",""v4_compact_plus_exact_driver_genes"",""v4_compact_plus_hotspot_summary"",""v4_full_core"",""v4_full_core_plus_optional_controls""]",5 outer KFold; inner 60/20 validation split
Supplementary,HRD LST,HRD_LST,Bio MAF v4,MAF_stack_only,Elastic net,linear,Spearman r,4,Full core + optional burden/composition controls,v4_full_core_plus_optional_controls,v4_full_core_plus_optional_controls,948,948,Compact biological annotation core; external evidence-confidence controls; exact consensus driver-gene identity; cancer hotspot summaries; optional burden and event-composition controls,No,Yes,Yes,Yes,Yes,Yes,0.647495921361269,0.6125856280045834,6,"[""v4_compact_biology_only"",""v4_compact_plus_driver_evidence_tiers"",""v4_compact_plus_exact_driver_genes"",""v4_compact_plus_hotspot_summary"",""v4_full_core"",""v4_full_core_plus_optional_controls""]",5 outer KFold; inner 60/20 validation split
Supplementary,HRD LST,HRD_LST,Bio MAF v4,MAF_stack_only,Elastic net,linear,Spearman r,5,Compact biology + exact driver genes,v4_compact_plus_exact_driver_genes,v4_compact_plus_exact_driver_genes,923,923,Compact biological annotation core; exact consensus driver-gene identity,No,Yes,No,Yes,No,No,0.6766665981020042,0.6575632871514367,6,"[""v4_compact_biology_only"",""v4_compact_plus_driver_evidence_tiers"",""v4_compact_plus_exact_driver_genes"",""v4_compact_plus_hotspot_summary"",""v4_full_core"",""v4_full_core_plus_optional_controls""]",5 outer KFold; inner 60/20 validation split
Supplementary,HRD LST,HRD_LST,Bio MAF v4,MAF_stack_only,XGBoost,xgboost,Spearman r,1,Compact biology + exact driver genes,v4_compact_plus_exact_driver_genes,v4_compact_plus_exact_driver_genes,923,923,Compact biological annotation core; exact consensus driver-gene identity,No,Yes,No,Yes,No,No,0.7370767912159021,0.5963502607262963,6,"[""v4_compact_biology_only"",""v4_compact_plus_driver_evidence_tiers"",""v4_compact_plus_exact_driver_genes"",""v4_compact_plus_hotspot_summary"",""v4_full_core"",""v4_full_core_plus_optional_controls""]",5 outer KFold; inner 60/20 validation split
Supplementary,HRD LST,HRD_LST,Bio MAF v4,MAF_stack_only,XGBoost,xgboost,Spearman r,2,Compact biology + exact driver genes,v4_compact_plus_exact_driver_genes,v4_compact_plus_exact_driver_genes,923,923,Compact biological annotation core; exact consensus driver-gene identity,No,Yes,No,Yes,No,No,0.7253997130392137,0.5879934223787109,6,"[""v4_compact_biology_only"",""v4_compact_plus_driver_evidence_tiers"",""v4_compact_plus_exact_driver_genes"",""v4_compact_plus_hotspot_summary"",""v4_full_core"",""v4_full_core_plus_optional_controls""]",5 outer KFold; inner 60/20 validation split
Supplementary,HRD LST,HRD_LST,Bio MAF v4,MAF_stack_only,XGBoost,xgboost,Spearman r,3,Full core + optional burden/composition controls,v4_full_core_plus_optional_controls,v4_full_core_plus_optional_controls,948,948,Compact biological annotation core; external evidence-confidence controls; exact consensus driver-gene identity; cancer hotspot summaries; optional burden and event-composition controls,No,Yes,Yes,Yes,Yes,Yes,0.6776343741979579,0.6656508652807925,6,"[""v4_compact_biology_only"",""v4_compact_plus_driver_evidence_tiers"",""v4_compact_plus_exact_driver_genes"",""v4_compact_plus_hotspot_summary"",""v4_full_core"",""v4_full_core_plus_optional_controls""]",5 outer KFold; inner 60/20 validation split
Supplementary,HRD LST,HRD_LST,Bio MAF v4,MAF_stack_only,XGBoost,xgboost,Spearman r,4,Full strict Bio MAF core,v4_full_core,v4_full_core,943,943,Compact biological annotation core; external evidence-confidence controls; exact consensus driver-gene identity; cancer hotspot summaries,No,Yes,Yes,Yes,Yes,No,0.6859973548201922,0.753226850626294,6,"[""v4_compact_biology_only"",""v4_compact_plus_driver_evidence_tiers"",""v4_compact_plus_exact_driver_genes"",""v4_compact_plus_hotspot_summary"",""v4_full_core"",""v4_full_core_plus_optional_controls""]",5 outer KFold; inner 60/20 validation split
Supplementary,HRD LST,HRD_LST,Bio MAF v4,MAF_stack_only,XGBoost,xgboost,Spearman r,5,Full core + optional burden/composition controls,v4_full_core_plus_optional_controls,v4_full_core_plus_optional_controls,948,948,Compact biological annotation core; external evidence-confidence controls; exact consensus driver-gene identity; cancer hotspot summaries; optional burden and event-composition controls,No,Yes,Yes,Yes,Yes,Yes,0.70600916963785,0.7592637239545572,6,"[""v4_compact_biology_only"",""v4_compact_plus_driver_evidence_tiers"",""v4_compact_plus_exact_driver_genes"",""v4_compact_plus_hotspot_summary"",""v4_full_core"",""v4_full_core_plus_optional_controls""]",5 outer KFold; inner 60/20 validation split
Supplementary,HRD LST,HRD_LST,Signatures + Bio MAF v4,signatures_plus_MAF_stack,Elastic net,linear,Spearman r,1,Signatures + Compact biology + exact driver genes,signatures_plus_v4_compact_plus_exact_driver_genes,v4_compact_plus_exact_driver_genes,1105,923,Compact biological annotation core; exact consensus driver-gene identity,Yes,Yes,No,Yes,No,No,0.7296899949045804,0.7242015011755817,7,"[""signatures_only"",""signatures_plus_v4_compact_biology_only"",""signatures_plus_v4_compact_plus_driver_evidence_tiers"",""signatures_plus_v4_compact_plus_exact_driver_genes"",""signatures_plus_v4_compact_plus_hotspot_summary"",""signatures_plus_v4_full_core"",""signatures_plus_v4_full_core_plus_optional_controls""]",5 outer KFold; inner 60/20 validation split
Supplementary,HRD LST,HRD_LST,Signatures + Bio MAF v4,signatures_plus_MAF_stack,Elastic net,linear,Spearman r,2,Signatures + Full strict Bio MAF core,signatures_plus_v4_full_core,v4_full_core,1125,943,Compact biological annotation core; external evidence-confidence controls; exact consensus driver-gene identity; cancer hotspot summaries,Yes,Yes,Yes,Yes,Yes,No,0.6348016197754268,0.772659846224277,7,"[""signatures_only"",""signatures_plus_v4_compact_biology_only"",""signatures_plus_v4_compact_plus_driver_evidence_tiers"",""signatures_plus_v4_compact_plus_exact_driver_genes"",""signatures_plus_v4_compact_plus_hotspot_summary"",""signatures_plus_v4_full_core"",""signatures_plus_v4_full_core_plus_optional_controls""]",5 outer KFold; inner 60/20 validation split
Supplementary,HRD LST,HRD_LST,Signatures + Bio MAF v4,signatures_plus_MAF_stack,Elastic net,linear,Spearman r,3,Signatures + Full strict Bio MAF core,signatures_plus_v4_full_core,v4_full_core,1125,943,Compact biological annotation core; external evidence-confidence controls; exact consensus driver-gene identity; cancer hotspot summaries,Yes,Yes,Yes,Yes,Yes,No,0.7183674020274893,0.5238597220193382,7,"[""signatures_only"",""signatures_plus_v4_compact_biology_only"",""signatures_plus_v4_compact_plus_driver_evidence_tiers"",""signatures_plus_v4_compact_plus_exact_driver_genes"",""signatures_plus_v4_compact_plus_hotspot_summary"",""signatures_plus_v4_full_core"",""signatures_plus_v4_full_core_plus_optional_controls""]",5 outer KFold; inner 60/20 validation split
Supplementary,HRD LST,HRD_LST,Signatures + Bio MAF v4,signatures_plus_MAF_stack,Elastic net,linear,Spearman r,4,Signatures + Compact biology + exact driver genes,signatures_plus_v4_compact_plus_exact_driver_genes,v4_compact_plus_exact_driver_genes,1105,923,Compact biological annotation core; exact consensus driver-gene identity,Yes,Yes,No,Yes,No,No,0.6663909888301249,0.6292680622079122,7,"[""signatures_only"",""signatures_plus_v4_compact_biology_only"",""signatures_plus_v4_compact_plus_driver_evidence_tiers"",""signatures_plus_v4_compact_plus_exact_driver_genes"",""signatures_plus_v4_compact_plus_hotspot_summary"",""signatures_plus_v4_full_core"",""signatures_plus_v4_full_core_plus_optional_controls""]",5 outer KFold; inner 60/20 validation split
Supplementary,HRD LST,HRD_LST,Signatures + Bio MAF v4,signatures_plus_MAF_stack,Elastic net,linear,Spearman r,5,Signatures + Full strict Bio MAF core,signatures_plus_v4_full_core,v4_full_core,1125,943,Compact biological annotation core; external evidence-confidence controls; exact consensus driver-gene identity; cancer hotspot summaries,Yes,Yes,Yes,Yes,Yes,No,0.7000776287626942,0.6970804384803654,7,"[""signatures_only"",""signatures_plus_v4_compact_biology_only"",""signatures_plus_v4_compact_plus_driver_evidence_tiers"",""signatures_plus_v4_compact_plus_exact_driver_genes"",""signatures_plus_v4_compact_plus_hotspot_summary"",""signatures_plus_v4_full_core"",""signatures_plus_v4_full_core_plus_optional_controls""]",5 outer KFold; inner 60/20 validation split
Supplementary,HRD LST,HRD_LST,Signatures + Bio MAF v4,signatures_plus_MAF_stack,XGBoost,xgboost,Spearman r,1,Signatures + Full strict Bio MAF core,signatures_plus_v4_full_core,v4_full_core,1125,943,Compact biological annotation core; external evidence-confidence controls; exact consensus driver-gene identity; cancer hotspot summaries,Yes,Yes,Yes,Yes,Yes,No,0.6756168311391864,0.6807505841135867,7,"[""signatures_only"",""signatures_plus_v4_compact_biology_only"",""signatures_plus_v4_compact_plus_driver_evidence_tiers"",""signatures_plus_v4_compact_plus_exact_driver_genes"",""signatures_plus_v4_compact_plus_hotspot_summary"",""signatures_plus_v4_full_core"",""signatures_plus_v4_full_core_plus_optional_controls""]",5 outer KFold; inner 60/20 validation split
Supplementary,HRD LST,HRD_LST,Signatures + Bio MAF v4,signatures_plus_MAF_stack,XGBoost,xgboost,Spearman r,2,Signatures + Compact biology + exact driver genes,signatures_plus_v4_compact_plus_exact_driver_genes,v4_compact_plus_exact_driver_genes,1105,923,Compact biological annotation core; exact consensus driver-gene identity,Yes,Yes,No,Yes,No,No,0.757032436271965,0.7376369075186487,7,"[""signatures_only"",""signatures_plus_v4_compact_biology_only"",""signatures_plus_v4_compact_plus_driver_evidence_tiers"",""signatures_plus_v4_compact_plus_exact_driver_genes"",""signatures_plus_v4_compact_plus_hotspot_summary"",""signatures_plus_v4_full_core"",""signatures_plus_v4_full_core_plus_optional_controls""]",5 outer KFold; inner 60/20 validation split
Supplementary,HRD LST,HRD_LST,Signatures + Bio MAF v4,signatures_plus_MAF_stack,XGBoost,xgboost,Spearman r,3,Signatures + Compact biology + exact driver genes,signatures_plus_v4_compact_plus_exact_driver_genes,v4_compact_plus_exact_driver_genes,1105,923,Compact biological annotation core; exact consensus driver-gene identity,Yes,Yes,No,Yes,No,No,0.7441939011653017,0.7564317231159617,7,"[""signatures_only"",""signatures_plus_v4_compact_biology_only"",""signatures_plus_v4_compact_plus_driver_evidence_tiers"",""signatures_plus_v4_compact_plus_exact_driver_genes"",""signatures_plus_v4_compact_plus_hotspot_summary"",""signatures_plus_v4_full_core"",""signatures_plus_v4_full_core_plus_optional_controls""]",5 outer KFold; inner 60/20 validation split
Supplementary,HRD LST,HRD_LST,Signatures + Bio MAF v4,signatures_plus_MAF_stack,XGBoost,xgboost,Spearman r,4,Signatures + Compact biology + exact driver genes,signatures_plus_v4_compact_plus_exact_driver_genes,v4_compact_plus_exact_driver_genes,1105,923,Compact biological annotation core; exact consensus driver-gene identity,Yes,Yes,No,Yes,No,No,0.7181006247643726,0.7137401934063007,7,"[""signatures_only"",""signatures_plus_v4_compact_biology_only"",""signatures_plus_v4_compact_plus_driver_evidence_tiers"",""signatures_plus_v4_compact_plus_exact_driver_genes"",""signatures_plus_v4_compact_plus_hotspot_summary"",""signatures_plus_v4_full_core"",""signatures_plus_v4_full_core_plus_optional_controls""]",5 outer KFold; inner 60/20 validation split
Supplementary,HRD LST,HRD_LST,Signatures + Bio MAF v4,signatures_plus_MAF_stack,XGBoost,xgboost,Spearman r,5,Signatures + Full strict Bio MAF core,signatures_plus_v4_full_core,v4_full_core,1125,943,Compact biological annotation core; external evidence-confidence controls; exact consensus driver-gene identity; cancer hotspot summaries,Yes,Yes,Yes,Yes,Yes,No,0.7504551956045071,0.7519293442892987,7,"[""signatures_only"",""signatures_plus_v4_compact_biology_only"",""signatures_plus_v4_compact_plus_driver_evidence_tiers"",""signatures_plus_v4_compact_plus_exact_driver_genes"",""signatures_plus_v4_compact_plus_hotspot_summary"",""signatures_plus_v4_full_core"",""signatures_plus_v4_full_core_plus_optional_controls""]",5 outer KFold; inner 60/20 validation split
Supplementary,HRD LOH,HRD_LOH,Bio MAF v4,MAF_stack_only,Elastic net,linear,Spearman r,1,Compact biology + exact driver genes,v4_compact_plus_exact_driver_genes,v4_compact_plus_exact_driver_genes,923,923,Compact biological annotation core; exact consensus driver-gene identity,No,Yes,No,Yes,No,No,0.6323010468480107,0.6765671660834799,6,"[""v4_compact_biology_only"",""v4_compact_plus_driver_evidence_tiers"",""v4_compact_plus_exact_driver_genes"",""v4_compact_plus_hotspot_summary"",""v4_full_core"",""v4_full_core_plus_optional_controls""]",5 outer KFold; inner 60/20 validation split
Supplementary,HRD LOH,HRD_LOH,Bio MAF v4,MAF_stack_only,Elastic net,linear,Spearman r,2,Compact biology + exact driver genes,v4_compact_plus_exact_driver_genes,v4_compact_plus_exact_driver_genes,923,923,Compact biological annotation core; exact consensus driver-gene identity,No,Yes,No,Yes,No,No,0.6027960480195206,0.4069646821584408,6,"[""v4_compact_biology_only"",""v4_compact_plus_driver_evidence_tiers"",""v4_compact_plus_exact_driver_genes"",""v4_compact_plus_hotspot_summary"",""v4_full_core"",""v4_full_core_plus_optional_controls""]",5 outer KFold; inner 60/20 validation split
Supplementary,HRD LOH,HRD_LOH,Bio MAF v4,MAF_stack_only,Elastic net,linear,Spearman r,3,Compact biology + exact driver genes,v4_compact_plus_exact_driver_genes,v4_compact_plus_exact_driver_genes,923,923,Compact biological annotation core; exact consensus driver-gene identity,No,Yes,No,Yes,No,No,0.6450187108863986,0.6533814424005201,6,"[""v4_compact_biology_only"",""v4_compact_plus_driver_evidence_tiers"",""v4_compact_plus_exact_driver_genes"",""v4_compact_plus_hotspot_summary"",""v4_full_core"",""v4_full_core_plus_optional_controls""]",5 outer KFold; inner 60/20 validation split
Supplementary,HRD LOH,HRD_LOH,Bio MAF v4,MAF_stack_only,Elastic net,linear,Spearman r,4,Compact biology + exact driver genes,v4_compact_plus_exact_driver_genes,v4_compact_plus_exact_driver_genes,923,923,Compact biological annotation core; exact consensus driver-gene identity,No,Yes,No,Yes,No,No,0.713057124630549,0.5575410506172358,6,"[""v4_compact_biology_only"",""v4_compact_plus_driver_evidence_tiers"",""v4_compact_plus_exact_driver_genes"",""v4_compact_plus_hotspot_summary"",""v4_full_core"",""v4_full_core_plus_optional_controls""]",5 outer KFold; inner 60/20 validation split
Supplementary,HRD LOH,HRD_LOH,Bio MAF v4,MAF_stack_only,Elastic net,linear,Spearman r,5,Compact biology + exact driver genes,v4_compact_plus_exact_driver_genes,v4_compact_plus_exact_driver_genes,923,923,Compact biological annotation core; exact consensus driver-gene identity,No,Yes,No,Yes,No,No,0.5850365886767495,0.6006524773561417,6,"[""v4_compact_biology_only"",""v4_compact_plus_driver_evidence_tiers"",""v4_compact_plus_exact_driver_genes"",""v4_compact_plus_hotspot_summary"",""v4_full_core"",""v4_full_core_plus_optional_controls""]",5 outer KFold; inner 60/20 validation split
Supplementary,HRD LOH,HRD_LOH,Bio MAF v4,MAF_stack_only,XGBoost,xgboost,Spearman r,1,Full core + optional burden/composition controls,v4_full_core_plus_optional_controls,v4_full_core_plus_optional_controls,948,948,Compact biological annotation core; external evidence-confidence controls; exact consensus driver-gene identity; cancer hotspot summaries; optional burden and event-composition controls,No,Yes,Yes,Yes,Yes,Yes,0.6857898346724858,0.5918950067138314,6,"[""v4_compact_biology_only"",""v4_compact_plus_driver_evidence_tiers"",""v4_compact_plus_exact_driver_genes"",""v4_compact_plus_hotspot_summary"",""v4_full_core"",""v4_full_core_plus_optional_controls""]",5 outer KFold; inner 60/20 validation split
Supplementary,HRD LOH,HRD_LOH,Bio MAF v4,MAF_stack_only,XGBoost,xgboost,Spearman r,2,Full core + optional burden/composition controls,v4_full_core_plus_optional_controls,v4_full_core_plus_optional_controls,948,948,Compact biological annotation core; external evidence-confidence controls; exact consensus driver-gene identity; cancer hotspot summaries; optional burden and event-composition controls,No,Yes,Yes,Yes,Yes,Yes,0.712113752496919,0.6186066180474437,6,"[""v4_compact_biology_only"",""v4_compact_plus_driver_evidence_tiers"",""v4_compact_plus_exact_driver_genes"",""v4_compact_plus_hotspot_summary"",""v4_full_core"",""v4_full_core_plus_optional_controls""]",5 outer KFold; inner 60/20 validation split
Supplementary,HRD LOH,HRD_LOH,Bio MAF v4,MAF_stack_only,XGBoost,xgboost,Spearman r,3,Full core + optional burden/composition controls,v4_full_core_plus_optional_controls,v4_full_core_plus_optional_controls,948,948,Compact biological annotation core; external evidence-confidence controls; exact consensus driver-gene identity; cancer hotspot summaries; optional burden and event-composition controls,No,Yes,Yes,Yes,Yes,Yes,0.6525361217406028,0.5875873725933676,6,"[""v4_compact_biology_only"",""v4_compact_plus_driver_evidence_tiers"",""v4_compact_plus_exact_driver_genes"",""v4_compact_plus_hotspot_summary"",""v4_full_core"",""v4_full_core_plus_optional_controls""]",5 outer KFold; inner 60/20 validation split
Supplementary,HRD LOH,HRD_LOH,Bio MAF v4,MAF_stack_only,XGBoost,xgboost,Spearman r,4,Compact biology + exact driver genes,v4_compact_plus_exact_driver_genes,v4_compact_plus_exact_driver_genes,923,923,Compact biological annotation core; exact consensus driver-gene identity,No,Yes,No,Yes,No,No,0.6198434561594169,0.6841992269509664,6,"[""v4_compact_biology_only"",""v4_compact_plus_driver_evidence_tiers"",""v4_compact_plus_exact_driver_genes"",""v4_compact_plus_hotspot_summary"",""v4_full_core"",""v4_full_core_plus_optional_controls""]",5 outer KFold; inner 60/20 validation split
Supplementary,HRD LOH,HRD_LOH,Bio MAF v4,MAF_stack_only,XGBoost,xgboost,Spearman r,5,Compact biology + exact driver genes,v4_compact_plus_exact_driver_genes,v4_compact_plus_exact_driver_genes,923,923,Compact biological annotation core; exact consensus driver-gene identity,No,Yes,No,Yes,No,No,0.6721558167594462,0.7043201554973947,6,"[""v4_compact_biology_only"",""v4_compact_plus_driver_evidence_tiers"",""v4_compact_plus_exact_driver_genes"",""v4_compact_plus_hotspot_summary"",""v4_full_core"",""v4_full_core_plus_optional_controls""]",5 outer KFold; inner 60/20 validation split
Supplementary,HRD LOH,HRD_LOH,Signatures + Bio MAF v4,signatures_plus_MAF_stack,Elastic net,linear,Spearman r,1,Signatures + Full strict Bio MAF core,signatures_plus_v4_full_core,v4_full_core,1125,943,Compact biological annotation core; external evidence-confidence controls; exact consensus driver-gene identity; cancer hotspot summaries,Yes,Yes,Yes,Yes,Yes,No,0.6457020001121956,0.6627410907312792,7,"[""signatures_only"",""signatures_plus_v4_compact_biology_only"",""signatures_plus_v4_compact_plus_driver_evidence_tiers"",""signatures_plus_v4_compact_plus_exact_driver_genes"",""signatures_plus_v4_compact_plus_hotspot_summary"",""signatures_plus_v4_full_core"",""signatures_plus_v4_full_core_plus_optional_controls""]",5 outer KFold; inner 60/20 validation split
Supplementary,HRD LOH,HRD_LOH,Signatures + Bio MAF v4,signatures_plus_MAF_stack,Elastic net,linear,Spearman r,2,Signatures + Compact biology + exact driver genes,signatures_plus_v4_compact_plus_exact_driver_genes,v4_compact_plus_exact_driver_genes,1105,923,Compact biological annotation core; exact consensus driver-gene identity,Yes,Yes,No,Yes,No,No,0.6719057958308771,0.6370716841512458,7,"[""signatures_only"",""signatures_plus_v4_compact_biology_only"",""signatures_plus_v4_compact_plus_driver_evidence_tiers"",""signatures_plus_v4_compact_plus_exact_driver_genes"",""signatures_plus_v4_compact_plus_hotspot_summary"",""signatures_plus_v4_full_core"",""signatures_plus_v4_full_core_plus_optional_controls""]",5 outer KFold; inner 60/20 validation split
Supplementary,HRD LOH,HRD_LOH,Signatures + Bio MAF v4,signatures_plus_MAF_stack,Elastic net,linear,Spearman r,3,Signatures + Compact biology + exact driver genes,signatures_plus_v4_compact_plus_exact_driver_genes,v4_compact_plus_exact_driver_genes,1105,923,Compact biological annotation core; exact consensus driver-gene identity,Yes,Yes,No,Yes,No,No,0.6136305062245343,0.6187535578209906,7,"[""signatures_only"",""signatures_plus_v4_compact_biology_only"",""signatures_plus_v4_compact_plus_driver_evidence_tiers"",""signatures_plus_v4_compact_plus_exact_driver_genes"",""signatures_plus_v4_compact_plus_hotspot_summary"",""signatures_plus_v4_full_core"",""signatures_plus_v4_full_core_plus_optional_controls""]",5 outer KFold; inner 60/20 validation split
Supplementary,HRD LOH,HRD_LOH,Signatures + Bio MAF v4,signatures_plus_MAF_stack,Elastic net,linear,Spearman r,4,Signatures + Full core + optional burden/composition controls,signatures_plus_v4_full_core_plus_optional_controls,v4_full_core_plus_optional_controls,1130,948,Compact biological annotation core; external evidence-confidence controls; exact consensus driver-gene identity; cancer hotspot summaries; optional burden and event-composition controls,Yes,Yes,Yes,Yes,Yes,Yes,0.6670310891625774,0.5780044004546881,7,"[""signatures_only"",""signatures_plus_v4_compact_biology_only"",""signatures_plus_v4_compact_plus_driver_evidence_tiers"",""signatures_plus_v4_compact_plus_exact_driver_genes"",""signatures_plus_v4_compact_plus_hotspot_summary"",""signatures_plus_v4_full_core"",""signatures_plus_v4_full_core_plus_optional_controls""]",5 outer KFold; inner 60/20 validation split
Supplementary,HRD LOH,HRD_LOH,Signatures + Bio MAF v4,signatures_plus_MAF_stack,Elastic net,linear,Spearman r,5,Signatures + Compact biology + exact driver genes,signatures_plus_v4_compact_plus_exact_driver_genes,v4_compact_plus_exact_driver_genes,1105,923,Compact biological annotation core; exact consensus driver-gene identity,Yes,Yes,No,Yes,No,No,0.6571062008329207,0.6170859672767981,7,"[""signatures_only"",""signatures_plus_v4_compact_biology_only"",""signatures_plus_v4_compact_plus_driver_evidence_tiers"",""signatures_plus_v4_compact_plus_exact_driver_genes"",""signatures_plus_v4_compact_plus_hotspot_summary"",""signatures_plus_v4_full_core"",""signatures_plus_v4_full_core_plus_optional_controls""]",5 outer KFold; inner 60/20 validation split
Supplementary,HRD LOH,HRD_LOH,Signatures + Bio MAF v4,signatures_plus_MAF_stack,XGBoost,xgboost,Spearman r,1,Signatures + Full strict Bio MAF core,signatures_plus_v4_full_core,v4_full_core,1125,943,Compact biological annotation core; external evidence-confidence controls; exact consensus driver-gene identity; cancer hotspot summaries,Yes,Yes,Yes,Yes,Yes,No,0.7176222640501516,0.6649389270616824,7,"[""signatures_only"",""signatures_plus_v4_compact_biology_only"",""signatures_plus_v4_compact_plus_driver_evidence_tiers"",""signatures_plus_v4_compact_plus_exact_driver_genes"",""signatures_plus_v4_compact_plus_hotspot_summary"",""signatures_plus_v4_full_core"",""signatures_plus_v4_full_core_plus_optional_controls""]",5 outer KFold; inner 60/20 validation split
Supplementary,HRD LOH,HRD_LOH,Signatures + Bio MAF v4,signatures_plus_MAF_stack,XGBoost,xgboost,Spearman r,2,Signatures + Full strict Bio MAF core,signatures_plus_v4_full_core,v4_full_core,1125,943,Compact biological annotation core; external evidence-confidence controls; exact consensus driver-gene identity; cancer hotspot summaries,Yes,Yes,Yes,Yes,Yes,No,0.6196192823934683,0.6855796115046615,7,"[""signatures_only"",""signatures_plus_v4_compact_biology_only"",""signatures_plus_v4_compact_plus_driver_evidence_tiers"",""signatures_plus_v4_compact_plus_exact_driver_genes"",""signatures_plus_v4_compact_plus_hotspot_summary"",""signatures_plus_v4_full_core"",""signatures_plus_v4_full_core_plus_optional_controls""]",5 outer KFold; inner 60/20 validation split
Supplementary,HRD LOH,HRD_LOH,Signatures + Bio MAF v4,signatures_plus_MAF_stack,XGBoost,xgboost,Spearman r,3,Signatures + Full strict Bio MAF core,signatures_plus_v4_full_core,v4_full_core,1125,943,Compact biological annotation core; external evidence-confidence controls; exact consensus driver-gene identity; cancer hotspot summaries,Yes,Yes,Yes,Yes,Yes,No,0.6855523636993222,0.5900794068262062,7,"[""signatures_only"",""signatures_plus_v4_compact_biology_only"",""signatures_plus_v4_compact_plus_driver_evidence_tiers"",""signatures_plus_v4_compact_plus_exact_driver_genes"",""signatures_plus_v4_compact_plus_hotspot_summary"",""signatures_plus_v4_full_core"",""signatures_plus_v4_full_core_plus_optional_controls""]",5 outer KFold; inner 60/20 validation split
Supplementary,HRD LOH,HRD_LOH,Signatures + Bio MAF v4,signatures_plus_MAF_stack,XGBoost,xgboost,Spearman r,4,Signatures + Full strict Bio MAF core,signatures_plus_v4_full_core,v4_full_core,1125,943,Compact biological annotation core; external evidence-confidence controls; exact consensus driver-gene identity; cancer hotspot summaries,Yes,Yes,Yes,Yes,Yes,No,0.6279475824315798,0.7241970288599435,7,"[""signatures_only"",""signatures_plus_v4_compact_biology_only"",""signatures_plus_v4_compact_plus_driver_evidence_tiers"",""signatures_plus_v4_compact_plus_exact_driver_genes"",""signatures_plus_v4_compact_plus_hotspot_summary"",""signatures_plus_v4_full_core"",""signatures_plus_v4_full_core_plus_optional_controls""]",5 outer KFold; inner 60/20 validation split
Supplementary,HRD LOH,HRD_LOH,Signatures + Bio MAF v4,signatures_plus_MAF_stack,XGBoost,xgboost,Spearman r,5,Signatures + Compact biology + exact driver genes,signatures_plus_v4_compact_plus_exact_driver_genes,v4_compact_plus_exact_driver_genes,1105,923,Compact biological annotation core; exact consensus driver-gene identity,Yes,Yes,No,Yes,No,No,0.6790952894720278,0.638808677788254,7,"[""signatures_only"",""signatures_plus_v4_compact_biology_only"",""signatures_plus_v4_compact_plus_driver_evidence_tiers"",""signatures_plus_v4_compact_plus_exact_driver_genes"",""signatures_plus_v4_compact_plus_hotspot_summary"",""signatures_plus_v4_full_core"",""signatures_plus_v4_full_core_plus_optional_controls""]",5 outer KFold; inner 60/20 validation split
Supplementary,PARPi7,PARPi7,Bio MAF v4,MAF_stack_only,Elastic net,linear,Spearman r,1,Compact biology + exact driver genes,v4_compact_plus_exact_driver_genes,v4_compact_plus_exact_driver_genes,923,923,Compact biological annotation core; exact consensus driver-gene identity,No,Yes,No,Yes,No,No,0.4283228276511099,0.3081028169549705,6,"[""v4_compact_biology_only"",""v4_compact_plus_driver_evidence_tiers"",""v4_compact_plus_exact_driver_genes"",""v4_compact_plus_hotspot_summary"",""v4_full_core"",""v4_full_core_plus_optional_controls""]",5 outer KFold; inner 60/20 validation split
Supplementary,PARPi7,PARPi7,Bio MAF v4,MAF_stack_only,Elastic net,linear,Spearman r,2,Compact biology + exact driver genes,v4_compact_plus_exact_driver_genes,v4_compact_plus_exact_driver_genes,923,923,Compact biological annotation core; exact consensus driver-gene identity,No,Yes,No,Yes,No,No,0.4195257143121366,0.3631299768958848,6,"[""v4_compact_biology_only"",""v4_compact_plus_driver_evidence_tiers"",""v4_compact_plus_exact_driver_genes"",""v4_compact_plus_hotspot_summary"",""v4_full_core"",""v4_full_core_plus_optional_controls""]",5 outer KFold; inner 60/20 validation split
Supplementary,PARPi7,PARPi7,Bio MAF v4,MAF_stack_only,Elastic net,linear,Spearman r,3,Full strict Bio MAF core,v4_full_core,v4_full_core,943,943,Compact biological annotation core; external evidence-confidence controls; exact consensus driver-gene identity; cancer hotspot summaries,No,Yes,Yes,Yes,Yes,No,0.3776129239172276,0.4077738330154445,6,"[""v4_compact_biology_only"",""v4_compact_plus_driver_evidence_tiers"",""v4_compact_plus_exact_driver_genes"",""v4_compact_plus_hotspot_summary"",""v4_full_core"",""v4_full_core_plus_optional_controls""]",5 outer KFold; inner 60/20 validation split
Supplementary,PARPi7,PARPi7,Bio MAF v4,MAF_stack_only,Elastic net,linear,Spearman r,4,Compact biology + exact driver genes,v4_compact_plus_exact_driver_genes,v4_compact_plus_exact_driver_genes,923,923,Compact biological annotation core; exact consensus driver-gene identity,No,Yes,No,Yes,No,No,0.4403480729683832,0.2605484148978108,6,"[""v4_compact_biology_only"",""v4_compact_plus_driver_evidence_tiers"",""v4_compact_plus_exact_driver_genes"",""v4_compact_plus_hotspot_summary"",""v4_full_core"",""v4_full_core_plus_optional_controls""]",5 outer KFold; inner 60/20 validation split
Supplementary,PARPi7,PARPi7,Bio MAF v4,MAF_stack_only,Elastic net,linear,Spearman r,5,Compact biology + exact driver genes,v4_compact_plus_exact_driver_genes,v4_compact_plus_exact_driver_genes,923,923,Compact biological annotation core; exact consensus driver-gene identity,No,Yes,No,Yes,No,No,0.2663588522328465,0.2405889647168592,6,"[""v4_compact_biology_only"",""v4_compact_plus_driver_evidence_tiers"",""v4_compact_plus_exact_driver_genes"",""v4_compact_plus_hotspot_summary"",""v4_full_core"",""v4_full_core_plus_optional_controls""]",5 outer KFold; inner 60/20 validation split
Supplementary,PARPi7,PARPi7,Bio MAF v4,MAF_stack_only,XGBoost,xgboost,Spearman r,1,Full core + optional burden/composition controls,v4_full_core_plus_optional_controls,v4_full_core_plus_optional_controls,948,948,Compact biological annotation core; external evidence-confidence controls; exact consensus driver-gene identity; cancer hotspot summaries; optional burden and event-composition controls,No,Yes,Yes,Yes,Yes,Yes,0.3218079471190296,0.3840549002086387,6,"[""v4_compact_biology_only"",""v4_compact_plus_driver_evidence_tiers"",""v4_compact_plus_exact_driver_genes"",""v4_compact_plus_hotspot_summary"",""v4_full_core"",""v4_full_core_plus_optional_controls""]",5 outer KFold; inner 60/20 validation split
Supplementary,PARPi7,PARPi7,Bio MAF v4,MAF_stack_only,XGBoost,xgboost,Spearman r,2,Compact biology + exact driver genes,v4_compact_plus_exact_driver_genes,v4_compact_plus_exact_driver_genes,923,923,Compact biological annotation core; exact consensus driver-gene identity,No,Yes,No,Yes,No,No,0.3814261809545891,0.3836107335875694,6,"[""v4_compact_biology_only"",""v4_compact_plus_driver_evidence_tiers"",""v4_compact_plus_exact_driver_genes"",""v4_compact_plus_hotspot_summary"",""v4_full_core"",""v4_full_core_plus_optional_controls""]",5 outer KFold; inner 60/20 validation split
Supplementary,PARPi7,PARPi7,Bio MAF v4,MAF_stack_only,XGBoost,xgboost,Spearman r,3,Compact biology + evidence-confidence controls,v4_compact_plus_driver_evidence_tiers,v4_compact_plus_driver_evidence_tiers,137,137,Compact biological annotation core; external evidence-confidence controls,No,Yes,Yes,No,No,No,0.3995404221795363,0.2853037641562602,6,"[""v4_compact_biology_only"",""v4_compact_plus_driver_evidence_tiers"",""v4_compact_plus_exact_driver_genes"",""v4_compact_plus_hotspot_summary"",""v4_full_core"",""v4_full_core_plus_optional_controls""]",5 outer KFold; inner 60/20 validation split
Supplementary,PARPi7,PARPi7,Bio MAF v4,MAF_stack_only,XGBoost,xgboost,Spearman r,4,Full strict Bio MAF core,v4_full_core,v4_full_core,943,943,Compact biological annotation core; external evidence-confidence controls; exact consensus driver-gene identity; cancer hotspot summaries,No,Yes,Yes,Yes,Yes,No,0.4543020022001682,0.201063442660055,6,"[""v4_compact_biology_only"",""v4_compact_plus_driver_evidence_tiers"",""v4_compact_plus_exact_driver_genes"",""v4_compact_plus_hotspot_summary"",""v4_full_core"",""v4_full_core_plus_optional_controls""]",5 outer KFold; inner 60/20 validation split
Supplementary,PARPi7,PARPi7,Bio MAF v4,MAF_stack_only,XGBoost,xgboost,Spearman r,5,Compact biology + exact driver genes,v4_compact_plus_exact_driver_genes,v4_compact_plus_exact_driver_genes,923,923,Compact biological annotation core; exact consensus driver-gene identity,No,Yes,No,Yes,No,No,0.4536759309178485,0.4727541117732007,6,"[""v4_compact_biology_only"",""v4_compact_plus_driver_evidence_tiers"",""v4_compact_plus_exact_driver_genes"",""v4_compact_plus_hotspot_summary"",""v4_full_core"",""v4_full_core_plus_optional_controls""]",5 outer KFold; inner 60/20 validation split
Supplementary,PARPi7,PARPi7,Signatures + Bio MAF v4,signatures_plus_MAF_stack,Elastic net,linear,Spearman r,1,Signatures + Compact biology + exact driver genes,signatures_plus_v4_compact_plus_exact_driver_genes,v4_compact_plus_exact_driver_genes,1105,923,Compact biological annotation core; exact consensus driver-gene identity,Yes,Yes,No,Yes,No,No,0.2025978493784479,0.3993871912062275,7,"[""signatures_only"",""signatures_plus_v4_compact_biology_only"",""signatures_plus_v4_compact_plus_driver_evidence_tiers"",""signatures_plus_v4_compact_plus_exact_driver_genes"",""signatures_plus_v4_compact_plus_hotspot_summary"",""signatures_plus_v4_full_core"",""signatures_plus_v4_full_core_plus_optional_controls""]",5 outer KFold; inner 60/20 validation split
Supplementary,PARPi7,PARPi7,Signatures + Bio MAF v4,signatures_plus_MAF_stack,Elastic net,linear,Spearman r,2,Signatures + Full strict Bio MAF core,signatures_plus_v4_full_core,v4_full_core,1125,943,Compact biological annotation core; external evidence-confidence controls; exact consensus driver-gene identity; cancer hotspot summaries,Yes,Yes,Yes,Yes,Yes,No,0.39132539983043,0.417132600087887,7,"[""signatures_only"",""signatures_plus_v4_compact_biology_only"",""signatures_plus_v4_compact_plus_driver_evidence_tiers"",""signatures_plus_v4_compact_plus_exact_driver_genes"",""signatures_plus_v4_compact_plus_hotspot_summary"",""signatures_plus_v4_full_core"",""signatures_plus_v4_full_core_plus_optional_controls""]",5 outer KFold; inner 60/20 validation split
Supplementary,PARPi7,PARPi7,Signatures + Bio MAF v4,signatures_plus_MAF_stack,Elastic net,linear,Spearman r,3,Signatures + Compact biology + exact driver genes,signatures_plus_v4_compact_plus_exact_driver_genes,v4_compact_plus_exact_driver_genes,1105,923,Compact biological annotation core; exact consensus driver-gene identity,Yes,Yes,No,Yes,No,No,0.4917130988814128,0.3184123085543526,7,"[""signatures_only"",""signatures_plus_v4_compact_biology_only"",""signatures_plus_v4_compact_plus_driver_evidence_tiers"",""signatures_plus_v4_compact_plus_exact_driver_genes"",""signatures_plus_v4_compact_plus_hotspot_summary"",""signatures_plus_v4_full_core"",""signatures_plus_v4_full_core_plus_optional_controls""]",5 outer KFold; inner 60/20 validation split
Supplementary,PARPi7,PARPi7,Signatures + Bio MAF v4,signatures_plus_MAF_stack,Elastic net,linear,Spearman r,4,Signatures + Full strict Bio MAF core,signatures_plus_v4_full_core,v4_full_core,1125,943,Compact biological annotation core; external evidence-confidence controls; exact consensus driver-gene identity; cancer hotspot summaries,Yes,Yes,Yes,Yes,Yes,No,0.3383036558818933,0.3798722155036755,7,"[""signatures_only"",""signatures_plus_v4_compact_biology_only"",""signatures_plus_v4_compact_plus_driver_evidence_tiers"",""signatures_plus_v4_compact_plus_exact_driver_genes"",""signatures_plus_v4_compact_plus_hotspot_summary"",""signatures_plus_v4_full_core"",""signatures_plus_v4_full_core_plus_optional_controls""]",5 outer KFold; inner 60/20 validation split
Supplementary,PARPi7,PARPi7,Signatures + Bio MAF v4,signatures_plus_MAF_stack,Elastic net,linear,Spearman r,5,Signatures + Compact biology + exact driver genes,signatures_plus_v4_compact_plus_exact_driver_genes,v4_compact_plus_exact_driver_genes,1105,923,Compact biological annotation core; exact consensus driver-gene identity,Yes,Yes,No,Yes,No,No,0.4353214150621043,0.2771941815067366,7,"[""signatures_only"",""signatures_plus_v4_compact_biology_only"",""signatures_plus_v4_compact_plus_driver_evidence_tiers"",""signatures_plus_v4_compact_plus_exact_driver_genes"",""signatures_plus_v4_compact_plus_hotspot_summary"",""signatures_plus_v4_full_core"",""signatures_plus_v4_full_core_plus_optional_controls""]",5 outer KFold; inner 60/20 validation split
Supplementary,PARPi7,PARPi7,Signatures + Bio MAF v4,signatures_plus_MAF_stack,XGBoost,xgboost,Spearman r,1,Signatures + Full core + optional burden/composition controls,signatures_plus_v4_full_core_plus_optional_controls,v4_full_core_plus_optional_controls,1130,948,Compact biological annotation core; external evidence-confidence controls; exact consensus driver-gene identity; cancer hotspot summaries; optional burden and event-composition controls,Yes,Yes,Yes,Yes,Yes,Yes,0.4644390465984903,0.2491464167229825,7,"[""signatures_only"",""signatures_plus_v4_compact_biology_only"",""signatures_plus_v4_compact_plus_driver_evidence_tiers"",""signatures_plus_v4_compact_plus_exact_driver_genes"",""signatures_plus_v4_compact_plus_hotspot_summary"",""signatures_plus_v4_full_core"",""signatures_plus_v4_full_core_plus_optional_controls""]",5 outer KFold; inner 60/20 validation split
Supplementary,PARPi7,PARPi7,Signatures + Bio MAF v4,signatures_plus_MAF_stack,XGBoost,xgboost,Spearman r,2,Signatures + Compact biology + exact driver genes,signatures_plus_v4_compact_plus_exact_driver_genes,v4_compact_plus_exact_driver_genes,1105,923,Compact biological annotation core; exact consensus driver-gene identity,Yes,Yes,No,Yes,No,No,0.5161162458052208,0.4338549912018024,7,"[""signatures_only"",""signatures_plus_v4_compact_biology_only"",""signatures_plus_v4_compact_plus_driver_evidence_tiers"",""signatures_plus_v4_compact_plus_exact_driver_genes"",""signatures_plus_v4_compact_plus_hotspot_summary"",""signatures_plus_v4_full_core"",""signatures_plus_v4_full_core_plus_optional_controls""]",5 outer KFold; inner 60/20 validation split
Supplementary,PARPi7,PARPi7,Signatures + Bio MAF v4,signatures_plus_MAF_stack,XGBoost,xgboost,Spearman r,3,Signatures + Full strict Bio MAF core,signatures_plus_v4_full_core,v4_full_core,1125,943,Compact biological annotation core; external evidence-confidence controls; exact consensus driver-gene identity; cancer hotspot summaries,Yes,Yes,Yes,Yes,Yes,No,0.4930234581766704,0.3471900033519612,7,"[""signatures_only"",""signatures_plus_v4_compact_biology_only"",""signatures_plus_v4_compact_plus_driver_evidence_tiers"",""signatures_plus_v4_compact_plus_exact_driver_genes"",""signatures_plus_v4_compact_plus_hotspot_summary"",""signatures_plus_v4_full_core"",""signatures_plus_v4_full_core_plus_optional_controls""]",5 outer KFold; inner 60/20 validation split
Supplementary,PARPi7,PARPi7,Signatures + Bio MAF v4,signatures_plus_MAF_stack,XGBoost,xgboost,Spearman r,4,Signatures + Full core + optional burden/composition controls,signatures_plus_v4_full_core_plus_optional_controls,v4_full_core_plus_optional_controls,1130,948,Compact biological annotation core; external evidence-confidence controls; exact consensus driver-gene identity; cancer hotspot summaries; optional burden and event-composition controls,Yes,Yes,Yes,Yes,Yes,Yes,0.4815933176234166,0.2999868568150104,7,"[""signatures_only"",""signatures_plus_v4_compact_biology_only"",""signatures_plus_v4_compact_plus_driver_evidence_tiers"",""signatures_plus_v4_compact_plus_exact_driver_genes"",""signatures_plus_v4_compact_plus_hotspot_summary"",""signatures_plus_v4_full_core"",""signatures_plus_v4_full_core_plus_optional_controls""]",5 outer KFold; inner 60/20 validation split
Supplementary,PARPi7,PARPi7,Signatures + Bio MAF v4,signatures_plus_MAF_stack,XGBoost,xgboost,Spearman r,5,Signatures + Compact biology + exact driver genes,signatures_plus_v4_compact_plus_exact_driver_genes,v4_compact_plus_exact_driver_genes,1105,923,Compact biological annotation core; exact consensus driver-gene identity,Yes,Yes,No,Yes,No,No,0.2937558157826345,0.5435075651313028,7,"[""signatures_only"",""signatures_plus_v4_compact_biology_only"",""signatures_plus_v4_compact_plus_driver_evidence_tiers"",""signatures_plus_v4_compact_plus_exact_driver_genes"",""signatures_plus_v4_compact_plus_hotspot_summary"",""signatures_plus_v4_full_core"",""signatures_plus_v4_full_core_plus_optional_controls""]",5 outer KFold; inner 60/20 validation split
Supplementary,eCARD,eCARD,Bio MAF v4,MAF_stack_only,Elastic net,linear,Spearman r,1,Compact biology + exact driver genes,v4_compact_plus_exact_driver_genes,v4_compact_plus_exact_driver_genes,923,923,Compact biological annotation core; exact consensus driver-gene identity,No,Yes,No,Yes,No,No,0.4381315765941744,0.5745452729089493,6,"[""v4_compact_biology_only"",""v4_compact_plus_driver_evidence_tiers"",""v4_compact_plus_exact_driver_genes"",""v4_compact_plus_hotspot_summary"",""v4_full_core"",""v4_full_core_plus_optional_controls""]",5 outer KFold; inner 60/20 validation split
Supplementary,eCARD,eCARD,Bio MAF v4,MAF_stack_only,Elastic net,linear,Spearman r,2,Compact biology + exact driver genes,v4_compact_plus_exact_driver_genes,v4_compact_plus_exact_driver_genes,923,923,Compact biological annotation core; exact consensus driver-gene identity,No,Yes,No,Yes,No,No,0.5454066461013711,0.4563008866959722,6,"[""v4_compact_biology_only"",""v4_compact_plus_driver_evidence_tiers"",""v4_compact_plus_exact_driver_genes"",""v4_compact_plus_hotspot_summary"",""v4_full_core"",""v4_full_core_plus_optional_controls""]",5 outer KFold; inner 60/20 validation split
Supplementary,eCARD,eCARD,Bio MAF v4,MAF_stack_only,Elastic net,linear,Spearman r,3,Compact biology + exact driver genes,v4_compact_plus_exact_driver_genes,v4_compact_plus_exact_driver_genes,923,923,Compact biological annotation core; exact consensus driver-gene identity,No,Yes,No,Yes,No,No,0.5325287615610196,0.561645185933611,6,"[""v4_compact_biology_only"",""v4_compact_plus_driver_evidence_tiers"",""v4_compact_plus_exact_driver_genes"",""v4_compact_plus_hotspot_summary"",""v4_full_core"",""v4_full_core_plus_optional_controls""]",5 outer KFold; inner 60/20 validation split
Supplementary,eCARD,eCARD,Bio MAF v4,MAF_stack_only,Elastic net,linear,Spearman r,4,Compact biology + exact driver genes,v4_compact_plus_exact_driver_genes,v4_compact_plus_exact_driver_genes,923,923,Compact biological annotation core; exact consensus driver-gene identity,No,Yes,No,Yes,No,No,0.5774676935967258,0.5731064287001192,6,"[""v4_compact_biology_only"",""v4_compact_plus_driver_evidence_tiers"",""v4_compact_plus_exact_driver_genes"",""v4_compact_plus_hotspot_summary"",""v4_full_core"",""v4_full_core_plus_optional_controls""]",5 outer KFold; inner 60/20 validation split
Supplementary,eCARD,eCARD,Bio MAF v4,MAF_stack_only,Elastic net,linear,Spearman r,5,Compact biology + exact driver genes,v4_compact_plus_exact_driver_genes,v4_compact_plus_exact_driver_genes,923,923,Compact biological annotation core; exact consensus driver-gene identity,No,Yes,No,Yes,No,No,0.5429860462118526,0.519738452565777,6,"[""v4_compact_biology_only"",""v4_compact_plus_driver_evidence_tiers"",""v4_compact_plus_exact_driver_genes"",""v4_compact_plus_hotspot_summary"",""v4_full_core"",""v4_full_core_plus_optional_controls""]",5 outer KFold; inner 60/20 validation split
Supplementary,eCARD,eCARD,Bio MAF v4,MAF_stack_only,XGBoost,xgboost,Spearman r,1,Compact biology + exact driver genes,v4_compact_plus_exact_driver_genes,v4_compact_plus_exact_driver_genes,923,923,Compact biological annotation core; exact consensus driver-gene identity,No,Yes,No,Yes,No,No,0.517269049126759,0.4962126522069096,6,"[""v4_compact_biology_only"",""v4_compact_plus_driver_evidence_tiers"",""v4_compact_plus_exact_driver_genes"",""v4_compact_plus_hotspot_summary"",""v4_full_core"",""v4_full_core_plus_optional_controls""]",5 outer KFold; inner 60/20 validation split
Supplementary,eCARD,eCARD,Bio MAF v4,MAF_stack_only,XGBoost,xgboost,Spearman r,2,Compact biology + exact driver genes,v4_compact_plus_exact_driver_genes,v4_compact_plus_exact_driver_genes,923,923,Compact biological annotation core; exact consensus driver-gene identity,No,Yes,No,Yes,No,No,0.5195481937417421,0.5192613837775129,6,"[""v4_compact_biology_only"",""v4_compact_plus_driver_evidence_tiers"",""v4_compact_plus_exact_driver_genes"",""v4_compact_plus_hotspot_summary"",""v4_full_core"",""v4_full_core_plus_optional_controls""]",5 outer KFold; inner 60/20 validation split
Supplementary,eCARD,eCARD,Bio MAF v4,MAF_stack_only,XGBoost,xgboost,Spearman r,3,Full core + optional burden/composition controls,v4_full_core_plus_optional_controls,v4_full_core_plus_optional_controls,948,948,Compact biological annotation core; external evidence-confidence controls; exact consensus driver-gene identity; cancer hotspot summaries; optional burden and event-composition controls,No,Yes,Yes,Yes,Yes,Yes,0.5346512637777378,0.5218479180528517,6,"[""v4_compact_biology_only"",""v4_compact_plus_driver_evidence_tiers"",""v4_compact_plus_exact_driver_genes"",""v4_compact_plus_hotspot_summary"",""v4_full_core"",""v4_full_core_plus_optional_controls""]",5 outer KFold; inner 60/20 validation split
Supplementary,eCARD,eCARD,Bio MAF v4,MAF_stack_only,XGBoost,xgboost,Spearman r,4,Full strict Bio MAF core,v4_full_core,v4_full_core,943,943,Compact biological annotation core; external evidence-confidence controls; exact consensus driver-gene identity; cancer hotspot summaries,No,Yes,Yes,Yes,Yes,No,0.5581749833641086,0.6198362042764319,6,"[""v4_compact_biology_only"",""v4_compact_plus_driver_evidence_tiers"",""v4_compact_plus_exact_driver_genes"",""v4_compact_plus_hotspot_summary"",""v4_full_core"",""v4_full_core_plus_optional_controls""]",5 outer KFold; inner 60/20 validation split
Supplementary,eCARD,eCARD,Bio MAF v4,MAF_stack_only,XGBoost,xgboost,Spearman r,5,Compact biology + exact driver genes,v4_compact_plus_exact_driver_genes,v4_compact_plus_exact_driver_genes,923,923,Compact biological annotation core; exact consensus driver-gene identity,No,Yes,No,Yes,No,No,0.5932744674680159,0.5432736855248371,6,"[""v4_compact_biology_only"",""v4_compact_plus_driver_evidence_tiers"",""v4_compact_plus_exact_driver_genes"",""v4_compact_plus_hotspot_summary"",""v4_full_core"",""v4_full_core_plus_optional_controls""]",5 outer KFold; inner 60/20 validation split
Supplementary,eCARD,eCARD,Signatures + Bio MAF v4,signatures_plus_MAF_stack,Elastic net,linear,Spearman r,1,Signatures + Compact biology + exact driver genes,signatures_plus_v4_compact_plus_exact_driver_genes,v4_compact_plus_exact_driver_genes,1105,923,Compact biological annotation core; exact consensus driver-gene identity,Yes,Yes,No,Yes,No,No,0.5858335213173923,0.5015339499210467,7,"[""signatures_only"",""signatures_plus_v4_compact_biology_only"",""signatures_plus_v4_compact_plus_driver_evidence_tiers"",""signatures_plus_v4_compact_plus_exact_driver_genes"",""signatures_plus_v4_compact_plus_hotspot_summary"",""signatures_plus_v4_full_core"",""signatures_plus_v4_full_core_plus_optional_controls""]",5 outer KFold; inner 60/20 validation split
Supplementary,eCARD,eCARD,Signatures + Bio MAF v4,signatures_plus_MAF_stack,Elastic net,linear,Spearman r,2,Signatures + Compact biology + exact driver genes,signatures_plus_v4_compact_plus_exact_driver_genes,v4_compact_plus_exact_driver_genes,1105,923,Compact biological annotation core; exact consensus driver-gene identity,Yes,Yes,No,Yes,No,No,0.597914340360965,0.5715869385349882,7,"[""signatures_only"",""signatures_plus_v4_compact_biology_only"",""signatures_plus_v4_compact_plus_driver_evidence_tiers"",""signatures_plus_v4_compact_plus_exact_driver_genes"",""signatures_plus_v4_compact_plus_hotspot_summary"",""signatures_plus_v4_full_core"",""signatures_plus_v4_full_core_plus_optional_controls""]",5 outer KFold; inner 60/20 validation split
Supplementary,eCARD,eCARD,Signatures + Bio MAF v4,signatures_plus_MAF_stack,Elastic net,linear,Spearman r,3,Signatures + Compact biology + exact driver genes,signatures_plus_v4_compact_plus_exact_driver_genes,v4_compact_plus_exact_driver_genes,1105,923,Compact biological annotation core; exact consensus driver-gene identity,Yes,Yes,No,Yes,No,No,0.5732062882331532,0.4725284835341761,7,"[""signatures_only"",""signatures_plus_v4_compact_biology_only"",""signatures_plus_v4_compact_plus_driver_evidence_tiers"",""signatures_plus_v4_compact_plus_exact_driver_genes"",""signatures_plus_v4_compact_plus_hotspot_summary"",""signatures_plus_v4_full_core"",""signatures_plus_v4_full_core_plus_optional_controls""]",5 outer KFold; inner 60/20 validation split
Supplementary,eCARD,eCARD,Signatures + Bio MAF v4,signatures_plus_MAF_stack,Elastic net,linear,Spearman r,4,Signatures + Compact biology + exact driver genes,signatures_plus_v4_compact_plus_exact_driver_genes,v4_compact_plus_exact_driver_genes,1105,923,Compact biological annotation core; exact consensus driver-gene identity,Yes,Yes,No,Yes,No,No,0.5003222583867746,0.5340270698532814,7,"[""signatures_only"",""signatures_plus_v4_compact_biology_only"",""signatures_plus_v4_compact_plus_driver_evidence_tiers"",""signatures_plus_v4_compact_plus_exact_driver_genes"",""signatures_plus_v4_compact_plus_hotspot_summary"",""signatures_plus_v4_full_core"",""signatures_plus_v4_full_core_plus_optional_controls""]",5 outer KFold; inner 60/20 validation split
Supplementary,eCARD,eCARD,Signatures + Bio MAF v4,signatures_plus_MAF_stack,Elastic net,linear,Spearman r,5,Signatures + Compact biology + exact driver genes,signatures_plus_v4_compact_plus_exact_driver_genes,v4_compact_plus_exact_driver_genes,1105,923,Compact biological annotation core; exact consensus driver-gene identity,Yes,Yes,No,Yes,No,No,0.6355096516386839,0.5946934785644464,7,"[""signatures_only"",""signatures_plus_v4_compact_biology_only"",""signatures_plus_v4_compact_plus_driver_evidence_tiers"",""signatures_plus_v4_compact_plus_exact_driver_genes"",""signatures_plus_v4_compact_plus_hotspot_summary"",""signatures_plus_v4_full_core"",""signatures_plus_v4_full_core_plus_optional_controls""]",5 outer KFold; inner 60/20 validation split
Supplementary,eCARD,eCARD,Signatures + Bio MAF v4,signatures_plus_MAF_stack,XGBoost,xgboost,Spearman r,1,Signatures + Full strict Bio MAF core,signatures_plus_v4_full_core,v4_full_core,1125,943,Compact biological annotation core; external evidence-confidence controls; exact consensus driver-gene identity; cancer hotspot summaries,Yes,Yes,Yes,Yes,Yes,No,0.6614224358461743,0.4652141932377144,7,"[""signatures_only"",""signatures_plus_v4_compact_biology_only"",""signatures_plus_v4_compact_plus_driver_evidence_tiers"",""signatures_plus_v4_compact_plus_exact_driver_genes"",""signatures_plus_v4_compact_plus_hotspot_summary"",""signatures_plus_v4_full_core"",""signatures_plus_v4_full_core_plus_optional_controls""]",5 outer KFold; inner 60/20 validation split
Supplementary,eCARD,eCARD,Signatures + Bio MAF v4,signatures_plus_MAF_stack,XGBoost,xgboost,Spearman r,2,Signatures + Full core + optional burden/composition controls,signatures_plus_v4_full_core_plus_optional_controls,v4_full_core_plus_optional_controls,1130,948,Compact biological annotation core; external evidence-confidence controls; exact consensus driver-gene identity; cancer hotspot summaries; optional burden and event-composition controls,Yes,Yes,Yes,Yes,Yes,Yes,0.5851181076987529,0.5281460475008862,7,"[""signatures_only"",""signatures_plus_v4_compact_biology_only"",""signatures_plus_v4_compact_plus_driver_evidence_tiers"",""signatures_plus_v4_compact_plus_exact_driver_genes"",""signatures_plus_v4_compact_plus_hotspot_summary"",""signatures_plus_v4_full_core"",""signatures_plus_v4_full_core_plus_optional_controls""]",5 outer KFold; inner 60/20 validation split
Supplementary,eCARD,eCARD,Signatures + Bio MAF v4,signatures_plus_MAF_stack,XGBoost,xgboost,Spearman r,3,Signatures + Compact biology + exact driver genes,signatures_plus_v4_compact_plus_exact_driver_genes,v4_compact_plus_exact_driver_genes,1105,923,Compact biological annotation core; exact consensus driver-gene identity,Yes,Yes,No,Yes,No,No,0.5585994650510779,0.5014272582924372,7,"[""signatures_only"",""signatures_plus_v4_compact_biology_only"",""signatures_plus_v4_compact_plus_driver_evidence_tiers"",""signatures_plus_v4_compact_plus_exact_driver_genes"",""signatures_plus_v4_compact_plus_hotspot_summary"",""signatures_plus_v4_full_core"",""signatures_plus_v4_full_core_plus_optional_controls""]",5 outer KFold; inner 60/20 validation split
Supplementary,eCARD,eCARD,Signatures + Bio MAF v4,signatures_plus_MAF_stack,XGBoost,xgboost,Spearman r,4,Signatures + Full strict Bio MAF core,signatures_plus_v4_full_core,v4_full_core,1125,943,Compact biological annotation core; external evidence-confidence controls; exact consensus driver-gene identity; cancer hotspot summaries,Yes,Yes,Yes,Yes,Yes,No,0.5590989655505784,0.5963220683295245,7,"[""signatures_only"",""signatures_plus_v4_compact_biology_only"",""signatures_plus_v4_compact_plus_driver_evidence_tiers"",""signatures_plus_v4_compact_plus_exact_driver_genes"",""signatures_plus_v4_compact_plus_hotspot_summary"",""signatures_plus_v4_full_core"",""signatures_plus_v4_full_core_plus_optional_controls""]",5 outer KFold; inner 60/20 validation split
Supplementary,eCARD,eCARD,Signatures + Bio MAF v4,signatures_plus_MAF_stack,XGBoost,xgboost,Spearman r,5,Signatures + Full core + optional burden/composition controls,signatures_plus_v4_full_core_plus_optional_controls,v4_full_core_plus_optional_controls,1130,948,Compact biological annotation core; external evidence-confidence controls; exact consensus driver-gene identity; cancer hotspot summaries; optional burden and event-composition controls,Yes,Yes,Yes,Yes,Yes,Yes,0.6358705810318713,0.5464280316230571,7,"[""signatures_only"",""signatures_plus_v4_compact_biology_only"",""signatures_plus_v4_compact_plus_driver_evidence_tiers"",""signatures_plus_v4_compact_plus_exact_driver_genes"",""signatures_plus_v4_compact_plus_hotspot_summary"",""signatures_plus_v4_full_core"",""signatures_plus_v4_full_core_plus_optional_controls""]",5 outer KFold; inner 60/20 validation split
Supplementary,PFI survival,PFI,Bio MAF v4,MAF_stack_only,Cox PH,cox_ph,Harrell C-index,1,Compact biology + exact driver genes,v4_compact_plus_exact_driver_genes,v4_compact_plus_exact_driver_genes,923,923,Compact biological annotation core; exact consensus driver-gene identity,No,Yes,No,Yes,No,No,0.6380333092897822,0.6318798055043234,6,"[""v4_compact_biology_only"",""v4_compact_plus_driver_evidence_tiers"",""v4_compact_plus_exact_driver_genes"",""v4_compact_plus_hotspot_summary"",""v4_full_core"",""v4_full_core_plus_optional_controls""]",5 outer event-stratified folds; inner 60/20 event-stratified validation split
Supplementary,PFI survival,PFI,Bio MAF v4,MAF_stack_only,Cox PH,cox_ph,Harrell C-index,2,Compact biology + exact driver genes,v4_compact_plus_exact_driver_genes,v4_compact_plus_exact_driver_genes,923,923,Compact biological annotation core; exact consensus driver-gene identity,No,Yes,No,Yes,No,No,0.6206093019946398,0.6021179572779835,6,"[""v4_compact_biology_only"",""v4_compact_plus_driver_evidence_tiers"",""v4_compact_plus_exact_driver_genes"",""v4_compact_plus_hotspot_summary"",""v4_full_core"",""v4_full_core_plus_optional_controls""]",5 outer event-stratified folds; inner 60/20 event-stratified validation split
Supplementary,PFI survival,PFI,Bio MAF v4,MAF_stack_only,Cox PH,cox_ph,Harrell C-index,3,Compact biology + exact driver genes,v4_compact_plus_exact_driver_genes,v4_compact_plus_exact_driver_genes,923,923,Compact biological annotation core; exact consensus driver-gene identity,No,Yes,No,Yes,No,No,0.6393379632265043,0.6106959245413103,6,"[""v4_compact_biology_only"",""v4_compact_plus_driver_evidence_tiers"",""v4_compact_plus_exact_driver_genes"",""v4_compact_plus_hotspot_summary"",""v4_full_core"",""v4_full_core_plus_optional_controls""]",5 outer event-stratified folds; inner 60/20 event-stratified validation split
Supplementary,PFI survival,PFI,Bio MAF v4,MAF_stack_only,Cox PH,cox_ph,Harrell C-index,4,Full core + optional burden/composition controls,v4_full_core_plus_optional_controls,v4_full_core_plus_optional_controls,948,948,Compact biological annotation core; external evidence-confidence controls; exact consensus driver-gene identity; cancer hotspot summaries; optional burden and event-composition controls,No,Yes,Yes,Yes,Yes,Yes,0.6242877462751321,0.636792169118731,6,"[""v4_compact_biology_only"",""v4_compact_plus_driver_evidence_tiers"",""v4_compact_plus_exact_driver_genes"",""v4_compact_plus_hotspot_summary"",""v4_full_core"",""v4_full_core_plus_optional_controls""]",5 outer event-stratified folds; inner 60/20 event-stratified validation split
Supplementary,PFI survival,PFI,Bio MAF v4,MAF_stack_only,Cox PH,cox_ph,Harrell C-index,5,Full strict Bio MAF core,v4_full_core,v4_full_core,943,943,Compact biological annotation core; external evidence-confidence controls; exact consensus driver-gene identity; cancer hotspot summaries,No,Yes,Yes,Yes,Yes,No,0.6331880608896043,0.5758755004757236,6,"[""v4_compact_biology_only"",""v4_compact_plus_driver_evidence_tiers"",""v4_compact_plus_exact_driver_genes"",""v4_compact_plus_hotspot_summary"",""v4_full_core"",""v4_full_core_plus_optional_controls""]",5 outer event-stratified folds; inner 60/20 event-stratified validation split
Supplementary,PFI survival,PFI,Signatures + Bio MAF v4,signatures_plus_MAF_stack,Cox PH,cox_ph,Harrell C-index,1,Signatures + Compact biology + exact driver genes,signatures_plus_v4_compact_plus_exact_driver_genes,v4_compact_plus_exact_driver_genes,1105,923,Compact biological annotation core; exact consensus driver-gene identity,Yes,Yes,No,Yes,No,No,0.6246731791741672,0.6334221847501602,7,"[""signatures_only"",""signatures_plus_v4_compact_biology_only"",""signatures_plus_v4_compact_plus_driver_evidence_tiers"",""signatures_plus_v4_compact_plus_exact_driver_genes"",""signatures_plus_v4_compact_plus_hotspot_summary"",""signatures_plus_v4_full_core"",""signatures_plus_v4_full_core_plus_optional_controls""]",5 outer event-stratified folds; inner 60/20 event-stratified validation split
Supplementary,PFI survival,PFI,Signatures + Bio MAF v4,signatures_plus_MAF_stack,Cox PH,cox_ph,Harrell C-index,2,Signatures + Full core + optional burden/composition controls,signatures_plus_v4_full_core_plus_optional_controls,v4_full_core_plus_optional_controls,1130,948,Compact biological annotation core; external evidence-confidence controls; exact consensus driver-gene identity; cancer hotspot summaries; optional burden and event-composition controls,Yes,Yes,Yes,Yes,Yes,Yes,0.6342110357955606,0.614035002483867,7,"[""signatures_only"",""signatures_plus_v4_compact_biology_only"",""signatures_plus_v4_compact_plus_driver_evidence_tiers"",""signatures_plus_v4_compact_plus_exact_driver_genes"",""signatures_plus_v4_compact_plus_hotspot_summary"",""signatures_plus_v4_full_core"",""signatures_plus_v4_full_core_plus_optional_controls""]",5 outer event-stratified folds; inner 60/20 event-stratified validation split
Supplementary,PFI survival,PFI,Signatures + Bio MAF v4,signatures_plus_MAF_stack,Cox PH,cox_ph,Harrell C-index,3,Signatures + Full core + optional burden/composition controls,signatures_plus_v4_full_core_plus_optional_controls,v4_full_core_plus_optional_controls,1130,948,Compact biological annotation core; external evidence-confidence controls; exact consensus driver-gene identity; cancer hotspot summaries; optional burden and event-composition controls,Yes,Yes,Yes,Yes,Yes,Yes,0.6366055373189716,0.6120211469435648,7,"[""signatures_only"",""signatures_plus_v4_compact_biology_only"",""signatures_plus_v4_compact_plus_driver_evidence_tiers"",""signatures_plus_v4_compact_plus_exact_driver_genes"",""signatures_plus_v4_compact_plus_hotspot_summary"",""signatures_plus_v4_full_core"",""signatures_plus_v4_full_core_plus_optional_controls""]",5 outer event-stratified folds; inner 60/20 event-stratified validation split
Supplementary,PFI survival,PFI,Signatures + Bio MAF v4,signatures_plus_MAF_stack,Cox PH,cox_ph,Harrell C-index,4,Signatures + Full core + optional burden/composition controls,signatures_plus_v4_full_core_plus_optional_controls,v4_full_core_plus_optional_controls,1130,948,Compact biological annotation core; external evidence-confidence controls; exact consensus driver-gene identity; cancer hotspot summaries; optional burden and event-composition controls,Yes,Yes,Yes,Yes,Yes,Yes,0.6334974082710064,0.6245348803841482,7,"[""signatures_only"",""signatures_plus_v4_compact_biology_only"",""signatures_plus_v4_compact_plus_driver_evidence_tiers"",""signatures_plus_v4_compact_plus_exact_driver_genes"",""signatures_plus_v4_compact_plus_hotspot_summary"",""signatures_plus_v4_full_core"",""signatures_plus_v4_full_core_plus_optional_controls""]",5 outer event-stratified folds; inner 60/20 event-stratified validation split
Supplementary,PFI survival,PFI,Signatures + Bio MAF v4,signatures_plus_MAF_stack,Cox PH,cox_ph,Harrell C-index,5,Signatures + Compact biology + exact driver genes,signatures_plus_v4_compact_plus_exact_driver_genes,v4_compact_plus_exact_driver_genes,1105,923,Compact biological annotation core; exact consensus driver-gene identity,Yes,Yes,No,Yes,No,No,0.6206489818408608,0.6034427149905033,7,"[""signatures_only"",""signatures_plus_v4_compact_biology_only"",""signatures_plus_v4_compact_plus_driver_evidence_tiers"",""signatures_plus_v4_compact_plus_exact_driver_genes"",""signatures_plus_v4_compact_plus_hotspot_summary"",""signatures_plus_v4_full_core"",""signatures_plus_v4_full_core_plus_optional_controls""]",5 outer event-stratified folds; inner 60/20 event-stratified validation split
